id,family,idiom,gold_key,pred,correct,lit_key,chose_literal,p_gold,p_literal,max_prob,conf_head,gold_pos,input_tokens,frequency,scape,hist_sig,relig_sig,n_words,p_A,p_B,p_C,p_D
15,D-rand,অকালবোধন,B,D,0,,0,0.17082983255386303,,0.529118239879608,0.399961620569229,1,193,common,country,1,1,1,0.130081817507743,0.17082983255386303,0.169970124959945,0.529118239879608
15,D-lit,অকালবোধন,B,D,0,D,1,0.028453897684812,0.9343546628952021,0.9343546628952021,0.8219468593597411,1,185,common,country,1,1,1,0.015951793640851,0.028453897684812,0.021239742636680003,0.9343546628952021
15,D-surf,অকালবোধন,B,B,1,,0,0.33206570148468,,0.33206570148468,0.19280473887920302,1,207,common,country,1,1,1,0.211772263050079,0.33206570148468,0.160520330071449,0.295641750097274
15,D-sem,অকালবোধন,D,A,0,,0,0.211801454424858,,0.412154823541641,0.217280015349388,3,196,common,country,1,1,1,0.412154823541641,0.12269081175327301,0.253352850675582,0.211801454424858
15,D-hard,অকালবোধন,A,C,0,C,1,0.029386360198259003,0.8958279490470881,0.8958279490470881,0.7894652485847471,0,227,common,country,1,1,1,0.029386360198259003,0.053355351090431005,0.8958279490470881,0.021430442109704
24,D-rand,অকূলে ডোবা,D,B,0,,0,0.30315667390823303,,0.320851981639862,0.182139083743095,3,180,very common,deep rural,0,0,2,0.197354957461357,0.320851981639862,0.178636416792869,0.30315667390823303
24,D-lit,অকূলে ডোবা,D,B,0,B,1,0.14517295360565102,0.6071003079414361,0.6071003079414361,0.47220689058303805,3,241,very common,deep rural,0,0,2,0.154678076505661,0.6071003079414361,0.093048639595508,0.14517295360565102
24,D-surf,অকূলে ডোবা,A,A,1,,0,0.30353268980979903,,0.30353268980979903,0.26660326123237604,0,232,very common,deep rural,0,0,2,0.30353268980979903,0.263852328062057,0.24487744271755202,0.18773750960826802
24,D-sem,অকূলে ডোবা,D,B,0,,0,0.29721969366073603,,0.30310359597206105,0.212133005261421,3,220,very common,deep rural,0,0,2,0.14555661380290902,0.30310359597206105,0.25412011146545405,0.29721969366073603
24,D-hard,অকূলে ডোবা,B,C,0,C,1,0.13608853518962802,0.655367791652679,0.655367791652679,0.533596813678741,1,229,very common,deep rural,0,0,2,0.128039062023162,0.13608853518962802,0.655367791652679,0.080504648387432
31,D-rand,অক্ষর পরিচয়,B,B,1,,0,0.43678036332130404,,0.43678036332130404,0.283554196357727,1,220,common,country,0,0,2,0.310860335826873,0.43678036332130404,0.13512909412384,0.11723028123378701
31,D-lit,অক্ষর পরিচয়,B,C,0,C,1,0.027093214914202003,0.9513689279556271,0.9513689279556271,0.8060412406921381,1,199,common,country,0,0,2,0.012284207157790002,0.027093214914202003,0.9513689279556271,0.009253649041056002
31,D-surf,অক্ষর পরিচয়,B,A,0,,0,0.24181856215000103,,0.5835388302803041,0.38444250822067205,1,207,common,country,0,0,2,0.5835388302803041,0.24181856215000103,0.10571438819169901,0.06892827153205801
31,D-sem,অক্ষর পরিচয়,A,A,1,,0,0.414521485567092,,0.414521485567092,0.27532592415809604,0,216,common,country,0,0,2,0.414521485567092,0.253270626068115,0.16400521993637002,0.16820263862609802
31,D-hard,অক্ষর পরিচয়,A,B,0,B,1,0.019495004788041,0.9172145128250121,0.9172145128250121,0.8067135214805601,0,217,common,country,0,0,2,0.019495004788041,0.9172145128250121,0.010980970226228001,0.052309576421976006
54,D-rand,অগ্নিদাতা,B,B,1,,0,0.34294861555099404,,0.34294861555099404,0.266741394996643,1,203,rare,country,0,1,1,0.294931590557098,0.34294861555099404,0.175573572516441,0.186546221375465
54,D-lit,অগ্নিদাতা,A,B,0,B,1,0.023456381633877,0.943167030811309,0.943167030811309,0.8223162889480591,0,212,rare,country,0,1,1,0.023456381633877,0.943167030811309,0.007579644210636001,0.025796892121434004
54,D-surf,অগ্নিদাতা,B,A,0,,0,0.23243533074855802,,0.428693711757659,0.39118722081184304,1,233,rare,country,0,1,1,0.428693711757659,0.23243533074855802,0.16740494966506902,0.17146603763103402
54,D-sem,অগ্নিদাতা,B,B,1,,0,0.370051980018615,,0.370051980018615,0.35852235555648804,1,330,rare,country,0,1,1,0.251296550035476,0.370051980018615,0.23637267947196902,0.14227879047393802
54,D-hard,অগ্নিদাতা,A,C,0,C,1,0.025005243718624,0.9111130833625791,0.9111130833625791,0.8339573144912721,0,206,rare,country,0,1,1,0.025005243718624,0.043988276273012,0.9111130833625791,0.019893398508429
83,D-rand,অঙ্কুরোদ্গম,D,B,0,,0,0.267719477415084,,0.27174982428550704,0.229473203420639,3,300,common,country,0,0,1,0.20457936823368,0.27174982428550704,0.25595128536224304,0.267719477415084
83,D-lit,অঙ্কুরোদ্গম,C,D,0,D,1,0.017959173768758,0.8449658751487731,0.8449658751487731,0.7455087304115291,2,246,common,country,0,0,1,0.09206236153841,0.045012675225734,0.017959173768758,0.8449658751487731
83,D-surf,অঙ্কুরোদ্গম,C,A,0,,0,0.24047736823558802,,0.35464510321617104,0.23009312152862502,2,169,common,country,0,0,1,0.35464510321617104,0.258805125951766,0.24047736823558802,0.14607246220111803
83,D-sem,অঙ্কুরোদ্গম,C,D,0,,0,0.24820530414581302,,0.426638185977935,0.271857291460037,2,174,common,country,0,0,1,0.212146297097206,0.11301022768020601,0.24820530414581302,0.426638185977935
83,D-hard,অঙ্কুরোদ্গম,D,C,0,C,1,0.025441197678446003,0.92646723985672,0.92646723985672,0.8174164295196531,3,267,common,country,0,0,1,0.029808733612298,0.018282828852534003,0.92646723985672,0.025441197678446003
106,D-rand,অজ্ঞাতকুলশীল,C,C,1,,0,0.40038803219795205,,0.40038803219795205,0.22651392221450803,2,268,common,country,0,0,1,0.17256738245487202,0.23119935393333402,0.40038803219795205,0.19584518671035703
106,D-lit,অজ্ঞাতকুলশীল,B,A,0,A,1,0.06601416319608601,0.8585548400878901,0.8585548400878901,0.718211352825164,1,264,common,country,0,0,1,0.8585548400878901,0.06601416319608601,0.038577146828174,0.036853834986686006
106,D-surf,অজ্ঞাতকুলশীল,A,A,1,,0,0.368284195661544,,0.368284195661544,0.21964210271835302,0,304,common,country,0,0,1,0.368284195661544,0.22441953420639002,0.132294759154319,0.275001585483551
106,D-sem,অজ্ঞাতকুলশীল,B,B,1,,0,0.44482085108757,,0.44482085108757,0.26771405339241,1,246,common,country,0,0,1,0.19639411568641602,0.44482085108757,0.168856307864189,0.189928725361824
106,D-hard,অজ্ঞাতকুলশীল,D,B,0,B,1,0.048834599554538005,0.91536271572113,0.91536271572113,0.8077176213264461,3,248,common,country,0,0,1,0.015294530428946001,0.91536271572113,0.020508188754320002,0.048834599554538005
133,D-rand,অনন্তবালা,B,D,0,,0,0.17438386380672402,,0.402758002281188,0.321505337953567,1,181,rare,country,0,0,1,0.227898821234703,0.17438386380672402,0.194959372282028,0.402758002281188
133,D-lit,অনন্তবালা,D,B,0,B,1,0.020586807280778,0.9128056168556211,0.9128056168556211,0.8179860711097711,3,221,rare,country,0,0,1,0.019148606806993002,0.9128056168556211,0.047458980232477,0.020586807280778
133,D-surf,অনন্তবালা,D,C,0,,0,0.21208336949348403,,0.38091674447059604,0.261228829622268,3,233,rare,country,0,0,1,0.201693937182426,0.20530596375465301,0.38091674447059604,0.21208336949348403
133,D-sem,অনন্তবালা,B,D,0,,0,0.25002035498619,,0.32141599059104903,0.240055963397026,1,240,rare,country,0,0,1,0.23604880273342102,0.25002035498619,0.19251479208469302,0.32141599059104903
133,D-hard,অনন্তবালা,B,D,0,D,1,0.019415248185396,0.944514989852905,0.944514989852905,0.8249125480651851,1,196,rare,country,0,0,1,0.019453596323728003,0.019415248185396,0.016616163775324003,0.944514989852905
144,D-rand,অনামুখো,A,A,1,,0,0.409548252820968,,0.409548252820968,0.314422667026519,0,249,common,deep rural,0,0,1,0.409548252820968,0.252919733524322,0.18626849353313402,0.15126344561576802
144,D-lit,অনামুখো,D,B,0,B,1,0.22109773755073503,0.537105917930603,0.537105917930603,0.40807470679283103,3,244,common,deep rural,0,0,1,0.13689097762107802,0.537105917930603,0.10490540415048501,0.22109773755073503
144,D-surf,অনামুখো,C,C,1,,0,0.43488994240760803,,0.43488994240760803,0.30955427885055503,2,341,common,deep rural,0,0,1,0.15109477937221502,0.25486269593238803,0.43488994240760803,0.159152537584304
144,D-sem,অনামুখো,C,C,1,,0,0.44055053591728205,,0.44055053591728205,0.31187197566032404,2,241,common,deep rural,0,0,1,0.147054478526115,0.17076538503170002,0.44055053591728205,0.241629600524902
144,D-hard,অনামুখো,B,D,0,D,1,0.255072832107543,0.591000437736511,0.591000437736511,0.44755473732948303,1,312,common,deep rural,0,0,1,0.07070419937372201,0.255072832107543,0.08322255313396401,0.591000437736511
146,D-rand,অনাহারী,A,B,0,,0,0.30558565258979803,,0.43000373244285506,0.252562791109085,0,190,common,city,0,0,1,0.30558565258979803,0.43000373244285506,0.087275676429271,0.177134945988655
146,D-lit,অনাহারী,B,C,0,C,1,0.04590435326099301,0.8098065853118891,0.8098065853118891,0.695328831672668,1,252,common,city,0,0,1,0.102424547076225,0.04590435326099301,0.8098065853118891,0.041864607483148006
146,D-surf,অনাহারী,B,D,0,,0,0.221324369311332,,0.338674396276474,0.23738583922386103,1,200,common,city,0,0,1,0.251777678728103,0.221324369311332,0.18822355568408902,0.338674396276474
146,D-sem,অনাহারী,B,C,0,,0,0.24245968461036602,,0.281958371400833,0.236646845936775,1,448,common,city,0,0,1,0.211940869688987,0.24245968461036602,0.281958371400833,0.263641059398651
146,D-hard,অনাহারী,C,D,0,D,1,0.031395655125379,0.8974668979644771,0.8974668979644771,0.7671966552734371,2,271,common,city,0,0,1,0.049193192273378004,0.021944224834442003,0.031395655125379,0.8974668979644771
191,D-rand,অন্নগত প্রাণ,B,B,1,,0,0.744364321231842,,0.744364321231842,0.5396568179130551,1,256,common,country,0,0,2,0.073313988745212,0.744364321231842,0.089106418192386,0.09321527183055801
191,D-lit,অন্নগত প্রাণ,B,A,0,A,1,0.223785892128944,0.739648342132568,0.739648342132568,0.466066598892211,1,297,common,country,0,0,2,0.739648342132568,0.223785892128944,0.018856035545468,0.017709637060761
191,D-surf,অন্নগত প্রাণ,B,B,1,,0,0.465779572725296,,0.465779572725296,0.266527503728866,1,279,common,country,0,0,2,0.080038577318191,0.465779572725296,0.323113054037094,0.131068795919418
191,D-sem,অন্নগত প্রাণ,D,D,1,,0,0.7406035661697381,,0.7406035661697381,0.592714428901672,3,281,common,country,0,0,2,0.077839575707912,0.091941386461257,0.089615449309349,0.7406035661697381
191,D-hard,অন্নগত প্রাণ,D,C,0,C,1,0.193930774927139,0.73024833202362,0.73024833202362,0.525934755802154,3,258,common,country,0,0,2,0.032576195895671005,0.04324464127421301,0.73024833202362,0.193930774927139
214,D-rand,অপোগণ্ড,A,A,1,,0,0.302221834659576,,0.302221834659576,0.267053842544555,0,214,common,country,0,0,1,0.302221834659576,0.20960098505020103,0.21552719175815502,0.27264997363090504
214,D-lit,অপোগণ্ড,B,C,0,C,1,0.065525375306606,0.763653993606567,0.763653993606567,0.5225064158439631,1,258,common,country,0,0,1,0.076289005577564,0.065525375306606,0.763653993606567,0.094531528651714
214,D-surf,অপোগণ্ড,C,B,0,,0,0.17267839610576602,,0.505647897720336,0.28651174902915905,2,211,common,country,0,0,1,0.16774274408817202,0.505647897720336,0.17267839610576602,0.15393093228340102
214,D-sem,অপোগণ্ড,B,A,0,,0,0.236920833587646,,0.381739735603332,0.288827747106552,1,223,common,country,0,0,1,0.381739735603332,0.236920833587646,0.21825361251831002,0.163085803389549
214,D-hard,অপোগণ্ড,A,B,0,B,1,0.070897154510021,0.8160815834999081,0.8160815834999081,0.6019319891929621,0,302,common,country,0,0,1,0.070897154510021,0.8160815834999081,0.059965599328279,0.053055644035339
228,D-rand,অমরকণ্টক কণ্ঠ হয়ে অমরনাথ যাত্রা,A,A,1,,0,0.48334315419197005,,0.48334315419197005,0.32401227951049805,0,247,rare,country,1,1,5,0.48334315419197005,0.18944147229194602,0.20912121236324302,0.11809408664703301
228,D-lit,অমরকণ্টক কণ্ঠ হয়ে অমরনাথ যাত্রা,D,A,0,A,1,0.006946309469640001,0.9808880090713501,0.9808880090713501,0.886268556118011,3,261,rare,country,1,1,5,0.9808880090713501,0.005909621715545,0.006256095133721,0.006946309469640001
228,D-surf,অমরকণ্টক কণ্ঠ হয়ে অমরনাথ যাত্রা,B,B,1,,0,0.316214203834533,,0.316214203834533,0.21776790916919703,1,265,rare,country,1,1,5,0.29969260096549905,0.316214203834533,0.231594830751419,0.152498364448547
228,D-sem,অমরকণ্টক কণ্ঠ হয়ে অমরনাথ যাত্রা,C,C,1,,0,0.314280748367309,,0.314280748367309,0.175658985972404,2,251,rare,country,1,1,5,0.120117038488388,0.274169325828552,0.314280748367309,0.291432857513427
228,D-hard,অমরকণ্টক কণ্ঠ হয়ে অমরনাথ যাত্রা,A,B,0,B,1,0.009496642276644,0.9814618229866021,0.9814618229866021,0.8362566828727721,0,254,rare,country,1,1,5,0.009496642276644,0.9814618229866021,0.003055550623685,0.0059860902838400004
229,D-rand,অমাবস্যার অন্ধকার,B,B,1,,0,0.47754108905792203,,0.47754108905792203,0.317175477743148,1,197,common,country,0,0,2,0.187173008918762,0.47754108905792203,0.188849687576293,0.146436214447021
229,D-lit,অমাবস্যার অন্ধকার,D,B,0,B,1,0.045219857245683004,0.89458167552948,0.89458167552948,0.798560559749603,3,253,common,country,0,0,2,0.03154532238841,0.89458167552948,0.028653172776103002,0.045219857245683004
229,D-surf,অমাবস্যার অন্ধকার,B,B,1,,0,0.38666957616806,,0.38666957616806,0.25619968771934504,1,226,common,country,0,0,2,0.129992961883544,0.38666957616806,0.301834166049957,0.18150331079959803
229,D-sem,অমাবস্যার অন্ধকার,A,C,0,,0,0.289973944425582,,0.291439652442932,0.201314002275466,0,187,common,country,0,0,2,0.289973944425582,0.19760766625404302,0.291439652442932,0.22097876667976302
229,D-hard,অমাবস্যার অন্ধকার,C,A,0,A,1,0.040882606059312,0.9066497087478631,0.9066497087478631,0.7745168209075921,2,183,common,country,0,0,2,0.9066497087478631,0.015521772205829001,0.040882606059312,0.036945894360542006
230,D-rand,অমাবস্যার চাঁদ,A,A,1,,0,0.311915576457977,,0.311915576457977,0.19761542975902502,0,289,common,country,0,0,2,0.311915576457977,0.200329706072807,0.253899246454238,0.23385544121265403
230,D-lit,অমাবস্যার চাঁদ,A,C,0,C,1,0.028680194169282,0.9435854554176331,0.9435854554176331,0.7900756597518921,0,277,common,country,0,0,2,0.028680194169282,0.016942733898758,0.9435854554176331,0.010791561566293
230,D-surf,অমাবস্যার চাঁদ,D,B,0,,0,0.278183877468109,,0.354454487562179,0.17906616628170002,3,197,common,country,0,0,2,0.128562241792678,0.354454487562179,0.23879936337471003,0.278183877468109
230,D-sem,অমাবস্যার চাঁদ,A,C,0,,0,0.296969324350357,,0.388464778661727,0.226890444755554,0,290,common,country,0,0,2,0.296969324350357,0.10044515877962101,0.388464778661727,0.214120715856552
230,D-hard,অমাবস্যার চাঁদ,C,D,0,D,1,0.026310779154300003,0.9279976487159721,0.9279976487159721,0.770457744598388,2,271,common,country,0,0,2,0.026207331568002003,0.019484184682369003,0.026310779154300003,0.9279976487159721
231,D-rand,অমৃতং বালভাষিতম,B,C,0,,0,0.315787583589553,,0.342315286397933,0.173968881368637,1,244,rare,country,0,1,2,0.147382318973541,0.315787583589553,0.342315286397933,0.19451481103897
231,D-lit,অমৃতং বালভাষিতম,A,B,0,B,1,0.129824608564376,0.758993327617645,0.758993327617645,0.5496835112571711,0,269,rare,country,0,1,2,0.129824608564376,0.758993327617645,0.038495607674121,0.07268644124269401
231,D-surf,অমৃতং বালভাষিতম,C,A,0,,0,0.057106379419565007,,0.88588798046112,0.6528747677803041,2,266,rare,country,0,1,2,0.88588798046112,0.034788686782121006,0.057106379419565007,0.022216940298676
231,D-sem,অমৃতং বালভাষিতম,B,B,1,,0,0.439871490001678,,0.439871490001678,0.295723587274551,1,238,rare,country,0,1,2,0.17147564888000402,0.439871490001678,0.200229868292808,0.188422933220863
231,D-hard,অমৃতং বালভাষিতম,C,A,0,B,0,0.042525589466094006,0.27952733635902405,0.6597383618354791,0.456949114799499,2,262,rare,country,0,1,2,0.6597383618354791,0.27952733635902405,0.042525589466094006,0.018208734691143
242,D-rand,অরুচি ধরা,B,A,0,,0,0.23026692867279003,,0.29964715242385803,0.27326041460037204,1,358,common,country,0,0,2,0.29964715242385803,0.23026692867279003,0.23346123099327,0.236624673008918
242,D-lit,অরুচি ধরা,D,B,0,B,1,0.005773596931248,0.9795767068862911,0.9795767068862911,0.9047278761863701,3,268,common,country,0,0,2,0.009855780750513,0.9795767068862911,0.004793919157236,0.005773596931248
242,D-surf,অরুচি ধরা,C,D,0,,0,0.259960889816284,,0.48735338449478105,0.32342579960823004,2,171,common,country,0,0,2,0.17421257495880102,0.07847311347723,0.259960889816284,0.48735338449478105
242,D-sem,অরুচি ধরা,A,A,1,,0,0.345137894153594,,0.345137894153594,0.232265591621398,0,263,common,country,0,0,2,0.345137894153594,0.24273213744163502,0.190347000956535,0.22178296744823403
242,D-hard,অরুচি ধরা,D,B,0,B,1,0.005704852752387001,0.967938721179962,0.967938721179962,0.874091506004333,3,267,common,country,0,0,2,0.021049646660685,0.967938721179962,0.0053067347034810005,0.005704852752387001
246,D-rand,অর্থদণ্ড,B,B,1,,0,0.6203210949897761,,0.6203210949897761,0.382103592157363,1,316,common,country,0,0,1,0.158553048968315,0.6203210949897761,0.119293123483657,0.10183276236057201
246,D-lit,অর্থদণ্ড,A,D,0,D,1,0.12314523756504,0.815944910049438,0.815944910049438,0.6983981728553771,0,262,common,country,0,0,1,0.12314523756504,0.032067567110061,0.028842264786362003,0.815944910049438
246,D-surf,অর্থদণ্ড,B,B,1,,0,0.470383822917938,,0.470383822917938,0.30152651667594904,1,290,common,country,0,0,1,0.233576506376266,0.470383822917938,0.11202372610569,0.184015944600105
246,D-sem,অর্থদণ্ড,B,B,1,,0,0.598479568958282,,0.598479568958282,0.375204920768737,1,225,common,country,0,0,1,0.18846705555915802,0.598479568958282,0.089055463671684,0.12399793416261601
246,D-hard,অর্থদণ্ড,B,A,0,A,1,0.101483754813671,0.8266575336456291,0.8266575336456291,0.736426711082458,1,240,common,country,0,0,1,0.8266575336456291,0.101483754813671,0.033051669597625004,0.038806993514299004
249,D-rand,অর্থমনর্থম্,D,D,1,,0,0.540443181991577,,0.540443181991577,0.280607163906097,3,195,common,country,0,0,1,0.14555944502353602,0.18741078674793202,0.126586586236953,0.540443181991577
249,D-lit,অর্থমনর্থম্,B,C,0,C,1,0.25501480698585505,0.5028364658355711,0.5028364658355711,0.29448130726814203,1,222,common,country,0,0,1,0.12590667605400002,0.25501480698585505,0.5028364658355711,0.116242036223411
249,D-surf,অর্থমনর্থম্,B,B,1,,0,0.438489973545074,,0.438489973545074,0.25006413459777804,1,250,common,country,0,0,1,0.189978748559951,0.438489973545074,0.23420241475105202,0.137328922748565
249,D-sem,অর্থমনর্থম্,B,B,1,,0,0.42749583721160805,,0.42749583721160805,0.20201477408409102,1,149,common,country,0,0,1,0.12573881447315202,0.42749583721160805,0.33514875173568703,0.111616574227809
249,D-hard,অর্থমনর্থম্,C,B,0,B,1,0.18472446501255002,0.709460318088531,0.709460318088531,0.408309519290924,2,218,common,country,0,0,1,0.070071756839752,0.709460318088531,0.18472446501255002,0.035743407905101006
269,D-rand,অশনিসঙ্কেত,A,A,1,,0,0.31309002637863104,,0.31309002637863104,0.18217751383781403,0,174,common,country,0,0,1,0.31309002637863104,0.278049826622009,0.20416887104511203,0.20469130575656802
269,D-lit,অশনিসঙ্কেত,A,B,0,B,1,0.269106209278106,0.36351898312568603,0.36351898312568603,0.21539127826690602,0,222,common,country,0,0,1,0.269106209278106,0.36351898312568603,0.16113591194152802,0.20623880624771102
269,D-surf,অশনিসঙ্কেত,C,A,0,,0,0.31148353219032204,,0.31865674257278404,0.20052152872085502,2,264,common,country,0,0,1,0.31865674257278404,0.237243428826332,0.31148353219032204,0.132616311311721
269,D-sem,অশনিসঙ্কেত,D,B,0,,0,0.240811228752136,,0.33965831995010304,0.259686410427093,3,217,common,country,0,0,1,0.27178043127059903,0.33965831995010304,0.147749975323677,0.240811228752136
269,D-hard,অশনিসঙ্কেত,C,D,0,D,1,0.28695291280746404,0.327160477638244,0.327160477638244,0.2063480168581,2,172,common,country,0,0,1,0.17511013150215102,0.210776433348655,0.28695291280746404,0.327160477638244
272,D-rand,অশ্বডিম্ব,D,B,0,,0,0.28289183974266,,0.39178591966629,0.22525754570960901,3,207,common,country,0,0,1,0.15476031601428902,0.39178591966629,0.170561894774436,0.28289183974266
272,D-lit,অশ্বডিম্ব,C,B,0,B,1,0.096313796937465,0.73581862449646,0.73581862449646,0.538160622119903,2,224,common,country,0,0,1,0.07757493853569,0.73581862449646,0.096313796937465,0.09029260277748101
272,D-surf,অশ্বডিম্ব,D,B,0,,0,0.274177581071853,,0.33125758171081504,0.217231541872024,3,227,common,country,0,0,1,0.221037819981575,0.33125758171081504,0.173527002334594,0.274177581071853
272,D-sem,অশ্বডিম্ব,C,C,1,,0,0.32205402851104703,,0.32205402851104703,0.201042011380195,2,241,common,country,0,0,1,0.24005252122879,0.20875407755374903,0.32205402851104703,0.22913935780525202
272,D-hard,অশ্বডিম্ব,D,B,0,B,1,0.10391587018966601,0.7418106198310851,0.7418106198310851,0.60530662536621,3,197,common,country,0,0,1,0.09388611465692501,0.7418106198310851,0.060387317091226,0.10391587018966601
275,D-rand,অশ্বমেধযজ্ঞ,A,B,0,,0,0.23571655154228202,,0.36598405241966203,0.196996957063674,0,214,rare,country,1,1,1,0.23571655154228202,0.36598405241966203,0.278499037027359,0.11980041116476
275,D-lit,অশ্বমেধযজ্ঞ,B,A,0,A,1,0.006211081519722,0.9857235550880431,0.9857235550880431,0.8469485640525811,1,244,rare,country,1,1,1,0.9857235550880431,0.006211081519722,0.0038890517316750002,0.004176389891654001
275,D-surf,অশ্বমেধযজ্ঞ,C,A,0,,0,0.20595361292362202,,0.42906892299652105,0.261380076408386,2,260,rare,country,1,1,1,0.42906892299652105,0.182445734739303,0.20595361292362202,0.182531714439392
275,D-sem,অশ্বমেধযজ্ঞ,A,D,0,,0,0.20417597889900202,,0.358587056398391,0.21248105168342502,0,306,rare,country,1,1,1,0.20417597889900202,0.265702635049819,0.171534284949302,0.358587056398391
275,D-hard,অশ্বমেধযজ্ঞ,C,B,0,B,1,0.005562060046941,0.9719601273536681,0.9719601273536681,0.8504014015197751,2,233,rare,country,1,1,1,0.010085275396704,0.9719601273536681,0.005562060046941,0.012392560951411
299,D-rand,আইবুড়ো পথ বদলানো,D,D,1,,0,0.882320940494537,,0.882320940494537,0.70009160041809,3,258,common,deep rural,0,0,3,0.06124932691454801,0.039115820080041004,0.017313949763774,0.882320940494537
299,D-lit,আইবুড়ো পথ বদলানো,D,A,0,A,1,0.46621826291084206,0.49323463439941406,0.49323463439941406,0.35698360204696605,3,262,common,deep rural,0,0,3,0.49323463439941406,0.020164478570222,0.0203826893121,0.46621826291084206
299,D-surf,আইবুড়ো পথ বদলানো,C,C,1,,0,0.7580990195274351,,0.7580990195274351,0.622152209281921,2,274,common,deep rural,0,0,3,0.027324233204126,0.06596041470766001,0.7580990195274351,0.148616418242454
299,D-sem,আইবুড়ো পথ বদলানো,D,D,1,,0,0.863205254077911,,0.863205254077911,0.692184686660766,3,246,common,deep rural,0,0,3,0.024210205301642,0.033181853592395005,0.07940269261598501,0.863205254077911
299,D-hard,আইবুড়ো পথ বদলানো,D,B,0,B,1,0.43946301937103205,0.48456186056137,0.48456186056137,0.385171473026275,3,271,common,deep rural,0,0,3,0.036639086902141,0.48456186056137,0.03933610022068,0.43946301937103205
305,D-rand,আঁচলে গেরো,C,C,1,,0,0.641783952713012,,0.641783952713012,0.44647538661956704,2,227,rare,deep rural,0,0,2,0.12390311807394001,0.11027527600526801,0.641783952713012,0.124037563800811
305,D-lit,আঁচলে গেরো,B,B,1,A,0,0.478004813194274,0.42574229836463906,0.478004813194274,0.297142088413238,1,200,rare,deep rural,0,0,2,0.42574229836463906,0.478004813194274,0.057571679353713004,0.038681097328662005
305,D-surf,আঁচলে গেরো,D,D,1,,0,0.670900285243988,,0.670900285243988,0.548962712287902,3,338,rare,deep rural,0,0,2,0.065220527350902,0.16781219840049702,0.09606700390577301,0.670900285243988
305,D-sem,আঁচলে গেরো,A,A,1,,0,0.616615116596221,,0.616615116596221,0.44568035006523105,0,418,rare,deep rural,0,0,2,0.616615116596221,0.210763946175575,0.079642444849014,0.09297852963209101
305,D-hard,আঁচলে গেরো,D,A,0,A,1,0.45327213406562805,0.455338597297668,0.455338597297668,0.24474127590656203,3,231,rare,deep rural,0,0,2,0.455338597297668,0.042644664645195,0.048744685947895,0.45327213406562805
319,D-rand,আঁত পাওয়া ভার,A,B,0,,0,0.160524904727935,,0.532115459442138,0.33563756942749,0,210,common,deep rural,0,0,3,0.160524904727935,0.532115459442138,0.15138602256774902,0.15597359836101501
319,D-lit,আঁত পাওয়া ভার,D,A,0,A,1,0.017933119088411,0.9511781930923461,0.9511781930923461,0.7737632989883421,3,231,common,deep rural,0,0,3,0.9511781930923461,0.018444910645484,0.012443738058209001,0.017933119088411
319,D-surf,আঁত পাওয়া ভার,A,C,0,,0,0.097122132778167,,0.46582984924316406,0.292205363512039,0,255,common,deep rural,0,0,3,0.097122132778167,0.250062197446823,0.46582984924316406,0.186985775828361
319,D-sem,আঁত পাওয়া ভার,D,C,0,,0,0.17065292596817,,0.347826659679412,0.183217614889144,3,274,common,deep rural,0,0,3,0.27847173810005105,0.20304870605468703,0.347826659679412,0.17065292596817
319,D-hard,আঁত পাওয়া ভার,D,A,0,A,1,0.017312340438365003,0.918217599391937,0.918217599391937,0.7872202396392821,3,312,common,deep rural,0,0,3,0.918217599391937,0.028300264850258,0.036169916391372,0.017312340438365003
336,D-rand,আককুটে,A,C,0,,0,0.27239087224006603,,0.31471681594848605,0.288424253463745,0,262,common,country,0,0,1,0.27239087224006603,0.20670145750045701,0.31471681594848605,0.20619088411331102
336,D-lit,আককুটে,B,A,0,A,1,0.11749824881553601,0.6342924237251281,0.6342924237251281,0.48305219411849903,1,351,common,country,0,0,1,0.6342924237251281,0.11749824881553601,0.097744889557361,0.15046443045139302
336,D-surf,আককুটে,C,A,0,,0,0.272611916065216,,0.31815305352211,0.24948500096797901,2,200,common,country,0,0,1,0.31815305352211,0.138784602284431,0.272611916065216,0.270450383424758
336,D-sem,আককুটে,C,A,0,,0,0.332029312849044,,0.374871879816055,0.22259262204170202,2,171,common,country,0,0,1,0.374871879816055,0.198770523071289,0.332029312849044,0.094328291714191
336,D-hard,আককুটে,A,C,0,C,1,0.140976443886756,0.6370579600334161,0.6370579600334161,0.444780945777893,0,322,common,country,0,0,1,0.140976443886756,0.10104942321777301,0.6370579600334161,0.12091616541147202
365,D-rand,আকাশপাতাল এক করা,D,D,1,,0,0.36453166604042003,,0.36453166604042003,0.183624923229217,3,249,common,country,0,0,3,0.12572151422500602,0.27001735568046503,0.23972944915294603,0.36453166604042003
365,D-lit,আকাশপাতাল এক করা,D,B,0,B,1,0.007474346086382,0.975146353244781,0.975146353244781,0.884304702281951,3,229,common,country,0,0,3,0.010794091969728001,0.975146353244781,0.006585197988897001,0.007474346086382
365,D-surf,আকাশপাতাল এক করা,A,B,0,,0,0.169524878263473,,0.5558593869209291,0.426027864217758,0,352,common,country,0,0,3,0.169524878263473,0.5558593869209291,0.160818576812744,0.11379711329936901
365,D-sem,আকাশপাতাল এক করা,B,A,0,,0,0.21391537785530002,,0.361216723918914,0.313871562480926,1,227,common,country,0,0,3,0.361216723918914,0.21391537785530002,0.22151391208171803,0.20335403084754902
365,D-hard,আকাশপাতাল এক করা,C,B,0,B,1,0.007957798428833,0.9817320704460141,0.9817320704460141,0.8632797002792351,2,176,common,country,0,0,3,0.005400927737355001,0.9817320704460141,0.007957798428833,0.004909191280603
379,D-rand,আকাশ হাতে পাওয়া,D,D,1,,0,0.8634482622146601,,0.8634482622146601,0.7629239559173581,3,290,common,country,0,0,3,0.05879959464073101,0.044415649026632004,0.033336423337459,0.8634482622146601
379,D-lit,আকাশ হাতে পাওয়া,D,B,0,B,1,0.290116757154464,0.6299387216567991,0.6299387216567991,0.5785808563232421,3,302,common,country,0,0,3,0.013442614115774002,0.6299387216567991,0.066501885652542,0.290116757154464
379,D-surf,আকাশ হাতে পাওয়া,C,C,1,,0,0.8034231662750241,,0.8034231662750241,0.7461196780204771,2,312,common,country,0,0,3,0.054366882890462,0.025360524654388,0.8034231662750241,0.11684944480657501
379,D-sem,আকাশ হাতে পাওয়া,C,C,1,,0,0.869836091995239,,0.869836091995239,0.7727305293083191,2,315,common,country,0,0,3,0.048787984997034003,0.048804946243762005,0.869836091995239,0.032570965588092006
379,D-hard,আকাশ হাতে পাওয়া,D,B,0,B,1,0.30515044927597,0.6626178622245781,0.6626178622245781,0.594869554042816,3,273,common,country,0,0,3,0.018778879195451,0.6626178622245781,0.013452869839966,0.30515044927597
397,D-rand,আখেরে লাভ,C,C,1,,0,0.8579967617988581,,0.8579967617988581,0.7074669003486631,2,257,common,country,0,0,2,0.043611634522676,0.044708400964736,0.8579967617988581,0.053683158010244
397,D-lit,আখেরে লাভ,A,A,1,D,0,0.567674338817596,0.387333005666732,0.567674338817596,0.42764982581138605,0,214,common,country,0,0,2,0.567674338817596,0.029581015929579003,0.015411641448736002,0.387333005666732
397,D-surf,আখেরে লাভ,A,A,1,,0,0.8922597765922541,,0.8922597765922541,0.70268577337265,0,225,common,country,0,0,2,0.8922597765922541,0.026347361505031003,0.04507395997643401,0.036318916827440005
397,D-sem,আখেরে লাভ,B,B,1,,0,0.7829368710517881,,0.7829368710517881,0.7268483638763421,1,295,common,country,0,0,2,0.095806449651718,0.7829368710517881,0.087998457252979,0.033258251845836
397,D-hard,আখেরে লাভ,D,D,1,A,0,0.5040592551231381,0.41749858856201105,0.5040592551231381,0.43324318528175304,3,254,common,country,0,0,2,0.41749858856201105,0.045454129576683,0.03298807516694,0.5040592551231381
418,D-rand,আঙুল কামড়ানো,C,A,0,,0,0.21665810048580103,,0.41404885053634605,0.23656441271305,2,246,common,country,0,0,2,0.41404885053634605,0.270367413759231,0.21665810048580103,0.09892560541629701
418,D-lit,আঙুল কামড়ানো,A,C,0,C,1,0.025428332388401,0.910180330276489,0.910180330276489,0.812657058238983,0,216,common,country,0,0,2,0.025428332388401,0.033380534499883,0.910180330276489,0.031010834500193003
418,D-surf,আঙুল কামড়ানো,C,A,0,,0,0.20895797014236403,,0.44284465909004206,0.29579535126686,2,190,common,country,0,0,2,0.44284465909004206,0.152622520923614,0.20895797014236403,0.19557490944862302
418,D-sem,আঙুল কামড়ানো,C,B,0,,0,0.214343443512916,,0.37184840440750105,0.197844475507736,2,238,common,country,0,0,2,0.304797947406768,0.37184840440750105,0.214343443512916,0.10901016741991001
418,D-hard,আঙুল কামড়ানো,C,D,0,D,1,0.013825591653585,0.940526247024536,0.940526247024536,0.8334835767745971,2,224,common,country,0,0,2,0.029311101883649004,0.016337046399712,0.013825591653585,0.940526247024536
424,D-rand,আচাভুয়া-বোম্বাচাক,A,A,1,,0,0.35131439566612205,,0.35131439566612205,0.207436874508857,0,322,rare,deep rural,1,1,2,0.35131439566612205,0.199783772230148,0.27568817138671803,0.17321366071701003
424,D-lit,আচাভুয়া-বোম্বাচাক,B,A,0,A,1,0.024322964251041003,0.9366917014122,0.9366917014122,0.807749569416046,1,249,rare,deep rural,1,1,2,0.9366917014122,0.024322964251041003,0.018250102177262,0.020735252648591003
424,D-surf,আচাভুয়া-বোম্বাচাক,A,C,0,,0,0.27697741985321,,0.440816432237625,0.27163326740264804,0,196,rare,deep rural,1,1,2,0.27697741985321,0.11956905573606401,0.440816432237625,0.162636995315551
424,D-sem,আচাভুয়া-বোম্বাচাক,D,A,0,,0,0.23929250240325903,,0.28347274661064104,0.177161484956741,3,246,rare,deep rural,1,1,2,0.28347274661064104,0.22503118216991402,0.252203613519668,0.23929250240325903
424,D-hard,আচাভুয়া-বোম্বাচাক,B,A,0,A,1,0.024217419326305,0.9326546192169191,0.9326546192169191,0.8040172457695001,1,309,rare,deep rural,1,1,2,0.9326546192169191,0.024217419326305,0.022820878773927,0.020307017490267
431,D-rand,আজকালের মধ্যে,C,C,1,,0,0.46094858646392806,,0.46094858646392806,0.21271237730979903,2,224,common,country,0,0,2,0.08778674900531701,0.260645240545272,0.46094858646392806,0.190619453787803
431,D-lit,আজকালের মধ্যে,B,C,0,C,1,0.18868218362331302,0.6576045155525201,0.6576045155525201,0.351640135049819,1,272,common,country,0,0,2,0.079800933599472,0.18868218362331302,0.6576045155525201,0.07391234487295101
431,D-surf,আজকালের মধ্যে,C,A,0,,0,0.38881501555442805,,0.408304154872894,0.17091828584671,2,204,common,country,0,0,2,0.408304154872894,0.099501520395278,0.38881501555442805,0.103379301726818
431,D-sem,আজকালের মধ্যে,C,D,0,,0,0.064530447125434,,0.8500483036041261,0.606475353240966,2,164,common,country,0,0,2,0.064139649271965,0.021281581372022,0.064530447125434,0.8500483036041261
431,D-hard,আজকালের মধ্যে,A,B,0,B,1,0.181599467992782,0.5850701928138731,0.5850701928138731,0.362457066774368,0,238,common,country,0,0,2,0.181599467992782,0.5850701928138731,0.055654227733612005,0.177676111459732
434,D-rand,আজ গেলে দুদিন হবে,C,D,0,,0,0.33309298753738403,,0.474130392074584,0.22921852767467502,2,191,common,country,0,0,4,0.012737692333757001,0.180038914084434,0.33309298753738403,0.474130392074584
434,D-lit,আজ গেলে দুদিন হবে,B,D,0,D,1,0.141050055623054,0.732865214347839,0.732865214347839,0.46639528870582503,1,227,common,country,0,0,4,0.069806516170501,0.141050055623054,0.056278180330991,0.732865214347839
434,D-surf,আজ গেলে দুদিন হবে,C,A,0,,0,0.25089228153228704,,0.356679320335388,0.173329904675483,2,223,common,country,0,0,4,0.356679320335388,0.17608745396137201,0.25089228153228704,0.216341018676757
434,D-sem,আজ গেলে দুদিন হবে,D,C,0,,0,0.22294850647449402,,0.41795644164085305,0.23731602728366802,3,257,common,country,0,0,4,0.15046088397502902,0.20863416790962203,0.41795644164085305,0.22294850647449402
434,D-hard,আজ গেলে দুদিন হবে,B,D,0,A,0,0.048245072364807004,0.256155967712402,0.655023217201232,0.41484683752059903,1,240,common,country,0,0,4,0.256155967712402,0.048245072364807004,0.040575798600912004,0.655023217201232
473,D-rand,আড়মোড়া ভাঙা,B,B,1,,0,0.77492755651474,,0.77492755651474,0.597139656543731,1,220,very common,country,0,0,2,0.07843964546918801,0.77492755651474,0.10957314074039401,0.037059679627418005
473,D-lit,আড়মোড়া ভাঙা,A,D,0,D,1,0.16972666978836,0.7953222393989561,0.7953222393989561,0.6640967130661011,0,216,very common,country,0,0,2,0.16972666978836,0.016161417588591,0.018789747729897003,0.7953222393989561
473,D-surf,আড়মোড়া ভাঙা,D,D,1,,0,0.725709795951843,,0.725709795951843,0.598755002021789,3,223,very common,country,0,0,2,0.12842729687690702,0.08976367115974401,0.056099236011505,0.725709795951843
473,D-sem,আড়মোড়া ভাঙা,D,D,1,,0,0.8080205917358391,,0.8080205917358391,0.6311983466148371,3,211,very common,country,0,0,2,0.05448498204350401,0.050268959254026004,0.08722551167011201,0.8080205917358391
473,D-hard,আড়মোড়া ভাঙা,D,B,0,B,1,0.163799658417701,0.7968707084655761,0.7968707084655761,0.7252346873283381,3,271,very common,country,0,0,2,0.018324615433812003,0.7968707084655761,0.021004941314458,0.163799658417701
474,D-rand,আড় হওয়া,D,A,0,,0,0.218576416373252,,0.37243518233299205,0.23628683388233102,3,212,common,country,0,0,2,0.37243518233299205,0.20582589507102902,0.20316250622272403,0.218576416373252
474,D-lit,আড় হওয়া,A,C,0,D,0,0.281804412603378,0.250171661376953,0.289830595254898,0.194223970174789,0,205,common,country,0,0,2,0.281804412603378,0.17819333076477,0.289830595254898,0.250171661376953
474,D-surf,আড় হওয়া,D,A,0,,0,0.135330602526664,,0.46536138653755105,0.26563781499862604,3,209,common,country,0,0,2,0.46536138653755105,0.276985615491867,0.12232244014739901,0.135330602526664
474,D-sem,আড় হওয়া,D,A,0,,0,0.207531824707984,,0.37008318305015503,0.281158089637756,3,263,common,country,0,0,2,0.37008318305015503,0.175289332866668,0.247095689177513,0.207531824707984
474,D-hard,আড় হওয়া,D,A,0,B,0,0.163399443030357,0.21102027595043102,0.357371717691421,0.24538038671016602,3,177,common,country,0,0,2,0.357371717691421,0.21102027595043102,0.268208622932434,0.163399443030357
481,D-rand,আড়িপাতা,A,A,1,,0,0.565470397472381,,0.565470397472381,0.32923656702041604,0,201,common,country,0,0,1,0.565470397472381,0.246701881289482,0.09111206978559401,0.09671564400196
481,D-lit,আড়িপাতা,C,C,1,D,0,0.444704264402389,0.284119606018066,0.444704264402389,0.34063047170639005,2,238,common,country,0,0,1,0.10818595439195601,0.162990227341651,0.444704264402389,0.284119606018066
481,D-surf,আড়িপাতা,B,B,1,,0,0.634417653083801,,0.634417653083801,0.42489522695541304,1,196,common,country,0,0,1,0.131754487752914,0.634417653083801,0.132580056786537,0.10124774277210201
481,D-sem,আড়িপাতা,D,D,1,,0,0.5684022903442381,,0.5684022903442381,0.39407235383987405,3,224,common,country,0,0,1,0.212812736630439,0.113797523081302,0.10498743504285801,0.5684022903442381
481,D-hard,আড়িপাতা,B,B,1,A,0,0.44658866524696306,0.24071873724460602,0.44658866524696306,0.310184866189956,1,250,common,country,0,0,1,0.24071873724460602,0.44658866524696306,0.143714904785156,0.168977722525596
503,D-rand,আদমের সময়,B,B,1,,0,0.344852805137634,,0.344852805137634,0.20557545125484403,1,243,common,country,1,1,2,0.22585728764533902,0.344852805137634,0.20469802618026703,0.224591881036758
503,D-lit,আদমের সময়,A,B,0,B,1,0.024216480553150004,0.954786360263824,0.954786360263824,0.763901889324188,0,159,common,country,1,1,2,0.024216480553150004,0.954786360263824,0.010657315142452,0.010339820757508
503,D-surf,আদমের সময়,C,D,0,,0,0.28317284584045405,,0.38224542140960605,0.156061217188835,2,160,common,country,1,1,2,0.113392822444438,0.22118890285491902,0.28317284584045405,0.38224542140960605
503,D-sem,আদমের সময়,C,B,0,,0,0.16198532283306102,,0.47557088732719405,0.279878884553909,2,230,common,country,1,1,2,0.22950279712677002,0.47557088732719405,0.16198532283306102,0.13294093310832902
503,D-hard,আদমের সময়,A,D,0,D,1,0.016988661140203,0.914475083351135,0.914475083351135,0.753711104393005,0,211,common,country,1,1,2,0.016988661140203,0.049747545272111005,0.018788730725646,0.914475083351135
512,D-rand,আদার ব্যাপারী,B,B,1,,0,0.505845665931701,,0.505845665931701,0.38572293519973705,1,278,very common,country,0,0,2,0.232887044548988,0.505845665931701,0.1341233253479,0.127143964171409
512,D-lit,আদার ব্যাপারী,C,B,0,B,1,0.26365581154823303,0.41839942336082403,0.41839942336082403,0.27803486585617004,2,268,very common,country,0,0,2,0.18957109749317103,0.41839942336082403,0.26365581154823303,0.128373652696609
512,D-surf,আদার ব্যাপারী,B,B,1,,0,0.35875141620635903,,0.35875141620635903,0.265824437141418,1,286,very common,country,0,0,2,0.28203582763671803,0.35875141620635903,0.16420266032218903,0.19501012563705403
512,D-sem,আদার ব্যাপারী,D,C,0,,0,0.261405229568481,,0.454141318798065,0.318070262670516,3,283,very common,country,0,0,2,0.16389277577400202,0.120560638606548,0.454141318798065,0.261405229568481
512,D-hard,আদার ব্যাপারী,C,B,0,B,1,0.299203604459762,0.474861562252044,0.474861562252044,0.34051299095153803,2,242,very common,country,0,0,2,0.16544635593891102,0.474861562252044,0.299203604459762,0.060488574206829
517,D-rand,আদরু-পেঁদরু,C,A,0,,0,0.261683702468872,,0.26424819231033303,0.18416959047317502,2,191,rare,city,0,0,2,0.26424819231033303,0.257253021001815,0.261683702468872,0.21681506931781702
517,D-lit,আদরু-পেঁদরু,A,B,0,B,1,0.07462254166603001,0.8212622404098511,0.8212622404098511,0.6822127103805541,0,262,rare,city,0,0,2,0.07462254166603001,0.8212622404098511,0.060748465359210004,0.043366853147745
517,D-surf,আদরু-পেঁদরু,D,A,0,,0,0.17747516930103302,,0.34669378399848905,0.18239882588386502,3,232,rare,city,0,0,2,0.34669378399848905,0.23270171880722001,0.24312932789325703,0.17747516930103302
517,D-sem,আদরু-পেঁদরু,C,D,0,,0,0.14383432269096302,,0.41290724277496305,0.311793774366378,2,405,rare,city,0,0,2,0.27318412065505904,0.170074358582496,0.14383432269096302,0.41290724277496305
517,D-hard,আদরু-পেঁদরু,C,D,0,D,1,0.0432940274477,0.827363669872283,0.827363669872283,0.692141234874725,2,315,rare,city,0,0,2,0.082480229437351,0.04686214402318,0.0432940274477,0.827363669872283
522,D-rand,আধকামারিয়া,D,A,0,,0,0.178709402680397,,0.399302452802658,0.291269034147262,3,175,common,country,0,0,1,0.399302452802658,0.19218041002750302,0.22980779409408503,0.178709402680397
522,D-lit,আধকামারিয়া,C,B,0,B,1,0.046501789242029,0.7979194521903991,0.7979194521903991,0.571513652801513,2,245,common,country,0,0,1,0.077111296355724,0.7979194521903991,0.046501789242029,0.07846739143133101
522,D-surf,আধকামারিয়া,B,C,0,,0,0.150117829442024,,0.41860845685005105,0.27646753191947904,1,247,common,country,0,0,1,0.146926164627075,0.150117829442024,0.41860845685005105,0.284347534179687
522,D-sem,আধকামারিয়া,B,C,0,,0,0.201382398605346,,0.403784543275833,0.256703853607177,1,201,common,country,0,0,1,0.23525741696357702,0.201382398605346,0.403784543275833,0.15957561135292
522,D-hard,আধকামারিয়া,B,C,0,C,1,0.058651652187108,0.8398802280426021,0.8398802280426021,0.6669296622276301,1,266,common,country,0,0,1,0.051972210407257004,0.058651652187108,0.8398802280426021,0.04949587956070901
528,D-rand,আধো আধো,A,C,0,,0,0.36485043168067904,,0.40215942263603205,0.21643063426017703,0,223,common,country,0,0,2,0.36485043168067904,0.120051488280296,0.40215942263603205,0.11293860524892801
528,D-lit,আধো আধো,A,B,0,B,1,0.350586712360382,0.37305945158004705,0.37305945158004705,0.16170181334018702,0,184,common,country,0,0,2,0.350586712360382,0.37305945158004705,0.121914878487586,0.154439002275466
528,D-surf,আধো আধো,D,C,0,,0,0.32890972495079,,0.37274050712585405,0.19264365732669803,3,179,common,country,0,0,2,0.155765891075134,0.14258384704589802,0.37274050712585405,0.32890972495079
528,D-sem,আধো আধো,D,D,1,,0,0.392544269561767,,0.392544269561767,0.20953311026096302,3,217,common,country,0,0,2,0.28828072547912603,0.137433171272277,0.181741833686828,0.392544269561767
528,D-hard,আধো আধো,C,A,0,A,1,0.280586868524551,0.369573146104812,0.369573146104812,0.195087626576423,2,206,common,country,0,0,2,0.369573146104812,0.240862607955932,0.280586868524551,0.10897732526063901
531,D-rand,আনকোরা,C,B,0,,0,0.19912151992321,,0.34613424539566,0.184411942958831,2,197,common,country,0,0,1,0.33315417170524503,0.34613424539566,0.19912151992321,0.12159006297588301
531,D-lit,আনকোরা,A,D,0,D,1,0.092474110424518,0.510930240154266,0.510930240154266,0.292750835418701,0,182,common,country,0,0,1,0.092474110424518,0.123655773699283,0.27293989062309204,0.510930240154266
531,D-surf,আনকোরা,D,A,0,,0,0.162530779838562,,0.40087226033210704,0.23739908635616302,3,234,common,country,0,0,1,0.40087226033210704,0.22232605516910503,0.21427085995674103,0.162530779838562
531,D-sem,আনকোরা,B,D,0,,0,0.22835071384906702,,0.300673812627792,0.20077389478683402,1,212,common,country,0,0,1,0.195849135518074,0.22835071384906702,0.27512633800506503,0.300673812627792
531,D-hard,আনকোরা,C,B,0,B,1,0.12231453508138601,0.563720762729644,0.563720762729644,0.327994018793106,2,222,common,country,0,0,1,0.149626046419143,0.563720762729644,0.12231453508138601,0.16433867812156602
542,D-rand,আপ-খোরাকি,D,D,1,,0,0.437777012586593,,0.437777012586593,0.23898246884346003,3,220,common,country,0,0,2,0.20398022234439803,0.18024614453315702,0.17799662053585003,0.437777012586593
542,D-lit,আপ-খোরাকি,D,A,0,A,1,0.26411044597625705,0.31876474618911704,0.31876474618911704,0.17258889973163602,3,197,common,country,0,0,2,0.31876474618911704,0.17649239301681502,0.24063244462013203,0.26411044597625705
542,D-surf,আপ-খোরাকি,D,D,1,,0,0.33860534429550104,,0.33860534429550104,0.154309824109077,3,227,common,country,0,0,2,0.19820153713226302,0.259948670864105,0.20324444770812902,0.33860534429550104
542,D-sem,আপ-খোরাকি,B,B,1,,0,0.48159816861152605,,0.48159816861152605,0.253111541271209,1,224,common,country,0,0,2,0.13657131791114802,0.48159816861152605,0.154983311891555,0.22684717178344702
542,D-hard,আপ-খোরাকি,B,B,1,D,0,0.34916847944259605,0.30859145522117604,0.34916847944259605,0.192905485630035,1,217,common,country,0,0,2,0.168297410011291,0.34916847944259605,0.17394271492958002,0.30859145522117604
558,D-rand,আফসোস,A,A,1,,0,0.34592655301094005,,0.34592655301094005,0.23614647984504702,0,267,very common,country,0,0,1,0.34592655301094005,0.201024010777473,0.306340545415878,0.146708890795707
558,D-lit,আফসোস,D,C,0,C,1,0.251650303602218,0.39302802085876404,0.39302802085876404,0.22502838075160903,3,305,very common,country,0,0,1,0.19756412506103502,0.15775749087333601,0.39302802085876404,0.251650303602218
558,D-surf,আফসোস,D,A,0,,0,0.31528589129447904,,0.428455501794815,0.251682758331298,3,252,very common,country,0,0,1,0.428455501794815,0.196709901094436,0.059548702090978005,0.31528589129447904
558,D-sem,আফসোস,D,A,0,,0,0.28668850660324,,0.309554755687713,0.19413638114929202,3,334,very common,country,0,0,1,0.309554755687713,0.221167534589767,0.182589203119277,0.28668850660324
558,D-hard,আফসোস,B,C,0,C,1,0.281109482049942,0.38079053163528404,0.38079053163528404,0.23601347208023002,1,240,very common,country,0,0,1,0.168804287910461,0.281109482049942,0.38079053163528404,0.16929568350315002
559,D-rand,আবড়াখাবড়া,A,B,0,,0,0.23781716823577803,,0.43894538283348006,0.30311170220375,0,161,common,country,0,0,1,0.23781716823577803,0.43894538283348006,0.200190290808677,0.123047113418579
559,D-lit,আবড়াখাবড়া,A,D,0,D,1,0.250633269548416,0.342757731676101,0.342757731676101,0.220048114657402,0,251,common,country,0,0,1,0.250633269548416,0.148671716451644,0.257937312126159,0.342757731676101
559,D-surf,আবড়াখাবড়া,D,D,1,,0,0.31423553824424705,,0.31423553824424705,0.22405733168125103,3,207,common,country,0,0,1,0.301800340414047,0.16522790491580902,0.21873626112937902,0.31423553824424705
559,D-sem,আবড়াখাবড়া,A,D,0,,0,0.28333944082260104,,0.29069635272026,0.228163689374923,0,224,common,country,0,0,1,0.28333944082260104,0.269550263881683,0.15641392767429302,0.29069635272026
559,D-hard,আবড়াখাবড়া,B,D,0,D,1,0.23838284611701901,0.33634150028228704,0.33634150028228704,0.24517276883125302,1,260,common,country,0,0,1,0.28152260184288,0.23838284611701901,0.143753081560134,0.33634150028228704
565,D-rand,আবাগের বেটা ভূত,D,D,1,,0,0.7832257747650141,,0.7832257747650141,0.504450321197509,3,238,rare,deep rural,0,0,3,0.07133667916059401,0.066166549921035,0.079271018505096,0.7832257747650141
565,D-lit,আবাগের বেটা ভূত,B,A,0,A,1,0.31051096320152205,0.6109845042228691,0.6109845042228691,0.33192053437232905,1,229,rare,deep rural,0,0,3,0.6109845042228691,0.31051096320152205,0.05052256584167401,0.027981951832771003
565,D-surf,আবাগের বেটা ভূত,B,B,1,,0,0.49917191267013505,,0.49917191267013505,0.25339227914810103,1,232,rare,deep rural,0,0,3,0.130498617887496,0.49917191267013505,0.23562207818031303,0.134707450866699
565,D-sem,আবাগের বেটা ভূত,B,B,1,,0,0.721576988697052,,0.721576988697052,0.42467346787452703,1,260,rare,deep rural,0,0,3,0.16352584958076402,0.721576988697052,0.058536995202302,0.056360192596912
565,D-hard,আবাগের বেটা ভূত,B,D,0,D,1,0.281477034091949,0.6608257293701171,0.6608257293701171,0.42130491137504505,1,249,rare,deep rural,0,0,3,0.019531585276126,0.281477034091949,0.038165692239999,0.6608257293701171
584,D-rand,আমসি হওয়া,A,A,1,,0,0.431758224964141,,0.431758224964141,0.27267646789550704,0,194,common,country,0,0,2,0.431758224964141,0.12292892485857002,0.121516689658164,0.32379606366157504
584,D-lit,আমসি হওয়া,C,A,0,A,1,0.077287435531616,0.854599893093109,0.854599893093109,0.6744786500930781,2,220,common,country,0,0,2,0.854599893093109,0.031451974064111,0.077287435531616,0.036660779267549
584,D-surf,আমসি হওয়া,A,A,1,,0,0.41432836651802,,0.41432836651802,0.297031849622726,0,254,common,country,0,0,2,0.41432836651802,0.317847043275833,0.06773941963911001,0.20008520781993802
584,D-sem,আমসি হওয়া,B,B,1,,0,0.537306487560272,,0.537306487560272,0.398057043552398,1,211,common,country,0,0,2,0.09587253630161201,0.537306487560272,0.252089828252792,0.114731140434741
584,D-hard,আমসি হওয়া,A,D,0,D,1,0.077560275793075,0.8613515496253961,0.8613515496253961,0.7432917356491081,0,235,common,country,0,0,2,0.077560275793075,0.042675852775573,0.018412375822663002,0.8613515496253961
586,D-rand,আমি আর আমি নয়,C,D,0,,0,0.283672034740448,,0.31999939680099404,0.17790734767913802,2,248,common,country,0,0,4,0.266255855560302,0.130072727799415,0.283672034740448,0.31999939680099404
586,D-lit,আমি আর আমি নয়,B,D,0,D,1,0.08751238137483501,0.8256152272224421,0.8256152272224421,0.6187642812728881,1,149,common,country,0,0,4,0.023344095796346002,0.08751238137483501,0.06352829933166501,0.8256152272224421
586,D-surf,আমি আর আমি নয়,D,A,0,,0,0.230383217334747,,0.383705258369445,0.18707206845283503,3,184,common,country,0,0,4,0.383705258369445,0.186778634786605,0.19913288950920102,0.230383217334747
586,D-sem,আমি আর আমি নয়,A,D,0,,0,0.23274923861026703,,0.40849086642265303,0.174520894885063,0,204,common,country,0,0,4,0.23274923861026703,0.199419111013412,0.15934078395366602,0.40849086642265303
586,D-hard,আমি আর আমি নয়,C,A,0,A,1,0.075227551162242,0.773467302322387,0.773467302322387,0.618371486663818,2,174,common,country,0,0,4,0.773467302322387,0.044242322444915,0.075227551162242,0.107062838971614
592,D-rand,আয়ারাম,D,B,0,,0,0.16687941551208402,,0.450287580490112,0.20186974108219102,3,189,common,country,0,0,1,0.24050518870353702,0.450287580490112,0.142327800393104,0.16687941551208402
592,D-lit,আয়ারাম,C,A,0,A,1,0.06821671873331,0.7388478517532341,0.7388478517532341,0.5027505159378051,2,282,common,country,0,0,1,0.7388478517532341,0.064645119011402,0.06821671873331,0.128290295600891
592,D-surf,আয়ারাম,B,A,0,,0,0.16688548028469002,,0.453540831804275,0.373691856861114,1,473,common,country,0,0,1,0.453540831804275,0.16688548028469002,0.22215650975704102,0.157417178153991
592,D-sem,আয়ারাম,D,B,0,,0,0.10875750333070701,,0.558592677116394,0.33071544766426003,3,237,common,country,0,0,1,0.14686262607574402,0.558592677116394,0.18578718602657301,0.10875750333070701
592,D-hard,আয়ারাম,A,D,0,D,1,0.057772081345319005,0.795406639575958,0.795406639575958,0.5406166911125181,0,245,common,country,0,0,1,0.057772081345319005,0.09604798257350901,0.050773367285728004,0.795406639575958
635,D-rand,আসতে কাটে যেতে কাটে,C,B,0,,0,0.27144980430603,,0.32408720254898005,0.21750257909297901,2,250,common,country,0,0,4,0.253792256116867,0.32408720254898005,0.27144980430603,0.150670692324638
635,D-lit,আসতে কাটে যেতে কাটে,C,D,0,D,1,0.10845924913883201,0.718436121940612,0.718436121940612,0.499321371316909,2,259,common,country,0,0,4,0.100249782204627,0.072854787111282,0.10845924913883201,0.718436121940612
635,D-surf,আসতে কাটে যেতে কাটে,C,C,1,,0,0.353462278842926,,0.353462278842926,0.259511500597,2,217,common,country,0,0,4,0.320683866739273,0.205257013440132,0.353462278842926,0.12059685587882901
635,D-sem,আসতে কাটে যেতে কাটে,B,D,0,,0,0.26535952091217,,0.266040921211242,0.20289155840873702,1,259,common,country,0,0,4,0.22025811672210602,0.26535952091217,0.248341411352157,0.266040921211242
635,D-hard,আসতে কাটে যেতে কাটে,C,A,0,A,1,0.113174654543399,0.733838438987731,0.733838438987731,0.5911542773246761,2,243,common,country,0,0,4,0.733838438987731,0.06303284317255001,0.113174654543399,0.08995404839515601
639,D-rand,আসমান-জমিন ফারাক,B,A,0,,0,0.23858675360679601,,0.402516990900039,0.26201343536376903,1,221,very common,country,0,0,3,0.402516990900039,0.23858675360679601,0.21206322312355003,0.146833062171936
639,D-lit,আসমান-জমিন ফারাক,A,D,0,D,1,0.039441704750061,0.8715235590934751,0.8715235590934751,0.802103698253631,0,253,very common,country,0,0,3,0.039441704750061,0.025886952877044,0.063147768378257,0.8715235590934751
639,D-surf,আসমান-জমিন ফারাক,D,C,0,,0,0.197958320379257,,0.30291905999183605,0.21904045343399,3,215,very common,country,0,0,3,0.28719487786293,0.211927771568298,0.30291905999183605,0.197958320379257
639,D-sem,আসমান-জমিন ফারাক,B,A,0,,0,0.18877148628234802,,0.306707024574279,0.171410903334617,1,255,very common,country,0,0,3,0.306707024574279,0.18877148628234802,0.207653984427452,0.296867489814758
639,D-hard,আসমান-জমিন ফারাক,D,B,0,B,1,0.034320022910833005,0.859559953212738,0.859559953212738,0.7617495059967041,3,240,very common,country,0,0,3,0.040268518030643005,0.859559953212738,0.065851427614688,0.034320022910833005
658,D-rand,"আহামরি নয়, হ্যাক-থুও নয়",B,D,0,,0,0.20155294239521002,,0.319804638624191,0.17868700623512201,1,234,common,country,0,0,5,0.253585278987884,0.20155294239521002,0.225057139992713,0.319804638624191
658,D-lit,"আহামরি নয়, হ্যাক-থুও নয়",A,D,0,D,1,0.086930640041828,0.7408566474914551,0.7408566474914551,0.42959877848625105,0,222,common,country,0,0,5,0.086930640041828,0.045283533632755,0.12692916393280002,0.7408566474914551
658,D-surf,"আহামরি নয়, হ্যাক-থুও নয়",D,B,0,,0,0.118789866566658,,0.331222504377365,0.188357725739479,3,235,common,country,0,0,5,0.251983016729354,0.331222504377365,0.29800459742546004,0.118789866566658
658,D-sem,"আহামরি নয়, হ্যাক-থুও নয়",A,D,0,,0,0.20076845586299802,,0.296093612909317,0.14032131433486902,0,219,common,country,0,0,5,0.20076845586299802,0.29576587677001903,0.20737209916114802,0.296093612909317
658,D-hard,"আহামরি নয়, হ্যাক-থুও নয়",C,A,0,A,1,0.075697727501392,0.7142113447189331,0.7142113447189331,0.48197659850120506,2,258,common,country,0,0,5,0.7142113447189331,0.127743124961853,0.075697727501392,0.082347750663757
668,D-rand,আহ্লাদের প্রহ্লাদ,B,B,1,,0,0.47147023677825906,,0.47147023677825906,0.27378112077713,1,156,common,country,0,0,2,0.16477929055690702,0.47147023677825906,0.178089916706085,0.185660600662231
668,D-lit,আহ্লাদের প্রহ্লাদ,D,B,0,B,1,0.10822357237339,0.782449960708618,0.782449960708618,0.672900915145874,3,200,common,country,0,0,2,0.05724438652396201,0.782449960708618,0.052081983536481004,0.10822357237339
668,D-surf,আহ্লাদের প্রহ্লাদ,A,A,1,,0,0.502092063426971,,0.502092063426971,0.286149412393569,0,224,common,country,0,0,2,0.502092063426971,0.16205683350563002,0.20350192487239802,0.132349163293838
668,D-sem,আহ্লাদের প্রহ্লাদ,D,C,0,,0,0.34074744582176203,,0.356598883867263,0.197863280773162,3,168,common,country,0,0,2,0.14043526351451802,0.16221837699413302,0.356598883867263,0.34074744582176203
668,D-hard,আহ্লাদের প্রহ্লাদ,C,B,0,B,1,0.11797089874744401,0.7860701084136961,0.7860701084136961,0.590004742145538,2,252,common,country,0,0,2,0.06038754433393401,0.7860701084136961,0.11797089874744401,0.035571444779634004
671,D-rand,ইঁদুর কলে পড়া,A,A,1,,0,0.528985500335693,,0.528985500335693,0.281278669834136,0,202,very common,country,0,0,3,0.528985500335693,0.228880271315574,0.136422604322433,0.10571159422397601
671,D-lit,ইঁদুর কলে পড়া,C,B,0,B,1,0.04658892005681901,0.91856163740158,0.91856163740158,0.733525693416595,2,275,very common,country,0,0,3,0.023775110021233004,0.91856163740158,0.04658892005681901,0.011074246838688
671,D-surf,ইঁদুর কলে পড়া,A,C,0,,0,0.269705384969711,,0.5529465079307551,0.38710221648216203,0,253,very common,country,0,0,3,0.269705384969711,0.104266375303268,0.5529465079307551,0.07308173179626401
671,D-sem,ইঁদুর কলে পড়া,A,A,1,,0,0.46856674551963806,,0.46856674551963806,0.34013807773590005,0,225,very common,country,0,0,3,0.46856674551963806,0.188419386744499,0.19364164769649503,0.149372205138206
671,D-hard,ইঁদুর কলে পড়া,A,C,0,C,1,0.044619232416152003,0.817966818809509,0.817966818809509,0.6857190728187561,0,188,very common,country,0,0,3,0.044619232416152003,0.031252175569534,0.817966818809509,0.10616171360015801
681,D-rand,ইতিউতি,B,A,0,,0,0.21906763315200803,,0.31502920389175404,0.18704926967620802,1,309,common,country,0,0,1,0.31502920389175404,0.21906763315200803,0.25366061925888,0.212242513895034
681,D-lit,ইতিউতি,B,C,0,C,1,0.16918146610260001,0.40066432952880804,0.40066432952880804,0.227708846330642,1,301,common,country,0,0,1,0.25285089015960605,0.16918146610260001,0.40066432952880804,0.17730322480201702
681,D-surf,ইতিউতি,A,B,0,,0,0.187818124890327,,0.37451171875,0.23171393573284102,0,233,common,country,0,0,1,0.187818124890327,0.37451171875,0.19082513451576202,0.24684500694274902
681,D-sem,ইতিউতি,B,D,0,,0,0.18894289433956102,,0.33120474219322205,0.186148002743721,1,251,common,country,0,0,1,0.28822484612464905,0.18894289433956102,0.19162756204605103,0.33120474219322205
681,D-hard,ইতিউতি,D,A,0,A,1,0.14410419762134502,0.425828248262405,0.425828248262405,0.27127254009246804,3,269,common,country,0,0,1,0.425828248262405,0.16506072878837502,0.26500681042671204,0.14410419762134502
721,D-rand,ইস্তক-নাগাদ,A,A,1,,0,0.327898472547531,,0.327898472547531,0.30503723025321905,0,231,common,country,0,0,2,0.327898472547531,0.202904358506202,0.26149451732635504,0.20770263671875
721,D-lit,ইস্তক-নাগাদ,C,D,0,D,1,0.29186195135116505,0.32759341597557,0.32759341597557,0.19170136749744401,2,169,common,country,0,0,2,0.19052404165267903,0.19002056121826102,0.29186195135116505,0.32759341597557
721,D-surf,ইস্তক-নাগাদ,A,A,1,,0,0.39288079738616905,,0.39288079738616905,0.24957796931266701,0,255,common,country,0,0,2,0.39288079738616905,0.23575478792190502,0.172131553292274,0.19923283159732802
721,D-sem,ইস্তক-নাগাদ,C,A,0,,0,0.295342177152633,,0.348998874425888,0.20534263551235202,2,157,common,country,0,0,2,0.348998874425888,0.204597160220146,0.295342177152633,0.15106177330017
721,D-hard,ইস্তক-নাগাদ,B,B,1,D,0,0.34514304995536804,0.34154462814331005,0.34514304995536804,0.18181338906288103,1,182,common,country,0,0,2,0.15064112842082902,0.34514304995536804,0.162671208381652,0.34154462814331005
726,D-rand,ঈশানের মেঘ,C,D,0,,0,0.187548369169235,,0.29550611972808805,0.216695353388786,2,195,rare,deep rural,0,1,2,0.28781181573867803,0.22913363575935303,0.187548369169235,0.29550611972808805
726,D-lit,ঈশানের মেঘ,D,A,0,A,1,0.016311347484588002,0.9574436545372,0.9574436545372,0.7516208291053771,3,198,rare,deep rural,0,1,2,0.9574436545372,0.012298926711082,0.013946020975708,0.016311347484588002
726,D-surf,ঈশানের মেঘ,C,B,0,,0,0.038022261112928,,0.813703000545501,0.5899856686592101,2,237,rare,deep rural,0,1,2,0.04472067579627,0.813703000545501,0.038022261112928,0.103554047644138
726,D-sem,ঈশানের মেঘ,C,A,0,,0,0.22511862218379902,,0.31443765759468,0.17542423307895602,2,182,rare,deep rural,0,1,2,0.31443765759468,0.18017257750034302,0.22511862218379902,0.28027111291885304
726,D-hard,ঈশানের মেঘ,A,C,0,C,1,0.028046688064932,0.8926527500152581,0.8926527500152581,0.7026321887969971,0,199,rare,deep rural,0,1,2,0.028046688064932,0.019241003319621003,0.8926527500152581,0.060059562325477
739,D-rand,উক্তস্য পুনঃ কথনং,C,C,1,,0,0.8839430212974541,,0.8839430212974541,0.649149239063262,2,215,rare,country,0,0,3,0.051363121718168,0.033699132502079,0.8839430212974541,0.030994724482297002
739,D-lit,উক্তস্য পুনঃ কথনং,B,B,1,A,0,0.51460987329483,0.375785857439041,0.51460987329483,0.251507967710495,1,250,rare,country,0,0,3,0.375785857439041,0.51460987329483,0.036518797278404,0.073085442185401
739,D-surf,উক্তস্য পুনঃ কথনং,D,D,1,,0,0.720225512981414,,0.720225512981414,0.47960472106933505,3,199,rare,country,0,0,3,0.049480762332677,0.06568127125501601,0.164612412452697,0.720225512981414
739,D-sem,উক্তস্য পুনঃ কথনং,C,C,1,,0,0.749252617359161,,0.749252617359161,0.517927825450897,2,200,rare,country,0,0,3,0.10211995244026101,0.064824163913726,0.749252617359161,0.083803229033946
739,D-hard,উক্তস্য পুনঃ কথনং,D,D,1,A,0,0.5251668691635131,0.37951391935348505,0.5251668691635131,0.29420253634452803,3,288,rare,country,0,0,3,0.37951391935348505,0.04732080921530701,0.047998402267694,0.5251668691635131
747,D-rand,উজবক,C,C,1,,0,0.5484435558319091,,0.5484435558319091,0.303567767143249,2,193,rare,country,0,0,1,0.12137954682111701,0.159237831830978,0.5484435558319091,0.170939072966575
747,D-lit,উজবক,A,C,0,C,1,0.325842976570129,0.558052718639373,0.558052718639373,0.278329581022262,0,246,rare,country,0,0,1,0.325842976570129,0.073258481919765,0.558052718639373,0.042845774441957
747,D-surf,উজবক,D,D,1,,0,0.7147693037986751,,0.7147693037986751,0.5576924681663511,3,234,rare,country,0,0,1,0.094657123088836,0.09424662590026801,0.09632706642150801,0.7147693037986751
747,D-sem,উজবক,C,C,1,,0,0.583533644676208,,0.583533644676208,0.448456943035125,2,240,rare,country,0,0,1,0.142941445112228,0.10395485162734901,0.583533644676208,0.169570073485374
747,D-hard,উজবক,A,B,0,B,1,0.31350457668304405,0.533058524131774,0.533058524131774,0.332347512245178,0,207,rare,country,0,0,1,0.31350457668304405,0.533058524131774,0.064141914248466,0.089295029640197
750,D-rand,উজান-ভাঁটি,B,C,0,,0,0.27394580841064403,,0.33855289220809903,0.213730335235595,1,197,common,country,0,0,2,0.115278713405132,0.27394580841064403,0.33855289220809903,0.27222257852554305
750,D-lit,উজান-ভাঁটি,B,A,0,A,1,0.057389825582504,0.8081586360931391,0.8081586360931391,0.591351807117462,1,221,common,country,0,0,2,0.8081586360931391,0.057389825582504,0.07446132600307401,0.059990301728248006
750,D-surf,উজান-ভাঁটি,A,C,0,,0,0.292284607887268,,0.295685917139053,0.10422921180725,0,148,common,country,0,0,2,0.292284607887268,0.23155072331428503,0.295685917139053,0.180478781461715
750,D-sem,উজান-ভাঁটি,D,C,0,,0,0.21819247305393202,,0.361354440450668,0.271465927362442,3,199,common,country,0,0,2,0.204274833202362,0.21617831289768202,0.361354440450668,0.21819247305393202
750,D-hard,উজান-ভাঁটি,B,C,0,C,1,0.053705297410488004,0.879876494407653,0.879876494407653,0.599452674388885,1,236,common,country,0,0,2,0.040993303060531006,0.053705297410488004,0.879876494407653,0.025424830615520002
781,D-rand,উড়ো খই গোবিন্দায় নমঃ,D,B,0,,0,0.11343242973089201,,0.40852072834968506,0.194181814789772,3,274,rare,deep rural,0,1,4,0.0763985440135,0.40852072834968506,0.401648253202438,0.11343242973089201
781,D-lit,উড়ো খই গোবিন্দায় নমঃ,D,B,0,B,1,0.006688928697258001,0.9644806385040281,0.9644806385040281,0.807960271835327,3,293,rare,deep rural,0,1,4,0.017013520002365,0.9644806385040281,0.011816910468041002,0.006688928697258001
781,D-surf,উড়ো খই গোবিন্দায় নমঃ,C,B,0,,0,0.11606682091951301,,0.331094503402709,0.159641429781913,2,203,rare,deep rural,0,1,4,0.243638977408409,0.331094503402709,0.11606682091951301,0.309199661016464
781,D-sem,উড়ো খই গোবিন্দায় নমঃ,B,D,0,,0,0.19092559814453103,,0.324533104896545,0.17604351043701102,1,270,rare,deep rural,0,1,4,0.28457960486412004,0.19092559814453103,0.19996163249015803,0.324533104896545
781,D-hard,উড়ো খই গোবিন্দায় নমঃ,C,A,0,A,1,0.006843275856226001,0.9693199396133421,0.9693199396133421,0.8181320428848261,2,432,rare,deep rural,0,1,4,0.9693199396133421,0.013526474125683,0.006843275856226001,0.010310295037925
799,D-rand,উদরপূর্তি,B,A,0,,0,0.22278961539268402,,0.275768756866455,0.19121357798576302,1,282,common,country,0,0,1,0.275768756866455,0.22278961539268402,0.22680133581161502,0.274640321731567
799,D-lit,উদরপূর্তি,C,A,0,A,1,0.022218070924282,0.881954312324523,0.881954312324523,0.6591857671737671,2,244,common,country,0,0,1,0.881954312324523,0.052885513752698,0.022218070924282,0.042942058295011
799,D-surf,উদরপূর্তি,B,C,0,,0,0.27233079075813205,,0.294884473085403,0.16854864358901903,1,158,common,country,0,0,1,0.26183140277862504,0.27233079075813205,0.294884473085403,0.17095337808132102
799,D-sem,উদরপূর্তি,C,B,0,,0,0.014647926203906002,,0.9441164731979371,0.8305618166923521,2,178,common,country,0,0,1,0.013679853640496,0.9441164731979371,0.014647926203906002,0.027555802837014
799,D-hard,উদরপূর্তি,A,C,0,C,1,0.025171121582388004,0.8913857936859131,0.8913857936859131,0.6907268762588501,0,237,common,country,0,0,1,0.025171121582388004,0.044395592063665,0.8913857936859131,0.039047501981258004
838,D-rand,চিনির নৈবদ্য,A,A,1,,0,0.9620224833488461,,0.9620224833488461,0.7983179688453671,0,199,rare,country,0,1,2,0.9620224833488461,0.011933430097997001,0.020059797912836002,0.005984309129416001
838,D-lit,চিনির নৈবদ্য,A,A,1,D,0,0.8076564073562621,0.15170313417911502,0.8076564073562621,0.621096074581146,0,223,rare,country,0,1,2,0.8076564073562621,0.03211310505867,0.008527358993887001,0.15170313417911502
838,D-surf,চিনির নৈবদ্য,A,A,1,,0,0.9526184797286981,,0.9526184797286981,0.8286774158477781,0,257,rare,country,0,1,2,0.9526184797286981,0.016344480216503,0.016193648800253,0.014843329787254
838,D-sem,চিনির নৈবদ্য,D,D,1,,0,0.9839808344841001,,0.9839808344841001,0.890313923358917,3,178,rare,country,0,1,2,0.005635457579046,0.0055543351918450005,0.004829315468668,0.9839808344841001
838,D-hard,চিনির নৈবদ্য,B,B,1,D,0,0.8782490491867061,0.10009044408798201,0.8782490491867061,0.797351241111755,1,214,rare,country,0,1,2,0.009069026447832002,0.8782490491867061,0.012591528706252,0.10009044408798201
839,D-rand,উপুড়হস্ত,A,B,0,,0,0.27963322401046703,,0.36487519741058305,0.16947886347770602,0,205,common,country,0,0,1,0.27963322401046703,0.36487519741058305,0.084413655102252,0.271077901124954
839,D-lit,উপুড়হস্ত,C,D,0,D,1,0.161305427551269,0.43158113956451405,0.43158113956451405,0.165458589792251,2,170,common,country,0,0,1,0.24710038304328902,0.16001309454441,0.161305427551269,0.43158113956451405
839,D-surf,উপুড়হস্ত,D,C,0,,0,0.202041581273078,,0.45463851094245905,0.29837340116500805,3,234,common,country,0,0,1,0.162811830639839,0.18050809204578402,0.45463851094245905,0.202041581273078
839,D-sem,উপুড়হস্ত,D,D,1,,0,0.279633581638336,,0.279633581638336,0.11855625361204102,3,188,common,country,0,0,1,0.22169908881187403,0.26783245801925604,0.23083493113517703,0.279633581638336
839,D-hard,উপুড়হস্ত,A,D,0,D,1,0.220159068703651,0.460828930139541,0.460828930139541,0.15746617317199701,0,181,common,country,0,0,1,0.220159068703651,0.20159585773944802,0.11741618067026101,0.460828930139541
846,D-rand,উলুখাগড়া,D,A,0,,0,0.24977587163448303,,0.316883087158203,0.16574668884277302,3,165,common,country,0,0,1,0.316883087158203,0.29262793064117404,0.140713065862655,0.24977587163448303
846,D-lit,উলুখাগড়া,B,D,0,D,1,0.058411289006471,0.8649082779884331,0.8649082779884331,0.662660837173461,1,216,common,country,0,0,1,0.04376009106636,0.058411289006471,0.032920330762863,0.8649082779884331
846,D-surf,উলুখাগড়া,C,B,0,,0,0.24710538983345,,0.265871524810791,0.15953998267650601,2,313,common,country,0,0,1,0.22173251211643202,0.265871524810791,0.24710538983345,0.265290588140487
846,D-sem,উলুখাগড়া,D,C,0,,0,0.261613428592681,,0.299609929323196,0.14235778152942602,3,205,common,country,0,0,1,0.23787976801395402,0.20089687407016701,0.299609929323196,0.261613428592681
846,D-hard,উলুখাগড়া,A,C,0,C,1,0.068288169801235,0.84834599494934,0.84834599494934,0.6117061376571651,0,246,common,country,0,0,1,0.068288169801235,0.030309844762086,0.84834599494934,0.053056009113788
851,D-rand,উল্কামুখী,B,C,0,,0,0.200078696012496,,0.517865598201751,0.35272246599197304,1,166,rare,country,0,0,1,0.141537636518478,0.200078696012496,0.517865598201751,0.140518069267272
851,D-lit,উল্কামুখী,C,B,0,B,1,0.026322240009903002,0.9213597178459161,0.9213597178459161,0.719806492328643,2,240,rare,country,0,0,1,0.026573663577437002,0.9213597178459161,0.026322240009903002,0.025744365528225004
851,D-surf,উল্কামুখী,D,C,0,,0,0.21585924923419902,,0.327368944883346,0.188637301325798,3,212,rare,country,0,0,1,0.26564997434616,0.191121786832809,0.327368944883346,0.21585924923419902
851,D-sem,উল্কামুখী,D,D,1,,0,0.29703748226165705,,0.29703748226165705,0.19794772565364802,3,242,rare,country,0,0,1,0.21103180944919503,0.25529402494430503,0.23663668334484103,0.29703748226165705
851,D-hard,উল্কামুখী,A,D,0,D,1,0.027134113013744004,0.9468419551849361,0.9468419551849361,0.7776890993118281,0,188,rare,country,0,0,1,0.027134113013744004,0.008887884207069001,0.017135996371507003,0.9468419551849361
863,D-rand,উস্তম পুস্তম করা,A,A,1,,0,0.5200008153915401,,0.5200008153915401,0.25106871128082203,0,199,common,country,0,0,3,0.5200008153915401,0.093887962400913,0.259644567966461,0.126466676592826
863,D-lit,উস্তম পুস্তম করা,B,A,0,A,1,0.079778343439102,0.8613816499710081,0.8613816499710081,0.729383528232574,1,327,common,country,0,0,3,0.8613816499710081,0.079778343439102,0.035465408116579,0.023374548181891
863,D-surf,উস্তম পুস্তম করা,B,B,1,,0,0.538168549537658,,0.538168549537658,0.356822609901428,1,243,common,country,0,0,3,0.180804669857025,0.538168549537658,0.093334853649139,0.187691941857337
863,D-sem,উস্তম পুস্তম করা,B,B,1,,0,0.39925363659858704,,0.39925363659858704,0.217592328786849,1,195,common,country,0,0,3,0.34208709001541104,0.39925363659858704,0.087790295481681,0.170869022607803
863,D-hard,উস্তম পুস্তম করা,C,D,0,D,1,0.065979942679405,0.8691633939743041,0.8691633939743041,0.778846561908721,2,319,common,country,0,0,3,0.047734830528497,0.017121819779276,0.065979942679405,0.8691633939743041
873,D-rand,ঊর্ধ্বতন,C,C,1,,0,0.45525565743446306,,0.45525565743446306,0.30287018418312,2,219,common,city,0,0,1,0.11767820268869401,0.148863792419433,0.45525565743446306,0.278202325105667
873,D-lit,ঊর্ধ্বতন,B,C,0,C,1,0.14066411554813302,0.72182023525238,0.72182023525238,0.573504924774169,1,209,common,city,0,0,1,0.033971462398767,0.14066411554813302,0.72182023525238,0.10354418307542801
873,D-surf,ঊর্ধ্বতন,B,B,1,,0,0.593136608600616,,0.593136608600616,0.37921145558357205,1,193,common,city,0,0,1,0.161221474409103,0.593136608600616,0.082767449319362,0.16287446022033603
873,D-sem,ঊর্ধ্বতন,C,C,1,,0,0.36425697803497303,,0.36425697803497303,0.195610612630844,2,243,common,city,0,0,1,0.09001273661851801,0.183109328150749,0.36425697803497303,0.362620949745178
873,D-hard,ঊর্ধ্বতন,B,D,0,D,1,0.135388314723968,0.8027675747871391,0.8027675747871391,0.620821475982666,1,256,common,city,0,0,1,0.031036848202347003,0.135388314723968,0.030807234346866004,0.8027675747871391
887,D-rand,এঁটে ওঠা,D,D,1,,0,0.7554219961166381,,0.7554219961166381,0.593540549278259,3,273,common,country,0,0,2,0.08807862550020201,0.071889586746692,0.08460976183414401,0.7554219961166381
887,D-lit,এঁটে ওঠা,B,C,0,C,1,0.346654146909713,0.6248784661293031,0.6248784661293031,0.37948223948478704,1,287,common,country,0,0,2,0.016818949952721002,0.346654146909713,0.6248784661293031,0.011648423038423
887,D-surf,এঁটে ওঠা,B,B,1,,0,0.7399884462356561,,0.7399884462356561,0.5544000864028931,1,243,common,country,0,0,2,0.18759649991989102,0.7399884462356561,0.034582234919071,0.037832800298929006
887,D-sem,এঁটে ওঠা,B,B,1,,0,0.835442781448364,,0.835442781448364,0.650382101535797,1,241,common,country,0,0,2,0.036406103521585,0.835442781448364,0.053762286901474006,0.07438882440328501
887,D-hard,এঁটে ওঠা,A,B,0,B,1,0.317471414804458,0.638745725154876,0.638745725154876,0.489603966474533,0,330,common,country,0,0,2,0.317471414804458,0.638745725154876,0.028637032955884004,0.015145844779908001
899,D-rand,এঁড়ে তর্ক,D,D,1,,0,0.62385094165802,,0.62385094165802,0.398517847061157,3,264,common,country,0,0,2,0.089802406728267,0.137470588088035,0.14887601137161202,0.62385094165802
899,D-lit,এঁড়ে তর্ক,B,B,1,A,0,0.46802908182144104,0.32308030128479004,0.46802908182144104,0.280041247606277,1,229,common,country,0,0,2,0.32308030128479004,0.46802908182144104,0.150801718235015,0.058088865131139006
899,D-surf,এঁড়ে তর্ক,B,B,1,,0,0.6979237198829651,,0.6979237198829651,0.48865595459938005,1,234,common,country,0,0,2,0.11029084771871502,0.6979237198829651,0.10920073091983701,0.08258476853370601
899,D-sem,এঁড়ে তর্ক,B,C,0,,0,0.18159355223178802,,0.40819662809371904,0.34995239973068204,1,284,common,country,0,0,2,0.044815961271524006,0.18159355223178802,0.40819662809371904,0.365393877029418
899,D-hard,এঁড়ে তর্ক,B,B,1,A,0,0.49005714058876004,0.338302612304687,0.49005714058876004,0.234596773982048,1,210,common,country,0,0,2,0.338302612304687,0.49005714058876004,0.07061783969402301,0.101022414863109
924,D-rand,এককড়াই দুধে একফোঁটা চোনা,B,B,1,,0,0.35250326991081204,,0.35250326991081204,0.166258782148361,1,189,common,country,0,0,4,0.12197779864072801,0.35250326991081204,0.32778400182724,0.197734907269477
924,D-lit,এককড়াই দুধে একফোঁটা চোনা,C,B,0,B,1,0.10303398221731101,0.5687706470489501,0.5687706470489501,0.313966959714889,2,245,common,country,0,0,4,0.057935316115617,0.5687706470489501,0.10303398221731101,0.27026009559631303
924,D-surf,এককড়াই দুধে একফোঁটা চোনা,D,A,0,,0,0.321638315916061,,0.35575470328330905,0.193293914198875,3,279,common,country,0,0,4,0.35575470328330905,0.199983447790145,0.12262346595525701,0.321638315916061
924,D-sem,এককড়াই দুধে একফোঁটা চোনা,B,B,1,,0,0.412078499794006,,0.412078499794006,0.19455097615718803,1,270,common,country,0,0,4,0.246488913893699,0.412078499794006,0.16686189174652102,0.174570694565773
924,D-hard,এককড়াই দুধে একফোঁটা চোনা,B,A,0,A,1,0.120945200324058,0.691027760505676,0.691027760505676,0.573837518692016,1,293,common,country,0,0,4,0.691027760505676,0.120945200324058,0.12676553428173,0.061261467635631006
931,D-rand,এক করা,B,B,1,,0,0.494160860776901,,0.494160860776901,0.33874693512916504,1,239,common,country,1,0,2,0.13175024092197402,0.494160860776901,0.204964965581893,0.16912393271923
931,D-lit,এক করা,B,D,0,D,1,0.007790497969835001,0.9831681847572321,0.9831681847572321,0.897859513759613,1,201,common,country,1,0,2,0.005671936552971,0.007790497969835001,0.0033694435842330003,0.9831681847572321
931,D-surf,এক করা,B,D,0,,0,0.06758055090904201,,0.698479652404785,0.548552513122558,1,179,common,country,1,0,2,0.19828827679157202,0.06758055090904201,0.035651531070470005,0.698479652404785
931,D-sem,এক করা,D,A,0,,0,0.288962483406066,,0.37083867192268305,0.269719541072845,3,236,common,country,1,0,2,0.37083867192268305,0.148580074310302,0.19161878526210702,0.288962483406066
931,D-hard,এক করা,D,B,0,B,1,0.008146629668772,0.8937229514122,0.8937229514122,0.8221936821937561,3,189,common,country,1,0,2,0.017611799761652003,0.8937229514122,0.08051860332489001,0.008146629668772
946,D-rand,এক কাপড়ে বেরিয়ে পড়া,D,A,0,,0,0.14870120584964702,,0.604835450649261,0.40803995728492704,3,300,common,country,0,0,4,0.604835450649261,0.10709381103515601,0.139369562268257,0.14870120584964702
946,D-lit,এক কাপড়ে বেরিয়ে পড়া,C,B,0,B,1,0.016702143475413,0.9506571292877191,0.9506571292877191,0.860724747180938,2,225,common,country,0,0,4,0.018957605585455003,0.9506571292877191,0.016702143475413,0.013683130964636001
946,D-surf,এক কাপড়ে বেরিয়ে পড়া,B,C,0,,0,0.274243533611297,,0.40604662895202603,0.264110028743743,1,257,common,country,0,0,4,0.111735105514526,0.274243533611297,0.40604662895202603,0.20797474682331002
946,D-sem,এক কাপড়ে বেরিয়ে পড়া,A,C,0,,0,0.24432188272476102,,0.40257567167282104,0.28221723437309204,0,286,common,country,0,0,4,0.24432188272476102,0.159233003854751,0.40257567167282104,0.19386947154998702
946,D-hard,এক কাপড়ে বেরিয়ে পড়া,D,B,0,B,1,0.012685722671449,0.8394973278045651,0.8394973278045651,0.7169862985610961,3,238,common,country,0,0,4,0.13900072872638702,0.8394973278045651,0.008816191926598,0.012685722671449
970,D-rand,একগুঁয়ে,C,C,1,,0,0.38868588209152205,,0.38868588209152205,0.25505667924880904,2,252,common,country,0,0,1,0.26542291045188904,0.183257207274436,0.38868588209152205,0.16263397037982902
970,D-lit,একগুঁয়ে,B,C,0,C,1,0.148303493857383,0.6260077953338621,0.6260077953338621,0.50167167186737,1,250,common,country,0,0,1,0.12138126045465401,0.148303493857383,0.6260077953338621,0.10430742800235701
970,D-surf,একগুঁয়ে,D,B,0,,0,0.281364768743515,,0.363533616065979,0.252471566200256,3,311,common,country,0,0,1,0.157995522022247,0.363533616065979,0.197106048464775,0.281364768743515
970,D-sem,একগুঁয়ে,A,D,0,,0,0.312585651874542,,0.348546773195266,0.21256126463413202,0,239,common,country,0,0,1,0.312585651874542,0.22629509866237602,0.11257251352071701,0.348546773195266
970,D-hard,একগুঁয়ে,D,C,0,C,1,0.15019047260284402,0.609101831912994,0.609101831912994,0.46582606434822005,3,289,common,country,0,0,1,0.163037061691284,0.077670559287071,0.609101831912994,0.15019047260284402
978,D-rand,একঘরিয়া,A,C,0,,0,0.20769655704498202,,0.571363747119903,0.32508027553558305,0,263,very rare,deep rural,1,1,1,0.20769655704498202,0.130015343427658,0.571363747119903,0.09092438966035801
978,D-lit,একঘরিয়া,A,D,0,D,1,0.003153787227347,0.9886288642883301,0.9886288642883301,0.9222562909126281,0,268,very rare,deep rural,1,1,1,0.003153787227347,0.004608009010553,0.0036093390081070004,0.9886288642883301
978,D-surf,একঘরিয়া,D,A,0,,0,0.242289841175079,,0.5078110694885251,0.278553366661071,3,254,very rare,deep rural,1,1,1,0.5078110694885251,0.13670991361141202,0.113189250230789,0.242289841175079
978,D-sem,একঘরিয়া,B,A,0,,0,0.17256876826286302,,0.469285190105438,0.21871182322502103,1,200,very rare,deep rural,1,1,1,0.469285190105438,0.17256876826286302,0.10576733201742101,0.252378672361373
978,D-hard,একঘরিয়া,C,A,0,A,1,0.004123722203075,0.9893224835395811,0.9893224835395811,0.8838014006614681,2,201,very rare,deep rural,1,1,1,0.9893224835395811,0.003051257925108,0.004123722203075,0.0035024301614610003
980,D-rand,একঘাটে জল খাওয়া,C,C,1,,0,0.304226458072662,,0.304226458072662,0.129406735301017,2,231,common,deep rural,0,0,3,0.185419097542762,0.216868191957473,0.304226458072662,0.293486267328262
980,D-lit,একঘাটে জল খাওয়া,B,D,0,D,1,0.014070563949644002,0.9514144659042351,0.9514144659042351,0.8098039031028741,1,195,common,deep rural,0,0,3,0.021603031083941,0.014070563949644002,0.012911906465888,0.9514144659042351
980,D-surf,একঘাটে জল খাওয়া,D,B,0,,0,0.2022445499897,,0.461899787187576,0.30367761850357,3,250,common,deep rural,0,0,3,0.16834124922752303,0.461899787187576,0.167514473199844,0.2022445499897
980,D-sem,একঘাটে জল খাওয়া,C,A,0,,0,0.307817757129669,,0.39257600903511003,0.22638100385665802,2,218,common,deep rural,0,0,3,0.39257600903511003,0.206714048981666,0.307817757129669,0.09289218485355301
980,D-hard,একঘাটে জল খাওয়া,C,D,0,D,1,0.014208479784429,0.9484171271324151,0.9484171271324151,0.8074270486831661,2,244,common,deep rural,0,0,3,0.022521197795867,0.014853209257125001,0.014208479784429,0.9484171271324151
985,D-rand,একচিত্ত,B,B,1,,0,0.5972299575805661,,0.5972299575805661,0.371837139129638,1,358,common,country,0,0,1,0.19297257065773002,0.5972299575805661,0.097196035087108,0.11260151863098102
985,D-lit,একচিত্ত,B,C,0,C,1,0.20295958220958701,0.715975582599639,0.715975582599639,0.455851882696151,1,184,common,country,0,0,1,0.05847602337598801,0.20295958220958701,0.715975582599639,0.022588793188333
985,D-surf,একচিত্ত,A,A,1,,0,0.723942816257476,,0.723942816257476,0.447828263044357,0,259,common,country,0,0,1,0.723942816257476,0.08542440086603101,0.11040957272052701,0.08022312074899601
985,D-sem,একচিত্ত,B,B,1,,0,0.6540179252624511,,0.6540179252624511,0.43318936228752103,1,262,common,country,0,0,1,0.09285476058721501,0.6540179252624511,0.10644044727087001,0.146686762571334
985,D-hard,একচিত্ত,C,D,0,D,1,0.21584115922451003,0.715982854366302,0.715982854366302,0.39280703663825906,2,267,common,country,0,0,1,0.020696204155683,0.047479774802923,0.21584115922451003,0.715982854366302
988,D-rand,একচেটিয়া,A,A,1,,0,0.613280951976776,,0.613280951976776,0.362434715032577,0,191,common,city,0,0,1,0.613280951976776,0.10007479041814801,0.092298924922943,0.194345325231552
988,D-lit,একচেটিয়া,B,C,0,C,1,0.096081055700778,0.8558518290519711,0.8558518290519711,0.5913342237472531,1,225,common,city,0,0,1,0.023910822346806002,0.096081055700778,0.8558518290519711,0.024156311526894
988,D-surf,একচেটিয়া,C,C,1,,0,0.6788751482963561,,0.6788751482963561,0.43931037187576205,2,316,common,city,0,0,1,0.11599983274936601,0.11297694593667901,0.6788751482963561,0.09214798361063001
988,D-sem,একচেটিয়া,D,D,1,,0,0.600768685340881,,0.600768685340881,0.28491398692131004,3,230,common,city,0,0,1,0.10407274216413401,0.174964010715484,0.12019459158182101,0.600768685340881
988,D-hard,একচেটিয়া,A,D,0,D,1,0.070115759968757,0.90273642539978,0.90273642539978,0.69219034910202,0,246,common,city,0,0,1,0.070115759968757,0.013026122003793002,0.014121643267571002,0.90273642539978
1015,D-rand,একটা-না-একটা,A,A,1,,0,0.610100626945495,,0.610100626945495,0.42505890130996704,0,234,very common,country,0,0,3,0.610100626945495,0.13163499534130002,0.12224265187978701,0.136021748185157
1015,D-lit,একটা-না-একটা,B,B,1,D,0,0.43350410461425704,0.28034904599189703,0.43350410461425704,0.29638862609863204,1,230,very common,country,0,0,3,0.16464728116989102,0.43350410461425704,0.12149954587221101,0.28034904599189703
1015,D-surf,একটা-না-একটা,A,A,1,,0,0.530719697475433,,0.530719697475433,0.35395574569702104,0,206,very common,country,0,0,3,0.530719697475433,0.211096718907356,0.11790376156568501,0.14027982950210502
1015,D-sem,একটা-না-একটা,B,B,1,,0,0.49052688479423506,,0.49052688479423506,0.330034673213958,1,167,very common,country,0,0,3,0.23230127990245802,0.49052688479423506,0.025362098589539,0.251809805631637
1015,D-hard,একটা-না-একটা,C,C,1,D,0,0.439082324504852,0.29946270585060103,0.439082324504852,0.276121079921722,2,194,very common,country,0,0,3,0.17754803597927002,0.083906926214694,0.439082324504852,0.29946270585060103
1018,D-rand,একটেরে,D,D,1,,0,0.5537927150726311,,0.5537927150726311,0.446459114551544,3,255,rare,country,0,0,1,0.144474312663078,0.158458843827247,0.14327409863471902,0.5537927150726311
1018,D-lit,একটেরে,A,D,0,D,1,0.337038785219192,0.39978092908859203,0.39978092908859203,0.262787699699401,0,310,rare,country,0,0,1,0.337038785219192,0.05453834682703,0.20864187180995902,0.39978092908859203
1018,D-surf,একটেরে,D,D,1,,0,0.44334608316421503,,0.44334608316421503,0.28540790081024103,3,243,rare,country,0,0,1,0.12402067333459801,0.08262825012207001,0.35000491142272905,0.44334608316421503
1018,D-sem,একটেরে,B,B,1,,0,0.37659579515457103,,0.37659579515457103,0.23841434717178303,1,223,rare,country,0,0,1,0.36371749639511103,0.37659579515457103,0.09934481233358301,0.160341843962669
1018,D-hard,একটেরে,C,A,0,D,0,0.23243859410285903,0.33529406785964905,0.37024837732315,0.22760312259197202,2,238,rare,country,0,0,1,0.37024837732315,0.062018938362598,0.23243859410285903,0.33529406785964905
1020,D-rand,একডাকে চেনা,C,C,1,,0,0.38366478681564303,,0.38366478681564303,0.23072841763496402,2,208,very common,country,0,0,2,0.23617450892925201,0.182475626468658,0.38366478681564303,0.197685122489929
1020,D-lit,একডাকে চেনা,C,B,0,B,1,0.012855939567089001,0.9737323522567741,0.9737323522567741,0.839002251625061,2,314,very common,country,0,0,2,0.007128507364541001,0.9737323522567741,0.012855939567089001,0.0062831449322400005
1020,D-surf,একডাকে চেনা,D,D,1,,0,0.39426115155220004,,0.39426115155220004,0.219716772437095,3,264,very common,country,0,0,2,0.15964075922966,0.207475751638412,0.238622337579727,0.39426115155220004
1020,D-sem,একডাকে চেনা,B,B,1,,0,0.354922115802764,,0.354922115802764,0.19569467008113803,1,226,very common,country,0,0,2,0.171904027462005,0.354922115802764,0.29456004500389105,0.17861385643482203
1020,D-hard,একডাকে চেনা,C,D,0,D,1,0.011366312392055001,0.976647853851318,0.976647853851318,0.832454919815063,2,232,very common,country,0,0,2,0.004686192609369,0.007299659308046,0.011366312392055001,0.976647853851318
1029,D-rand,একতিল,B,B,1,,0,0.5465486645698541,,0.5465486645698541,0.39209261536598206,1,281,common,country,0,0,1,0.21404786407947501,0.5465486645698541,0.09873017668724,0.140673324465751
1029,D-lit,একতিল,C,A,0,A,1,0.170994862914085,0.752532720565795,0.752532720565795,0.5167498588562011,2,173,common,country,0,0,1,0.752532720565795,0.035207543522119,0.170994862914085,0.041264858096838004
1029,D-surf,একতিল,C,A,0,,0,0.400988042354583,,0.40761798620224,0.272434681653976,2,220,common,country,0,0,1,0.40761798620224,0.11743070185184401,0.400988042354583,0.07396330684423401
1029,D-sem,একতিল,C,C,1,,0,0.38093486428260803,,0.38093486428260803,0.19114342331886203,2,301,common,country,0,0,1,0.36670643091201705,0.144363358616828,0.38093486428260803,0.107995368540287
1029,D-hard,একতিল,B,C,0,C,1,0.101459823548793,0.513279378414154,0.513279378414154,0.333597034215927,1,234,common,country,0,0,1,0.085210978984832,0.101459823548793,0.513279378414154,0.300049781799316
1034,D-rand,একদমা,D,D,1,,0,0.5074944496154781,,0.5074944496154781,0.41373926401138306,3,228,common,country,0,0,1,0.205238074064254,0.172759279608726,0.11450816690921702,0.5074944496154781
1034,D-lit,একদমা,B,B,1,C,0,0.310713082551956,0.29974278807640004,0.310713082551956,0.244881048798561,1,209,common,country,0,0,1,0.303735345602035,0.310713082551956,0.29974278807640004,0.085808835923671
1034,D-surf,একদমা,B,B,1,,0,0.355895817279815,,0.355895817279815,0.25081908702850303,1,270,common,country,0,0,1,0.14374852180480902,0.355895817279815,0.200026616454124,0.300329059362411
1034,D-sem,একদমা,B,B,1,,0,0.34247565269470204,,0.34247565269470204,0.295569211244583,1,319,common,country,0,0,1,0.280411899089813,0.34247565269470204,0.293018341064453,0.084094159305095
1034,D-hard,একদমা,C,C,1,D,0,0.321985125541687,0.31547465920448303,0.321985125541687,0.24610690772533403,2,224,common,country,0,0,1,0.13753883540630302,0.22500142455101002,0.321985125541687,0.31547465920448303
1045,D-rand,একনলা,A,A,1,,0,0.352807998657226,,0.352807998657226,0.21944995224475802,0,328,common,deep rural,0,0,1,0.352807998657226,0.182555884122848,0.22910585999488803,0.235530242323875
1045,D-lit,একনলা,C,B,0,A,0,0.296893030405044,0.173118516802787,0.416979104280471,0.355315804481506,2,233,common,deep rural,0,0,1,0.173118516802787,0.416979104280471,0.296893030405044,0.11300932615995402
1045,D-surf,একনলা,A,A,1,,0,0.382508039474487,,0.382508039474487,0.242026284337043,0,239,common,deep rural,0,0,1,0.382508039474487,0.24009588360786402,0.18547761440277102,0.191918477416038
1045,D-sem,একনলা,D,D,1,,0,0.38168513774871804,,0.38168513774871804,0.30428677797317505,3,275,common,deep rural,0,0,1,0.181662499904632,0.20499315857887201,0.23165921866893702,0.38168513774871804
1045,D-hard,একনলা,C,C,1,D,0,0.338221997022628,0.19114430248737302,0.338221997022628,0.29250544309616,2,242,common,deep rural,0,0,1,0.278468638658523,0.19216506183147403,0.338221997022628,0.19114430248737302
1050,D-rand,একপয়সা মা-বাপ,C,C,1,,0,0.34818643331527704,,0.34818643331527704,0.20467650890350303,2,216,common,country,0,0,3,0.29057925939559903,0.19639813899993802,0.34818643331527704,0.16483615338802302
1050,D-lit,একপয়সা মা-বাপ,D,C,0,C,1,0.026713095605373,0.9319970607757561,0.9319970607757561,0.7797193527221681,3,216,common,country,0,0,3,0.026520142331719003,0.014769726432859,0.9319970607757561,0.026713095605373
1050,D-surf,একপয়সা মা-বাপ,A,A,1,,0,0.402385056018829,,0.402385056018829,0.229635536670684,0,200,common,country,0,0,3,0.402385056018829,0.19781315326690602,0.204157620668411,0.19564419984817502
1050,D-sem,একপয়সা মা-বাপ,B,B,1,,0,0.460476636886596,,0.460476636886596,0.254787236452102,1,229,common,country,0,0,3,0.19425766170024802,0.460476636886596,0.233027830719947,0.11223782598972301
1050,D-hard,একপয়সা মা-বাপ,D,A,0,A,1,0.037080697715282,0.9083757996559141,0.9083757996559141,0.765108168125152,3,257,common,country,0,0,3,0.9083757996559141,0.013855951838195001,0.040687590837478006,0.037080697715282
1058,D-rand,একপেশে,C,C,1,,0,0.43514373898506103,,0.43514373898506103,0.26088681817054704,2,184,common,country,0,0,1,0.12313443422317501,0.302281886339187,0.43514373898506103,0.13943995535373602
1058,D-lit,একপেশে,C,B,0,B,1,0.29901456832885703,0.335282176733016,0.335282176733016,0.281424134969711,2,179,common,country,0,0,1,0.16478906571865,0.335282176733016,0.29901456832885703,0.200914219021797
1058,D-surf,একপেশে,D,D,1,,0,0.473993062973022,,0.473993062973022,0.279564023017883,3,187,common,country,0,0,1,0.240284696221351,0.082444481551647,0.20327772200107502,0.473993062973022
1058,D-sem,একপেশে,C,D,0,,0,0.23050265014171603,,0.476747840642929,0.34923529624938904,2,183,common,country,0,0,1,0.08009946346282901,0.21265004575252502,0.23050265014171603,0.476747840642929
1058,D-hard,একপেশে,A,D,0,C,0,0.23572772741317702,0.286186873912811,0.341287344694137,0.23710003495216303,0,178,common,country,0,0,1,0.23572772741317702,0.13679799437522802,0.286186873912811,0.341287344694137
1065,D-rand,একবনের শিয়াল,B,A,0,,0,0.28661870956420904,,0.292337417602539,0.136482879519462,1,253,common,deep rural,0,0,2,0.292337417602539,0.28661870956420904,0.275620847940444,0.145422980189323
1065,D-lit,একবনের শিয়াল,A,B,0,B,1,0.08873550593852901,0.8058692216873161,0.8058692216873161,0.483648926019668,0,261,common,deep rural,0,0,2,0.08873550593852901,0.8058692216873161,0.05976745486259401,0.045627839863300004
1065,D-surf,একবনের শিয়াল,A,A,1,,0,0.299063712358474,,0.299063712358474,0.173869654536247,0,288,common,deep rural,0,0,2,0.299063712358474,0.25022375583648604,0.256368249654769,0.19434425234794603
1065,D-sem,একবনের শিয়াল,C,C,1,,0,0.43968677520751903,,0.43968677520751903,0.21974124014377502,2,243,common,deep rural,0,0,2,0.239110499620437,0.18365497887134502,0.43968677520751903,0.13754774630069702
1065,D-hard,একবনের শিয়াল,D,C,0,C,1,0.090474806725978,0.753980278968811,0.753980278968811,0.421393007040023,3,271,common,deep rural,0,0,2,0.08397327363491,0.071571610867977,0.753980278968811,0.090474806725978
1074,D-rand,একমনে,B,B,1,,0,0.510932564735412,,0.510932564735412,0.358960956335067,1,260,very common,country,0,0,1,0.28831773996353105,0.510932564735412,0.072597742080688,0.12815193831920602
1074,D-lit,একমনে,C,B,0,B,1,0.353728622198104,0.35822379589080805,0.35822379589080805,0.264686703681945,2,188,very common,country,0,0,1,0.14560163021087602,0.35822379589080805,0.353728622198104,0.14244595170021002
1074,D-surf,একমনে,D,D,1,,0,0.41351306438446,,0.41351306438446,0.36794921755790705,3,235,very common,country,0,0,1,0.21805003285408,0.1314427703619,0.23699413239955902,0.41351306438446
1074,D-sem,একমনে,B,A,0,,0,0.40129551291465704,,0.465918242931365,0.344512969255447,1,221,very common,country,0,0,1,0.465918242931365,0.40129551291465704,0.049434918910264004,0.08335143327713
1074,D-hard,একমনে,C,A,0,B,0,0.285547047853469,0.289160937070846,0.29965832829475403,0.254604965448379,2,225,very common,country,0,0,1,0.29965832829475403,0.289160937070846,0.285547047853469,0.125633642077445
1081,D-rand,একমুখে দুই কথা,D,D,1,,0,0.7247124910354611,,0.7247124910354611,0.468273997306823,3,201,very common,country,0,0,3,0.09753813594579601,0.147366285324096,0.030383139848709002,0.7247124910354611
1081,D-lit,একমুখে দুই কথা,B,A,0,A,1,0.22110421955585402,0.7320815920829771,0.7320815920829771,0.511565864086151,1,231,very common,country,0,0,3,0.7320815920829771,0.22110421955585402,0.027233935892581003,0.019580269232392002
1081,D-surf,একমুখে দুই কথা,B,B,1,,0,0.480393588542938,,0.480393588542938,0.34207075834274203,1,279,very common,country,0,0,3,0.239025965332984,0.480393588542938,0.108398668467998,0.17218181490898102
1081,D-sem,একমুখে দুই কথা,C,C,1,,0,0.706451117992401,,0.706451117992401,0.5110368728637691,2,254,very common,country,0,0,3,0.07033205777406601,0.098048441112041,0.706451117992401,0.125168353319168
1081,D-hard,একমুখে দুই কথা,D,B,0,B,1,0.20550960302352902,0.732645690441131,0.732645690441131,0.50732147693634,3,247,very common,country,0,0,3,0.024815376847982,0.732645690441131,0.037029329687356005,0.20550960302352902
1083,D-rand,একমুঠো ভাত,D,D,1,,0,0.5392857789993281,,0.5392857789993281,0.31759163737297,3,202,very common,deep rural,0,0,2,0.087765432894229,0.18632468581199602,0.18662407994270303,0.5392857789993281
1083,D-lit,একমুঠো ভাত,D,C,0,C,1,0.046385817229747,0.9025636315345761,0.9025636315345761,0.7288518548011781,3,225,very common,deep rural,0,0,2,0.039603140205144,0.011447346769273,0.9025636315345761,0.046385817229747
1083,D-surf,একমুঠো ভাত,A,A,1,,0,0.414042532444,,0.414042532444,0.22354432940483002,0,182,very common,deep rural,0,0,2,0.414042532444,0.28732076287269503,0.07834256440401001,0.22029420733451802
1083,D-sem,একমুঠো ভাত,D,D,1,,0,0.49996447563171303,,0.49996447563171303,0.36667624115943903,3,350,very common,deep rural,0,0,2,0.127067580819129,0.16658653318881902,0.20638144016265803,0.49996447563171303
1083,D-hard,একমুঠো ভাত,B,C,0,C,1,0.048406638205051006,0.9161849617958061,0.9161849617958061,0.7729852199554441,1,240,very common,deep rural,0,0,2,0.017315838485956,0.048406638205051006,0.9161849617958061,0.018092574551701
1097,D-rand,একরাশ,C,C,1,,0,0.350676864385604,,0.350676864385604,0.259136974811553,2,305,very common,country,0,0,1,0.193138524889945,0.21034252643585202,0.350676864385604,0.24584205448627403
1097,D-lit,একরাশ,C,B,0,B,1,0.057595707476139006,0.8624390959739681,0.8624390959739681,0.656345844268798,2,178,very common,country,0,0,1,0.05235544219613,0.8624390959739681,0.057595707476139006,0.027609711512923
1097,D-surf,একরাশ,A,A,1,,0,0.41768088936805703,,0.41768088936805703,0.238424509763717,0,148,very common,country,0,0,1,0.41768088936805703,0.157222911715507,0.239159882068634,0.185936331748962
1097,D-sem,একরাশ,B,C,0,,0,0.18575707077980003,,0.626414954662323,0.49258017539978005,1,198,very common,country,0,0,1,0.11611074209213201,0.18575707077980003,0.626414954662323,0.07171717286109901
1097,D-hard,একরাশ,A,B,0,B,1,0.062140237540006006,0.8342507481575011,0.8342507481575011,0.6534237265586851,0,180,very common,country,0,0,1,0.062140237540006006,0.8342507481575011,0.06934925168752601,0.034259770065546
1098,D-rand,একরোখা,D,C,0,,0,0.23545649647712702,,0.303735852241516,0.17900888621807,3,215,common,country,0,0,1,0.181720837950706,0.279086887836456,0.303735852241516,0.23545649647712702
1098,D-lit,একরোখা,C,D,0,D,1,0.15183703601360302,0.6052255034446711,0.6052255034446711,0.40915161371231,2,185,common,country,0,0,1,0.118286006152629,0.12465146183967502,0.15183703601360302,0.6052255034446711
1098,D-surf,একরোখা,C,A,0,,0,0.258169949054718,,0.341258198022842,0.2029839605093,2,286,common,country,0,0,1,0.341258198022842,0.14634820818901,0.258169949054718,0.254223644733428
1098,D-sem,একরোখা,A,B,0,,0,0.222280710935592,,0.5236579775810241,0.325134336948394,0,237,common,country,0,0,1,0.222280710935592,0.5236579775810241,0.18395251035690302,0.070108763873577
1098,D-hard,একরোখা,C,D,0,D,1,0.144701912999153,0.576824069023132,0.576824069023132,0.339262098073959,2,239,common,country,0,0,1,0.177273690700531,0.101200297474861,0.144701912999153,0.576824069023132
1110,D-rand,একশেষ,D,B,0,,0,0.26397898793220503,,0.389757454395294,0.184666410088539,3,193,very common,country,0,0,1,0.16296048462390902,0.389757454395294,0.183303073048591,0.26397898793220503
1110,D-lit,একশেষ,B,A,0,A,1,0.05133126676082601,0.8832517862319941,0.8832517862319941,0.6416195034980771,1,172,very common,country,0,0,1,0.8832517862319941,0.05133126676082601,0.028822036460042003,0.036594931036233
1110,D-surf,একশেষ,D,C,0,,0,0.12541903555393202,,0.34099411964416504,0.16363532841205503,3,218,very common,country,0,0,1,0.260185271501541,0.2734015583992,0.34099411964416504,0.12541903555393202
1110,D-sem,একশেষ,C,A,0,,0,0.18019971251487701,,0.35612118244171104,0.22667649388313202,2,269,very common,country,0,0,1,0.35612118244171104,0.25671285390853804,0.18019971251487701,0.20696629583835602
1110,D-hard,একশেষ,A,C,0,C,1,0.060318909585475006,0.805255115032196,0.805255115032196,0.617893576622009,0,233,very common,country,0,0,1,0.060318909585475006,0.09535288810729901,0.805255115032196,0.039073135703802005
1111,D-rand,একসময়,A,A,1,,0,0.657905936241149,,0.657905936241149,0.485819816589355,0,164,very common,country,0,0,1,0.657905936241149,0.261329799890518,0.053811214864254005,0.026953047141432002
1111,D-lit,একসময়,C,A,0,A,1,0.30379480123519903,0.662663877010345,0.662663877010345,0.471840292215347,2,200,very common,country,0,0,1,0.662663877010345,0.020207522436976003,0.30379480123519903,0.013333776965737001
1111,D-surf,একসময়,C,C,1,,0,0.849073648452758,,0.849073648452758,0.644250333309173,2,276,very common,country,0,0,1,0.045123059302568005,0.022563127800822,0.849073648452758,0.083240151405334
1111,D-sem,একসময়,B,B,1,,0,0.48404553532600403,,0.48404553532600403,0.31399574875831604,1,185,very common,country,0,0,1,0.267575085163116,0.48404553532600403,0.23345483839511802,0.014924542978405002
1111,D-hard,একসময়,B,D,0,D,1,0.24850746989250103,0.728600442409515,0.728600442409515,0.5423456430435181,1,146,very common,country,0,0,1,0.009031956084072,0.24850746989250103,0.013860139995813,0.728600442409515
1123,D-rand,একা একা,D,D,1,,0,0.5536310076713561,,0.5536310076713561,0.42463344335556,3,180,common,country,0,0,2,0.22931899130344302,0.146706745028495,0.070343278348445,0.5536310076713561
1123,D-lit,একা একা,C,B,0,B,1,0.258746147155761,0.637509047985076,0.637509047985076,0.5380789041519161,2,216,common,country,0,0,2,0.061139393597841006,0.637509047985076,0.258746147155761,0.042605370283126005
1123,D-surf,একা একা,B,B,1,,0,0.7240666747093201,,0.7240666747093201,0.46930825710296603,1,189,common,country,0,0,2,0.025813154876232,0.7240666747093201,0.20483423769474002,0.045285888016223005
1123,D-sem,একা একা,B,B,1,,0,0.6511188149452211,,0.6511188149452211,0.5410854816436761,1,210,common,country,0,0,2,0.13577373325824701,0.6511188149452211,0.11125090718269301,0.101856537163257
1123,D-hard,একা একা,A,D,0,D,1,0.24936084449291201,0.6638268232345581,0.6638268232345581,0.491052359342575,0,165,common,country,0,0,2,0.24936084449291201,0.07849378138780501,0.00831853877753,0.6638268232345581
1142,D-rand,একাহারী,C,C,1,,0,0.552162826061248,,0.552162826061248,0.320685625076293,2,201,common,country,0,1,1,0.150699943304061,0.12178846448659801,0.552162826061248,0.17534878849983201
1142,D-lit,একাহারী,C,C,1,A,0,0.362034916877746,0.33162781596183705,0.362034916877746,0.217979371547698,2,240,common,country,0,1,1,0.33162781596183705,0.16813278198242101,0.362034916877746,0.138204455375671
1142,D-surf,একাহারী,C,C,1,,0,0.42349678277969305,,0.42349678277969305,0.25086623430252003,2,172,common,country,0,1,1,0.162099659442901,0.11762893944978701,0.42349678277969305,0.296774625778198
1142,D-sem,একাহারী,A,A,1,,0,0.46490854024887,,0.46490854024887,0.26793947815895003,0,177,common,country,0,1,1,0.46490854024887,0.14155945181846602,0.229925498366355,0.163606494665145
1142,D-hard,একাহারী,D,A,0,A,1,0.374355733394622,0.38741713762283303,0.38741713762283303,0.165307864546775,3,229,common,country,0,1,1,0.38741713762283303,0.150946736335754,0.08728041499853101,0.374355733394622
1144,D-rand,একুনে,D,B,0,,0,0.099959194660186,,0.5208857655525201,0.315555304288864,3,208,common,country,0,0,1,0.143160641193389,0.5208857655525201,0.235994413495063,0.099959194660186
1144,D-lit,একুনে,C,D,0,D,1,0.08083939552307101,0.537868738174438,0.537868738174438,0.336514085531234,2,231,common,country,0,0,1,0.13681343197822501,0.24447846412658603,0.08083939552307101,0.537868738174438
1144,D-surf,একুনে,D,A,0,,0,0.140098288655281,,0.352113962173461,0.18942271173000302,3,235,common,country,0,0,1,0.352113962173461,0.290425896644592,0.217361852526664,0.140098288655281
1144,D-sem,একুনে,C,B,0,,0,0.12368305772542901,,0.5119026899337761,0.31147688627243003,2,180,common,country,0,0,1,0.267734229564666,0.5119026899337761,0.12368305772542901,0.096679955720901
1144,D-hard,একুনে,D,C,0,C,1,0.061682891100645,0.44770029187202404,0.44770029187202404,0.229935199022293,3,205,common,country,0,0,1,0.420465320348739,0.070151478052139,0.44770029187202404,0.061682891100645
1154,D-rand,একেবারেই,C,C,1,,0,0.7870768904685971,,0.7870768904685971,0.660551905632019,2,214,very common,country,0,0,1,0.08836787939071601,0.062970526516437,0.7870768904685971,0.061584766954183
1154,D-lit,একেবারেই,D,C,0,C,1,0.20795445144176403,0.7278029322624201,0.7278029322624201,0.5844074487686151,3,295,very common,country,0,0,1,0.047641690820455,0.016600923612713002,0.7278029322624201,0.20795445144176403
1154,D-surf,একেবারেই,C,C,1,,0,0.6420515775680541,,0.6420515775680541,0.535677373409271,2,372,very common,country,0,0,1,0.24029695987701402,0.06555078923702201,0.6420515775680541,0.052100669592618006
1154,D-sem,একেবারেই,C,C,1,,0,0.5108347535133361,,0.5108347535133361,0.346563875675201,2,188,very common,country,0,0,1,0.29955840110778803,0.088007129728794,0.5108347535133361,0.10159966349601701
1154,D-hard,একেবারেই,B,A,0,A,1,0.22744771838188102,0.6988869905471801,0.6988869905471801,0.5875108838081361,1,246,very common,country,0,0,1,0.6988869905471801,0.22744771838188102,0.01131347939372,0.062351770699024006
1157,D-rand,একোদিষ্ট,B,B,1,,0,0.38494086265563904,,0.38494086265563904,0.24134856462478602,1,210,common,country,0,1,1,0.19147278368473,0.38494086265563904,0.11656205356121001,0.307024270296096
1157,D-lit,একোদিষ্ট,C,A,0,A,1,0.336999982595443,0.365785956382751,0.365785956382751,0.18983507156372,2,298,common,country,0,1,1,0.365785956382751,0.12433435767889,0.336999982595443,0.172879695892333
1157,D-surf,একোদিষ্ট,B,B,1,,0,0.34679821133613503,,0.34679821133613503,0.24442701041698403,1,249,common,country,0,1,1,0.26772591471672,0.34679821133613503,0.12131144106388,0.264164447784423
1157,D-sem,একোদিষ্ট,B,B,1,,0,0.468576163053512,,0.468576163053512,0.363783121109008,1,372,common,country,0,1,1,0.193808481097221,0.468576163053512,0.122657008469104,0.21495832502841902
1157,D-hard,একোদিষ্ট,C,B,0,D,0,0.21683096885681102,0.226054489612579,0.434963732957839,0.26612624526023804,2,272,common,country,0,1,1,0.12215078622102701,0.434963732957839,0.21683096885681102,0.226054489612579
1159,D-rand,এক্কা-দোক্কা,D,B,0,,0,0.140900790691375,,0.32078438997268605,0.159423112869262,3,222,common,country,0,0,2,0.24034811556339203,0.32078438997268605,0.297966688871383,0.140900790691375
1159,D-lit,এক্কা-দোক্কা,A,B,0,C,0,0.169878557324409,0.147627189755439,0.36003038287162703,0.184040248394012,0,318,common,country,0,0,2,0.169878557324409,0.36003038287162703,0.147627189755439,0.3224638402462
1159,D-surf,এক্কা-দোক্কা,D,A,0,,0,0.20325060188770203,,0.298487991094589,0.170362040400505,3,252,common,country,0,0,2,0.298487991094589,0.27135154604911804,0.226909860968589,0.20325060188770203
1159,D-sem,এক্কা-দোক্কা,A,B,0,,0,0.22090493142604803,,0.43128177523612904,0.22828808426856903,0,287,common,country,0,0,2,0.22090493142604803,0.43128177523612904,0.202689930796623,0.145123347640037
1159,D-hard,এক্কা-দোক্কা,A,C,0,D,0,0.19336247444152802,0.17253275215625702,0.355920732021331,0.21463029086589802,0,331,common,country,0,0,2,0.19336247444152802,0.278184086084365,0.355920732021331,0.17253275215625702
1166,D-rand,এগিয়ে দেওয়া,A,A,1,,0,0.33960688114166204,,0.33960688114166204,0.23768006265163402,0,234,very common,country,0,0,2,0.33960688114166204,0.26300382614135703,0.275845408439636,0.12154387682676301
1166,D-lit,এগিয়ে দেওয়া,A,B,0,B,1,0.098305359482765,0.827727675437927,0.827727675437927,0.7281385064125061,0,211,very common,country,0,0,2,0.098305359482765,0.827727675437927,0.031825803220272,0.042141050100326004
1166,D-surf,এগিয়ে দেওয়া,C,A,0,,0,0.31152364611625605,,0.371807545423507,0.257439106702804,2,184,very common,country,0,0,2,0.371807545423507,0.141419649124145,0.31152364611625605,0.175249114632606
1166,D-sem,এগিয়ে দেওয়া,A,B,0,,0,0.308916598558425,,0.40335828065872104,0.258476912975311,0,251,very common,country,0,0,2,0.308916598558425,0.40335828065872104,0.142078012228012,0.145647078752517
1166,D-hard,এগিয়ে দেওয়া,B,C,0,C,1,0.11177618801593701,0.826595067977905,0.826595067977905,0.6432285904884331,1,189,very common,country,0,0,2,0.029873384162783,0.11177618801593701,0.826595067977905,0.031755365431308004
1176,D-rand,এ-টু-জেড,A,A,1,,0,0.407648146152496,,0.407648146152496,0.274659544229507,0,266,common,city,0,0,3,0.407648146152496,0.147018432617187,0.272099882364273,0.173233523964881
1176,D-lit,এ-টু-জেড,C,D,0,D,1,0.19344748556613903,0.37582165002822804,0.37582165002822804,0.21480430662631902,2,238,common,city,0,0,3,0.139060273766517,0.29167056083679205,0.19344748556613903,0.37582165002822804
1176,D-surf,এ-টু-জেড,A,A,1,,0,0.42922428250312805,,0.42922428250312805,0.22862799465656203,0,235,common,city,0,0,3,0.42922428250312805,0.179481282830238,0.267445683479309,0.12384878098964601
1176,D-sem,এ-টু-জেড,B,D,0,,0,0.27095496654510504,,0.30839154124259904,0.19724647700786502,1,248,common,city,0,0,3,0.21017885208129802,0.27095496654510504,0.21047456562519,0.30839154124259904
1176,D-hard,এ-টু-জেড,C,D,0,D,1,0.19444897770881603,0.377721220254898,0.377721220254898,0.18327972292900002,2,317,common,city,0,0,3,0.321876883506774,0.10595299303531601,0.19444897770881603,0.377721220254898
1182,D-rand,এতটুকু,D,B,0,,0,0.247140064835548,,0.27686440944671603,0.24464172124862602,3,411,common,country,0,0,1,0.26748430728912304,0.27686440944671603,0.208511218428611,0.247140064835548
1182,D-lit,এতটুকু,C,B,0,B,1,0.032815918326377,0.8955354690551751,0.8955354690551751,0.762736618518829,2,210,common,country,0,0,1,0.042270503938198006,0.8955354690551751,0.032815918326377,0.029378168284893
1182,D-surf,এতটুকু,D,D,1,,0,0.34828105568885803,,0.34828105568885803,0.25079783797264105,3,204,common,country,0,0,1,0.242972418665885,0.23627145588397902,0.17247503995895302,0.34828105568885803
1182,D-sem,এতটুকু,B,D,0,,0,0.22937488555908203,,0.300525814294815,0.28413301706314004,1,360,common,country,0,0,1,0.210023045539855,0.22937488555908203,0.260076284408569,0.300525814294815
1182,D-hard,এতটুকু,D,B,0,B,1,0.033020265400409005,0.9017308354377741,0.9017308354377741,0.7976250052452081,3,243,common,country,0,0,1,0.033507172018289004,0.9017308354377741,0.031741801649332005,0.033020265400409005
1185,D-rand,এতিম,C,A,0,,0,0.19586686789989402,,0.315256297588348,0.251369923353195,2,204,very common,country,0,1,1,0.315256297588348,0.209248423576354,0.19586686789989402,0.279628455638885
1185,D-lit,এতিম,C,A,0,D,0,0.145311430096626,0.18084745109081202,0.5110369324684141,0.339321881532669,2,175,very common,country,0,1,1,0.5110369324684141,0.162804186344146,0.145311430096626,0.18084745109081202
1185,D-surf,এতিম,A,B,0,,0,0.139236375689506,,0.48494008183479304,0.347664356231689,0,277,very common,country,0,1,1,0.139236375689506,0.48494008183479304,0.16465082764625502,0.21117274463176702
1185,D-sem,এতিম,D,B,0,,0,0.15717473626136702,,0.35437577962875305,0.20993609726428902,3,178,very common,country,0,1,1,0.300734102725982,0.35437577962875305,0.18771533668041201,0.15717473626136702
1185,D-hard,এতিম,A,B,0,D,0,0.18798631429672202,0.20131289958953802,0.32924199104309004,0.19591264426708202,0,227,very common,country,0,1,1,0.18798631429672202,0.32924199104309004,0.281458795070648,0.20131289958953802
1194,D-rand,এদিক সেদিক করা,C,C,1,,0,0.40859892964363104,,0.40859892964363104,0.204021528363227,2,209,very common,country,0,0,3,0.083109058439731,0.212042286992073,0.40859892964363104,0.29624965786933904
1194,D-lit,এদিক সেদিক করা,D,B,0,B,1,0.16779543459415402,0.7295289039611811,0.7295289039611811,0.541910946369171,3,208,very common,country,0,0,3,0.053777251392602005,0.7295289039611811,0.048898398876190005,0.16779543459415402
1194,D-surf,এদিক সেদিক করা,A,C,0,,0,0.339192956686019,,0.358694672584533,0.18427278101444203,0,198,very common,country,0,0,3,0.339192956686019,0.060349419713020006,0.358694672584533,0.24176295101642603
1194,D-sem,এদিক সেদিক করা,C,C,1,,0,0.458003461360931,,0.458003461360931,0.19047419726848602,2,197,very common,country,0,0,3,0.314357012510299,0.08305874466896,0.458003461360931,0.14458070695400202
1194,D-hard,এদিক সেদিক করা,C,A,0,A,1,0.13734392821788702,0.589738190174102,0.589738190174102,0.415486931800842,2,243,very common,country,0,0,3,0.589738190174102,0.163916885852813,0.13734392821788702,0.10900095850229201
1199,D-rand,এনাফ ইজ এনাফ,A,A,1,,0,0.301640927791595,,0.301640927791595,0.178519964218139,0,261,rare,city,0,0,3,0.301640927791595,0.266645818948745,0.156740322709083,0.274972945451736
1199,D-lit,এনাফ ইজ এনাফ,B,B,1,C,0,0.34676054120063704,0.177522793412208,0.34676054120063704,0.144608929753303,1,198,rare,city,0,0,3,0.23769457638263702,0.34676054120063704,0.177522793412208,0.23802214860916102
1199,D-surf,এনাফ ইজ এনাফ,D,D,1,,0,0.37940874695777804,,0.37940874695777804,0.23479828238487202,3,223,rare,city,0,0,3,0.22629758715629503,0.177495077252388,0.21679861843585901,0.37940874695777804
1199,D-sem,এনাফ ইজ এনাফ,D,D,1,,0,0.327830970287323,,0.327830970287323,0.19676226377487102,3,233,rare,city,0,0,3,0.224798455834388,0.19964288175106001,0.24772772192955003,0.327830970287323
1199,D-hard,এনাফ ইজ এনাফ,C,A,0,D,0,0.26874533295631403,0.17060185968875802,0.35805749893188404,0.18788801133632602,2,192,rare,city,0,0,3,0.35805749893188404,0.20259526371955802,0.26874533295631403,0.17060185968875802
1212,D-rand,এবড়ো-খেবড়ো,D,B,0,,0,0.17486166954040502,,0.32014101743698103,0.16876314580440502,3,197,rare,country,0,0,2,0.252901852130889,0.32014101743698103,0.252095520496368,0.17486166954040502
1212,D-lit,এবড়ো-খেবড়ো,C,D,0,D,1,0.134413301944732,0.49361124634742704,0.49361124634742704,0.300231635570526,2,221,rare,country,0,0,2,0.20194669067859602,0.17002873122692103,0.134413301944732,0.49361124634742704
1212,D-surf,এবড়ো-খেবড়ো,C,B,0,,0,0.169326111674308,,0.38279047608375505,0.19721534848213101,2,278,rare,country,0,0,2,0.254198431968688,0.38279047608375505,0.169326111674308,0.19368501007556901
1212,D-sem,এবড়ো-খেবড়ো,B,A,0,,0,0.156160920858383,,0.371025711297988,0.22750988602638203,1,226,rare,country,0,0,2,0.371025711297988,0.156160920858383,0.254606187343597,0.21820709109306302
1212,D-hard,এবড়ো-খেবড়ো,B,A,0,A,1,0.13568910956382702,0.5259410738945001,0.5259410738945001,0.295898288488388,1,237,rare,country,0,0,2,0.5259410738945001,0.13568910956382702,0.148769065737724,0.189600721001625
1233,D-rand,এসপার ওসপার,D,A,0,,0,0.299516022205352,,0.44365581870079,0.271191745996475,3,227,common,country,0,0,2,0.44365581870079,0.160767331719398,0.09606083482503801,0.299516022205352
1233,D-lit,এসপার ওসপার,D,B,0,B,1,0.224984273314476,0.36541089415550204,0.36541089415550204,0.21602709591388702,3,359,common,country,0,0,2,0.25588920712471,0.36541089415550204,0.153715565800666,0.224984273314476
1233,D-surf,এসপার ওসপার,C,C,1,,0,0.341697752475738,,0.341697752475738,0.20614649355411502,2,261,common,country,0,0,2,0.252903431653976,0.22629928588867101,0.341697752475738,0.17909952998161302
1233,D-sem,এসপার ওসপার,A,C,0,,0,0.22988633811473802,,0.371657997369766,0.250971913337707,0,462,common,country,0,0,2,0.22988633811473802,0.19580313563346802,0.371657997369766,0.202652484178543
1233,D-hard,এসপার ওসপার,B,A,0,C,0,0.19719591736793501,0.251247227191925,0.28538116812705905,0.157670259475708,1,321,common,country,0,0,2,0.28538116812705905,0.19719591736793501,0.251247227191925,0.266175717115402
1237,D-rand,অ্যাড ইন্টারিম,D,B,0,,0,0.269974648952484,,0.331972956657409,0.20355533063411702,3,297,common,city,0,0,2,0.27444508671760504,0.331972956657409,0.12360730022192001,0.269974648952484
1237,D-lit,অ্যাড ইন্টারিম,C,A,0,A,1,0.31989899277687,0.44862493872642506,0.44862493872642506,0.21608951687812802,2,252,common,city,0,0,2,0.44862493872642506,0.14414930343627902,0.31989899277687,0.087326750159263
1237,D-surf,অ্যাড ইন্টারিম,C,D,0,,0,0.19861821830272602,,0.33441075682640004,0.20079819858074102,2,284,common,city,0,0,2,0.232935577630996,0.23403546214103702,0.19861821830272602,0.33441075682640004
1237,D-sem,অ্যাড ইন্টারিম,D,A,0,,0,0.17369106411933902,,0.441626280546188,0.245666995644569,3,206,common,city,0,0,2,0.441626280546188,0.22445002198219302,0.16023269295692402,0.17369106411933902
1237,D-hard,অ্যাড ইন্টারিম,A,D,0,C,0,0.253979831933975,0.28609734773635803,0.395632326602935,0.247021496295928,0,244,common,city,0,0,2,0.253979831933975,0.064290523529052,0.28609734773635803,0.395632326602935
1249,D-rand,ওজর-আপত্তি,B,C,0,,0,0.27820834517478904,,0.285069644451141,0.15541663765907202,1,228,very common,country,0,0,2,0.19252775609493203,0.27820834517478904,0.285069644451141,0.24419423937797502
1249,D-lit,ওজর-আপত্তি,D,C,0,C,1,0.06711901724338501,0.691236734390258,0.691236734390258,0.49028891324996904,3,225,very common,country,0,0,2,0.11181291192770001,0.129831328988075,0.691236734390258,0.06711901724338501
1249,D-surf,ওজর-আপত্তি,D,A,0,,0,0.22378782927989901,,0.37784433364868103,0.22077478468418102,3,179,very common,country,0,0,2,0.37784433364868103,0.15997271239757502,0.23839513957500402,0.22378782927989901
1249,D-sem,ওজর-আপত্তি,A,A,1,,0,0.305673480033874,,0.305673480033874,0.18486309051513602,0,225,very common,country,0,0,2,0.305673480033874,0.28777825832366905,0.20804879069328303,0.19849944114685
1249,D-hard,ওজর-আপত্তি,B,D,0,D,1,0.08313696831464701,0.7086081504821771,0.7086081504821771,0.47111845016479403,1,243,very common,country,0,0,2,0.10813941061496701,0.08313696831464701,0.10011544078588401,0.7086081504821771
1250,D-rand,ওঝার ঘাড়ে ভূতের বোঝা,C,B,0,,0,0.17857588827610002,,0.41619920730590804,0.26853969693183904,2,251,common,deep rural,0,0,4,0.258093744516372,0.41619920730590804,0.17857588827610002,0.14713117480278
1250,D-lit,ওঝার ঘাড়ে ভূতের বোঝা,A,B,0,B,1,0.093732856214046,0.712725758552551,0.712725758552551,0.532017767429351,0,241,common,deep rural,0,0,4,0.093732856214046,0.712725758552551,0.10771922767162301,0.08582212775945601
1250,D-surf,ওঝার ঘাড়ে ভূতের বোঝা,C,A,0,,0,0.263305574655532,,0.278943926095962,0.163409709930419,2,216,common,deep rural,0,0,4,0.278943926095962,0.19056823849678,0.263305574655532,0.267182260751724
1250,D-sem,ওঝার ঘাড়ে ভূতের বোঝা,B,D,0,,0,0.28149181604385304,,0.321153938770294,0.190808117389678,1,225,common,deep rural,0,0,4,0.205003082752227,0.28149181604385304,0.19235119223594602,0.321153938770294
1250,D-hard,ওঝার ঘাড়ে ভূতের বোঝা,D,A,0,A,1,0.073756858706474,0.6871374249458311,0.6871374249458311,0.5486877560615541,3,270,common,deep rural,0,0,4,0.6871374249458311,0.15762338042259202,0.08148239552974701,0.073756858706474
1279,D-rand,ওস্তাগর,B,C,0,,0,0.310735523700714,,0.33051514625549305,0.169936299324035,1,165,common,country,1,0,1,0.235872998833656,0.310735523700714,0.33051514625549305,0.12287637591362
1279,D-lit,ওস্তাগর,D,B,0,A,0,0.28282478451728804,0.169383645057678,0.378099977970123,0.19148752093315102,3,231,common,country,1,0,1,0.169383645057678,0.378099977970123,0.16969159245491,0.28282478451728804
1279,D-surf,ওস্তাগর,A,A,1,,0,0.29761517047882,,0.29761517047882,0.23076564073562603,0,168,common,country,1,0,1,0.29761517047882,0.22214399278163902,0.243756100535392,0.236484691500663
1279,D-sem,ওস্তাগর,C,A,0,,0,0.27687105536460804,,0.435970693826675,0.32095211744308405,2,186,common,country,1,0,1,0.435970693826675,0.18140096962451902,0.27687105536460804,0.10575728863477701
1279,D-hard,ওস্তাগর,A,A,1,D,0,0.34570041298866205,0.15561544895172102,0.34570041298866205,0.22504448890686002,0,230,common,country,1,0,1,0.34570041298866205,0.27245557308197005,0.22622855007648401,0.15561544895172102
1301,D-rand,কংস রাজার বদ ফরমাশ,D,A,0,,0,0.24407553672790502,,0.400441318750381,0.2537462413311,3,202,rare,country,0,1,4,0.400441318750381,0.128420546650886,0.22706258296966503,0.24407553672790502
1301,D-lit,কংস রাজার বদ ফরমাশ,A,D,0,D,1,0.11114264279603901,0.6860945224761961,0.6860945224761961,0.592356324195861,0,178,rare,country,0,1,4,0.11114264279603901,0.07715308666229201,0.12560978531837402,0.6860945224761961
1301,D-surf,কংস রাজার বদ ফরমাশ,C,A,0,,0,0.220732018351554,,0.342536211013793,0.22325208783149703,2,297,rare,country,0,1,4,0.342536211013793,0.20439702272415103,0.220732018351554,0.23233474791049902
1301,D-sem,কংস রাজার বদ ফরমাশ,C,C,1,,0,0.35063627362251204,,0.35063627362251204,0.18545694649219502,2,225,rare,country,0,1,4,0.20944942533969801,0.315756976604461,0.35063627362251204,0.12415730208158401
1301,D-hard,কংস রাজার বদ ফরমাশ,D,B,0,B,1,0.123059630393981,0.660910904407501,0.660910904407501,0.48529621958732605,3,213,rare,country,0,1,4,0.126643806695938,0.660910904407501,0.08938568830490101,0.123059630393981
1304,D-rand,কঙ্কালসার,A,C,0,,0,0.186908170580863,,0.293677240610122,0.23203918337821902,0,225,common,country,0,0,1,0.186908170580863,0.27999791502952504,0.293677240610122,0.23941668868064803
1304,D-lit,কঙ্কালসার,B,A,0,A,1,0.01380390394479,0.953007221221923,0.953007221221923,0.8217110037803651,1,198,common,country,0,0,1,0.953007221221923,0.01380390394479,0.012424537912011,0.02076431363821
1304,D-surf,কঙ্কালসার,D,B,0,,0,0.15410572290420502,,0.327030539512634,0.15971802175045002,3,213,common,country,0,0,1,0.22653958201408303,0.327030539512634,0.29232415556907604,0.15410572290420502
1304,D-sem,কঙ্কালসার,A,D,0,,0,0.191480964422225,,0.359649300575256,0.211931154131889,0,206,common,country,0,0,1,0.191480964422225,0.24618329107761303,0.202686458826065,0.359649300575256
1304,D-hard,কঙ্কালসার,C,D,0,D,1,0.011554641649127001,0.95850384235382,0.95850384235382,0.8081952929496761,2,199,common,country,0,0,1,0.020255651324987002,0.00968591030687,0.011554641649127001,0.95850384235382
1310,D-rand,কচিকাঁচা,A,B,0,,0,0.212081089615821,,0.34063485264778104,0.2332573980093,0,194,common,country,0,0,1,0.212081089615821,0.34063485264778104,0.24658857285976402,0.20069545507431003
1310,D-lit,কচিকাঁচা,B,A,0,A,1,0.013879406265914001,0.9631494879722591,0.9631494879722591,0.8697440028190611,1,216,common,country,0,0,1,0.9631494879722591,0.013879406265914001,0.013514755293726002,0.009456280618906
1310,D-surf,কচিকাঁচা,A,D,0,,0,0.17823882400989502,,0.409322261810302,0.230862483382225,0,211,common,country,0,0,1,0.17823882400989502,0.30913543701171803,0.10330340266227701,0.409322261810302
1310,D-sem,কচিকাঁচা,D,B,0,,0,0.26578614115715005,,0.309855848550796,0.203567445278167,3,177,common,country,0,0,1,0.180036783218383,0.309855848550796,0.24432124197483002,0.26578614115715005
1310,D-hard,কচিকাঁচা,C,D,0,D,1,0.013566205278038,0.956641554832458,0.956641554832458,0.8396034240722651,2,256,common,country,0,0,1,0.018836041912436003,0.010956271551549001,0.013566205278038,0.956641554832458
1311,D-rand,কচি খোকা,C,B,0,,0,0.189364939928054,,0.44355276226997303,0.24668902158737102,2,237,common,country,0,0,2,0.183972999453544,0.44355276226997303,0.189364939928054,0.183109313249588
1311,D-lit,কচি খোকা,C,B,0,B,1,0.01445678807795,0.9376258254051201,0.9376258254051201,0.7693908810615541,2,233,common,country,0,0,2,0.029415410012006003,0.9376258254051201,0.01445678807795,0.018502032384276
1311,D-surf,কচি খোকা,D,B,0,,0,0.16708819568157102,,0.40095794200897206,0.233137503266334,3,224,common,country,0,0,2,0.22428689897060303,0.40095794200897206,0.207666963338851,0.16708819568157102
1311,D-sem,কচি খোকা,A,B,0,,0,0.195759639143943,,0.32862758636474604,0.21051256358623502,0,200,common,country,0,0,2,0.195759639143943,0.32862758636474604,0.22126911580562503,0.25434374809265103
1311,D-hard,কচি খোকা,C,B,0,B,1,0.014602071605622002,0.947112143039703,0.947112143039703,0.7606343030929561,2,247,common,country,0,0,2,0.011587533168494,0.947112143039703,0.014602071605622002,0.026698371395468
1328,D-rand,কটকটে কথা,A,C,0,,0,0.19805845618247903,,0.47861322760581904,0.30213248729705805,0,213,common,country,0,0,2,0.19805845618247903,0.211646795272827,0.47861322760581904,0.11168151348829201
1328,D-lit,কটকটে কথা,A,D,0,D,1,0.187728017568588,0.49181413650512606,0.49181413650512606,0.278350889682769,0,175,common,country,0,0,2,0.187728017568588,0.15404362976551,0.166414275765419,0.49181413650512606
1328,D-surf,কটকটে কথা,D,B,0,,0,0.153268307447433,,0.51607608795166,0.337937712669372,3,157,common,country,0,0,2,0.156353756785392,0.51607608795166,0.17430189251899703,0.153268307447433
1328,D-sem,কটকটে কথা,A,B,0,,0,0.193951457738876,,0.5328076481819151,0.295131236314773,0,176,common,country,0,0,2,0.193951457738876,0.5328076481819151,0.120108023285865,0.153132900595664
1328,D-hard,কটকটে কথা,B,C,0,A,0,0.081580772995948,0.27493903040885903,0.530112028121948,0.285781472921371,1,209,common,country,0,0,2,0.27493903040885903,0.081580772995948,0.530112028121948,0.113368161022663
1332,D-rand,কটমট,D,B,0,,0,0.15634673833847001,,0.28958889842033303,0.18620216846466,3,220,common,country,0,0,1,0.267975747585296,0.28958889842033303,0.28608867526054305,0.15634673833847001
1332,D-lit,কটমট,D,B,0,B,1,0.084912374615669,0.6712732911109921,0.6712732911109921,0.410233825445175,3,231,common,country,0,0,1,0.09886868298053701,0.6712732911109921,0.144945710897445,0.084912374615669
1332,D-surf,কটমট,B,A,0,,0,0.14165996015071802,,0.314195841550827,0.215132147073745,1,169,common,country,0,0,1,0.314195841550827,0.14165996015071802,0.23591773211956002,0.30822646617889404
1332,D-sem,কটমট,A,D,0,,0,0.239533528685569,,0.35585761070251404,0.19897702336311301,0,215,common,country,0,0,1,0.239533528685569,0.12026699632406201,0.284341871738433,0.35585761070251404
1332,D-hard,কটমট,D,C,0,C,1,0.069704458117485,0.5634409189224241,0.5634409189224241,0.323529243469238,3,243,common,country,0,0,1,0.08934536576271,0.27750915288925104,0.5634409189224241,0.069704458117485
1353,D-rand,কড়া ওষুধ,A,C,0,,0,0.24805061519145902,,0.496205568313598,0.32843333482742304,0,258,common,country,0,0,2,0.24805061519145902,0.162477388978004,0.496205568313598,0.093266479671001
1353,D-lit,কড়া ওষুধ,A,C,0,C,1,0.003790257731452,0.9918168187141411,0.9918168187141411,0.8971786499023431,0,198,common,country,0,0,2,0.003790257731452,0.0033292537555090003,0.9918168187141411,0.001063766190782
1353,D-surf,কড়া ওষুধ,D,D,1,,0,0.334716469049453,,0.334716469049453,0.20778313279151903,3,163,common,country,0,0,2,0.245819464325904,0.202453553676605,0.21701051294803603,0.334716469049453
1353,D-sem,কড়া ওষুধ,D,A,0,,0,0.25778362154960605,,0.342685401439666,0.22640021145343703,3,177,common,country,0,0,2,0.342685401439666,0.323802441358566,0.075728587806224,0.25778362154960605
1353,D-hard,কড়া ওষুধ,B,A,0,A,1,0.005103426985442,0.9211566448211671,0.9211566448211671,0.8650885820388791,1,203,common,country,0,0,2,0.9211566448211671,0.005103426985442,0.003867658087983,0.069872297346591
1357,D-rand,কড়াক্রান্তি,B,D,0,,0,0.266760557889938,,0.309138298034667,0.21480223536491302,1,208,rare,country,0,0,1,0.292205929756164,0.266760557889938,0.13189524412155101,0.309138298034667
1357,D-lit,কড়াক্রান্তি,D,B,0,B,1,0.024737792089581,0.9216955900192261,0.9216955900192261,0.816330909729003,3,315,rare,country,0,0,1,0.022796172648668,0.9216955900192261,0.030770322307944003,0.024737792089581
1357,D-surf,কড়াক্রান্তি,C,B,0,,0,0.199767932295799,,0.33096820116043,0.229654222726821,2,239,rare,country,0,0,1,0.168569833040237,0.33096820116043,0.199767932295799,0.30069407820701605
1357,D-sem,কড়াক্রান্তি,A,C,0,,0,0.21744087338447501,,0.32853445410728405,0.23128928244113903,0,215,rare,country,0,0,1,0.21744087338447501,0.240022659301757,0.32853445410728405,0.21400204300880402
1357,D-hard,কড়াক্রান্তি,D,C,0,C,1,0.026262264698743,0.906662464141845,0.906662464141845,0.7828367948532101,3,337,rare,country,0,0,1,0.036922384053468,0.030152799561619002,0.906662464141845,0.026262264698743
1378,D-rand,কড়িচণ্ডাল,A,C,0,,0,0.21759603917598702,,0.349471628665924,0.190828457474708,0,186,rare,country,0,0,1,0.21759603917598702,0.139177918434143,0.349471628665924,0.29375439882278404
1378,D-lit,কড়িচণ্ডাল,B,D,0,D,1,0.017275318503379003,0.9515404105186461,0.9515404105186461,0.771883249282836,1,234,rare,country,0,0,1,0.020195771008729,0.017275318503379003,0.010988565161824,0.9515404105186461
1378,D-surf,কড়িচণ্ডাল,A,D,0,,0,0.24995175004005402,,0.31053614616394004,0.17230018973350503,0,170,rare,country,0,0,1,0.24995175004005402,0.24222919344902002,0.197282880544662,0.31053614616394004
1378,D-sem,কড়িচণ্ডাল,C,B,0,,0,0.241064369678497,,0.322079092264175,0.17939510941505402,2,173,rare,country,0,0,1,0.25945708155632,0.322079092264175,0.241064369678497,0.17739947140216802
1378,D-hard,কড়িচণ্ডাল,A,B,0,B,1,0.017197880893945,0.9334501028060911,0.9334501028060911,0.7915412187576291,0,277,rare,country,0,0,1,0.017197880893945,0.9334501028060911,0.027311326935887004,0.022040696814656
1380,D-rand,কড়ি ফটকা,A,B,0,,0,0.164087310433387,,0.435971021652221,0.2678182721138,0,232,rare,country,1,0,2,0.164087310433387,0.435971021652221,0.16851696372032102,0.23142468929290702
1380,D-lit,কড়ি ফটকা,D,C,0,C,1,0.00791866518557,0.9631208181381221,0.9631208181381221,0.827753007411956,3,379,rare,country,1,0,2,0.01768578775227,0.011274732649326,0.9631208181381221,0.00791866518557
1380,D-surf,কড়ি ফটকা,B,C,0,,0,0.17534373700618702,,0.42925062775611805,0.29641580581665,1,250,rare,country,1,0,2,0.24545645713806102,0.17534373700618702,0.42925062775611805,0.149949178099632
1380,D-sem,কড়ি ফটকা,A,D,0,,0,0.13124734163284302,,0.293907552957534,0.21551467478275302,0,243,rare,country,1,0,2,0.13124734163284302,0.285005778074264,0.289839267730712,0.293907552957534
1380,D-hard,কড়ি ফটকা,C,B,0,B,1,0.010784275829792,0.9562141895294191,0.9562141895294191,0.8206100463867181,2,256,rare,country,1,0,2,0.015272770076990001,0.9562141895294191,0.010784275829792,0.017728762701153002
1414,D-rand,কথা কওয়া,B,B,1,,0,0.573651909828186,,0.573651909828186,0.40107250213623,1,296,very common,country,0,0,2,0.167933225631713,0.573651909828186,0.17795990407466802,0.080454975366592
1414,D-lit,কথা কওয়া,D,A,0,A,1,0.128446891903877,0.7928832173347471,0.7928832173347471,0.5717669725418091,3,215,very common,country,0,0,2,0.7928832173347471,0.035026554018259,0.043643306940793006,0.128446891903877
1414,D-surf,কথা কওয়া,B,D,0,,0,0.302602678537368,,0.357601583003997,0.24115473031997603,1,215,very common,country,0,0,2,0.14193327724933602,0.302602678537368,0.19786250591278,0.357601583003997
1414,D-sem,কথা কওয়া,B,C,0,,0,0.15886226296424802,,0.44914862513542103,0.29640072584152205,1,234,very common,country,0,0,2,0.264137744903564,0.15886226296424802,0.44914862513542103,0.127851337194442
1414,D-hard,কথা কওয়া,C,D,0,D,1,0.123695895075798,0.760098457336425,0.760098457336425,0.58916425704956,2,178,very common,country,0,0,2,0.071562215685844,0.044643387198448,0.123695895075798,0.760098457336425
1435,D-rand,কথান্তর,A,D,0,,0,0.25159960985183705,,0.47193670272827104,0.26559746265411305,0,224,very common,country,0,0,1,0.25159960985183705,0.14503993093967402,0.131423756480216,0.47193670272827104
1435,D-lit,কথান্তর,D,A,0,A,1,0.14521245658397602,0.6815689206123351,0.6815689206123351,0.523587524890899,3,202,very common,country,0,0,1,0.6815689206123351,0.073328725993633,0.099889896810054,0.14521245658397602
1435,D-surf,কথান্তর,C,C,1,,0,0.32145980000495905,,0.32145980000495905,0.184267699718475,2,221,very common,country,0,0,1,0.299773544073104,0.19082397222518901,0.32145980000495905,0.18794275820255202
1435,D-sem,কথান্তর,C,D,0,,0,0.15503919124603202,,0.41094416379928506,0.27221718430519104,2,179,very common,country,0,0,1,0.091864109039306,0.34215256571769703,0.15503919124603202,0.41094416379928506
1435,D-hard,কথান্তর,D,C,0,C,1,0.12982890009880002,0.547015845775604,0.547015845775604,0.38633376359939503,3,225,very common,country,0,0,1,0.202529788017272,0.120625436305999,0.547015845775604,0.12982890009880002
1439,D-rand,কথা নেই বার্তা নেই,B,D,0,,0,0.204537585377693,,0.374250799417495,0.20037861168384502,1,187,very common,country,0,0,4,0.23550434410572002,0.204537585377693,0.18570722639560702,0.374250799417495
1439,D-lit,কথা নেই বার্তা নেই,C,A,0,A,1,0.033336285501718,0.90445452928543,0.90445452928543,0.6532576084136961,2,264,very common,country,0,0,4,0.90445452928543,0.034485906362533,0.033336285501718,0.027723236009478004
1439,D-surf,কথা নেই বার্তা নেই,A,D,0,,0,0.12889456748962402,,0.45616635680198603,0.18358978629112202,0,182,very common,country,0,0,4,0.12889456748962402,0.18735228478908503,0.227586790919303,0.45616635680198603
1439,D-sem,কথা নেই বার্তা নেই,C,B,0,,0,0.202352985739707,,0.33055979013442904,0.177601620554924,2,240,very common,country,0,0,4,0.19332489371299702,0.33055979013442904,0.202352985739707,0.27376231551170305
1439,D-hard,কথা নেই বার্তা নেই,C,D,0,D,1,0.016554972156882,0.9358802437782281,0.9358802437782281,0.691317021846771,2,423,very common,country,0,0,4,0.030946848914027002,0.016617951914668,0.016554972156882,0.9358802437782281
1441,D-rand,কথা পাড়া,B,B,1,,0,0.283564776182174,,0.283564776182174,0.202242702245712,1,197,very common,country,0,0,2,0.158974811434745,0.283564776182174,0.280664682388305,0.276795715093612
1441,D-lit,কথা পাড়া,A,B,0,B,1,0.051113888621330004,0.847577691078186,0.847577691078186,0.707466423511505,0,248,very common,country,0,0,2,0.051113888621330004,0.847577691078186,0.081947892904281,0.019360508769750002
1441,D-surf,কথা পাড়া,C,D,0,,0,0.09192220121622001,,0.6468455195426941,0.53793317079544,2,218,very common,country,0,0,2,0.15082907676696702,0.110403127968311,0.09192220121622001,0.6468455195426941
1441,D-sem,কথা পাড়া,B,C,0,,0,0.31324812769889804,,0.43724370002746504,0.26253479719161904,1,222,very common,country,0,0,2,0.12601126730442,0.31324812769889804,0.43724370002746504,0.123496852815151
1441,D-hard,কথা পাড়া,D,B,0,B,1,0.038695756345987,0.818081378936767,0.818081378936767,0.654252290725708,3,269,very common,country,0,0,2,0.12583054602146101,0.818081378936767,0.017392337322235,0.038695756345987
1444,D-rand,কথা ফোটা,A,A,1,,0,0.46821165084838806,,0.46821165084838806,0.37347552180290206,0,208,very common,country,0,0,2,0.46821165084838806,0.17824491858482303,0.178316757082939,0.17522670328617002
1444,D-lit,কথা ফোটা,C,D,0,D,1,0.12300091981887801,0.7688022851943971,0.7688022851943971,0.6810414791107171,2,302,very common,country,0,0,2,0.05269416794180801,0.055502582341432,0.12300091981887801,0.7688022851943971
1444,D-surf,কথা ফোটা,D,B,0,,0,0.202134281396865,,0.5570327043533321,0.44062682986259405,3,299,very common,country,0,0,2,0.053446903824806005,0.5570327043533321,0.187386140227317,0.202134281396865
1444,D-sem,কথা ফোটা,C,B,0,,0,0.244995683431625,,0.591585338115692,0.43603014945983803,2,248,very common,country,0,0,2,0.09733416140079401,0.591585338115692,0.244995683431625,0.066084757447242
1444,D-hard,কথা ফোটা,A,B,0,B,1,0.130219295620918,0.7577330470085141,0.7577330470085141,0.662532925605773,0,272,very common,country,0,0,2,0.130219295620918,0.7577330470085141,0.023977655917406002,0.08807002007961201
1487,D-rand,কথার নবাব,D,D,1,,0,0.31682944297790505,,0.31682944297790505,0.17615666985511702,3,253,very common,country,0,0,2,0.22247031331062303,0.289989173412323,0.170711055397987,0.31682944297790505
1487,D-lit,কথার নবাব,A,D,0,D,1,0.055474791675806004,0.9193306565284721,0.9193306565284721,0.7405819892883301,0,249,very common,country,0,0,2,0.055474791675806004,0.011873887851834,0.013320652768015001,0.9193306565284721
1487,D-surf,কথার নবাব,B,D,0,,0,0.23651950061321203,,0.349352687597274,0.255235105752944,1,329,very common,country,0,0,2,0.253034770488739,0.23651950061321203,0.161093011498451,0.349352687597274
1487,D-sem,কথার নবাব,D,D,1,,0,0.433864027261734,,0.433864027261734,0.277815341949462,3,208,very common,country,0,0,2,0.183859303593635,0.258973240852355,0.12330349534749901,0.433864027261734
1487,D-hard,কথার নবাব,A,B,0,B,1,0.065668478608131,0.8248152732849121,0.8248152732849121,0.6753291487693781,0,198,very common,country,0,0,2,0.065668478608131,0.8248152732849121,0.045144047588109006,0.064372174441814
1496,D-rand,কথার ভটচাজ্জি,B,B,1,,0,0.37175285816192605,,0.37175285816192605,0.19424799084663302,1,302,common,country,0,0,2,0.155561909079551,0.37175285816192605,0.22766537964344002,0.245019897818565
1496,D-lit,কথার ভটচাজ্জি,A,C,0,C,1,0.048869203776121,0.9128277897834771,0.9128277897834771,0.732035279273986,0,293,common,country,0,0,2,0.048869203776121,0.016900686547160003,0.9128277897834771,0.021402278915047
1496,D-surf,কথার ভটচাজ্জি,D,C,0,,0,0.257078438997268,,0.321235686540603,0.189545184373855,3,203,common,country,0,0,2,0.23506788909435203,0.18661795556545202,0.321235686540603,0.257078438997268
1496,D-sem,কথার ভটচাজ্জি,D,D,1,,0,0.386038959026336,,0.386038959026336,0.182329937815666,3,246,common,country,0,0,2,0.21721065044403,0.20620179176330503,0.19054853916168202,0.386038959026336
1496,D-hard,কথার ভটচাজ্জি,C,B,0,B,1,0.038168154656887006,0.908549547195434,0.908549547195434,0.7311525940895081,2,327,common,country,0,0,2,0.028984384611248002,0.908549547195434,0.038168154656887006,0.024297971278429004
1519,D-rand,কদমছাঁট,A,A,1,,0,0.7238827347755431,,0.7238827347755431,0.5543662309646601,0,288,common,country,0,0,1,0.7238827347755431,0.11032566428184501,0.07079712301492601,0.094994485378265
1519,D-lit,কদমছাঁট,D,D,1,C,0,0.495229244232177,0.39998510479927,0.495229244232177,0.297117799520492,3,218,common,country,0,0,1,0.04880750179290701,0.055978171527385004,0.39998510479927,0.495229244232177
1519,D-surf,কদমছাঁট,C,C,1,,0,0.7221413254737851,,0.7221413254737851,0.559452652931213,2,198,common,country,0,0,1,0.07186940312385501,0.13313540816307,0.7221413254737851,0.07285389304161001
1519,D-sem,কদমছাঁট,C,C,1,,0,0.7949370145797731,,0.7949370145797731,0.574592411518096,2,186,common,country,0,0,1,0.060941915959119006,0.10798492282629,0.7949370145797731,0.036136109381914
1519,D-hard,কদমছাঁট,A,A,1,C,0,0.5271839499473571,0.412709802389144,0.5271839499473571,0.29371291399002003,0,218,common,country,0,0,1,0.5271839499473571,0.02461907453835,0.412709802389144,0.035487171262502004
1521,D-rand,কদম্বগাছের কানাই,D,A,0,,0,0.12287847697734801,,0.321155667304992,0.165609583258628,3,173,rare,deep rural,0,1,2,0.321155667304992,0.27297613024711603,0.28298979997634804,0.12287847697734801
1521,D-lit,কদম্বগাছের কানাই,B,D,0,D,1,0.016357455402612003,0.9201991558074951,0.9201991558074951,0.715140342712402,1,211,rare,deep rural,0,1,2,0.044749461114406,0.016357455402612003,0.01869392208755,0.9201991558074951
1521,D-surf,কদম্বগাছের কানাই,C,B,0,,0,0.132227480411529,,0.335903704166412,0.17706386744976002,2,220,rare,deep rural,0,1,2,0.30542576313018804,0.335903704166412,0.132227480411529,0.226443082094192
1521,D-sem,কদম্বগাছের কানাই,B,C,0,,0,0.13926991820335302,,0.404841691255569,0.20025020837783802,1,273,rare,deep rural,0,1,2,0.264886409044265,0.13926991820335302,0.404841691255569,0.19100201129913302
1521,D-hard,কদম্বগাছের কানাই,D,A,0,A,1,0.015075142495334001,0.8998866081237791,0.8998866081237791,0.675384402275085,3,294,rare,deep rural,0,1,2,0.8998866081237791,0.041745699942111004,0.043292582035064,0.015075142495334001
1536,D-rand,কপচানো,A,A,1,,0,0.41710603237152105,,0.41710603237152105,0.37262108922004705,0,255,common,country,0,0,1,0.41710603237152105,0.23139773309230802,0.158830523490905,0.192665696144104
1536,D-lit,কপচানো,A,A,1,D,0,0.401046097278594,0.282421797513961,0.401046097278594,0.24608954787254303,0,313,common,country,0,0,1,0.401046097278594,0.17754517495632102,0.13898693025112102,0.282421797513961
1536,D-surf,কপচানো,A,A,1,,0,0.36427611112594604,,0.36427611112594604,0.19774590432643802,0,255,common,country,0,0,1,0.36427611112594604,0.18939451873302401,0.30172231793403603,0.14460699260234802
1536,D-sem,কপচানো,D,C,0,,0,0.19988183677196503,,0.618197262287139,0.394006699323654,3,276,common,country,0,0,1,0.11052996665239301,0.071390926837921,0.618197262287139,0.19988183677196503
1536,D-hard,কপচানো,D,D,1,A,0,0.331714332103729,0.264999032020568,0.331714332103729,0.16661912202835003,3,238,common,country,0,0,1,0.264999032020568,0.20016631484031602,0.20312033593654602,0.331714332103729
1555,D-rand,কপাল দোষ,D,B,0,,0,0.28256547451019204,,0.30213558673858604,0.160822451114654,3,197,very common,country,0,0,2,0.244445621967315,0.30213558673858604,0.170853301882743,0.28256547451019204
1555,D-lit,কপাল দোষ,A,C,0,C,1,0.037566237151622,0.9048889279365541,0.9048889279365541,0.7269687056541441,0,207,very common,country,0,0,2,0.037566237151622,0.01938446983695,0.9048889279365541,0.038160324096679
1555,D-surf,কপাল দোষ,D,B,0,,0,0.10068999975919701,,0.6245872974395751,0.48729357123374906,3,208,very common,country,0,0,2,0.16714008152484802,0.6245872974395751,0.107582695782184,0.10068999975919701
1555,D-sem,কপাল দোষ,A,D,0,,0,0.27525171637535,,0.38795921206474304,0.26664382219314503,0,260,very common,country,0,0,2,0.27525171637535,0.117013685405254,0.21977536380290902,0.38795921206474304
1555,D-hard,কপাল দোষ,B,D,0,D,1,0.030874488875269,0.8780598640441891,0.8780598640441891,0.7173219323158261,1,226,very common,country,0,0,2,0.047737929970026,0.030874488875269,0.043327718973159006,0.8780598640441891
1564,D-rand,কপালে পুরুষ,A,A,1,,0,0.531851410865783,,0.531851410865783,0.34552484750747603,0,195,common,country,0,0,2,0.531851410865783,0.18036121129989602,0.152331039309501,0.135456383228302
1564,D-lit,কপালে পুরুষ,A,B,0,B,1,0.09011366218328401,0.871791779994964,0.871791779994964,0.696205675601959,0,312,common,country,0,0,2,0.09011366218328401,0.871791779994964,0.020288253203034002,0.017806265503168002
1564,D-surf,কপালে পুরুষ,B,C,0,,0,0.33792126178741405,,0.36219835281372004,0.167152255773544,1,215,common,country,0,0,2,0.107942633330821,0.33792126178741405,0.36219835281372004,0.19193774461746202
1564,D-sem,কপালে পুরুষ,B,B,1,,0,0.40480878949165305,,0.40480878949165305,0.229233309626579,1,192,common,country,0,0,2,0.133178636431694,0.40480878949165305,0.305652558803558,0.156360059976577
1564,D-hard,কপালে পুরুষ,A,C,0,C,1,0.06813608109951,0.8715627789497371,0.8715627789497371,0.665249228477478,0,198,common,country,0,0,2,0.06813608109951,0.037797763943672,0.8715627789497371,0.022503411397337
1570,D-rand,কপোলকল্পনা,B,B,1,,0,0.8039814233779901,,0.8039814233779901,0.652142703533172,1,271,rare,country,0,0,1,0.035304844379425,0.8039814233779901,0.07046835124492601,0.09024538844823801
1570,D-lit,কপোলকল্পনা,C,C,1,B,0,0.484418869018554,0.43695122003555303,0.484418869018554,0.33956417441368103,2,261,rare,country,0,0,1,0.047644529491662,0.43695122003555303,0.484418869018554,0.030985323712229004
1570,D-surf,কপোলকল্পনা,A,A,1,,0,0.8723534941673271,,0.8723534941673271,0.6970359683036801,0,186,rare,country,0,0,1,0.8723534941673271,0.051763415336608005,0.060723785310983006,0.015159323811531001
1570,D-sem,কপোলকল্পনা,B,D,0,,0,0.317231506109237,,0.361192017793655,0.305852353572845,1,228,rare,country,0,0,1,0.129021227359771,0.317231506109237,0.192555278539657,0.361192017793655
1570,D-hard,কপোলকল্পনা,C,C,1,A,0,0.408398211002349,0.329285889863967,0.408398211002349,0.307647168636322,2,237,rare,country,0,0,1,0.329285889863967,0.24394457042217202,0.408398211002349,0.018371336162090003
1576,D-rand,ক বলতে হ,A,C,0,,0,0.316256433725357,,0.365390807390213,0.178973123431205,0,155,rare,country,0,0,3,0.316256433725357,0.224989309906959,0.365390807390213,0.09336342662572801
1576,D-lit,ক বলতে হ,C,A,0,A,1,0.040359437465667,0.926817774772644,0.926817774772644,0.7022377848625181,2,203,rare,country,0,0,3,0.926817774772644,0.014623097144067001,0.040359437465667,0.018199767917394
1576,D-surf,ক বলতে হ,C,B,0,,0,0.248336553573608,,0.32537758350372303,0.22765354812145203,2,231,rare,country,0,0,3,0.243637576699256,0.32537758350372303,0.248336553573608,0.182648301124572
1576,D-sem,ক বলতে হ,B,B,1,,0,0.30074986815452504,,0.30074986815452504,0.191851258277893,1,173,rare,country,0,0,3,0.246169880032539,0.30074986815452504,0.168466001749038,0.28461420536041204
1576,D-hard,ক বলতে হ,D,C,0,C,1,0.023278331384062,0.9258542656898491,0.9258542656898491,0.767796277999877,3,210,rare,country,0,0,3,0.019804118201136003,0.031063290312886002,0.9258542656898491,0.023278331384062
1578,D-rand,কবোষ্ণ,C,C,1,,0,0.33675524592399503,,0.33675524592399503,0.250245332717895,2,188,very rare,country,0,0,1,0.075020037591457,0.283990412950515,0.33675524592399503,0.30423432588577204
1578,D-lit,কবোষ্ণ,D,B,0,B,1,0.280280292034149,0.418609082698822,0.418609082698822,0.229028642177581,3,218,very rare,country,0,0,1,0.161539047956466,0.418609082698822,0.139571517705917,0.280280292034149
1578,D-surf,কবোষ্ণ,D,D,1,,0,0.307945787906646,,0.307945787906646,0.188368067145347,3,168,very rare,country,0,0,1,0.30020615458488403,0.099718891084194,0.292129218578338,0.307945787906646
1578,D-sem,কবোষ্ণ,D,B,0,,0,0.23673188686370802,,0.447758883237838,0.351655185222625,3,147,very rare,country,0,0,1,0.19137461483478502,0.447758883237838,0.124134600162506,0.23673188686370802
1578,D-hard,কবোষ্ণ,C,D,0,D,1,0.30699497461318903,0.39194303750991805,0.39194303750991805,0.24121645092964103,2,234,very rare,country,0,0,1,0.14838133752346,0.152680650353431,0.30699497461318903,0.39194303750991805
1591,D-rand,কমলাসনা,D,A,0,,0,0.20672981441020902,,0.356414526700973,0.17160741984844202,3,256,rare,country,0,1,1,0.356414526700973,0.12737794220447501,0.30947771668434104,0.20672981441020902
1591,D-lit,কমলাসনা,A,D,0,D,1,0.050625804811716,0.7795826792716981,0.7795826792716981,0.5313647985458371,0,243,rare,country,0,1,1,0.050625804811716,0.091145902872085,0.07864563912153201,0.7795826792716981
1591,D-surf,কমলাসনা,D,A,0,,0,0.17392829060554502,,0.36222872138023304,0.20307743549346902,3,154,rare,country,0,1,1,0.36222872138023304,0.26973024010658203,0.19411273300647702,0.17392829060554502
1591,D-sem,কমলাসনা,B,A,0,,0,0.12936906516551902,,0.38964757323265004,0.239190891385078,1,169,rare,country,0,1,1,0.38964757323265004,0.12936906516551902,0.245558157563209,0.23542517423629702
1591,D-hard,কমলাসনা,A,B,0,B,1,0.056769326329231005,0.8438969254493711,0.8438969254493711,0.5730765461921691,0,184,rare,country,0,1,1,0.056769326329231005,0.8438969254493711,0.07304607331752701,0.026287715882062003
1593,D-rand,কমসম,A,A,1,,0,0.32327741384506203,,0.32327741384506203,0.267805248498916,0,167,common,country,0,0,1,0.32327741384506203,0.24144671857357003,0.18881019949913003,0.24646565318107602
1593,D-lit,কমসম,B,C,0,C,1,0.22951047122478402,0.513506829738616,0.513506829738616,0.27324369549751204,1,169,common,country,0,0,1,0.11108852922916401,0.22951047122478402,0.513506829738616,0.145894080400466
1593,D-surf,কমসম,D,A,0,,0,0.225228533148765,,0.354773789644241,0.319507300853729,3,197,common,country,0,0,1,0.354773789644241,0.25420236587524403,0.16579535603523202,0.225228533148765
1593,D-sem,কমসম,B,A,0,,0,0.272148936986923,,0.28386235237121504,0.22008235752582503,1,151,common,country,0,0,1,0.28386235237121504,0.272148936986923,0.20236445963382702,0.24162426590919403
1593,D-hard,কমসম,A,D,0,D,1,0.222251668572425,0.493295490741729,0.493295490741729,0.25100103020668,0,166,common,country,0,0,1,0.222251668572425,0.17286707460880202,0.111585721373558,0.493295490741729
1605,D-rand,করণকারণ,A,B,0,,0,0.214606374502182,,0.34161555767059304,0.28396999835968,0,252,rare,country,0,0,1,0.214606374502182,0.34161555767059304,0.23718430101871402,0.20659381151199302
1605,D-lit,করণকারণ,D,C,0,C,1,0.005459226202219,0.967517375946044,0.967517375946044,0.8706123828887941,3,187,rare,country,0,0,1,0.012401825748383001,0.014621571637690001,0.967517375946044,0.005459226202219
1605,D-surf,করণকারণ,D,A,0,,0,0.12799920141696902,,0.42910343408584506,0.301362574100494,3,179,rare,country,0,0,1,0.42910343408584506,0.14763537049293501,0.29526206851005504,0.12799920141696902
1605,D-sem,করণকারণ,B,D,0,,0,0.20975592732429502,,0.32068607211112904,0.312029689550399,1,224,rare,country,0,0,1,0.21925029158592202,0.20975592732429502,0.250307649374008,0.32068607211112904
1605,D-hard,করণকারণ,B,D,0,D,1,0.006107209715992001,0.9682294130325311,0.9682294130325311,0.885461270809173,1,325,rare,country,0,0,1,0.015676021575927002,0.006107209715992001,0.009987308643758,0.9682294130325311
1616,D-rand,কর্জ নেই কষ্ট নেই,C,A,0,,0,0.028173370286822003,,0.60058856010437,0.45525738596916204,2,245,common,country,0,0,4,0.60058856010437,0.26555195450782704,0.028173370286822003,0.105686157941818
1616,D-lit,কর্জ নেই কষ্ট নেই,D,C,0,C,1,0.02011758647859,0.7543389797210691,0.7543389797210691,0.5483270883560181,3,243,common,country,0,0,4,0.08371467143297101,0.141828715801239,0.7543389797210691,0.02011758647859
1616,D-surf,কর্জ নেই কষ্ট নেই,A,C,0,,0,0.07622327655553801,,0.482656031847,0.390368044376373,0,250,common,country,0,0,4,0.07622327655553801,0.23015831410884802,0.482656031847,0.21096245944499903
1616,D-sem,কর্জ নেই কষ্ট নেই,A,B,0,,0,0.049593266099691,,0.62442010641098,0.536851465702056,0,296,common,country,0,0,4,0.049593266099691,0.62442010641098,0.25386920571327204,0.072117462754249
1616,D-hard,কর্জ নেই কষ্ট নেই,C,A,0,A,1,0.034584317356348,0.6737070679664611,0.6737070679664611,0.598118722438812,2,224,common,country,0,0,4,0.6737070679664611,0.14369645714759802,0.034584317356348,0.14801213145256
1618,D-rand,কর্ণপাত করা,C,A,0,,0,0.188606902956962,,0.30410948395729004,0.219640284776687,2,230,common,country,0,0,2,0.30410948395729004,0.250318795442581,0.188606902956962,0.256964802742004
1618,D-lit,কর্ণপাত করা,A,B,0,B,1,0.253314942121505,0.282732993364334,0.282732993364334,0.19611184298992101,0,181,common,country,0,0,2,0.253314942121505,0.282732993364334,0.25450301170349104,0.20944905281066803
1618,D-surf,কর্ণপাত করা,B,D,0,,0,0.12055634707212401,,0.49925249814987105,0.384229660034179,1,197,common,country,0,0,2,0.22253975272178603,0.12055634707212401,0.15765143930912,0.49925249814987105
1618,D-sem,কর্ণপাত করা,D,C,0,,0,0.151457220315933,,0.36749067902565,0.246873140335083,3,223,common,country,0,0,2,0.177894279360771,0.30315777659416204,0.36749067902565,0.151457220315933
1618,D-hard,কর্ণপাত করা,B,D,0,A,0,0.196707069873809,0.269557148218154,0.285685628652572,0.16864535212516701,1,175,common,country,0,0,2,0.269557148218154,0.196707069873809,0.248050153255462,0.285685628652572
1620,D-rand,কর্তাগিরি,B,B,1,,0,0.8111133575439451,,0.8111133575439451,0.6025118827819821,1,221,very common,country,0,0,1,0.043704558163881004,0.8111133575439451,0.076756887137889,0.068425193428993
1620,D-lit,কর্তাগিরি,A,A,1,C,0,0.5108761787414551,0.430413872003555,0.5108761787414551,0.426735162734985,0,212,very common,country,0,0,1,0.5108761787414551,0.033635206520557,0.430413872003555,0.025074718520045003
1620,D-surf,কর্তাগিরি,C,C,1,,0,0.7825327515602111,,0.7825327515602111,0.643460273742675,2,202,very common,country,0,0,1,0.083307728171348,0.07730391621589601,0.7825327515602111,0.05685556307435
1620,D-sem,কর্তাগিরি,B,B,1,,0,0.8143872618675231,,0.8143872618675231,0.6202756762504571,1,256,very common,country,0,0,1,0.051999390125274006,0.8143872618675231,0.067247435450553,0.066365860402584
1620,D-hard,কর্তাগিরি,C,C,1,B,0,0.46331366896629306,0.43458053469657904,0.46331366896629306,0.279102534055709,2,250,very common,country,0,0,1,0.07181694358587201,0.43458053469657904,0.46331366896629306,0.030288867652416004
1621,D-rand,কর্তাভজা,D,A,0,,0,0.13861028850078502,,0.407866805791854,0.23510983586311301,3,269,rare,country,0,1,1,0.407866805791854,0.20302745699882502,0.25049543380737305,0.13861028850078502
1621,D-lit,কর্তাভজা,D,B,0,B,1,0.036767497658729005,0.825025856494903,0.825025856494903,0.5949689149856561,3,196,rare,country,0,1,1,0.088985711336135,0.825025856494903,0.049220856279134,0.036767497658729005
1621,D-surf,কর্তাভজা,D,C,0,,0,0.09508931636810301,,0.510384261608123,0.28301057219505305,3,288,rare,country,0,1,1,0.234662637114524,0.15986382961273102,0.510384261608123,0.09508931636810301
1621,D-sem,কর্তাভজা,A,B,0,,0,0.175070151686668,,0.33401224017143205,0.16425310075283,0,249,rare,country,0,1,1,0.175070151686668,0.33401224017143205,0.220355451107025,0.27056211233139005
1621,D-hard,কর্তাভজা,B,D,0,D,1,0.036597285419702,0.842742025852203,0.842742025852203,0.6153733134269711,1,219,rare,country,0,1,1,0.08523121476173401,0.036597285419702,0.035429522395133,0.842742025852203
1626,D-rand,কর্মনাশা,B,B,1,,0,0.49934169650077803,,0.49934169650077803,0.396621257066726,1,147,very common,country,0,0,1,0.206512913107872,0.49934169650077803,0.09752517193555801,0.19662024080753301
1626,D-lit,কর্মনাশা,D,C,0,C,1,0.073652788996696,0.8531725406646721,0.8531725406646721,0.693009853363037,3,228,very common,country,0,0,1,0.038156162947416,0.035018518567085,0.8531725406646721,0.073652788996696
1626,D-surf,কর্মনাশা,C,C,1,,0,0.511624813079834,,0.511624813079834,0.368445426225662,2,194,very common,country,0,0,1,0.14146646857261602,0.169101387262344,0.511624813079834,0.17780736088752702
1626,D-sem,কর্মনাশা,B,B,1,,0,0.486860245466232,,0.486860245466232,0.29547566175460804,1,214,very common,country,0,0,1,0.14847715198993602,0.486860245466232,0.138934656977653,0.225727871060371
1626,D-hard,কর্মনাশা,D,A,0,A,1,0.075122818350791,0.857718050479888,0.857718050479888,0.78771561384201,3,223,very common,country,0,0,1,0.857718050479888,0.029136329889297003,0.038022696971893005,0.075122818350791
1629,D-rand,কর্মভোগ,A,A,1,,0,0.43229556083679205,,0.43229556083679205,0.34075403213500904,0,152,rare,country,0,0,1,0.43229556083679205,0.17763875424861902,0.224479377269744,0.165586322546005
1629,D-lit,কর্মভোগ,B,D,0,D,1,0.030726645141839003,0.9386012554168701,0.9386012554168701,0.841487765312194,1,178,rare,country,0,0,1,0.006050028372555001,0.030726645141839003,0.024621993303298003,0.9386012554168701
1629,D-surf,কর্মভোগ,A,B,0,,0,0.29411509633064203,,0.302580505609512,0.188541024923324,0,193,rare,country,0,0,1,0.29411509633064203,0.302580505609512,0.28270819783210704,0.12059623003005901
1629,D-sem,কর্মভোগ,C,C,1,,0,0.29588785767555204,,0.29588785767555204,0.234566122293472,2,251,rare,country,0,0,1,0.223917052149772,0.197463750839233,0.29588785767555204,0.282731354236602
1629,D-hard,কর্মভোগ,A,B,0,B,1,0.044244710355997,0.9010595083236691,0.9010595083236691,0.773696959018707,0,214,rare,country,0,0,1,0.044244710355997,0.9010595083236691,0.038996525108814004,0.015699272975325
1641,D-rand,কলকে পাওয়া,C,C,1,,0,0.5424896478652951,,0.5424896478652951,0.43165361881256104,2,249,common,country,0,0,2,0.177940741181373,0.12334825098514501,0.5424896478652951,0.156221330165863
1641,D-lit,কলকে পাওয়া,D,C,0,C,1,0.091839529573917,0.8095094561576841,0.8095094561576841,0.690273404121398,3,358,common,country,0,0,2,0.050529029220342005,0.048121985048055003,0.8095094561576841,0.091839529573917
1641,D-surf,কলকে পাওয়া,C,A,0,,0,0.22392164170742002,,0.6210163831710811,0.6641774773597711,2,354,common,country,0,0,2,0.6210163831710811,0.10290147364139501,0.22392164170742002,0.052160490304231005
1641,D-sem,কলকে পাওয়া,A,A,1,,0,0.577889382839202,,0.577889382839202,0.457255482673645,0,276,common,country,0,0,2,0.577889382839202,0.125436082482337,0.21407541632652202,0.08259909600019401
1641,D-hard,কলকে পাওয়া,D,A,0,A,1,0.08754164725542,0.524299383163452,0.524299383163452,0.42885407805442805,3,258,common,country,0,0,2,0.524299383163452,0.029676731675863002,0.35848224163055403,0.08754164725542
1642,D-rand,কলকৌশল,C,B,0,,0,0.09238376468420001,,0.43833705782890303,0.183368876576423,2,210,common,country,0,0,1,0.138552471995353,0.43833705782890303,0.09238376468420001,0.330726772546768
1642,D-lit,কলকৌশল,C,A,0,A,1,0.009934813715517,0.934921443462371,0.934921443462371,0.7934547662734981,2,251,common,country,0,0,1,0.934921443462371,0.031491383910179,0.009934813715517,0.023652348667383003
1642,D-surf,কলকৌশল,C,A,0,,0,0.116642214357852,,0.34792312979698103,0.170431673526763,2,218,common,country,0,0,1,0.34792312979698103,0.23428340256214103,0.116642214357852,0.301151245832443
1642,D-sem,কলকৌশল,A,D,0,,0,0.012231252156198,,0.406345337629318,0.29227024316787703,0,215,common,country,0,0,1,0.012231252156198,0.317106306552886,0.264317035675048,0.406345337629318
1642,D-hard,কলকৌশল,D,B,0,B,1,0.006206834688782001,0.8074922561645501,0.8074922561645501,0.6697028875350951,3,216,common,country,0,0,1,0.023474382236599003,0.8074922561645501,0.162826493382453,0.006206834688782001
1660,D-rand,কলা করা,D,D,1,,0,0.41678124666213906,,0.41678124666213906,0.204676315188407,3,203,rare,country,0,0,2,0.28684929013252203,0.08872642368078201,0.20764303207397403,0.41678124666213906
1660,D-lit,কলা করা,D,A,0,A,1,0.055931672453880005,0.893387615680694,0.893387615680694,0.709049999713897,3,220,rare,country,0,0,2,0.893387615680694,0.022294629365205,0.028386019170284,0.055931672453880005
1660,D-surf,কলা করা,A,B,0,,0,0.176009312272071,,0.380479156970977,0.24988269805908203,0,263,rare,country,0,0,2,0.176009312272071,0.380479156970977,0.10947316884994501,0.334038347005844
1660,D-sem,কলা করা,B,A,0,,0,0.316177278757095,,0.43469268083572304,0.22542032599449102,1,170,rare,country,0,0,2,0.43469268083572304,0.316177278757095,0.14013186097145,0.10899820923805201
1660,D-hard,কলা করা,B,A,0,A,1,0.055611450225114004,0.8786314129829401,0.8786314129829401,0.6874118447303771,1,212,rare,country,0,0,2,0.8786314129829401,0.055611450225114004,0.021058600395917,0.044698461890220004
1677,D-rand,কলিকা পাওয়া,A,A,1,,0,0.5682247281074521,,0.5682247281074521,0.34636962413787803,0,238,common,country,0,1,2,0.5682247281074521,0.141664668917655,0.08613976091146401,0.203970849514007
1677,D-lit,কলিকা পাওয়া,C,C,1,B,0,0.736744105815887,0.06965579092502501,0.736744105815887,0.576978147029876,2,269,common,country,0,1,2,0.11790405213832801,0.06965579092502501,0.736744105815887,0.075696013867855
1677,D-surf,কলিকা পাওয়া,B,C,0,,0,0.11745936423540101,,0.6382730603218071,0.553214251995086,1,227,common,country,0,1,2,0.022502044215798003,0.11745936423540101,0.6382730603218071,0.221765503287315
1677,D-sem,কলিকা পাওয়া,B,B,1,,0,0.49977111816406206,,0.49977111816406206,0.38727915287017806,1,226,common,country,0,1,2,0.09512756019830701,0.49977111816406206,0.24985677003860401,0.15524457395076702
1677,D-hard,কলিকা পাওয়া,B,C,0,A,0,0.267547309398651,0.027963258326053002,0.6614947915077211,0.47614076733589106,1,313,common,country,0,1,2,0.027963258326053002,0.267547309398651,0.6614947915077211,0.042994670569896004
1684,D-rand,কলি ফেরানো,D,C,0,,0,0.16748425364494302,,0.443288266658782,0.300776571035385,3,409,common,country,0,0,2,0.154952704906463,0.234274789690971,0.443288266658782,0.16748425364494302
1684,D-lit,কলি ফেরানো,C,A,0,A,1,0.005158976651728001,0.9854596257209771,0.9854596257209771,0.898291885852813,2,219,common,country,0,0,2,0.9854596257209771,0.0025754671078170002,0.005158976651728001,0.006805927958339001
1684,D-surf,কলি ফেরানো,C,C,1,,0,0.34383234381675704,,0.34383234381675704,0.2001473903656,2,291,common,country,0,0,2,0.215135484933853,0.187407627701759,0.34383234381675704,0.253624618053436
1684,D-sem,কলি ফেরানো,C,A,0,,0,0.23605416715145103,,0.30600440502166704,0.216468542814254,2,260,common,country,0,0,2,0.30600440502166704,0.291682511568069,0.23605416715145103,0.166258916258811
1684,D-hard,কলি ফেরানো,C,A,0,A,1,0.005155118647962,0.9847197532653801,0.9847197532653801,0.8809982538223261,2,242,common,country,0,0,2,0.9847197532653801,0.0041876537725320006,0.005155118647962,0.005937452893704001
1691,D-rand,কলির যুধিষ্টির,B,A,0,,0,0.19630594551563202,,0.33047592639923,0.251983046531677,1,345,common,country,0,1,2,0.33047592639923,0.19630594551563202,0.21032673120498602,0.26289138197898804
1691,D-lit,কলির যুধিষ্টির,C,B,0,B,1,0.030932074412703004,0.9124003648757931,0.9124003648757931,0.7405654191970821,2,177,common,country,0,1,2,0.033438131213188005,0.9124003648757931,0.030932074412703004,0.023229409009218
1691,D-surf,কলির যুধিষ্টির,B,C,0,,0,0.25270143151283203,,0.28987562656402505,0.20340727269649503,1,254,common,country,0,1,2,0.269623905420303,0.25270143151283203,0.28987562656402505,0.18779906630516002
1691,D-sem,কলির যুধিষ্টির,B,D,0,,0,0.254570543766021,,0.354844331741333,0.22080934047698902,1,236,common,country,0,1,2,0.16316597163677202,0.254570543766021,0.22741922736167902,0.354844331741333
1691,D-hard,কলির যুধিষ্টির,C,A,0,A,1,0.028640585020184003,0.9208387732505791,0.9208387732505791,0.815748393535614,2,307,common,country,0,1,2,0.9208387732505791,0.019850317388772,0.028640585020184003,0.030670387670397002
1694,D-rand,কলুর বলদ,A,B,0,,0,0.31252551078796303,,0.346440583467483,0.172076001763343,0,291,common,deep rural,0,0,2,0.31252551078796303,0.346440583467483,0.20291171967983201,0.138122245669364
1694,D-lit,কলুর বলদ,D,B,0,B,1,0.22768338024616203,0.39502876996994,0.39502876996994,0.20977997779846103,3,344,common,deep rural,0,0,2,0.26959118247032104,0.39502876996994,0.10769662261009201,0.22768338024616203
1694,D-surf,কলুর বলদ,B,B,1,,0,0.280289977788925,,0.280289977788925,0.197001934051513,1,371,common,deep rural,0,0,2,0.27246263623237604,0.280289977788925,0.205272808670997,0.24197459220886203
1694,D-sem,কলুর বলদ,A,D,0,,0,0.290672838687896,,0.29284450411796503,0.205916449427604,0,324,common,deep rural,0,0,2,0.290672838687896,0.193720534443855,0.222762092947959,0.29284450411796503
1694,D-hard,কলুর বলদ,D,A,0,A,1,0.26936775445938105,0.43296560645103405,0.43296560645103405,0.219477951526641,3,336,common,deep rural,0,0,2,0.43296560645103405,0.09199333935976,0.20567326247692103,0.26936775445938105
1699,D-rand,কলের পুতুল,B,B,1,,0,0.42625057697296104,,0.42625057697296104,0.30131435394287104,1,227,common,country,0,0,2,0.17692802846431702,0.42625057697296104,0.17651031911373102,0.220311045646667
1699,D-lit,কলের পুতুল,B,C,0,C,1,0.053664453327655,0.869797050952911,0.869797050952911,0.7267469167709351,1,257,common,country,0,0,2,0.035273246467113,0.053664453327655,0.869797050952911,0.041265208274126004
1699,D-surf,কলের পুতুল,C,C,1,,0,0.394023478031158,,0.394023478031158,0.284831762313842,2,229,common,country,0,0,2,0.112631984055042,0.27644088864326405,0.394023478031158,0.21690365672111503
1699,D-sem,কলের পুতুল,C,C,1,,0,0.380028367042541,,0.380028367042541,0.27306199073791504,2,245,common,country,0,0,2,0.24963730573654103,0.18627308309078203,0.380028367042541,0.18406128883361803
1699,D-hard,কলের পুতুল,B,C,0,C,1,0.053700517863035,0.8704899549484251,0.8704899549484251,0.750040292739868,1,283,common,country,0,0,2,0.030702451243996003,0.053700517863035,0.8704899549484251,0.04510707035660701
1702,D-rand,কল্পতরু,C,B,0,,0,0.23788581788539803,,0.338818550109863,0.31247246265411305,2,293,common,country,0,1,1,0.199417725205421,0.338818550109863,0.23788581788539803,0.22387786209583202
1702,D-lit,কল্পতরু,A,C,0,D,0,0.326071679592132,0.173198834061622,0.37797415256500205,0.295731723308563,0,224,common,country,0,1,1,0.326071679592132,0.12275535613298401,0.37797415256500205,0.173198834061622
1702,D-surf,কল্পতরু,C,C,1,,0,0.348754674196243,,0.348754674196243,0.23431959748268102,2,260,common,country,0,1,1,0.22502203285694103,0.25678214430809004,0.348754674196243,0.169441163539886
1702,D-sem,কল্পতরু,D,D,1,,0,0.298106878995895,,0.298106878995895,0.19948531687259602,3,224,common,country,0,1,1,0.28881865739822304,0.20870304107666002,0.20437139272689803,0.298106878995895
1702,D-hard,কল্পতরু,B,B,1,D,0,0.35946249961853005,0.19702668488025601,0.35946249961853005,0.26576709747314403,1,263,common,country,0,1,1,0.236993059515953,0.35946249961853005,0.206517770886421,0.19702668488025601
1710,D-rand,কষাকষি,C,C,1,,0,0.41877502202987604,,0.41877502202987604,0.18214982748031602,2,209,very common,country,0,0,1,0.178922355175018,0.12345751374959901,0.41877502202987604,0.27884507179260204
1710,D-lit,কষাকষি,A,D,0,D,1,0.11099048703908901,0.811031639575958,0.811031639575958,0.579548001289367,0,229,very common,country,0,0,1,0.11099048703908901,0.053358450531959006,0.024619350209832,0.811031639575958
1710,D-surf,কষাকষি,C,C,1,,0,0.49237346649169905,,0.49237346649169905,0.29509133100509605,2,247,very common,country,0,0,1,0.18907095491886103,0.14787577092647503,0.49237346649169905,0.170679748058319
1710,D-sem,কষাকষি,C,D,0,,0,0.32000496983528104,,0.42379751801490706,0.23330011963844302,2,215,very common,country,0,0,1,0.11359840631484901,0.14259913563728302,0.32000496983528104,0.42379751801490706
1710,D-hard,কষাকষি,C,A,0,A,1,0.095034100115299,0.851436853408813,0.851436853408813,0.655254125595092,2,284,very common,country,0,0,1,0.851436853408813,0.029339043423533002,0.095034100115299,0.024189952760934
1711,D-rand,কষিত কাঞ্চন,A,C,0,,0,0.16901007294654802,,0.35316535830497703,0.175606995820999,0,165,common,country,0,0,2,0.16901007294654802,0.240282088518142,0.35316535830497703,0.237542420625686
1711,D-lit,কষিত কাঞ্চন,B,C,0,C,1,0.020608590915799002,0.926354229450225,0.926354229450225,0.7747358083724971,1,249,common,country,0,0,2,0.035025313496589,0.020608590915799002,0.926354229450225,0.018011838197708
1711,D-surf,কষিত কাঞ্চন,D,B,0,,0,0.174028947949409,,0.37735515832901,0.18368624150753002,3,207,common,country,0,0,2,0.22644418478012002,0.37735515832901,0.22217175364494302,0.174028947949409
1711,D-sem,কষিত কাঞ্চন,C,D,0,,0,0.19026695191860202,,0.330209463834762,0.151958048343658,2,150,common,country,0,0,2,0.313576489686965,0.16594712436199102,0.19026695191860202,0.330209463834762
1711,D-hard,কষিত কাঞ্চন,A,D,0,D,1,0.025150982663035,0.8913587927818291,0.8913587927818291,0.65164178609848,0,232,common,country,0,0,2,0.025150982663035,0.040254063904285,0.043236169964075005,0.8913587927818291
1716,D-rand,কসাই,C,A,0,,0,0.19992808997631,,0.310707151889801,0.252520054578781,2,299,common,country,0,0,1,0.310707151889801,0.197933912277221,0.19992808997631,0.29143086075782704
1716,D-lit,কসাই,C,B,0,B,1,0.023705473169684,0.91825133562088,0.91825133562088,0.7625153064727781,2,232,common,country,0,0,1,0.039752036333084,0.91825133562088,0.023705473169684,0.018291110172867
1716,D-surf,কসাই,C,D,0,,0,0.196865245699882,,0.32719290256500205,0.16760337352752602,2,256,common,country,0,0,1,0.17028608918190002,0.305655747652053,0.196865245699882,0.32719290256500205
1716,D-sem,কসাই,D,C,0,,0,0.17272694408893502,,0.34527340531349104,0.21555691957473702,3,254,common,country,0,0,1,0.31836816668510404,0.163631543517112,0.34527340531349104,0.17272694408893502
1716,D-hard,কসাই,B,D,0,D,1,0.020924041047692,0.9223855733871461,0.9223855733871461,0.7710583209991451,1,276,common,country,0,0,1,0.037555869668722,0.020924041047692,0.019134512171149,0.9223855733871461
1746,D-rand,কাঁচাখেকো দেবতা,B,A,0,,0,0.16470709443092302,,0.44012925028800903,0.24347506463527602,1,214,common,country,0,1,2,0.44012925028800903,0.16470709443092302,0.20115828514099102,0.19400544464588101
1746,D-lit,কাঁচাখেকো দেবতা,B,C,0,C,1,0.009577907621860001,0.95554369688034,0.95554369688034,0.810596287250518,1,221,common,country,0,1,2,0.011277517303824001,0.009577907621860001,0.95554369688034,0.023600948974490003
1746,D-surf,কাঁচাখেকো দেবতা,A,C,0,,0,0.045826680958271006,,0.46693423390388406,0.229153513908386,0,194,common,country,0,1,2,0.045826680958271006,0.053725477308034,0.46693423390388406,0.43351349234580905
1746,D-sem,কাঁচাখেকো দেবতা,C,D,0,,0,0.148041427135467,,0.341052949428558,0.213167279958724,2,218,common,country,0,1,2,0.298369973897933,0.21253567934036202,0.148041427135467,0.341052949428558
1746,D-hard,কাঁচাখেকো দেবতা,C,D,0,D,1,0.008145011030137001,0.927484214305877,0.927484214305877,0.7554737925529481,2,259,common,country,0,1,2,0.05514144524931901,0.009229286573827001,0.008145011030137001,0.927484214305877
1774,D-rand,কাঁচা হলুদ,C,A,0,,0,0.17249648272991103,,0.347871989011764,0.195539012551307,2,165,common,country,0,0,2,0.347871989011764,0.263795226812362,0.17249648272991103,0.21583627164363803
1774,D-lit,কাঁচা হলুদ,D,C,0,C,1,0.014808942563831001,0.9405716061592101,0.9405716061592101,0.7931500077247621,3,214,common,country,0,0,2,0.024333713576197003,0.020285841077566,0.9405716061592101,0.014808942563831001
1774,D-surf,কাঁচা হলুদ,A,B,0,,0,0.176320180296897,,0.39780658483505205,0.23515956103801702,0,202,common,country,0,0,2,0.176320180296897,0.39780658483505205,0.248395562171936,0.177477687597274
1774,D-sem,কাঁচা হলুদ,A,D,0,,0,0.204739540815353,,0.41826552152633606,0.30798378586769104,0,208,common,country,0,0,2,0.204739540815353,0.16947470605373302,0.20752027630805903,0.41826552152633606
1774,D-hard,কাঁচা হলুদ,A,B,0,B,1,0.02346290834248,0.9052985906600951,0.9052985906600951,0.712365984916687,0,187,common,country,0,0,2,0.02346290834248,0.9052985906600951,0.053028579801321,0.018209923058748002
1780,D-rand,কাঁচুমাচু,A,A,1,,0,0.329750269651412,,0.329750269651412,0.14272217452526,0,171,common,country,0,0,1,0.329750269651412,0.24755889177322302,0.27033093571662903,0.15235985815525002
1780,D-lit,কাঁচুমাচু,B,D,0,D,1,0.232599169015884,0.393249124288558,0.393249124288558,0.24254155158996502,1,198,common,country,0,0,1,0.16562679409980702,0.232599169015884,0.208524897694587,0.393249124288558
1780,D-surf,কাঁচুমাচু,B,C,0,,0,0.252101600170135,,0.39526084065437306,0.21747934818267803,1,259,common,country,0,0,1,0.19909262657165502,0.252101600170135,0.39526084065437306,0.153545022010803
1780,D-sem,কাঁচুমাচু,B,C,0,,0,0.239546090364456,,0.31462249159812905,0.17398265004158,1,218,common,country,0,0,1,0.16382898390293102,0.239546090364456,0.31462249159812905,0.28200250864028903
1780,D-hard,কাঁচুমাচু,D,A,0,A,1,0.186519652605056,0.379935055971145,0.379935055971145,0.20001389086246402,3,205,common,country,0,0,1,0.379935055971145,0.23076494038105003,0.20278035104274703,0.186519652605056
1781,D-rand,কাঁচে কাঞ্চনে সমান,C,C,1,,0,0.675195813179016,,0.675195813179016,0.440228283405303,2,294,common,country,0,0,3,0.11390209197998001,0.14851050078868802,0.675195813179016,0.062391579151153
1781,D-lit,কাঁচে কাঞ্চনে সমান,C,A,0,A,1,0.39074328541755604,0.5320391058921811,0.5320391058921811,0.34701725840568504,2,285,common,country,0,0,3,0.5320391058921811,0.046199839562177006,0.39074328541755604,0.031017787754535002
1781,D-surf,কাঁচে কাঞ্চনে সমান,B,B,1,,0,0.668475806713104,,0.668475806713104,0.43249830603599504,1,293,common,country,0,0,3,0.055547814816236,0.668475806713104,0.213543727993965,0.062432661652565
1781,D-sem,কাঁচে কাঞ্চনে সমান,A,D,0,,0,0.19127544760704002,,0.749369859695434,0.5858187675476071,0,330,common,country,0,0,3,0.19127544760704002,0.015054821036756,0.044299893081188,0.749369859695434
1781,D-hard,কাঁচে কাঞ্চনে সমান,C,D,0,D,1,0.32864147424697804,0.584671735763549,0.584671735763549,0.39133810997009205,2,308,common,country,0,0,3,0.028308525681495004,0.058378346264362,0.32864147424697804,0.584671735763549
1785,D-rand,কাঁটাগাছের তলায় থাকা,B,B,1,,0,0.44715872406959506,,0.44715872406959506,0.30355301499366705,1,228,common,deep rural,0,0,3,0.257921993732452,0.44715872406959506,0.143222838640213,0.151696443557739
1785,D-lit,কাঁটাগাছের তলায় থাকা,C,A,0,A,1,0.09050831198692301,0.764328598976135,0.764328598976135,0.666785657405853,2,185,common,deep rural,0,0,3,0.764328598976135,0.063569463789463,0.09050831198692301,0.081593580543994
1785,D-surf,কাঁটাগাছের তলায় থাকা,B,D,0,,0,0.290152430534362,,0.35464078187942505,0.23216618597507402,1,299,common,deep rural,0,0,3,0.22984540462493802,0.290152430534362,0.125361427664756,0.35464078187942505
1785,D-sem,কাঁটাগাছের তলায় থাকা,B,B,1,,0,0.45016407966613703,,0.45016407966613703,0.342705219984054,1,251,common,deep rural,0,0,3,0.293430298566818,0.45016407966613703,0.15698397159576402,0.09942156076431201
1785,D-hard,কাঁটাগাছের তলায় থাকা,D,A,0,A,1,0.052024811506271,0.49809044599533003,0.49809044599533003,0.45571768283843905,3,175,common,deep rural,0,0,3,0.49809044599533003,0.413731694221496,0.036153029650449,0.052024811506271
1791,D-rand,কাঁটা হওয়া,B,B,1,,0,0.388831168413162,,0.388831168413162,0.24964983761310502,1,259,common,country,0,0,2,0.26656579971313404,0.388831168413162,0.191617518663406,0.15298545360565102
1791,D-lit,কাঁটা হওয়া,B,C,0,C,1,0.054529335349798,0.854318857192993,0.854318857192993,0.6908969283103941,1,236,common,country,0,0,2,0.077723696827888,0.054529335349798,0.854318857192993,0.013428137637674002
1791,D-surf,কাঁটা হওয়া,B,A,0,,0,0.25241121649742104,,0.361946374177932,0.24316683411598203,1,196,common,country,0,0,2,0.361946374177932,0.25241121649742104,0.12368708103895101,0.261955380439758
1791,D-sem,কাঁটা হওয়া,A,C,0,,0,0.27518689632415705,,0.28362682461738503,0.19869747757911602,0,271,common,country,0,0,2,0.27518689632415705,0.244412899017333,0.28362682461738503,0.19677345454692802
1791,D-hard,কাঁটা হওয়া,D,C,0,C,1,0.052581641823053006,0.884659171104431,0.884659171104431,0.744361639022827,3,217,common,country,0,0,2,0.039271801710128,0.023487394675612002,0.884659171104431,0.052581641823053006
1798,D-rand,কাঁড়ানো চালে তিন ঘা পাড়,C,A,0,,0,0.22672207653522403,,0.271144181489944,0.17831908166408503,2,288,common,deep rural,0,0,5,0.271144181489944,0.24550561606884003,0.22672207653522403,0.25662809610366805
1798,D-lit,কাঁড়ানো চালে তিন ঘা পাড়,A,B,0,B,1,0.11543904244899701,0.61070841550827,0.61070841550827,0.40273663401603704,0,204,common,deep rural,0,0,5,0.11543904244899701,0.61070841550827,0.13600979745388,0.137842714786529
1798,D-surf,কাঁড়ানো চালে তিন ঘা পাড়,A,A,1,,0,0.308109074831008,,0.308109074831008,0.186013475060462,0,260,common,deep rural,0,0,5,0.308109074831008,0.30692097544670105,0.21453095972537903,0.17043898999691
1798,D-sem,কাঁড়ানো চালে তিন ঘা পাড়,D,A,0,,0,0.157174915075302,,0.30288228392601,0.20271942019462502,3,260,common,deep rural,0,0,5,0.30288228392601,0.300685465335845,0.23925732076168002,0.157174915075302
1798,D-hard,কাঁড়ানো চালে তিন ঘা পাড়,A,B,0,B,1,0.11594567447900701,0.613405466079711,0.613405466079711,0.45575800538063005,0,211,common,deep rural,0,0,5,0.11594567447900701,0.613405466079711,0.14759704470634402,0.12305185943841901
1802,D-rand,কাঁধে কাঁধ মেলানো,B,C,0,,0,0.303319126367568,,0.333840996026992,0.21691289544105502,1,222,very common,country,0,0,3,0.16736470162868503,0.303319126367568,0.333840996026992,0.195475220680236
1802,D-lit,কাঁধে কাঁধ মেলানো,A,D,0,D,1,0.171764507889747,0.7218766808509821,0.7218766808509821,0.6231166124343871,0,267,very common,country,0,0,3,0.171764507889747,0.055076915770769,0.051281876862049006,0.7218766808509821
1802,D-surf,কাঁধে কাঁধ মেলানো,C,C,1,,0,0.40641900897026,,0.40641900897026,0.29939454793930004,2,181,very common,country,0,0,3,0.17745444178581202,0.21490129828453003,0.40641900897026,0.20122525095939603
1802,D-sem,কাঁধে কাঁধ মেলানো,B,B,1,,0,0.390542924404144,,0.390542924404144,0.250577092170715,1,285,very common,country,0,0,3,0.163608744740486,0.390542924404144,0.142800137400627,0.30304816365242004
1802,D-hard,কাঁধে কাঁধ মেলানো,B,C,0,C,1,0.14367282390594402,0.652584552764892,0.652584552764892,0.580605506896972,1,242,very common,country,0,0,3,0.10199911147356001,0.14367282390594402,0.652584552764892,0.10174357891082701
1805,D-rand,কাঁধে নেওয়া,A,A,1,,0,0.7617114186286921,,0.7617114186286921,0.6702077388763421,0,187,common,country,0,0,2,0.7617114186286921,0.12151375412940901,0.07147751003503801,0.045297268778085
1805,D-lit,কাঁধে নেওয়া,C,B,0,B,1,0.27153941988945,0.6665958166122431,0.6665958166122431,0.43552759289741505,2,228,common,country,0,0,2,0.029457004740834004,0.6665958166122431,0.27153941988945,0.032407697290182
1805,D-surf,কাঁধে নেওয়া,A,A,1,,0,0.45300215482711703,,0.45300215482711703,0.408369243144989,0,222,common,country,0,0,2,0.45300215482711703,0.048334408551454,0.272700697183609,0.22596272826194702
1805,D-sem,কাঁধে নেওয়া,C,C,1,,0,0.7959575057029721,,0.7959575057029721,0.6895619630813591,2,210,common,country,0,0,2,0.06923471391201,0.057363551110029005,0.7959575057029721,0.077444210648536
1805,D-hard,কাঁধে নেওয়া,C,A,0,A,1,0.317339181900024,0.63690447807312,0.63690447807312,0.5094757080078121,2,217,common,country,0,0,2,0.63690447807312,0.023990022018551,0.317339181900024,0.021766327321529003
1807,D-rand,কার কস্য পরিবেদনা,B,B,1,,0,0.38313502073287903,,0.38313502073287903,0.20857746899127902,1,209,common,country,0,0,3,0.312451481819152,0.38313502073287903,0.136781901121139,0.167631670832633
1807,D-lit,কার কস্য পরিবেদনা,A,B,0,B,1,0.13117524981498702,0.6965397596359251,0.6965397596359251,0.514034867286682,0,230,common,country,0,0,3,0.13117524981498702,0.6965397596359251,0.065893568098545,0.1063914000988
1807,D-surf,কার কস্য পরিবেদনা,D,C,0,,0,0.24036233127117101,,0.267516583204269,0.25493043661117504,3,256,common,country,0,0,3,0.24337133765220603,0.24874976277351302,0.267516583204269,0.24036233127117101
1807,D-sem,কার কস্য পরিবেদনা,D,A,0,,0,0.25859373807907104,,0.34157279133796603,0.283635765314102,3,273,common,country,0,0,3,0.34157279133796603,0.267622470855712,0.13221101462841,0.25859373807907104
1807,D-hard,কার কস্য পরিবেদনা,B,C,0,C,1,0.13999347388744302,0.7095733284950251,0.7095733284950251,0.593904376029968,1,240,common,country,0,0,3,0.11446081101894301,0.13999347388744302,0.7095733284950251,0.035972349345684
1810,D-rand,কাক-কোকিলে ভেদ,C,C,1,,0,0.35940614342689503,,0.35940614342689503,0.203221812844276,2,217,common,deep rural,0,0,3,0.19346699118614102,0.17821383476257302,0.35940614342689503,0.26891303062438904
1810,D-lit,কাক-কোকিলে ভেদ,C,A,0,A,1,0.318596363067626,0.510198652744293,0.510198652744293,0.41080963611602705,2,271,common,deep rural,0,0,3,0.510198652744293,0.090438716113567,0.318596363067626,0.08076631277799601
1810,D-surf,কাক-কোকিলে ভেদ,B,B,1,,0,0.45897805690765303,,0.45897805690765303,0.289897233247756,1,275,common,deep rural,0,0,3,0.21034182608127502,0.45897805690765303,0.164216473698616,0.166463613510131
1810,D-sem,কাক-কোকিলে ভেদ,B,B,1,,0,0.41214507818222,,0.41214507818222,0.281964004039764,1,253,common,deep rural,0,0,3,0.20263618230819702,0.41214507818222,0.191885963082313,0.193332731723785
1810,D-hard,কাক-কোকিলে ভেদ,B,C,0,C,1,0.21389240026474,0.5129296183586121,0.5129296183586121,0.39006361365318304,1,289,common,deep rural,0,0,3,0.19560663402080503,0.21389240026474,0.5129296183586121,0.077571377158164
1811,D-rand,কাক-কোকিলের সমান দর,B,C,0,,0,0.203582599759101,,0.31888946890830905,0.19764007627964,1,239,common,country,0,0,4,0.26718866825103704,0.203582599759101,0.31888946890830905,0.210339307785034
1811,D-lit,কাক-কোকিলের সমান দর,B,A,0,A,1,0.029221808537840004,0.8897770643234251,0.8897770643234251,0.768115282058715,1,343,common,country,0,0,4,0.8897770643234251,0.029221808537840004,0.059563241899013006,0.02143788896501
1811,D-surf,কাক-কোকিলের সমান দর,A,D,0,,0,0.129657357931137,,0.34744024276733404,0.21046477556228602,0,265,common,country,0,0,4,0.129657357931137,0.327210694551467,0.195691734552383,0.34744024276733404
1811,D-sem,কাক-কোকিলের সমান দর,C,A,0,,0,0.10774449259042701,,0.442884594202041,0.336754441261291,2,313,common,country,0,0,4,0.442884594202041,0.173503443598747,0.10774449259042701,0.275867462158203
1811,D-hard,কাক-কোকিলের সমান দর,B,C,0,C,1,0.022947875782847002,0.884565293788909,0.884565293788909,0.7377988696098321,1,267,common,country,0,0,4,0.060867242515087,0.022947875782847002,0.884565293788909,0.031619578599929005
1816,D-rand,কাকতালীয়,D,B,0,,0,0.23231360316276503,,0.33529564738273604,0.23358592391014102,3,231,common,deep rural,0,0,1,0.19150154292583402,0.33529564738273604,0.24088919162750203,0.23231360316276503
1816,D-lit,কাকতালীয়,C,D,0,D,1,0.06994392722845001,0.7439440488815301,0.7439440488815301,0.587027847766876,2,225,common,deep rural,0,0,1,0.090427733957767,0.095684319734573,0.06994392722845001,0.7439440488815301
1816,D-surf,কাকতালীয়,A,B,0,,0,0.179133921861648,,0.351546943187713,0.25646200776100103,0,424,common,deep rural,0,0,1,0.179133921861648,0.351546943187713,0.251268684864044,0.21805046498775402
1816,D-sem,কাকতালীয়,C,B,0,,0,0.224564030766487,,0.30605846643447804,0.22002583742141701,2,318,common,deep rural,0,0,1,0.18238566815853102,0.30605846643447804,0.224564030766487,0.28699183464050204
1816,D-hard,কাকতালীয়,D,B,0,B,1,0.06484512239694501,0.7266969084739681,0.7266969084739681,0.5742689371109,3,390,common,deep rural,0,0,1,0.11181821674108501,0.7266969084739681,0.096639737486839,0.06484512239694501
1843,D-rand,কাগজপত্র,D,D,1,,0,0.7214643359184261,,0.7214643359184261,0.460583448410034,3,224,common,country,0,0,1,0.07654618471860801,0.140819281339645,0.061170186847448,0.7214643359184261
1843,D-lit,কাগজপত্র,C,B,0,B,1,0.032641809433698,0.9585580825805661,0.9585580825805661,0.7952749729156491,2,258,common,country,0,0,1,0.005919358693063001,0.9585580825805661,0.032641809433698,0.002880831714719
1843,D-surf,কাগজপত্র,B,B,1,,0,0.678463399410247,,0.678463399410247,0.464214980602264,1,263,common,country,0,0,1,0.151927396655082,0.678463399410247,0.10492116957902901,0.064688138663768
1843,D-sem,কাগজপত্র,D,C,0,,0,0.051245007663965,,0.9033785462379451,0.8277263045310971,3,307,common,country,0,0,1,0.033908210694789005,0.011468265205621001,0.9033785462379451,0.051245007663965
1843,D-hard,কাগজপত্র,D,A,0,A,1,0.038107298314571006,0.944357633590698,0.944357633590698,0.838345229625701,3,296,common,country,0,0,1,0.944357633590698,0.008528534322977,0.009006598964333,0.038107298314571006
1868,D-rand,কাজ দেওয়া,D,D,1,,0,0.9226585626602171,,0.9226585626602171,0.760602116584777,3,214,common,country,0,0,2,0.024460595101118,0.024251461029052002,0.028629314154386003,0.9226585626602171
1868,D-lit,কাজ দেওয়া,A,A,1,D,0,0.717824935913085,0.24043790996074602,0.717824935913085,0.49368530511856,0,172,common,country,0,0,2,0.717824935913085,0.012303588911890002,0.029433554038405002,0.24043790996074602
1868,D-surf,কাজ দেওয়া,A,A,1,,0,0.920659065246582,,0.920659065246582,0.799823105335235,0,222,common,country,0,0,2,0.920659065246582,0.022211095318198003,0.025812860578298003,0.031316976994276005
1868,D-sem,কাজ দেওয়া,B,B,1,,0,0.9158862829208371,,0.9158862829208371,0.7656090259552001,1,207,common,country,0,0,2,0.029800320044159,0.9158862829208371,0.019585058093070002,0.034728337079286
1868,D-hard,কাজ দেওয়া,D,D,1,B,0,0.712918221950531,0.199931621551513,0.712918221950531,0.5583780407905571,3,160,common,country,0,0,2,0.068838529288768,0.199931621551513,0.018311651423573,0.712918221950531
1887,D-rand,কাজে লাগা,C,C,1,,0,0.836569249629974,,0.836569249629974,0.707127749919891,2,244,very common,country,0,0,2,0.077617488801479,0.053650271147489006,0.836569249629974,0.032162964344024006
1887,D-lit,কাজে লাগা,C,A,0,A,1,0.11203742027282701,0.8809173703193661,0.8809173703193661,0.7267492413520811,2,188,very common,country,0,0,2,0.8809173703193661,0.0021866881288580002,0.11203742027282701,0.004858424421399
1887,D-surf,কাজে লাগা,D,D,1,,0,0.48468342423439004,,0.48468342423439004,0.4250108897686,3,199,very common,country,0,0,2,0.07007098197937,0.40636533498764005,0.038880184292793,0.48468342423439004
1887,D-sem,কাজে লাগা,D,D,1,,0,0.649988174438476,,0.649988174438476,0.5620400309562681,3,222,very common,country,0,0,2,0.22373749315738603,0.037854138761758006,0.08842027932405401,0.649988174438476
1887,D-hard,কাজে লাগা,D,C,0,C,1,0.07602631300687701,0.906351625919342,0.906351625919342,0.774913251399993,3,224,very common,country,0,0,2,0.013404010795056001,0.004218026995658,0.906351625919342,0.07602631300687701
1890,D-rand,কাজে ডাঁটো,C,C,1,,0,0.654268264770507,,0.654268264770507,0.5408531427383421,2,234,common,country,0,0,2,0.13174864649772602,0.083207890391349,0.654268264770507,0.13077512383460901
1890,D-lit,কাজে ডাঁটো,A,B,0,B,1,0.168899282813072,0.779806792736053,0.779806792736053,0.6674863696098321,0,214,common,country,0,0,2,0.168899282813072,0.779806792736053,0.034112587571144,0.017181366682052
1890,D-surf,কাজে ডাঁটো,B,B,1,,0,0.385715425014495,,0.385715425014495,0.405294001102447,1,261,common,country,0,0,2,0.17193201184272702,0.385715425014495,0.384793072938919,0.057559505105018005
1890,D-sem,কাজে ডাঁটো,B,B,1,,0,0.584413230419158,,0.584413230419158,0.42945587635040205,1,206,common,country,0,0,2,0.260564029216766,0.584413230419158,0.076758958399295,0.07826378196477801
1890,D-hard,কাজে ডাঁটো,B,C,0,C,1,0.164477095007896,0.744414091110229,0.744414091110229,0.7116984724998471,1,203,common,country,0,0,2,0.073316432535648,0.164477095007896,0.744414091110229,0.017792401835322002
1893,D-rand,কাজের কাজি,C,C,1,,0,0.760622024536132,,0.760622024536132,0.693150460720062,2,242,common,country,0,1,2,0.05936118960380501,0.11842876672744701,0.760622024536132,0.061588041484355004
1893,D-lit,কাজের কাজি,A,D,0,D,1,0.088757142424583,0.871458649635314,0.871458649635314,0.7148609161376951,0,297,common,country,0,1,2,0.088757142424583,0.033427808433771,0.0063564092852170006,0.871458649635314
1893,D-surf,কাজের কাজি,D,D,1,,0,0.500595390796661,,0.500595390796661,0.40276047587394703,3,263,common,country,0,1,2,0.20333117246627802,0.169781684875488,0.12629175186157202,0.500595390796661
1893,D-sem,কাজের কাজি,C,D,0,,0,0.37542375922203003,,0.522745788097381,0.34012410044670105,2,233,common,country,0,1,2,0.056222602725028006,0.045607902109622005,0.37542375922203003,0.522745788097381
1893,D-hard,কাজের কাজি,D,C,0,C,1,0.090876743197441,0.807394564151763,0.807394564151763,0.689368903636932,3,407,common,country,0,1,2,0.086376078426837,0.015352670103311001,0.807394564151763,0.090876743197441
1925,D-rand,কাটা কান চুল দিয়ে ঢাকা,A,C,0,,0,0.21002979576587602,,0.278830647468566,0.17971001565456302,0,243,common,country,0,0,5,0.21002979576587602,0.240428298711776,0.278830647468566,0.270711243152618
1925,D-lit,কাটা কান চুল দিয়ে ঢাকা,B,C,0,C,1,0.137256726622581,0.481629371643066,0.481629371643066,0.293105453252792,1,293,common,country,0,0,5,0.17870014905929502,0.137256726622581,0.481629371643066,0.202413812279701
1925,D-surf,কাটা কান চুল দিয়ে ঢাকা,C,A,0,,0,0.192025542259216,,0.309508919715881,0.19725301861763,2,256,common,country,0,0,5,0.309508919715881,0.29386273026466303,0.192025542259216,0.204602867364883
1925,D-sem,কাটা কান চুল দিয়ে ঢাকা,A,C,0,,0,0.216921508312225,,0.38170251250267,0.21054504811763702,0,349,common,country,0,0,5,0.216921508312225,0.20389938354492101,0.38170251250267,0.19747655093669803
1925,D-hard,কাটা কান চুল দিয়ে ঢাকা,D,A,0,A,1,0.12696172297000802,0.40682604908943104,0.40682604908943104,0.26224917173385603,3,286,common,country,0,0,5,0.40682604908943104,0.294040918350219,0.17217138409614502,0.12696172297000802
1937,D-rand,ভয়ে কাঠ,C,C,1,,0,0.284527957439422,,0.284527957439422,0.21719150245189603,2,204,common,country,0,0,2,0.24177785217761902,0.23459078371524802,0.284527957439422,0.23910340666770902
1937,D-lit,ভয়ে কাঠ,C,A,0,A,1,0.041075669229030005,0.842864215373992,0.842864215373992,0.6801681518554681,2,193,common,country,0,0,2,0.842864215373992,0.06884320080280301,0.041075669229030005,0.047216851264238004
1937,D-surf,ভয়ে কাঠ,D,B,0,,0,0.07539454847574201,,0.586219370365142,0.436774313449859,3,187,common,country,0,0,2,0.26990190148353504,0.586219370365142,0.068484254181385,0.07539454847574201
1937,D-sem,ভয়ে কাঠ,B,C,0,,0,0.078488782048225,,0.5853833556175231,0.382057517766952,1,178,common,country,0,0,2,0.28248932957649203,0.078488782048225,0.5853833556175231,0.053638573735952
1937,D-hard,ভয়ে কাঠ,B,C,0,C,1,0.031236143782734004,0.5682965517044061,0.5682965517044061,0.516129374504089,1,177,common,country,0,0,2,0.186435088515281,0.031236143782734004,0.5682965517044061,0.21403224766254403
1952,D-rand,কাঠি পড়া,D,B,0,,0,0.14542551338672602,,0.6099836230278011,0.39752751588821406,3,216,common,country,0,1,2,0.08508416265249201,0.6099836230278011,0.15950666368007602,0.14542551338672602
1952,D-lit,কাঠি পড়া,A,D,0,D,1,0.008230635896325,0.9780192375183101,0.9780192375183101,0.8504590392112731,0,193,common,country,0,1,2,0.008230635896325,0.008017156273126,0.005732970312237001,0.9780192375183101
1952,D-surf,কাঠি পড়া,B,D,0,,0,0.30566453933715804,,0.419250220060348,0.290325909852981,1,173,common,country,0,1,2,0.12279380112886401,0.30566453933715804,0.152291536331176,0.419250220060348
1952,D-sem,কাঠি পড়া,A,A,1,,0,0.37442499399185103,,0.37442499399185103,0.178165584802627,0,181,common,country,0,1,2,0.37442499399185103,0.31607761979103005,0.10998968034982601,0.199507683515548
1952,D-hard,কাঠি পড়া,B,C,0,C,1,0.006854807958006,0.9776745438575741,0.9776745438575741,0.8549041748046871,1,186,common,country,0,1,2,0.007453852333128,0.006854807958006,0.9776745438575741,0.008016868494451001
1964,D-rand,কাৎলামাছ,C,A,0,,0,0.22047042846679601,,0.35312595963478005,0.19044660031795502,2,204,common,country,0,0,1,0.35312595963478005,0.259730726480484,0.22047042846679601,0.16667291522026
1964,D-lit,কাৎলামাছ,A,D,0,D,1,0.018987614661455002,0.9230657219886781,0.9230657219886781,0.7506825923919671,0,201,common,country,0,0,1,0.018987614661455002,0.029335383325815003,0.028611259534955004,0.9230657219886781
1964,D-surf,কাৎলামাছ,C,B,0,,0,0.18495744466781602,,0.287463217973709,0.161151260137557,2,178,common,country,0,0,1,0.27762690186500505,0.287463217973709,0.18495744466781602,0.24995246529579102
1964,D-sem,কাৎলামাছ,B,A,0,,0,0.28046363592147805,,0.32361423969268804,0.19615969061851501,1,189,common,country,0,0,1,0.32361423969268804,0.28046363592147805,0.21456865966320002,0.181353464722633
1964,D-hard,কাৎলামাছ,C,A,0,A,1,0.021887533366680003,0.9070799350738521,0.9070799350738521,0.744089424610137,2,215,common,country,0,0,1,0.9070799350738521,0.039963688701391005,0.021887533366680003,0.031068848446011002
1966,D-rand,কাতার,D,C,0,,0,0.29886457324028004,,0.33808353543281505,0.19490082561969702,3,198,common,country,0,0,1,0.24579429626464802,0.11725758761167501,0.33808353543281505,0.29886457324028004
1966,D-lit,কাতার,C,C,1,B,0,0.310776978731155,0.243351101875305,0.310776978731155,0.17517241835594102,2,238,common,country,0,0,1,0.15314775705337502,0.243351101875305,0.310776978731155,0.292724132537841
1966,D-surf,কাতার,C,C,1,,0,0.346558719873428,,0.346558719873428,0.189509108662605,2,227,common,country,0,0,1,0.273542284965515,0.138987228274345,0.346558719873428,0.240911737084388
1966,D-sem,কাতার,D,D,1,,0,0.34937649965286205,,0.34937649965286205,0.162913173437118,3,176,common,country,0,0,1,0.25166377425193703,0.226281493902206,0.17267821729183103,0.34937649965286205
1966,D-hard,কাতার,A,B,0,C,0,0.269200801849365,0.17873199284076602,0.386712580919265,0.18561483919620503,0,184,common,country,0,0,1,0.269200801849365,0.386712580919265,0.17873199284076602,0.165354639291763
1969,D-rand,কাদা ওড়ানীর কাছে ধুলা উড়ানী,B,B,1,,0,0.583298742771148,,0.583298742771148,0.324170053005218,1,203,common,deep rural,0,0,5,0.10091330111026701,0.583298742771148,0.098620526492595,0.21716746687889102
1969,D-lit,কাদা ওড়ানীর কাছে ধুলা উড়ানী,D,B,0,B,1,0.102852813899517,0.848942339420318,0.848942339420318,0.646286070346832,3,290,common,deep rural,0,0,5,0.033780347555875,0.848942339420318,0.014424553140997002,0.102852813899517
1969,D-surf,কাদা ওড়ানীর কাছে ধুলা উড়ানী,A,A,1,,0,0.417391538619995,,0.417391538619995,0.23346319794654802,0,284,common,deep rural,0,0,5,0.417391538619995,0.15603019297122903,0.111800998449325,0.31477728486061
1969,D-sem,কাদা ওড়ানীর কাছে ধুলা উড়ানী,A,A,1,,0,0.513891220092773,,0.513891220092773,0.28345453739166204,0,218,common,deep rural,0,0,5,0.513891220092773,0.130603149533271,0.157382383942604,0.19812321662902802
1969,D-hard,কাদা ওড়ানীর কাছে ধুলা উড়ানী,A,B,0,B,1,0.10173086076974801,0.8304809331893921,0.8304809331893921,0.674546122550964,0,240,common,deep rural,0,0,5,0.10173086076974801,0.8304809331893921,0.025617964565753003,0.04217028245329801
1970,D-rand,কাদা ছোঁড়াছুঁড়ি,B,B,1,,0,0.38630953431129406,,0.38630953431129406,0.31166511774063105,1,180,common,country,0,0,2,0.168321505188941,0.38630953431129406,0.287489026784896,0.157879948616027
1970,D-lit,কাদা ছোঁড়াছুঁড়ি,B,A,0,A,1,0.097553871572017,0.6747366189956661,0.6747366189956661,0.57300066947937,1,239,common,country,0,0,2,0.6747366189956661,0.097553871572017,0.11132366955280301,0.11638582497835101
1970,D-surf,কাদা ছোঁড়াছুঁড়ি,C,A,0,,0,0.301327794790267,,0.391878813505172,0.297768324613571,2,259,common,country,0,0,2,0.391878813505172,0.132937058806419,0.301327794790267,0.173856362700462
1970,D-sem,কাদা ছোঁড়াছুঁড়ি,D,C,0,,0,0.21066151559352803,,0.33156123757362305,0.247230380773544,3,287,common,country,0,0,2,0.19579204916954002,0.261985212564468,0.33156123757362305,0.21066151559352803
1970,D-hard,কাদা ছোঁড়াছুঁড়ি,C,D,0,D,1,0.10107629746198601,0.7378078103065491,0.7378078103065491,0.619547426700592,2,255,common,country,0,0,2,0.06440469622612,0.096711173653602,0.10107629746198601,0.7378078103065491
1990,D-rand,কান টানা,D,C,0,,0,0.20771394670009602,,0.372341990470886,0.32113575935363703,3,254,common,country,0,0,2,0.162700906395912,0.257243156433105,0.372341990470886,0.20771394670009602
1990,D-lit,কান টানা,A,D,0,D,1,0.013859270140528,0.9495687484741211,0.9495687484741211,0.8328331112861631,0,166,common,country,0,0,2,0.013859270140528,0.010293232277035,0.026278691366314003,0.9495687484741211
1990,D-surf,কান টানা,A,D,0,,0,0.10887077450752201,,0.627420783042907,0.557503521442413,0,297,common,country,0,0,2,0.10887077450752201,0.11674360930919601,0.146964833140373,0.627420783042907
1990,D-sem,কান টানা,D,D,1,,0,0.30131411552429205,,0.30131411552429205,0.240059271454811,3,181,common,country,0,0,2,0.25259423255920405,0.235947042703628,0.210144534707069,0.30131411552429205
1990,D-hard,কান টানা,A,D,0,D,1,0.014036525040864,0.961721718311309,0.961721718311309,0.8645295500755311,0,177,common,country,0,0,2,0.014036525040864,0.008876582607626,0.015365125611424002,0.961721718311309
2016,D-rand,কানাইয়ের মা,B,B,1,,0,0.5536671876907341,,0.5536671876907341,0.34637790918350203,1,190,common,country,0,0,2,0.112106941640377,0.5536671876907341,0.17881320416927302,0.155412718653678
2016,D-lit,কানাইয়ের মা,A,B,0,B,1,0.007806614041328001,0.9869191050529481,0.9869191050529481,0.9242836236953731,0,208,common,country,0,0,2,0.007806614041328001,0.9869191050529481,0.002030463190749,0.0032438496127720003
2016,D-surf,কানাইয়ের মা,D,D,1,,0,0.362092167139053,,0.362092167139053,0.23617416620254503,3,192,common,country,0,0,2,0.14842787384986803,0.341745346784591,0.147734597325325,0.362092167139053
2016,D-sem,কানাইয়ের মা,A,D,0,,0,0.34646525979042003,,0.537815868854522,0.40731561183929405,0,327,common,country,0,0,2,0.34646525979042003,0.055660054087638,0.060058820992708005,0.537815868854522
2016,D-hard,কানাইয়ের মা,A,B,0,B,1,0.0076647568494080005,0.9690662622451781,0.9690662622451781,0.904304206371307,0,218,common,country,0,0,2,0.0076647568494080005,0.9690662622451781,0.021252986043691,0.0020159317646170002
2046,D-rand,কানে ফুঁ দেওয়া,D,D,1,,0,0.36800190806388805,,0.36800190806388805,0.26876896619796703,3,193,very common,country,0,0,3,0.195336461067199,0.251152366399765,0.185509294271469,0.36800190806388805
2046,D-lit,কানে ফুঁ দেওয়া,A,C,0,C,1,0.11147040128707801,0.7858341932296751,0.7858341932296751,0.589128077030181,0,267,very common,country,0,0,3,0.11147040128707801,0.048590339720249,0.7858341932296751,0.054105039685964
2046,D-surf,কানে ফুঁ দেওয়া,A,A,1,,0,0.36426338553428605,,0.36426338553428605,0.222628191113471,0,199,very common,country,0,0,3,0.36426338553428605,0.18796434998512201,0.16848482191562603,0.27928745746612504
2046,D-sem,কানে ফুঁ দেওয়া,C,C,1,,0,0.32538041472435,,0.32538041472435,0.235275030136108,2,207,very common,country,0,0,3,0.233324080705642,0.18254517018795002,0.32538041472435,0.25875037908554
2046,D-hard,কানে ফুঁ দেওয়া,C,B,0,B,1,0.112057715654373,0.740211486816406,0.740211486816406,0.6223674416542051,2,245,very common,country,0,0,3,0.08034836500883101,0.740211486816406,0.112057715654373,0.067382425069808
2047,D-rand,কানে বাজা,A,A,1,,0,0.42864078283309903,,0.42864078283309903,0.24125261604785903,0,190,common,country,0,0,2,0.42864078283309903,0.11401271075010301,0.22680865228176103,0.230537891387939
2047,D-lit,কানে বাজা,A,C,0,C,1,0.053349677473306004,0.879057526588439,0.879057526588439,0.7124948501586911,0,193,common,country,0,0,2,0.053349677473306004,0.041364811360836,0.879057526588439,0.026227908208966002
2047,D-surf,কানে বাজা,B,B,1,,0,0.333211362361907,,0.333211362361907,0.22401504218578303,1,192,common,country,0,0,2,0.306750059127807,0.333211362361907,0.244578644633293,0.11545992642641001
2047,D-sem,কানে বাজা,A,A,1,,0,0.339649230241775,,0.339649230241775,0.19092360138893102,0,230,common,country,0,0,2,0.339649230241775,0.210860222578048,0.24266403913497903,0.206826493144035
2047,D-hard,কানে বাজা,A,D,0,D,1,0.05575925484299601,0.8782575726509091,0.8782575726509091,0.639229416847229,0,208,common,country,0,0,2,0.05575925484299601,0.034637015312910004,0.031346090137958,0.8782575726509091
2071,D-rand,কামচোর,D,D,1,,0,0.35881090164184504,,0.35881090164184504,0.24598789215087802,3,252,common,country,0,0,1,0.25603058934211703,0.16978739202022503,0.21537110209465002,0.35881090164184504
2071,D-lit,কামচোর,A,A,1,D,0,0.42024520039558405,0.39809176325798,0.42024520039558405,0.158763438463211,0,165,common,country,0,0,1,0.42024520039558405,0.09161672741174601,0.09004629403352701,0.39809176325798
2071,D-surf,কামচোর,C,C,1,,0,0.5046141743659971,,0.5046141743659971,0.351039439439773,2,211,common,country,0,0,1,0.188976347446441,0.183533951640129,0.5046141743659971,0.12287556380033401
2071,D-sem,কামচোর,C,C,1,,0,0.47551119327545105,,0.47551119327545105,0.225868701934814,2,223,common,country,0,0,1,0.341249674558639,0.10294003039598401,0.47551119327545105,0.08029910922050401
2071,D-hard,কামচোর,D,C,0,C,1,0.36325782537460305,0.39201766252517706,0.39201766252517706,0.176908016204833,3,165,common,country,0,0,1,0.170417755842208,0.07430675625801,0.39201766252517706,0.36325782537460305
2075,D-rand,কাম নাই কামাইও নাই,C,C,1,,0,0.402409821748733,,0.402409821748733,0.27703467011451705,2,336,common,country,0,0,4,0.16701728105545002,0.33252793550491305,0.402409821748733,0.098044946789741
2075,D-lit,কাম নাই কামাইও নাই,A,A,1,B,0,0.39510485529899503,0.38793933391571,0.39510485529899503,0.235100373625755,0,257,common,country,0,0,4,0.39510485529899503,0.38793933391571,0.166887924075126,0.050067864358425
2075,D-surf,কাম নাই কামাইও নাই,D,D,1,,0,0.39021730422973605,,0.39021730422973605,0.17445752024650502,3,313,common,country,0,0,4,0.199317783117294,0.14727595448493902,0.263188987970352,0.39021730422973605
2075,D-sem,কাম নাই কামাইও নাই,D,D,1,,0,0.49717599153518605,,0.49717599153518605,0.265601158142089,3,249,common,country,0,0,4,0.22072826325893402,0.15958923101425102,0.12250653654336902,0.49717599153518605
2075,D-hard,কাম নাই কামাইও নাই,C,C,1,A,0,0.369020938873291,0.32982322573661804,0.369020938873291,0.19843603670597001,2,370,common,country,0,0,4,0.32982322573661804,0.12359998375177302,0.369020938873291,0.177555814385414
2086,D-rand,কামিনী-কাঞ্চন,A,A,1,,0,0.420346200466156,,0.420346200466156,0.22395530343055703,0,224,common,country,1,1,2,0.420346200466156,0.118278734385967,0.20185962319374,0.259515464305877
2086,D-lit,কামিনী-কাঞ্চন,D,A,0,A,1,0.015841679647564,0.945660769939422,0.945660769939422,0.829558968544006,3,232,common,country,1,1,2,0.945660769939422,0.012562540359795002,0.025935010984539,0.015841679647564
2086,D-surf,কামিনী-কাঞ্চন,D,C,0,,0,0.20271043479442502,,0.601212739944458,0.354700177907943,3,199,common,country,1,1,2,0.12266279011964701,0.073414079844951,0.601212739944458,0.20271043479442502
2086,D-sem,কামিনী-কাঞ্চন,B,A,0,,0,0.140935018658638,,0.6666815876960751,0.48298773169517506,1,237,common,country,1,1,2,0.6666815876960751,0.140935018658638,0.10224913060665101,0.090134255588054
2086,D-hard,কামিনী-কাঞ্চন,B,C,0,C,1,0.014950279146432,0.94341641664505,0.94341641664505,0.7722979784011841,1,226,common,country,1,1,2,0.034580718725919,0.014950279146432,0.94341641664505,0.007052525877952001
2088,D-rand,কায়কল্প,A,D,0,,0,0.18460433185100503,,0.33532828092575,0.24346958100795701,0,314,rare,country,1,1,1,0.18460433185100503,0.24992732703685702,0.23014006018638603,0.33532828092575
2088,D-lit,কায়কল্প,D,C,0,B,0,0.22004662454128202,0.22580884397029802,0.28013086318969704,0.186544135212898,3,238,rare,country,1,1,1,0.27401363849639804,0.22580884397029802,0.28013086318969704,0.22004662454128202
2088,D-surf,কায়কল্প,D,A,0,,0,0.17745317518711,,0.37101751565933205,0.19515243172645502,3,230,rare,country,1,1,1,0.37101751565933205,0.23674435913562702,0.21478487551212302,0.17745317518711
2088,D-sem,কায়কল্প,A,D,0,,0,0.25186759233474704,,0.261223375797271,0.20858210325241003,0,267,rare,country,1,1,1,0.25186759233474704,0.25349462032318104,0.23341436684131603,0.261223375797271
2088,D-hard,কায়কল্প,C,B,0,D,0,0.207515880465507,0.18753626942634502,0.32812559604644703,0.16355833411216703,2,254,rare,country,1,1,1,0.276822239160537,0.32812559604644703,0.207515880465507,0.18753626942634502
2118,D-rand,কালনেমির লঙ্কাভাগ,C,B,0,,0,0.258651912212371,,0.297925919294357,0.18093760311603502,2,306,rare,country,0,1,2,0.25198560953140203,0.297925919294357,0.258651912212371,0.191436603665351
2118,D-lit,কালনেমির লঙ্কাভাগ,D,A,0,A,1,0.005530809517949001,0.966349422931671,0.966349422931671,0.8357141613960261,3,305,rare,country,0,1,2,0.966349422931671,0.022368539124727003,0.005751285236328001,0.005530809517949001
2118,D-surf,কালনেমির লঙ্কাভাগ,A,B,0,,0,0.237176746129989,,0.32588401436805703,0.19437965750694203,0,262,rare,country,0,1,2,0.237176746129989,0.32588401436805703,0.243147820234298,0.193791449069976
2118,D-sem,কালনেমির লঙ্কাভাগ,D,A,0,,0,0.24967604875564503,,0.291589587926864,0.20975643396377502,3,300,rare,country,0,1,2,0.291589587926864,0.197225078940391,0.261509239673614,0.24967604875564503
2118,D-hard,কালনেমির লঙ্কাভাগ,A,D,0,D,1,0.005272561684250001,0.983245015144348,0.983245015144348,0.8546043038368221,0,236,rare,country,0,1,2,0.005272561684250001,0.005612896289676,0.005869513377547,0.983245015144348
2156,D-rand,কালিদাস,D,A,0,,0,0.12647159397602,,0.45415490865707403,0.19152979552745802,3,191,common,country,1,0,1,0.45415490865707403,0.10805938392877501,0.31131410598754805,0.12647159397602
2156,D-lit,কালিদাস,A,C,0,C,1,0.006787791382521001,0.9852712154388421,0.9852712154388421,0.8484947085380551,0,183,common,country,1,0,1,0.006787791382521001,0.005562335252761,0.9852712154388421,0.002378724748268
2156,D-surf,কালিদাস,C,A,0,,0,0.172705739736557,,0.473332792520523,0.195516884326934,2,201,common,country,1,0,1,0.473332792520523,0.28020641207695,0.172705739736557,0.073755092918872
2156,D-sem,কালিদাস,B,A,0,,0,0.283996611833572,,0.30583655834198,0.130777895450592,1,178,common,country,1,0,1,0.30583655834198,0.283996611833572,0.161431074142456,0.24873580038547502
2156,D-hard,কালিদাস,A,B,0,B,1,0.007276188582181001,0.973043501377105,0.973043501377105,0.8434098362922661,0,232,common,country,1,0,1,0.007276188582181001,0.973043501377105,0.01585385762155,0.0038265250623220003
2161,D-rand,কালে কালে,C,C,1,,0,0.536167502403259,,0.536167502403259,0.28285375237464905,2,188,common,deep rural,0,0,2,0.11622967571020101,0.044251911342144006,0.536167502403259,0.30335092544555603
2161,D-lit,কালে কালে,D,A,0,A,1,0.300290197134017,0.5532958507537841,0.5532958507537841,0.276318401098251,3,260,common,deep rural,0,0,2,0.5532958507537841,0.09134226292371701,0.055071603506803006,0.300290197134017
2161,D-surf,কালে কালে,B,B,1,,0,0.5963726639747621,,0.5963726639747621,0.37357124686241105,1,177,common,deep rural,0,0,2,0.16527648270130102,0.5963726639747621,0.06095452234148901,0.177396297454833
2161,D-sem,কালে কালে,A,C,0,,0,0.358904123306274,,0.42133814096450806,0.19381208717823,0,157,common,deep rural,0,0,2,0.358904123306274,0.13774198293685902,0.42133814096450806,0.08201574534177701
2161,D-hard,কালে কালে,D,C,0,C,1,0.289166510105133,0.5211971998214721,0.5211971998214721,0.25751480460166903,3,177,common,deep rural,0,0,2,0.158135592937469,0.031500749289989,0.5211971998214721,0.289166510105133
2168,D-rand,মনের কালো,D,D,1,,0,0.7971612811088561,,0.7971612811088561,0.588889300823211,3,186,common,country,1,0,2,0.095941342413425,0.018903374671936,0.08799404650926501,0.7971612811088561
2168,D-lit,মনের কালো,C,C,1,B,0,0.49522182345390303,0.346977353096008,0.49522182345390303,0.31248778104782104,2,181,common,country,1,0,2,0.11313702911138501,0.346977353096008,0.49522182345390303,0.044663861393928
2168,D-surf,মনের কালো,D,D,1,,0,0.584843218326568,,0.584843218326568,0.35214671492576605,3,218,common,country,1,0,2,0.06337606906890801,0.30740234255790705,0.044378370046615004,0.584843218326568
2168,D-sem,মনের কালো,C,C,1,,0,0.7464688420295711,,0.7464688420295711,0.44744363427162104,2,180,common,country,1,0,2,0.135400235652923,0.072487883269786,0.7464688420295711,0.045643020421266
2168,D-hard,মনের কালো,C,C,1,A,0,0.552800774574279,0.35975307226181,0.552800774574279,0.28761538863182,2,180,common,country,1,0,2,0.35975307226181,0.036757234483957006,0.552800774574279,0.050688870251178006
2191,D-rand,কিছুতেই না,A,A,1,,0,0.746074080467224,,0.746074080467224,0.625640749931335,0,302,very common,country,0,0,2,0.746074080467224,0.08043888956308301,0.09120948612689901,0.08227754384279201
2191,D-lit,কিছুতেই না,A,D,0,D,1,0.205126598477363,0.697684407234191,0.697684407234191,0.547244191169738,0,225,very common,country,0,0,2,0.205126598477363,0.048333588987588,0.048855379223823006,0.697684407234191
2191,D-surf,কিছুতেই না,B,B,1,,0,0.6105991601943971,,0.6105991601943971,0.5152621865272521,1,194,very common,country,0,0,2,0.118385173380374,0.6105991601943971,0.17868670821189803,0.09232893586158701
2191,D-sem,কিছুতেই না,B,B,1,,0,0.577743589878082,,0.577743589878082,0.39814126491546603,1,200,very common,country,0,0,2,0.06553205847740101,0.577743589878082,0.250580668449401,0.10614374279975801
2191,D-hard,কিছুতেই না,C,D,0,D,1,0.21823824942111902,0.6970911026000971,0.6970911026000971,0.5286925435066221,2,266,very common,country,0,0,2,0.05190809816122,0.032762587070465005,0.21823824942111902,0.6970911026000971
2200,D-rand,কিরা,A,B,0,,0,0.244064688682556,,0.29615977406501703,0.18477940559387201,0,194,common,country,0,1,1,0.244064688682556,0.29615977406501703,0.26420637965202304,0.19556917250156403
2200,D-lit,কিরা,D,A,0,B,0,0.157476112246513,0.253323227167129,0.322714626789093,0.187337428331375,3,169,common,country,0,1,1,0.322714626789093,0.253323227167129,0.26648598909378,0.157476112246513
2200,D-surf,কিরা,C,D,0,,0,0.245162650942802,,0.37270340323448103,0.253610908985137,2,170,common,country,0,1,1,0.218276649713516,0.16385729610919902,0.245162650942802,0.37270340323448103
2200,D-sem,কিরা,C,D,0,,0,0.26439499855041504,,0.285175710916519,0.20001460611820202,2,146,common,country,0,1,1,0.259575605392456,0.19085368514060902,0.26439499855041504,0.285175710916519
2200,D-hard,কিরা,D,B,0,A,0,0.188013017177581,0.304150015115737,0.340429842472076,0.19985359907150202,3,151,common,country,0,1,1,0.304150015115737,0.340429842472076,0.16740716993808702,0.188013017177581
2218,D-rand,কুঁচকি-কণ্ঠা খাওয়া,D,C,0,,0,0.25058993697166404,,0.289922565221786,0.147694572806358,3,202,common,country,0,0,3,0.21205373108386902,0.24743378162384003,0.289922565221786,0.25058993697166404
2218,D-lit,কুঁচকি-কণ্ঠা খাওয়া,C,D,0,D,1,0.10815989226102801,0.739368259906768,0.739368259906768,0.45641419291496205,2,248,common,country,0,0,3,0.091979824006557,0.060492005199193004,0.10815989226102801,0.739368259906768
2218,D-surf,কুঁচকি-কণ্ঠা খাওয়া,B,C,0,,0,0.292610704898834,,0.335605978965759,0.17899394035339303,1,168,common,country,0,0,3,0.24550625681877103,0.292610704898834,0.335605978965759,0.12627705931663502
2218,D-sem,কুঁচকি-কণ্ঠা খাওয়া,B,C,0,,0,0.20738640427589403,,0.290302395820617,0.160008192062377,1,266,common,country,0,0,3,0.267727732658386,0.20738640427589403,0.290302395820617,0.234583467245101
2218,D-hard,কুঁচকি-কণ্ঠা খাওয়া,B,A,0,A,1,0.099370330572128,0.7008364200592041,0.7008364200592041,0.434744536876678,1,187,common,country,0,0,3,0.7008364200592041,0.099370330572128,0.11524664610624301,0.08454664051532701
2237,D-rand,কুছ পরোয়া নেই,D,B,0,,0,0.25834310054779,,0.26972422003746,0.21252925693988803,3,198,common,country,0,0,3,0.24911096692085202,0.26972422003746,0.22282165288925102,0.25834310054779
2237,D-lit,কুছ পরোয়া নেই,C,C,1,B,0,0.374579519033432,0.345848709344863,0.374579519033432,0.21034315228462203,2,194,common,country,0,0,3,0.158880516886711,0.345848709344863,0.374579519033432,0.12069129943847601
2237,D-surf,কুছ পরোয়া নেই,A,C,0,,0,0.25359025597572304,,0.35472846031188904,0.272990435361862,0,230,common,country,0,0,3,0.25359025597572304,0.09176707267761201,0.35472846031188904,0.299914270639419
2237,D-sem,কুছ পরোয়া নেই,A,B,0,,0,0.326550304889678,,0.40232205390930104,0.24968175590038302,0,284,common,country,0,0,3,0.326550304889678,0.40232205390930104,0.138356328010559,0.132771342992782
2237,D-hard,কুছ পরোয়া নেই,D,C,0,A,0,0.21977251768112102,0.251160413026809,0.307122766971588,0.20720896124839702,3,215,common,country,0,0,3,0.251160413026809,0.221944332122802,0.307122766971588,0.21977251768112102
2243,D-rand,কুটনি,A,B,0,,0,0.208109021186828,,0.356669843196868,0.250626862049102,0,353,common,country,0,0,1,0.208109021186828,0.356669843196868,0.199621424078941,0.235599756240844
2243,D-lit,কুটনি,D,A,0,A,1,0.013469927944242002,0.9629939794540401,0.9629939794540401,0.8106118440628051,3,286,common,country,0,0,1,0.9629939794540401,0.014423132874071001,0.009112871252,0.013469927944242002
2243,D-surf,কুটনি,D,B,0,,0,0.26030027866363503,,0.28081080317497203,0.186888128519058,3,279,common,country,0,0,1,0.23403115570545102,0.28081080317497203,0.22485782206058502,0.26030027866363503
2243,D-sem,কুটনি,B,A,0,,0,0.178880617022514,,0.516865491867065,0.351022571325302,1,234,common,country,0,0,1,0.516865491867065,0.178880617022514,0.16994985938072202,0.13430401682853702
2243,D-hard,কুটনি,C,B,0,B,1,0.01059887651354,0.965280830860137,0.965280830860137,0.873179018497467,2,358,common,country,0,0,1,0.008021663874387,0.965280830860137,0.01059887651354,0.016098532825708
2254,D-rand,কুব্জার মন্ত্রণা,B,B,1,,0,0.8632906079292291,,0.8632906079292291,0.6925975680351251,1,281,rare,country,0,0,2,0.02130514010787,0.8632906079292291,0.08969436585903101,0.025709815323352002
2254,D-lit,কুব্জার মন্ত্রণা,C,B,0,B,1,0.266496300697326,0.6968330144882201,0.6968330144882201,0.5638744831085201,2,281,rare,country,0,0,2,0.021326193585991002,0.6968330144882201,0.266496300697326,0.015344510786235001
2254,D-surf,কুব্জার মন্ত্রণা,D,D,1,,0,0.896247327327728,,0.896247327327728,0.671061813831329,3,156,rare,country,0,0,2,0.036353904753923,0.020299237221479003,0.04709955304861,0.896247327327728
2254,D-sem,কুব্জার মন্ত্রণা,C,C,1,,0,0.8997176289558411,,0.8997176289558411,0.6814471483230591,2,204,rare,country,0,0,2,0.033379368484020004,0.025638518854975003,0.8997176289558411,0.04126446321606601
2254,D-hard,কুব্জার মন্ত্রণা,C,A,0,A,1,0.291400790214538,0.6793273687362671,0.6793273687362671,0.506817936897277,2,209,rare,country,0,0,2,0.6793273687362671,0.010596739128232,0.291400790214538,0.018675174564123
2262,D-rand,কুম্ভিলক,A,A,1,,0,0.49425274133682207,,0.49425274133682207,0.29709181189537004,0,193,rare,country,0,0,1,0.49425274133682207,0.16733582317829102,0.155093595385551,0.18331784009933402
2262,D-lit,কুম্ভিলক,B,A,0,A,1,0.0958683937788,0.7102586627006531,0.7102586627006531,0.592490255832672,1,216,rare,country,0,0,1,0.7102586627006531,0.0958683937788,0.095322981476783,0.09855002164840601
2262,D-surf,কুম্ভিলক,B,B,1,,0,0.363330662250518,,0.363330662250518,0.23255866765975902,1,251,rare,country,0,0,1,0.12802000343799502,0.363330662250518,0.23731257021427102,0.271336764097213
2262,D-sem,কুম্ভিলক,B,D,0,,0,0.306990087032318,,0.357464611530303,0.20817251503467502,1,222,rare,country,0,0,1,0.20257583260536102,0.306990087032318,0.13296943902969302,0.357464611530303
2262,D-hard,কুম্ভিলক,D,A,0,A,1,0.08858186006546001,0.7312133312225341,0.7312133312225341,0.567359447479248,3,206,rare,country,0,0,1,0.7312133312225341,0.122504711151123,0.057700153440237004,0.08858186006546001
2278,D-rand,কুল রাখা কি শ্যাম রাখা,D,D,1,,0,0.372461438179016,,0.372461438179016,0.197772562503814,3,258,rare,country,0,1,5,0.10555277764797201,0.17867919802665702,0.34330660104751504,0.372461438179016
2278,D-lit,কুল রাখা কি শ্যাম রাখা,D,C,0,C,1,0.19752731919288602,0.49097555875778204,0.49097555875778204,0.331691294908523,3,295,rare,country,0,1,5,0.21623228490352603,0.09526491165161101,0.49097555875778204,0.19752731919288602
2278,D-surf,কুল রাখা কি শ্যাম রাখা,A,C,0,,0,0.306930184364318,,0.40168529748916604,0.22376614809036202,0,214,rare,country,0,1,5,0.306930184364318,0.167982295155525,0.40168529748916604,0.123402267694473
2278,D-sem,কুল রাখা কি শ্যাম রাখা,D,D,1,,0,0.36794096231460505,,0.36794096231460505,0.30946406722068703,3,253,rare,country,0,1,5,0.13739950954914001,0.305832892656326,0.188826575875282,0.36794096231460505
2278,D-hard,কুল রাখা কি শ্যাম রাখা,B,C,0,C,1,0.220308244228363,0.517879426479339,0.517879426479339,0.29981920123100203,1,244,rare,country,0,1,5,0.14555040001869202,0.220308244228363,0.517879426479339,0.11626196652650801
2289,D-rand,কুলের ধ্বজা,C,C,1,,0,0.8919662237167351,,0.8919662237167351,0.7035251855850221,2,199,common,country,0,0,2,0.028376027941703002,0.044043734669685,0.8919662237167351,0.035614032298326
2289,D-lit,কুলের ধ্বজা,C,A,0,A,1,0.17366598546504902,0.810965299606323,0.810965299606323,0.686562240123748,2,163,common,country,0,0,2,0.810965299606323,0.008534580469131001,0.17366598546504902,0.006834181956946001
2289,D-surf,কুলের ধ্বজা,D,D,1,,0,0.516330063343048,,0.516330063343048,0.382674783468246,3,198,common,country,0,0,2,0.023023817688226002,0.44239675998687705,0.018249383196234002,0.516330063343048
2289,D-sem,কুলের ধ্বজা,A,A,1,,0,0.568971753120422,,0.568971753120422,0.40348747372627203,0,181,common,country,0,0,2,0.568971753120422,0.36143010854721,0.031561080366373,0.038037095218896005
2289,D-hard,কুলের ধ্বজা,B,D,0,D,1,0.12297450006008101,0.862035155296325,0.862035155296325,0.778080999851226,1,191,common,country,0,0,2,0.007021762896329001,0.12297450006008101,0.007968602702021,0.862035155296325
2290,D-rand,কুলের প্রদীপ,D,A,0,,0,0.25427439808845503,,0.42983913421630804,0.23099249601364102,3,210,common,country,0,0,2,0.42983913421630804,0.108677506446838,0.20720893144607502,0.25427439808845503
2290,D-lit,কুলের প্রদীপ,A,C,0,C,1,0.003948308061808,0.990047693252563,0.990047693252563,0.911159455776214,0,233,common,country,0,0,2,0.003948308061808,0.0033733844757080004,0.990047693252563,0.002630507340654
2290,D-surf,কুলের প্রদীপ,A,D,0,,0,0.022304262965917,,0.810765206813812,0.686065196990966,0,214,common,country,0,0,2,0.022304262965917,0.14439205825328802,0.022538525983691,0.810765206813812
2290,D-sem,কুলের প্রদীপ,A,A,1,,0,0.28206038475036604,,0.28206038475036604,0.16252504289150202,0,207,common,country,0,0,2,0.28206038475036604,0.216856926679611,0.24430839717388103,0.256774276494979
2290,D-hard,কুলের প্রদীপ,C,B,0,B,1,0.004435386043041,0.9873911738395691,0.9873911738395691,0.8759880661964411,2,244,common,country,0,0,2,0.004941326566040001,0.9873911738395691,0.004435386043041,0.0032320534810420004
2298,D-rand,কূট,B,D,0,,0,0.342538326978683,,0.420309782028198,0.22615879774093603,1,208,common,country,0,0,1,0.126774251461029,0.342538326978683,0.11037768423557201,0.420309782028198
2298,D-lit,কূট,C,A,0,A,1,0.178490221500396,0.6545637845993041,0.6545637845993041,0.414823561906814,2,226,common,country,0,0,1,0.6545637845993041,0.11153428256511601,0.178490221500396,0.055411756038665
2298,D-surf,কূট,A,A,1,,0,0.441576659679412,,0.441576659679412,0.259680688381195,0,171,common,country,0,0,1,0.441576659679412,0.24520178139209703,0.162714704871177,0.150506854057312
2298,D-sem,কূট,D,D,1,,0,0.368133157491683,,0.368133157491683,0.21683883666992101,3,182,common,country,0,0,1,0.28599864244461004,0.12337056547403301,0.22249764204025202,0.368133157491683
2298,D-hard,কূট,C,B,0,B,1,0.119634717702865,0.515696823596954,0.515696823596954,0.375098139047622,2,185,common,country,0,0,1,0.23031158745288802,0.515696823596954,0.119634717702865,0.134356841444969
2315,D-rand,কূলছাড়া,D,A,0,,0,0.11863312870264,,0.491600155830383,0.23883920907974202,3,246,common,country,1,0,1,0.491600155830383,0.114317387342453,0.27544939517974804,0.11863312870264
2315,D-lit,কূলছাড়া,C,D,0,D,1,0.043385211378335,0.8219715952873231,0.8219715952873231,0.6893790364265441,2,208,common,country,1,0,1,0.072415739297866,0.062227487564086005,0.043385211378335,0.8219715952873231
2315,D-surf,কূলছাড়া,C,A,0,,0,0.158434018492698,,0.31766363978385903,0.19783978164196,2,206,common,country,1,0,1,0.31766363978385903,0.283736884593963,0.158434018492698,0.240165442228317
2315,D-sem,কূলছাড়া,C,A,0,,0,0.16317079961299802,,0.41976284980773904,0.21865855157375302,2,168,common,country,1,0,1,0.41976284980773904,0.134436756372451,0.16317079961299802,0.282629609107971
2315,D-hard,কূলছাড়া,D,C,0,C,1,0.03678872436285,0.717057347297668,0.717057347297668,0.49856770038604703,3,197,common,country,1,0,1,0.105219021439552,0.140934959053993,0.717057347297668,0.03678872436285
2330,D-rand,কেঁচো খুঁড়তে সাপ,B,B,1,,0,0.42100560665130604,,0.42100560665130604,0.18708974123001101,1,294,very common,deep rural,0,0,3,0.26856771111488303,0.42100560665130604,0.169497832655906,0.140928819775581
2330,D-lit,কেঁচো খুঁড়তে সাপ,D,C,0,C,1,0.21824948489665902,0.553049325942993,0.553049325942993,0.32965010404586703,3,327,very common,deep rural,0,0,3,0.10578721761703401,0.122913941740989,0.553049325942993,0.21824948489665902
2330,D-surf,কেঁচো খুঁড়তে সাপ,B,B,1,,0,0.33293470740318304,,0.33293470740318304,0.19884315133094702,1,356,very common,deep rural,0,0,3,0.241419568657875,0.33293470740318304,0.283861398696899,0.141784355044364
2330,D-sem,কেঁচো খুঁড়তে সাপ,B,B,1,,0,0.32578530907630904,,0.32578530907630904,0.174791276454925,1,298,very common,deep rural,0,0,3,0.14048717916011802,0.32578530907630904,0.306114315986633,0.22761321067810003
2330,D-hard,কেঁচো খুঁড়তে সাপ,B,C,0,C,1,0.22549931704998002,0.543271481990814,0.543271481990814,0.29087039828300404,1,290,very common,deep rural,0,0,3,0.11014188826084101,0.22549931704998002,0.543271481990814,0.121087357401847
2336,D-rand,কেউকেটা,C,C,1,,0,0.562494397163391,,0.562494397163391,0.313071399927139,2,247,common,country,0,0,1,0.108581475913524,0.24049258232116702,0.562494397163391,0.08843164145946501
2336,D-lit,কেউকেটা,C,D,0,D,1,0.18800300359725902,0.7053781747817991,0.7053781747817991,0.5460687279701231,2,248,common,country,0,0,1,0.061419680714607,0.045199085026979,0.18800300359725902,0.7053781747817991
2336,D-surf,কেউকেটা,C,C,1,,0,0.581434965133667,,0.581434965133667,0.36881071329116805,2,282,common,country,0,0,1,0.147365093231201,0.118634179234504,0.581434965133667,0.15256580710411002
2336,D-sem,কেউকেটা,B,B,1,,0,0.5612776279449461,,0.5612776279449461,0.38258975744247403,1,197,common,country,0,0,1,0.17269283533096302,0.5612776279449461,0.126432061195373,0.13959746062755501
2336,D-hard,কেউকেটা,A,C,0,C,1,0.20375436544418302,0.6656950712203981,0.6656950712203981,0.5305459499359131,0,241,common,country,0,0,1,0.20375436544418302,0.06415774673223401,0.6656950712203981,0.06639283150434401
2399,D-rand,ব্যাঙের কোরাস,C,A,0,,0,0.24063682556152302,,0.42756524682044905,0.29066342115402205,2,173,common,deep rural,0,0,2,0.42756524682044905,0.19842767715454102,0.24063682556152302,0.13337019085884
2399,D-lit,ব্যাঙের কোরাস,D,A,0,A,1,0.048897735774517004,0.8528329133987421,0.8528329133987421,0.7229100465774531,3,213,common,deep rural,0,0,2,0.8528329133987421,0.037814881652593,0.060454480350017006,0.048897735774517004
2399,D-surf,ব্যাঙের কোরাস,A,C,0,,0,0.265483319759368,,0.309841781854629,0.22724427282810203,0,261,common,deep rural,0,0,2,0.265483319759368,0.17809073626995,0.309841781854629,0.24658413231372803
2399,D-sem,ব্যাঙের কোরাস,C,C,1,,0,0.26178556680679305,,0.26178556680679305,0.146818429231643,2,194,common,deep rural,0,0,2,0.25778508186340304,0.25536069273948603,0.26178556680679305,0.22506861388683302
2399,D-hard,ব্যাঙের কোরাস,B,C,0,C,1,0.054922699928283004,0.782969832420349,0.782969832420349,0.650376081466674,1,241,common,deep rural,0,0,2,0.089752182364463,0.054922699928283004,0.782969832420349,0.07235527038574201
2404,D-rand,কোলকুঁজো,B,B,1,,0,0.30885937809944103,,0.30885937809944103,0.24297796189785,1,244,rare,country,0,0,1,0.298760116100311,0.30885937809944103,0.15721975266933402,0.23516078293323503
2404,D-lit,কোলকুঁজো,D,A,0,A,1,0.016529772430658,0.9459013342857361,0.9459013342857361,0.840933203697204,3,245,rare,country,0,0,1,0.9459013342857361,0.011288042180240002,0.026280775666236003,0.016529772430658
2404,D-surf,কোলকুঁজো,B,A,0,,0,0.289455085992813,,0.345060437917709,0.298141002655029,1,261,rare,country,0,0,1,0.345060437917709,0.289455085992813,0.19694666564464502,0.16853778064250902
2404,D-sem,কোলকুঁজো,C,A,0,,0,0.13149987161159502,,0.5263481736183161,0.36834359169006303,2,260,rare,country,0,0,1,0.5263481736183161,0.163735717535018,0.13149987161159502,0.17841620743274603
2404,D-hard,কোলকুঁজো,C,B,0,B,1,0.016694704070687003,0.9563933014869691,0.9563933014869691,0.861534833908081,2,240,rare,country,0,0,1,0.014975224621593002,0.9563933014869691,0.016694704070687003,0.011936677619814
2416,D-rand,ক্যাঁকক্যাঁক করা,A,A,1,,0,0.429645746946334,,0.429645746946334,0.317617088556289,0,270,common,country,0,0,2,0.429645746946334,0.105689212679862,0.284938156604766,0.179726928472518
2416,D-lit,ক্যাঁকক্যাঁক করা,B,C,0,C,1,0.27984094619750904,0.505125820636749,0.505125820636749,0.34450057148933405,1,224,common,country,0,0,2,0.12897938489913902,0.27984094619750904,0.505125820636749,0.086053870618343
2416,D-surf,ক্যাঁকক্যাঁক করা,A,B,0,,0,0.357859998941421,,0.382466495037078,0.32681861519813504,0,231,common,country,0,0,2,0.357859998941421,0.382466495037078,0.13773475587368,0.1219387575984
2416,D-sem,ক্যাঁকক্যাঁক করা,A,A,1,,0,0.555395066738128,,0.555395066738128,0.399631291627883,0,208,common,country,0,0,2,0.555395066738128,0.16726996004581401,0.13070908188819802,0.146625831723213
2416,D-hard,ক্যাঁকক্যাঁক করা,C,D,0,D,1,0.230526775121688,0.439796596765518,0.439796596765518,0.33808264136314303,2,216,common,country,0,0,2,0.204269781708717,0.125406846404075,0.230526775121688,0.439796596765518
2424,D-rand,ক্যালি,C,C,1,,0,0.46201291680336,,0.46201291680336,0.274597287178039,2,220,common,city,0,0,1,0.193936973810195,0.075209207832813,0.46201291680336,0.26884087920188904
2424,D-lit,ক্যালি,A,A,1,B,0,0.38751819729804904,0.27412873506546004,0.38751819729804904,0.19704802334308602,0,221,common,city,0,0,1,0.38751819729804904,0.27412873506546004,0.144402980804443,0.193950116634368
2424,D-surf,ক্যালি,A,C,0,,0,0.21959772706031802,,0.49968811869621205,0.35514438152313205,0,211,common,city,0,0,1,0.21959772706031802,0.165658965706825,0.49968811869621205,0.11505514383316001
2424,D-sem,ক্যালি,C,C,1,,0,0.42381989955902105,,0.42381989955902105,0.29367938637733404,2,234,common,city,0,0,1,0.19311119616031602,0.257598787546157,0.42381989955902105,0.125470146536827
2424,D-hard,ক্যালি,C,C,1,A,0,0.352097392082214,0.24807533621788003,0.352097392082214,0.23624999821186002,2,226,common,city,0,0,1,0.24807533621788003,0.251025199890136,0.352097392082214,0.148802056908607
2440,D-rand,ক্ষণজন্মা,A,A,1,,0,0.612847805023193,,0.612847805023193,0.445656329393386,0,288,rare,country,0,1,1,0.612847805023193,0.27866443991661,0.060383975505828004,0.048103749752044005
2440,D-lit,ক্ষণজন্মা,B,A,0,A,1,0.25684189796447704,0.7038115859031671,0.7038115859031671,0.577111363410949,1,217,rare,country,0,1,1,0.7038115859031671,0.25684189796447704,0.015496138483285002,0.023850290104746003
2440,D-surf,ক্ষণজন্মা,D,D,1,,0,0.7506330013275141,,0.7506330013275141,0.5719113349914551,3,218,rare,country,0,1,1,0.109999515116214,0.058365318924188,0.08100216090679101,0.7506330013275141
2440,D-sem,ক্ষণজন্মা,A,A,1,,0,0.8109220266342161,,0.8109220266342161,0.6680720448493951,0,229,rare,country,0,1,1,0.8109220266342161,0.078954726457595,0.05644815415143901,0.05367504060268401
2440,D-hard,ক্ষণজন্মা,C,A,0,A,1,0.248973965644836,0.709718942642211,0.709718942642211,0.613882303237915,2,209,rare,country,0,1,1,0.709718942642211,0.030434047803282002,0.248973965644836,0.010873070918023002
2467,D-rand,খচাখচ,A,D,0,,0,0.25811097025871205,,0.43202385306358304,0.19480364024639102,0,179,common,city,0,0,1,0.25811097025871205,0.154273986816406,0.15559118986129702,0.43202385306358304
2467,D-lit,খচাখচ,D,B,0,B,1,0.212305068969726,0.308654248714447,0.308654248714447,0.15437974035739901,3,208,common,city,0,0,1,0.30287954211235,0.308654248714447,0.176161110401153,0.212305068969726
2467,D-surf,খচাখচ,B,B,1,,0,0.316476374864578,,0.316476374864578,0.132204756140708,1,197,common,city,0,0,1,0.252042919397354,0.316476374864578,0.27697536349296503,0.15450532734394
2467,D-sem,খচাখচ,D,B,0,,0,0.145534038543701,,0.38922107219696,0.15529368817806202,3,248,common,city,0,0,1,0.321966856718063,0.38922107219696,0.143277987837791,0.145534038543701
2467,D-hard,খচাখচ,C,A,0,B,0,0.21707667410373602,0.28981888294219904,0.321151345968246,0.136665299534797,2,258,common,city,0,0,1,0.321151345968246,0.28981888294219904,0.21707667410373602,0.171953096985816
2470,D-rand,খচো,A,B,0,,0,0.161296978592872,,0.318918168544769,0.160386890172958,0,279,common,country,0,0,1,0.161296978592872,0.318918168544769,0.24531656503677302,0.274468302726745
2470,D-lit,খচো,D,B,0,B,1,0.034264173358678006,0.8286773562431331,0.8286773562431331,0.514467537403106,3,194,common,country,0,0,1,0.07228685915470101,0.8286773562431331,0.06477166712284001,0.034264173358678006
2470,D-surf,খচো,B,C,0,,0,0.18525159358978202,,0.30677407979965204,0.20914356410503301,1,182,common,country,0,0,1,0.29924735426902704,0.18525159358978202,0.30677407979965204,0.208726942539215
2470,D-sem,খচো,B,A,0,,0,0.181599363684654,,0.39891621470451305,0.20690636336803403,1,155,common,country,0,0,1,0.39891621470451305,0.181599363684654,0.23243735730648002,0.187047064304351
2470,D-hard,খচো,D,C,0,C,1,0.042302262037992006,0.8059823513031,0.8059823513031,0.447894752025604,3,167,common,country,0,0,1,0.106848254799842,0.044867184013128,0.8059823513031,0.042302262037992006
2552,D-rand,খাঁচা,D,C,0,,0,0.236732184886932,,0.3391914665699,0.23649768531322402,3,187,rare,deep rural,1,1,1,0.24795342981815302,0.17612287402153,0.3391914665699,0.236732184886932
2552,D-lit,খাঁচা,D,A,0,A,1,0.030753210186958,0.9043771624565121,0.9043771624565121,0.67449277639389,3,177,rare,deep rural,1,1,1,0.9043771624565121,0.044617921113967,0.020251754671335002,0.030753210186958
2552,D-surf,খাঁচা,B,C,0,,0,0.23409359157085402,,0.46407169103622403,0.269149720668792,1,169,rare,deep rural,1,1,1,0.160694420337677,0.23409359157085402,0.46407169103622403,0.14114025235176
2552,D-sem,খাঁচা,B,C,0,,0,0.21506217122077903,,0.48339322209358204,0.33381387591362,1,193,rare,deep rural,1,1,1,0.147811889648437,0.21506217122077903,0.48339322209358204,0.153732702136039
2552,D-hard,খাঁচা,A,B,0,B,1,0.028798002749681,0.9325068593025201,0.9325068593025201,0.762713909149169,0,161,rare,deep rural,1,1,1,0.028798002749681,0.9325068593025201,0.024002293124794002,0.014692835509777001
2559,D-rand,খাইকুঁড়,C,B,0,,0,0.16048324108123702,,0.42076227068901,0.25372496247291504,2,187,common,country,0,0,1,0.189394652843475,0.42076227068901,0.16048324108123702,0.22935982048511502
2559,D-lit,খাইকুঁড়,B,A,0,A,1,0.059715580195188,0.763827145099639,0.763827145099639,0.548516511917114,1,226,common,country,0,0,1,0.763827145099639,0.059715580195188,0.08940693736076301,0.087050333619117
2559,D-surf,খাইকুঁড়,C,A,0,,0,0.198414131999015,,0.30202051997184703,0.15821640193462302,2,194,common,country,0,0,1,0.30202051997184703,0.262042760848999,0.198414131999015,0.23752264678478202
2559,D-sem,খাইকুঁড়,D,C,0,,0,0.153636991977691,,0.39338704943656905,0.21564547717571203,3,150,common,country,0,0,1,0.22056156396865803,0.23241436481475802,0.39338704943656905,0.153636991977691
2559,D-hard,খাইকুঁড়,C,A,0,A,1,0.054678622633218,0.7346165180206291,0.7346165180206291,0.477491438388824,2,218,common,country,0,0,1,0.7346165180206291,0.12147847563028301,0.054678622633218,0.0892264097929
2560,D-rand,খাইখরচ,A,A,1,,0,0.7795310020446771,,0.7795310020446771,0.5841990113258361,0,297,common,country,0,0,1,0.7795310020446771,0.071652881801128,0.098314054310321,0.05050204694271
2560,D-lit,খাইখরচ,B,B,1,D,0,0.47330287098884505,0.40556773543357805,0.47330287098884505,0.19121721386909402,1,174,common,country,0,0,1,0.077753610908985,0.47330287098884505,0.043375764042139005,0.40556773543357805
2560,D-surf,খাইখরচ,D,D,1,,0,0.8511550426483151,,0.8511550426483151,0.585060894489288,3,283,common,country,0,0,1,0.056290082633495005,0.05451126024127,0.038043588399887,0.8511550426483151
2560,D-sem,খাইখরচ,C,C,1,,0,0.576984763145446,,0.576984763145446,0.30383825302124,2,201,common,country,0,0,1,0.043847277760505,0.044624645262956,0.576984763145446,0.334543317556381
2560,D-hard,খাইখরচ,D,D,1,A,0,0.421699553728103,0.324261158704757,0.421699553728103,0.23094607889652202,3,182,common,country,0,0,1,0.324261158704757,0.188258603215217,0.065780654549598,0.421699553728103
2565,D-rand,খাওয়াপরা,A,B,0,,0,0.22421473264694203,,0.45706892013549805,0.24578791856765703,0,193,very common,country,0,0,1,0.22421473264694203,0.45706892013549805,0.101342931389808,0.21737337112426702
2565,D-lit,খাওয়াপরা,D,C,0,C,1,0.013082147575914001,0.959801912307739,0.959801912307739,0.77704644203186,3,268,very common,country,0,0,1,0.016648320481181002,0.010467664338648,0.959801912307739,0.013082147575914001
2565,D-surf,খাওয়াপরা,D,C,0,,0,0.276406049728393,,0.293796211481094,0.166501805186271,3,202,very common,country,0,0,1,0.233972460031509,0.19582527875900202,0.293796211481094,0.276406049728393
2565,D-sem,খাওয়াপরা,A,D,0,,0,0.08394914120435701,,0.793725192546844,0.630811393260955,0,252,very common,country,0,0,1,0.08394914120435701,0.05165292322635601,0.070672713220119,0.793725192546844
2565,D-hard,খাওয়াপরা,D,B,0,B,1,0.011002155020833002,0.954483687877655,0.954483687877655,0.842561781406402,3,193,very common,country,0,0,1,0.014063357375562002,0.954483687877655,0.020450772717595003,0.011002155020833002
2578,D-rand,খাটো লোক,A,A,1,,0,0.38296809792518605,,0.38296809792518605,0.18576638400554601,0,176,common,country,0,0,2,0.38296809792518605,0.21465241909027102,0.08008585125207901,0.32229363918304405
2578,D-lit,খাটো লোক,C,A,0,A,1,0.06418029963970101,0.9067881107330321,0.9067881107330321,0.7224081158638,2,159,common,country,0,0,2,0.9067881107330321,0.011589118279516001,0.06418029963970101,0.017442462965846003
2578,D-surf,খাটো লোক,B,A,0,,0,0.22203694283962203,,0.6071842908859251,0.31119802594184803,1,158,common,country,0,0,2,0.6071842908859251,0.22203694283962203,0.091648690402507,0.07913015782833101
2578,D-sem,খাটো লোক,D,D,1,,0,0.379570543766021,,0.379570543766021,0.174754053354263,3,166,common,country,0,0,2,0.300655871629714,0.18329931795597001,0.13647423684597002,0.379570543766021
2578,D-hard,খাটো লোক,A,C,0,C,1,0.055027753114700005,0.910546362400054,0.910546362400054,0.7826740145683281,0,166,common,country,0,0,2,0.055027753114700005,0.0160996876657,0.910546362400054,0.01832621730864
2581,D-rand,খাট্টামিঠা,D,C,0,,0,0.158063739538192,,0.31247395277023304,0.18728086352348303,3,280,common,country,0,0,1,0.22098200023174203,0.30848029255867004,0.31247395277023304,0.158063739538192
2581,D-lit,খাট্টামিঠা,D,C,0,C,1,0.055866293609142005,0.7521845698356621,0.7521845698356621,0.47105947136878906,3,238,common,country,0,0,1,0.14569182693958202,0.046257302165031,0.7521845698356621,0.055866293609142005
2581,D-surf,খাট্টামিঠা,A,B,0,,0,0.181644067168235,,0.451054990291595,0.22916926443576802,0,222,common,country,0,0,1,0.181644067168235,0.451054990291595,0.21714659035205802,0.15015435218811002
2581,D-sem,খাট্টামিঠা,B,D,0,,0,0.129367306828498,,0.337469935417175,0.187815532088279,1,246,common,country,0,0,1,0.212881535291671,0.129367306828498,0.32028126716613703,0.337469935417175
2581,D-hard,খাট্টামিঠা,B,A,0,A,1,0.053319450467824006,0.774629116058349,0.774629116058349,0.539796710014343,1,210,common,country,0,0,1,0.774629116058349,0.053319450467824006,0.12106528878211902,0.050986181944608
2582,D-rand,খরদর্জাল,A,C,0,,0,0.19672615826129902,,0.36088985204696605,0.23203727602958601,0,261,rare,country,0,1,1,0.19672615826129902,0.194625601172447,0.36088985204696605,0.24775838851928703
2582,D-lit,খরদর্জাল,A,C,0,B,0,0.21028307080268802,0.166221365332603,0.35589891672134405,0.18017584085464403,0,260,rare,country,0,1,1,0.21028307080268802,0.166221365332603,0.35589891672134405,0.26759666204452504
2582,D-surf,খরদর্জাল,C,A,0,,0,0.133120939135551,,0.5285878777503961,0.30492764711380005,2,211,rare,country,0,1,1,0.5285878777503961,0.15503878891468,0.133120939135551,0.183252409100532
2582,D-sem,খরদর্জাল,C,A,0,,0,0.24186363816261203,,0.316546291112899,0.18461288511753002,2,222,rare,country,0,1,1,0.316546291112899,0.17592915892601002,0.24186363816261203,0.265660941600799
2582,D-hard,খরদর্জাল,C,C,1,A,0,0.306457132101058,0.288693636655807,0.306457132101058,0.14514103531837402,2,252,rare,country,0,1,1,0.288693636655807,0.20944435894489202,0.306457132101058,0.19540493190288502
2631,D-rand,খাসকামরা,A,A,1,,0,0.9104902744293211,,0.9104902744293211,0.69386887550354,0,209,rare,country,0,0,1,0.9104902744293211,0.034933216869831,0.026396684348583003,0.028179854154586
2631,D-lit,খাসকামরা,B,A,0,A,1,0.233620762825012,0.745615541934967,0.745615541934967,0.603589177131652,1,259,rare,country,0,0,1,0.745615541934967,0.233620762825012,0.010787945240736,0.009975716471672
2631,D-surf,খাসকামরা,A,A,1,,0,0.8763269186019891,,0.8763269186019891,0.6533930897712701,0,182,rare,country,0,0,1,0.8763269186019891,0.044666998088359,0.047107782214879004,0.031898196786642005
2631,D-sem,খাসকামরা,A,A,1,,0,0.8940842747688291,,0.8940842747688291,0.744814157485961,0,231,rare,country,0,0,1,0.8940842747688291,0.040178366005420005,0.020816301926970003,0.04492101445794101
2631,D-hard,খাসকামরা,D,C,0,C,1,0.233192130923271,0.7538511157035821,0.7538511157035821,0.598116278648376,3,220,rare,country,0,0,1,0.007607859559357001,0.0053488351404660005,0.7538511157035821,0.233192130923271
2635,D-rand,খাসতালুকের প্রজা,A,C,0,,0,0.26418524980545,,0.519478380680084,0.244333207607269,0,172,common,deep rural,1,0,2,0.26418524980545,0.10060444474220201,0.519478380680084,0.11573184281587601
2635,D-lit,খাসতালুকের প্রজা,C,A,0,A,1,0.130774050951004,0.6229333281517021,0.6229333281517021,0.353161722421646,2,244,common,deep rural,1,0,2,0.6229333281517021,0.16840180754661502,0.130774050951004,0.077890798449516
2635,D-surf,খাসতালুকের প্রজা,A,D,0,,0,0.28960531949996904,,0.37499773502349804,0.17825511097908,0,234,common,deep rural,1,0,2,0.28960531949996904,0.15758736431598602,0.17780958116054502,0.37499773502349804
2635,D-sem,খাসতালুকের প্রজা,B,B,1,,0,0.394524246454238,,0.394524246454238,0.17498131096363,1,207,common,deep rural,1,0,2,0.15010154247283902,0.394524246454238,0.18893319368362402,0.26644104719161904
2635,D-hard,খাসতালুকের প্রজা,D,A,0,A,1,0.154158160090446,0.700199604034423,0.700199604034423,0.45645859837532005,3,306,common,deep rural,1,0,2,0.700199604034423,0.09982763230800601,0.0458146892488,0.154158160090446
2688,D-rand,খুড়োর কল,B,D,0,,0,0.29138484597206105,,0.332084715366363,0.21179082989692602,1,195,common,deep rural,0,0,2,0.25928887724876404,0.29138484597206105,0.117241509258747,0.332084715366363
2688,D-lit,খুড়োর কল,B,A,0,A,1,0.08818823844194401,0.7576737999916071,0.7576737999916071,0.515949726104736,1,233,common,deep rural,0,0,2,0.7576737999916071,0.08818823844194401,0.060603786259889006,0.09353412687778401
2688,D-surf,খুড়োর কল,B,A,0,,0,0.23016808927059101,,0.423647612333297,0.191930562257766,1,231,common,deep rural,0,0,2,0.423647612333297,0.23016808927059101,0.17481324076652502,0.17137105762958502
2688,D-sem,খুড়োর কল,B,D,0,,0,0.24497878551483102,,0.37958353757858204,0.19102235138416201,1,284,common,deep rural,0,0,2,0.24007698893547003,0.24497878551483102,0.13536062836647,0.37958353757858204
2688,D-hard,খুড়োর কল,B,C,0,C,1,0.07837238907814001,0.7155746221542351,0.7155746221542351,0.42037284374237005,1,254,common,deep rural,0,0,2,0.068516656756401,0.07837238907814001,0.7155746221542351,0.137536376714706
2714,D-rand,খেঁচাখিঁচি,B,D,0,,0,0.21385821700096103,,0.32904067635536105,0.15894532203674303,1,224,very common,country,0,0,1,0.15989966690540303,0.21385821700096103,0.29720139503479004,0.32904067635536105
2714,D-lit,খেঁচাখিঁচি,C,A,0,A,1,0.128877118229866,0.44229957461357106,0.44229957461357106,0.22884748876094801,2,237,very common,country,0,0,1,0.44229957461357106,0.16866467893123602,0.128877118229866,0.26015853881835904
2714,D-surf,খেঁচাখিঁচি,B,C,0,,0,0.165557891130447,,0.355930477380752,0.186993420124053,1,232,very common,country,0,0,1,0.266550183296203,0.165557891130447,0.355930477380752,0.21196138858795102
2714,D-sem,খেঁচাখিঁচি,C,A,0,,0,0.165054708719253,,0.32962056994438105,0.14833390712738,2,215,very common,country,0,0,1,0.32962056994438105,0.255171298980712,0.165054708719253,0.250153452157974
2714,D-hard,খেঁচাখিঁচি,D,A,0,A,1,0.12785163521766602,0.47971689701080306,0.47971689701080306,0.238876223564147,3,184,very common,country,0,0,1,0.47971689701080306,0.18137934803962702,0.21105208992958002,0.12785163521766602
2716,D-rand,খেই,D,D,1,,0,0.48164275288581804,,0.48164275288581804,0.29067334532737704,3,162,common,country,0,0,1,0.313197582960128,0.08502304553985501,0.12013661116361601,0.48164275288581804
2716,D-lit,খেই,C,C,1,B,0,0.566758573055267,0.08854608237743301,0.566758573055267,0.417449444532394,2,228,common,country,0,0,1,0.142183318734169,0.08854608237743301,0.566758573055267,0.20251202583312902
2716,D-surf,খেই,D,D,1,,0,0.43171334266662603,,0.43171334266662603,0.288449138402938,3,187,common,country,0,0,1,0.13580836355686102,0.263062536716461,0.16941575706005002,0.43171334266662603
2716,D-sem,খেই,C,C,1,,0,0.45098376274108803,,0.45098376274108803,0.313251286745071,2,195,common,country,0,0,1,0.17949068546295102,0.24453654885292003,0.45098376274108803,0.12498898059129701
2716,D-hard,খেই,A,A,1,D,0,0.6966282725334161,0.082706980407238,0.6966282725334161,0.420677363872528,0,155,common,country,0,0,1,0.6966282725334161,0.15967938303947402,0.06098538264632201,0.082706980407238
2729,D-rand,খেলা,C,B,0,,0,0.24332039058208402,,0.30882975459098805,0.15203402936458502,2,204,common,country,0,0,1,0.176382452249526,0.30882975459098805,0.24332039058208402,0.271467387676239
2729,D-lit,খেলা,A,D,0,D,1,0.022833593189716003,0.9420748949050901,0.9420748949050901,0.723589897155761,0,215,common,country,0,0,1,0.022833593189716003,0.029047310352325002,0.006044149398803001,0.9420748949050901
2729,D-surf,খেলা,B,C,0,,0,0.087290234863758,,0.797401368618011,0.6116009950637811,1,228,common,country,0,0,1,0.045146230608224,0.087290234863758,0.797401368618011,0.070162214338779
2729,D-sem,খেলা,A,A,1,,0,0.349164992570877,,0.349164992570877,0.16791838407516402,0,230,common,country,0,0,1,0.349164992570877,0.331179320812225,0.23359759151935502,0.086058035492897
2729,D-hard,খেলা,A,B,0,B,1,0.022532340139150002,0.7703857421875,0.7703857421875,0.561200678348541,0,182,common,country,0,0,1,0.022532340139150002,0.7703857421875,0.023066191002726003,0.18401578068733201
2739,D-rand,খোঁচা মারা,A,D,0,,0,0.320106714963912,,0.36467674374580306,0.213176921010017,0,251,common,country,0,0,2,0.320106714963912,0.115974329411983,0.199242249131202,0.36467674374580306
2739,D-lit,খোঁচা মারা,A,C,0,C,1,0.021143252030014003,0.9354997873306271,0.9354997873306271,0.785621464252471,0,258,common,country,0,0,2,0.021143252030014003,0.023581948131322,0.9354997873306271,0.019774969667196003
2739,D-surf,খোঁচা মারা,D,A,0,,0,0.230007216334342,,0.39656478166580206,0.26814305782318104,3,185,common,country,0,0,2,0.39656478166580206,0.18524456024169902,0.18818341195583302,0.230007216334342
2739,D-sem,খোঁচা মারা,C,A,0,,0,0.25106579065322804,,0.35660099983215304,0.209473714232444,2,223,common,country,0,0,2,0.35660099983215304,0.142078712582588,0.25106579065322804,0.25025445222854603
2739,D-hard,খোঁচা মারা,D,A,0,A,1,0.015831710770726003,0.9605431556701661,0.9605431556701661,0.822856307029724,3,269,common,country,0,0,2,0.9605431556701661,0.014151382260024001,0.009473771788179,0.015831710770726003
2753,D-rand,খোদাই খিদমতগার,A,A,1,,0,0.617413938045501,,0.617413938045501,0.326247930526733,0,210,rare,country,0,1,2,0.617413938045501,0.13120949268341,0.197104409337043,0.054272197186946
2753,D-lit,খোদাই খিদমতগার,D,C,0,C,1,0.408506423234939,0.433515667915344,0.433515667915344,0.23966728150844502,3,199,rare,country,0,1,2,0.07305020838975901,0.08492769300937601,0.433515667915344,0.408506423234939
2753,D-surf,খোদাই খিদমতগার,B,D,0,,0,0.32803946733474704,,0.486739754676818,0.23847483098506903,1,217,rare,country,0,1,2,0.059961777180433,0.32803946733474704,0.12525899708271002,0.486739754676818
2753,D-sem,খোদাই খিদমতগার,B,B,1,,0,0.630445480346679,,0.630445480346679,0.42254626750946,1,307,rare,country,0,1,2,0.14079178869724202,0.630445480346679,0.073747478425502,0.155015230178833
2753,D-hard,খোদাই খিদমতগার,A,C,0,B,0,0.226979240775108,0.291248381137847,0.433974862098693,0.286721944808959,0,243,rare,country,0,1,2,0.226979240775108,0.291248381137847,0.433974862098693,0.047797512263059005
2756,D-rand,খোদার উপর খোদকারি,D,A,0,,0,0.153401210904121,,0.46311870217323303,0.27744248509407005,3,263,common,country,0,1,3,0.46311870217323303,0.20964816212654103,0.17383186519145902,0.153401210904121
2756,D-lit,খোদার উপর খোদকারি,A,C,0,C,1,0.12384635210037201,0.628761649131774,0.628761649131774,0.36966270208358704,0,226,common,country,0,1,3,0.12384635210037201,0.160803794860839,0.628761649131774,0.08658819645643201
2756,D-surf,খোদার উপর খোদকারি,D,B,0,,0,0.162595346570014,,0.578266561031341,0.361199051141738,3,236,common,country,0,1,3,0.124072924256324,0.578266561031341,0.135065138339996,0.162595346570014
2756,D-sem,খোদার উপর খোদকারি,C,B,0,,0,0.290970623493194,,0.319962739944458,0.18961355090141202,2,267,common,country,0,1,3,0.256420731544494,0.319962739944458,0.290970623493194,0.132645949721336
2756,D-hard,খোদার উপর খোদকারি,C,A,0,A,1,0.132357478141784,0.695958495140075,0.695958495140075,0.42415764927864,2,298,common,country,0,1,3,0.695958495140075,0.07760702818632101,0.132357478141784,0.094077013432979
2758,D-rand,খোদার খাসি,B,D,0,,0,0.179300174117088,,0.415127277374267,0.23430599272251101,1,299,common,country,0,1,2,0.18544065952301,0.179300174117088,0.22013193368911702,0.415127277374267
2758,D-lit,খোদার খাসি,B,C,0,C,1,0.060864042490720006,0.704245150089263,0.704245150089263,0.427621394395828,1,261,common,country,0,1,2,0.11858320236206,0.060864042490720006,0.704245150089263,0.116307564079761
2758,D-surf,খোদার খাসি,A,B,0,,0,0.11031176149845101,,0.5615688562393181,0.360644221305847,0,271,common,country,0,1,2,0.11031176149845101,0.5615688562393181,0.16708181798458102,0.161037608981132
2758,D-sem,খোদার খাসি,B,D,0,,0,0.19960375130176503,,0.340500652790069,0.172734826803207,1,248,common,country,0,1,2,0.326347827911376,0.19960375130176503,0.133547753095626,0.340500652790069
2758,D-hard,খোদার খাসি,B,D,0,D,1,0.048900369554758,0.6919096112251281,0.6919096112251281,0.44220456480979903,1,317,common,country,0,1,2,0.089067168533802,0.048900369554758,0.170122876763343,0.6919096112251281
2792,D-rand,খোশনবিশ,B,B,1,,0,0.320263653993606,,0.320263653993606,0.15639019012451102,1,214,common,country,0,0,1,0.239967226982116,0.320263653993606,0.26916831731796204,0.170600771903991
2792,D-lit,খোশনবিশ,D,C,0,A,0,0.102690830826759,0.11590299755334801,0.5017213821411131,0.32117694616317705,3,189,common,country,0,0,1,0.11590299755334801,0.27968481183052,0.5017213821411131,0.102690830826759
2792,D-surf,খোশনবিশ,A,B,0,,0,0.207809820771217,,0.47291409969329806,0.31214970350265503,0,217,common,country,0,0,1,0.207809820771217,0.47291409969329806,0.133493363857269,0.185782685875892
2792,D-sem,খোশনবিশ,B,A,0,,0,0.23633188009262002,,0.341429114341735,0.27135005593299805,1,179,common,country,0,0,1,0.341429114341735,0.23633188009262002,0.22241696715354903,0.199822068214416
2792,D-hard,খোশনবিশ,A,B,0,D,0,0.195684045553207,0.182006672024726,0.4834865629673,0.30994367599487305,0,175,common,country,0,0,1,0.195684045553207,0.4834865629673,0.13882273435592601,0.182006672024726
2795,D-rand,খোসা পুরু,A,C,0,,0,0.12901881337165802,,0.46967163681983903,0.20513811707496601,0,232,common,country,0,0,2,0.12901881337165802,0.21948476135730702,0.46967163681983903,0.18182477355003301
2795,D-lit,খোসা পুরু,C,B,0,B,1,0.016242044046521003,0.8786301612854001,0.8786301612854001,0.6797153949737541,2,186,common,country,0,0,2,0.048157859593629004,0.8786301612854001,0.016242044046521003,0.056969963014125005
2795,D-surf,খোসা পুরু,C,D,0,,0,0.120831869542598,,0.32876318693161005,0.152058005332946,2,161,common,country,0,0,2,0.284351378679275,0.266053557395935,0.120831869542598,0.32876318693161005
2795,D-sem,খোসা পুরু,D,A,0,,0,0.124462001025676,,0.43961161375045704,0.206281960010528,3,270,common,country,0,0,2,0.43961161375045704,0.255677431821823,0.180248990654945,0.124462001025676
2795,D-hard,খোসা পুরু,D,B,0,B,1,0.015757946297526002,0.896444737911224,0.896444737911224,0.722134053707122,3,235,common,country,0,0,2,0.038984600454568,0.896444737911224,0.048812765628099004,0.015757946297526002
2797,D-rand,খ্যাঁচড়া,A,A,1,,0,0.337143778800964,,0.337143778800964,0.17342461645603102,0,213,common,country,0,0,1,0.337143778800964,0.19904890656471202,0.29342818260192804,0.17037913203239402
2797,D-lit,খ্যাঁচড়া,D,C,0,C,1,0.294573605060577,0.349649608135223,0.349649608135223,0.16214622557163202,3,217,common,country,0,0,1,0.23759119212627403,0.11818561702966601,0.349649608135223,0.294573605060577
2797,D-surf,খ্যাঁচড়া,B,C,0,,0,0.295492023229599,,0.32416647672653204,0.188808038830757,1,296,common,country,0,0,1,0.18872171640396102,0.295492023229599,0.32416647672653204,0.191619828343391
2797,D-sem,খ্যাঁচড়া,B,B,1,,0,0.33446928858757,,0.33446928858757,0.17944705486297602,1,214,common,country,0,0,1,0.288471639156341,0.33446928858757,0.23572216928005202,0.14133693277835802
2797,D-hard,খ্যাঁচড়া,B,C,0,C,1,0.306676715612411,0.33505001664161604,0.33505001664161604,0.15930616855621302,1,193,common,country,0,0,1,0.19870039820671,0.306676715612411,0.33505001664161604,0.159572884440422
2847,D-rand,গজদন্ত,A,A,1,,0,0.44864216446876504,,0.44864216446876504,0.24886895716190302,0,206,rare,country,0,0,1,0.44864216446876504,0.18031045794487,0.11601909995079,0.255028307437896
2847,D-lit,গজদন্ত,C,A,0,A,1,0.186231806874275,0.678629875183105,0.678629875183105,0.39661091566085804,2,225,rare,country,0,0,1,0.678629875183105,0.05568566173315,0.186231806874275,0.07945266366004901
2847,D-surf,গজদন্ত,B,B,1,,0,0.5063294172286981,,0.5063294172286981,0.288637459278106,1,301,rare,country,0,0,1,0.146633297204971,0.5063294172286981,0.14181467890739402,0.20522262156009602
2847,D-sem,গজদন্ত,D,D,1,,0,0.5602319836616511,,0.5602319836616511,0.33447992801666204,3,215,rare,country,0,0,1,0.188665658235549,0.11046335101127601,0.14063899219036102,0.5602319836616511
2847,D-hard,গজদন্ত,C,D,0,D,1,0.191846519708633,0.7318487167358391,0.7318487167358391,0.430383533239364,2,193,rare,country,0,0,1,0.032659091055393004,0.043645672500133,0.191846519708633,0.7318487167358391
2860,D-rand,গড্ডলিকা,C,D,0,,0,0.27282178401947005,,0.305044084787368,0.21789464354515,2,232,rare,deep rural,0,0,1,0.151233240962028,0.27090087532997104,0.27282178401947005,0.305044084787368
2860,D-lit,গড্ডলিকা,B,B,1,C,0,0.278374433517456,0.251690298318862,0.278374433517456,0.187288209795951,1,254,rare,deep rural,0,0,1,0.251004129648208,0.278374433517456,0.251690298318862,0.21893115341663302
2860,D-surf,গড্ডলিকা,C,A,0,,0,0.26017129421234103,,0.28285795450210505,0.219729736447334,2,244,rare,deep rural,0,0,1,0.28285795450210505,0.22764305770397103,0.26017129421234103,0.229327708482742
2860,D-sem,গড্ডলিকা,D,D,1,,0,0.341163843870162,,0.341163843870162,0.247847646474838,3,175,rare,deep rural,0,0,1,0.26152077317237804,0.22349071502685502,0.17382466793060303,0.341163843870162
2860,D-hard,গড্ডলিকা,D,A,0,B,0,0.272143304347991,0.24776123464107502,0.292305797338485,0.23346523940563202,3,253,rare,deep rural,0,0,1,0.292305797338485,0.24776123464107502,0.187789618968963,0.272143304347991
2862,D-rand,গড্ডলিকা প্রবাহ,B,D,0,,0,0.273589760065078,,0.341655254364013,0.23268559575080802,1,245,common,deep rural,0,0,2,0.209042355418205,0.273589760065078,0.17571267485618502,0.341655254364013
2862,D-lit,গড্ডলিকা প্রবাহ,C,C,1,B,0,0.323038309812545,0.23844836652278903,0.323038309812545,0.23533013463020303,2,224,common,deep rural,0,0,2,0.21217563748359602,0.23844836652278903,0.323038309812545,0.226337656378746
2862,D-surf,গড্ডলিকা প্রবাহ,D,B,0,,0,0.17219714820384902,,0.617705285549163,0.430807679891586,3,240,common,deep rural,0,0,2,0.149683088064193,0.617705285549163,0.060414474457502004,0.17219714820384902
2862,D-sem,গড্ডলিকা প্রবাহ,C,A,0,,0,0.28802752494812,,0.29981508851051303,0.18722516298294,2,363,common,deep rural,0,0,2,0.29981508851051303,0.24119290709495503,0.28802752494812,0.17096449434757202
2862,D-hard,গড্ডলিকা প্রবাহ,C,C,1,D,0,0.28858208656311,0.20703490078449202,0.28858208656311,0.22608000040054302,2,322,common,deep rural,0,0,2,0.262758463621139,0.24162456393241802,0.28858208656311,0.20703490078449202
2892,D-rand,গণ্ডগোল,B,A,0,,0,0.254547178745269,,0.36292925477027804,0.24446564912796,1,233,very common,country,0,0,1,0.36292925477027804,0.254547178745269,0.29250606894493103,0.090017490088939
2892,D-lit,গণ্ডগোল,C,B,0,B,1,0.20344965159893003,0.464847594499588,0.464847594499588,0.25598782300949,2,200,very common,country,0,0,1,0.14799585938453602,0.464847594499588,0.20344965159893003,0.18370693922042802
2892,D-surf,গণ্ডগোল,C,A,0,,0,0.19596055150032002,,0.30973049998283303,0.27205505967140203,2,253,very common,country,0,0,1,0.30973049998283303,0.23079833388328502,0.19596055150032002,0.263510584831237
2892,D-sem,গণ্ডগোল,D,A,0,,0,0.17867293953895502,,0.327235460281372,0.23191931843757602,3,225,very common,country,0,0,1,0.327235460281372,0.18999165296554502,0.30409994721412603,0.17867293953895502
2892,D-hard,গণ্ডগোল,A,C,0,C,1,0.264784127473831,0.46930992603302,0.46930992603302,0.238986507058143,0,211,very common,country,0,0,1,0.264784127473831,0.12400384992361001,0.46930992603302,0.14190210402011802
2904,D-rand,গণ্ডূষ করা,B,D,0,,0,0.176403388381004,,0.311209887266159,0.23121495544910403,1,225,rare,country,0,1,2,0.306633114814758,0.176403388381004,0.205753624439239,0.311209887266159
2904,D-lit,গণ্ডূষ করা,B,C,0,B,0,0.259679824113845,0.259679824113845,0.33359903097152704,0.21428294479846902,1,220,rare,country,0,1,2,0.197182238101959,0.259679824113845,0.33359903097152704,0.20953889191150601
2904,D-surf,গণ্ডূষ করা,C,D,0,,0,0.17399191856384202,,0.37214836478233304,0.247980117797851,2,246,rare,country,0,1,2,0.237955048680305,0.215904682874679,0.17399191856384202,0.37214836478233304
2904,D-sem,গণ্ডূষ করা,A,B,0,,0,0.18857331573963101,,0.396052330732345,0.230428352952003,0,203,rare,country,0,1,2,0.18857331573963101,0.396052330732345,0.15920080244541102,0.256173580884933
2904,D-hard,গণ্ডূষ করা,D,A,0,D,0,0.149928554892539,0.149928554892539,0.31593763828277505,0.22610549628734503,3,254,rare,country,0,1,2,0.31593763828277505,0.307754337787628,0.22637949883937802,0.149928554892539
2907,D-rand,গণ্ডে-পিণ্ডে গেলা,B,B,1,,0,0.46764767169952304,,0.46764767169952304,0.41791802644729603,1,283,common,country,0,0,3,0.18827427923679302,0.46764767169952304,0.165309533476829,0.178768470883369
2907,D-lit,গণ্ডে-পিণ্ডে গেলা,B,A,0,A,1,0.062768012285232,0.8750418424606321,0.8750418424606321,0.8077068328857421,1,416,common,country,0,0,3,0.8750418424606321,0.062768012285232,0.027810281142592003,0.034379813820123
2907,D-surf,গণ্ডে-পিণ্ডে গেলা,D,D,1,,0,0.412932991981506,,0.412932991981506,0.326369673013687,3,291,common,country,0,0,3,0.30233550071716303,0.154463842511177,0.130267739295959,0.412932991981506
2907,D-sem,গণ্ডে-পিণ্ডে গেলা,D,A,0,,0,0.350005984306335,,0.351095765829086,0.24406239390373202,3,315,common,country,0,0,3,0.351095765829086,0.127005130052566,0.17189310491085003,0.350005984306335
2907,D-hard,গণ্ডে-পিণ্ডে গেলা,B,A,0,A,1,0.06303938478231401,0.8787354230880731,0.8787354230880731,0.808923482894897,1,293,common,country,0,0,3,0.8787354230880731,0.06303938478231401,0.021223789080977003,0.037001367658376
2910,D-rand,গতর খাটানো,D,D,1,,0,0.31382346153259205,,0.31382346153259205,0.212366044521331,3,176,common,country,0,0,2,0.157760336995124,0.31217986345291104,0.216236323118209,0.31382346153259205
2910,D-lit,গতর খাটানো,B,D,0,D,1,0.054828017950057005,0.5526325702667231,0.5526325702667231,0.34166011214256203,1,237,common,country,0,0,2,0.032024931162595,0.054828017950057005,0.36051449179649303,0.5526325702667231
2910,D-surf,গতর খাটানো,A,D,0,,0,0.086174599826335,,0.733689367771148,0.6090461611747741,0,164,common,country,0,0,2,0.086174599826335,0.10673085600137701,0.073405168950557,0.733689367771148
2910,D-sem,গতর খাটানো,A,A,1,,0,0.36979827284812905,,0.36979827284812905,0.218736544251441,0,199,common,country,0,0,2,0.36979827284812905,0.164416208863258,0.23647539317607802,0.229310169816017
2910,D-hard,গতর খাটানো,C,A,0,A,1,0.07919044792652101,0.791078567504882,0.791078567504882,0.6049704551696771,2,181,common,country,0,0,2,0.791078567504882,0.09162667393684301,0.07919044792652101,0.038104318082332
2913,D-rand,গতর পোষা,B,C,0,,0,0.24651980400085402,,0.27023929357528603,0.186186119914054,1,246,common,country,0,0,2,0.22261770069599102,0.24651980400085402,0.27023929357528603,0.26062318682670504
2913,D-lit,গতর পোষা,A,C,0,B,0,0.28312799334526,0.11098213493824001,0.40042692422866805,0.23719041049480402,0,216,common,country,0,0,2,0.28312799334526,0.11098213493824001,0.40042692422866805,0.205462887883186
2913,D-surf,গতর পোষা,C,A,0,,0,0.19589465856552102,,0.354692697525024,0.23175700008869102,2,234,common,country,0,0,2,0.354692697525024,0.21349661052227,0.19589465856552102,0.235916018486022
2913,D-sem,গতর পোষা,A,C,0,,0,0.30672150850296004,,0.34150165319442705,0.18969538807868902,0,252,common,country,0,0,2,0.30672150850296004,0.188159301877021,0.34150165319442705,0.16361753642559002
2913,D-hard,গতর পোষা,D,B,0,A,0,0.25568887591362,0.13344033062458002,0.36535021662712003,0.22128528356552102,3,217,common,country,0,0,2,0.13344033062458002,0.36535021662712003,0.245520561933517,0.25568887591362
2932,D-rand,গন্ধমাদন,B,B,1,,0,0.279782056808471,,0.279782056808471,0.213790118694305,1,260,rare,country,0,1,1,0.257519483566284,0.279782056808471,0.25813215970993003,0.20456632971763603
2932,D-lit,গন্ধমাদন,D,C,0,C,1,0.033768393099308,0.903249680995941,0.903249680995941,0.7234416604042051,3,248,rare,country,0,1,1,0.043645102530717,0.019336910918354003,0.903249680995941,0.033768393099308
2932,D-surf,গন্ধমাদন,A,B,0,,0,0.24209035933017703,,0.30722072720527605,0.21736510097980502,0,264,rare,country,0,1,1,0.24209035933017703,0.30722072720527605,0.17840328812599102,0.272285610437393
2932,D-sem,গন্ধমাদন,D,A,0,,0,0.20908668637275601,,0.38730463385581904,0.24530130624771102,3,228,rare,country,0,1,1,0.38730463385581904,0.245256260037422,0.15835241973400102,0.20908668637275601
2932,D-hard,গন্ধমাদন,C,A,0,A,1,0.037271056324243004,0.891961514949798,0.891961514949798,0.743185639381408,2,253,rare,country,0,1,1,0.891961514949798,0.031256712973117,0.037271056324243004,0.039510760456323006
2975,D-rand,গর্দভরাগিণী,C,B,0,,0,0.21130390465259502,,0.39962771534919705,0.25363218784332203,2,272,rare,country,0,0,1,0.227273300290107,0.39962771534919705,0.21130390465259502,0.161795109510421
2975,D-lit,গর্দভরাগিণী,A,C,0,C,1,0.043607477098703,0.8612843155860901,0.8612843155860901,0.6882829070091241,0,299,rare,country,0,0,1,0.043607477098703,0.052045252174139,0.8612843155860901,0.043062884360551
2975,D-surf,গর্দভরাগিণী,A,B,0,,0,0.23965895175933802,,0.323948055505752,0.15858282148838002,0,271,rare,country,0,0,1,0.23965895175933802,0.323948055505752,0.255447447299957,0.180945515632629
2975,D-sem,গর্দভরাগিণী,C,B,0,,0,0.275091022253036,,0.363533347845077,0.184406995773315,2,178,rare,country,0,0,1,0.22023515403270702,0.363533347845077,0.275091022253036,0.14114046096801702
2975,D-hard,গর্দভরাগিণী,D,B,0,B,1,0.034871857613325,0.8912721276283261,0.8912721276283261,0.696760714054107,3,257,rare,country,0,0,1,0.039927307516336004,0.8912721276283261,0.033928703516721004,0.034871857613325
2986,D-rand,গলা ওঠা,A,C,0,,0,0.161217406392097,,0.32636478543281505,0.152275040745735,0,177,common,country,0,0,2,0.161217406392097,0.27136418223381004,0.32636478543281505,0.24105359613895402
2986,D-lit,গলা ওঠা,A,C,0,C,1,0.023452255874872003,0.9216499328613281,0.9216499328613281,0.7111185789108271,0,159,common,country,0,0,2,0.023452255874872003,0.039452012628316005,0.9216499328613281,0.015445847995579002
2986,D-surf,গলা ওঠা,A,C,0,,0,0.22551256418228102,,0.293371856212615,0.141617253422737,0,162,common,country,0,0,2,0.22551256418228102,0.18818211555480902,0.293371856212615,0.292933523654937
2986,D-sem,গলা ওঠা,D,C,0,,0,0.208575710654258,,0.38486137986183105,0.25388333201408303,3,244,common,country,0,0,2,0.211746156215667,0.19481672346591902,0.38486137986183105,0.208575710654258
2986,D-hard,গলা ওঠা,D,A,0,A,1,0.020095478743314,0.88526713848114,0.88526713848114,0.639545738697052,3,151,common,country,0,0,2,0.88526713848114,0.07446607202291401,0.020171320065855,0.020095478743314
2999,D-rand,গলা ঠাণ্ডা করা,D,C,0,,0,0.069653615355491,,0.41498112678527804,0.303358525037765,3,273,rare,city,0,0,3,0.210958018898963,0.304407328367233,0.41498112678527804,0.069653615355491
2999,D-lit,গলা ঠাণ্ডা করা,A,B,0,B,1,0.006072843912988001,0.979382753372192,0.979382753372192,0.844722986221313,0,171,rare,city,0,0,3,0.006072843912988001,0.979382753372192,0.010698437690734001,0.0038460642099380003
2999,D-surf,গলা ঠাণ্ডা করা,D,C,0,,0,0.118421666324138,,0.46230706572532604,0.29705274105072005,3,173,rare,city,0,0,3,0.257735937833786,0.16153527796268402,0.46230706572532604,0.118421666324138
2999,D-sem,গলা ঠাণ্ডা করা,C,B,0,,0,0.15609426796436301,,0.506822288036346,0.254474878311157,2,174,rare,city,0,0,3,0.23406562209129303,0.506822288036346,0.15609426796436301,0.103017821907997
2999,D-hard,গলা ঠাণ্ডা করা,C,D,0,D,1,0.004308675881475,0.9775813817977901,0.9775813817977901,0.8529585599899291,2,204,rare,city,0,0,3,0.008285840041935,0.009824112057685,0.004308675881475,0.9775813817977901
3005,D-rand,গলা বসা,B,B,1,,0,0.43292832374572704,,0.43292832374572704,0.235657185316085,1,213,common,country,0,0,2,0.266435205936431,0.43292832374572704,0.13768158853054002,0.162954822182655
3005,D-lit,গলা বসা,A,C,0,C,1,0.062821425497531,0.8717846274375911,0.8717846274375911,0.6338227987289421,0,187,common,country,0,0,2,0.062821425497531,0.026341868564486,0.8717846274375911,0.039052050560712
3005,D-surf,গলা বসা,D,D,1,,0,0.35625311732292103,,0.35625311732292103,0.227154493331909,3,176,common,country,0,0,2,0.223242923617362,0.12091823667287802,0.29958578944206204,0.35625311732292103
3005,D-sem,গলা বসা,B,D,0,,0,0.16377775371074602,,0.346590906381607,0.22133848071098303,1,284,common,country,0,0,2,0.16216577589511802,0.16377775371074602,0.327465564012527,0.346590906381607
3005,D-hard,গলা বসা,C,D,0,D,1,0.045910183340311,0.873489677906036,0.873489677906036,0.64899206161499,2,200,common,country,0,0,2,0.038816966116428,0.041783124208450005,0.045910183340311,0.873489677906036
3035,D-rand,গল্পগুজব,B,B,1,,0,0.364584863185882,,0.364584863185882,0.278307884931564,1,251,very common,country,0,0,1,0.255625694990158,0.364584863185882,0.198266819119453,0.181522533297538
3035,D-lit,গল্পগুজব,D,C,0,C,1,0.011809715069830001,0.9627275466918941,0.9627275466918941,0.8717880845069881,3,289,very common,country,0,0,1,0.007355062756687,0.018107738345861,0.9627275466918941,0.011809715069830001
3035,D-surf,গল্পগুজব,D,C,0,,0,0.29132667183876004,,0.411562234163284,0.29160156846046403,3,269,very common,country,0,0,1,0.18150827288627602,0.11560284346342001,0.411562234163284,0.29132667183876004
3035,D-sem,গল্পগুজব,C,C,1,,0,0.35470908880233704,,0.35470908880233704,0.24363425374031003,2,269,very common,country,0,0,1,0.175974577665328,0.17985820770263602,0.35470908880233704,0.28945812582969604
3035,D-hard,গল্পগুজব,C,B,0,B,1,0.013118227943778002,0.9704457521438591,0.9704457521438591,0.8638673424720761,2,238,very common,country,0,0,1,0.008229745551943,0.9704457521438591,0.013118227943778002,0.008206162601709
3039,D-rand,গস্ত,A,B,0,,0,0.247057631611824,,0.370451003313064,0.21040630340576102,0,225,common,country,0,0,1,0.247057631611824,0.370451003313064,0.16581891477108002,0.216672420501708
3039,D-lit,গস্ত,C,A,0,A,1,0.274248987436294,0.322369217872619,0.322369217872619,0.22530947625637002,2,213,common,country,0,0,1,0.322369217872619,0.183452814817428,0.274248987436294,0.219928950071334
3039,D-surf,গস্ত,B,B,1,,0,0.32743728160858104,,0.32743728160858104,0.196111395955085,1,167,common,country,0,0,1,0.22617149353027302,0.32743728160858104,0.17989717423915802,0.26649400591850203
3039,D-sem,গস্ত,D,D,1,,0,0.268868267536163,,0.268868267536163,0.198235064744949,3,225,common,country,0,0,1,0.24709896743297502,0.241676717996597,0.24235604703426303,0.268868267536163
3039,D-hard,গস্ত,A,D,0,C,0,0.26571276783943104,0.2735276222229,0.329575717449188,0.24057029187679202,0,187,common,country,0,0,1,0.26571276783943104,0.131183922290802,0.2735276222229,0.329575717449188
3047,D-rand,গাঁ-গাঁ,D,C,0,,0,0.12784194946289001,,0.44993472099304205,0.25247809290885903,3,229,common,country,0,0,2,0.14198820292949602,0.28023514151573103,0.44993472099304205,0.12784194946289001
3047,D-lit,গাঁ-গাঁ,B,D,0,C,0,0.18511703610420202,0.19757169485092102,0.46650749444961503,0.250853061676025,1,258,common,country,0,0,2,0.15080377459526,0.18511703610420202,0.19757169485092102,0.46650749444961503
3047,D-surf,গাঁ-গাঁ,A,B,0,,0,0.150743499398231,,0.399458199739456,0.259955585002899,0,406,common,country,0,0,2,0.150743499398231,0.399458199739456,0.153978273272514,0.29581999778747503
3047,D-sem,গাঁ-গাঁ,A,C,0,,0,0.22668060660362202,,0.31946241855621305,0.181724995374679,0,197,common,country,0,0,2,0.22668060660362202,0.163458317518234,0.31946241855621305,0.29039868712425204
3047,D-hard,গাঁ-গাঁ,A,C,0,D,0,0.186433777213096,0.18113380670547402,0.48814019560813904,0.27990385890007,0,323,common,country,0,0,2,0.186433777213096,0.14429217576980502,0.48814019560813904,0.18113380670547402
3064,D-rand,গা এলিয়ে দেওয়া,D,C,0,,0,0.275706261396408,,0.289427250623703,0.20815151929855302,3,200,common,country,0,0,3,0.23959937691688502,0.19526706635951901,0.289427250623703,0.275706261396408
3064,D-lit,গা এলিয়ে দেওয়া,C,A,0,A,1,0.19873771071434002,0.38966545462608304,0.38966545462608304,0.27464917302131603,2,225,common,country,0,0,3,0.38966545462608304,0.187001287937164,0.19873771071434002,0.22459551692008903
3064,D-surf,গা এলিয়ে দেওয়া,D,B,0,,0,0.19399750232696503,,0.356366246938705,0.23578722774982402,3,227,common,country,0,0,3,0.16975769400596602,0.356366246938705,0.27987852692604004,0.19399750232696503
3064,D-sem,গা এলিয়ে দেওয়া,A,B,0,,0,0.23741649091243702,,0.33312976360321,0.23160088062286302,0,206,common,country,0,0,3,0.23741649091243702,0.33312976360321,0.257982581853866,0.171471148729324
3064,D-hard,গা এলিয়ে দেওয়া,D,A,0,B,0,0.114747412502765,0.254122167825698,0.538747787475585,0.32896304130554205,3,214,common,country,0,0,3,0.538747787475585,0.254122167825698,0.09238265454769101,0.114747412502765
3075,D-rand,গা গরম,A,C,0,,0,0.27512595057487405,,0.31705299019813504,0.160607799887657,0,314,common,country,0,0,2,0.27512595057487405,0.20700295269489202,0.31705299019813504,0.200818106532096
3075,D-lit,গা গরম,D,A,0,A,1,0.015167670324444,0.9357689619064331,0.9357689619064331,0.6992139220237731,3,272,common,country,0,0,2,0.9357689619064331,0.031197853386402002,0.017865510657429,0.015167670324444
3075,D-surf,গা গরম,A,B,0,,0,0.21169994771480502,,0.353752732276916,0.15972492098808203,0,254,common,country,0,0,2,0.21169994771480502,0.353752732276916,0.27769634127616805,0.156851008534431
3075,D-sem,গা গরম,B,C,0,,0,0.276734799146652,,0.281111180782318,0.12799103558063502,1,176,common,country,0,0,2,0.19554296135902402,0.276734799146652,0.281111180782318,0.24661110341548903
3075,D-hard,গা গরম,C,A,0,A,1,0.015701988711953,0.9522435069084161,0.9522435069084161,0.7582594156265251,2,176,common,country,0,0,2,0.9522435069084161,0.015702715143561002,0.015701988711953,0.016351832076907002
3082,D-rand,গা ছাড়া,C,A,0,,0,0.25327518582344,,0.41459947824478105,0.274694085121154,2,256,common,country,0,0,2,0.41459947824478105,0.173200845718383,0.25327518582344,0.15892450511455503
3082,D-lit,গা ছাড়া,C,A,0,A,1,0.045302871614694006,0.900869905948638,0.900869905948638,0.700421750545501,2,164,common,country,0,0,2,0.900869905948638,0.025540789589285,0.045302871614694006,0.028286354616284003
3082,D-surf,গা ছাড়া,D,B,0,,0,0.24265322089195202,,0.35643246769905,0.287759929895401,3,189,common,country,0,0,2,0.27048459649086,0.35643246769905,0.13042968511581401,0.24265322089195202
3082,D-sem,গা ছাড়া,C,D,0,,0,0.21963179111480702,,0.28108954429626404,0.24862666428089103,2,252,common,country,0,0,2,0.253225177526474,0.24605348706245403,0.21963179111480702,0.28108954429626404
3082,D-hard,গা ছাড়া,A,D,0,D,1,0.046438947319984006,0.8814093470573421,0.8814093470573421,0.722805321216583,0,187,common,country,0,0,2,0.046438947319984006,0.031422812491655,0.040728967636823,0.8814093470573421
3089,D-rand,গা জ্বলা,C,D,0,,0,0.212737783789634,,0.42448753118515004,0.255307435989379,2,369,common,country,0,0,2,0.186740323901176,0.176034316420555,0.212737783789634,0.42448753118515004
3089,D-lit,গা জ্বলা,D,A,0,A,1,0.008118104189634,0.976428091526031,0.976428091526031,0.891575276851654,3,194,common,country,0,0,2,0.976428091526031,0.007415061816573001,0.008038713596761001,0.008118104189634
3089,D-surf,গা জ্বলা,C,D,0,,0,0.21152114868164001,,0.450225561857223,0.37897011637687605,2,211,common,country,0,0,2,0.147962242364883,0.19029103219509103,0.21152114868164001,0.450225561857223
3089,D-sem,গা জ্বলা,B,C,0,,0,0.174605324864387,,0.636818051338195,0.45138445496559104,1,275,common,country,0,0,2,0.077563740313053,0.174605324864387,0.636818051338195,0.11101295053958801
3089,D-hard,গা জ্বলা,A,B,0,B,1,0.0072958534583440005,0.9800198078155511,0.9800198078155511,0.9178669452667231,0,225,common,country,0,0,2,0.0072958534583440005,0.9800198078155511,0.006316751241683001,0.006367547903209
3136,D-rand,গাড়ুর দামে খাড়ু যাওয়া,C,C,1,,0,0.369645178318023,,0.369645178318023,0.292305529117584,2,264,common,deep rural,0,0,4,0.270868182182312,0.23060071468353202,0.369645178318023,0.128885999321937
3136,D-lit,গাড়ুর দামে খাড়ু যাওয়া,B,A,0,A,1,0.164423033595085,0.7108987569808961,0.7108987569808961,0.6034169197082521,1,227,common,deep rural,0,0,4,0.7108987569808961,0.164423033595085,0.074613370001316,0.050064824521541006
3136,D-surf,গাড়ুর দামে খাড়ু যাওয়া,B,C,0,,0,0.06787716597318601,,0.46245566010475103,0.405984371900558,1,324,common,deep rural,0,0,4,0.09872578829526901,0.06787716597318601,0.46245566010475103,0.37094137072563105
3136,D-sem,গাড়ুর দামে খাড়ু যাওয়া,D,D,1,,0,0.44498106837272605,,0.44498106837272605,0.323013305664062,3,266,common,deep rural,0,0,4,0.30613374710083,0.062578924000263,0.18630626797676,0.44498106837272605
3136,D-hard,গাড়ুর দামে খাড়ু যাওয়া,A,D,0,D,1,0.128875762224197,0.7304083704948421,0.7304083704948421,0.6225039362907411,0,242,common,deep rural,0,0,4,0.128875762224197,0.10086025297641701,0.03985558822751,0.7304083704948421
3137,D-rand,গাণ্ডু,B,B,1,,0,0.37190172076225203,,0.37190172076225203,0.17390744388103402,1,174,common,country,0,0,1,0.224673077464103,0.37190172076225203,0.19749484956264401,0.205930262804031
3137,D-lit,গাণ্ডু,C,B,0,B,1,0.22083981335163103,0.5551486611366271,0.5551486611366271,0.35821154713630604,2,286,common,country,0,0,1,0.12143258005380601,0.5551486611366271,0.22083981335163103,0.10257900506258001
3137,D-surf,গাণ্ডু,C,D,0,,0,0.339865326881408,,0.34331750869750904,0.19731982052326202,2,239,common,country,0,0,1,0.153685078024864,0.163132116198539,0.339865326881408,0.34331750869750904
3137,D-sem,গাণ্ডু,D,D,1,,0,0.341832339763641,,0.341832339763641,0.233591049909591,3,206,common,country,0,0,1,0.263940930366516,0.156645789742469,0.23758098483085602,0.341832339763641
3137,D-hard,গাণ্ডু,C,B,0,B,1,0.21285411715507502,0.535083651542663,0.535083651542663,0.347013473510742,2,199,common,country,0,0,1,0.15488657355308502,0.535083651542663,0.21285411715507502,0.09717564284801401
3139,D-rand,গাণ্ডেপিণ্ডে গেলা,D,A,0,,0,0.16594639420509302,,0.34642374515533403,0.264048844575881,3,295,common,country,0,0,2,0.34642374515533403,0.32642063498497004,0.16120928525924602,0.16594639420509302
3139,D-lit,গাণ্ডেপিণ্ডে গেলা,A,C,0,C,1,0.043240431696176,0.8655566573143001,0.8655566573143001,0.766251862049102,0,241,common,country,0,0,2,0.043240431696176,0.037293352186679,0.8655566573143001,0.053909569978713004
3139,D-surf,গাণ্ডেপিণ্ডে গেলা,A,B,0,,0,0.161541923880577,,0.41619053483009305,0.294117152690887,0,224,common,country,0,0,2,0.161541923880577,0.41619053483009305,0.13295909762382502,0.28930848836898804
3139,D-sem,গাণ্ডেপিণ্ডে গেলা,C,C,1,,0,0.33180305361747703,,0.33180305361747703,0.19681516289710901,2,202,common,country,0,0,2,0.23046164214611,0.233489856123924,0.33180305361747703,0.20424537360668102
3139,D-hard,গাণ্ডেপিণ্ডে গেলা,D,B,0,B,1,0.032871410250663,0.9125896692276001,0.9125896692276001,0.804434299468994,3,280,common,country,0,0,2,0.031674291938543,0.9125896692276001,0.022864695638418003,0.032871410250663
3141,D-rand,গাত্রোত্থান,B,B,1,,0,0.354846984148025,,0.354846984148025,0.348901748657226,1,279,rare,country,0,0,1,0.322811961174011,0.354846984148025,0.16487593948841,0.157465159893035
3141,D-lit,গাত্রোত্থান,A,B,0,B,1,0.21706399321556002,0.6002118587493891,0.6002118587493891,0.42894977331161505,0,226,rare,country,0,0,1,0.21706399321556002,0.6002118587493891,0.094400107860565,0.088324092328548
3141,D-surf,গাত্রোত্থান,B,B,1,,0,0.48064926266670205,,0.48064926266670205,0.40575814247131303,1,216,rare,country,0,0,1,0.217816814780235,0.48064926266670205,0.192813947796821,0.10871993005275701
3141,D-sem,গাত্রোত্থান,A,A,1,,0,0.409084886312484,,0.409084886312484,0.280966401100158,0,180,rare,country,0,0,1,0.409084886312484,0.18528218567371302,0.286404132843017,0.11922876536846101
3141,D-hard,গাত্রোত্থান,C,B,0,B,1,0.203458443284034,0.5476441979408261,0.5476441979408261,0.428536891937255,2,278,rare,country,0,0,1,0.19332915544509802,0.5476441979408261,0.203458443284034,0.055568229407072005
3145,D-rand,গাধার খাটুনি,C,B,0,,0,0.176148638129234,,0.347102612257003,0.31674793362617404,2,234,common,country,0,0,2,0.26231989264488204,0.347102612257003,0.176148638129234,0.214428886771202
3145,D-lit,গাধার খাটুনি,B,A,0,A,1,0.189919680356979,0.6226167678833,0.6226167678833,0.537852466106414,1,255,common,country,0,0,2,0.6226167678833,0.189919680356979,0.10010146349668501,0.087362110614776
3145,D-surf,গাধার খাটুনি,D,C,0,,0,0.217846632003784,,0.295603066682815,0.235370650887489,3,190,common,country,0,0,2,0.26075786352157504,0.225792452692985,0.295603066682815,0.217846632003784
3145,D-sem,গাধার খাটুনি,A,A,1,,0,0.30094277858734103,,0.30094277858734103,0.245090588927268,0,266,common,country,0,0,2,0.30094277858734103,0.24422207474708502,0.24135527014732303,0.213479846715927
3145,D-hard,গাধার খাটুনি,B,D,0,D,1,0.16149161756038602,0.548378705978393,0.548378705978393,0.426662802696228,1,266,common,country,0,0,2,0.146253317594528,0.16149161756038602,0.143876373767852,0.548378705978393
3149,D-rand,গাধার রাগিণী,C,B,0,,0,0.20511756837368,,0.30963602662086404,0.22527365386486,2,200,common,deep rural,0,0,2,0.264752358198165,0.30963602662086404,0.20511756837368,0.22049401700496601
3149,D-lit,গাধার রাগিণী,C,A,0,A,1,0.066980898380279,0.790856420993804,0.790856420993804,0.6817936897277831,2,173,common,deep rural,0,0,2,0.790856420993804,0.05371407419443101,0.066980898380279,0.088448517024517
3149,D-surf,গাধার রাগিণী,A,B,0,,0,0.25310763716697604,,0.299432963132858,0.26656708121299705,0,187,common,deep rural,0,0,2,0.25310763716697604,0.299432963132858,0.268059641122818,0.17939974367618503
3149,D-sem,গাধার রাগিণী,D,B,0,,0,0.208623498678207,,0.503999948501586,0.352849423885345,3,244,common,deep rural,0,0,2,0.14216418564319602,0.503999948501586,0.145212396979331,0.208623498678207
3149,D-hard,গাধার রাগিণী,B,C,0,C,1,0.06767667084932301,0.8017120361328121,0.8017120361328121,0.640364348888397,1,164,common,deep rural,0,0,2,0.081504672765731,0.06767667084932301,0.8017120361328121,0.049106691032648
3158,D-rand,গায়ে গু মাখলে যমও ছাড়ে না,D,D,1,,0,0.316401600837707,,0.316401600837707,0.170682042837142,3,264,common,country,0,1,6,0.31344997882843,0.183252200484275,0.18689621984958601,0.316401600837707
3158,D-lit,গায়ে গু মাখলে যমও ছাড়ে না,A,D,0,D,1,0.285472333431243,0.369127869606018,0.369127869606018,0.195893004536628,0,271,common,country,0,1,6,0.285472333431243,0.134073287248611,0.211326539516448,0.369127869606018
3158,D-surf,গায়ে গু মাখলে যমও ছাড়ে না,B,C,0,,0,0.28927677869796703,,0.317561447620391,0.18364068865776,1,298,common,country,0,1,6,0.19312590360641402,0.28927677869796703,0.317561447620391,0.20003587007522503
3158,D-sem,গায়ে গু মাখলে যমও ছাড়ে না,D,C,0,,0,0.25062957406044,,0.33617499470710704,0.24340893328189803,3,252,common,country,0,1,6,0.16875466704368502,0.244440764188766,0.33617499470710704,0.25062957406044
3158,D-hard,গায়ে গু মাখলে যমও ছাড়ে না,B,D,0,D,1,0.233367025852203,0.32044300436973505,0.32044300436973505,0.23459823429584503,1,369,common,country,0,1,6,0.150554940104484,0.233367025852203,0.29563501477241505,0.32044300436973505
3160,D-rand,গায়ে তেল হওয়া,C,D,0,,0,0.250368326902389,,0.368092715740203,0.24565127491950903,2,239,common,country,0,0,3,0.155800566077232,0.225738406181335,0.250368326902389,0.368092715740203
3160,D-lit,গায়ে তেল হওয়া,B,C,0,C,1,0.041180860251188,0.895939707756042,0.895939707756042,0.779864728450775,1,278,common,country,0,0,3,0.022757433354854,0.041180860251188,0.895939707756042,0.040122006088495005
3160,D-surf,গায়ে তেল হওয়া,A,A,1,,0,0.27250722050666804,,0.27250722050666804,0.23367121815681402,0,198,common,country,0,0,3,0.27250722050666804,0.265885233879089,0.23805093765258703,0.22355659306049303
3160,D-sem,গায়ে তেল হওয়া,C,C,1,,0,0.30999216437339705,,0.30999216437339705,0.206491529941558,2,244,common,country,0,0,3,0.26717230677604603,0.25167316198349,0.30999216437339705,0.171162396669387
3160,D-hard,গায়ে তেল হওয়া,B,C,0,C,1,0.039963822811841,0.869350492954254,0.869350492954254,0.775014758110046,1,245,common,country,0,0,3,0.046434741467237,0.039963822811841,0.869350492954254,0.044250905513763004
3162,D-rand,গায়ে পড়া,D,B,0,,0,0.276946574449539,,0.343315780162811,0.19113183021545402,3,191,common,country,0,0,2,0.142494931817054,0.343315780162811,0.237242713570594,0.276946574449539
3162,D-lit,গায়ে পড়া,C,C,1,B,0,0.39098072052001903,0.180553764104843,0.39098072052001903,0.29657840728759705,2,228,common,country,0,0,2,0.244655042886734,0.180553764104843,0.39098072052001903,0.18381045758724202
3162,D-surf,গায়ে পড়া,D,B,0,,0,0.07753276079893101,,0.49043670296669006,0.32656502723693803,3,186,common,country,0,0,2,0.355184018611907,0.49043670296669006,0.07684648782014801,0.07753276079893101
3162,D-sem,গায়ে পড়া,B,B,1,,0,0.32677015662193304,,0.32677015662193304,0.226189896464347,1,225,common,country,0,0,2,0.313995361328125,0.32677015662193304,0.17761188745498602,0.18162260949611603
3162,D-hard,গায়ে পড়া,D,D,1,A,0,0.32569938898086503,0.158685103058815,0.32569938898086503,0.210079938173294,3,240,common,country,0,0,2,0.158685103058815,0.282320976257324,0.23329453170299502,0.32569938898086503
3165,D-rand,গায়ে ফুঁ দিয়ে বেড়ানো,B,B,1,,0,0.92795729637146,,0.92795729637146,0.78502357006073,1,272,common,country,0,0,4,0.024416275322437002,0.92795729637146,0.016456743702292,0.031169619411230004
3165,D-lit,গায়ে ফুঁ দিয়ে বেড়ানো,C,B,0,B,1,0.352885484695434,0.591630339622497,0.591630339622497,0.49813064932823103,2,362,common,country,0,0,4,0.042950332164764,0.591630339622497,0.352885484695434,0.012533929198980002
3165,D-surf,গায়ে ফুঁ দিয়ে বেড়ানো,C,C,1,,0,0.8948199748992921,,0.8948199748992921,0.8020465970039361,2,351,common,country,0,0,4,0.030809823423624004,0.038871649652719005,0.8948199748992921,0.035498492419719
3165,D-sem,গায়ে ফুঁ দিয়ে বেড়ানো,B,B,1,,0,0.884634554386138,,0.884634554386138,0.777636587619781,1,303,common,country,0,0,4,0.049793671816587004,0.884634554386138,0.040361318737268004,0.025210496038198003
3165,D-hard,গায়ে ফুঁ দিয়ে বেড়ানো,B,C,0,C,1,0.441590428352355,0.5356596708297731,0.5356596708297731,0.43577337265014604,1,307,common,country,0,0,4,0.013177778571844,0.441590428352355,0.5356596708297731,0.009572174400091001
3168,D-rand,গায়ে বিষ ছড়ানো,D,B,0,,0,0.15647010505199402,,0.455160796642303,0.354083687067031,3,245,common,country,0,0,3,0.20785400271415702,0.455160796642303,0.18051514029502802,0.15647010505199402
3168,D-lit,গায়ে বিষ ছড়ানো,B,D,0,D,1,0.05536011606454801,0.7815079092979431,0.7815079092979431,0.6718706488609311,1,176,common,country,0,0,3,0.075442180037498,0.05536011606454801,0.087689764797687,0.7815079092979431
3168,D-surf,গায়ে বিষ ছড়ানো,D,A,0,,0,0.18911421298980702,,0.373733073472976,0.3104008436203,3,238,common,country,0,0,3,0.373733073472976,0.262163549661636,0.174989074468612,0.18911421298980702
3168,D-sem,গায়ে বিষ ছড়ানো,B,A,0,,0,0.22594060003757402,,0.338680952787399,0.253214985132217,1,234,common,country,0,0,3,0.338680952787399,0.22594060003757402,0.31083005666732705,0.124548405408859
3168,D-hard,গায়ে বিষ ছড়ানো,A,B,0,B,1,0.067419536411762,0.7959600090980531,0.7959600090980531,0.6882107853889461,0,215,common,country,0,0,3,0.067419536411762,0.7959600090980531,0.07542290538549401,0.061197526752948005
3212,D-rand,গিরিসঙ্কট,C,B,0,,0,0.26001450419425903,,0.39037001132965005,0.24445003271102902,2,200,rare,country,0,0,1,0.16750845313072202,0.39037001132965005,0.26001450419425903,0.18210701644420602
3212,D-lit,গিরিসঙ্কট,D,C,0,C,1,0.098103947937488,0.6832808256149291,0.6832808256149291,0.494983732700347,3,205,rare,country,0,0,1,0.11829169094562501,0.10032350569963401,0.6832808256149291,0.098103947937488
3212,D-surf,গিরিসঙ্কট,B,A,0,,0,0.21475708484649603,,0.380767673254013,0.307098060846328,1,229,rare,country,0,0,1,0.380767673254013,0.21475708484649603,0.250034302473068,0.154440954327583
3212,D-sem,গিরিসঙ্কট,C,A,0,,0,0.24531474709510803,,0.322986304759979,0.27282616496086104,2,210,rare,country,0,0,1,0.322986304759979,0.20958024263381902,0.24531474709510803,0.22211875021457603
3212,D-hard,গিরিসঙ্কট,C,D,0,D,1,0.131752550601959,0.672270953655242,0.672270953655242,0.536787450313568,2,268,rare,country,0,0,1,0.11435738205909701,0.08161903917789401,0.131752550601959,0.672270953655242
3227,D-rand,গুটিসুটি,A,A,1,,0,0.9281647205352781,,0.9281647205352781,0.760541498661041,0,275,common,country,0,0,1,0.9281647205352781,0.031609863042831005,0.018962815403938002,0.021262593567371
3227,D-lit,গুটিসুটি,B,B,1,C,0,0.587778568267822,0.38828530907630904,0.587778568267822,0.35530695319175704,1,222,common,country,0,0,1,0.012739351950585,0.587778568267822,0.38828530907630904,0.011196662671864002
3227,D-surf,গুটিসুটি,C,C,1,,0,0.944273948669433,,0.944273948669433,0.798050999641418,2,196,common,country,0,0,1,0.012860343791544,0.018159817904233003,0.944273948669433,0.024705836549401002
3227,D-sem,গুটিসুটি,D,D,1,,0,0.9504873752593991,,0.9504873752593991,0.8416039943695061,3,243,common,country,0,0,1,0.021150851622223,0.017151998355984,0.011209789663553,0.9504873752593991
3227,D-hard,গুটিসুটি,B,B,1,D,0,0.585420489311218,0.362343341112136,0.585420489311218,0.47947707772254905,1,185,common,country,0,0,1,0.035525787621736006,0.585420489311218,0.016710437834262,0.362343341112136
3237,D-rand,গুণধর,A,D,0,,0,0.29492208361625605,,0.321077823638916,0.18676991760730702,0,248,common,country,0,0,1,0.29492208361625605,0.12777204811573,0.256227970123291,0.321077823638916
3237,D-lit,গুণধর,D,B,0,B,1,0.08932959288358601,0.7945227622985841,0.7945227622985841,0.609371840953826,3,307,common,country,0,0,1,0.071782812476158,0.7945227622985841,0.044364824891090004,0.08932959288358601
3237,D-surf,গুণধর,C,C,1,,0,0.367280215024948,,0.367280215024948,0.18075385689735401,2,256,common,country,0,0,1,0.22656179964542303,0.14173421263694702,0.367280215024948,0.264423787593841
3237,D-sem,গুণধর,D,A,0,,0,0.27857324481010404,,0.29182073473930303,0.20156894624233201,3,291,common,country,0,0,1,0.29182073473930303,0.179385617375373,0.250220358371734,0.27857324481010404
3237,D-hard,গুণধর,D,B,0,B,1,0.08866205811500501,0.788604140281677,0.788604140281677,0.654229819774627,3,276,common,country,0,0,1,0.063846550881862,0.788604140281677,0.058887172490358006,0.08866205811500501
3257,D-rand,গুরুমুখী বিদ্যা,C,C,1,,0,0.869747102260589,,0.869747102260589,0.7147532105445861,2,289,rare,deep rural,0,1,2,0.068765096366405,0.035402875393629005,0.869747102260589,0.026084972545504
3257,D-lit,গুরুমুখী বিদ্যা,B,D,0,D,1,0.311621516942977,0.668506979942321,0.668506979942321,0.6264821887016291,1,287,rare,deep rural,0,1,2,0.008999313227832,0.311621516942977,0.010872157290577,0.668506979942321
3257,D-surf,গুরুমুখী বিদ্যা,A,B,0,,0,0.339271694421768,,0.409430474042892,0.36424812674522405,0,296,rare,deep rural,0,1,2,0.339271694421768,0.409430474042892,0.059313561767339006,0.19198425114154802
3257,D-sem,গুরুমুখী বিদ্যা,C,C,1,,0,0.8939749002456661,,0.8939749002456661,0.7403544187545771,2,284,rare,deep rural,0,1,2,0.028242016211152004,0.039766315370798,0.8939749002456661,0.038016743957996
3257,D-hard,গুরুমুখী বিদ্যা,A,B,0,B,1,0.225545406341552,0.476991981267929,0.476991981267929,0.471352100372314,0,218,rare,deep rural,0,1,2,0.225545406341552,0.476991981267929,0.28815844655036904,0.00930418819189
3265,D-rand,গুলবদন,A,D,0,,0,0.32023963332176203,,0.323764711618423,0.236137256026268,0,250,rare,country,1,0,1,0.32023963332176203,0.163071125745773,0.19292457401752403,0.323764711618423
3265,D-lit,গুলবদন,B,D,0,D,1,0.24190470576286302,0.36661463975906305,0.36661463975906305,0.24393273890018402,1,232,rare,country,1,0,1,0.22233243286609602,0.24190470576286302,0.169148281216621,0.36661463975906305
3265,D-surf,গুলবদন,D,D,1,,0,0.35035023093223505,,0.35035023093223505,0.21460053324699402,3,202,rare,country,1,0,1,0.12265881150960901,0.22867789864540103,0.298313081264495,0.35035023093223505
3265,D-sem,গুলবদন,D,A,0,,0,0.18116900324821403,,0.6652622222900391,0.432844161987304,3,165,rare,country,1,0,1,0.6652622222900391,0.06951321661472301,0.08405560255050601,0.18116900324821403
3265,D-hard,গুলবদন,A,C,0,C,1,0.31636705994606,0.42938646674156106,0.42938646674156106,0.24181319773197102,0,173,rare,country,1,0,1,0.31636705994606,0.11799831688404001,0.42938646674156106,0.13624820113182
3266,D-rand,গুলবাহার,B,C,0,,0,0.10182920098304701,,0.318159192800521,0.163860693573951,1,278,common,country,1,0,1,0.264001995325088,0.10182920098304701,0.318159192800521,0.31600961089134205
3266,D-lit,গুলবাহার,A,D,0,D,1,0.008515027351677001,0.9013118743896481,0.9013118743896481,0.7908464670181271,0,252,common,country,1,0,1,0.008515027351677001,0.017696853727102002,0.07247617840766901,0.9013118743896481
3266,D-surf,গুলবাহার,D,C,0,,0,0.066969081759452,,0.35078316926956105,0.202546939253807,3,333,common,country,1,0,1,0.27870887517929,0.303538769483566,0.35078316926956105,0.066969081759452
3266,D-sem,গুলবাহার,B,C,0,,0,0.103849902749061,,0.361478865146636,0.19730532169342002,1,194,common,country,1,0,1,0.299859702587127,0.103849902749061,0.361478865146636,0.23481151461601202
3266,D-hard,গুলবাহার,B,D,0,D,1,0.008427831344306,0.9365627169609071,0.9365627169609071,0.7959346175193781,1,195,common,country,1,0,1,0.013875941745936001,0.008427831344306,0.041133511811494,0.9365627169609071
3285,D-rand,গেঁতো,B,C,0,,0,0.22698982059955503,,0.37702944874763406,0.289651930332183,1,238,common,country,0,0,1,0.21234072744846302,0.22698982059955503,0.37702944874763406,0.183639988303184
3285,D-lit,গেঁতো,D,C,0,A,0,0.19622880220413202,0.204958707094192,0.43382462859153703,0.258566737174987,3,214,common,country,0,0,1,0.204958707094192,0.16498792171478202,0.43382462859153703,0.19622880220413202
3285,D-surf,গেঁতো,C,A,0,,0,0.29507908225059504,,0.313611090183258,0.222915306687355,2,192,common,country,0,0,1,0.313611090183258,0.21153880655765503,0.29507908225059504,0.17977099120616902
3285,D-sem,গেঁতো,C,A,0,,0,0.22630736231803802,,0.365922212600708,0.325080931186676,2,229,common,country,0,0,1,0.365922212600708,0.314760714769363,0.22630736231803802,0.09300973266363101
3285,D-hard,গেঁতো,B,D,0,C,0,0.27140152454376204,0.23511105775833102,0.30667597055435103,0.18735666573047602,1,195,common,country,0,0,1,0.18681146204471502,0.27140152454376204,0.23511105775833102,0.30667597055435103
3288,D-rand,গেছো মেয়ে,A,B,0,,0,0.24584826827049203,,0.271907180547714,0.18999424576759302,0,335,common,country,0,0,2,0.24584826827049203,0.271907180547714,0.24686875939369202,0.23537585139274503
3288,D-lit,গেছো মেয়ে,D,A,0,A,1,0.042689658701419005,0.8847746849060051,0.8847746849060051,0.7701837420463561,3,257,common,country,0,0,2,0.8847746849060051,0.046612463891506,0.025923209264874,0.042689658701419005
3288,D-surf,গেছো মেয়ে,D,A,0,,0,0.066645197570323,,0.80833226442337,0.527978897094726,3,302,common,country,0,0,2,0.80833226442337,0.08603136241436,0.038991164416074,0.066645197570323
3288,D-sem,গেছো মেয়ে,C,D,0,,0,0.254639476537704,,0.33675074577331504,0.209758952260017,2,200,common,country,0,0,2,0.268412828445434,0.140196979045867,0.254639476537704,0.33675074577331504
3288,D-hard,গেছো মেয়ে,C,A,0,A,1,0.043582167476415,0.8790990710258481,0.8790990710258481,0.662384092807769,2,282,common,country,0,0,2,0.8790990710258481,0.02399668097496,0.043582167476415,0.053322061896324005
3292,D-rand,কপালের গেরো,A,C,0,,0,0.24076361954212103,,0.30076315999031,0.20596101880073503,0,194,common,country,0,1,2,0.24076361954212103,0.17257782816886902,0.30076315999031,0.285895377397537
3292,D-lit,কপালের গেরো,C,A,0,A,1,0.11500559002161001,0.417904704809188,0.417904704809188,0.181152179837226,2,271,common,country,0,1,2,0.417904704809188,0.39933565258979803,0.11500559002161001,0.067754074931144
3292,D-surf,কপালের গেরো,A,B,0,,0,0.159022897481918,,0.340789586305618,0.232642263174057,0,230,common,country,0,1,2,0.159022897481918,0.340789586305618,0.24508179724216403,0.255105763673782
3292,D-sem,কপালের গেরো,B,C,0,,0,0.215706959366798,,0.35736799240112305,0.299450546503067,1,289,common,country,0,1,2,0.18562346696853602,0.215706959366798,0.35736799240112305,0.241301625967025
3292,D-hard,কপালের গেরো,C,B,0,B,1,0.145680204033851,0.493928104639053,0.493928104639053,0.29458513855934104,2,238,common,country,0,1,2,0.20250238478183702,0.493928104639053,0.145680204033851,0.15788926184177401
3297,D-rand,গোঙ্গা ছেলের নাম তর্কবাগিশ,D,B,0,,0,0.349944978952407,,0.36436441540718,0.16617316007614102,3,263,common,country,0,0,4,0.086923360824584,0.36436441540718,0.19876724481582603,0.349944978952407
3297,D-lit,গোঙ্গা ছেলের নাম তর্কবাগিশ,B,C,0,C,1,0.04803571850061401,0.919224262237548,0.919224262237548,0.7786210775375361,1,333,common,country,0,0,4,0.017644356936216,0.04803571850061401,0.919224262237548,0.015095653012394001
3297,D-surf,গোঙ্গা ছেলের নাম তর্কবাগিশ,A,C,0,,0,0.273886531591415,,0.351562410593032,0.28262811899185103,0,319,common,country,0,0,4,0.273886531591415,0.17847189307212802,0.351562410593032,0.19607914984226202
3297,D-sem,গোঙ্গা ছেলের নাম তর্কবাগিশ,C,C,1,,0,0.42909955978393505,,0.42909955978393505,0.258095473051071,2,253,common,country,0,0,4,0.200624421238899,0.251851558685302,0.42909955978393505,0.11842446774244302
3297,D-hard,গোঙ্গা ছেলের নাম তর্কবাগিশ,C,A,0,A,1,0.037243116647005005,0.9177494645118711,0.9177494645118711,0.764678239822387,2,315,common,country,0,0,4,0.9177494645118711,0.014425383880734001,0.037243116647005005,0.03058204986155
3309,D-rand,গোগ্রাস,C,A,0,,0,0.22485969960689503,,0.28098154067993103,0.19205273687839503,2,281,rare,deep rural,0,1,1,0.28098154067993103,0.21983888745307903,0.22485969960689503,0.274319857358932
3309,D-lit,গোগ্রাস,C,A,0,A,1,0.067753732204437,0.49972561001777605,0.49972561001777605,0.330101281404495,2,233,rare,deep rural,0,1,1,0.49972561001777605,0.261298507452011,0.067753732204437,0.171222105622291
3309,D-surf,গোগ্রাস,A,A,1,,0,0.35399314761161804,,0.35399314761161804,0.24269478023052202,0,185,rare,deep rural,0,1,1,0.35399314761161804,0.218517333269119,0.307306408882141,0.12018308788537901
3309,D-sem,গোগ্রাস,B,D,0,,0,0.18084779381752,,0.546088755130767,0.511760711669921,1,219,rare,deep rural,0,1,1,0.19616103172302202,0.18084779381752,0.07690239697694701,0.546088755130767
3309,D-hard,গোগ্রাস,C,A,0,A,1,0.098578304052352,0.7270519733428951,0.7270519733428951,0.5306845307350151,2,214,rare,deep rural,0,1,1,0.7270519733428951,0.07840392738580701,0.098578304052352,0.095965832471847
3323,D-rand,গোড়া মারা,C,A,0,,0,0.22328130900859802,,0.316411256790161,0.18159919977188102,2,187,common,deep rural,0,0,2,0.316411256790161,0.17813412845134702,0.22328130900859802,0.28217327594757
3323,D-lit,গোড়া মারা,A,C,0,C,1,0.028604216873645002,0.925097584724426,0.925097584724426,0.791059374809265,0,262,common,deep rural,0,0,2,0.028604216873645002,0.031875569373369,0.925097584724426,0.014422607608139001
3323,D-surf,গোড়া মারা,A,C,0,,0,0.19771800935268402,,0.299534291028976,0.219478875398635,0,204,common,deep rural,0,0,2,0.19771800935268402,0.228606864809989,0.299534291028976,0.274140864610672
3323,D-sem,গোড়া মারা,C,B,0,,0,0.160398781299591,,0.44653937220573403,0.201338067650794,2,181,common,deep rural,0,0,2,0.11409106850624001,0.44653937220573403,0.160398781299591,0.278970807790756
3323,D-hard,গোড়া মারা,C,A,0,A,1,0.026953952386975,0.875467896461486,0.875467896461486,0.694823920726776,2,190,common,deep rural,0,0,2,0.875467896461486,0.079653613269329,0.026953952386975,0.017924569547176
3331,D-rand,গোদা বাংলা,D,D,1,,0,0.5509926676750181,,0.5509926676750181,0.329335451126098,3,177,common,country,0,0,2,0.064139232039451,0.211351975798606,0.17351610958576202,0.5509926676750181
3331,D-lit,গোদা বাংলা,C,D,0,D,1,0.324248880147933,0.556021034717559,0.556021034717559,0.327168703079223,2,276,common,country,0,0,2,0.05555328726768401,0.06417679041624,0.324248880147933,0.556021034717559
3331,D-surf,গোদা বাংলা,B,D,0,,0,0.39257580041885304,,0.48904171586036604,0.247894793748855,1,202,common,country,0,0,2,0.050631675869226005,0.39257580041885304,0.067750759422779,0.48904171586036604
3331,D-sem,গোদা বাংলা,B,D,0,,0,0.26190376281738204,,0.35486000776290805,0.262399584054946,1,200,common,country,0,0,2,0.256877273321151,0.26190376281738204,0.12635895609855602,0.35486000776290805
3331,D-hard,গোদা বাংলা,A,D,0,D,1,0.27445358037948603,0.338315904140472,0.338315904140472,0.193496361374855,0,185,common,country,0,0,2,0.27445358037948603,0.09521666169166501,0.292013794183731,0.338315904140472
3346,D-rand,গোমূর্খ,B,B,1,,0,0.7640641927719111,,0.7640641927719111,0.6191136837005611,1,233,common,country,0,0,1,0.06898961961269301,0.7640641927719111,0.09411771595478001,0.072828501462936
3346,D-lit,গোমূর্খ,D,C,0,C,1,0.32758980989456105,0.5928375720977781,0.5928375720977781,0.39694106578826904,3,196,common,country,0,0,1,0.045558873564004,0.034013744443655,0.5928375720977781,0.32758980989456105
3346,D-surf,গোমূর্খ,C,C,1,,0,0.6723363399505611,,0.6723363399505611,0.5275946855545041,2,277,common,country,0,0,1,0.124269172549247,0.07938253879547101,0.6723363399505611,0.12401196360588002
3346,D-sem,গোমূর্খ,B,D,0,,0,0.41103759407997104,,0.5386803746223451,0.39835882186889604,1,234,common,country,0,0,1,0.023696776479482002,0.41103759407997104,0.026585290208458002,0.5386803746223451
3346,D-hard,গোমূর্খ,C,B,0,B,1,0.260628432035446,0.662965774536132,0.662965774536132,0.45617434382438604,2,230,common,country,0,0,1,0.042392879724502,0.662965774536132,0.260628432035446,0.034012954682111005
3357,D-rand,গোল লাগা,B,A,0,,0,0.14732310175895602,,0.40857082605361905,0.33505427837371804,1,181,common,country,0,0,2,0.40857082605361905,0.14732310175895602,0.26447570323944003,0.179630324244499
3357,D-lit,গোল লাগা,C,B,0,B,1,0.002065520733594,0.9931865930557251,0.9931865930557251,0.9008872509002681,2,229,common,country,0,0,2,0.002868345240131,0.9931865930557251,0.002065520733594,0.001879501855
3357,D-surf,গোল লাগা,C,D,0,,0,0.087582938373088,,0.5846318602561951,0.37487548589706404,2,205,common,country,0,0,2,0.17170397937297802,0.156081229448318,0.087582938373088,0.5846318602561951
3357,D-sem,গোল লাগা,D,A,0,,0,0.161695122718811,,0.29633691906929005,0.21110908687114702,3,200,common,country,0,0,2,0.29633691906929005,0.29104641079902605,0.25092148780822704,0.161695122718811
3357,D-hard,গোল লাগা,C,A,0,A,1,0.002229449572041,0.968069612979888,0.968069612979888,0.8750954270362851,2,233,common,country,0,0,2,0.968069612979888,0.027509244158864,0.002229449572041,0.0021916693076490003
3369,D-rand,গোলমেলে ব্যাপার,C,C,1,,0,0.633708357810974,,0.633708357810974,0.477839708328247,2,230,common,country,0,0,2,0.171078652143478,0.13734029233455602,0.633708357810974,0.057872693985700004
3369,D-lit,গোলমেলে ব্যাপার,A,D,0,D,1,0.23739425837993602,0.6942094564437861,0.6942094564437861,0.5891678929328911,0,255,common,country,0,0,2,0.23739425837993602,0.021053371950984,0.047342874109745005,0.6942094564437861
3369,D-surf,গোলমেলে ব্যাপার,D,D,1,,0,0.42073059082031206,,0.42073059082031206,0.294290274381637,3,389,common,country,0,0,2,0.235279157757759,0.11124838143587101,0.23274186253547602,0.42073059082031206
3369,D-sem,গোলমেলে ব্যাপার,C,C,1,,0,0.568450391292572,,0.568450391292572,0.364452719688415,2,232,common,country,0,0,2,0.337579876184463,0.027604488655924003,0.568450391292572,0.066365182399749
3369,D-hard,গোলমেলে ব্যাপার,D,C,0,C,1,0.24466212093830103,0.667690813541412,0.667690813541412,0.49574527144432,3,418,common,country,0,0,2,0.022949676960706003,0.06469740718603101,0.667690813541412,0.24466212093830103
3416,D-rand,ঘনঘোর,D,C,0,,0,0.134473636746406,,0.555115044116973,0.39250606298446605,3,216,common,country,1,0,1,0.200037822127342,0.11037351191043801,0.555115044116973,0.134473636746406
3416,D-lit,ঘনঘোর,C,A,0,A,1,0.038615256547927,0.888859510421752,0.888859510421752,0.7756693363189691,2,187,common,country,1,0,1,0.888859510421752,0.038856137543916,0.038615256547927,0.033669102936983004
3416,D-surf,ঘনঘোর,A,D,0,,0,0.18953579664230302,,0.370985031127929,0.232453525066375,0,197,common,country,1,0,1,0.18953579664230302,0.107178650796413,0.33230051398277205,0.370985031127929
3416,D-sem,ঘনঘোর,A,C,0,,0,0.10371123999357201,,0.6247757673263551,0.473448067903518,0,156,common,country,1,0,1,0.10371123999357201,0.126462057232856,0.6247757673263551,0.14505101740360202
3416,D-hard,ঘনঘোর,B,C,0,C,1,0.042817514389753,0.8467725515365601,0.8467725515365601,0.783987700939178,1,226,common,country,1,0,1,0.067784689366817,0.042817514389753,0.8467725515365601,0.042625188827514
3430,D-rand,ঘরপোড়া গরু,A,B,0,,0,0.22228293120861,,0.38372534513473505,0.29936814308166504,0,239,common,deep rural,0,0,2,0.22228293120861,0.38372534513473505,0.179802492260932,0.21418926119804302
3430,D-lit,ঘরপোড়া গরু,C,A,0,A,1,0.0037675055209540004,0.9838531017303461,0.9838531017303461,0.9065312743186951,2,235,common,deep rural,0,0,2,0.9838531017303461,0.008505797944962,0.0037675055209540004,0.003873578971251
3430,D-surf,ঘরপোড়া গরু,B,D,0,,0,0.16089028120040802,,0.45253965258598305,0.38597407937049805,1,297,common,deep rural,0,0,2,0.22034318745136203,0.16089028120040802,0.16622680425643901,0.45253965258598305
3430,D-sem,ঘরপোড়া গরু,D,A,0,,0,0.17184691131114901,,0.32709348201751703,0.37294194102287204,3,225,common,deep rural,0,0,2,0.32709348201751703,0.24836406111717202,0.25269553065299905,0.17184691131114901
3430,D-hard,ঘরপোড়া গরু,C,B,0,B,1,0.003913873806595,0.9881479144096371,0.9881479144096371,0.9095880985260011,2,295,common,deep rural,0,0,2,0.004210062790662,0.9881479144096371,0.003913873806595,0.0037281892728060003
3432,D-rand,ঘর বাঁধা,D,C,0,,0,0.11574950069189001,,0.40178757905960005,0.259169280529022,3,189,very common,country,0,0,2,0.24284088611602703,0.23962210118770602,0.40178757905960005,0.11574950069189001
3432,D-lit,ঘর বাঁধা,D,B,0,B,1,0.01006881520152,0.9334529042243951,0.9334529042243951,0.7447983622550961,3,167,very common,country,0,0,2,0.020150352269411,0.9334529042243951,0.036327932029962005,0.01006881520152
3432,D-surf,ঘর বাঁধা,D,B,0,,0,0.14304314553737602,,0.352920532226562,0.23764386773109403,3,303,very common,country,0,0,2,0.27322727441787703,0.352920532226562,0.230809092521667,0.14304314553737602
3432,D-sem,ঘর বাঁধা,A,C,0,,0,0.24977675080299303,,0.330168008804321,0.20570881664752902,0,155,very common,country,0,0,2,0.24977675080299303,0.24302497506141602,0.330168008804321,0.177030205726623
3432,D-hard,ঘর বাঁধা,A,C,0,C,1,0.012294350191950002,0.938486576080322,0.938486576080322,0.8156222701072691,0,211,very common,country,0,0,2,0.012294350191950002,0.025534253567457,0.938486576080322,0.023684818297624
3435,D-rand,ঘর বোঝা,B,B,1,,0,0.602069497108459,,0.602069497108459,0.44503295421600303,1,245,common,country,0,0,2,0.081540755927562,0.602069497108459,0.210793033242225,0.105596654117107
3435,D-lit,ঘর বোঝা,D,C,0,C,1,0.023775778710842,0.9671853184700011,0.9671853184700011,0.863232970237731,3,219,common,country,0,0,2,0.004105079919099,0.004933839663863001,0.9671853184700011,0.023775778710842
3435,D-surf,ঘর বোঝা,B,B,1,,0,0.738022804260253,,0.738022804260253,0.597203075885772,1,249,common,country,0,0,2,0.094418242573738,0.738022804260253,0.10821983218193001,0.059339132159948
3435,D-sem,ঘর বোঝা,B,B,1,,0,0.7920148372650141,,0.7920148372650141,0.6142917275428771,1,186,common,country,0,0,2,0.07514625787734901,0.7920148372650141,0.057161107659339,0.07567781209945601
3435,D-hard,ঘর বোঝা,D,B,0,B,1,0.021641224622726003,0.9627296328544611,0.9627296328544611,0.9076184034347531,3,211,common,country,0,0,2,0.013116492889821,0.9627296328544611,0.002512563252821,0.021641224622726003
3436,D-rand,ঘর ভাঙ্গা,B,C,0,,0,0.193693354725837,,0.341535717248916,0.25115200877189603,1,221,common,country,0,0,2,0.23732741177082,0.193693354725837,0.341535717248916,0.22744354605674702
3436,D-lit,ঘর ভাঙ্গা,B,C,0,C,1,0.017927832901477002,0.9052237272262571,0.9052237272262571,0.8053090572357171,1,245,common,country,0,0,2,0.025312343612313003,0.017927832901477002,0.9052237272262571,0.051536053419113007
3436,D-surf,ঘর ভাঙ্গা,B,C,0,,0,0.2622030377388,,0.271857172250747,0.24040363729000003,1,261,common,country,0,0,2,0.26586970686912503,0.2622030377388,0.271857172250747,0.20007008314132602
3436,D-sem,ঘর ভাঙ্গা,C,A,0,,0,0.178965359926223,,0.5241650342941281,0.37177091836929305,2,239,common,country,0,0,2,0.5241650342941281,0.14957647025585102,0.178965359926223,0.14729316532611803
3436,D-hard,ঘর ভাঙ্গা,C,A,0,A,1,0.020749788731336,0.95255023241043,0.95255023241043,0.7976827621459961,2,257,common,country,0,0,2,0.95255023241043,0.010835098102688,0.020749788731336,0.015864888206124
3475,D-rand,ঘর্মাক্ত কলেবর,B,B,1,,0,0.35305267572402904,,0.35305267572402904,0.23687334358692103,1,217,common,country,0,0,2,0.21283122897148102,0.35305267572402904,0.204541787505149,0.22957427799701602
3475,D-lit,ঘর্মাক্ত কলেবর,B,B,1,B,1,0.34983167052268904,0.34983167052268904,0.34983167052268904,0.19353237748146002,1,289,common,country,0,0,2,0.296825766563415,0.34983167052268904,0.21339987218379902,0.13994267582893302
3475,D-surf,ঘর্মাক্ত কলেবর,B,B,1,,0,0.35861000418663,,0.35861000418663,0.19015739858150402,1,226,common,country,0,0,2,0.279417097568511,0.35861000418663,0.130414113402366,0.231558814644813
3475,D-sem,ঘর্মাক্ত কলেবর,B,A,0,,0,0.019628060981631,,0.834518611431121,0.7160928845405571,1,277,common,country,0,0,2,0.834518611431121,0.019628060981631,0.030799027532339002,0.115054287016391
3475,D-hard,ঘর্মাক্ত কলেবর,B,C,0,B,0,0.24055753648281003,0.24055753648281003,0.37758356332778903,0.189570292830467,1,274,common,country,0,0,2,0.182801529765129,0.24055753648281003,0.37758356332778903,0.19905729591846402
3485,D-rand,ঘা মারা,A,B,0,,0,0.28144627809524503,,0.42085394263267506,0.276842445135116,0,228,rare,country,0,0,2,0.28144627809524503,0.42085394263267506,0.21470582485198902,0.082993917167186
3485,D-lit,ঘা মারা,C,A,0,A,1,0.010113517753779,0.9744408130645751,0.9744408130645751,0.852896213531494,2,199,rare,country,0,0,2,0.9744408130645751,0.009004942141473,0.010113517753779,0.006440681405365
3485,D-surf,ঘা মারা,B,D,0,,0,0.23832014203071503,,0.34873411059379505,0.28350037336349404,1,189,rare,country,0,0,2,0.16033950448036102,0.23832014203071503,0.252606242895126,0.34873411059379505
3485,D-sem,ঘা মারা,B,B,1,,0,0.31046512722969,,0.31046512722969,0.23676450550556102,1,194,rare,country,0,0,2,0.22805444896221103,0.31046512722969,0.21256141364574402,0.24891902506351402
3485,D-hard,ঘা মারা,A,D,0,D,1,0.010698109865188,0.9717854857444761,0.9717854857444761,0.84531420469284,0,166,rare,country,0,0,2,0.010698109865188,0.009916433133184,0.007599947974085,0.9717854857444761
3495,D-rand,ঘাটের কড়ি,A,A,1,,0,0.7021984457969661,,0.7021984457969661,0.43753644824028004,0,233,common,country,0,0,2,0.7021984457969661,0.084452040493488,0.14321865141391701,0.07013086229562701
3495,D-lit,ঘাটের কড়ি,D,A,0,A,1,0.05311236903071401,0.9256565570831291,0.9256565570831291,0.791950285434722,3,256,common,country,0,0,2,0.9256565570831291,0.015324880369007001,0.005906174890697001,0.05311236903071401
3495,D-surf,ঘাটের কড়ি,C,C,1,,0,0.49659895896911604,,0.49659895896911604,0.31999963521957403,2,193,common,country,0,0,2,0.32380989193916304,0.116244822740554,0.49659895896911604,0.06334633380174601
3495,D-sem,ঘাটের কড়ি,A,A,1,,0,0.622751891613006,,0.622751891613006,0.39821183681488004,0,200,common,country,0,0,2,0.622751891613006,0.086206138134002,0.134078189730644,0.15696382522583002
3495,D-hard,ঘাটের কড়ি,B,A,0,A,1,0.050574809312820004,0.9351859688758851,0.9351859688758851,0.800522327423095,1,230,common,country,0,0,2,0.9351859688758851,0.050574809312820004,0.009065754711627001,0.005173435900360001
3551,D-rand,ঘুঘু চরা (ভিটেয়),D,C,0,,0,0.15168356895446702,,0.421766579151153,0.258166283369064,3,262,rare,deep rural,0,0,3,0.173153042793273,0.253396779298782,0.421766579151153,0.15168356895446702
3551,D-lit,ঘুঘু চরা (ভিটেয়),A,D,0,D,1,0.003199595259502,0.9875082373619081,0.9875082373619081,0.8840333819389341,0,272,rare,deep rural,0,0,3,0.003199595259502,0.003438716055825,0.005853496491909,0.9875082373619081
3551,D-surf,ঘুঘু চরা (ভিটেয়),A,B,0,,0,0.037339802831411,,0.69330096244812,0.501391530036926,0,259,rare,deep rural,0,0,3,0.037339802831411,0.69330096244812,0.034574568271636005,0.234784722328186
3551,D-sem,ঘুঘু চরা (ভিটেয়),B,A,0,,0,0.25832512974739,,0.38944536447525,0.18916004896163902,1,223,rare,deep rural,0,0,3,0.38944536447525,0.25832512974739,0.12411767989397,0.228111833333969
3551,D-hard,ঘুঘু চরা (ভিটেয়),C,B,0,B,1,0.0032396535389120004,0.9904816746711731,0.9904816746711731,0.896167397499084,2,216,rare,deep rural,0,0,3,0.0045516942627720006,0.9904816746711731,0.0032396535389120004,0.0017270080279550002
3556,D-rand,ঘুঘুর ফাঁদ,C,A,0,,0,0.320730060338974,,0.33261871337890603,0.18689104914665203,2,209,rare,country,0,0,2,0.33261871337890603,0.23238927125930703,0.320730060338974,0.114261925220489
3556,D-lit,ঘুঘুর ফাঁদ,B,D,0,D,1,0.023683425039052002,0.9438195824623101,0.9438195824623101,0.8603047728538511,1,192,rare,country,0,0,2,0.021929666399955,0.023683425039052002,0.010567284189164,0.9438195824623101
3556,D-surf,ঘুঘুর ফাঁদ,B,A,0,,0,0.330211043357849,,0.391362428665161,0.27567309141159,1,217,rare,country,0,0,2,0.391362428665161,0.330211043357849,0.16401332616806003,0.11441319435834801
3556,D-sem,ঘুঘুর ফাঁদ,D,D,1,,0,0.32833468914031905,,0.32833468914031905,0.24153640866279602,3,260,rare,country,0,0,2,0.273674398660659,0.205386534333229,0.19260436296463002,0.32833468914031905
3556,D-hard,ঘুঘুর ফাঁদ,B,C,0,C,1,0.037008486688137006,0.9264245033264161,0.9264245033264161,0.8034783601760861,1,157,rare,country,0,0,2,0.022266132757067,0.037008486688137006,0.9264245033264161,0.014300887472927001
3563,D-rand,ঘুণাক্ষর,A,A,1,,0,0.5331100821495051,,0.5331100821495051,0.39681375026702803,0,218,common,country,0,0,1,0.5331100821495051,0.16210485994815801,0.17636764049530002,0.12841741740703502
3563,D-lit,ঘুণাক্ষর,A,C,0,C,1,0.09648319333791701,0.83265221118927,0.83265221118927,0.62951111793518,0,287,common,country,0,0,1,0.09648319333791701,0.04204803705215401,0.83265221118927,0.028816556558012
3563,D-surf,ঘুণাক্ষর,C,C,1,,0,0.531607329845428,,0.531607329845428,0.393668115139007,2,153,common,country,0,0,1,0.11856577545404401,0.20782758295536002,0.531607329845428,0.14199933409690801
3563,D-sem,ঘুণাক্ষর,A,A,1,,0,0.390258163213729,,0.390258163213729,0.35241174697875904,0,181,common,country,0,0,1,0.390258163213729,0.32212600111961304,0.132510662078857,0.15510515868663702
3563,D-hard,ঘুণাক্ষর,D,A,0,A,1,0.09896477311849501,0.791971564292907,0.791971564292907,0.57531988620758,3,266,common,country,0,0,1,0.791971564292907,0.045035950839519,0.06402771919965701,0.09896477311849501
3569,D-rand,ঘুরঘুট্টি,C,C,1,,0,0.594670355319976,,0.594670355319976,0.419166982173919,2,241,rare,country,0,0,1,0.159033104777336,0.12025872617959901,0.594670355319976,0.12603779137134502
3569,D-lit,ঘুরঘুট্টি,A,C,0,C,1,0.274044960737228,0.571205556392669,0.571205556392669,0.43572196364402704,0,249,rare,country,0,0,1,0.274044960737228,0.08774474263191201,0.571205556392669,0.067004829645156
3569,D-surf,ঘুরঘুট্টি,D,D,1,,0,0.6096473336219781,,0.6096473336219781,0.472020506858825,3,248,rare,country,0,0,1,0.169106781482696,0.059600252658128,0.16164563596248602,0.6096473336219781
3569,D-sem,ঘুরঘুট্টি,C,C,1,,0,0.621933221817016,,0.621933221817016,0.47100281715393005,2,237,rare,country,0,0,1,0.126494616270065,0.12141017615795101,0.621933221817016,0.13016198575496601
3569,D-hard,ঘুরঘুট্টি,A,B,0,B,1,0.258486151695251,0.598240911960601,0.598240911960601,0.437392592430114,0,270,rare,country,0,0,1,0.258486151695251,0.598240911960601,0.068563289940357,0.07470963150262801
3591,D-rand,ঘেউঘেউ,C,D,0,,0,0.204753935337066,,0.355644732713699,0.25347682833671503,2,263,common,country,0,0,1,0.31014800071716303,0.129453405737876,0.204753935337066,0.355644732713699
3591,D-lit,ঘেউঘেউ,A,B,0,D,0,0.25566831231117204,0.21434679627418501,0.31011044979095403,0.20404058694839403,0,194,common,country,0,0,1,0.25566831231117204,0.31011044979095403,0.21987444162368702,0.21434679627418501
3591,D-surf,ঘেউঘেউ,D,A,0,,0,0.19635911285877203,,0.36365780234336803,0.20314784348011,3,280,common,country,0,0,1,0.36365780234336803,0.282431691884994,0.15755140781402502,0.19635911285877203
3591,D-sem,ঘেউঘেউ,A,B,0,,0,0.24401849508285503,,0.342833906412124,0.24056512117385803,0,219,common,country,0,0,1,0.24401849508285503,0.342833906412124,0.20581009984016402,0.207337483763694
3591,D-hard,ঘেউঘেউ,A,A,1,D,0,0.275792688131332,0.23121942579746202,0.275792688131332,0.185034126043319,0,251,common,country,0,0,1,0.275792688131332,0.270520001649856,0.22246789932250902,0.23121942579746202
3619,D-rand,ঘোল খাওয়ানো,C,A,0,,0,0.238392040133476,,0.38353687524795504,0.227049276232719,2,241,common,country,0,0,2,0.38353687524795504,0.235609248280525,0.238392040133476,0.14246186614036502
3619,D-lit,ঘোল খাওয়ানো,D,C,0,C,1,0.047171194106340006,0.725196719169616,0.725196719169616,0.559927284717559,3,285,common,country,0,0,2,0.17678013443946802,0.050851970911026,0.725196719169616,0.047171194106340006
3619,D-surf,ঘোল খাওয়ানো,C,A,0,,0,0.21323415637016202,,0.29032653570175104,0.23469884693622503,2,230,common,country,0,0,2,0.29032653570175104,0.262177377939224,0.21323415637016202,0.23426197469234403
3619,D-sem,ঘোল খাওয়ানো,A,A,1,,0,0.268329292535781,,0.268329292535781,0.17330108582973403,0,234,common,country,0,0,2,0.268329292535781,0.21886856853961903,0.26181647181510903,0.25098568201065
3619,D-hard,ঘোল খাওয়ানো,B,A,0,A,1,0.045664422214031004,0.8431459069252011,0.8431459069252011,0.746837079524993,1,265,common,country,0,0,2,0.8431459069252011,0.045664422214031004,0.05485912412405,0.056330546736717
3625,D-rand,ঘ্যাঁট,A,C,0,,0,0.20796428620815202,,0.31976464390754705,0.21672074496746002,0,222,common,country,0,0,1,0.20796428620815202,0.264319479465484,0.31976464390754705,0.207951575517654
3625,D-lit,ঘ্যাঁট,A,B,0,C,0,0.235818237066268,0.260944217443466,0.37473922967910706,0.222625613212585,0,254,common,country,0,0,1,0.235818237066268,0.37473922967910706,0.260944217443466,0.128498300909996
3625,D-surf,ঘ্যাঁট,C,A,0,,0,0.186710551381111,,0.307797402143478,0.19931541383266402,2,207,common,country,0,0,1,0.307797402143478,0.25808897614479004,0.186710551381111,0.247403025627136
3625,D-sem,ঘ্যাঁট,B,C,0,,0,0.234604269266128,,0.29474139213562,0.161285817623138,1,196,common,country,0,0,1,0.29025840759277305,0.234604269266128,0.29474139213562,0.18039587140083302
3625,D-hard,ঘ্যাঁট,D,B,0,C,0,0.152103587985038,0.21216805279254902,0.449798345565795,0.28862321376800504,3,212,common,country,0,0,1,0.18593001365661602,0.449798345565795,0.21216805279254902,0.152103587985038
3630,D-rand,চকবন্দী জমি,D,D,1,,0,0.5726765990257261,,0.5726765990257261,0.37725728750228804,3,222,common,deep rural,1,0,2,0.118696689605712,0.102034740149974,0.206591948866844,0.5726765990257261
3630,D-lit,চকবন্দী জমি,B,D,0,D,1,0.032289791852235,0.9597782492637631,0.9597782492637631,0.7994925379753111,1,259,common,deep rural,1,0,2,0.003947759512811001,0.032289791852235,0.003984151873737,0.9597782492637631
3630,D-surf,চকবন্দী জমি,A,C,0,,0,0.163334146142005,,0.705457150936126,0.5336140990257261,0,250,common,deep rural,1,0,2,0.163334146142005,0.111821889877319,0.705457150936126,0.01938678510487
3630,D-sem,চকবন্দী জমি,C,B,0,,0,0.31946942210197404,,0.5870169997215271,0.268003910779953,2,211,common,deep rural,1,0,2,0.040046121925115,0.5870169997215271,0.31946942210197404,0.053467445075511
3630,D-hard,চকবন্দী জমি,D,A,0,A,1,0.044079586863517005,0.942604184150695,0.942604184150695,0.7620885968208311,3,233,common,deep rural,1,0,2,0.942604184150695,0.006464438512921,0.006851851008832,0.044079586863517005
3652,D-rand,চক্ষু থেকেও অন্ধ,C,D,0,,0,0.26009908318519503,,0.396282583475112,0.18582364916801403,2,234,very common,country,0,0,3,0.187313139438629,0.15630511939525601,0.26009908318519503,0.396282583475112
3652,D-lit,চক্ষু থেকেও অন্ধ,A,D,0,D,1,0.07569625228643401,0.825081348419189,0.825081348419189,0.574811458587646,0,238,very common,country,0,0,3,0.07569625228643401,0.051363959908485,0.047858398407697005,0.825081348419189
3652,D-surf,চক্ষু থেকেও অন্ধ,D,A,0,,0,0.17383305728435502,,0.393846720457077,0.21084204316139202,3,263,very common,country,0,0,3,0.393846720457077,0.177220121026039,0.255100131034851,0.17383305728435502
3652,D-sem,চক্ষু থেকেও অন্ধ,D,A,0,,0,0.22367101907730103,,0.37861952185630804,0.19923901557922302,3,282,very common,country,0,0,3,0.37861952185630804,0.206685692071914,0.19102372229099202,0.22367101907730103
3652,D-hard,চক্ষু থেকেও অন্ধ,B,A,0,A,1,0.07448352873325301,0.8270637392997741,0.8270637392997741,0.598293721675872,1,251,very common,country,0,0,3,0.8270637392997741,0.07448352873325301,0.043600510805845004,0.054852310568094004
3663,D-rand,চক্ষুস্থির,A,A,1,,0,0.342107146978378,,0.342107146978378,0.186259105801582,0,255,common,country,0,0,1,0.342107146978378,0.24116607010364502,0.21200241148471802,0.20472441613674103
3663,D-lit,চক্ষুস্থির,D,B,0,B,1,0.035044673830270004,0.875839710235595,0.875839710235595,0.6422407031059261,3,182,common,country,0,0,1,0.042809572070837,0.875839710235595,0.046306055039167,0.035044673830270004
3663,D-surf,চক্ষুস্থির,D,B,0,,0,0.22967469692230202,,0.320757448673248,0.14423054456710802,3,212,common,country,0,0,1,0.139271736145019,0.320757448673248,0.31029614806175204,0.22967469692230202
3663,D-sem,চক্ষুস্থির,D,A,0,,0,0.20285165309906,,0.36245927214622503,0.219597250223159,3,238,common,country,0,0,1,0.36245927214622503,0.24880494177341403,0.18588419258594502,0.20285165309906
3663,D-hard,চক্ষুস্থির,C,D,0,D,1,0.042907170951366,0.894027769565582,0.894027769565582,0.6666290760040281,2,184,common,country,0,0,1,0.037483822554349004,0.025581259280443,0.042907170951366,0.894027769565582
3667,D-rand,চচ্চড়ি পাকানো,D,C,0,,0,0.22123444080352703,,0.33395871520042403,0.18435493111610401,3,392,common,country,0,0,2,0.274384260177612,0.170422613620758,0.33395871520042403,0.22123444080352703
3667,D-lit,চচ্চড়ি পাকানো,B,A,0,A,1,0.012974536046385002,0.9595153331756591,0.9595153331756591,0.8107532262802121,1,263,common,country,0,0,2,0.9595153331756591,0.012974536046385002,0.018395354971289,0.009114742279052
3667,D-surf,চচ্চড়ি পাকানো,D,B,0,,0,0.25691384077072105,,0.360035270452499,0.197530344128608,3,231,common,country,0,0,2,0.23172374069690702,0.360035270452499,0.15132713317871002,0.25691384077072105
3667,D-sem,চচ্চড়ি পাকানো,B,B,1,,0,0.29865798354148804,,0.29865798354148804,0.206660106778144,1,175,common,country,0,0,2,0.193838343024253,0.29865798354148804,0.274093508720397,0.23341017961502003
3667,D-hard,চচ্চড়ি পাকানো,C,B,0,B,1,0.015006694011390001,0.9633179306983941,0.9633179306983941,0.8194285631179811,2,229,common,country,0,0,2,0.014144975692033001,0.9633179306983941,0.015006694011390001,0.007530372124165001
3675,D-rand,চটপটে,C,A,0,,0,0.19543319940567003,,0.501394867897033,0.317885965108871,2,175,common,country,0,0,1,0.501394867897033,0.142831742763519,0.19543319940567003,0.16034023463726002
3675,D-lit,চটপটে,B,A,0,A,1,0.044272020459175006,0.772236108779907,0.772236108779907,0.62172520160675,1,253,common,country,0,0,1,0.772236108779907,0.044272020459175006,0.07343827188014901,0.110053531825542
3675,D-surf,চটপটে,D,B,0,,0,0.17719160020351402,,0.446590989828109,0.31288903951644903,3,182,common,country,0,0,1,0.222496390342712,0.446590989828109,0.15372097492218,0.17719160020351402
3675,D-sem,চটপটে,B,D,0,,0,0.08192640542984,,0.665648877620697,0.484786659479141,1,214,common,country,0,0,1,0.125836163759231,0.08192640542984,0.12658856809139202,0.665648877620697
3675,D-hard,চটপটে,C,D,0,D,1,0.053852528333663004,0.8271909356117241,0.8271909356117241,0.6867906451225281,2,248,common,country,0,0,1,0.07535143941640801,0.043605051934719,0.053852528333663004,0.8271909356117241
3694,D-rand,চড়ুইভাতি,B,C,0,,0,0.26345893740653903,,0.45184883475303605,0.24207255244255002,1,271,rare,deep rural,0,0,1,0.166953936219215,0.26345893740653903,0.45184883475303605,0.11773831397294901
3694,D-lit,চড়ুইভাতি,A,C,0,C,1,0.034595429897308,0.8845216631889341,0.8845216631889341,0.7248318195343011,0,278,rare,deep rural,0,0,1,0.034595429897308,0.026845781132578003,0.8845216631889341,0.054037153720855005
3694,D-surf,চড়ুইভাতি,A,A,1,,0,0.270299166440963,,0.270299166440963,0.17753355205059002,0,253,rare,deep rural,0,0,1,0.270299166440963,0.216973587870597,0.258457392454147,0.254269838333129
3694,D-sem,চড়ুইভাতি,A,C,0,,0,0.284954965114593,,0.321444392204284,0.226810619235038,0,264,rare,deep rural,0,0,1,0.284954965114593,0.215408101677894,0.321444392204284,0.178192526102066
3694,D-hard,চড়ুইভাতি,A,D,0,D,1,0.03774394094944,0.901579856872558,0.901579856872558,0.7545582056045531,0,333,rare,deep rural,0,0,1,0.03774394094944,0.029413983225822,0.03126223757863,0.901579856872558
3699,D-rand,চণ্ডচামুণ্ড,D,C,0,,0,0.10438092797994601,,0.38903531432151706,0.19702114164829201,3,303,rare,country,0,1,1,0.179553315043449,0.327030420303344,0.38903531432151706,0.10438092797994601
3699,D-lit,চণ্ডচামুণ্ড,D,C,0,C,1,0.005141602829098001,0.9763660430908201,0.9763660430908201,0.836202502250671,3,215,rare,country,0,1,1,0.00927744898945,0.00921485107392,0.9763660430908201,0.005141602829098001
3699,D-surf,চণ্ডচামুণ্ড,B,A,0,,0,0.14006339013576502,,0.44201934337615906,0.252732753753662,1,264,rare,country,0,1,1,0.44201934337615906,0.14006339013576502,0.13263644278049402,0.285280734300613
3699,D-sem,চণ্ডচামুণ্ড,D,C,0,,0,0.129953533411026,,0.367255300283432,0.183341816067695,3,185,rare,country,0,1,1,0.187235504388809,0.315555721521377,0.367255300283432,0.129953533411026
3699,D-hard,চণ্ডচামুণ্ড,C,D,0,D,1,0.008098179474473001,0.9715893268585201,0.9715893268585201,0.7902873158454891,2,255,rare,country,0,1,1,0.008331555873155,0.011980940587818002,0.008098179474473001,0.9715893268585201
3702,D-rand,চণ্ডাল,C,A,0,,0,0.22456313669681502,,0.330780982971191,0.159106537699699,2,223,common,country,1,1,1,0.330780982971191,0.12741707265377,0.22456313669681502,0.31723877787590005
3702,D-lit,চণ্ডাল,C,D,0,D,1,0.038829173892736005,0.8200688362121581,0.8200688362121581,0.5465683937072751,2,265,common,country,1,1,1,0.07659789919853201,0.064504049718379,0.038829173892736005,0.8200688362121581
3702,D-surf,চণ্ডাল,C,C,1,,0,0.326403349637985,,0.326403349637985,0.186005264520645,2,221,common,country,1,1,1,0.26828879117965704,0.23597113788127902,0.326403349637985,0.16933676600456202
3702,D-sem,চণ্ডাল,D,C,0,,0,0.162240922451019,,0.461328089237213,0.24330219626426602,3,236,common,country,1,1,1,0.093501649796962,0.282929390668869,0.461328089237213,0.162240922451019
3702,D-hard,চণ্ডাল,D,A,0,A,1,0.045586831867694,0.844037353992462,0.844037353992462,0.555335760116577,3,279,common,country,1,1,1,0.844037353992462,0.05762013420462601,0.052755653858184,0.045586831867694
3734,D-rand,চরণদাস,D,D,1,,0,0.747688710689544,,0.747688710689544,0.508802711963653,3,244,rare,country,1,1,1,0.12549412250518802,0.054440606385469006,0.072376616299152,0.747688710689544
3734,D-lit,চরণদাস,D,A,0,A,1,0.43206131458282404,0.49630120396614,0.49630120396614,0.296438992023468,3,251,rare,country,1,1,1,0.49630120396614,0.033504948019981,0.038132563233375,0.43206131458282404
3734,D-surf,চরণদাস,D,D,1,,0,0.729782819747924,,0.729782819747924,0.49835461378097506,3,289,rare,country,1,1,1,0.15403482317924502,0.047774840146303,0.068407483398914,0.729782819747924
3734,D-sem,চরণদাস,B,B,1,,0,0.529443502426147,,0.529443502426147,0.297303736209869,1,210,rare,country,1,1,1,0.07652880996465601,0.529443502426147,0.117390230298042,0.276637464761734
3734,D-hard,চরণদাস,A,C,0,C,1,0.337766706943511,0.598928809165954,0.598928809165954,0.340373665094375,0,236,rare,country,1,1,1,0.337766706943511,0.026694681495428002,0.598928809165954,0.036609847098588
3743,D-rand,চরাচর,B,B,1,,0,0.366916954517364,,0.366916954517364,0.16016764938831302,1,241,common,country,0,1,1,0.356884837150573,0.366916954517364,0.157664000988006,0.11853422224521601
3743,D-lit,চরাচর,D,C,0,C,1,0.087293066084384,0.7790407538414,0.7790407538414,0.537386775016784,3,235,common,country,0,1,1,0.091294318437576,0.042371869087219,0.7790407538414,0.087293066084384
3743,D-surf,চরাচর,C,C,1,,0,0.460217356681823,,0.460217356681823,0.217774510383605,2,195,common,country,0,1,1,0.20191273093223502,0.173429816961288,0.460217356681823,0.16444014012813502
3743,D-sem,চরাচর,A,A,1,,0,0.355490535497665,,0.355490535497665,0.17596465349197302,0,272,common,country,0,1,1,0.355490535497665,0.304928392171859,0.20770965516567202,0.131871372461318
3743,D-hard,চরাচর,B,C,0,C,1,0.10661175847053501,0.814762651920318,0.814762651920318,0.559233486652374,1,230,common,country,0,1,1,0.04081255942583,0.10661175847053501,0.814762651920318,0.037812985479831
3752,D-rand,চলৎফিরৎ,C,C,1,,0,0.644271969795227,,0.644271969795227,0.330884009599685,2,297,common,country,0,0,1,0.090303786098957,0.22148783504962902,0.644271969795227,0.043936356902122005
3752,D-lit,চলৎফিরৎ,A,B,0,B,1,0.252646327018737,0.651158511638641,0.651158511638641,0.320410460233688,0,185,common,country,0,0,1,0.252646327018737,0.651158511638641,0.053994052112102,0.042201165109872006
3752,D-surf,চলৎফিরৎ,B,B,1,,0,0.652320623397827,,0.652320623397827,0.341194659471511,1,213,common,country,0,0,1,0.132093742489814,0.652320623397827,0.067416667938232,0.148168966174125
3752,D-sem,চলৎফিরৎ,C,C,1,,0,0.48416343331336903,,0.48416343331336903,0.18289555609226202,2,286,common,country,0,0,1,0.204111769795417,0.064206875860691,0.48416343331336903,0.24751794338226302
3752,D-hard,চলৎফিরৎ,D,C,0,C,1,0.23485936224460602,0.649970769882202,0.649970769882202,0.259490370750427,3,198,common,country,0,0,1,0.05328506603837001,0.06188479810953101,0.649970769882202,0.23485936224460602
3765,D-rand,চলে আসা,D,C,0,,0,0.159890308976173,,0.41350215673446605,0.19904533028602603,3,186,very common,country,0,0,2,0.19581072032451602,0.23079682886600403,0.41350215673446605,0.159890308976173
3765,D-lit,চলে আসা,C,A,0,A,1,0.007374674547463001,0.9725236892700191,0.9725236892700191,0.8141681551933281,2,183,very common,country,0,0,2,0.9725236892700191,0.008194532245397,0.007374674547463001,0.011907111853361001
3765,D-surf,চলে আসা,B,A,0,,0,0.052167546004056,,0.54410719871521,0.311983406543731,1,184,very common,country,0,0,2,0.54410719871521,0.052167546004056,0.38370501995086603,0.02002022229135
3765,D-sem,চলে আসা,C,D,0,,0,0.166771605610847,,0.347424119710922,0.154919520020484,2,263,very common,country,0,0,2,0.27557685971260004,0.21022738516330702,0.166771605610847,0.347424119710922
3765,D-hard,চলে আসা,A,C,0,C,1,0.006529428996145,0.9668935537338251,0.9668935537338251,0.828213512897491,0,192,very common,country,0,0,2,0.006529428996145,0.011448658071458001,0.9668935537338251,0.015128358267247002
3802,D-rand,চাঁদোয়া,D,D,1,,0,0.325570881366729,,0.325570881366729,0.192374199628829,3,208,common,country,0,0,1,0.26036959886550903,0.22208549082279203,0.191974028944969,0.325570881366729
3802,D-lit,চাঁদোয়া,C,B,0,B,1,0.046619098633527006,0.9171398878097531,0.9171398878097531,0.748623371124267,2,218,common,country,0,0,1,0.022499877959489,0.9171398878097531,0.046619098633527006,0.013741128146648001
3802,D-surf,চাঁদোয়া,D,D,1,,0,0.303722023963928,,0.303722023963928,0.150758191943168,3,191,common,country,0,0,1,0.301432877779006,0.20968000590801203,0.18516503274440702,0.303722023963928
3802,D-sem,চাঁদোয়া,D,C,0,,0,0.285954803228378,,0.39483109116554205,0.256498724222183,3,243,common,country,0,0,1,0.20088501274585702,0.11832910776138302,0.39483109116554205,0.285954803228378
3802,D-hard,চাঁদোয়া,C,A,0,A,1,0.05456960573792401,0.9025764465332031,0.9025764465332031,0.7769118547439571,2,217,common,country,0,0,1,0.9025764465332031,0.027681345120072,0.05456960573792401,0.015172545798122002
3813,D-rand,চাট,B,A,0,,0,0.22942280769348103,,0.31259745359420704,0.16666166484355902,1,170,common,country,0,0,1,0.31259745359420704,0.22942280769348103,0.231843963265419,0.226135700941085
3813,D-lit,চাট,A,C,0,C,1,0.177045419812202,0.401009023189544,0.401009023189544,0.159417420625686,0,305,common,country,0,0,1,0.177045419812202,0.190238714218139,0.401009023189544,0.23170691728591902
3813,D-surf,চাট,D,C,0,,0,0.16749483346939,,0.31062078475952104,0.179247468709945,3,191,common,country,0,0,1,0.28755500912666304,0.23432937264442402,0.31062078475952104,0.16749483346939
3813,D-sem,চাট,D,A,0,,0,0.13645741343498202,,0.32399052381515503,0.148172259330749,3,229,common,country,0,0,1,0.32399052381515503,0.23857884109020203,0.30097320675849903,0.13645741343498202
3813,D-hard,চাট,B,A,0,A,1,0.18594463169574701,0.40893173217773404,0.40893173217773404,0.15824711322784402,1,316,common,country,0,0,1,0.40893173217773404,0.18594463169574701,0.292801886796951,0.11232177168130801
3819,D-rand,চাটি,A,A,1,,0,0.7857595682144161,,0.7857595682144161,0.44586771726608204,0,187,common,country,0,0,1,0.7857595682144161,0.054652445018291,0.12863503396511,0.03095294162631
3819,D-lit,চাটি,D,A,0,A,1,0.42946690320968606,0.46664208173751803,0.46664208173751803,0.27780270576477,3,197,common,country,0,0,1,0.46664208173751803,0.02416780218482,0.079723261296749,0.42946690320968606
3819,D-surf,চাটি,D,D,1,,0,0.7646080851554871,,0.7646080851554871,0.439444363117218,3,229,common,country,0,0,1,0.042625665664672005,0.048211254179477005,0.14455494284629802,0.7646080851554871
3819,D-sem,চাটি,D,D,1,,0,0.7791581153869621,,0.7791581153869621,0.44395905733108504,3,267,common,country,0,0,1,0.13351267576217601,0.040127545595169005,0.047201618552207,0.7791581153869621
3819,D-hard,চাটি,B,C,0,C,1,0.41411960124969405,0.534114599227905,0.534114599227905,0.30173853039741505,1,252,common,country,0,0,1,0.024165848270058,0.41411960124969405,0.534114599227905,0.027599969878792003
3843,D-rand,চারচক্ষু খোলা,A,A,1,,0,0.399570405483245,,0.399570405483245,0.179583966732025,0,202,very common,country,0,0,2,0.399570405483245,0.387072175741195,0.131176024675369,0.082181401550769
3843,D-lit,চারচক্ষু খোলা,B,D,0,D,1,0.046924989670515005,0.9161472320556641,0.9161472320556641,0.6999160051345821,1,231,very common,country,0,0,2,0.021090816706418002,0.046924989670515005,0.015836913138628003,0.9161472320556641
3843,D-surf,চারচক্ষু খোলা,A,A,1,,0,0.43056559562683105,,0.43056559562683105,0.21250796318054202,0,225,very common,country,0,0,2,0.43056559562683105,0.089724048972129,0.34042406082153304,0.139286294579505
3843,D-sem,চারচক্ষু খোলা,C,C,1,,0,0.7103339433670041,,0.7103339433670041,0.37803801894187905,2,227,very common,country,0,0,2,0.09561656415462401,0.09811507165431901,0.7103339433670041,0.095934398472309
3843,D-hard,চারচক্ষু খোলা,C,D,0,D,1,0.06554216891527101,0.903516232967376,0.903516232967376,0.717048943042755,2,172,very common,country,0,0,2,0.016191082075238002,0.014750595204532,0.06554216891527101,0.903516232967376
3849,D-rand,চারডবল,D,D,1,,0,0.33271661400794905,,0.33271661400794905,0.173419371247291,3,223,very common,country,0,0,1,0.178655937314033,0.24220007658004702,0.24642738699913003,0.33271661400794905
3849,D-lit,চারডবল,B,D,0,D,1,0.165819972753524,0.6278190612792961,0.6278190612792961,0.36343586444854703,1,151,very common,country,0,0,1,0.129991441965103,0.165819972753524,0.076369524002075,0.6278190612792961
3849,D-surf,চারডবল,B,D,0,,0,0.278582394123077,,0.289964109659194,0.179692909121513,1,191,very common,country,0,0,1,0.179885536432266,0.278582394123077,0.25156798958778304,0.289964109659194
3849,D-sem,চারডবল,A,A,1,,0,0.38158294558525,,0.38158294558525,0.21763423085212702,0,177,very common,country,0,0,1,0.38158294558525,0.271097034215927,0.188501209020614,0.158818766474723
3849,D-hard,চারডবল,B,D,0,D,1,0.16535472869873002,0.626175999641418,0.626175999641418,0.40954601764678905,1,190,very common,country,0,0,1,0.08821494877338401,0.16535472869873002,0.12025427818298301,0.626175999641418
3857,D-rand,চারহাত এক করা,B,D,0,,0,0.069292522966861,,0.48031345009803705,0.279655694961547,1,215,common,country,0,0,3,0.120685167610645,0.069292522966861,0.329708874225616,0.48031345009803705
3857,D-lit,চারহাত এক করা,A,D,0,D,1,0.0068160961382090005,0.955470740795135,0.955470740795135,0.756871104240417,0,166,common,country,0,0,3,0.0068160961382090005,0.031478229910135005,0.006234894506633001,0.955470740795135
3857,D-surf,চারহাত এক করা,A,C,0,,0,0.05038887634873301,,0.715364694595336,0.428786605596542,0,145,common,country,0,0,3,0.05038887634873301,0.085199117660522,0.715364694595336,0.14904738962650302
3857,D-sem,চারহাত এক করা,D,B,0,,0,0.136195465922355,,0.357510060071945,0.18016771972179402,3,184,common,country,0,0,3,0.24498713016510001,0.357510060071945,0.26130729913711503,0.136195465922355
3857,D-hard,চারহাত এক করা,C,A,0,A,1,0.007999235764145001,0.958664119243621,0.958664119243621,0.7629045844078061,2,176,common,country,0,0,3,0.958664119243621,0.008878224529325001,0.007999235764145001,0.024458367377519
3868,D-rand,চাল-চিঁড়ে বেঁধে যাওয়া,D,D,1,,0,0.5101189017295831,,0.5101189017295831,0.258329629898071,3,213,rare,deep rural,0,0,4,0.257693290710449,0.071824721992015,0.16036306321620902,0.5101189017295831
3868,D-lit,চাল-চিঁড়ে বেঁধে যাওয়া,A,C,0,C,1,0.105974659323692,0.853727877140045,0.853727877140045,0.5982345938682551,0,292,rare,deep rural,0,0,4,0.105974659323692,0.026404865086078002,0.853727877140045,0.013892602175474
3868,D-surf,চাল-চিঁড়ে বেঁধে যাওয়া,D,D,1,,0,0.550939559936523,,0.550939559936523,0.403398990631103,3,236,rare,deep rural,0,0,4,0.069958671927452,0.14618420600891102,0.232917591929435,0.550939559936523
3868,D-sem,চাল-চিঁড়ে বেঁধে যাওয়া,D,B,0,,0,0.288934707641601,,0.5722918510437011,0.374292194843292,3,252,rare,deep rural,0,0,4,0.06335847079753801,0.5722918510437011,0.07541498541831901,0.288934707641601
3868,D-hard,চাল-চিঁড়ে বেঁধে যাওয়া,D,A,0,A,1,0.130420058965682,0.761528730392456,0.761528730392456,0.521073281764984,3,283,rare,deep rural,0,0,4,0.761528730392456,0.035631354898214,0.072419911623001,0.130420058965682
3871,D-rand,চালচুলো,D,B,0,,0,0.193287760019302,,0.307677894830703,0.155995979905128,3,318,very common,country,0,0,1,0.241964608430862,0.307677894830703,0.257069736719131,0.193287760019302
3871,D-lit,চালচুলো,C,A,0,A,1,0.041401889175176,0.882023870944976,0.882023870944976,0.6475230455398561,2,226,very common,country,0,0,1,0.882023870944976,0.038173507899045,0.041401889175176,0.038400739431381004
3871,D-surf,চালচুলো,A,C,0,,0,0.272340297698974,,0.33035027980804405,0.167700871825218,0,183,very common,country,0,0,1,0.272340297698974,0.19435578584671,0.33035027980804405,0.20295363664627
3871,D-sem,চালচুলো,D,C,0,,0,0.17946726083755402,,0.632501423358917,0.358884930610656,3,225,very common,country,0,0,1,0.072613090276718,0.11541820317506701,0.632501423358917,0.17946726083755402
3871,D-hard,চালচুলো,D,A,0,A,1,0.030267335474491,0.901630342006683,0.901630342006683,0.692306876182556,3,196,very common,country,0,0,1,0.901630342006683,0.032027557492256005,0.036074757575988006,0.030267335474491
3887,D-rand,চাষবাস,A,C,0,,0,0.212268874049186,,0.445053875446319,0.307694733142852,0,220,very common,deep rural,0,0,1,0.212268874049186,0.223602831363677,0.445053875446319,0.11907440423965401
3887,D-lit,চাষবাস,C,B,0,B,1,0.031474888324737,0.892316818237304,0.892316818237304,0.6556214094161981,2,173,very common,deep rural,0,0,1,0.054439958184957005,0.892316818237304,0.031474888324737,0.021768417209386003
3887,D-surf,চাষবাস,C,A,0,,0,0.22179308533668501,,0.29462969303131104,0.166446924209594,2,233,very common,deep rural,0,0,1,0.29462969303131104,0.257632136344909,0.22179308533668501,0.225945129990577
3887,D-sem,চাষবাস,B,C,0,,0,0.044502791017293,,0.8205770254135131,0.5963085293769831,1,282,very common,deep rural,0,0,1,0.10007383674383101,0.044502791017293,0.8205770254135131,0.034846395254135
3887,D-hard,চাষবাস,C,B,0,B,1,0.032312124967575004,0.916117250919342,0.916117250919342,0.714707434177398,2,217,very common,deep rural,0,0,1,0.02063369192183,0.916117250919342,0.032312124967575004,0.030936934053897
3926,D-rand,চিনির বলদ,B,C,0,,0,0.271422654390335,,0.371271103620529,0.21201492846012102,1,227,common,deep rural,0,0,2,0.27237254381179804,0.271422654390335,0.371271103620529,0.08493366092443401
3926,D-lit,চিনির বলদ,B,D,0,D,1,0.032066989690065,0.909356594085693,0.909356594085693,0.674382030963897,1,272,common,deep rural,0,0,2,0.021446494385600003,0.032066989690065,0.037129875272512006,0.909356594085693
3926,D-surf,চিনির বলদ,C,B,0,,0,0.19553588330745603,,0.492055177688598,0.291992902755737,2,371,common,deep rural,0,0,2,0.190077736973762,0.492055177688598,0.19553588330745603,0.12233116477727801
3926,D-sem,চিনির বলদ,D,A,0,,0,0.189090251922607,,0.359473437070846,0.15532024204730902,3,281,common,deep rural,0,0,2,0.359473437070846,0.29475429654121404,0.156682059168815,0.189090251922607
3926,D-hard,চিনির বলদ,B,D,0,D,1,0.032624270766973,0.925086855888366,0.925086855888366,0.7563620209693901,1,240,common,deep rural,0,0,2,0.006851406302303,0.032624270766973,0.035437475889921,0.925086855888366
3937,D-rand,চিমড়ে,B,C,0,,0,0.10736756771802901,,0.337238430976867,0.183908596634864,1,249,common,deep rural,0,0,1,0.30811658501625,0.10736756771802901,0.337238430976867,0.247277408838272
3937,D-lit,চিমড়ে,B,C,0,C,1,0.026786077767610002,0.8786511421203611,0.8786511421203611,0.7315955758094781,1,249,common,deep rural,0,0,1,0.057048257440328,0.026786077767610002,0.8786511421203611,0.037514485418796005
3937,D-surf,চিমড়ে,A,C,0,,0,0.17343096435070002,,0.42324724793434104,0.23014366626739502,0,186,common,deep rural,0,0,1,0.17343096435070002,0.176218017935752,0.42324724793434104,0.22710376977920502
3937,D-sem,চিমড়ে,B,D,0,,0,0.20244280993938402,,0.31444954872131303,0.169669792056083,1,231,common,deep rural,0,0,1,0.192525431513786,0.20244280993938402,0.290582299232482,0.31444954872131303
3937,D-hard,চিমড়ে,A,D,0,D,1,0.025010123848915003,0.867263972759246,0.867263972759246,0.6426315903663631,0,239,common,deep rural,0,0,1,0.025010123848915003,0.033392902463674004,0.074333034455776,0.867263972759246
3943,D-rand,চিরায়ুস্মতী হও,C,B,0,,0,0.304411441087722,,0.343588650226593,0.18542723357677401,2,201,rare,country,0,1,2,0.17148707807064,0.343588650226593,0.304411441087722,0.180512845516204
3943,D-lit,চিরায়ুস্মতী হও,D,C,0,C,1,0.036778885871171,0.898206055164337,0.898206055164337,0.717780470848083,3,231,rare,country,0,1,2,0.050238262861967004,0.014776691794395001,0.898206055164337,0.036778885871171
3943,D-surf,চিরায়ুস্মতী হও,C,C,1,,0,0.40967825055122303,,0.40967825055122303,0.21920228004455503,2,220,rare,country,0,1,2,0.21570058166980702,0.22074563801288602,0.40967825055122303,0.15387551486492101
3943,D-sem,চিরায়ুস্মতী হও,C,C,1,,0,0.351698011159896,,0.351698011159896,0.16162633895874,2,200,rare,country,0,1,2,0.210650160908699,0.263740926980972,0.351698011159896,0.17391088604927002
3943,D-hard,চিরায়ুস্মতী হও,C,D,0,D,1,0.047421239316463006,0.8993758559226991,0.8993758559226991,0.700955331325531,2,233,rare,country,0,1,2,0.031966011971235005,0.021236991509795,0.047421239316463006,0.8993758559226991
3952,D-rand,চীনে জোঁক,D,B,0,,0,0.190908640623092,,0.29153183102607705,0.20537424087524403,3,221,common,country,0,0,2,0.249951809644699,0.29153183102607705,0.26760768890380804,0.190908640623092
3952,D-lit,চীনে জোঁক,C,A,0,A,1,0.0014024246484040002,0.9959334731101991,0.9959334731101991,0.919596195220947,2,262,common,country,0,0,2,0.9959334731101991,0.0018047658959400002,0.0014024246484040002,0.0008593731909050001
3952,D-surf,চীনে জোঁক,B,B,1,,0,0.269621074199676,,0.269621074199676,0.141786113381385,1,231,common,country,0,0,2,0.229676574468612,0.269621074199676,0.268995970487594,0.23170642554759902
3952,D-sem,চীনে জোঁক,D,B,0,,0,0.142018273472785,,0.35004785656929005,0.22899834811687403,3,253,common,country,0,0,2,0.25679862499237,0.35004785656929005,0.25113523006439203,0.142018273472785
3952,D-hard,চীনে জোঁক,A,C,0,C,1,0.0005612258682950001,0.9987158775329591,0.9987158775329591,0.9421716332435601,0,234,common,country,0,0,2,0.0005612258682950001,0.00037342973519100003,0.9987158775329591,0.000349465612089
3979,D-rand,চুমরানো,A,D,0,,0,0.25788253545761103,,0.30916273593902505,0.171922132372856,0,208,common,country,0,0,1,0.25788253545761103,0.27602773904800404,0.15692700445652003,0.30916273593902505
3979,D-lit,চুমরানো,D,B,0,B,1,0.24283114075660703,0.418904721736907,0.418904721736907,0.202303662896156,3,226,common,country,0,0,1,0.117228627204895,0.418904721736907,0.22103549540042802,0.24283114075660703
3979,D-surf,চুমরানো,B,D,0,,0,0.18601934611797302,,0.326657146215438,0.17041645944118503,1,343,common,country,0,0,1,0.289231210947036,0.18601934611797302,0.19809235632419503,0.326657146215438
3979,D-sem,চুমরানো,D,A,0,,0,0.18225477635860401,,0.43514233827590904,0.21266734600067103,3,219,common,country,0,0,1,0.43514233827590904,0.18159167468547802,0.20101110637187902,0.18225477635860401
3979,D-hard,চুমরানো,C,D,0,A,0,0.16675873100757602,0.268734663724899,0.311441481113433,0.21435090899467402,2,229,common,country,0,0,1,0.268734663724899,0.253065139055252,0.16675873100757602,0.311441481113433
3987,D-rand,চুরিচামারি,A,A,1,,0,0.688037037849426,,0.688037037849426,0.37806904315948403,0,273,common,country,0,0,1,0.688037037849426,0.147834673523902,0.07174275815486901,0.09238550812005901
3987,D-lit,চুরিচামারি,C,B,0,B,1,0.08817233145236901,0.8984799981117241,0.8984799981117241,0.697985827922821,2,269,common,country,0,0,1,0.009119581431150001,0.8984799981117241,0.08817233145236901,0.0042282054200760005
3987,D-surf,চুরিচামারি,B,B,1,,0,0.6660272479057311,,0.6660272479057311,0.371985644102096,1,199,common,country,0,0,1,0.130325227975845,0.6660272479057311,0.16244587302207902,0.041201725602149006
3987,D-sem,চুরিচামারি,A,A,1,,0,0.7193994522094721,,0.7193994522094721,0.344221472740173,0,187,common,country,0,0,1,0.7193994522094721,0.132099971175193,0.08203073590993801,0.06646981835365201
3987,D-hard,চুরিচামারি,D,C,0,C,1,0.066079579293727,0.9181882143020631,0.9181882143020631,0.709113895893096,3,217,common,country,0,0,1,0.008534191176295001,0.0071979295462360005,0.9181882143020631,0.066079579293727
4011,D-rand,চেতনে অবচেতন,C,C,1,,0,0.5583673119544981,,0.5583673119544981,0.29910463094711304,2,164,rare,country,0,0,2,0.14994353055953902,0.148506119847297,0.5583673119544981,0.14318303763866402
4011,D-lit,চেতনে অবচেতন,B,C,0,C,1,0.1767418384552,0.6241463422775261,0.6241463422775261,0.339840650558471,1,199,rare,country,0,0,2,0.072275288403034,0.1767418384552,0.6241463422775261,0.12683655321598
4011,D-surf,চেতনে অবচেতন,C,C,1,,0,0.418467998504638,,0.418467998504638,0.24623893201351102,2,244,rare,country,0,0,2,0.16254252195358201,0.160315513610839,0.418467998504638,0.258673876523971
4011,D-sem,চেতনে অবচেতন,A,C,0,,0,0.34873199462890603,,0.42786541581153803,0.16940177977085102,0,204,rare,country,0,0,2,0.34873199462890603,0.08834359794855101,0.42786541581153803,0.1350589543581
4011,D-hard,চেতনে অবচেতন,B,A,0,A,1,0.20271311700344002,0.522745788097381,0.522745788097381,0.28767293691635104,1,192,rare,country,0,0,2,0.522745788097381,0.20271311700344002,0.18016192317008903,0.09437920153141001
4027,D-rand,চোখ উল্টানো,B,A,0,,0,0.21627958118915502,,0.31494054198265004,0.169690653681755,1,247,common,country,0,0,2,0.31494054198265004,0.21627958118915502,0.24289441108703602,0.225885480642318
4027,D-lit,চোখ উল্টানো,C,B,0,B,1,0.0021126286592330003,0.9924159049987791,0.9924159049987791,0.8530950546264641,2,263,common,country,0,0,2,0.0027786393184210004,0.9924159049987791,0.0021126286592330003,0.002692837268114
4027,D-surf,চোখ উল্টানো,B,A,0,,0,0.189297616481781,,0.309735417366027,0.167659997940063,1,167,common,country,0,0,2,0.309735417366027,0.189297616481781,0.253670543432235,0.24729642271995503
4027,D-sem,চোখ উল্টানো,B,C,0,,0,0.19836504757404302,,0.328417241573333,0.167162135243415,1,169,common,country,0,0,2,0.30353105068206704,0.19836504757404302,0.328417241573333,0.169686645269393
4027,D-hard,চোখ উল্টানো,D,A,0,A,1,0.001816661097109,0.975546360015869,0.975546360015869,0.790851593017578,3,235,common,country,0,0,2,0.975546360015869,0.0036874760407950005,0.018949538469314003,0.001816661097109
4035,D-rand,চোখ খাওয়া,D,C,0,,0,0.320513248443603,,0.32392919063568104,0.167832493782043,3,180,common,country,0,0,2,0.263884991407394,0.091672591865062,0.32392919063568104,0.320513248443603
4035,D-lit,চোখ খাওয়া,C,B,0,B,1,0.019608987495303,0.955171585083007,0.955171585083007,0.7799349427223201,2,219,common,country,0,0,2,0.011383776552975,0.955171585083007,0.019608987495303,0.01383563503623
4035,D-surf,চোখ খাওয়া,B,B,1,,0,0.317845851182937,,0.317845851182937,0.192174538969993,1,164,common,country,0,0,2,0.23856730759143802,0.317845851182937,0.20911969244480103,0.23446716368198303
4035,D-sem,চোখ খাওয়া,C,B,0,,0,0.278071641921997,,0.31912288069725003,0.17187657952308602,2,276,common,country,0,0,2,0.16470351815223602,0.31912288069725003,0.278071641921997,0.23810194432735401
4035,D-hard,চোখ খাওয়া,D,B,0,B,1,0.017640372738242,0.95212835073471,0.95212835073471,0.7674648761749261,3,163,common,country,0,0,2,0.014804300852119001,0.95212835073471,0.015426957979798001,0.017640372738242
4077,D-rand,চোখ বোজা,A,A,1,,0,0.28366261720657304,,0.28366261720657304,0.12037623673677401,0,156,common,country,0,0,2,0.28366261720657304,0.195461422204971,0.238199114799499,0.282676845788955
4077,D-lit,চোখ বোজা,D,B,0,B,1,0.04187911376357,0.7820052504539491,0.7820052504539491,0.5300688147544861,3,283,common,country,0,0,2,0.07103364169597601,0.7820052504539491,0.105081960558891,0.04187911376357
4077,D-surf,চোখ বোজা,C,B,0,,0,0.23609158396720803,,0.257382303476333,0.156577408313751,2,158,common,country,0,0,2,0.257166892290115,0.257382303476333,0.23609158396720803,0.24935925006866402
4077,D-sem,চোখ বোজা,D,B,0,,0,0.261482924222946,,0.34492507576942405,0.187859773635864,3,201,common,country,0,0,2,0.150570645928382,0.34492507576942405,0.24302138388156802,0.261482924222946
4077,D-hard,চোখ বোজা,B,C,0,C,1,0.040649775415658,0.8619534969329831,0.8619534969329831,0.605273604393005,1,214,common,country,0,0,2,0.06790105998516001,0.040649775415658,0.8619534969329831,0.029495736584067
4093,D-rand,চোখা উত্তর,D,A,0,,0,0.14907982945442202,,0.47997710108757,0.24754546582698803,3,251,common,country,0,0,2,0.47997710108757,0.189623609185218,0.181319490075111,0.14907982945442202
4093,D-lit,চোখা উত্তর,D,B,0,B,1,0.006178808864206,0.9806625247001641,0.9806625247001641,0.7861965298652641,3,169,common,country,0,0,2,0.009932754561305001,0.9806625247001641,0.0032258729916060003,0.006178808864206
4093,D-surf,চোখা উত্তর,A,C,0,,0,0.12182277441024701,,0.6462634801864621,0.327919661998748,0,175,common,country,0,0,2,0.12182277441024701,0.13363808393478302,0.6462634801864621,0.09827566891908601
4093,D-sem,চোখা উত্তর,C,A,0,,0,0.224303945899009,,0.369570285081863,0.17094212770462,2,227,common,country,0,0,2,0.369570285081863,0.272368013858795,0.224303945899009,0.133757799863815
4093,D-hard,চোখা উত্তর,C,B,0,B,1,0.007398930378258,0.9807825684547421,0.9807825684547421,0.805527329444885,2,184,common,country,0,0,2,0.006138996686786,0.9807825684547421,0.007398930378258,0.005679484922438
4119,D-rand,চোখে ভেলকি লাগা,B,B,1,,0,0.356076002120971,,0.356076002120971,0.11604231595993,1,243,common,country,0,0,3,0.095853514969348,0.356076002120971,0.209762379527091,0.338308155536651
4119,D-lit,চোখে ভেলকি লাগা,A,C,0,C,1,0.018689068034291,0.9350402355194091,0.9350402355194091,0.770090341567993,0,260,common,country,0,0,3,0.018689068034291,0.030182411894202003,0.9350402355194091,0.016088256612420002
4119,D-surf,চোখে ভেলকি লাগা,D,A,0,,0,0.19787073135375902,,0.47629204392433105,0.25367212295532204,3,225,common,country,0,0,3,0.47629204392433105,0.231852933764457,0.09398422390222501,0.19787073135375902
4119,D-sem,চোখে ভেলকি লাগা,A,C,0,,0,0.27722501754760703,,0.321859180927276,0.143921956419944,0,194,common,country,0,0,3,0.27722501754760703,0.231739267706871,0.321859180927276,0.16917650401592202
4119,D-hard,চোখে ভেলকি লাগা,C,D,0,D,1,0.025158075615763,0.9144131541252131,0.9144131541252131,0.723406791687011,2,251,common,country,0,0,3,0.042824085801839,0.017604675143957003,0.025158075615763,0.9144131541252131
4130,D-rand,চোখের তারা,C,A,0,,0,0.163733750581741,,0.380533009767532,0.181636452674865,2,231,very common,country,0,0,2,0.380533009767532,0.17694787681102703,0.163733750581741,0.27878534793853704
4130,D-lit,চোখের তারা,C,D,0,D,1,0.013055169954895002,0.9194732308387751,0.9194732308387751,0.6806064844131471,2,204,very common,country,0,0,2,0.017228636890649,0.050242893397808006,0.013055169954895002,0.9194732308387751
4130,D-surf,চোখের তারা,B,D,0,,0,0.09097268432378701,,0.5386109948158261,0.242081880569458,1,258,very common,country,0,0,2,0.11450313776731401,0.09097268432378701,0.255913227796554,0.5386109948158261
4130,D-sem,চোখের তারা,A,D,0,,0,0.23617993295192702,,0.32265457510948103,0.159888222813606,0,189,very common,country,0,0,2,0.23617993295192702,0.135276526212692,0.30588892102241505,0.32265457510948103
4130,D-hard,চোখের তারা,B,C,0,C,1,0.010323044843971,0.9626422524452211,0.9626422524452211,0.729713141918182,1,211,very common,country,0,0,2,0.021893991157412,0.010323044843971,0.9626422524452211,0.005140634253621001
4143,D-rand,চোট,D,D,1,,0,0.408491253852844,,0.408491253852844,0.18152467906475,3,165,common,country,0,0,1,0.11374469846487001,0.122713215649127,0.355050861835479,0.408491253852844
4143,D-lit,চোট,A,A,1,B,0,0.35981541872024503,0.347808539867401,0.35981541872024503,0.16033953428268402,0,157,common,country,0,0,1,0.35981541872024503,0.347808539867401,0.23713883757591203,0.055237196385860006
4143,D-surf,চোট,A,A,1,,0,0.564418733119964,,0.564418733119964,0.295969277620315,0,173,common,country,0,0,1,0.564418733119964,0.08877268433570801,0.24814780056476501,0.09866078197956
4143,D-sem,চোট,A,A,1,,0,0.41736850142478904,,0.41736850142478904,0.20875899493694303,0,204,common,country,0,0,1,0.41736850142478904,0.30759546160697904,0.19088189303874903,0.084154173731803
4143,D-hard,চোট,D,A,0,A,1,0.30045536160469,0.34842798113822904,0.34842798113822904,0.140055358409881,3,166,common,country,0,0,1,0.34842798113822904,0.181749433279037,0.16936722397804202,0.30045536160469
4153,D-rand,চোদ্দপোয়া হওয়া,C,C,1,,0,0.31983807682991,,0.31983807682991,0.17260138690471602,2,296,common,country,0,0,2,0.225605815649032,0.169983997941017,0.31983807682991,0.284572094678878
4153,D-lit,চোদ্দপোয়া হওয়া,C,A,0,A,1,0.049178622663021004,0.8506758213043211,0.8506758213043211,0.63643455505371,2,259,common,country,0,0,2,0.8506758213043211,0.058020718395709006,0.049178622663021004,0.042124811559915
4153,D-surf,চোদ্দপোয়া হওয়া,B,D,0,,0,0.17548806965351102,,0.331301093101501,0.196698039770126,1,249,common,country,0,0,2,0.243731975555419,0.17548806965351102,0.249478861689567,0.331301093101501
4153,D-sem,চোদ্দপোয়া হওয়া,D,C,0,,0,0.256096124649047,,0.27675887942314104,0.137539088726043,3,243,common,country,0,0,2,0.273367762565612,0.19377726316452,0.27675887942314104,0.256096124649047
4153,D-hard,চোদ্দপোয়া হওয়া,C,B,0,B,1,0.046291220933198006,0.87904679775238,0.87904679775238,0.676848948001861,2,295,common,country,0,0,2,0.042962484061717,0.87904679775238,0.046291220933198006,0.031699538230895004
4179,D-rand,চোরে চোরে খালাতো মাসতুতো ভাই,B,D,0,,0,0.27747848629951405,,0.32284706830978305,0.124921165406703,1,334,common,country,0,0,5,0.08009176701307201,0.27747848629951405,0.319582641124725,0.32284706830978305
4179,D-lit,চোরে চোরে খালাতো মাসতুতো ভাই,D,A,0,A,1,0.05952264368534001,0.8867664337158201,0.8867664337158201,0.602009177207946,3,310,common,country,0,0,5,0.8867664337158201,0.035615041851997,0.018095919862389002,0.05952264368534001
4179,D-surf,চোরে চোরে খালাতো মাসতুতো ভাই,A,B,0,,0,0.078986980020999,,0.38073894381523105,0.24016247689723902,0,358,common,country,0,0,5,0.078986980020999,0.38073894381523105,0.34766000509262,0.19261403381824402
4179,D-sem,চোরে চোরে খালাতো মাসতুতো ভাই,B,D,0,,0,0.291873633861541,,0.31561887264251703,0.167216852307319,1,287,common,country,0,0,5,0.198255121707916,0.291873633861541,0.194252401590347,0.31561887264251703
4179,D-hard,চোরে চোরে খালাতো মাসতুতো ভাই,D,A,0,A,1,0.057178620249032,0.8517954945564271,0.8517954945564271,0.615929901599884,3,341,common,country,0,0,5,0.8517954945564271,0.039672542363405006,0.05135328322649001,0.057178620249032
4180,D-rand,চোরের উপর বাটপাড়ি,B,B,1,,0,0.748747408390045,,0.748747408390045,0.47602894902229304,1,283,common,country,0,0,3,0.10746632516384101,0.748747408390045,0.07325168699026101,0.070534639060497
4180,D-lit,চোরের উপর বাটপাড়ি,B,D,0,D,1,0.304285943508148,0.46450510621070806,0.46450510621070806,0.280809670686721,1,267,common,country,0,0,3,0.060091447085142004,0.304285943508148,0.171117514371871,0.46450510621070806
4180,D-surf,চোরের উপর বাটপাড়ি,C,C,1,,0,0.6828256845474241,,0.6828256845474241,0.49142161011695806,2,325,common,country,0,0,3,0.129442423582077,0.145203188061714,0.6828256845474241,0.042528666555881
4180,D-sem,চোরের উপর বাটপাড়ি,C,C,1,,0,0.7599388957023621,,0.7599388957023621,0.5517086982727051,2,356,common,country,0,0,3,0.077477104961872,0.090931192040443,0.7599388957023621,0.07165289670228901
4180,D-hard,চোরের উপর বাটপাড়ি,C,C,1,B,0,0.486043155193328,0.43139812350273105,0.486043155193328,0.218892619013786,2,301,common,country,0,0,3,0.028472499921917003,0.43139812350273105,0.486043155193328,0.054086241871118004
4183,D-rand,চোরের মায়ের বড় গলা,C,B,0,,0,0.18907377123832703,,0.323304176330566,0.232934817671775,2,308,rare,deep rural,0,0,4,0.178316980600357,0.323304176330566,0.18907377123832703,0.309305101633071
4183,D-lit,চোরের মায়ের বড় গলা,B,C,0,C,1,0.047712095081806,0.74785429239273,0.74785429239273,0.6080080270767211,1,268,rare,deep rural,0,0,4,0.13010232150554601,0.047712095081806,0.74785429239273,0.074331305921077
4183,D-surf,চোরের মায়ের বড় গলা,C,D,0,,0,0.128349781036376,,0.7422015070915221,0.579799950122833,2,335,rare,deep rural,0,0,4,0.067800290882587,0.0616483874619,0.128349781036376,0.7422015070915221
4183,D-sem,চোরের মায়ের বড় গলা,C,D,0,,0,0.283975601196289,,0.305783241987228,0.16882267594337402,2,293,rare,deep rural,0,0,4,0.22761631011962802,0.18262486159801403,0.283975601196289,0.305783241987228
4183,D-hard,চোরের মায়ের বড় গলা,A,B,0,B,1,0.056964471936225,0.717795014381408,0.717795014381408,0.5462133288383481,0,260,rare,deep rural,0,0,4,0.056964471936225,0.717795014381408,0.169479399919509,0.05576114729046801
4202,D-rand,চ্যাঙড়া,D,B,0,,0,0.176731914281845,,0.3264921605587,0.15322266519069602,3,219,common,deep rural,0,0,1,0.281711965799331,0.3264921605587,0.21506395936012201,0.176731914281845
4202,D-lit,চ্যাঙড়া,C,D,0,D,1,0.19897414743900302,0.34438008069992004,0.34438008069992004,0.17156656086444802,2,184,common,deep rural,0,0,1,0.26829457283020003,0.18835115432739202,0.19897414743900302,0.34438008069992004
4202,D-surf,চ্যাঙড়া,A,C,0,,0,0.125277936458587,,0.544597625732421,0.271844893693923,0,232,common,deep rural,0,0,1,0.125277936458587,0.196682170033454,0.544597625732421,0.133442297577857
4202,D-sem,চ্যাঙড়া,C,B,0,,0,0.17014200985431602,,0.32061251997947604,0.17179486155509902,2,233,common,deep rural,0,0,1,0.299559146165847,0.32061251997947604,0.17014200985431602,0.20968632400035803
4202,D-hard,চ্যাঙড়া,D,B,0,A,0,0.112048670649528,0.29869058728218,0.339964240789413,0.18213386833667702,3,222,common,deep rural,0,0,1,0.29869058728218,0.339964240789413,0.249296531081199,0.112048670649528
4239,D-rand,ছন্দপতন,A,A,1,,0,0.331595629453659,,0.331595629453659,0.18279592692852,0,183,common,country,0,0,1,0.331595629453659,0.296813517808914,0.195088863372802,0.17650200426578502
4239,D-lit,ছন্দপতন,A,D,0,D,1,0.018101740628480002,0.9604633450508111,0.9604633450508111,0.8633481264114381,0,211,common,country,0,0,1,0.018101740628480002,0.010163231752812,0.011271638795733,0.9604633450508111
4239,D-surf,ছন্দপতন,D,D,1,,0,0.31774374842643704,,0.31774374842643704,0.16351905465126002,3,207,common,country,0,0,1,0.24394372105598403,0.31094539165496804,0.127367064356803,0.31774374842643704
4239,D-sem,ছন্দপতন,D,D,1,,0,0.330313652753829,,0.330313652753829,0.253891170024871,3,214,common,country,0,0,1,0.19428284466266602,0.268355756998062,0.207047760486602,0.330313652753829
4239,D-hard,ছন্দপতন,B,C,0,C,1,0.017457958310842,0.9634242057800291,0.9634242057800291,0.846002399921417,1,261,common,country,0,0,1,0.009333762340247001,0.017457958310842,0.9634242057800291,0.0097840083763
4245,D-rand,ছবুড়ি ছগণ্ডা,C,D,0,,0,0.17565517127513802,,0.354419559240341,0.19990275800228102,2,193,very rare,deep rural,0,0,2,0.29372546076774503,0.17619973421096802,0.17565517127513802,0.354419559240341
4245,D-lit,ছবুড়ি ছগণ্ডা,A,C,0,C,1,0.058017995208501004,0.809005796909332,0.809005796909332,0.640438795089721,0,200,very rare,deep rural,0,0,2,0.058017995208501004,0.06519082188606201,0.809005796909332,0.067785382270812
4245,D-surf,ছবুড়ি ছগণ্ডা,B,C,0,,0,0.257111340761184,,0.377664655447006,0.20856855809688502,1,252,very rare,deep rural,0,0,2,0.204040467739105,0.257111340761184,0.377664655447006,0.16118352115154203
4245,D-sem,ছবুড়ি ছগণ্ডা,B,D,0,,0,0.20905032753944303,,0.33352318406105,0.18499019742012002,1,179,very rare,deep rural,0,0,2,0.254816949367523,0.20905032753944303,0.202609479427337,0.33352318406105
4245,D-hard,ছবুড়ি ছগণ্ডা,A,C,0,C,1,0.057447455823421006,0.8010787963867181,0.8010787963867181,0.6207506656646721,0,223,very rare,deep rural,0,0,2,0.057447455823421006,0.08401290327310501,0.8010787963867181,0.057460807263851006
4265,D-rand,ছাঁদনাতলা,D,B,0,,0,0.30551615357398904,,0.37398895621299705,0.28054285049438404,3,336,very common,country,0,1,1,0.15301251411437902,0.37398895621299705,0.167482390999794,0.30551615357398904
4265,D-lit,ছাঁদনাতলা,D,A,0,A,1,0.020592225715517002,0.9589229226112361,0.9589229226112361,0.852829813957214,3,212,very common,country,0,1,1,0.9589229226112361,0.006922583095729001,0.013562229461967001,0.020592225715517002
4265,D-surf,ছাঁদনাতলা,A,A,1,,0,0.326807081699371,,0.326807081699371,0.217203870415687,0,301,very common,country,0,1,1,0.326807081699371,0.20544798672199202,0.22190698981285,0.24583797156810702
4265,D-sem,ছাঁদনাতলা,C,C,1,,0,0.35845148563385004,,0.35845148563385004,0.269199699163436,2,220,very common,country,0,1,1,0.146062433719635,0.27182322740554804,0.35845148563385004,0.22366282343864402
4265,D-hard,ছাঁদনাতলা,D,B,0,B,1,0.018078057095408002,0.954508662223815,0.954508662223815,0.8505001664161681,3,248,very common,country,0,1,1,0.015470606274902002,0.954508662223815,0.011942628771066001,0.018078057095408002
4270,D-rand,ছাই করা,D,C,0,,0,0.13864713907241802,,0.667199254035949,0.530556142330169,3,204,common,country,0,0,2,0.13182304799556702,0.06233059614896701,0.667199254035949,0.13864713907241802
4270,D-lit,ছাই করা,B,D,0,D,1,0.027386149391531,0.9369649887084961,0.9369649887084961,0.734194040298461,1,179,common,country,0,0,2,0.014556073583662002,0.027386149391531,0.021092822775244,0.9369649887084961
4270,D-surf,ছাই করা,B,C,0,,0,0.303210884332656,,0.40785214304924006,0.196659952402114,1,210,common,country,0,0,2,0.15131388604640902,0.303210884332656,0.40785214304924006,0.137623131275177
4270,D-sem,ছাই করা,A,C,0,,0,0.16086174547672202,,0.43446072936058006,0.31672424077987604,0,261,common,country,0,0,2,0.16086174547672202,0.149983942508697,0.43446072936058006,0.25469359755516
4270,D-hard,ছাই করা,B,D,0,D,1,0.025483498349785003,0.8718120455741881,0.8718120455741881,0.67105358839035,1,182,common,country,0,0,2,0.08466283231973601,0.025483498349785003,0.018041606992483,0.8718120455741881
4298,D-rand,ছাতু,B,A,0,,0,0.266580522060394,,0.267630547285079,0.16036581993103002,1,281,common,country,0,0,1,0.267630547285079,0.266580522060394,0.24399711191654203,0.221791818737983
4298,D-lit,ছাতু,B,D,0,D,1,0.015392901375889001,0.9369099140167231,0.9369099140167231,0.774344027042388,1,222,common,country,0,0,1,0.022468956187367002,0.015392901375889001,0.025228219106793,0.9369099140167231
4298,D-surf,ছাতু,D,D,1,,0,0.36039602756500205,,0.36039602756500205,0.170023024082183,3,237,common,country,0,0,1,0.19250431656837402,0.23643609881401,0.21066361665725702,0.36039602756500205
4298,D-sem,ছাতু,D,B,0,,0,0.296793162822723,,0.342077016830444,0.15896692872047402,3,204,common,country,0,0,1,0.207629531621932,0.342077016830444,0.153500333428382,0.296793162822723
4298,D-hard,ছাতু,B,A,0,A,1,0.022390810772776,0.9446943402290341,0.9446943402290341,0.7172686457633971,1,185,common,country,0,0,1,0.9446943402290341,0.022390810772776,0.010263795033097,0.022651148959994
4304,D-rand,ছানাবড়া,B,B,1,,0,0.6298947334289551,,0.6298947334289551,0.45206803083419805,1,204,rare,country,0,0,1,0.12353757768869401,0.6298947334289551,0.150529116392135,0.09603860974311801
4304,D-lit,ছানাবড়া,B,B,1,C,0,0.5560705065727231,0.22882570326328203,0.5560705065727231,0.34852623939514105,1,234,rare,country,0,0,1,0.19062116742134003,0.5560705065727231,0.22882570326328203,0.024482617154717
4304,D-surf,ছানাবড়া,C,C,1,,0,0.7267494797706601,,0.7267494797706601,0.56416893005371,2,252,rare,country,0,0,1,0.0790571346879,0.095523126423358,0.7267494797706601,0.09867032617330501
4304,D-sem,ছানাবড়া,C,C,1,,0,0.631644606590271,,0.631644606590271,0.476320564746856,2,229,rare,country,0,0,1,0.17815080285072302,0.11474446207284901,0.631644606590271,0.075460143387317
4304,D-hard,ছানাবড়া,B,B,1,C,0,0.553338766098022,0.22775904834270402,0.553338766098022,0.388645142316818,1,229,rare,country,0,0,1,0.17073141038417802,0.553338766098022,0.22775904834270402,0.048170752823352
4315,D-rand,ছায়ার পিছনে ছোটা,C,C,1,,0,0.5804952383041381,,0.5804952383041381,0.416783809661865,2,239,common,country,0,0,3,0.143037095665931,0.176867306232452,0.5804952383041381,0.09960044175386401
4315,D-lit,ছায়ার পিছনে ছোটা,C,B,0,B,1,0.287225723266601,0.571388185024261,0.571388185024261,0.35515975952148404,2,235,common,country,0,0,3,0.071483150124549,0.571388185024261,0.287225723266601,0.069902949035167
4315,D-surf,ছায়ার পিছনে ছোটা,A,C,0,,0,0.12847098708152702,,0.42726141214370705,0.36243414878845204,0,256,common,country,0,0,3,0.12847098708152702,0.185253977775573,0.42726141214370705,0.259013593196868
4315,D-sem,ছায়ার পিছনে ছোটা,C,D,0,,0,0.275948137044906,,0.533216536045074,0.368191689252853,2,222,common,country,0,0,3,0.086832828819751,0.10400251299142801,0.275948137044906,0.533216536045074
4315,D-hard,ছায়ার পিছনে ছোটা,C,A,0,B,0,0.160762384533882,0.31984537839889504,0.43882194161415106,0.321807414293289,2,230,common,country,0,0,3,0.43882194161415106,0.31984537839889504,0.160762384533882,0.08057025820016801
4323,D-rand,ছাল নেই কুত্তা নাম তার বাঘা,D,D,1,,0,0.53283017873764,,0.53283017873764,0.38922044634819003,3,277,common,country,0,0,6,0.17776238918304402,0.183929994702339,0.10547748208045901,0.53283017873764
4323,D-lit,ছাল নেই কুত্তা নাম তার বাঘা,A,B,0,B,1,0.08602326363325101,0.846842288970947,0.846842288970947,0.668148040771484,0,266,common,country,0,0,6,0.08602326363325101,0.846842288970947,0.023026013746857,0.044108387082815004
4323,D-surf,ছাল নেই কুত্তা নাম তার বাঘা,A,A,1,,0,0.523053348064422,,0.523053348064422,0.33623889088630604,0,292,common,country,0,0,6,0.523053348064422,0.16834625601768402,0.146629899740219,0.161970496177673
4323,D-sem,ছাল নেই কুত্তা নাম তার বাঘা,B,B,1,,0,0.552262604236602,,0.552262604236602,0.399107336997985,1,272,common,country,0,0,6,0.15414597094058902,0.552262604236602,0.20047272741794503,0.093118757009506
4323,D-hard,ছাল নেই কুত্তা নাম তার বাঘা,C,B,0,B,1,0.084807157516479,0.871548414230346,0.871548414230346,0.675153851509094,2,240,common,country,0,0,6,0.012924639508128001,0.871548414230346,0.084807157516479,0.030719740316271
4329,D-rand,ছিঁড়াছিঁড়ি,B,B,1,,0,0.809843838214874,,0.809843838214874,0.558149814605712,1,198,common,country,0,0,1,0.085196070373058,0.809843838214874,0.036799743771553005,0.068160340189933
4329,D-lit,ছিঁড়াছিঁড়ি,C,B,0,B,1,0.183008894324302,0.784738838672637,0.784738838672637,0.6331495046615601,2,184,common,country,0,0,1,0.017481300979852,0.784738838672637,0.183008894324302,0.014770997688174001
4329,D-surf,ছিঁড়াছিঁড়ি,A,A,1,,0,0.7084241509437561,,0.7084241509437561,0.450256019830703,0,237,common,country,0,0,1,0.7084241509437561,0.035327333956956,0.182455450296401,0.07379303872585201
4329,D-sem,ছিঁড়াছিঁড়ি,D,D,1,,0,0.7810066938400261,,0.7810066938400261,0.557677030563354,3,226,common,country,0,0,1,0.087774045765399,0.07995381951332,0.051265422254800005,0.7810066938400261
4329,D-hard,ছিঁড়াছিঁড়ি,D,B,0,B,1,0.20622533559799103,0.769716560840606,0.769716560840606,0.5966640114784241,3,231,common,country,0,0,1,0.015099607408046,0.769716560840606,0.00895857065916,0.20622533559799103
4333,D-rand,ছিট,C,A,0,,0,0.234266519546508,,0.46613788604736306,0.34769830107688904,2,227,common,country,0,0,1,0.46613788604736306,0.182415857911109,0.234266519546508,0.117179699242115
4333,D-lit,ছিট,B,C,0,C,1,0.119559153914451,0.6192251443862911,0.6192251443862911,0.36243098974227905,1,203,common,country,0,0,1,0.21873489022254902,0.119559153914451,0.6192251443862911,0.042480848729610006
4333,D-surf,ছিট,B,B,1,,0,0.299845963716506,,0.299845963716506,0.186768069863319,1,218,common,country,0,0,1,0.28634810447692804,0.299845963716506,0.196625873446464,0.21718004345893802
4333,D-sem,ছিট,C,C,1,,0,0.403820931911468,,0.403820931911468,0.17325672507286002,2,236,common,country,0,0,1,0.149454906582832,0.33300793170928905,0.403820931911468,0.11371617019176401
4333,D-hard,ছিট,A,B,0,B,1,0.136541098356246,0.752965092658996,0.752965092658996,0.45673426985740606,0,202,common,country,0,0,1,0.136541098356246,0.752965092658996,0.07255774736404401,0.037936013191938005
4353,D-rand,ছিরিছাঁদ,D,A,0,,0,0.210101529955863,,0.32742089033126803,0.187709346413612,3,162,common,country,0,0,1,0.32742089033126803,0.20349204540252602,0.258985579013824,0.210101529955863
4353,D-lit,ছিরিছাঁদ,B,C,0,C,1,0.20113301277160603,0.33638608455657903,0.33638608455657903,0.23130826652050002,1,195,common,country,0,0,1,0.22726258635520902,0.20113301277160603,0.33638608455657903,0.235218271613121
4353,D-surf,ছিরিছাঁদ,A,D,0,,0,0.272737145423889,,0.30855831503868103,0.135454073548316,0,195,common,country,0,0,1,0.272737145423889,0.22241091728210402,0.196293607354164,0.30855831503868103
4353,D-sem,ছিরিছাঁদ,B,C,0,,0,0.19550561904907202,,0.36932677030563305,0.22151550650596602,1,249,common,country,0,0,1,0.30887171626091003,0.19550561904907202,0.36932677030563305,0.12629587948322202
4353,D-hard,ছিরিছাঁদ,C,A,0,D,0,0.173587307333946,0.264561891555786,0.34494581818580605,0.20920217037200903,2,217,common,country,0,0,1,0.34494581818580605,0.216904997825622,0.173587307333946,0.264561891555786
4366,D-rand,ছুটি,D,D,1,,0,0.349794596433639,,0.349794596433639,0.19860449433326702,3,159,common,country,0,0,1,0.19428208470344502,0.191900670528411,0.264022648334503,0.349794596433639
4366,D-lit,ছুটি,D,B,0,B,1,0.037970576435327,0.895984470844268,0.895984470844268,0.743202686309814,3,149,common,country,0,0,1,0.034757625311613,0.895984470844268,0.031287282705307,0.037970576435327
4366,D-surf,ছুটি,C,B,0,,0,0.30469357967376703,,0.363644003868103,0.19054359197616502,2,184,common,country,0,0,1,0.163667097687721,0.363644003868103,0.30469357967376703,0.16799531877040802
4366,D-sem,ছুটি,A,D,0,,0,0.34177416563034,,0.345548570156097,0.21864382922649303,0,238,common,country,0,0,1,0.34177416563034,0.241207152605056,0.07147016376256901,0.345548570156097
4366,D-hard,ছুটি,C,B,0,B,1,0.038658395409584004,0.874194622039794,0.874194622039794,0.735625863075256,2,197,common,country,0,0,1,0.050920270383358,0.874194622039794,0.038658395409584004,0.036226727068424
4367,D-rand,ছুট,D,C,0,,0,0.22771270573139102,,0.35776075720787004,0.27617907524108803,3,210,common,country,0,0,1,0.197620421648025,0.216906160116195,0.35776075720787004,0.22771270573139102
4367,D-lit,ছুট,B,C,0,A,0,0.266177147626876,0.11432822793722101,0.47668784856796204,0.26960363984107905,1,200,common,country,0,0,1,0.11432822793722101,0.266177147626876,0.47668784856796204,0.142806857824325
4367,D-surf,ছুট,A,A,1,,0,0.33511921763420105,,0.33511921763420105,0.180747255682945,0,182,common,country,0,0,1,0.33511921763420105,0.290620058774948,0.263169586658477,0.111091122031211
4367,D-sem,ছুট,A,B,0,,0,0.24563312530517503,,0.31806793808937,0.179237782955169,0,239,common,country,0,0,1,0.24563312530517503,0.31806793808937,0.19887633621692602,0.23742261528968803
4367,D-hard,ছুট,D,B,0,A,0,0.31630840897560103,0.155996054410934,0.33750963211059504,0.16895811259746502,3,205,common,country,0,0,1,0.155996054410934,0.33750963211059504,0.19018590450286801,0.31630840897560103
4368,D-rand,ছুটকা,B,B,1,,0,0.310155481100082,,0.310155481100082,0.164654806256294,1,140,common,country,0,0,1,0.207193344831466,0.310155481100082,0.19468542933464,0.28796571493148804
4368,D-lit,ছুটকা,D,D,1,C,0,0.29950684309005704,0.23070414364337902,0.29950684309005704,0.141703382134437,3,196,common,country,0,0,1,0.21200661361217502,0.25778236985206604,0.23070414364337902,0.29950684309005704
4368,D-surf,ছুটকা,B,A,0,,0,0.28538566827774003,,0.35145729780197105,0.18161848187446503,1,184,common,country,0,0,1,0.35145729780197105,0.28538566827774003,0.13743001222610401,0.22572694718837702
4368,D-sem,ছুটকা,A,C,0,,0,0.198486179113388,,0.40121176838874806,0.228120014071464,0,380,common,country,0,0,1,0.198486179113388,0.19812586903572002,0.40121176838874806,0.20217622816562603
4368,D-hard,ছুটকা,B,B,1,D,0,0.29877701401710505,0.20677873492240903,0.29877701401710505,0.14220736920833502,1,347,common,country,0,0,1,0.19718408584594702,0.29877701401710505,0.297260105609893,0.20677873492240903
4391,D-rand,ছেঁড়াবস্তায় খাসাচাল,D,A,0,,0,0.193950906395912,,0.37160447239875705,0.292769789695739,3,258,rare,deep rural,0,0,2,0.37160447239875705,0.212223976850509,0.222220599651336,0.193950906395912
4391,D-lit,ছেঁড়াবস্তায় খাসাচাল,B,D,0,D,1,0.027542939409613002,0.919529378414154,0.919529378414154,0.78528881072998,1,251,rare,deep rural,0,0,2,0.030806375667452004,0.027542939409613002,0.022121414542198,0.919529378414154
4391,D-surf,ছেঁড়াবস্তায় খাসাচাল,A,A,1,,0,0.30727908015251104,,0.30727908015251104,0.22128023207187603,0,214,rare,deep rural,0,0,2,0.30727908015251104,0.274398237466812,0.275289297103881,0.14303342998027802
4391,D-sem,ছেঁড়াবস্তায় খাসাচাল,A,C,0,,0,0.18145351111888802,,0.5786663889884941,0.38235762715339605,0,213,rare,deep rural,0,0,2,0.18145351111888802,0.10077843815088201,0.5786663889884941,0.13910162448883
4391,D-hard,ছেঁড়াবস্তায় খাসাচাল,A,C,0,C,1,0.044376123696565004,0.8435875177383421,0.8435875177383421,0.7461082935333251,0,232,rare,deep rural,0,0,2,0.044376123696565004,0.043469365686178006,0.8435875177383421,0.068567007780075
4394,D-rand,ছেঁদামালা,A,A,1,,0,0.37558719515800404,,0.37558719515800404,0.29075914621353105,0,197,rare,country,0,0,1,0.37558719515800404,0.31574654579162603,0.169740691781044,0.138925537467002
4394,D-lit,ছেঁদামালা,D,A,0,A,1,0.341207236051559,0.441458761692047,0.441458761692047,0.249440729618072,3,228,rare,country,0,0,1,0.441458761692047,0.11177997291088101,0.105554029345512,0.341207236051559
4394,D-surf,ছেঁদামালা,A,A,1,,0,0.44955635070800704,,0.44955635070800704,0.22422061860561301,0,189,rare,country,0,0,1,0.44955635070800704,0.142998814582824,0.292463183403015,0.11498157680034601
4394,D-sem,ছেঁদামালা,A,A,1,,0,0.44598966836929305,,0.44598966836929305,0.32977545261383,0,281,rare,country,0,0,1,0.44598966836929305,0.131728842854499,0.15063908696174602,0.271642416715621
4394,D-hard,ছেঁদামালা,D,A,0,A,1,0.277382045984268,0.358894824981689,0.358894824981689,0.307397693395614,3,244,rare,country,0,0,1,0.358894824981689,0.137244865298271,0.22647824883460901,0.277382045984268
4399,D-rand,ছেড়ে মা কেঁদে বাঁচি,B,C,0,,0,0.17728728055953902,,0.328859746456146,0.155889794230461,1,239,rare,country,0,0,4,0.28604179620742803,0.17728728055953902,0.328859746456146,0.207811206579208
4399,D-lit,ছেড়ে মা কেঁদে বাঁচি,B,A,0,A,1,0.009351972490549,0.9475123286247251,0.9475123286247251,0.784343242645263,1,254,rare,country,0,0,4,0.9475123286247251,0.009351972490549,0.030105846002697,0.013029909692704001
4399,D-surf,ছেড়ে মা কেঁদে বাঁচি,B,C,0,,0,0.060301925987005005,,0.7466377019882201,0.544750094413757,1,289,rare,country,0,0,4,0.06787187606096201,0.060301925987005005,0.7466377019882201,0.125188499689102
4399,D-sem,ছেড়ে মা কেঁদে বাঁচি,C,A,0,,0,0.07512876391410801,,0.7153994441032411,0.43485537171363803,2,223,rare,country,0,0,4,0.7153994441032411,0.10816953331232002,0.07512876391410801,0.10130225867033
4399,D-hard,ছেড়ে মা কেঁদে বাঁচি,A,C,0,C,1,0.009110280312597,0.8608787059783931,0.8608787059783931,0.7124477624893181,0,281,rare,country,0,0,4,0.009110280312597,0.015897220000624,0.8608787059783931,0.11411378532648
4464,D-rand,জড়সড়,A,A,1,,0,0.35141333937644903,,0.35141333937644903,0.18840169906616203,0,195,common,country,0,0,1,0.35141333937644903,0.225501790642738,0.289285629987716,0.133799239993095
4464,D-lit,জড়সড়,D,B,0,B,1,0.228914126753807,0.38042378425598106,0.38042378425598106,0.21089307963848103,3,219,common,country,0,0,1,0.20488558709621402,0.38042378425598106,0.185776442289352,0.228914126753807
4464,D-surf,জড়সড়,A,A,1,,0,0.317999720573425,,0.317999720573425,0.16681975126266402,0,204,common,country,0,0,1,0.317999720573425,0.20262725651264102,0.30530825257301303,0.17406480014324102
4464,D-sem,জড়সড়,D,B,0,,0,0.24639438092708502,,0.272232830524444,0.171939253807067,3,216,common,country,0,0,1,0.219386398792266,0.272232830524444,0.261986404657363,0.24639438092708502
4464,D-hard,জড়সড়,A,C,0,C,1,0.225657865405082,0.285332322120666,0.285332322120666,0.21594339609146102,0,282,common,country,0,0,1,0.225657865405082,0.22562074661254802,0.285332322120666,0.26338905096054
4466,D-rand,জড়িপটি খাওয়া,A,A,1,,0,0.9057291746139521,,0.9057291746139521,0.7552052736282341,0,177,common,deep rural,0,0,2,0.9057291746139521,0.03529230877757,0.034830350428819004,0.024148233234882
4466,D-lit,জড়িপটি খাওয়া,A,B,0,B,1,0.419811785221099,0.5252749323844911,0.5252749323844911,0.41298803687095603,0,261,common,deep rural,0,0,2,0.419811785221099,0.5252749323844911,0.031929712742567,0.022983567789196
4466,D-surf,জড়িপটি খাওয়া,D,D,1,,0,0.899899184703826,,0.899899184703826,0.7018828988075251,3,225,common,deep rural,0,0,2,0.041963055729866,0.027117058634757003,0.031020630151033003,0.899899184703826
4466,D-sem,জড়িপটি খাওয়া,D,D,1,,0,0.895240545272827,,0.895240545272827,0.714363396167755,3,176,common,deep rural,0,0,2,0.045853998512029,0.04037842527031801,0.018527042120695003,0.895240545272827
4466,D-hard,জড়িপটি খাওয়া,C,D,0,D,1,0.450590014457702,0.476800799369812,0.476800799369812,0.368056744337081,2,215,common,deep rural,0,0,2,0.028868341818451004,0.043740827590227,0.450590014457702,0.476800799369812
4472,D-rand,জনপদ,B,B,1,,0,0.5729485154151911,,0.5729485154151911,0.288165003061294,1,199,common,country,1,0,1,0.266124248504638,0.5729485154151911,0.065691374242305,0.095235869288444
4472,D-lit,জনপদ,C,D,0,D,1,0.083510272204875,0.8513520956039421,0.8513520956039421,0.664270460605621,2,176,common,country,1,0,1,0.023448672145605,0.041688971221446006,0.083510272204875,0.8513520956039421
4472,D-surf,জনপদ,A,A,1,,0,0.440052032470703,,0.440052032470703,0.211574062705039,0,218,common,country,1,0,1,0.440052032470703,0.16087648272514302,0.03593061864376,0.363140851259231
4472,D-sem,জনপদ,D,D,1,,0,0.502918124198913,,0.502918124198913,0.22418710589408802,3,231,common,country,1,0,1,0.29560595750808705,0.14048936963081302,0.06098661199212001,0.502918124198913
4472,D-hard,জনপদ,B,A,0,A,1,0.086934365332126,0.838317394256591,0.838317394256591,0.646891891956329,1,231,common,country,1,0,1,0.838317394256591,0.086934365332126,0.021978866308927,0.052769389003515
4477,D-rand,জনমানবশূন্য,D,D,1,,0,0.50704950094223,,0.50704950094223,0.269553273916244,3,208,common,deep rural,0,0,1,0.07643802464008301,0.17589434981346103,0.24061810970306302,0.50704950094223
4477,D-lit,জনমানবশূন্য,C,A,0,A,1,0.044224075973033,0.921435534954071,0.921435534954071,0.7560012340545651,2,214,common,deep rural,0,0,1,0.921435534954071,0.007432871032506,0.044224075973033,0.026907555758953
4477,D-surf,জনমানবশূন্য,D,D,1,,0,0.528724610805511,,0.528724610805511,0.31147125363349903,3,188,common,deep rural,0,0,1,0.10599647462368,0.175169378519058,0.19010952115058902,0.528724610805511
4477,D-sem,জনমানবশূন্য,D,C,0,,0,0.280758291482925,,0.462038218975067,0.258986800909042,3,201,common,deep rural,0,0,1,0.074367210268974,0.182836279273033,0.462038218975067,0.280758291482925
4477,D-hard,জনমানবশূন্য,A,D,0,D,1,0.040038060396909006,0.9409022927284241,0.9409022927284241,0.799512863159179,0,196,common,deep rural,0,0,1,0.040038060396909006,0.010826300829648,0.00823328923434,0.9409022927284241
4480,D-rand,জনাকতক,B,B,1,,0,0.326068669557571,,0.326068669557571,0.168473705649375,1,240,common,country,0,0,1,0.29115903377532903,0.326068669557571,0.21016938984394,0.17260293662548
4480,D-lit,জনাকতক,B,C,0,C,1,0.121656171977519,0.696526408195495,0.696526408195495,0.414454698562622,1,203,common,country,0,0,1,0.094895675778388,0.121656171977519,0.696526408195495,0.08692173659801401
4480,D-surf,জনাকতক,C,C,1,,0,0.28411889076232905,,0.28411889076232905,0.179809316992759,2,201,common,country,0,0,1,0.248630598187446,0.258404284715652,0.28411889076232905,0.208846271038055
4480,D-sem,জনাকতক,A,B,0,,0,0.33551588654518105,,0.36150580644607505,0.16699577867984702,0,145,common,country,0,0,1,0.33551588654518105,0.36150580644607505,0.117419764399528,0.18555848300457
4480,D-hard,জনাকতক,B,C,0,C,1,0.123588785529136,0.707662940025329,0.707662940025329,0.414235234260559,1,172,common,country,0,0,1,0.05513087660074201,0.123588785529136,0.707662940025329,0.11361746490001601
4482,D-rand,জনান্তিকে,C,C,1,,0,0.38536396622657704,,0.38536396622657704,0.23764666914939803,2,251,rare,country,1,0,1,0.16375750303268402,0.22937735915184002,0.38536396622657704,0.221501141786575
4482,D-lit,জনান্তিকে,B,A,0,A,1,0.188052773475646,0.615319073200225,0.615319073200225,0.35722956061363204,1,204,rare,country,1,0,1,0.615319073200225,0.188052773475646,0.104615166783332,0.09201304614543901
4482,D-surf,জনান্তিকে,D,D,1,,0,0.356229722499847,,0.356229722499847,0.21586981415748502,3,316,rare,country,1,0,1,0.175960198044776,0.160239338874816,0.30757072567939703,0.356229722499847
4482,D-sem,জনান্তিকে,B,B,1,,0,0.41835206747055004,,0.41835206747055004,0.29634425044059703,1,246,rare,country,1,0,1,0.149669766426086,0.41835206747055004,0.214170753955841,0.21780739724636003
4482,D-hard,জনান্তিকে,D,C,0,C,1,0.18451903760433103,0.6189857125282281,0.6189857125282281,0.45363742113113403,3,236,rare,country,1,0,1,0.097555890679359,0.098939359188079,0.6189857125282281,0.18451903760433103
4484,D-rand,জনৈক,A,C,0,,0,0.272732853889465,,0.341004282236099,0.169837266206741,0,181,common,country,0,0,1,0.272732853889465,0.28632161021232605,0.341004282236099,0.09994126111268901
4484,D-lit,জনৈক,B,A,0,A,1,0.192390322685241,0.5389414429664611,0.5389414429664611,0.403289318084716,1,173,common,country,0,0,1,0.5389414429664611,0.192390322685241,0.18801258504390703,0.08065569400787301
4484,D-surf,জনৈক,C,C,1,,0,0.31754279136657704,,0.31754279136657704,0.21384999155998202,2,151,common,country,0,0,1,0.19574250280857,0.186263084411621,0.31754279136657704,0.30045157670974704
4484,D-sem,জনৈক,D,B,0,,0,0.21956908702850303,,0.434817999601364,0.322673261165618,3,230,common,country,0,0,1,0.14797393977642,0.434817999601364,0.19763894379138902,0.21956908702850303
4484,D-hard,জনৈক,B,D,0,D,1,0.18476068973541201,0.5694783329963681,0.5694783329963681,0.32058835029602,1,141,common,country,0,0,1,0.15898700058460202,0.18476068973541201,0.086773961782455,0.5694783329963681
4485,D-rand,জন্ম-এয়োতি,A,A,1,,0,0.42555135488510104,,0.42555135488510104,0.33907979726791304,0,286,rare,country,0,1,2,0.42555135488510104,0.167191267013549,0.16711302101612002,0.24014434218406602
4485,D-lit,জন্ম-এয়োতি,B,A,0,A,1,0.14644701778888702,0.509785413742065,0.509785413742065,0.376109629869461,1,242,rare,country,0,1,2,0.509785413742065,0.14644701778888702,0.12301249802112502,0.220755070447921
4485,D-surf,জন্ম-এয়োতি,A,A,1,,0,0.31954735517501803,,0.31954735517501803,0.23525182902812902,0,198,rare,country,0,1,2,0.31954735517501803,0.313450276851654,0.18923844397068001,0.177763924002647
4485,D-sem,জন্ম-এয়োতি,C,C,1,,0,0.38943874835968,,0.38943874835968,0.24986995756626101,2,293,rare,country,0,1,2,0.142862901091575,0.31162065267562805,0.38943874835968,0.156077742576599
4485,D-hard,জন্ম-এয়োতি,A,C,0,C,1,0.171558499336242,0.510600268840789,0.510600268840789,0.425494968891143,0,252,rare,country,0,1,2,0.171558499336242,0.22300252318382202,0.510600268840789,0.09483873844146701
4500,D-rand,জমাখরচ,C,A,0,,0,0.23170837759971602,,0.29296451807022,0.17881506681442202,2,253,common,country,0,0,1,0.29296451807022,0.23921348154544803,0.23170837759971602,0.236113637685775
4500,D-lit,জমাখরচ,C,D,0,D,1,0.012092423625290002,0.9609106779098511,0.9609106779098511,0.861859858036041,2,224,common,country,0,0,1,0.012097027152776002,0.014899945817887,0.012092423625290002,0.9609106779098511
4500,D-surf,জমাখরচ,C,D,0,,0,0.24864256381988503,,0.343293458223342,0.174106955528259,2,194,common,country,0,0,1,0.24692963063716802,0.16113436222076402,0.24864256381988503,0.343293458223342
4500,D-sem,জমাখরচ,D,D,1,,0,0.283930093050003,,0.283930093050003,0.157502397894859,3,173,common,country,0,0,1,0.280053615570068,0.248951718211174,0.18706455826759302,0.283930093050003
4500,D-hard,জমাখরচ,B,D,0,D,1,0.012970967218279,0.9698023200035091,0.9698023200035091,0.806819856166839,1,194,common,country,0,0,1,0.008660391904413001,0.012970967218279,0.008566375821828,0.9698023200035091
4537,D-rand,জলপড়া,C,C,1,,0,0.514090776443481,,0.514090776443481,0.30255424976348805,2,257,common,deep rural,0,1,1,0.208968102931976,0.15038809180259702,0.514090776443481,0.126552999019622
4537,D-lit,জলপড়া,C,D,0,D,1,0.05199623480439101,0.8710880875587461,0.8710880875587461,0.6972694993019101,2,203,common,deep rural,0,1,1,0.022687051445245,0.054228596389293005,0.05199623480439101,0.8710880875587461
4537,D-surf,জলপড়া,B,B,1,,0,0.379696309566497,,0.379696309566497,0.23192839324474301,1,267,common,deep rural,0,1,1,0.34886175394058205,0.379696309566497,0.15684174001216802,0.11460019648075101
4537,D-sem,জলপড়া,B,B,1,,0,0.391629129648208,,0.391629129648208,0.318347960710525,1,221,common,deep rural,0,1,1,0.263401448726654,0.391629129648208,0.10327474027872001,0.24169465899467402
4537,D-hard,জলপড়া,B,A,0,A,1,0.06235973164439201,0.891367435455322,0.891367435455322,0.700158536434173,1,209,common,deep rural,0,1,1,0.891367435455322,0.06235973164439201,0.022220617160201003,0.024052182212471
4538,D-rand,জলপান,B,B,1,,0,0.44677910208702004,,0.44677910208702004,0.20039816200733102,1,192,common,country,0,0,1,0.243225648999214,0.44677910208702004,0.155547946691513,0.154447302222251
4538,D-lit,জলপান,B,C,0,C,1,0.034243736416101005,0.9332079291343681,0.9332079291343681,0.695431649684906,1,210,common,country,0,0,1,0.015414577908813001,0.034243736416101005,0.9332079291343681,0.017133655026555002
4538,D-surf,জলপান,A,A,1,,0,0.463651955127716,,0.463651955127716,0.27799198031425404,0,208,common,country,0,0,1,0.463651955127716,0.16689819097518901,0.149907946586608,0.219541952013969
4538,D-sem,জলপান,B,B,1,,0,0.418889373540878,,0.418889373540878,0.234516382217407,1,204,common,country,0,0,1,0.175856754183769,0.418889373540878,0.24403896927833502,0.16121487319469402
4538,D-hard,জলপান,B,D,0,D,1,0.039929457008838,0.928803920745849,0.928803920745849,0.6693290472030641,1,195,common,country,0,0,1,0.017482353374361003,0.039929457008838,0.013784197159111002,0.928803920745849
4542,D-rand,জলভাত,B,A,0,,0,0.255272418260574,,0.29084116220474204,0.216804876923561,1,172,common,country,0,0,1,0.29084116220474204,0.255272418260574,0.17059704661369302,0.28328934311866705
4542,D-lit,জলভাত,D,C,0,C,1,0.13445441424846602,0.49700245261192305,0.49700245261192305,0.301245808601379,3,199,common,country,0,0,1,0.168959572911262,0.19958357512950803,0.49700245261192305,0.13445441424846602
4542,D-surf,জলভাত,D,C,0,,0,0.24606178700923903,,0.270748704671859,0.192002430558204,3,189,common,country,0,0,1,0.25953409075737,0.223655402660369,0.270748704671859,0.24606178700923903
4542,D-sem,জলভাত,C,A,0,,0,0.21888972818851402,,0.366016060113906,0.24923315644264202,2,163,common,country,0,0,1,0.366016060113906,0.180877611041069,0.21888972818851402,0.234216555953025
4542,D-hard,জলভাত,C,D,0,D,1,0.15685988962650302,0.5924159884452821,0.5924159884452821,0.290443867444992,2,158,common,country,0,0,1,0.153823614120483,0.096900522708892,0.15685988962650302,0.5924159884452821
4546,D-rand,জলবিয়োগ,B,B,1,,0,0.345956683158874,,0.345956683158874,0.24492771923542003,1,237,rare,country,0,0,1,0.297786325216293,0.345956683158874,0.258773654699325,0.09748338162899
4546,D-lit,জলবিয়োগ,C,D,0,D,1,0.026747372001409003,0.9390707015991211,0.9390707015991211,0.8032429218292231,2,155,rare,country,0,0,1,0.014815884642302001,0.019365943968296002,0.026747372001409003,0.9390707015991211
4546,D-surf,জলবিয়োগ,A,A,1,,0,0.292776972055435,,0.292776972055435,0.26008504629135104,0,344,rare,country,0,0,1,0.292776972055435,0.21734580397605802,0.232928022742271,0.256949186325073
4546,D-sem,জলবিয়োগ,B,B,1,,0,0.43142989277839605,,0.43142989277839605,0.268886089324951,1,169,rare,country,0,0,1,0.17719212174415502,0.43142989277839605,0.17923828959465002,0.21213972568511902
4546,D-hard,জলবিয়োগ,B,C,0,C,1,0.026979278773069004,0.9422222971916191,0.9422222971916191,0.810679078102111,1,157,rare,country,0,0,1,0.015224624425172001,0.026979278773069004,0.9422222971916191,0.015573764219880002
4551,D-rand,জল সহা,D,D,1,,0,0.6080718040466301,,0.6080718040466301,0.429080694913864,3,230,rare,deep rural,0,1,2,0.10463754832744501,0.19038771092891602,0.096902929246425,0.6080718040466301
4551,D-lit,জল সহা,A,B,0,B,1,0.22054785490036002,0.6931112408638,0.6931112408638,0.45728519558906505,0,272,rare,deep rural,0,1,2,0.22054785490036002,0.6931112408638,0.026439007371664002,0.05990195646882
4551,D-surf,জল সহা,B,D,0,,0,0.304039478302001,,0.615004181861877,0.42790558934211703,1,222,rare,deep rural,0,1,2,0.041897352784872006,0.304039478302001,0.039059028029441,0.615004181861877
4551,D-sem,জল সহা,B,B,1,,0,0.515977263450622,,0.515977263450622,0.31771832704544,1,291,rare,deep rural,0,1,2,0.31474187970161405,0.515977263450622,0.096394158899784,0.072886742651462
4551,D-hard,জল সহা,A,D,0,D,1,0.21452851593494401,0.6654167175292961,0.6654167175292961,0.5039178133010861,0,248,rare,deep rural,0,1,2,0.21452851593494401,0.041276134550571005,0.078778631985187,0.6654167175292961
4572,D-rand,জলের ছিটে দিয়ে লগির গুঁতো খাওয়া,D,A,0,,0,0.186648070812225,,0.30714264512062,0.15734964609146102,3,239,common,deep rural,0,0,6,0.30714264512062,0.23771679401397702,0.26849251985549905,0.186648070812225
4572,D-lit,জলের ছিটে দিয়ে লগির গুঁতো খাওয়া,B,D,0,D,1,0.022534647956490003,0.9115820527076721,0.9115820527076721,0.7115684151649471,1,263,common,deep rural,0,0,6,0.035297933965921,0.022534647956490003,0.030585329979658002,0.9115820527076721
4572,D-surf,জলের ছিটে দিয়ে লগির গুঁতো খাওয়া,C,A,0,,0,0.168565735220909,,0.32750838994979803,0.193138644099235,2,266,common,deep rural,0,0,6,0.32750838994979803,0.26906573772430403,0.168565735220909,0.23486013710498801
4572,D-sem,জলের ছিটে দিয়ে লগির গুঁতো খাওয়া,D,A,0,,0,0.18217477202415402,,0.348495423793792,0.20126695930957703,3,251,common,deep rural,0,0,6,0.348495423793792,0.20694351196289001,0.26238635182380604,0.18217477202415402
4572,D-hard,জলের ছিটে দিয়ে লগির গুঁতো খাওয়া,B,A,0,A,1,0.027337567880749,0.8630155920982361,0.8630155920982361,0.6753209829330441,1,240,common,deep rural,0,0,6,0.8630155920982361,0.027337567880749,0.033708717674016,0.07593825459480201
4580,D-rand,জাঁকজমক,C,D,0,,0,0.19087010622024503,,0.316710829734802,0.16366879642009702,2,155,common,country,0,0,1,0.213098526000976,0.279320508241653,0.19087010622024503,0.316710829734802
4580,D-lit,জাঁকজমক,D,A,0,C,0,0.200851246714591,0.191354647278785,0.42754861712455705,0.202001839876174,3,222,common,country,0,0,1,0.42754861712455705,0.18024542927742002,0.191354647278785,0.200851246714591
4580,D-surf,জাঁকজমক,A,B,0,,0,0.24655942618846802,,0.33679080009460405,0.17549574375152502,0,260,common,country,0,0,1,0.24655942618846802,0.33679080009460405,0.25448536872863703,0.16216439008712702
4580,D-sem,জাঁকজমক,C,A,0,,0,0.214401796460151,,0.38848233222961404,0.20531253516674003,2,214,common,country,0,0,1,0.38848233222961404,0.173148304224014,0.214401796460151,0.223967567086219
4580,D-hard,জাঁকজমক,B,D,0,A,0,0.157890111207962,0.166817769408226,0.38832795619964605,0.184319779276847,1,313,common,country,0,0,1,0.166817769408226,0.157890111207962,0.28696411848068204,0.38832795619964605
4589,D-rand,জাত খাওয়া,B,B,1,,0,0.8202100396156311,,0.8202100396156311,0.6466678977012631,1,271,common,country,0,1,2,0.078583374619483,0.8202100396156311,0.040672015398740005,0.060534596443176006
4589,D-lit,জাত খাওয়া,C,D,0,D,1,0.220317348837852,0.758259057998657,0.758259057998657,0.565762877464294,2,242,common,country,0,1,2,0.008786614984273002,0.012636892497539002,0.220317348837852,0.758259057998657
4589,D-surf,জাত খাওয়া,B,B,1,,0,0.8131505250930781,,0.8131505250930781,0.6073233485221861,1,219,common,country,0,1,2,0.045069199055433,0.8131505250930781,0.036432728171348,0.10534755140542901
4589,D-sem,জাত খাওয়া,C,C,1,,0,0.593541979789733,,0.593541979789733,0.41574433445930403,2,197,common,country,0,1,2,0.018902095034718,0.369316697120666,0.593541979789733,0.018239183351397
4589,D-hard,জাত খাওয়া,C,A,0,A,1,0.27390101552009505,0.680061340332031,0.680061340332031,0.5470253229141231,2,223,common,country,0,1,2,0.680061340332031,0.027411414310336002,0.27390101552009505,0.018626147881150003
4600,D-rand,জাতি-কুল,C,C,1,,0,0.6155519485473631,,0.6155519485473631,0.44744360446929904,2,326,common,country,1,1,2,0.10136948525905601,0.10165027529001201,0.6155519485473631,0.181428357958793
4600,D-lit,জাতি-কুল,B,C,0,C,1,0.05745471268892201,0.9154617786407471,0.9154617786407471,0.7562648057937621,1,227,common,country,1,1,2,0.01477687433362,0.05745471268892201,0.9154617786407471,0.012306608259677
4600,D-surf,জাতি-কুল,C,C,1,,0,0.537169337272644,,0.537169337272644,0.31305688619613603,2,288,common,country,1,1,2,0.10052353888750001,0.26276785135269104,0.537169337272644,0.099539257586002
4600,D-sem,জাতি-কুল,B,B,1,,0,0.517880022525787,,0.517880022525787,0.2749784886837,1,250,common,country,1,1,2,0.11440518498420701,0.517880022525787,0.23827803134918202,0.129436761140823
4600,D-hard,জাতি-কুল,B,D,0,D,1,0.05066403746604901,0.844403862953186,0.844403862953186,0.7395003437995911,1,221,common,country,1,1,2,0.09526897221803601,0.05066403746604901,0.00966309569776,0.844403862953186
4605,D-rand,জাত্যভিমান,A,D,0,,0,0.203547909855842,,0.326505571603775,0.216875836253166,0,251,common,country,0,1,1,0.203547909855842,0.261696338653564,0.20825015008449502,0.326505571603775
4605,D-lit,জাত্যভিমান,A,D,0,D,1,0.083535194396972,0.7481247782707211,0.7481247782707211,0.6237576007843011,0,210,common,country,0,1,1,0.083535194396972,0.09089352190494501,0.077446520328521,0.7481247782707211
4605,D-surf,জাত্যভিমান,C,A,0,,0,0.27835139632225003,,0.35179880261421204,0.15946146845817502,2,180,common,country,0,1,1,0.35179880261421204,0.140020921826362,0.27835139632225003,0.22982884943485202
4605,D-sem,জাত্যভিমান,B,A,0,,0,0.264360666275024,,0.421902507543563,0.25562804937362604,1,209,common,country,0,1,1,0.421902507543563,0.264360666275024,0.171609118580818,0.14212764799594801
4605,D-hard,জাত্যভিমান,B,C,0,C,1,0.07237493246793701,0.7438549995422361,0.7438549995422361,0.523614585399627,1,218,common,country,0,1,1,0.133540838956832,0.07237493246793701,0.7438549995422361,0.050229273736476
4615,D-rand,জানাশুনা,C,A,0,,0,0.08982624113559701,,0.516717314720153,0.32984295487403803,2,174,common,country,0,0,1,0.516717314720153,0.097138062119483,0.08982624113559701,0.296318352222442
4615,D-lit,জানাশুনা,A,D,0,D,1,0.043139386922121006,0.8832731246948241,0.8832731246948241,0.7435832619667051,0,245,common,country,0,0,1,0.043139386922121006,0.027754856273531,0.045832641422748004,0.8832731246948241
4615,D-surf,জানাশুনা,B,D,0,,0,0.26455152034759505,,0.31711801886558505,0.19729089736938402,1,177,common,country,0,0,1,0.229197204113006,0.26455152034759505,0.189133271574974,0.31711801886558505
4615,D-sem,জানাশুনা,C,D,0,,0,0.165590345859527,,0.40617749094963,0.238364890217781,2,139,common,country,0,0,1,0.24530574679374603,0.182926476001739,0.165590345859527,0.40617749094963
4615,D-hard,জানাশুনা,B,C,0,C,1,0.04546233639121,0.8116325736045831,0.8116325736045831,0.5961501598358151,1,189,common,country,0,0,1,0.10229643434286101,0.04546233639121,0.8116325736045831,0.040608670562505
4624,D-rand,জামাকাপড়,D,B,0,,0,0.23297205567359902,,0.401881545782089,0.18657152354717202,3,176,very common,country,0,0,1,0.190140858292579,0.401881545782089,0.17500548064708701,0.23297205567359902
4624,D-lit,জামাকাপড়,B,A,0,A,1,0.035147760063409,0.9009385108947751,0.9009385108947751,0.7522916197776791,1,234,very common,country,0,0,1,0.9009385108947751,0.035147760063409,0.034034542739391,0.029879247769713003
4624,D-surf,জামাকাপড়,D,A,0,,0,0.278830260038375,,0.282886743545532,0.19121709465980502,3,214,very common,country,0,0,1,0.282886743545532,0.265282541513443,0.173000484704971,0.278830260038375
4624,D-sem,জামাকাপড়,D,A,0,,0,0.30519166588783203,,0.34003999829292303,0.151178210973739,3,228,very common,country,0,0,1,0.34003999829292303,0.14303056895732802,0.211737751960754,0.30519166588783203
4624,D-hard,জামাকাপড়,B,C,0,C,1,0.037453364580869,0.9080117940902711,0.9080117940902711,0.693558812141418,1,285,very common,country,0,0,1,0.028514871373772004,0.037453364580869,0.9080117940902711,0.026019977405667003
4635,D-rand,জাল গুটানো,C,B,0,,0,0.11902423202991401,,0.42490667104721,0.242874711751937,2,283,common,country,0,0,2,0.24367529153823803,0.42490667104721,0.11902423202991401,0.212393790483474
4635,D-lit,জাল গুটানো,D,B,0,B,1,0.0048491479828950005,0.9662305712699891,0.9662305712699891,0.7771912813186641,3,244,common,country,0,0,2,0.014263621531426001,0.9662305712699891,0.014656745828688,0.0048491479828950005
4635,D-surf,জাল গুটানো,B,A,0,,0,0.051390253007411006,,0.5716003179550171,0.446294099092483,1,295,common,country,0,0,2,0.5716003179550171,0.051390253007411006,0.18982025980949402,0.187189161777496
4635,D-sem,জাল গুটানো,A,B,0,,0,0.145043537020683,,0.42058670520782404,0.258318424224853,0,193,common,country,0,0,2,0.145043537020683,0.42058670520782404,0.219715282320976,0.21465443074703203
4635,D-hard,জাল গুটানো,B,D,0,D,1,0.004809623584151,0.980681478977203,0.980681478977203,0.825513541698455,1,206,common,country,0,0,2,0.00714736431837,0.004809623584151,0.007361534517258001,0.980681478977203
4691,D-rand,জুজুর ভয়,B,B,1,,0,0.607785165309906,,0.607785165309906,0.328543663024902,1,236,common,country,0,0,2,0.21790812909603102,0.607785165309906,0.080017380416393,0.09428929537534701
4691,D-lit,জুজুর ভয়,A,B,0,B,1,0.028218327090144,0.9525927305221551,0.9525927305221551,0.80982756614685,0,256,common,country,0,0,2,0.028218327090144,0.9525927305221551,0.010549450293183,0.008639438077807001
4691,D-surf,জুজুর ভয়,D,D,1,,0,0.36717835068702703,,0.36717835068702703,0.264558374881744,3,208,common,country,0,0,2,0.22727222740650102,0.053255096077919006,0.352294355630874,0.36717835068702703
4691,D-sem,জুজুর ভয়,A,C,0,,0,0.05960613489151,,0.792058587074279,0.68272978067398,0,248,common,country,0,0,2,0.05960613489151,0.007598585914820001,0.792058587074279,0.14073671400547
4691,D-hard,জুজুর ভয়,D,B,0,B,1,0.025417827069759,0.9097715616226191,0.9097715616226191,0.861501991748809,3,226,common,country,0,0,2,0.049484465271234006,0.9097715616226191,0.015326143242418001,0.025417827069759
4695,D-rand,জুতা সেলাই থেকে চণ্ডীপাঠ,B,A,0,,0,0.24087338149547502,,0.445589244365692,0.16691596806049303,1,234,common,country,0,0,4,0.445589244365692,0.24087338149547502,0.161661714315414,0.15187571942806202
4695,D-lit,জুতা সেলাই থেকে চণ্ডীপাঠ,B,D,0,D,1,0.056659556925296006,0.843341410160064,0.843341410160064,0.598873853683471,1,239,common,country,0,0,4,0.052889980375766005,0.056659556925296006,0.047109115868806006,0.843341410160064
4695,D-surf,জুতা সেলাই থেকে চণ্ডীপাঠ,B,A,0,,0,0.26027390360832203,,0.3042973279953,0.12151795625686601,1,234,common,country,0,0,4,0.3042973279953,0.26027390360832203,0.22951507568359303,0.205913707613945
4695,D-sem,জুতা সেলাই থেকে চণ্ডীপাঠ,D,B,0,,0,0.23651270568370802,,0.279393911361694,0.14191946387290902,3,302,common,country,0,0,4,0.225132718682289,0.279393911361694,0.258960664272308,0.23651270568370802
4695,D-hard,জুতা সেলাই থেকে চণ্ডীপাঠ,A,D,0,D,1,0.056775227189064005,0.8185095191001891,0.8185095191001891,0.5640686750411981,0,250,common,country,0,0,4,0.056775227189064005,0.05797697976231501,0.06673825532197901,0.8185095191001891
4696,D-rand,জুয়াচোর,C,B,0,,0,0.21744105219841,,0.31977602839469904,0.23790901899337702,2,248,very common,country,0,0,1,0.191288277506828,0.31977602839469904,0.21744105219841,0.27149465680122303
4696,D-lit,জুয়াচোর,C,B,0,B,1,0.09041292220354001,0.7049683928489681,0.7049683928489681,0.50564557313919,2,212,very common,country,0,0,1,0.08235927671194,0.7049683928489681,0.09041292220354001,0.12225939333438801
4696,D-surf,জুয়াচোর,A,D,0,,0,0.22505609691143003,,0.358144432306289,0.22928214073181102,0,196,very common,country,0,0,1,0.22505609691143003,0.153323769569396,0.263475686311721,0.358144432306289
4696,D-sem,জুয়াচোর,C,A,0,,0,0.223717093467712,,0.32163220643997104,0.23197510838508603,2,268,very common,country,0,0,1,0.32163220643997104,0.21670845150947501,0.223717093467712,0.23794224858283902
4696,D-hard,জুয়াচোর,B,A,0,A,1,0.095609113574028,0.647589981555938,0.647589981555938,0.523105978965759,1,305,very common,country,0,0,1,0.647589981555938,0.095609113574028,0.158535808324813,0.098265089094638
4700,D-rand,জেগে স্বপ্ন দেখা,C,C,1,,0,0.38225245475769004,,0.38225245475769004,0.16796678304672202,2,208,common,country,0,0,3,0.228514119982719,0.174708098173141,0.38225245475769004,0.21452538669109303
4700,D-lit,জেগে স্বপ্ন দেখা,C,D,0,D,1,0.018911307677626003,0.9523043632507321,0.9523043632507321,0.831056416034698,2,221,common,country,0,0,3,0.018962511792778,0.009821861051023001,0.018911307677626003,0.9523043632507321
4700,D-surf,জেগে স্বপ্ন দেখা,B,D,0,,0,0.292068392038345,,0.40430563688278204,0.252348512411117,1,220,common,country,0,0,3,0.154694765806198,0.292068392038345,0.148931264877319,0.40430563688278204
4700,D-sem,জেগে স্বপ্ন দেখা,A,C,0,,0,0.278712540864944,,0.286214739084243,0.17635586857795701,0,211,common,country,0,0,3,0.278712540864944,0.17498323321342402,0.286214739084243,0.26008948683738703
4700,D-hard,জেগে স্বপ্ন দেখা,A,D,0,D,1,0.019473690539598,0.957679629325866,0.957679629325866,0.837881743907928,0,204,common,country,0,0,3,0.019473690539598,0.011454886756837,0.011391766369342,0.957679629325866
4728,D-rand,জোরজবরদস্তি,D,B,0,,0,0.32566198706626803,,0.332404404878616,0.17163443565368602,3,214,common,country,0,0,1,0.152102217078208,0.332404404878616,0.18983139097690502,0.32566198706626803
4728,D-lit,জোরজবরদস্তি,B,C,0,C,1,0.08956772089004501,0.773001253604888,0.773001253604888,0.6270895004272461,1,235,common,country,0,0,1,0.07192479819059301,0.08956772089004501,0.773001253604888,0.065506167709827
4728,D-surf,জোরজবরদস্তি,C,A,0,,0,0.295336604118347,,0.299501657485961,0.14416728913784002,2,170,common,country,0,0,1,0.299501657485961,0.185517460107803,0.295336604118347,0.21964430809020902
4728,D-sem,জোরজবরদস্তি,A,A,1,,0,0.368461698293685,,0.368461698293685,0.27623733878135603,0,236,common,country,0,0,1,0.368461698293685,0.217503517866134,0.17356128990650102,0.240473449230194
4728,D-hard,জোরজবরদস্তি,C,D,0,D,1,0.088058695197105,0.787746727466583,0.787746727466583,0.6170168519020081,2,312,common,country,0,0,1,0.06967173516750301,0.05452278256416301,0.088058695197105,0.787746727466583
4741,D-rand,জ্ঞান দেওয়া,C,C,1,,0,0.579833984375,,0.579833984375,0.315994322299957,2,211,common,country,0,0,2,0.18561495840549402,0.08662946522235801,0.579833984375,0.14792154729366302
4741,D-lit,জ্ঞান দেওয়া,B,C,0,C,1,0.05139178782701401,0.8986659646034241,0.8986659646034241,0.7513074874877931,1,237,common,country,0,0,2,0.024388862773776002,0.05139178782701401,0.8986659646034241,0.025553464889526003
4741,D-surf,জ্ঞান দেওয়া,A,A,1,,0,0.6829372048377991,,0.6829372048377991,0.45841372013092,0,225,common,country,0,0,2,0.6829372048377991,0.143309220671653,0.10539800673723201,0.068355560302734
4741,D-sem,জ্ঞান দেওয়া,D,D,1,,0,0.5151349306106561,,0.5151349306106561,0.358329981565475,3,263,common,country,0,0,2,0.09342966973781501,0.18649443984031602,0.20494095981121002,0.5151349306106561
4741,D-hard,জ্ঞান দেওয়া,D,C,0,C,1,0.053886450827121006,0.91876083612442,0.91876083612442,0.731337010860443,3,197,common,country,0,0,2,0.01893077045679,0.008421877399086,0.91876083612442,0.053886450827121006
4746,D-rand,জ্যালজ্যালে,D,A,0,,0,0.245304271578788,,0.45155602693557706,0.32857221364974903,3,179,rare,country,0,0,1,0.45155602693557706,0.15729983150959,0.14583982527256,0.245304271578788
4746,D-lit,জ্যালজ্যালে,B,C,0,C,1,0.019695237278938002,0.9406715631484981,0.9406715631484981,0.807766616344451,1,229,rare,country,0,0,1,0.01949143409729,0.019695237278938002,0.9406715631484981,0.020141806453466003
4746,D-surf,জ্যালজ্যালে,C,C,1,,0,0.278694242238998,,0.278694242238998,0.14885401725769,2,206,rare,country,0,0,1,0.26720961928367604,0.217079639434814,0.278694242238998,0.237016543745994
4746,D-sem,জ্যালজ্যালে,A,B,0,,0,0.24440865218639302,,0.44019412994384705,0.259652733802795,0,189,rare,country,0,0,1,0.24440865218639302,0.44019412994384705,0.172361657023429,0.143035575747489
4746,D-hard,জ্যালজ্যালে,D,B,0,B,1,0.021519241854548003,0.9514699578285211,0.9514699578285211,0.795331358909606,3,193,rare,country,0,0,1,0.008314575999975002,0.9514699578285211,0.018696174025535,0.021519241854548003
4806,D-rand,ঝাঁপ খোলা/বন্ধ,B,B,1,,0,0.8772891163825981,,0.8772891163825981,0.6949829459190361,1,248,common,country,0,0,2,0.035346515476703005,0.8772891163825981,0.044624600559473,0.042739696800708
4806,D-lit,ঝাঁপ খোলা/বন্ধ,A,C,0,C,1,0.053866330534219006,0.9409039020538331,0.9409039020538331,0.877230048179626,0,216,common,country,0,0,2,0.053866330534219006,0.0017143320292230002,0.9409039020538331,0.0035154249053440004
4806,D-surf,ঝাঁপ খোলা/বন্ধ,C,C,1,,0,0.9083013534545891,,0.9083013534545891,0.7730196118354791,2,246,common,country,0,0,2,0.032544001936912,0.030630256980657,0.9083013534545891,0.028524372726678
4806,D-sem,ঝাঁপ খোলা/বন্ধ,C,C,1,,0,0.8995946049690241,,0.8995946049690241,0.714970827102661,2,185,common,country,0,0,2,0.036762781441211,0.031529132276773,0.8995946049690241,0.032113526016473
4806,D-hard,ঝাঁপ খোলা/বন্ধ,C,B,0,B,1,0.060353141278028,0.934405863285064,0.934405863285064,0.8719437122344971,2,233,common,country,0,0,2,0.00334588275291,0.934405863285064,0.060353141278028,0.0018950240919360002
4813,D-rand,ঝাড়ের বাঁশ,A,C,0,,0,0.268710166215896,,0.441859185695648,0.23428572714328702,0,200,common,country,0,0,2,0.268710166215896,0.12566111981868702,0.441859185695648,0.163769483566284
4813,D-lit,ঝাড়ের বাঁশ,D,A,0,A,1,0.0055015771649770005,0.969378530979156,0.969378530979156,0.8334797024726861,3,242,common,country,0,0,2,0.969378530979156,0.013330861926078002,0.011789068579673,0.0055015771649770005
4813,D-surf,ঝাড়ের বাঁশ,D,A,0,,0,0.136082038283348,,0.40575632452964705,0.271514892578125,3,215,common,country,0,0,2,0.40575632452964705,0.252728551626205,0.205433085560798,0.136082038283348
4813,D-sem,ঝাড়ের বাঁশ,A,C,0,,0,0.226285621523857,,0.37583434581756503,0.27170526981353704,0,208,common,country,0,0,2,0.226285621523857,0.17916253209114003,0.37583434581756503,0.21871751546859702
4813,D-hard,ঝাড়ের বাঁশ,B,D,0,D,1,0.004348500631749,0.98613828420639,0.98613828420639,0.864767849445343,1,222,common,country,0,0,2,0.0037686903961000003,0.004348500631749,0.005744492169469001,0.98613828420639
4815,D-rand,পরের মুখে ঝাল খাওয়া,A,A,1,,0,0.549489855766296,,0.549489855766296,0.38456934690475403,0,210,common,country,0,0,4,0.549489855766296,0.12999740242958002,0.20275212824344602,0.117760598659515
4815,D-lit,পরের মুখে ঝাল খাওয়া,A,B,0,B,1,0.098350785672664,0.8417924046516411,0.8417924046516411,0.7703746557235711,0,290,common,country,0,0,4,0.098350785672664,0.8417924046516411,0.047315884381532,0.012540839612483002
4815,D-surf,পরের মুখে ঝাল খাওয়া,B,B,1,,0,0.394114524126052,,0.394114524126052,0.31472572684288,1,467,common,country,0,0,4,0.18026623129844602,0.394114524126052,0.11059412360191301,0.31502518057823103
4815,D-sem,পরের মুখে ঝাল খাওয়া,B,B,1,,0,0.594332516193389,,0.594332516193389,0.39490595459938005,1,231,common,country,0,0,4,0.11882309615612001,0.594332516193389,0.164225324988365,0.12261903285980201
4815,D-hard,পরের মুখে ঝাল খাওয়া,A,C,0,C,1,0.095883458852767,0.862087666988372,0.862087666988372,0.7388252019882201,0,261,common,country,0,0,4,0.095883458852767,0.021063016727566,0.862087666988372,0.020965903997421
4817,D-rand,ঝালানো,C,A,0,,0,0.248888030648231,,0.389906078577041,0.29556256532669,2,255,common,country,0,0,1,0.389906078577041,0.081416621804237,0.248888030648231,0.279789298772811
4817,D-lit,ঝালানো,B,D,0,D,1,0.013181503862142,0.960473120212554,0.960473120212554,0.8494096398353571,1,264,common,country,0,0,1,0.012110905721783001,0.013181503862142,0.014234469272196001,0.960473120212554
4817,D-surf,ঝালানো,A,A,1,,0,0.315104812383651,,0.315104812383651,0.22729656100273102,0,193,common,country,0,0,1,0.315104812383651,0.196734711527824,0.284862011671066,0.20329844951629603
4817,D-sem,ঝালানো,C,A,0,,0,0.244737654924392,,0.325716406106948,0.21560691297054202,2,260,common,country,0,0,1,0.325716406106948,0.27742588520050004,0.244737654924392,0.15212008357048
4817,D-hard,ঝালানো,B,D,0,D,1,0.013229570351541,0.9639166593551631,0.9639166593551631,0.8536354303359981,1,205,common,country,0,0,1,0.012557858601212,0.013229570351541,0.010295921005308,0.9639166593551631
4819,D-rand,ঝোলে ঝালে অম্বলে,B,B,1,,0,0.30308878421783403,,0.30308878421783403,0.19666042923927302,1,185,common,country,0,0,3,0.290943354368209,0.30308878421783403,0.167413055896759,0.23855482041835702
4819,D-lit,ঝোলে ঝালে অম্বলে,B,C,0,C,1,0.010352965444326,0.9692313075065611,0.9692313075065611,0.8521431684494011,1,278,common,country,0,0,3,0.012196209281682,0.010352965444326,0.9692313075065611,0.008219540119171
4819,D-surf,ঝোলে ঝালে অম্বলে,A,D,0,,0,0.26836380362510603,,0.306809782981872,0.189640074968338,0,236,common,country,0,0,3,0.26836380362510603,0.246486037969589,0.178340390324592,0.306809782981872
4819,D-sem,ঝোলে ঝালে অম্বলে,B,B,1,,0,0.303462296724319,,0.303462296724319,0.18732880055904302,1,202,common,country,0,0,3,0.267862111330032,0.303462296724319,0.18300215899944303,0.24567340314388203
4819,D-hard,ঝোলে ঝালে অম্বলে,C,A,0,A,1,0.009619255550205002,0.9736701846122741,0.9736701846122741,0.830593466758728,2,250,common,country,0,0,3,0.9736701846122741,0.005753585603088001,0.009619255550205002,0.010957007296383001
4835,D-rand,ঝুলি ঝাড়া,B,B,1,,0,0.6666133999824521,,0.6666133999824521,0.49823325872421204,1,201,common,country,0,0,2,0.150500252842903,0.6666133999824521,0.051747042685747,0.131139308214187
4835,D-lit,ঝুলি ঝাড়া,B,D,0,D,1,0.19091057777404702,0.764214932918548,0.764214932918548,0.6431726813316341,1,188,common,country,0,0,2,0.032680220901966005,0.19091057777404702,0.012194197624921,0.764214932918548
4835,D-surf,ঝুলি ঝাড়া,B,B,1,,0,0.7069573998451231,,0.7069573998451231,0.587421357631683,1,180,common,country,0,0,2,0.07665684819221401,0.7069573998451231,0.104098424315452,0.112287305295467
4835,D-sem,ঝুলি ঝাড়া,A,A,1,,0,0.7052397131919861,,0.7052397131919861,0.545454025268554,0,213,common,country,0,0,2,0.7052397131919861,0.10145718604326201,0.070927582681179,0.122375436127185
4835,D-hard,ঝুলি ঝাড়া,B,D,0,D,1,0.192915365099906,0.7722485065460201,0.7722485065460201,0.703776836395263,1,280,common,country,0,0,2,0.013072963804006,0.192915365099906,0.021763123571872003,0.7722485065460201
4867,D-rand,টঙটঙ করা,A,A,1,,0,0.510322630405426,,0.510322630405426,0.261258155107498,0,202,rare,country,0,0,2,0.510322630405426,0.133926302194595,0.13921235501766202,0.216538727283477
4867,D-lit,টঙটঙ করা,B,C,0,C,1,0.021693697199225002,0.9609539508819581,0.9609539508819581,0.8339823484420771,1,229,rare,country,0,0,2,0.010908860713243,0.021693697199225002,0.9609539508819581,0.006443576421588
4867,D-surf,টঙটঙ করা,C,C,1,,0,0.495419234037399,,0.495419234037399,0.295534968376159,2,221,rare,country,0,0,2,0.19340802729129702,0.216902732849121,0.495419234037399,0.09426996856927801
4867,D-sem,টঙটঙ করা,B,B,1,,0,0.5655163526535031,,0.5655163526535031,0.27802380919456404,1,200,rare,country,0,0,2,0.11519348621368401,0.5655163526535031,0.18719407916069,0.132096037268638
4867,D-hard,টঙটঙ করা,C,B,0,B,1,0.015215898863971001,0.9745951890945431,0.9745951890945431,0.7996631264686581,2,246,rare,country,0,0,2,0.006958936341106001,0.9745951890945431,0.015215898863971001,0.0032299268059430004
4869,D-rand,টনক নড়া,D,B,0,,0,0.18786306679248801,,0.325572162866592,0.279720991849899,3,275,very common,country,0,0,2,0.251259386539459,0.325572162866592,0.23530535399913702,0.18786306679248801
4869,D-lit,টনক নড়া,A,C,0,C,1,0.066251926124095,0.8823449015617371,0.8823449015617371,0.664244771003723,0,266,very common,country,0,0,2,0.066251926124095,0.023215696215629,0.8823449015617371,0.028187507763504004
4869,D-surf,টনক নড়া,C,C,1,,0,0.347785145044326,,0.347785145044326,0.23389054834842601,2,220,very common,country,0,0,2,0.197443813085556,0.14098727703094402,0.347785145044326,0.31378376483917203
4869,D-sem,টনক নড়া,B,B,1,,0,0.37584906816482505,,0.37584906816482505,0.27569362521171503,1,229,very common,country,0,0,2,0.30687978863716103,0.37584906816482505,0.139230966567993,0.178040191531181
4869,D-hard,টনক নড়া,A,B,0,B,1,0.066399991512298,0.8463582396507261,0.8463582396507261,0.6266455054283141,0,228,very common,country,0,0,2,0.066399991512298,0.8463582396507261,0.031300947070121,0.055940758436918
4876,D-rand,টপ্পা মারা,D,C,0,,0,0.199337840080261,,0.34426391124725303,0.23567059636116003,3,224,rare,country,0,0,2,0.20920567214488903,0.24719257652759502,0.34426391124725303,0.199337840080261
4876,D-lit,টপ্পা মারা,C,B,0,B,1,0.034083437174558,0.861835181713104,0.861835181713104,0.7480037808418271,2,230,rare,country,0,0,2,0.041114524006843005,0.861835181713104,0.034083437174558,0.062966808676719
4876,D-surf,টপ্পা মারা,A,B,0,,0,0.17960849404335003,,0.37035709619522,0.28318127989768904,0,255,rare,country,0,0,2,0.17960849404335003,0.37035709619522,0.292019665241241,0.15801475942134802
4876,D-sem,টপ্পা মারা,C,B,0,,0,0.173372894525527,,0.305733263492584,0.220790952444076,2,212,rare,country,0,0,2,0.23818697035312603,0.305733263492584,0.173372894525527,0.28270688652992204
4876,D-hard,টপ্পা মারা,B,D,0,D,1,0.035821080207824006,0.8239506483078001,0.8239506483078001,0.695316851139068,1,202,rare,country,0,0,2,0.08515111356973601,0.035821080207824006,0.055077143013477006,0.8239506483078001
4888,D-rand,টাঁশা,A,B,0,,0,0.242162406444549,,0.31905889511108404,0.22345897555351202,0,182,rare,country,0,0,1,0.242162406444549,0.31905889511108404,0.265397667884826,0.17338103055953902
4888,D-lit,টাঁশা,B,A,0,A,1,0.21992157399654302,0.345723748207092,0.345723748207092,0.21201737225055603,1,219,rare,country,0,0,1,0.345723748207092,0.21992157399654302,0.24940650165081002,0.184948101639747
4888,D-surf,টাঁশা,B,D,0,,0,0.23640440404415103,,0.30412915349006603,0.20164228975772802,1,171,rare,country,0,0,1,0.25826945900917003,0.23640440404415103,0.20119695365428902,0.30412915349006603
4888,D-sem,টাঁশা,A,B,0,,0,0.29856926202774003,,0.313924312591552,0.271544754505157,0,211,rare,country,0,0,1,0.29856926202774003,0.313924312591552,0.177822902798652,0.20968352258205403
4888,D-hard,টাঁশা,D,B,0,B,1,0.20890812575817103,0.363712489604949,0.363712489604949,0.24771669507026603,3,221,rare,country,0,0,1,0.25836208462715105,0.363712489604949,0.169017285108566,0.20890812575817103
4890,D-rand,টাইপ,A,A,1,,0,0.7469102740287781,,0.7469102740287781,0.528873920440673,0,222,very common,city,0,0,1,0.7469102740287781,0.052872344851493,0.12399020045995701,0.07622720301151201
4890,D-lit,টাইপ,C,A,0,A,1,0.40040335059165905,0.517343938350677,0.517343938350677,0.26614713668823203,2,216,very common,city,0,0,1,0.517343938350677,0.040949475020170004,0.40040335059165905,0.041303250938653
4890,D-surf,টাইপ,A,A,1,,0,0.7841948270797731,,0.7841948270797731,0.43729740381240806,0,186,very common,city,0,0,1,0.7841948270797731,0.12217552214860901,0.037369113415479,0.056260585784912005
4890,D-sem,টাইপ,D,D,1,,0,0.7845470905303951,,0.7845470905303951,0.528575897216796,3,190,very common,city,0,0,1,0.070261381566524,0.08501269668340601,0.060178872197866,0.7845470905303951
4890,D-hard,টাইপ,C,B,0,B,1,0.39224386215209905,0.49526351690292303,0.49526351690292303,0.266064286231994,2,194,very common,city,0,0,1,0.089467026293277,0.49526351690292303,0.39224386215209905,0.023025576025247
4894,D-rand,টাকা কামানো,D,C,0,,0,0.141864210367202,,0.525320410728454,0.32607564330101,3,258,common,country,0,0,2,0.183339729905128,0.149475648999214,0.525320410728454,0.141864210367202
4894,D-lit,টাকা কামানো,B,C,0,C,1,0.01620309613645,0.9587876796722411,0.9587876796722411,0.8212431669235231,1,166,common,country,0,0,2,0.009594618342816,0.01620309613645,0.9587876796722411,0.015414602123200002
4894,D-surf,টাকা কামানো,B,D,0,,0,0.089544400572776,,0.48820778727531405,0.336937457323074,1,219,common,country,0,0,2,0.07495165616273801,0.089544400572776,0.34729614853858903,0.48820778727531405
4894,D-sem,টাকা কামানো,A,C,0,,0,0.264463663101196,,0.36970135569572404,0.26651480793952903,0,244,common,country,0,0,2,0.264463663101196,0.220990002155303,0.36970135569572404,0.14484503865242002
4894,D-hard,টাকা কামানো,C,D,0,D,1,0.01466497592628,0.9617544412612911,0.9617544412612911,0.813433825969696,2,157,common,country,0,0,2,0.012459333986043,0.011121251620352001,0.01466497592628,0.9617544412612911
4907,D-rand,টাকার শ্রাদ্ধ,A,D,0,,0,0.179047867655754,,0.49205842614173806,0.35696983337402305,0,253,common,country,0,1,2,0.179047867655754,0.07854300737380901,0.250350803136825,0.49205842614173806
4907,D-lit,টাকার শ্রাদ্ধ,D,B,0,B,1,0.025579065084457002,0.931459307670593,0.931459307670593,0.7533631920814511,3,181,common,country,0,1,2,0.026262167841196,0.931459307670593,0.016699403524398002,0.025579065084457002
4907,D-surf,টাকার শ্রাদ্ধ,C,C,1,,0,0.27937057614326405,,0.27937057614326405,0.195322141051292,2,202,common,country,0,1,2,0.266133457422256,0.22928832471370603,0.27937057614326405,0.225207597017288
4907,D-sem,টাকার শ্রাদ্ধ,C,A,0,,0,0.21529321372509003,,0.28827664256095803,0.313857585191726,2,199,common,country,0,1,2,0.28827664256095803,0.28675469756126404,0.21529321372509003,0.20967546105384802
4907,D-hard,টাকার শ্রাদ্ধ,D,C,0,C,1,0.032880418002605,0.9104377627372741,0.9104377627372741,0.7484774589538571,3,194,common,country,0,1,2,0.023616518825292,0.033065333962440005,0.9104377627372741,0.032880418002605
4909,D-rand,টান ওঠা,D,C,0,,0,0.263896763324737,,0.294433295726776,0.17872998118400502,3,172,common,country,0,0,2,0.17735506594181003,0.264314889907836,0.294433295726776,0.263896763324737
4909,D-lit,টান ওঠা,B,C,0,C,1,0.008058734238147,0.975374400615692,0.975374400615692,0.821000039577484,1,222,common,country,0,0,2,0.009820666164159001,0.008058734238147,0.975374400615692,0.0067462180741130005
4909,D-surf,টান ওঠা,B,D,0,,0,0.049157064408063,,0.8418304324150081,0.664152681827545,1,210,common,country,0,0,2,0.06593782454729001,0.049157064408063,0.043074592947959005,0.8418304324150081
4909,D-sem,টান ওঠা,C,A,0,,0,0.29045274853706304,,0.31980013847351,0.17703072726726501,2,173,common,country,0,0,2,0.31980013847351,0.223227560520172,0.29045274853706304,0.166519537568092
4909,D-hard,টান ওঠা,A,C,0,C,1,0.009093701839447,0.9734305739402771,0.9734305739402771,0.8229565024375911,0,207,common,country,0,0,2,0.009093701839447,0.012013363651931001,0.9734305739402771,0.0054623410105700005
4927,D-rand,টানাহেঁছা,C,B,0,,0,0.20625880360603302,,0.39846554398536604,0.23050960898399303,2,247,common,country,0,0,1,0.20853634178638403,0.39846554398536604,0.20625880360603302,0.18673932552337602
4927,D-lit,টানাহেঁছা,D,A,0,A,1,0.062712796032428,0.73358017206192,0.73358017206192,0.626963376998901,3,245,common,country,0,0,1,0.73358017206192,0.12010542303323701,0.08360163867473601,0.062712796032428
4927,D-surf,টানাহেঁছা,B,A,0,,0,0.252290308475494,,0.34354934096336304,0.243308797478675,1,271,common,country,0,0,1,0.34354934096336304,0.252290308475494,0.23622357845306302,0.167936772108078
4927,D-sem,টানাহেঁছা,A,B,0,,0,0.26985195279121404,,0.329505234956741,0.224819228053092,0,296,common,country,0,0,1,0.26985195279121404,0.329505234956741,0.20919528603553703,0.19144751131534501
4927,D-hard,টানাহেঁছা,D,A,0,A,1,0.06599892675876601,0.772033274173736,0.772033274173736,0.652621209621429,3,359,common,country,0,0,1,0.772033274173736,0.07059385627508101,0.09137395769357601,0.06599892675876601
4941,D-rand,টিকটিকি লেগেছে,D,B,0,,0,0.155316442251205,,0.340588152408599,0.1671724319458,3,215,common,city,0,0,2,0.18113973736763,0.340588152408599,0.32295566797256403,0.155316442251205
4941,D-lit,টিকটিকি লেগেছে,D,A,0,A,1,0.019233725965023003,0.9203774333000181,0.9203774333000181,0.76033341884613,3,238,common,city,0,0,2,0.9203774333000181,0.030234269797801003,0.030154559761285,0.019233725965023003
4941,D-surf,টিকটিকি লেগেছে,C,D,0,,0,0.054932363331317006,,0.8271067142486571,0.493120670318603,2,261,common,city,0,0,2,0.07490886747837,0.043052084743976,0.054932363331317006,0.8271067142486571
4941,D-sem,টিকটিকি লেগেছে,D,C,0,,0,0.226894497871398,,0.318717092275619,0.16297504305839502,3,231,common,city,0,0,2,0.203643724322319,0.250744670629501,0.318717092275619,0.226894497871398
4941,D-hard,টিকটিকি লেগেছে,B,D,0,D,1,0.013072487898170001,0.7789141535758971,0.7789141535758971,0.580168604850769,1,279,common,city,0,0,2,0.177208364009857,0.013072487898170001,0.030804926529526003,0.7789141535758971
4960,D-rand,টুঁটি চাপা,B,C,0,,0,0.24748583137989003,,0.31523734331130904,0.197923675179481,1,268,rare,country,1,0,2,0.19595706462860102,0.24748583137989003,0.31523734331130904,0.24131973087787603
4960,D-lit,টুঁটি চাপা,A,C,0,C,1,0.21648916602134702,0.47140777111053406,0.47140777111053406,0.22595915198326103,0,301,rare,country,1,0,2,0.21648916602134702,0.192127928137779,0.47140777111053406,0.11997513473033901
4960,D-surf,টুঁটি চাপা,C,D,0,,0,0.040063519030809,,0.8914138078689571,0.724450290203094,2,256,rare,country,1,0,2,0.022132078185677,0.046390581876039005,0.040063519030809,0.8914138078689571
4960,D-sem,টুঁটি চাপা,B,C,0,,0,0.27295953035354603,,0.29876759648323004,0.19272154569625802,1,252,rare,country,1,0,2,0.276298731565475,0.27295953035354603,0.29876759648323004,0.15197414159774703
4960,D-hard,টুঁটি চাপা,A,B,0,B,1,0.178058713674545,0.429351478815078,0.429351478815078,0.186535060405731,0,272,rare,country,1,0,2,0.178058713674545,0.429351478815078,0.13264636695384902,0.25994342565536505
4961,D-rand,টুকটাক,A,A,1,,0,0.450527906417846,,0.450527906417846,0.24332223832607203,0,169,very common,country,0,0,1,0.450527906417846,0.14602686464786502,0.22831720113754203,0.17512799799442202
4961,D-lit,টুকটাক,B,C,0,C,1,0.086170449852943,0.8287935256958001,0.8287935256958001,0.656903803348541,1,236,very common,country,0,0,1,0.048985727131366,0.086170449852943,0.8287935256958001,0.036050274968147
4961,D-surf,টুকটাক,C,C,1,,0,0.37345331907272306,,0.37345331907272306,0.23865123093128202,2,190,very common,country,0,0,1,0.22168208658695202,0.160527169704437,0.37345331907272306,0.244337394833564
4961,D-sem,টুকটাক,A,C,0,,0,0.300098419189453,,0.37906759977340704,0.224004417657852,0,202,very common,country,0,0,1,0.300098419189453,0.05758405104279501,0.37906759977340704,0.263249903917312
4961,D-hard,টুকটাক,B,A,0,A,1,0.08802659064531301,0.8282178640365601,0.8282178640365601,0.6970415711402891,1,203,very common,country,0,0,1,0.8282178640365601,0.08802659064531301,0.028488261625170003,0.05526733770966501
4969,D-rand,টুগবুগুন,D,A,0,,0,0.290076434612274,,0.32797542214393605,0.248906001448631,3,262,rare,country,0,0,1,0.32797542214393605,0.205031469464302,0.17691668868064803,0.290076434612274
4969,D-lit,টুগবুগুন,C,C,1,B,0,0.31318697333335804,0.18556492030620503,0.31318697333335804,0.216897323727607,2,289,rare,country,0,0,1,0.260012120008468,0.18556492030620503,0.31318697333335804,0.24123594164848303
4969,D-surf,টুগবুগুন,A,A,1,,0,0.320129036903381,,0.320129036903381,0.241455495357513,0,217,rare,country,0,0,1,0.320129036903381,0.12749645113945002,0.25678908824920604,0.29558542370796204
4969,D-sem,টুগবুগুন,C,C,1,,0,0.44394204020500105,,0.44394204020500105,0.41281056404113703,2,213,rare,country,0,0,1,0.23711526393890303,0.184210300445556,0.44394204020500105,0.134732365608215
4969,D-hard,টুগবুগুন,C,C,1,D,0,0.45773994922637906,0.241055339574813,0.45773994922637906,0.244544729590415,2,214,rare,country,0,0,1,0.153502687811851,0.147702068090438,0.45773994922637906,0.241055339574813
4991,D-rand,টেঁকে গোঁজা,D,B,0,,0,0.32722982764244,,0.346083045005798,0.189992576837539,3,255,rare,country,0,0,2,0.16862104833126002,0.346083045005798,0.15806607902050002,0.32722982764244
4991,D-lit,টেঁকে গোঁজা,C,A,0,A,1,0.150600746273994,0.6747696399688721,0.6747696399688721,0.505328178405761,2,298,rare,country,0,0,2,0.6747696399688721,0.11106021702289501,0.150600746273994,0.063569352030754
4991,D-surf,টেঁকে গোঁজা,D,B,0,,0,0.280921250581741,,0.29365321993827803,0.18375414609909002,3,287,rare,country,0,0,2,0.251467078924179,0.29365321993827803,0.173958510160446,0.280921250581741
4991,D-sem,টেঁকে গোঁজা,D,D,1,,0,0.370826989412307,,0.370826989412307,0.18100948631763403,3,256,rare,country,0,0,2,0.186704292893409,0.269240766763687,0.173227950930595,0.370826989412307
4991,D-hard,টেঁকে গোঁজা,C,A,0,A,1,0.145395129919052,0.6512844562530511,0.6512844562530511,0.527592182159423,2,280,rare,country,0,0,2,0.6512844562530511,0.098382405936717,0.145395129919052,0.104938022792339
4994,D-rand,টেড়িমেড়ি করা,A,B,0,,0,0.20798908174037903,,0.393014878034591,0.26062488555908203,0,243,common,country,0,0,2,0.20798908174037903,0.393014878034591,0.256168067455291,0.14282798767089802
4994,D-lit,টেড়িমেড়ি করা,D,B,0,B,1,0.12890987098217002,0.35764804482460005,0.35764804482460005,0.213872656226158,3,229,common,country,0,0,2,0.19056443870067502,0.35764804482460005,0.32287761569023105,0.12890987098217002
4994,D-surf,টেড়িমেড়ি করা,B,D,0,,0,0.119625031948089,,0.45286741852760304,0.24627473950386003,1,178,common,country,0,0,2,0.28630098700523304,0.119625031948089,0.14120650291442802,0.45286741852760304
4994,D-sem,টেড়িমেড়ি করা,D,A,0,,0,0.170060411095619,,0.370792388916015,0.21224009990692103,3,294,common,country,0,0,2,0.370792388916015,0.25519558787345803,0.203951567411422,0.170060411095619
4994,D-hard,টেড়িমেড়ি করা,A,B,0,B,1,0.173106491565704,0.40311357378959606,0.40311357378959606,0.26211291551589905,0,259,common,country,0,0,2,0.173106491565704,0.40311357378959606,0.19668050110340102,0.22709940373897503
5016,D-rand,ট্যাঁকট্যাঁক করা,A,B,0,,0,0.24415798485279003,,0.33543580770492504,0.18952046334743503,0,180,common,deep rural,0,0,2,0.24415798485279003,0.33543580770492504,0.20497378706932,0.215432465076446
5016,D-lit,ট্যাঁকট্যাঁক করা,B,C,0,C,1,0.22925305366516102,0.44462847709655706,0.44462847709655706,0.278965055942535,1,216,common,deep rural,0,0,2,0.204538404941558,0.22925305366516102,0.44462847709655706,0.12158007174730301
5016,D-surf,ট্যাঁকট্যাঁক করা,B,A,0,,0,0.205546170473098,,0.44141939282417303,0.287479877471923,1,228,common,deep rural,0,0,2,0.44141939282417303,0.205546170473098,0.177276372909545,0.17575800418853701
5016,D-sem,ট্যাঁকট্যাঁক করা,D,B,0,,0,0.24338635802268901,,0.30392587184906,0.19428145885467502,3,214,common,deep rural,0,0,2,0.159746155142784,0.30392587184906,0.29294157028198203,0.24338635802268901
5016,D-hard,ট্যাঁকট্যাঁক করা,C,A,0,A,1,0.160737499594688,0.36716580390930104,0.36716580390930104,0.218989074230194,2,238,common,deep rural,0,0,2,0.36716580390930104,0.19962203502655002,0.160737499594688,0.272474616765975
5021,D-rand,ট্যাঁঙ্ ট্যাঁঙ্ করে চলা,B,B,1,,0,0.6103909015655511,,0.6103909015655511,0.344927608966827,1,288,common,country,0,0,4,0.07457608729600901,0.6103909015655511,0.285515159368515,0.029517939314246
5021,D-lit,ট্যাঁঙ্ ট্যাঁঙ্ করে চলা,C,D,0,D,1,0.099107414484024,0.8808786869049071,0.8808786869049071,0.738859832286834,2,276,common,country,0,0,4,0.006826222874224,0.013187693431973001,0.099107414484024,0.8808786869049071
5021,D-surf,ট্যাঁঙ্ ট্যাঁঙ্ করে চলা,A,D,0,,0,0.300533831119537,,0.6460687518119811,0.376332581043243,0,219,common,country,0,0,4,0.300533831119537,0.030510885640978,0.022886551916599003,0.6460687518119811
5021,D-sem,ট্যাঁঙ্ ট্যাঁঙ্ করে চলা,C,C,1,,0,0.614388167858123,,0.614388167858123,0.342380225658416,2,245,common,country,0,0,4,0.22425225377082803,0.10943368822336101,0.614388167858123,0.051925886422395005
5021,D-hard,ট্যাঁঙ্ ট্যাঁঙ্ করে চলা,C,B,0,B,1,0.11127714812755501,0.8670932054519651,0.8670932054519651,0.676321744918823,2,251,common,country,0,0,4,0.011191394180059001,0.8670932054519651,0.11127714812755501,0.010438318364322002
5026,D-rand,ট্যারা বনে যাওয়া,A,A,1,,0,0.830137848854064,,0.830137848854064,0.7448464035987851,0,231,common,country,0,0,3,0.830137848854064,0.030575675889849004,0.08449741452932301,0.054789051413536
5026,D-lit,ট্যারা বনে যাওয়া,B,A,0,A,1,0.207474946975708,0.765322208404541,0.765322208404541,0.6389800310134881,1,261,common,country,0,0,3,0.765322208404541,0.207474946975708,0.012115999124944,0.015086867846548
5026,D-surf,ট্যারা বনে যাওয়া,B,B,1,,0,0.860847473144531,,0.860847473144531,0.7737929224967951,1,251,common,country,0,0,3,0.04618589580059,0.860847473144531,0.063053168356418,0.029913486912846003
5026,D-sem,ট্যারা বনে যাওয়া,B,B,1,,0,0.9018505811691281,,0.9018505811691281,0.7577103376388551,1,242,common,country,0,0,3,0.055139087140560004,0.9018505811691281,0.012301562353968001,0.030708773061633002
5026,D-hard,ট্যারা বনে যাওয়া,A,D,0,D,1,0.15569241344928703,0.5913118720054621,0.5913118720054621,0.5567494034767151,0,291,common,country,0,0,3,0.15569241344928703,0.23846383392810802,0.014531876891851002,0.5913118720054621
5041,D-rand,ঠাকুরচাকর,A,A,1,,0,0.321535617113113,,0.321535617113113,0.17109693586826302,0,244,rare,country,0,1,1,0.321535617113113,0.19583341479301403,0.207536682486534,0.27509430050849903
5041,D-lit,ঠাকুরচাকর,B,C,0,C,1,0.038955468684434,0.8817843198776241,0.8817843198776241,0.67249596118927,1,237,rare,country,0,1,1,0.031053582206368002,0.038955468684434,0.8817843198776241,0.048206660896539
5041,D-surf,ঠাকুরচাকর,D,A,0,,0,0.281850278377532,,0.391405344009399,0.217088595032691,3,163,rare,country,0,1,1,0.391405344009399,0.17643417418003002,0.150310158729553,0.281850278377532
5041,D-sem,ঠাকুরচাকর,B,C,0,,0,0.295102298259735,,0.349797636270523,0.21466916799545202,1,225,rare,country,0,1,1,0.18668331205844801,0.295102298259735,0.349797636270523,0.168416753411293
5041,D-hard,ঠাকুরচাকর,B,C,0,C,1,0.040070675313472005,0.9068156480789181,0.9068156480789181,0.7252780795097351,1,260,rare,country,0,1,1,0.031993094831705,0.040070675313472005,0.9068156480789181,0.021120544523000002
5045,D-rand,ঠাকুরবাড়ী,C,C,1,,0,0.28791826963424605,,0.28791826963424605,0.152628079056739,2,233,common,country,0,1,1,0.287359923124313,0.21651606261730102,0.28791826963424605,0.20820572972297602
5045,D-lit,ঠাকুরবাড়ী,C,A,0,A,1,0.028964443132281,0.9133936166763301,0.9133936166763301,0.747164249420166,2,179,common,country,0,1,1,0.9133936166763301,0.038964714854955,0.028964443132281,0.018677247688174
5045,D-surf,ঠাকুরবাড়ী,B,B,1,,0,0.288864880800247,,0.288864880800247,0.170100674033164,1,198,common,country,0,1,1,0.250323385000228,0.288864880800247,0.25628718733787503,0.20452460646629303
5045,D-sem,ঠাকুরবাড়ী,C,C,1,,0,0.288513273000717,,0.288513273000717,0.23804330825805603,2,215,common,country,0,1,1,0.23746588826179502,0.23659385740756902,0.288513273000717,0.23742701113224002
5045,D-hard,ঠাকুরবাড়ী,B,A,0,A,1,0.029680067673325,0.905364334583282,0.905364334583282,0.7255178093910211,1,244,common,country,0,1,1,0.905364334583282,0.029680067673325,0.020268647000193003,0.044686987996101005
5054,D-rand,ঠাণ্ডা লড়াই,B,D,0,,0,0.35091352462768505,,0.373995631933212,0.242561191320419,1,346,common,country,1,0,2,0.153466492891311,0.35091352462768505,0.12162436544895101,0.373995631933212
5054,D-lit,ঠাণ্ডা লড়াই,D,A,0,A,1,0.022688085213303,0.9318542480468751,0.9318542480468751,0.7893100976943971,3,371,common,country,1,0,2,0.9318542480468751,0.014646373689174002,0.030811294913291,0.022688085213303
5054,D-surf,ঠাণ্ডা লড়াই,C,C,1,,0,0.422242194414138,,0.422242194414138,0.274919956922531,2,294,common,country,1,0,2,0.16123284399509402,0.164449945092201,0.422242194414138,0.252074986696243
5054,D-sem,ঠাণ্ডা লড়াই,C,A,0,,0,0.224079206585884,,0.34125915169715804,0.310255587100982,2,326,common,country,1,0,2,0.34125915169715804,0.209580093622207,0.224079206585884,0.225081548094749
5054,D-hard,ঠাণ্ডা লড়াই,B,C,0,C,1,0.024992542341351003,0.9472243189811701,0.9472243189811701,0.8289552927017211,1,301,common,country,1,0,2,0.012102918699383,0.024992542341351003,0.9472243189811701,0.015680260956287002
5058,D-rand,ঘরে টায় বসা,D,D,1,,0,0.301603406667709,,0.301603406667709,0.20258678495883903,3,232,common,deep rural,0,0,3,0.29178446531295704,0.287340521812438,0.119271650910377,0.301603406667709
5058,D-lit,ঘরে টায় বসা,B,C,0,C,1,0.016849687322974,0.9484016895294191,0.9484016895294191,0.7754520177841181,1,275,common,deep rural,0,0,3,0.009976351633667,0.016849687322974,0.9484016895294191,0.024772224947810003
5058,D-surf,ঘরে টায় বসা,B,A,0,,0,0.009522233158349,,0.517644047737121,0.465029209852218,1,174,common,deep rural,0,0,3,0.517644047737121,0.009522233158349,0.008040079846978,0.46479371190071106
5058,D-sem,ঘরে টায় বসা,A,C,0,,0,0.206908300518989,,0.508126080036163,0.33862882852554305,0,193,common,deep rural,0,0,3,0.206908300518989,0.135285824537277,0.508126080036163,0.14967982470989202
5058,D-hard,ঘরে টায় বসা,D,C,0,C,1,0.015150625258684,0.9699128270149231,0.9699128270149231,0.8023936748504631,3,245,common,deep rural,0,0,3,0.007390894461423001,0.007545645814388001,0.9699128270149231,0.015150625258684
5060,D-rand,ঠারে-ঠারে,D,B,0,,0,0.23143519461154902,,0.353245943784713,0.22056366503238603,3,169,common,country,0,0,2,0.11037233471870402,0.353245943784713,0.304946452379226,0.23143519461154902
5060,D-lit,ঠারে-ঠারে,D,B,0,A,0,0.14349462091922702,0.33927392959594704,0.411754041910171,0.19538490474224002,3,278,common,country,0,0,2,0.33927392959594704,0.411754041910171,0.10547740012407301,0.14349462091922702
5060,D-surf,ঠারে-ঠারে,A,C,0,,0,0.22818513214588101,,0.315087854862213,0.220478102564811,0,214,common,country,0,0,2,0.22818513214588101,0.31361177563667303,0.315087854862213,0.14311519265174802
5060,D-sem,ঠারে-ঠারে,C,B,0,,0,0.24266566336154902,,0.43283611536026,0.253277957439422,2,176,common,country,0,0,2,0.154731705784797,0.43283611536026,0.24266566336154902,0.16976648569107
5060,D-hard,ঠারে-ঠারে,A,C,0,C,1,0.19995683431625302,0.41025349497795105,0.41025349497795105,0.266026616096496,0,194,common,country,0,0,2,0.19995683431625302,0.166347116231918,0.41025349497795105,0.223442584276199
5064,D-rand,ঠিক-ঠিকানা,C,B,0,,0,0.22839531302452,,0.354730784893035,0.208763614296913,2,179,very common,country,0,0,2,0.280600428581237,0.354730784893035,0.22839531302452,0.136273518204689
5064,D-lit,ঠিক-ঠিকানা,A,D,0,D,1,0.14808851480484,0.695772886276245,0.695772886276245,0.48825478553771906,0,157,very common,country,0,0,2,0.14808851480484,0.074607796967029,0.081530779600143,0.695772886276245
5064,D-surf,ঠিক-ঠিকানা,D,C,0,,0,0.222461834549903,,0.320988088846206,0.16070304811000802,3,215,very common,country,0,0,2,0.190434277057647,0.266115814447402,0.320988088846206,0.222461834549903
5064,D-sem,ঠিক-ঠিকানা,D,A,0,,0,0.23872897028923,,0.39520153403282104,0.198213547468185,3,158,very common,country,0,0,2,0.39520153403282104,0.21644139289855902,0.14962804317474301,0.23872897028923
5064,D-hard,ঠিক-ঠিকানা,B,A,0,A,1,0.1486197412014,0.548172414302825,0.548172414302825,0.29697546362876803,1,183,very common,country,0,0,2,0.548172414302825,0.1486197412014,0.160441160202026,0.14276672899723
5074,D-rand,ঠেকা-বেঠেকা,B,D,0,,0,0.255929976701736,,0.40877518057823103,0.281571179628372,1,265,very common,country,0,0,2,0.13503830134868602,0.255929976701736,0.20025654137134502,0.40877518057823103
5074,D-lit,ঠেকা-বেঠেকা,A,C,0,C,1,0.043451964855194,0.901838362216949,0.901838362216949,0.7773249745368951,0,227,very common,country,0,0,2,0.043451964855194,0.035359922796487,0.901838362216949,0.019349738955497003
5074,D-surf,ঠেকা-বেঠেকা,D,D,1,,0,0.30017122626304604,,0.30017122626304604,0.204393312335014,3,410,very common,country,0,0,2,0.25387766957283003,0.2577665746212,0.18818455934524503,0.30017122626304604
5074,D-sem,ঠেকা-বেঠেকা,C,D,0,,0,0.230102390050888,,0.327884882688522,0.17936834692955,2,173,very common,country,0,0,2,0.21682192385196603,0.22519078850746102,0.230102390050888,0.327884882688522
5074,D-hard,ঠেকা-বেঠেকা,A,C,0,C,1,0.042979966849088,0.892053008079528,0.892053008079528,0.792115688323974,0,248,very common,country,0,0,2,0.042979966849088,0.030337886884808003,0.892053008079528,0.034629099071025
5086,D-rand,ঠেলাগাড়ি,C,B,0,,0,0.333133578300476,,0.34582152962684604,0.289515972137451,2,195,common,country,0,0,1,0.21863378584384902,0.34582152962684604,0.333133578300476,0.102411046624183
5086,D-lit,ঠেলাগাড়ি,A,D,0,D,1,0.074481554329395,0.8680208325386041,0.8680208325386041,0.731873989105224,0,241,common,country,0,0,1,0.074481554329395,0.024355432018637,0.033142242580652,0.8680208325386041
5086,D-surf,ঠেলাগাড়ি,D,D,1,,0,0.384121835231781,,0.384121835231781,0.34222075343132,3,277,common,country,0,0,1,0.11996913701295801,0.34117010235786405,0.15473899245262102,0.384121835231781
5086,D-sem,ঠেলাগাড়ি,C,C,1,,0,0.39872494339942904,,0.39872494339942904,0.35659161210060103,2,271,common,country,0,0,1,0.17026999592781,0.22675846517086,0.39872494339942904,0.20424661040306002
5086,D-hard,ঠেলাগাড়ি,B,A,0,A,1,0.107546269893646,0.8144701719284051,0.8144701719284051,0.6804927587509151,1,247,common,country,0,0,1,0.8144701719284051,0.107546269893646,0.039329323917627,0.038654211908578005
5088,D-rand,ঠেলামারা কথা,C,C,1,,0,0.47392290830612105,,0.47392290830612105,0.35830590128898604,2,291,common,country,0,0,2,0.21761505305767,0.109484136104583,0.47392290830612105,0.198977887630462
5088,D-lit,ঠেলামারা কথা,A,B,0,B,1,0.20707312226295402,0.618427753448486,0.618427753448486,0.43869027495384205,0,248,common,country,0,0,2,0.20707312226295402,0.618427753448486,0.13571535050868902,0.03878379240632
5088,D-surf,ঠেলামারা কথা,B,A,0,,0,0.21811215579509702,,0.528350710868835,0.388377577066421,1,313,common,country,0,0,2,0.528350710868835,0.21811215579509702,0.175199806690216,0.07833729684352801
5088,D-sem,ঠেলামারা কথা,D,B,0,,0,0.38570666313171303,,0.41080579161643904,0.283140480518341,3,406,common,country,0,0,2,0.126558199524879,0.41080579161643904,0.07692930847406301,0.38570666313171303
5088,D-hard,ঠেলামারা কথা,D,C,0,C,1,0.228201955556869,0.6106078028678891,0.6106078028678891,0.408779650926589,3,274,common,country,0,0,2,0.082119569182395,0.079070642590522,0.6106078028678891,0.228201955556869
5151,D-rand,ডানা গজানো,C,B,0,,0,0.164730325341224,,0.38448190689086903,0.28138908743858304,2,344,common,country,0,0,2,0.27413707971572804,0.38448190689086903,0.164730325341224,0.176650673151016
5151,D-lit,ডানা গজানো,D,B,0,B,1,0.031212799251079,0.914036571979522,0.914036571979522,0.7641574740409851,3,255,common,country,0,0,2,0.035143844783306004,0.914036571979522,0.019606726244091002,0.031212799251079
5151,D-surf,ডানা গজানো,A,A,1,,0,0.317751735448837,,0.317751735448837,0.218758001923561,0,250,common,country,0,0,2,0.317751735448837,0.28626662492752003,0.17029894888401,0.22568263113498602
5151,D-sem,ডানা গজানো,D,B,0,,0,0.320006668567657,,0.324465423822402,0.228305280208587,3,294,common,country,0,0,2,0.149805665016174,0.324465423822402,0.205722212791442,0.320006668567657
5151,D-hard,ডানা গজানো,A,C,0,C,1,0.029759317636489,0.9138628244400021,0.9138628244400021,0.7409893274307251,0,248,common,country,0,0,2,0.029759317636489,0.013944168575108001,0.9138628244400021,0.042433768510818
5160,D-rand,ডালছাড়া বাঁদর,D,C,0,,0,0.338252425193786,,0.47722777724266,0.358072459697723,3,207,common,country,0,0,2,0.089324884116649,0.09519486874341901,0.47722777724266,0.338252425193786
5160,D-lit,ডালছাড়া বাঁদর,D,B,0,B,1,0.106777042150497,0.846476376056671,0.846476376056671,0.743670403957366,3,319,common,country,0,0,2,0.017028614878654,0.846476376056671,0.029717925935983002,0.106777042150497
5160,D-surf,ডালছাড়া বাঁদর,A,C,0,,0,0.18178915977478002,,0.7468469142913811,0.573646008968353,0,250,common,country,0,0,2,0.18178915977478002,0.042668044567108,0.7468469142913811,0.028695797547698004
5160,D-sem,ডালছাড়া বাঁদর,D,D,1,,0,0.6231862306594841,,0.6231862306594841,0.40638637542724604,3,240,common,country,0,0,2,0.070857271552085,0.13531585037708202,0.17064070701599102,0.6231862306594841
5160,D-hard,ডালছাড়া বাঁদর,A,B,0,B,1,0.106460079550743,0.8462033867835991,0.8462033867835991,0.7000075578689571,0,226,common,country,0,0,2,0.106460079550743,0.8462033867835991,0.023380504921078002,0.023956082761287002
5176,D-rand,ডি ফ্যাক্টো,D,D,1,,0,0.645640909671783,,0.645640909671783,0.41680783033370905,3,269,common,city,0,0,2,0.10778185725212001,0.12228503078222201,0.12429215759038902,0.645640909671783
5176,D-lit,ডি ফ্যাক্টো,C,D,0,D,1,0.10077045857906301,0.798788130283355,0.798788130283355,0.673090100288391,2,270,common,city,0,0,2,0.048755407333374,0.051685985177755,0.10077045857906301,0.798788130283355
5176,D-surf,ডি ফ্যাক্টো,B,D,0,,0,0.265598505735397,,0.458769053220748,0.33248382806777904,1,301,common,city,0,0,2,0.100462391972541,0.265598505735397,0.175170019268989,0.458769053220748
5176,D-sem,ডি ফ্যাক্টো,C,D,0,,0,0.33360165357589705,,0.35094988346099804,0.20024557411670602,2,260,common,city,0,0,2,0.13211858272552401,0.183329880237579,0.33360165357589705,0.35094988346099804
5176,D-hard,ডি ফ্যাক্টো,C,D,0,D,1,0.095845505595207,0.7597048282623291,0.7597048282623291,0.5726131200790401,2,288,common,city,0,0,2,0.035963289439678005,0.108486376702785,0.095845505595207,0.7597048282623291
5196,D-rand,ডুমোডুমো,A,B,0,,0,0.18459326028823803,,0.35292908549308705,0.266363114118576,0,246,common,country,0,0,1,0.18459326028823803,0.35292908549308705,0.250259011983871,0.21221859753131803
5196,D-lit,ডুমোডুমো,C,D,0,D,1,0.17752091586589802,0.34627354145050004,0.34627354145050004,0.18995741009712203,2,250,common,country,0,0,1,0.264371782541275,0.21183376014232602,0.17752091586589802,0.34627354145050004
5196,D-surf,ডুমোডুমো,B,C,0,,0,0.207564502954483,,0.31138226389884904,0.22834017872810303,1,201,common,country,0,0,1,0.25461396574974005,0.207564502954483,0.31138226389884904,0.22643920779228202
5196,D-sem,ডুমোডুমো,D,A,0,,0,0.241928607225418,,0.29886710643768305,0.22794064879417403,3,250,common,country,0,0,1,0.29886710643768305,0.24338628351688302,0.215817987918853,0.241928607225418
5196,D-hard,ডুমোডুমো,A,C,0,C,1,0.24666590988636003,0.30558532476425104,0.30558532476425104,0.15894410014152502,0,248,common,country,0,0,1,0.24666590988636003,0.16946867108345,0.30558532476425104,0.278280079364776
5197,D-rand,ডেঁপো,A,C,0,,0,0.256109803915023,,0.40553045272827104,0.23045209050178503,0,195,common,country,0,0,1,0.256109803915023,0.163436099886894,0.40553045272827104,0.174923703074455
5197,D-lit,ডেঁপো,B,C,0,A,0,0.22687208652496302,0.125411301851272,0.43138045072555503,0.258345931768417,1,155,common,country,0,0,1,0.125411301851272,0.22687208652496302,0.43138045072555503,0.216336101293563
5197,D-surf,ডেঁপো,A,D,0,,0,0.13221910595893802,,0.369534462690353,0.26220178604125904,0,197,common,country,0,0,1,0.13221910595893802,0.290516287088394,0.207730114459991,0.369534462690353
5197,D-sem,ডেঁপো,A,B,0,,0,0.20468628406524603,,0.291111230850219,0.19430203735828402,0,168,common,country,0,0,1,0.20468628406524603,0.291111230850219,0.27311959862709,0.23108288645744302
5197,D-hard,ডেঁপো,C,A,0,B,0,0.21322146058082503,0.110750287771224,0.39759895205497703,0.255622118711471,2,183,common,country,0,0,1,0.39759895205497703,0.110750287771224,0.21322146058082503,0.278429269790649
5209,D-rand,প্রণয়ের ডোরে বাঁধা,A,A,1,,0,0.35859861969947804,,0.35859861969947804,0.219494745135307,0,200,common,country,0,0,3,0.35859861969947804,0.21734571456909102,0.25797128677368103,0.16608434915542603
5209,D-lit,প্রণয়ের ডোরে বাঁধা,C,D,0,D,1,0.019762121140956,0.9174280762672421,0.9174280762672421,0.7437420487403871,2,191,common,country,0,0,3,0.052760787308216005,0.010049009695649001,0.019762121140956,0.9174280762672421
5209,D-surf,প্রণয়ের ডোরে বাঁধা,D,B,0,,0,0.09994198381900701,,0.730987250804901,0.589360952377319,3,209,common,country,0,0,3,0.07990003377199101,0.730987250804901,0.08917070925235701,0.09994198381900701
5209,D-sem,প্রণয়ের ডোরে বাঁধা,B,B,1,,0,0.34789124131202703,,0.34789124131202703,0.20464885234832703,1,210,common,country,0,0,3,0.21627973020076702,0.34789124131202703,0.24768085777759502,0.188148230314254
5209,D-hard,প্রণয়ের ডোরে বাঁধা,D,C,0,C,1,0.024323541671037,0.9401084184646601,0.9401084184646601,0.8318009972572321,3,242,common,country,0,0,3,0.013992433436214001,0.021575614809989003,0.9401084184646601,0.024323541671037
5215,D-rand,ঢক্ঢক্,C,A,0,,0,0.09695275872945701,,0.612612724304199,0.437489837408065,2,235,common,country,0,0,1,0.612612724304199,0.13041023910045602,0.09695275872945701,0.160024240612983
5215,D-lit,ঢক্ঢক্,A,B,0,B,1,0.132503733038902,0.33338680863380404,0.33338680863380404,0.23801934719085602,0,240,common,country,0,0,1,0.132503733038902,0.33338680863380404,0.242051243782043,0.292058169841766
5215,D-surf,ঢক্ঢক্,D,A,0,,0,0.11554483324289301,,0.532447397708892,0.39714634418487504,3,236,common,country,0,0,1,0.532447397708892,0.153999984264373,0.198007717728614,0.11554483324289301
5215,D-sem,ঢক্ঢক্,C,B,0,,0,0.12178352475166301,,0.373737215995788,0.23566170036792702,2,244,common,country,0,0,1,0.139915153384208,0.373737215995788,0.12178352475166301,0.364564150571823
5215,D-hard,ঢক্ঢক্,B,A,0,A,1,0.126146331429481,0.35634568333625705,0.35634568333625705,0.22702021896839103,1,238,common,country,0,0,1,0.35634568333625705,0.126146331429481,0.27360993623733504,0.24389809370040802
5223,D-rand,ঢাউস,A,A,1,,0,0.395315885543823,,0.395315885543823,0.29461160302162104,0,219,common,country,0,0,1,0.395315885543823,0.18220111727714502,0.138850197196006,0.283632785081863
5223,D-lit,ঢাউস,D,D,1,A,0,0.31965407729148804,0.203950077295303,0.31965407729148804,0.25100615620613104,3,188,common,country,0,0,1,0.203950077295303,0.31583353877067505,0.16056235134601501,0.31965407729148804
5223,D-surf,ঢাউস,B,B,1,,0,0.454787969589233,,0.454787969589233,0.33700332045555104,1,183,common,country,0,0,1,0.147773474454879,0.454787969589233,0.10806981474161101,0.289368689060211
5223,D-sem,ঢাউস,D,A,0,,0,0.234985738992691,,0.391240656375885,0.325973182916641,3,217,common,country,0,0,1,0.391240656375885,0.27637329697608903,0.09740026295185,0.234985738992691
5223,D-hard,ঢাউস,D,D,1,A,0,0.37922996282577504,0.24196685850620203,0.37922996282577504,0.280937433242797,3,195,common,country,0,0,1,0.24196685850620203,0.22340139746665902,0.155401706695556,0.37922996282577504
5231,D-rand,ঢাকা দেওয়া,C,C,1,,0,0.713126182556152,,0.713126182556152,0.521064341068267,2,237,very common,country,0,0,2,0.11717886477708801,0.09203840047121001,0.713126182556152,0.07765655219554901
5231,D-lit,ঢাকা দেওয়া,D,A,0,A,1,0.091794654726982,0.8940438628196711,0.8940438628196711,0.8033257722854611,3,271,very common,country,0,0,2,0.8940438628196711,0.005514672026038001,0.008646816946566,0.091794654726982
5231,D-surf,ঢাকা দেওয়া,A,A,1,,0,0.53550511598587,,0.53550511598587,0.37554284930229104,0,272,very common,country,0,0,2,0.53550511598587,0.114331983029842,0.076776199042797,0.27338668704032904
5231,D-sem,ঢাকা দেওয়া,B,B,1,,0,0.6893646717071531,,0.6893646717071531,0.607079863548278,1,285,very common,country,0,0,2,0.10024993866682001,0.6893646717071531,0.08484248071908901,0.12554283440113
5231,D-hard,ঢাকা দেওয়া,C,A,0,A,1,0.085287913680076,0.860603511333465,0.860603511333465,0.809841752052307,2,333,very common,country,0,0,2,0.860603511333465,0.019947584718465,0.085287913680076,0.034160904586315
5233,D-rand,ঢাকাইয়া,B,B,1,,0,0.35090553760528503,,0.35090553760528503,0.18687742948532102,1,266,rare,city,0,0,1,0.19419933855533603,0.35090553760528503,0.10779270529747001,0.347102403640747
5233,D-lit,ঢাকাইয়া,D,B,0,B,1,0.059627935290336005,0.8613812923431391,0.8613812923431391,0.713073313236236,3,213,rare,city,0,0,1,0.028485508635640002,0.8613812923431391,0.050505302846431004,0.059627935290336005
5233,D-surf,ঢাকাইয়া,B,B,1,,0,0.397046983242034,,0.397046983242034,0.17618788778781802,1,158,rare,city,0,0,1,0.154370933771133,0.397046983242034,0.233681946992874,0.21490012109279602
5233,D-sem,ঢাকাইয়া,B,B,1,,0,0.41081544756889304,,0.41081544756889304,0.195635616779327,1,213,rare,city,0,0,1,0.21452698111534102,0.41081544756889304,0.243653416633605,0.131004229187965
5233,D-hard,ঢাকাইয়া,C,B,0,B,1,0.062859922647476,0.850241363048553,0.850241363048553,0.658311307430267,2,221,rare,city,0,0,1,0.050732549279928006,0.850241363048553,0.062859922647476,0.036166194826364004
5234,D-rand,ঢাকীশুদ্ধ বিসর্জন,D,D,1,,0,0.7007647156715391,,0.7007647156715391,0.47968497872352606,3,276,common,country,0,1,2,0.101528421044349,0.09577152878046001,0.10193538665771401,0.7007647156715391
5234,D-lit,ঢাকীশুদ্ধ বিসর্জন,A,C,0,C,1,0.076118499040603,0.9033930301666261,0.9033930301666261,0.7039602398872371,0,272,common,country,0,1,2,0.076118499040603,0.009977082721889,0.9033930301666261,0.010511366650462001
5234,D-surf,ঢাকীশুদ্ধ বিসর্জন,D,D,1,,0,0.794357538223266,,0.794357538223266,0.509492874145507,3,207,common,country,0,1,2,0.049264781177043006,0.087811216711997,0.068566411733627,0.794357538223266
5234,D-sem,ঢাকীশুদ্ধ বিসর্জন,D,D,1,,0,0.827041864395141,,0.827041864395141,0.5808082222938531,3,260,common,country,0,1,2,0.068360470235347,0.07343690842390001,0.031160734593868002,0.827041864395141
5234,D-hard,ঢাকীশুদ্ধ বিসর্জন,B,C,0,C,1,0.077318705618381,0.909512162208557,0.909512162208557,0.7101892232894891,1,267,common,country,0,1,2,0.008818383328616002,0.077318705618381,0.909512162208557,0.004350730683654
5251,D-rand,ঢিলের দূরত্ব,A,D,0,,0,0.28394958376884405,,0.35575070977211,0.213857233524322,0,182,common,country,0,0,2,0.28394958376884405,0.198308482766151,0.161991238594055,0.35575070977211
5251,D-lit,ঢিলের দূরত্ব,B,C,0,C,1,0.17663183808326702,0.6557238101959221,0.6557238101959221,0.43293368816375705,1,162,common,country,0,0,2,0.091725766658782,0.17663183808326702,0.6557238101959221,0.075918585062026
5251,D-surf,ঢিলের দূরত্ব,D,B,0,,0,0.182683691382408,,0.307899802923202,0.226022079586982,3,166,common,country,0,0,2,0.292761385440826,0.307899802923202,0.216655120253562,0.182683691382408
5251,D-sem,ঢিলের দূরত্ব,C,A,0,,0,0.140513971447944,,0.44202959537506104,0.268012315034866,2,224,common,country,0,0,2,0.44202959537506104,0.24713847041130002,0.140513971447944,0.17031791806221
5251,D-hard,ঢিলের দূরত্ব,B,C,0,C,1,0.12318737804889601,0.45738786458969105,0.45738786458969105,0.417485743761062,1,169,common,country,0,0,2,0.196575343608856,0.12318737804889601,0.45738786458969105,0.22284938395023302
5253,D-rand,ঢিলা দিয়ে টেনে আনা,B,B,1,,0,0.6916294693946831,,0.6916294693946831,0.5313618183135981,1,212,common,country,0,0,4,0.094131372869014,0.6916294693946831,0.10262346267700101,0.11161567270755701
5253,D-lit,ঢিলা দিয়ে টেনে আনা,A,C,0,C,1,0.17176699638366702,0.7835143804550171,0.7835143804550171,0.6400104761123651,0,243,common,country,0,0,4,0.17176699638366702,0.029728831723332003,0.7835143804550171,0.014989806339144
5253,D-surf,ঢিলা দিয়ে টেনে আনা,B,B,1,,0,0.6712713241577141,,0.6712713241577141,0.505802869796752,1,283,common,country,0,0,4,0.08162807673215801,0.6712713241577141,0.14809219539165402,0.09900838881731001
5253,D-sem,ঢিলা দিয়ে টেনে আনা,A,A,1,,0,0.571556985378265,,0.571556985378265,0.44175329804420405,0,269,common,country,0,0,4,0.571556985378265,0.19621852040290802,0.09645589441061,0.135768592357635
5253,D-hard,ঢিলা দিয়ে টেনে আনা,B,D,0,D,1,0.12027923017740201,0.7318505048751831,0.7318505048751831,0.693166971206665,1,274,common,country,0,0,4,0.027159465476870003,0.12027923017740201,0.12071084231138202,0.7318505048751831
5273,D-rand,ঢেঁকি স্বর্গে গিয়ে ধান ভানে,C,C,1,,0,0.295088112354278,,0.295088112354278,0.224503755569458,2,350,common,deep rural,0,0,5,0.23113262653350802,0.224547520279884,0.295088112354278,0.24923171103000602
5273,D-lit,ঢেঁকি স্বর্গে গিয়ে ধান ভানে,B,A,0,A,1,0.19276444613933502,0.615150213241577,0.615150213241577,0.469897896051406,1,282,common,deep rural,0,0,5,0.615150213241577,0.19276444613933502,0.09059453010559,0.10149073600769001
5273,D-surf,ঢেঁকি স্বর্গে গিয়ে ধান ভানে,D,C,0,,0,0.22369830310344602,,0.301640629768371,0.21939946711063302,3,393,common,deep rural,0,0,5,0.23476064205169603,0.23990035057067802,0.301640629768371,0.22369830310344602
5273,D-sem,ঢেঁকি স্বর্গে গিয়ে ধান ভানে,A,A,1,,0,0.28568634390830905,,0.28568634390830905,0.19446307420730502,0,315,common,deep rural,0,0,5,0.28568634390830905,0.280382633209228,0.22882311046123502,0.205107897520065
5273,D-hard,ঢেঁকি স্বর্গে গিয়ে ধান ভানে,D,C,0,C,1,0.18071620166301702,0.507904291152954,0.507904291152954,0.463105350732803,3,353,common,deep rural,0,0,5,0.154058769345283,0.157320708036422,0.507904291152954,0.18071620166301702
5274,D-rand,ঢেঁকি স্বর্গে গিয়েও ধান ভানে,C,C,1,,0,0.33018916845321605,,0.33018916845321605,0.17265631258487701,2,196,very common,country,0,0,5,0.288146555423736,0.14588801562786102,0.33018916845321605,0.23577626049518502
5274,D-lit,ঢেঁকি স্বর্গে গিয়েও ধান ভানে,C,D,0,D,1,0.20933960378170002,0.48469462990760803,0.48469462990760803,0.44755148887634205,2,269,very common,country,0,0,5,0.184405609965324,0.121560104191303,0.20933960378170002,0.48469462990760803
5274,D-surf,ঢেঁকি স্বর্গে গিয়েও ধান ভানে,D,A,0,,0,0.30343791842460605,,0.365371435880661,0.223881006240844,3,295,very common,country,0,0,5,0.365371435880661,0.13801105320453602,0.193179532885551,0.30343791842460605
5274,D-sem,ঢেঁকি স্বর্গে গিয়েও ধান ভানে,A,B,0,,0,0.34656092524528503,,0.383646041154861,0.210476070642471,0,224,very common,country,0,0,5,0.34656092524528503,0.383646041154861,0.138146176934242,0.13164678215980502
5274,D-hard,ঢেঁকি স্বর্গে গিয়েও ধান ভানে,D,C,0,C,1,0.24008594453334803,0.45926925539970404,0.45926925539970404,0.38563185930252003,3,254,very common,country,0,0,5,0.176069051027297,0.12457583099603602,0.45926925539970404,0.24008594453334803
5297,D-rand,ঢোঁড়া,C,C,1,,0,0.288194894790649,,0.288194894790649,0.17304141819477,2,169,common,country,0,0,1,0.197886750102043,0.24585910141468,0.288194894790649,0.268059253692626
5297,D-lit,ঢোঁড়া,C,A,0,A,1,0.024349894374608,0.9289005398750301,0.9289005398750301,0.809999525547027,2,261,common,country,0,0,1,0.9289005398750301,0.017752282321453,0.024349894374608,0.028997380286455002
5297,D-surf,ঢোঁড়া,D,C,0,,0,0.179752439260482,,0.429731637239456,0.24296523630619002,3,209,common,country,0,0,1,0.22790119051933203,0.162614718079566,0.429731637239456,0.179752439260482
5297,D-sem,ঢোঁড়া,C,D,0,,0,0.223176822066307,,0.40370768308639504,0.36203509569168,2,213,common,country,0,0,1,0.187134280800819,0.18598116934299402,0.223176822066307,0.40370768308639504
5297,D-hard,ঢোঁড়া,D,B,0,B,1,0.016597008332610002,0.9384638071060181,0.9384638071060181,0.8406940102577211,3,292,common,country,0,0,1,0.023573331534862,0.9384638071060181,0.021365836262702,0.016597008332610002
5301,D-rand,ঢোল সমুদ্র,B,B,1,,0,0.5610198974609371,,0.5610198974609371,0.34895223379135104,1,244,rare,deep rural,1,0,2,0.31266805529594405,0.5610198974609371,0.034247457981109,0.092064574360847
5301,D-lit,ঢোল সমুদ্র,B,C,0,C,1,0.14737156033515902,0.8063505887985231,0.8063505887985231,0.61479514837265,1,207,rare,deep rural,1,0,2,0.016174284741282,0.14737156033515902,0.8063505887985231,0.030103532597422003
5301,D-surf,ঢোল সমুদ্র,C,C,1,,0,0.6381681561470031,,0.6381681561470031,0.36921015381813005,2,192,rare,deep rural,1,0,2,0.180389806628227,0.06679170578718101,0.6381681561470031,0.11465036869049001
5301,D-sem,ঢোল সমুদ্র,B,B,1,,0,0.6239713430404661,,0.6239713430404661,0.395586550235748,1,197,rare,deep rural,1,0,2,0.031103027984499,0.6239713430404661,0.044907368719577005,0.30001825094223
5301,D-hard,ঢোল সমুদ্র,C,A,0,A,1,0.14100055396556802,0.8358573317527771,0.8358573317527771,0.612931132316589,2,181,rare,deep rural,1,0,2,0.8358573317527771,0.014756164513528002,0.14100055396556802,0.008385987952351001
5344,D-rand,তরি-তরকারি,D,C,0,,0,0.20103672146797102,,0.309371680021286,0.19187404215335802,3,235,common,country,0,0,2,0.27838167548179604,0.211209952831268,0.309371680021286,0.20103672146797102
5344,D-lit,তরি-তরকারি,C,A,0,A,1,0.047827880829572005,0.8481942415237421,0.8481942415237421,0.6709131002426141,2,285,common,country,0,0,2,0.8481942415237421,0.06966821104288101,0.047827880829572005,0.034309681504964
5344,D-surf,তরি-তরকারি,D,B,0,,0,0.20275008678436202,,0.34916469454765303,0.203613862395286,3,247,common,country,0,0,2,0.141097962856292,0.34916469454765303,0.306987255811691,0.20275008678436202
5344,D-sem,তরি-তরকারি,B,A,0,,0,0.17091429233551,,0.353479355573654,0.249448388814926,1,262,common,country,0,0,2,0.353479355573654,0.17091429233551,0.25049439072608903,0.225111976265907
5344,D-hard,তরি-তরকারি,C,A,0,A,1,0.047738227993249005,0.8465524315834041,0.8465524315834041,0.7282249331474301,2,299,common,country,0,0,2,0.8465524315834041,0.035178188234567004,0.047738227993249005,0.07053115963935801
5357,D-rand,তশরিফ রাখুন,B,B,1,,0,0.40977254509925803,,0.40977254509925803,0.279529452323913,1,204,common,city,1,0,2,0.197419509291648,0.40977254509925803,0.186666145920753,0.206141754984855
5357,D-lit,তশরিফ রাখুন,D,A,0,A,1,0.0019485657103350002,0.995069146156311,0.995069146156311,0.9153303503990171,3,242,common,city,1,0,2,0.995069146156311,0.002534220460802,0.00044807579251900006,0.0019485657103350002
5357,D-surf,তশরিফ রাখুন,C,C,1,,0,0.41983494162559504,,0.41983494162559504,0.26900860667228704,2,170,common,city,1,0,2,0.22829955816268901,0.205039054155349,0.41983494162559504,0.14682646095752702
5357,D-sem,তশরিফ রাখুন,B,D,0,,0,0.285055726766586,,0.391663759946823,0.262854307889938,1,309,common,city,1,0,2,0.146641850471496,0.285055726766586,0.17663864791393202,0.391663759946823
5357,D-hard,তশরিফ রাখুন,D,B,0,B,1,0.001607059617526,0.9961754083633421,0.9961754083633421,0.935973167419433,3,281,common,city,1,0,2,0.0015073512913650001,0.9961754083633421,0.000710164196789,0.001607059617526
5360,D-rand,তাঁতীকুলও গেল বৈষ্ণবকুলও গেল,B,B,1,,0,0.351660460233688,,0.351660460233688,0.236196726560592,1,260,rare,deep rural,0,1,4,0.261929780244827,0.351660460233688,0.10904674977064101,0.277363002300262
5360,D-lit,তাঁতীকুলও গেল বৈষ্ণবকুলও গেল,A,D,0,D,1,0.016204223036766,0.963042438030242,0.963042438030242,0.8574306964874261,0,326,rare,deep rural,0,1,4,0.016204223036766,0.010897905565798002,0.009855423122644001,0.963042438030242
5360,D-surf,তাঁতীকুলও গেল বৈষ্ণবকুলও গেল,B,B,1,,0,0.46452453732490506,,0.46452453732490506,0.27921551465988104,1,262,rare,deep rural,0,1,4,0.198626220226287,0.46452453732490506,0.16744108498096402,0.16940815746784202
5360,D-sem,তাঁতীকুলও গেল বৈষ্ণবকুলও গেল,D,A,0,,0,0.318810224533081,,0.349705845117568,0.25555732846260004,3,201,rare,deep rural,0,1,4,0.349705845117568,0.157284140586853,0.174199804663658,0.318810224533081
5360,D-hard,তাঁতীকুলও গেল বৈষ্ণবকুলও গেল,D,C,0,C,1,0.018200859427452,0.961799442768096,0.961799442768096,0.8166568875312801,3,229,rare,deep rural,0,1,4,0.012375102378427,0.0076245553791520005,0.961799442768096,0.018200859427452
5361,D-rand,তাঁবেদার,B,D,0,,0,0.11166974902153001,,0.37525689601898105,0.206363976001739,1,197,common,country,1,0,1,0.240918666124343,0.11166974902153001,0.27215468883514404,0.37525689601898105
5361,D-lit,তাঁবেদার,D,C,0,C,1,0.033520132303237006,0.662547647953033,0.662547647953033,0.552712380886077,3,254,common,country,1,0,1,0.13626827299594801,0.16766390204429601,0.662547647953033,0.033520132303237006
5361,D-surf,তাঁবেদার,C,A,0,,0,0.056972198188304006,,0.6667485237121581,0.45341551303863503,2,207,common,country,1,0,1,0.6667485237121581,0.145831018686294,0.056972198188304006,0.13044828176498402
5361,D-sem,তাঁবেদার,C,D,0,,0,0.139918804168701,,0.38856390118598905,0.203840717673301,2,200,common,country,1,0,1,0.20952008664608002,0.261997193098068,0.139918804168701,0.38856390118598905
5361,D-hard,তাঁবেদার,B,A,0,A,1,0.040885850787162004,0.806026816368103,0.806026816368103,0.5830280184745781,1,177,common,country,1,0,1,0.806026816368103,0.040885850787162004,0.07673374563455501,0.07635366916656401
5363,D-rand,তাই তো,A,D,0,,0,0.21017122268676702,,0.338588207960128,0.18338379263877802,0,181,very common,country,0,0,2,0.21017122268676702,0.19068790972232802,0.26055267453193603,0.338588207960128
5363,D-lit,তাই তো,C,B,0,B,1,0.021159151569008,0.923527181148529,0.923527181148529,0.779165506362915,2,205,very common,country,0,0,2,0.031661178916692005,0.923527181148529,0.021159151569008,0.023652480915188002
5363,D-surf,তাই তো,A,B,0,,0,0.150677025318145,,0.47244682908058105,0.398315042257308,0,290,very common,country,0,0,2,0.150677025318145,0.47244682908058105,0.20090490579605103,0.175971239805221
5363,D-sem,তাই তো,A,C,0,,0,0.18810585141181901,,0.470419764518737,0.34194564819335904,0,238,very common,country,0,0,2,0.18810585141181901,0.12728768587112402,0.470419764518737,0.21418672800064
5363,D-hard,তাই তো,C,D,0,D,1,0.019331585615873,0.9200924634933471,0.9200924634933471,0.790205299854278,2,184,very common,country,0,0,2,0.036056913435459005,0.024519024416804,0.019331585615873,0.9200924634933471
5364,D-rand,তাইরে নাইরে,A,B,0,,0,0.24605904519557903,,0.291284173727035,0.231182172894477,0,332,common,country,0,0,2,0.24605904519557903,0.291284173727035,0.28776180744171104,0.17489501833915702
5364,D-lit,তাইরে নাইরে,D,A,0,A,1,0.078657530248165,0.7988284230232231,0.7988284230232231,0.602933228015899,3,384,common,country,0,0,2,0.7988284230232231,0.055930439382791006,0.06658361852169001,0.078657530248165
5364,D-surf,তাইরে নাইরে,B,A,0,,0,0.246183708310127,,0.340923815965652,0.268820822238922,1,341,common,country,0,0,2,0.340923815965652,0.246183708310127,0.26467955112457203,0.14821292459964702
5364,D-sem,তাইরে নাইরে,C,B,0,,0,0.27069121599197304,,0.28812530636787403,0.216199591755867,2,426,common,country,0,0,2,0.207067802548408,0.28812530636787403,0.27069121599197304,0.23411568999290402
5364,D-hard,তাইরে নাইরে,C,D,0,D,1,0.07478301972150801,0.768240392208099,0.768240392208099,0.654571056365966,2,452,common,country,0,0,2,0.077364683151245,0.079611890017986,0.07478301972150801,0.768240392208099
5375,D-rand,তা না না,B,A,0,,0,0.27466678619384705,,0.41967776417732205,0.21065467596054002,1,190,common,country,0,0,3,0.41967776417732205,0.27466678619384705,0.190276265144348,0.115379214286804
5375,D-lit,তা না না,A,B,0,B,1,0.131737381219863,0.756721556186676,0.756721556186676,0.503744602203369,0,348,common,country,0,0,3,0.131737381219863,0.756721556186676,0.038192663341760004,0.07334841042757001
5375,D-surf,তা না না,B,D,0,,0,0.245870932936668,,0.48044690489768904,0.29506126046180703,1,234,common,country,0,0,3,0.09285958856344201,0.245870932936668,0.18082252144813502,0.48044690489768904
5375,D-sem,তা না না,D,A,0,,0,0.224724382162094,,0.48407259583473206,0.266358762979507,3,217,common,country,0,0,3,0.48407259583473206,0.171486973762512,0.11971599608659701,0.224724382162094
5375,D-hard,তা না না,D,C,0,C,1,0.107676297426223,0.714421212673187,0.714421212673187,0.584072589874267,3,267,common,country,0,0,3,0.113295674324035,0.06460685282945601,0.714421212673187,0.107676297426223
5380,D-rand,তা বৈকি,D,D,1,,0,0.383787155151367,,0.383787155151367,0.256207257509231,3,262,very common,country,0,0,2,0.12077916413545602,0.309198409318923,0.186235293745994,0.383787155151367
5380,D-lit,তা বৈকি,C,A,0,A,1,0.053980417549610006,0.9058180451393121,0.9058180451393121,0.770046949386596,2,171,very common,country,0,0,2,0.9058180451393121,0.017272122204303002,0.053980417549610006,0.022929400205612002
5380,D-surf,তা বৈকি,C,C,1,,0,0.415140002965927,,0.415140002965927,0.284779906272888,2,234,very common,country,0,0,2,0.20840275287628102,0.179765880107879,0.415140002965927,0.19669137895107203
5380,D-sem,তা বৈকি,C,C,1,,0,0.42723512649536105,,0.42723512649536105,0.30695429444313005,2,211,very common,country,0,0,2,0.21209055185317902,0.11634483933448701,0.42723512649536105,0.24432948231697002
5380,D-hard,তা বৈকি,C,A,0,A,1,0.053065031766891,0.890371620655059,0.890371620655059,0.74488765001297,2,257,very common,country,0,0,2,0.890371620655059,0.03861803933978,0.053065031766891,0.017945369705557
5383,D-rand,তামাদি,D,C,0,,0,0.228811502456665,,0.30534246563911405,0.24743509292602503,3,226,rare,country,0,0,1,0.259216427803039,0.206629589200019,0.30534246563911405,0.228811502456665
5383,D-lit,তামাদি,A,B,0,B,1,0.048236813396215,0.844084501266479,0.844084501266479,0.664849936962127,0,232,rare,country,0,0,1,0.048236813396215,0.844084501266479,0.064129091799259,0.043549597263336
5383,D-surf,তামাদি,C,B,0,,0,0.226037204265594,,0.314237922430038,0.18416489660739901,2,185,rare,country,0,0,1,0.21117210388183502,0.314237922430038,0.226037204265594,0.24855278432369202
5383,D-sem,তামাদি,B,C,0,,0,0.238265722990036,,0.39354667067527704,0.23476122319698303,1,223,rare,country,0,0,1,0.218635275959968,0.238265722990036,0.39354667067527704,0.14955228567123402
5383,D-hard,তামাদি,B,A,0,A,1,0.053482957184314006,0.7846609950065611,0.7846609950065611,0.5774208903312681,1,265,rare,country,0,0,1,0.7846609950065611,0.053482957184314006,0.09724474698305101,0.06461142748594201
5402,D-rand,তাল পড়া,A,A,1,,0,0.767419278621673,,0.767419278621673,0.5667932033538811,0,249,common,country,0,0,2,0.767419278621673,0.045615013688802004,0.078235149383544,0.108730524778366
5402,D-lit,তাল পড়া,D,B,0,B,1,0.392054915428161,0.464607596397399,0.464607596397399,0.281737804412841,3,206,common,country,0,0,2,0.086882837116718,0.464607596397399,0.056454651057720004,0.392054915428161
5402,D-surf,তাল পড়া,D,D,1,,0,0.48327955603599504,,0.48327955603599504,0.288100928068161,3,155,common,country,0,0,2,0.07919206470251,0.05974857881665201,0.37777987122535706,0.48327955603599504
5402,D-sem,তাল পড়া,A,A,1,,0,0.6894702315330501,,0.6894702315330501,0.512417733669281,0,229,common,country,0,0,2,0.6894702315330501,0.09596449136734,0.062996931374073,0.151568323373794
5402,D-hard,তাল পড়া,C,A,0,A,1,0.37506130337715105,0.542312800884246,0.542312800884246,0.246244087815284,2,201,common,country,0,0,2,0.542312800884246,0.061006519943475,0.37506130337715105,0.021619372069835
5407,D-rand,তালমিল,B,D,0,,0,0.121182419359683,,0.6858528256416321,0.43717399239540106,1,239,common,country,0,0,1,0.07827981561422301,0.121182419359683,0.114684969186782,0.6858528256416321
5407,D-lit,তালমিল,A,B,0,B,1,0.053917329758405005,0.8589871525764461,0.8589871525764461,0.689211249351501,0,252,common,country,0,0,1,0.053917329758405005,0.8589871525764461,0.051841434091329006,0.035254087299108006
5407,D-surf,তালমিল,B,B,1,,0,0.343299210071563,,0.343299210071563,0.164124816656112,1,170,common,country,0,0,1,0.24410395324230102,0.343299210071563,0.18052010238170602,0.23207680881023401
5407,D-sem,তালমিল,C,A,0,,0,0.329143226146698,,0.39597430825233404,0.19639055430889102,2,180,common,country,0,0,1,0.39597430825233404,0.12767755985260001,0.329143226146698,0.147204861044883
5407,D-hard,তালমিল,C,A,0,A,1,0.050512459129095,0.8721949458122251,0.8721949458122251,0.728794991970062,2,186,common,country,0,0,1,0.8721949458122251,0.049804273992776,0.050512459129095,0.027488365769386004
5426,D-rand,তিন লাফে,A,D,0,,0,0.298589497804641,,0.372394263744354,0.31085124611854503,0,203,very common,country,0,0,2,0.298589497804641,0.18157286942005102,0.147443413734436,0.372394263744354
5426,D-lit,তিন লাফে,A,C,0,C,1,0.009178951382637001,0.9709720611572261,0.9709720611572261,0.9156880378723141,0,150,very common,country,0,0,2,0.009178951382637001,0.010607873089611001,0.9709720611572261,0.009241146966814
5426,D-surf,তিন লাফে,B,B,1,,0,0.29900914430618203,,0.29900914430618203,0.32208123803138705,1,233,very common,country,0,0,2,0.261959791183471,0.29900914430618203,0.20345263183116902,0.23557843267917603
5426,D-sem,তিন লাফে,C,C,1,,0,0.286482244729995,,0.286482244729995,0.24392071366310103,2,281,very common,country,0,0,2,0.254352360963821,0.20270475745201103,0.286482244729995,0.25646063685417103
5426,D-hard,তিন লাফে,C,A,0,A,1,0.006674675736576,0.9564880728721611,0.9564880728721611,0.8951336741447441,2,176,very common,country,0,0,2,0.9564880728721611,0.031009590253233004,0.006674675736576,0.005827730055898
5434,D-rand,তিরিক্ষি,D,A,0,,0,0.14226144552230802,,0.36897203326225203,0.177566409111022,3,239,common,country,0,0,1,0.36897203326225203,0.19287490844726501,0.295891612768173,0.14226144552230802
5434,D-lit,তিরিক্ষি,D,A,0,A,1,0.10570594668388301,0.6821655035018921,0.6821655035018921,0.368197292089462,3,202,common,country,0,0,1,0.6821655035018921,0.173601016402244,0.038527514785528,0.10570594668388301
5434,D-surf,তিরিক্ষি,B,A,0,,0,0.18561178445816,,0.34665769338607705,0.167260617017745,1,223,common,country,0,0,1,0.34665769338607705,0.18561178445816,0.125590831041336,0.34213966131210305
5434,D-sem,তিরিক্ষি,C,A,0,,0,0.216051802039146,,0.36390978097915605,0.208719134330749,2,208,common,country,0,0,1,0.36390978097915605,0.28842911124229403,0.216051802039146,0.13160932064056302
5434,D-hard,তিরিক্ষি,C,D,0,D,1,0.114610351622104,0.66074538230896,0.66074538230896,0.32690045237541204,2,190,common,country,0,0,1,0.14707836508750902,0.077565878629684,0.114610351622104,0.66074538230896
5442,D-rand,তিলকাঞ্চন,A,C,0,,0,0.268606781959533,,0.362793862819671,0.22801949083805,0,181,rare,country,0,1,1,0.268606781959533,0.17527660727500902,0.362793862819671,0.19332271814346302
5442,D-lit,তিলকাঞ্চন,C,B,0,B,1,0.048418473452329004,0.871098399162292,0.871098399162292,0.762985408306121,2,197,rare,country,0,1,1,0.046071160584688006,0.871098399162292,0.048418473452329004,0.034411940723657004
5442,D-surf,তিলকাঞ্চন,C,A,0,,0,0.295020341873168,,0.410393178462982,0.25677517056465105,2,284,rare,country,0,1,1,0.410393178462982,0.16212055087089502,0.295020341873168,0.13246595859527502
5442,D-sem,তিলকাঞ্চন,B,B,1,,0,0.372554004192352,,0.372554004192352,0.419172286987304,1,278,rare,country,0,1,1,0.150716304779052,0.372554004192352,0.268370151519775,0.20835953950881902
5442,D-hard,তিলকাঞ্চন,D,A,0,A,1,0.043746262788772,0.8738432526588441,0.8738432526588441,0.7821491956710811,3,277,rare,country,0,1,1,0.8738432526588441,0.034134954214096,0.048275481909513,0.043746262788772
5464,D-rand,তুড়িলাফ,D,D,1,,0,0.5902002453804011,,0.5902002453804011,0.398394078016281,3,192,common,country,0,0,1,0.186449036002159,0.12301019579172101,0.10034056752920101,0.5902002453804011
5464,D-lit,তুড়িলাফ,A,C,0,C,1,0.31987866759300204,0.484265118837356,0.484265118837356,0.287234216928482,0,298,common,country,0,0,1,0.31987866759300204,0.066634640097618,0.484265118837356,0.129221603274345
5464,D-surf,তুড়িলাফ,C,C,1,,0,0.628476321697235,,0.628476321697235,0.410569101572036,2,248,common,country,0,0,1,0.164922267198562,0.099261052906513,0.628476321697235,0.107340328395366
5464,D-sem,তুড়িলাফ,A,A,1,,0,0.6225789785385131,,0.6225789785385131,0.479572087526321,0,283,common,country,0,0,1,0.6225789785385131,0.11848898977041201,0.13571593165397602,0.12321607768535602
5464,D-hard,তুড়িলাফ,C,A,0,A,1,0.33249244093894903,0.517419040203094,0.517419040203094,0.28109508752822804,2,324,common,country,0,0,1,0.517419040203094,0.09565771371126101,0.33249244093894903,0.054430793970823
5514,D-rand,তৈরী ছেলের বাপ,C,A,0,,0,0.304950982332229,,0.33880671858787503,0.20587399601936301,2,203,common,country,0,0,3,0.33880671858787503,0.17096135020256,0.304950982332229,0.185280933976173
5514,D-lit,তৈরী ছেলের বাপ,B,A,0,A,1,0.12247995287179901,0.758568584918975,0.758568584918975,0.6023530960083,1,205,common,country,0,0,3,0.758568584918975,0.12247995287179901,0.055567283183336,0.063384234905242
5514,D-surf,তৈরী ছেলের বাপ,A,A,1,,0,0.33082172274589505,,0.33082172274589505,0.263399690389633,0,217,common,country,0,0,3,0.33082172274589505,0.126977771520614,0.23084749281406403,0.31135302782058705
5514,D-sem,তৈরী ছেলের বাপ,B,B,1,,0,0.35200649499893105,,0.35200649499893105,0.20624564588069902,1,208,common,country,0,0,3,0.31115603446960405,0.35200649499893105,0.20139808952808302,0.13543942570686301
5514,D-hard,তৈরী ছেলের বাপ,C,D,0,D,1,0.069731280207633,0.656102180480957,0.656102180480957,0.5240517258644101,2,230,common,country,0,0,3,0.035275690257549,0.23889081180095603,0.069731280207633,0.656102180480957
5515,D-rand,তৈলবট,C,D,0,,0,0.227295294404029,,0.311484038829803,0.304912239313125,2,306,rare,deep rural,0,1,1,0.270328551530838,0.190892115235328,0.227295294404029,0.311484038829803
5515,D-lit,তৈলবট,D,C,0,C,1,0.06192484870553001,0.8233061432838441,0.8233061432838441,0.781875967979431,3,294,rare,deep rural,0,1,1,0.032132018357515,0.082636982202529,0.8233061432838441,0.06192484870553001
5515,D-surf,তৈলবট,B,B,1,,0,0.372497498989105,,0.372497498989105,0.347216457128524,1,276,rare,deep rural,0,1,1,0.21440714597702,0.372497498989105,0.25765326619148204,0.15544216334819702
5515,D-sem,তৈলবট,B,B,1,,0,0.34353801608085605,,0.34353801608085605,0.291293978691101,1,261,rare,deep rural,0,1,1,0.23605516552925102,0.34353801608085605,0.15754103660583402,0.262865781784057
5515,D-hard,তৈলবট,B,A,0,A,1,0.070005111396312,0.836494445800781,0.836494445800781,0.7889750599861141,1,299,rare,deep rural,0,1,1,0.836494445800781,0.070005111396312,0.043462507426738003,0.050037924200296006
5520,D-rand,তোতাবুলি,A,A,1,,0,0.45280638337135304,,0.45280638337135304,0.288712412118911,0,223,common,country,0,0,1,0.45280638337135304,0.19714939594268802,0.115603938698768,0.23444031178951202
5520,D-lit,তোতাবুলি,B,A,0,A,1,0.08143350481987,0.8578606247901911,0.8578606247901911,0.7203019261360161,1,196,common,country,0,0,1,0.8578606247901911,0.08143350481987,0.036049548536539,0.024656364694237
5520,D-surf,তোতাবুলি,A,A,1,,0,0.45776411890983504,,0.45776411890983504,0.300910085439682,0,248,common,country,0,0,1,0.45776411890983504,0.193428710103034,0.21792964637279502,0.13087747991085
5520,D-sem,তোতাবুলি,D,B,0,,0,0.23117239773273401,,0.528377830982208,0.363647133111953,3,313,common,country,0,0,1,0.15442880988121002,0.528377830982208,0.086020961403846,0.23117239773273401
5520,D-hard,তোতাবুলি,B,D,0,D,1,0.066113233566284,0.873187184333801,0.873187184333801,0.7258812785148621,1,188,common,country,0,0,1,0.037816770374774,0.066113233566284,0.022882871329784,0.873187184333801
5540,D-rand,ত্রিপাপ,B,B,1,,0,0.398675829172134,,0.398675829172134,0.26640486717224104,1,269,rare,country,0,1,1,0.38091504573822005,0.398675829172134,0.12472716718912101,0.095681935548782
5540,D-lit,ত্রিপাপ,B,B,1,C,0,0.44709113240242004,0.20877842605113903,0.44709113240242004,0.28306511044502203,1,278,rare,country,0,1,1,0.21666114032268502,0.44709113240242004,0.20877842605113903,0.12746927142143202
5540,D-surf,ত্রিপাপ,A,A,1,,0,0.6039133071899411,,0.6039133071899411,0.396023213863372,0,227,rare,country,0,1,1,0.6039133071899411,0.144446521997451,0.11977141350507702,0.13186874985694802
5540,D-sem,ত্রিপাপ,A,A,1,,0,0.39697310328483504,,0.39697310328483504,0.21755352616310103,0,228,rare,country,0,1,1,0.39697310328483504,0.126937180757522,0.115096636116504,0.36099308729171703
5540,D-hard,ত্রিপাপ,B,B,1,A,0,0.345049381256103,0.22379642724990803,0.345049381256103,0.231420755386352,1,192,rare,country,0,1,1,0.22379642724990803,0.345049381256103,0.326437801122665,0.10471636056900001
5541,D-rand,ত্রিফলা,C,B,0,,0,0.137008562684059,,0.47563517093658403,0.298543155193328,2,195,common,country,1,1,1,0.149081721901893,0.47563517093658403,0.137008562684059,0.23827458918094602
5541,D-lit,ত্রিফলা,B,C,0,C,1,0.157143265008926,0.37368273735046303,0.37368273735046303,0.21441666781902302,1,225,common,country,1,1,1,0.24605926871299702,0.157143265008926,0.37368273735046303,0.22311468422412803
5541,D-surf,ত্রিফলা,D,B,0,,0,0.119965143501758,,0.507670283317565,0.324401497840881,3,230,common,country,1,1,1,0.280101180076599,0.507670283317565,0.09226334840059201,0.119965143501758
5541,D-sem,ত্রিফলা,B,A,0,,0,0.25254726409912104,,0.30193695425987205,0.169914036989212,1,207,common,country,1,1,1,0.30193695425987205,0.25254726409912104,0.23551140725612602,0.21000437438488
5541,D-hard,ত্রিফলা,A,B,0,B,1,0.185439303517341,0.44279778003692605,0.44279778003692605,0.22861333191394803,0,210,common,country,1,1,1,0.185439303517341,0.44279778003692605,0.20519393682479803,0.166568994522094
5542,D-rand,ত্রিবলি,D,B,0,,0,0.11085829138755701,,0.41404172778129505,0.27197608351707403,3,223,rare,country,0,0,1,0.22734290361404402,0.41404172778129505,0.24775701761245703,0.11085829138755701
5542,D-lit,ত্রিবলি,A,D,0,D,1,0.047669295221567,0.796899020671844,0.796899020671844,0.6238988041877741,0,215,rare,country,0,0,1,0.047669295221567,0.11286683380603701,0.042564790695905005,0.796899020671844
5542,D-surf,ত্রিবলি,B,D,0,,0,0.14936214685440002,,0.422591894865036,0.268866837024688,1,279,rare,country,0,0,1,0.19110666215419703,0.14936214685440002,0.23693926632404302,0.422591894865036
5542,D-sem,ত্রিবলি,B,A,0,,0,0.152908012270927,,0.43321093916893005,0.345343649387359,1,235,rare,country,0,0,1,0.43321093916893005,0.152908012270927,0.28617051243782005,0.127710536122322
5542,D-hard,ত্রিবলি,D,A,0,A,1,0.037014830857515,0.748171329498291,0.748171329498291,0.542491793632507,3,208,rare,country,0,0,1,0.748171329498291,0.090198464691638,0.12461539357900601,0.037014830857515
5550,D-rand,ত্রিরাত্রি,B,B,1,,0,0.37999293208122203,,0.37999293208122203,0.23114436864852902,1,217,rare,country,0,0,1,0.371786922216415,0.37999293208122203,0.109163351356983,0.139056801795959
5550,D-lit,ত্রিরাত্রি,D,A,0,A,1,0.161225795745849,0.6281473040580751,0.6281473040580751,0.42943978309631303,3,187,rare,country,0,0,1,0.6281473040580751,0.07471369206905301,0.135913223028182,0.161225795745849
5550,D-surf,ত্রিরাত্রি,A,A,1,,0,0.32433292269706704,,0.32433292269706704,0.260000109672546,0,276,rare,country,0,0,1,0.32433292269706704,0.255691319704055,0.31994506716728205,0.100030705332756
5550,D-sem,ত্রিরাত্রি,B,B,1,,0,0.381566613912582,,0.381566613912582,0.212345868349075,1,238,rare,country,0,0,1,0.163284048438072,0.381566613912582,0.28857892751693703,0.166570410132408
5550,D-hard,ত্রিরাত্রি,B,C,0,C,1,0.189403042197227,0.629968106746673,0.629968106746673,0.43917831778526306,1,226,rare,country,0,0,1,0.10890865325927701,0.189403042197227,0.629968106746673,0.07172017544507901
5562,D-rand,থোকা দর,B,A,0,,0,0.26044866442680303,,0.30567419528961104,0.22466301918029702,1,217,common,country,0,0,2,0.30567419528961104,0.26044866442680303,0.20473420619964602,0.22914294898509902
5562,D-lit,থোকা দর,A,B,0,B,1,0.036901030689477005,0.874267041683197,0.874267041683197,0.7962935566902161,0,213,common,country,0,0,2,0.036901030689477005,0.874267041683197,0.043881028890609006,0.044950928539037004
5562,D-surf,থোকা দর,A,C,0,,0,0.09591167420148801,,0.7333879470825191,0.618002712726593,0,223,common,country,0,0,2,0.09591167420148801,0.072329759597778,0.7333879470825191,0.098370604217052
5562,D-sem,থোকা দর,D,B,0,,0,0.017726451158523,,0.9347769618034361,0.854142069816589,3,240,common,country,0,0,2,0.019273744896054,0.9347769618034361,0.028222851455211,0.017726451158523
5562,D-hard,থোকা দর,D,A,0,A,1,0.040085274726152004,0.8727858066558831,0.8727858066558831,0.816134095191955,3,269,common,country,0,0,2,0.8727858066558831,0.052659340202808005,0.034469533711671003,0.040085274726152004
5563,D-rand,থকা,C,D,0,,0,0.22143071889877303,,0.29840281605720503,0.217630371451377,2,242,very common,country,0,0,1,0.22998951375484403,0.250176966190338,0.22143071889877303,0.29840281605720503
5563,D-lit,থকা,C,A,0,D,0,0.20936405658721902,0.25678524374961803,0.35950192809104903,0.30964308977127003,2,206,very common,country,0,0,1,0.35950192809104903,0.174348726868629,0.20936405658721902,0.25678524374961803
5563,D-surf,থকা,D,D,1,,0,0.288201063871383,,0.288201063871383,0.20823618769645602,3,189,very common,country,0,0,1,0.21261537075042702,0.234993383288383,0.264190167188644,0.288201063871383
5563,D-sem,থকা,B,D,0,,0,0.229797914624214,,0.32384756207466103,0.22811505198478702,1,204,very common,country,0,0,1,0.300043284893035,0.229797914624214,0.14631120860576602,0.32384756207466103
5563,D-hard,থকা,A,C,0,B,0,0.18595351278781802,0.23083996772766102,0.354634523391723,0.29688286781311,0,221,very common,country,0,0,1,0.18595351278781802,0.23083996772766102,0.354634523391723,0.22857198119163502
5586,D-rand,থিকথিক করা,B,A,0,,0,0.182474836707115,,0.40954935550689703,0.26573505997657704,1,343,common,deep rural,0,0,2,0.40954935550689703,0.182474836707115,0.12245147675275801,0.28552427887916504
5586,D-lit,থিকথিক করা,C,B,0,D,0,0.159431219100952,0.216278672218322,0.321790814399719,0.19401344656944203,2,282,common,deep rural,0,0,2,0.302499324083328,0.321790814399719,0.159431219100952,0.216278672218322
5586,D-surf,থিকথিক করা,D,B,0,,0,0.132284477353096,,0.487581849098205,0.36873072385787903,3,328,common,deep rural,0,0,2,0.136584773659706,0.487581849098205,0.243548840284347,0.132284477353096
5586,D-sem,থিকথিক করা,B,C,0,,0,0.22500690817832902,,0.38570094108581504,0.25839814543724005,1,305,common,deep rural,0,0,2,0.25368314981460505,0.22500690817832902,0.38570094108581504,0.135608956217765
5586,D-hard,থিকথিক করা,C,A,0,D,0,0.154597610235214,0.20971550047397602,0.44134512543678206,0.289847403764724,2,304,common,deep rural,0,0,2,0.44134512543678206,0.19434174895286502,0.154597610235214,0.20971550047397602
5594,D-rand,থুম মেরে যাওয়া,B,D,0,,0,0.26411697268486,,0.30801317095756503,0.23674316704273202,1,342,common,country,0,0,3,0.20070537924766502,0.26411697268486,0.227164432406425,0.30801317095756503
5594,D-lit,থুম মেরে যাওয়া,D,B,0,B,1,0.022673871368169,0.9362028837203981,0.9362028837203981,0.8076487183570861,3,230,common,country,0,0,3,0.02105738967657,0.9362028837203981,0.020065879449248,0.022673871368169
5594,D-surf,থুম মেরে যাওয়া,D,B,0,,0,0.285917848348617,,0.295155674219131,0.227598384022712,3,220,common,country,0,0,3,0.21771249175071702,0.295155674219131,0.201213985681533,0.285917848348617
5594,D-sem,থুম মেরে যাওয়া,A,A,1,,0,0.344420909881591,,0.344420909881591,0.24563634395599301,0,288,common,country,0,0,3,0.344420909881591,0.24365523457527102,0.23706947267055503,0.174854427576065
5594,D-hard,থুম মেরে যাওয়া,D,B,0,A,0,0.011976558715105001,0.48360490798950106,0.48700943589210505,0.47977715730667103,3,296,common,country,0,0,3,0.48360490798950106,0.48700943589210505,0.017409088090062003,0.011976558715105001
5599,D-rand,থোঁতা মুখ ভোঁতা করা,B,B,1,,0,0.5289923548698421,,0.5289923548698421,0.38650795817375105,1,237,common,country,0,0,4,0.183090180158615,0.5289923548698421,0.14010225236415802,0.147815227508544
5599,D-lit,থোঁতা মুখ ভোঁতা করা,D,B,0,B,1,0.012083096429705,0.9726518988609311,0.9726518988609311,0.8918965458869931,3,282,common,country,0,0,4,0.005746228154748001,0.9726518988609311,0.009518852457404001,0.012083096429705
5599,D-surf,থোঁতা মুখ ভোঁতা করা,D,D,1,,0,0.342478960752487,,0.342478960752487,0.251306384801864,3,272,common,country,0,0,4,0.266903936862945,0.173667758703231,0.216949313879013,0.342478960752487
5599,D-sem,থোঁতা মুখ ভোঁতা করা,C,C,1,,0,0.464593589305877,,0.464593589305877,0.315280735492706,2,247,common,country,0,0,4,0.30153778195381103,0.17568373680114702,0.464593589305877,0.05818486213684
5599,D-hard,থোঁতা মুখ ভোঁতা করা,A,B,0,B,1,0.01223009545356,0.9756616353988641,0.9756616353988641,0.8943182826042171,0,293,common,country,0,0,4,0.01223009545356,0.9756616353988641,0.001806049258448,0.010302249342203001
5614,D-rand,দক্ষিণাপথ,D,D,1,,0,0.9208248853683471,,0.9208248853683471,0.72470623254776,3,208,rare,country,1,0,1,0.009706307202577001,0.030604114755988003,0.038864683359861006,0.9208248853683471
5614,D-lit,দক্ষিণাপথ,C,A,0,A,1,0.047738630324602,0.9483559131622311,0.9483559131622311,0.895068407058715,2,202,rare,country,1,0,1,0.9483559131622311,0.0017872237367550002,0.047738630324602,0.0021182938944540003
5614,D-surf,দক্ষিণাপথ,A,A,1,,0,0.8965044021606441,,0.8965044021606441,0.792421519756317,0,214,rare,country,1,0,1,0.8965044021606441,0.023435078561306003,0.021562194451689002,0.058498296886682004
5614,D-sem,দক্ষিণাপথ,A,A,1,,0,0.9480867385864251,,0.9480867385864251,0.7734375596046441,0,188,rare,country,1,0,1,0.9480867385864251,0.010803426615893001,0.033174052834510005,0.007935798726975
5614,D-hard,দক্ষিণাপথ,D,C,0,C,1,0.052663959562778,0.9424158334732051,0.9424158334732051,0.895465612411499,3,271,rare,country,1,0,1,0.001063035335391,0.00385719211772,0.9424158334732051,0.052663959562778
5621,D-rand,দড়কাঁচা,B,B,1,,0,0.30380401015281605,,0.30380401015281605,0.197405651211738,1,197,common,country,0,0,1,0.18481037020683203,0.30380401015281605,0.20885629951953802,0.30252933502197205
5621,D-lit,দড়কাঁচা,C,A,0,A,1,0.056075830012559,0.8702340722084041,0.8702340722084041,0.703737318515777,2,230,common,country,0,0,1,0.8702340722084041,0.019236007705330002,0.056075830012559,0.054454166442155005
5621,D-surf,দড়কাঁচা,A,A,1,,0,0.5520613789558411,,0.5520613789558411,0.364984482526779,0,217,common,country,0,0,1,0.5520613789558411,0.19710470736026703,0.10297428816556901,0.147859588265419
5621,D-sem,দড়কাঁচা,C,C,1,,0,0.384465783834457,,0.384465783834457,0.18439245223999,2,201,common,country,0,0,1,0.278636127710342,0.20949201285839,0.384465783834457,0.127406135201454
5621,D-hard,দড়কাঁচা,D,B,0,B,1,0.066276766359806,0.8307200074195861,0.8307200074195861,0.6479921936988831,3,269,common,country,0,0,1,0.08370152860879801,0.8307200074195861,0.019301693886518003,0.066276766359806
5622,D-rand,দড়িকলসি,C,D,0,,0,0.14588105678558302,,0.395005464553833,0.20825837552547402,2,156,rare,deep rural,0,0,1,0.278543770313262,0.180569618940353,0.14588105678558302,0.395005464553833
5622,D-lit,দড়িকলসি,C,A,0,A,1,0.005337169859558,0.96425712108612,0.96425712108612,0.8319593071937561,2,195,rare,deep rural,0,0,1,0.96425712108612,0.016270790249109,0.005337169859558,0.014134907163679001
5622,D-surf,দড়িকলসি,A,C,0,,0,0.15989768505096402,,0.32764983177185003,0.158897086977958,0,228,rare,deep rural,0,0,1,0.15989768505096402,0.198735877871513,0.32764983177185003,0.313716620206832
5622,D-sem,দড়িকলসি,D,A,0,,0,0.12273009121417901,,0.359738439321517,0.17139457166194902,3,172,rare,deep rural,0,0,1,0.359738439321517,0.285522550344467,0.23200899362564,0.12273009121417901
5622,D-hard,দড়িকলসি,C,B,0,B,1,0.004693195689469,0.9764456152915951,0.9764456152915951,0.8025327920913691,2,233,rare,deep rural,0,0,1,0.004368801135569001,0.9764456152915951,0.004693195689469,0.014492426998913002
5626,D-rand,দড়িদড়ি,C,C,1,,0,0.7105773091316221,,0.7105773091316221,0.566025733947753,2,179,common,country,0,0,1,0.08253099024295801,0.09206188470125101,0.7105773091316221,0.11482976377010301
5626,D-lit,দড়িদড়ি,A,D,0,D,1,0.304913103580474,0.628836274147033,0.628836274147033,0.538221418857574,0,195,common,country,0,0,1,0.304913103580474,0.036046404391527,0.030204225331544002,0.628836274147033
5626,D-surf,দড়িদড়ি,B,B,1,,0,0.700133740901947,,0.700133740901947,0.47806340456008906,1,170,common,country,0,0,1,0.18147365748882202,0.700133740901947,0.040076892822980006,0.078315764665603
5626,D-sem,দড়িদড়ি,D,D,1,,0,0.7561424374580381,,0.7561424374580381,0.607465863227844,3,218,common,country,0,0,1,0.10768682509660701,0.06620871275663301,0.069962091743946,0.7561424374580381
5626,D-hard,দড়িদড়ি,A,C,0,C,1,0.30306339263916005,0.624799191951751,0.624799191951751,0.498719274997711,0,186,common,country,0,0,1,0.30306339263916005,0.024261076003313002,0.624799191951751,0.04787636920809701
5637,D-rand,দন্ত কচকচি,C,A,0,,0,0.293637245893478,,0.342245757579803,0.16074474155902801,2,184,common,country,0,0,2,0.342245757579803,0.21911694109439803,0.293637245893478,0.14500007033348
5637,D-lit,দন্ত কচকচি,D,B,0,B,1,0.17970561981201102,0.5124601721763611,0.5124601721763611,0.22968029975891102,3,146,common,country,0,0,2,0.12380672246217701,0.5124601721763611,0.18402744829654602,0.17970561981201102
5637,D-surf,দন্ত কচকচি,A,B,0,,0,0.08724126219749401,,0.542308807373046,0.28489723801612804,0,253,common,country,0,0,2,0.08724126219749401,0.542308807373046,0.09352087974548301,0.276929020881652
5637,D-sem,দন্ত কচকচি,A,D,0,,0,0.19929815828800201,,0.395078778266906,0.24293132126331302,0,201,common,country,0,0,2,0.19929815828800201,0.203494548797607,0.20212857425212802,0.395078778266906
5637,D-hard,দন্ত কচকচি,D,A,0,C,0,0.127387285232543,0.374389499425888,0.387968271970748,0.167881190776824,3,209,common,country,0,0,2,0.387968271970748,0.11025495827198001,0.374389499425888,0.127387285232543
5645,D-rand,দফায় দফায়,B,D,0,,0,0.26850220561027505,,0.36194962263107305,0.18909184634685502,1,155,common,country,0,0,2,0.175665363669395,0.26850220561027505,0.193882852792739,0.36194962263107305
5645,D-lit,দফায় দফায়,B,A,0,A,1,0.13466522097587502,0.43943843245506203,0.43943843245506203,0.24258632957935303,1,194,common,country,0,0,2,0.43943843245506203,0.13466522097587502,0.24261741340160303,0.18327894806861803
5645,D-surf,দফায় দফায়,D,C,0,,0,0.26399603486061,,0.299807041883468,0.135293930768966,3,151,common,country,0,0,2,0.17751802504062603,0.258678972721099,0.299807041883468,0.26399603486061
5645,D-sem,দফায় দফায়,B,C,0,,0,0.23361441493034302,,0.409112572669982,0.249256208539009,1,186,common,country,0,0,2,0.26818463206291204,0.23361441493034302,0.409112572669982,0.089088305830955
5645,D-hard,দফায় দফায়,A,D,0,D,1,0.15401129424571902,0.49950939416885304,0.49950939416885304,0.307160645723342,0,188,common,country,0,0,2,0.15401129424571902,0.14537408947944602,0.201105237007141,0.49950939416885304
5690,D-rand,দরের লোক,D,C,0,,0,0.370863378047943,,0.42157164216041504,0.18605963885784102,3,231,common,country,0,0,2,0.12312317639589301,0.084441736340522,0.42157164216041504,0.370863378047943
5690,D-lit,দরের লোক,C,B,0,B,1,0.273296117782592,0.5474972724914551,0.5474972724914551,0.25174152851104703,2,195,common,country,0,0,2,0.10493226349353701,0.5474972724914551,0.273296117782592,0.07427432388067201
5690,D-surf,দরের লোক,B,A,0,,0,0.22488333284854803,,0.6484636068344111,0.46659207344055104,1,181,common,country,0,0,2,0.6484636068344111,0.22488333284854803,0.065209798514842,0.061443269252777
5690,D-sem,দরের লোক,B,B,1,,0,0.410918623208999,,0.410918623208999,0.200317963957786,1,174,common,country,0,0,2,0.295081168413162,0.410918623208999,0.147784203290939,0.146215930581092
5690,D-hard,দরের লোক,D,A,0,A,1,0.218474343419075,0.357797741889953,0.357797741889953,0.188889816403388,3,177,common,country,0,0,2,0.357797741889953,0.107670448720455,0.316057413816452,0.218474343419075
5696,D-rand,দল পাকানো,B,B,1,,0,0.49982124567031805,,0.49982124567031805,0.43538355827331504,1,262,common,country,0,0,2,0.16126812994480103,0.49982124567031805,0.095188811421394,0.24372187256813002
5696,D-lit,দল পাকানো,A,C,0,C,1,0.013007681816816,0.96678626537323,0.96678626537323,0.9243701100349421,0,263,common,country,0,0,2,0.013007681816816,0.0018055278342210001,0.96678626537323,0.018400512635707002
5696,D-surf,দল পাকানো,D,D,1,,0,0.469945281744003,,0.469945281744003,0.329067856073379,3,222,common,country,0,0,2,0.268207669258117,0.135718628764152,0.126128390431404,0.469945281744003
5696,D-sem,দল পাকানো,A,A,1,,0,0.521614253520965,,0.521614253520965,0.40486982464790305,0,275,common,country,0,0,2,0.521614253520965,0.226556092500686,0.1370390355587,0.11479062587022701
5696,D-hard,দল পাকানো,D,C,0,C,1,0.012286528944969,0.9820528626441951,0.9820528626441951,0.9176967144012451,3,256,common,country,0,0,2,0.002206003526225,0.003454681951552,0.9820528626441951,0.012286528944969
5700,D-rand,দলাদলি,D,D,1,,0,0.5559592843055721,,0.5559592843055721,0.345891118049621,3,208,common,country,0,0,1,0.18236638605594602,0.10909859091043402,0.152575775980949,0.5559592843055721
5700,D-lit,দলাদলি,B,C,0,C,1,0.18216370046138702,0.654334545135498,0.654334545135498,0.471174508333206,1,218,common,country,0,0,1,0.11871495097875501,0.18216370046138702,0.654334545135498,0.044786758720874
5700,D-surf,দলাদলি,D,D,1,,0,0.45605856180191,,0.45605856180191,0.34633442759513805,3,207,common,country,0,0,1,0.218367546796798,0.092859342694282,0.23271454870700803,0.45605856180191
5700,D-sem,দলাদলি,B,A,0,,0,0.254438698291778,,0.56957197189331,0.309183061122894,1,172,common,country,0,0,1,0.56957197189331,0.254438698291778,0.061820846050977006,0.114168532192707
5700,D-hard,দলাদলি,A,D,0,D,1,0.18250693380832603,0.655827581882476,0.655827581882476,0.47810414433479304,0,192,common,country,0,0,1,0.18250693380832603,0.076873451471328,0.084792032837867,0.655827581882476
5706,D-rand,দশ আনা-ছয় আনা,D,D,1,,0,0.27606090903282104,,0.27606090903282104,0.181690275669097,3,254,rare,country,1,0,4,0.23936180770397103,0.233824670314788,0.250752627849578,0.27606090903282104
5706,D-lit,দশ আনা-ছয় আনা,C,A,0,A,1,0.145100519061088,0.650320529937744,0.650320529937744,0.410748422145843,2,309,rare,country,1,0,4,0.650320529937744,0.116063095629215,0.145100519061088,0.088515900075435
5706,D-surf,দশ আনা-ছয় আনা,C,A,0,,0,0.112082578241825,,0.42063555121421803,0.21463368833065002,2,277,rare,country,1,0,4,0.42063555121421803,0.105810210108757,0.112082578241825,0.36147165298461903
5706,D-sem,দশ আনা-ছয় আনা,A,B,0,,0,0.28412038087844804,,0.29674237966537403,0.14319832623004902,0,288,rare,country,1,0,4,0.28412038087844804,0.29674237966537403,0.19058392941951702,0.22855332493782002
5706,D-hard,দশ আনা-ছয় আনা,A,D,0,D,1,0.077388651669025,0.700417280197143,0.700417280197143,0.50121134519577,0,295,rare,country,1,0,4,0.077388651669025,0.17494484782218903,0.047249171882867,0.700417280197143
5711,D-rand,দশচক্র,A,A,1,,0,0.396060913801193,,0.396060913801193,0.31512096524238503,0,247,rare,country,0,1,1,0.396060913801193,0.36021721363067605,0.09842406213283501,0.14529787003993902
5711,D-lit,দশচক্র,B,D,0,D,1,0.012545626610517,0.9812237024307251,0.9812237024307251,0.8588732481002801,1,184,rare,country,0,1,1,0.0036613636184480002,0.012545626610517,0.002569332951679,0.9812237024307251
5711,D-surf,দশচক্র,A,A,1,,0,0.535552620887756,,0.535552620887756,0.353641837835311,0,207,rare,country,0,1,1,0.535552620887756,0.233909353613853,0.128213882446289,0.10232420265674501
5711,D-sem,দশচক্র,D,D,1,,0,0.44056579470634405,,0.44056579470634405,0.30978825688362105,3,277,rare,country,0,1,1,0.163289740681648,0.23170708119869202,0.164437443017959,0.44056579470634405
5711,D-hard,দশচক্র,A,B,0,B,1,0.016891784965991002,0.971903622150421,0.971903622150421,0.822892069816589,0,232,rare,country,0,1,1,0.016891784965991002,0.971903622150421,0.006405830383300001,0.004798825364559001
5712,D-rand,দশচক্রে ভগবান ভূত,D,C,0,,0,0.292911291122436,,0.466301321983337,0.26198998093605,3,308,rare,country,0,1,3,0.13935677707195201,0.101430654525756,0.466301321983337,0.292911291122436
5712,D-lit,দশচক্রে ভগবান ভূত,B,C,0,C,1,0.010680771432816,0.9677731990814201,0.9677731990814201,0.864733695983886,1,296,rare,country,0,1,3,0.010418964549899,0.010680771432816,0.9677731990814201,0.011127030476927001
5712,D-surf,দশচক্রে ভগবান ভূত,D,C,0,,0,0.30009484291076605,,0.31307166814804005,0.21304067969322202,3,309,rare,country,0,1,3,0.152136832475662,0.234696671366691,0.31307166814804005,0.30009484291076605
5712,D-sem,দশচক্রে ভগবান ভূত,C,C,1,,0,0.329144567251205,,0.329144567251205,0.228357881307601,2,382,rare,country,0,1,3,0.17776039242744401,0.23496350646018901,0.329144567251205,0.258131504058837
5712,D-hard,দশচক্রে ভগবান ভূত,A,B,0,B,1,0.010338640771806,0.9800688028335571,0.9800688028335571,0.881473898887634,0,361,rare,country,0,1,3,0.010338640771806,0.9800688028335571,0.005048376508057,0.0045441631227730005
5715,D-rand,দশবাই চণ্ডী,C,D,0,,0,0.16662132740020702,,0.390813469886779,0.159268930554389,2,185,rare,country,0,1,2,0.29704305529594405,0.145522132515907,0.16662132740020702,0.390813469886779
5715,D-lit,দশবাই চণ্ডী,B,D,0,D,1,0.003948281519114001,0.98328411579132,0.98328411579132,0.823377251625061,1,233,rare,country,0,1,2,0.0071993363089850005,0.003948281519114001,0.005568279884755001,0.98328411579132
5715,D-surf,দশবাই চণ্ডী,B,C,0,,0,0.042487438768148006,,0.7141178250312801,0.47457635402679405,1,180,rare,country,0,1,2,0.05807719007134401,0.042487438768148006,0.7141178250312801,0.18531747162342002
5715,D-sem,দশবাই চণ্ডী,C,A,0,,0,0.24620470404624903,,0.394761055707931,0.16757215559482502,2,217,rare,country,0,1,2,0.394761055707931,0.20408146083354903,0.24620470404624903,0.154952764511108
5715,D-hard,দশবাই চণ্ডী,D,C,0,C,1,0.004826687276363001,0.9224501848220821,0.9224501848220821,0.7338117957115171,3,226,rare,country,0,1,2,0.006809519138187001,0.06591360270977001,0.9224501848220821,0.004826687276363001
5723,D-rand,দর-দস্তুর,A,A,1,,0,0.715533673763275,,0.715533673763275,0.522086024284362,0,353,common,country,0,0,2,0.715533673763275,0.08761255443096101,0.043493933975696,0.153359875082969
5723,D-lit,দর-দস্তুর,D,C,0,C,1,0.42902797460556,0.451658189296722,0.451658189296722,0.321588039398193,3,195,common,country,0,0,2,0.044226996600627004,0.075086779892444,0.451658189296722,0.42902797460556
5723,D-surf,দর-দস্তুর,A,A,1,,0,0.773594558238983,,0.773594558238983,0.6113458871841431,0,262,common,country,0,0,2,0.773594558238983,0.077224358916282,0.089105673134326,0.060075376182794
5723,D-sem,দর-দস্তুর,B,B,1,,0,0.748404026031494,,0.748404026031494,0.57663893699646,1,222,common,country,0,0,2,0.07715025544166501,0.748404026031494,0.05980543792247701,0.114640243351459
5723,D-hard,দর-দস্তুর,C,B,0,B,1,0.386525511741638,0.532389283180236,0.532389283180236,0.368754833936691,2,201,common,country,0,0,2,0.050726071000099,0.532389283180236,0.386525511741638,0.030359124764800002
5727,D-rand,দহন,C,A,0,,0,0.16373661160469002,,0.371688246726989,0.23836478590965202,2,221,rare,country,0,0,1,0.371688246726989,0.25282770395278903,0.16373661160469002,0.21174743771553
5727,D-lit,দহন,B,A,0,A,1,0.089446879923343,0.671189486980438,0.671189486980438,0.47471547126770003,1,168,rare,country,0,0,1,0.671189486980438,0.089446879923343,0.070017643272876,0.169346019625663
5727,D-surf,দহন,D,B,0,,0,0.303074061870574,,0.333277732133865,0.170486867427825,3,135,rare,country,0,0,1,0.19173786044120703,0.333277732133865,0.17191040515899603,0.303074061870574
5727,D-sem,দহন,C,A,0,,0,0.168495699763298,,0.420727580785751,0.28261962532997104,2,217,rare,country,0,0,1,0.420727580785751,0.144232064485549,0.168495699763298,0.266544669866561
5727,D-hard,দহন,B,A,0,A,1,0.091736860573291,0.6884251832962031,0.6884251832962031,0.52456110715866,1,177,rare,country,0,0,1,0.6884251832962031,0.091736860573291,0.130559623241424,0.089278347790241
5729,D-rand,দহলা-নহলা করা,C,C,1,,0,0.297970384359359,,0.297970384359359,0.173896551132202,2,205,common,country,0,0,3,0.19161385297775202,0.24307182431221003,0.297970384359359,0.26734396815299905
5729,D-lit,দহলা-নহলা করা,C,D,0,D,1,0.350679665803909,0.37438887357711703,0.37438887357711703,0.159239307045936,2,197,common,country,0,0,3,0.13492165505886,0.14000979065895,0.350679665803909,0.37438887357711703
5729,D-surf,দহলা-নহলা করা,D,D,1,,0,0.41482874751091003,,0.41482874751091003,0.219783291220664,3,175,common,country,0,0,3,0.300757557153701,0.105376072227954,0.179037630558013,0.41482874751091003
5729,D-sem,দহলা-নহলা করা,D,D,1,,0,0.418265104293823,,0.418265104293823,0.22712068259716,3,228,common,country,0,0,3,0.26430341601371704,0.19224755465984303,0.125183910131454,0.418265104293823
5729,D-hard,দহলা-নহলা করা,A,D,0,D,1,0.26915755867958,0.301991641521453,0.301991641521453,0.14329972863197302,0,205,common,country,0,0,3,0.26915755867958,0.247004255652427,0.181846484541893,0.301991641521453
5750,D-rand,দাঁতের বাদ্যি,D,A,0,,0,0.225567117333412,,0.33089110255241305,0.24467664957046503,3,236,common,country,0,0,2,0.33089110255241305,0.286605894565582,0.156935930252075,0.225567117333412
5750,D-lit,দাঁতের বাদ্যি,C,B,0,B,1,0.011478459462523,0.9478430151939391,0.9478430151939391,0.81642723083496,2,178,common,country,0,0,2,0.013437575660645,0.9478430151939391,0.011478459462523,0.027240956202149003
5750,D-surf,দাঁতের বাদ্যি,B,C,0,,0,0.046653021126985,,0.878527641296386,0.707042038440704,1,238,common,country,0,0,2,0.048329662531614005,0.046653021126985,0.878527641296386,0.026489654555916002
5750,D-sem,দাঁতের বাদ্যি,D,C,0,,0,0.122865408658981,,0.483750313520431,0.271933794021606,3,215,common,country,0,0,2,0.163023963570594,0.230360299348831,0.483750313520431,0.122865408658981
5750,D-hard,দাঁতের বাদ্যি,A,C,0,C,1,0.011910540051758001,0.7405232787132261,0.7405232787132261,0.6168670058250421,0,206,common,country,0,0,2,0.011910540051758001,0.015332979150116001,0.7405232787132261,0.23223321139812403
5762,D-rand,দাঙ্গাহাঙ্গামা,C,B,0,,0,0.25351154804229703,,0.33549386262893605,0.197758480906486,2,182,common,city,0,0,1,0.17090359330177302,0.33549386262893605,0.25351154804229703,0.24009099602699202
5762,D-lit,দাঙ্গাহাঙ্গামা,D,A,0,A,1,0.07747379690408701,0.8350704312324521,0.8350704312324521,0.6846769452095031,3,285,common,city,0,0,1,0.8350704312324521,0.042738907039165004,0.044716857373714,0.07747379690408701
5762,D-surf,দাঙ্গাহাঙ্গামা,B,A,0,,0,0.25589737296104403,,0.290401935577392,0.22608613967895502,1,244,common,city,0,0,1,0.290401935577392,0.25589737296104403,0.23956863582134202,0.214132070541381
5762,D-sem,দাঙ্গাহাঙ্গামা,B,B,1,,0,0.335748344659805,,0.335748344659805,0.21685618162155101,1,246,common,city,0,0,1,0.19351567327976202,0.335748344659805,0.291808813810348,0.178927168250083
5762,D-hard,দাঙ্গাহাঙ্গামা,C,D,0,D,1,0.056365519762039004,0.85617858171463,0.85617858171463,0.7125366330146791,2,263,common,city,0,0,1,0.027375493198633003,0.06008046120405101,0.056365519762039004,0.85617858171463
5780,D-rand,দায়সারা,C,B,0,,0,0.21682737767696303,,0.394884794950485,0.309385538101196,2,237,common,country,0,0,1,0.20236223936080902,0.394884794950485,0.21682737767696303,0.185925558209419
5780,D-lit,দায়সারা,A,B,0,B,1,0.044132679700851,0.756571292877197,0.756571292877197,0.627626538276672,0,230,common,country,0,0,1,0.044132679700851,0.756571292877197,0.10826293379068301,0.091033153235912
5780,D-surf,দায়সারা,B,D,0,,0,0.18059486150741502,,0.542191207408905,0.36812749505043,1,212,common,country,0,0,1,0.155892834067344,0.18059486150741502,0.12132103741168901,0.542191207408905
5780,D-sem,দায়সারা,A,D,0,,0,0.159064456820487,,0.520659446716308,0.368340134620666,0,224,common,country,0,0,1,0.159064456820487,0.245838329195976,0.074437797069549,0.520659446716308
5780,D-hard,দায়সারা,C,B,0,B,1,0.046355124562978,0.8898817300796501,0.8898817300796501,0.7328171730041501,2,199,common,country,0,0,1,0.026413431391119003,0.8898817300796501,0.046355124562978,0.037349749356508005
5802,D-rand,দিনকাল,C,C,1,,0,0.7784602046012871,,0.7784602046012871,0.45912033319473206,2,215,common,country,0,0,1,0.04829926788806901,0.036322593688964004,0.7784602046012871,0.136917889118194
5802,D-lit,দিনকাল,D,C,0,C,1,0.09068408608436501,0.8996314406394951,0.8996314406394951,0.662725031375885,3,201,common,country,0,0,1,0.003342728829011,0.006341824308037001,0.8996314406394951,0.09068408608436501
5802,D-surf,দিনকাল,B,B,1,,0,0.7367088794708251,,0.7367088794708251,0.511928498744964,1,241,common,country,0,0,1,0.034085895866155,0.7367088794708251,0.130174204707145,0.09903103113174401
5802,D-sem,দিনকাল,D,D,1,,0,0.565109550952911,,0.565109550952911,0.332202821969985,3,176,common,country,0,0,1,0.116832345724105,0.152161255478858,0.165896847844123,0.565109550952911
5802,D-hard,দিনকাল,B,D,0,D,1,0.064179100096225,0.899699091911315,0.899699091911315,0.819957077503204,1,213,common,country,0,0,1,0.024124536663293002,0.064179100096225,0.011997234076261002,0.899699091911315
5804,D-rand,দিনকে দিন,D,D,1,,0,0.6599068641662591,,0.6599068641662591,0.366108149290084,3,200,very common,country,0,0,2,0.18555618822574602,0.083206497132778,0.07133045792579601,0.6599068641662591
5804,D-lit,দিনকে দিন,B,D,0,D,1,0.202630206942558,0.72811484336853,0.72811484336853,0.37619462609291004,1,246,very common,country,0,0,2,0.023991987109184,0.202630206942558,0.045262996107339006,0.72811484336853
5804,D-surf,দিনকে দিন,B,A,0,,0,0.357374489307403,,0.41532343626022306,0.18649160861968903,1,174,very common,country,0,0,2,0.41532343626022306,0.357374489307403,0.19938248395919803,0.027919635176658002
5804,D-sem,দিনকে দিন,B,B,1,,0,0.29745376110076904,,0.29745376110076904,0.130007550120353,1,160,very common,country,0,0,2,0.19633549451828,0.29745376110076904,0.24975828826427401,0.256452471017837
5804,D-hard,দিনকে দিন,C,A,0,D,0,0.100629568099975,0.348021835088729,0.508693695068359,0.21983480453491203,2,168,very common,country,0,0,2,0.508693695068359,0.042654905468225,0.100629568099975,0.348021835088729
5805,D-rand,দিনকে রাত করা,C,C,1,,0,0.40979343652725203,,0.40979343652725203,0.24208417534828103,2,261,very common,country,0,0,3,0.101594284176826,0.272062480449676,0.40979343652725203,0.216549754142761
5805,D-lit,দিনকে রাত করা,C,A,0,A,1,0.041154365986585006,0.9160544276237481,0.9160544276237481,0.7526189088821411,2,178,very common,country,0,0,3,0.9160544276237481,0.021445520222187,0.041154365986585006,0.021345667541027003
5805,D-surf,দিনকে রাত করা,B,B,1,,0,0.43511199951171803,,0.43511199951171803,0.296161323785781,1,230,very common,country,0,0,3,0.162377506494522,0.43511199951171803,0.17096072435379,0.231549799442291
5805,D-sem,দিনকে রাত করা,D,D,1,,0,0.30572387576103205,,0.30572387576103205,0.232348039746284,3,197,very common,country,0,0,3,0.183667793869972,0.21772761642932803,0.292880684137344,0.30572387576103205
5805,D-hard,দিনকে রাত করা,A,B,0,B,1,0.045867886394262,0.9261646866798401,0.9261646866798401,0.777401149272918,0,194,very common,country,0,0,3,0.045867886394262,0.9261646866798401,0.015688739717006,0.012278653681278002
5807,D-rand,দিনগত পাপক্ষয়,C,A,0,,0,0.300887584686279,,0.47209724783897405,0.26987859606742803,2,229,rare,country,0,1,2,0.47209724783897405,0.110755130648612,0.300887584686279,0.11626001447439101
5807,D-lit,দিনগত পাপক্ষয়,B,A,0,A,1,0.020599761977791002,0.954064905643463,0.954064905643463,0.836652100086212,1,305,rare,country,0,1,2,0.954064905643463,0.020599761977791002,0.014029650948941002,0.011305628344416
5807,D-surf,দিনগত পাপক্ষয়,C,B,0,,0,0.307055085897445,,0.417532533407211,0.27489721775054904,2,261,rare,country,0,1,2,0.16590054333209903,0.417532533407211,0.307055085897445,0.109511859714984
5807,D-sem,দিনগত পাপক্ষয়,B,B,1,,0,0.40766003727912903,,0.40766003727912903,0.213595673441886,1,292,rare,country,0,1,2,0.191649630665779,0.40766003727912903,0.26352924108505205,0.137161135673522
5807,D-hard,দিনগত পাপক্ষয়,B,C,0,C,1,0.016492994502186,0.963988780975341,0.963988780975341,0.8792365789413451,1,293,rare,country,0,1,2,0.0064731733873480005,0.016492994502186,0.963988780975341,0.013045074418187001
5815,D-rand,দিনদুপুর,B,B,1,,0,0.38343676924705505,,0.38343676924705505,0.251021832227706,1,186,common,country,0,0,1,0.201920792460441,0.38343676924705505,0.105791211128234,0.308851212263107
5815,D-lit,দিনদুপুর,B,D,0,D,1,0.057972956448793,0.7746859788894651,0.7746859788894651,0.596540868282318,1,174,common,country,0,0,1,0.030955204740166,0.057972956448793,0.136385887861251,0.7746859788894651
5815,D-surf,দিনদুপুর,A,A,1,,0,0.654700577259063,,0.654700577259063,0.44333726167678805,0,286,common,country,0,0,1,0.654700577259063,0.11040841788053501,0.196975633502006,0.037915326654911
5815,D-sem,দিনদুপুর,C,C,1,,0,0.43259349465370106,,0.43259349465370106,0.22366070747375402,2,212,common,country,0,0,1,0.16564069688320102,0.23074479401111603,0.43259349465370106,0.171021074056625
5815,D-hard,দিনদুপুর,C,D,0,D,1,0.056879173964262,0.7757993340492241,0.7757993340492241,0.655819654464721,2,229,common,country,0,0,1,0.013115275651216,0.15420623123645702,0.056879173964262,0.7757993340492241
5843,D-rand,দুইয়ে দুইয়ে চার,C,C,1,,0,0.44785696268081604,,0.44785696268081604,0.294430375099182,2,272,common,country,0,0,3,0.317086905241012,0.16946423053741402,0.44785696268081604,0.065591976046562
5843,D-lit,দুইয়ে দুইয়ে চার,A,D,0,D,1,0.050894808024168,0.8892125487327571,0.8892125487327571,0.8044212460517881,0,236,common,country,0,0,3,0.050894808024168,0.036837022751569005,0.023055654019117,0.8892125487327571
5843,D-surf,দুইয়ে দুইয়ে চার,D,D,1,,0,0.447757452726364,,0.447757452726364,0.31863552331924405,3,236,common,country,0,0,3,0.198424309492111,0.21719186007976501,0.136626407504081,0.447757452726364
5843,D-sem,দুইয়ে দুইয়ে চার,A,A,1,,0,0.40962088108062705,,0.40962088108062705,0.296638965606689,0,199,common,country,0,0,3,0.40962088108062705,0.15429641306400302,0.21522887051105502,0.22085390985012002
5843,D-hard,দুইয়ে দুইয়ে চার,A,B,0,B,1,0.054325930774211,0.8923242092132561,0.8923242092132561,0.8071078062057491,0,228,common,country,0,0,3,0.054325930774211,0.8923242092132561,0.028546886518597003,0.024802980944514
5857,D-rand,দুখীরাম,C,A,0,,0,0.290793776512146,,0.365036725997924,0.21980744600296,2,231,common,deep rural,0,0,1,0.365036725997924,0.22114019095897602,0.290793776512146,0.12302933633327401
5857,D-lit,দুখীরাম,D,B,0,B,1,0.101295322179794,0.80130785703659,0.80130785703659,0.673807561397552,3,274,common,deep rural,0,0,1,0.050539828836917,0.80130785703659,0.046857036650180005,0.101295322179794
5857,D-surf,দুখীরাম,D,B,0,,0,0.26301181316375705,,0.507482230663299,0.42410573363304105,3,218,common,deep rural,0,0,1,0.10918181389570202,0.507482230663299,0.120324149727821,0.26301181316375705
5857,D-sem,দুখীরাম,B,C,0,,0,0.31368950009346,,0.367314666509628,0.24995274841785403,1,180,common,deep rural,0,0,1,0.10934703052043901,0.31368950009346,0.367314666509628,0.20964886248111703
5857,D-hard,দুখীরাম,B,D,0,D,1,0.07852214574813801,0.82666528224945,0.82666528224945,0.716490685939788,1,267,common,deep rural,0,0,1,0.054349493235349,0.07852214574813801,0.040463086217641005,0.82666528224945
5871,D-rand,দুধে আলতা রঙ,C,B,0,,0,0.261612027883529,,0.31800308823585505,0.157709836959838,2,186,common,country,0,0,3,0.179560333490371,0.31800308823585505,0.261612027883529,0.24082452058792103
5871,D-lit,দুধে আলতা রঙ,C,A,0,A,1,0.045033115893602,0.8124531507492061,0.8124531507492061,0.511058092117309,2,181,common,country,0,0,3,0.8124531507492061,0.025678103789687,0.045033115893602,0.11683559417724601
5871,D-surf,দুধে আলতা রঙ,A,B,0,,0,0.20088016986846902,,0.33658742904663,0.221365213394165,0,247,common,country,0,0,3,0.20088016986846902,0.33658742904663,0.308464497327804,0.154067933559417
5871,D-sem,দুধে আলতা রঙ,D,C,0,,0,0.18066556751728002,,0.36516663432121205,0.186600372195243,3,199,common,country,0,0,3,0.21398988366127,0.24017795920372,0.36516663432121205,0.18066556751728002
5871,D-hard,দুধে আলতা রঙ,B,D,0,D,1,0.018839543685317,0.9209218621253961,0.9209218621253961,0.739892601966857,1,191,common,country,0,0,3,0.017368914559483,0.018839543685317,0.042869709432125,0.9209218621253961
5874,D-rand,দুধে ভাতে থাকা,B,B,1,,0,0.57649940252304,,0.57649940252304,0.45788633823394703,1,270,very common,country,1,0,3,0.087528467178344,0.57649940252304,0.178967252373695,0.15700492262840202
5874,D-lit,দুধে ভাতে থাকা,D,C,0,C,1,0.030039755627512002,0.958151221275329,0.958151221275329,0.8692469000816341,3,264,very common,country,1,0,3,0.007391005288809001,0.004418047145009,0.958151221275329,0.030039755627512002
5874,D-surf,দুধে ভাতে থাকা,A,A,1,,0,0.502279639244079,,0.502279639244079,0.35383516550064004,0,282,very common,country,1,0,3,0.502279639244079,0.21043349802494002,0.059113830327987005,0.22817307710647503
5874,D-sem,দুধে ভাতে থাকা,A,A,1,,0,0.612850964069366,,0.612850964069366,0.48327821493148804,0,221,very common,country,1,0,3,0.612850964069366,0.11870089918375001,0.12047024071216501,0.14797791838645902
5874,D-hard,দুধে ভাতে থাকা,D,C,0,C,1,0.029798209667205002,0.9504429697990411,0.9504429697990411,0.8595334291458131,3,275,very common,country,1,0,3,0.0072676921263330006,0.012491092085838,0.9504429697990411,0.029798209667205002
5887,D-rand,দুমুখো লোক,C,D,0,,0,0.15545517206192,,0.43589827418327304,0.38692012429237305,2,278,common,country,0,0,2,0.178950145840644,0.22969634830951602,0.15545517206192,0.43589827418327304
5887,D-lit,দুমুখো লোক,D,A,0,A,1,0.052223317325115,0.842537224292755,0.842537224292755,0.7201549410820001,3,200,common,country,0,0,2,0.842537224292755,0.032399039715528,0.07284041494131001,0.052223317325115
5887,D-surf,দুমুখো লোক,D,A,0,,0,0.169045835733413,,0.28140985965728704,0.27361667156219405,3,255,common,country,0,0,2,0.28140985965728704,0.272474974393844,0.27706933021545405,0.169045835733413
5887,D-sem,দুমুখো লোক,D,D,1,,0,0.342021167278289,,0.342021167278289,0.21377301216125402,3,231,common,country,0,0,2,0.16883857548236803,0.341893821954727,0.14724639058113,0.342021167278289
5887,D-hard,দুমুখো লোক,B,A,0,A,1,0.049575515091419005,0.7961208224296571,0.7961208224296571,0.6373165249824521,1,219,common,country,0,0,2,0.7961208224296571,0.049575515091419005,0.144199416041374,0.010104223154485
5911,D-rand,দৃঢ়মুষ্ঠি,B,B,1,,0,0.409858763217926,,0.409858763217926,0.25164851546287503,1,156,rare,country,0,0,1,0.22678048908710402,0.409858763217926,0.226594790816307,0.1367659419775
5911,D-lit,দৃঢ়মুষ্ঠি,B,D,0,D,1,0.030478330329060003,0.908871173858642,0.908871173858642,0.7659061551094051,1,148,rare,country,0,0,1,0.027212865650653003,0.030478330329060003,0.033437669277191,0.908871173858642
5911,D-surf,দৃঢ়মুষ্ঠি,A,C,0,,0,0.256663918495178,,0.33102715015411305,0.311786383390426,0,238,rare,country,0,0,1,0.256663918495178,0.16236466169357303,0.33102715015411305,0.249944314360618
5911,D-sem,দৃঢ়মুষ্ঠি,C,A,0,,0,0.28446331620216303,,0.309544920921325,0.21205030381679502,2,157,rare,country,0,0,1,0.309544920921325,0.26252356171607905,0.28446331620216303,0.14346820116043002
5911,D-hard,দৃঢ়মুষ্ঠি,D,C,0,C,1,0.041430991142988004,0.894457876682281,0.894457876682281,0.7058415412902831,3,176,rare,country,0,0,1,0.033235754817724006,0.030875353142619,0.894457876682281,0.041430991142988004
5922,D-rand,দেওয়ালের লিখন,C,D,0,,0,0.17946292459964702,,0.525321185588836,0.416853338479995,2,303,common,city,1,1,2,0.10443689674139,0.190779000520706,0.17946292459964702,0.525321185588836
5922,D-lit,দেওয়ালের লিখন,C,D,0,D,1,0.009249751456081,0.978162348270416,0.978162348270416,0.8300397992134091,2,225,common,city,1,1,2,0.0058191870339210005,0.006768718827515001,0.009249751456081,0.978162348270416
5922,D-surf,দেওয়ালের লিখন,D,B,0,,0,0.068115949630737,,0.636305093765258,0.5004725456237791,3,206,common,city,1,1,2,0.137215286493301,0.636305093765258,0.15836364030838002,0.068115949630737
5922,D-sem,দেওয়ালের লিখন,C,A,0,,0,0.25280258059501604,,0.334255993366241,0.254825800657272,2,212,common,city,1,1,2,0.334255993366241,0.204149901866912,0.25280258059501604,0.20879152417182903
5922,D-hard,দেওয়ালের লিখন,C,B,0,B,1,0.010466269217431,0.816049933433532,0.816049933433532,0.6901838183403011,2,212,common,city,1,1,2,0.01915287412703,0.816049933433532,0.010466269217431,0.154330879449844
5964,D-rand,দো-আঁশলা,A,C,0,,0,0.286594063043594,,0.307956963777542,0.17833743989467601,0,235,rare,deep rural,0,0,2,0.286594063043594,0.16718615591526,0.307956963777542,0.23826280236244202
5964,D-lit,দো-আঁশলা,C,A,0,A,1,0.043457593768835005,0.87049114704132,0.87049114704132,0.659029483795166,2,319,rare,deep rural,0,0,2,0.87049114704132,0.048825163394212,0.043457593768835005,0.037226054817438
5964,D-surf,দো-আঁশলা,D,C,0,,0,0.23938371241092601,,0.32243910431861805,0.21566461026668501,3,313,rare,deep rural,0,0,2,0.260658740997314,0.177518427371978,0.32243910431861805,0.23938371241092601
5964,D-sem,দো-আঁশলা,D,A,0,,0,0.30354329943656905,,0.399915784597396,0.20923821628093703,3,277,rare,deep rural,0,0,2,0.399915784597396,0.149309828877449,0.147231087088584,0.30354329943656905
5964,D-hard,দো-আঁশলা,C,D,0,D,1,0.037226226180791,0.9023113250732421,0.9023113250732421,0.7506945729255671,2,282,rare,deep rural,0,0,2,0.020107828080654002,0.040354628115892,0.037226226180791,0.9023113250732421
5980,D-rand,দৌড় মারা,B,B,1,,0,0.35422515869140603,,0.35422515869140603,0.215111926198005,1,175,very common,country,0,0,2,0.297534018754959,0.35422515869140603,0.10723885893821701,0.241001948714256
5980,D-lit,দৌড় মারা,B,C,0,C,1,0.013509960845112001,0.9676823616027831,0.9676823616027831,0.867078006267547,1,268,very common,country,0,0,2,0.0078741973266,0.013509960845112001,0.9676823616027831,0.010933459736406002
5980,D-surf,দৌড় মারা,B,B,1,,0,0.318262130022048,,0.318262130022048,0.22653140127658802,1,223,very common,country,0,0,2,0.165601909160614,0.318262130022048,0.290249377489089,0.22588658332824701
5980,D-sem,দৌড় মারা,D,A,0,,0,0.29061925411224304,,0.337759852409362,0.20903250575065602,3,237,very common,country,0,0,2,0.337759852409362,0.22964401543140403,0.14197693765163402,0.29061925411224304
5980,D-hard,দৌড় মারা,D,C,0,C,1,0.015506290830671001,0.9666864275932311,0.9666864275932311,0.8663856983184811,3,191,very common,country,0,0,2,0.012907657772302001,0.00489964755252,0.9666864275932311,0.015506290830671001
5999,D-rand,ধনুর্ধর,B,D,0,,0,0.22737216949462802,,0.35436514019966103,0.26743683218955905,1,202,common,country,1,1,1,0.147303909063339,0.22737216949462802,0.270958721637725,0.35436514019966103
5999,D-lit,ধনুর্ধর,A,C,0,C,1,0.142067536711692,0.6570031642913811,0.6570031642913811,0.403002560138702,0,273,common,country,1,1,1,0.142067536711692,0.17110869288444502,0.6570031642913811,0.029820663854479002
5999,D-surf,ধনুর্ধর,B,B,1,,0,0.42379114031791604,,0.42379114031791604,0.28500434756278903,1,224,common,country,1,1,1,0.21717070043087003,0.42379114031791604,0.19959308207035,0.15944518148899
5999,D-sem,ধনুর্ধর,A,A,1,,0,0.36229377985000605,,0.36229377985000605,0.235406056046485,0,274,common,country,1,1,1,0.36229377985000605,0.180246442556381,0.16742919385433103,0.290030658245086
5999,D-hard,ধনুর্ধর,D,C,0,C,1,0.13055795431137002,0.623153924942016,0.623153924942016,0.36451187729835505,3,250,common,country,1,1,1,0.178446441888809,0.06784172356128601,0.623153924942016,0.13055795431137002
6011,D-rand,ধর লক্ষণ,D,A,0,,0,0.255341321229934,,0.35100239515304504,0.26287057995796204,3,389,common,country,0,0,2,0.35100239515304504,0.17642772197723303,0.21722854673862402,0.255341321229934
6011,D-lit,ধর লক্ষণ,A,B,0,B,1,0.022335387766361,0.947835981845855,0.947835981845855,0.801215767860412,0,398,common,country,0,0,2,0.022335387766361,0.947835981845855,0.022041913121938,0.007786817383021001
6011,D-surf,ধর লক্ষণ,C,A,0,,0,0.23605920374393402,,0.48983228206634505,0.41650155186653104,2,379,common,country,0,0,2,0.48983228206634505,0.10008729249238901,0.23605920374393402,0.17402121424674902
6011,D-sem,ধর লক্ষণ,D,B,0,,0,0.259279698133468,,0.29964140057563704,0.17647935450077,3,357,common,country,0,0,2,0.230926916003227,0.29964140057563704,0.21015201508998801,0.259279698133468
6011,D-hard,ধর লক্ষণ,D,C,0,C,1,0.019333047792315,0.943139255046844,0.943139255046844,0.7936515212059021,3,328,common,country,0,0,2,0.029657686129212,0.007869971916079,0.943139255046844,0.019333047792315
6014,D-rand,ধরাছোঁয়া,C,C,1,,0,0.33968603610992404,,0.33968603610992404,0.26622495055198603,2,201,common,country,0,0,1,0.19714361429214403,0.18112139403820002,0.33968603610992404,0.282048940658569
6014,D-lit,ধরাছোঁয়া,A,B,0,B,1,0.031553816050291006,0.9362158179283141,0.9362158179283141,0.8197171092033381,0,194,common,country,0,0,1,0.031553816050291006,0.9362158179283141,0.015749817714095,0.016480579972267
6014,D-surf,ধরাছোঁয়া,A,D,0,,0,0.314613968133926,,0.335660964250564,0.264628738164901,0,220,common,country,0,0,1,0.314613968133926,0.152903884649276,0.19682112336158702,0.335660964250564
6014,D-sem,ধরাছোঁয়া,C,C,1,,0,0.335475385189056,,0.335475385189056,0.25490409135818404,2,174,common,country,0,0,1,0.278797268867492,0.21106052398681602,0.335475385189056,0.17466676235198902
6014,D-hard,ধরাছোঁয়া,D,C,0,C,1,0.030424844473600002,0.9055317640304561,0.9055317640304561,0.812190949916839,3,209,common,country,0,0,1,0.038745060563087005,0.025298297405242,0.9055317640304561,0.030424844473600002
6045,D-rand,ধাক্কা সামলানো,A,A,1,,0,0.9486422538757321,,0.9486422538757321,0.85910826921463,0,251,common,country,0,0,2,0.9486422538757321,0.009506535716354,0.024749271571636002,0.01710189692676
6045,D-lit,ধাক্কা সামলানো,D,B,0,B,1,0.17619687318801802,0.8218085765838621,0.8218085765838621,0.8046907186508171,3,262,common,country,0,0,2,0.000736765272449,0.8218085765838621,0.001257781405001,0.17619687318801802
6045,D-surf,ধাক্কা সামলানো,B,C,0,,0,0.26529276371002203,,0.38471463322639404,0.6083709597587581,1,255,common,country,0,0,2,0.344769150018692,0.26529276371002203,0.38471463322639404,0.005223491229116001
6045,D-sem,ধাক্কা সামলানো,C,C,1,,0,0.9547404050827021,,0.9547404050827021,0.8490056395530701,2,245,common,country,0,0,2,0.02256328985095,0.011964956298470001,0.9547404050827021,0.010731395334005
6045,D-hard,ধাক্কা সামলানো,C,A,0,A,1,0.18885532021522503,0.805521786212921,0.805521786212921,0.7950471043586731,2,238,common,country,0,0,2,0.805521786212921,0.0030417691450560004,0.18885532021522503,0.002581089735031
6050,D-rand,ধাতস্থ,B,A,0,,0,0.319518506526947,,0.35241317749023404,0.23688706755638103,1,175,common,country,0,0,1,0.35241317749023404,0.319518506526947,0.12807074189186002,0.199997588992118
6050,D-lit,ধাতস্থ,D,C,0,C,1,0.040205474942922,0.9006690382957451,0.9006690382957451,0.7278122901916501,3,191,common,country,0,0,1,0.03964714705944,0.019478293135762003,0.9006690382957451,0.040205474942922
6050,D-surf,ধাতস্থ,A,A,1,,0,0.328024983406066,,0.328024983406066,0.255652427673339,0,149,common,country,0,0,1,0.328024983406066,0.247566774487495,0.24616479873657202,0.178243473172187
6050,D-sem,ধাতস্থ,B,B,1,,0,0.39255365729331904,,0.39255365729331904,0.28720846772193903,1,189,common,country,0,0,1,0.21752794086933103,0.39255365729331904,0.14914856851100902,0.24076987802982303
6050,D-hard,ধাতস্থ,B,C,0,C,1,0.04155836626887301,0.8481865525245661,0.8481865525245661,0.676341712474823,1,199,common,country,0,0,1,0.065795503556728,0.04155836626887301,0.8481865525245661,0.044459573924541
6062,D-rand,ধান্যেশ্বরী,C,D,0,,0,0.29408147931098905,,0.38608679175376803,0.22541339695453602,2,243,rare,deep rural,0,0,1,0.131804481148719,0.18802724778652102,0.29408147931098905,0.38608679175376803
6062,D-lit,ধান্যেশ্বরী,A,C,0,C,1,0.052070502191782005,0.909789025783538,0.909789025783538,0.689399659633636,0,256,rare,deep rural,0,0,1,0.052070502191782005,0.022467987611889003,0.909789025783538,0.015672473236918002
6062,D-surf,ধান্যেশ্বরী,C,B,0,,0,0.35958468914031905,,0.38351190090179405,0.19692596793174702,2,201,rare,deep rural,0,0,1,0.19651587307453103,0.38351190090179405,0.35958468914031905,0.06038754433393401
6062,D-sem,ধান্যেশ্বরী,A,A,1,,0,0.459132462739944,,0.459132462739944,0.26667669415473905,0,224,rare,deep rural,0,0,1,0.459132462739944,0.144531309604644,0.21642892062664001,0.17990730702877
6062,D-hard,ধান্যেশ্বরী,D,A,0,A,1,0.05609756335616101,0.9047971963882441,0.9047971963882441,0.7231919169425961,3,299,rare,deep rural,0,0,1,0.9047971963882441,0.021591678261756002,0.017513589933514002,0.05609756335616101
6066,D-rand,ধামাচাপা দেওয়া,B,A,0,,0,0.214905351400375,,0.41822606325149503,0.25805583596229503,1,237,common,country,0,0,2,0.41822606325149503,0.214905351400375,0.17389836907386702,0.192970231175422
6066,D-lit,ধামাচাপা দেওয়া,C,D,0,D,1,0.049527000635862004,0.8461834788322441,0.8461834788322441,0.694179832935333,2,294,common,country,0,0,2,0.053843300789594005,0.050446290522813006,0.049527000635862004,0.8461834788322441
6066,D-surf,ধামাচাপা দেওয়া,A,D,0,,0,0.138613328337669,,0.6731460690498351,0.49190613627433705,0,270,common,country,0,0,2,0.138613328337669,0.094140134751796,0.094100467860698,0.6731460690498351
6066,D-sem,ধামাচাপা দেওয়া,C,B,0,,0,0.133852735161781,,0.597405731678009,0.41084143519401506,2,263,common,country,0,0,2,0.155187904834747,0.597405731678009,0.133852735161781,0.11355363577604201
6066,D-hard,ধামাচাপা দেওয়া,D,C,0,C,1,0.055063143372535005,0.8352687358856201,0.8352687358856201,0.6524031162261961,3,272,common,country,0,0,2,0.035777766257524005,0.073890380561351,0.8352687358856201,0.055063143372535005
6067,D-rand,ধামা ধরা,D,C,0,,0,0.273276329040527,,0.30789500474929804,0.17405308783054302,3,252,common,country,0,0,2,0.29409983754158003,0.12472888082265801,0.30789500474929804,0.273276329040527
6067,D-lit,ধামা ধরা,C,A,0,A,1,0.021802764385938003,0.9160224199295041,0.9160224199295041,0.8132157921791071,2,275,common,country,0,0,2,0.9160224199295041,0.032043952494859,0.021802764385938003,0.030130838975310003
6067,D-surf,ধামা ধরা,A,D,0,,0,0.258136689662933,,0.41050198674201904,0.252125233411788,0,236,common,country,0,0,2,0.258136689662933,0.19573712348937902,0.135624200105667,0.41050198674201904
6067,D-sem,ধামা ধরা,A,B,0,,0,0.24763342738151503,,0.40172982215881303,0.22540239989757502,0,231,common,country,0,0,2,0.24763342738151503,0.40172982215881303,0.14161503314971902,0.209021687507629
6067,D-hard,ধামা ধরা,A,D,0,D,1,0.017259251326322,0.959615767002105,0.959615767002105,0.814121901988983,0,227,common,country,0,0,2,0.017259251326322,0.013255964033305001,0.009868974797427,0.959615767002105
6077,D-rand,ধিকিধিকি,B,C,0,,0,0.23141627013683302,,0.372903794050216,0.23076632618904103,1,181,common,country,0,0,1,0.11942327767610501,0.23141627013683302,0.372903794050216,0.27625671029090804
6077,D-lit,ধিকিধিকি,D,C,0,C,1,0.24789300560951202,0.401068747043609,0.401068747043609,0.20700934529304502,3,216,common,country,0,0,1,0.223381534218788,0.12765671312808902,0.401068747043609,0.24789300560951202
6077,D-surf,ধিকিধিকি,C,B,0,,0,0.18748141825199102,,0.30984655022621105,0.20938123762607502,2,207,common,country,0,0,1,0.28969705104827803,0.30984655022621105,0.18748141825199102,0.212974980473518
6077,D-sem,ধিকিধিকি,D,B,0,,0,0.151117458939552,,0.411185055971145,0.221886828541755,3,237,common,country,0,0,1,0.085593432188034,0.411185055971145,0.35210409760475103,0.151117458939552
6077,D-hard,ধিকিধিকি,A,D,0,D,1,0.253373324871063,0.32983317971229503,0.32983317971229503,0.24723480641841802,0,208,common,country,0,0,1,0.253373324871063,0.19491329789161602,0.22188021242618503,0.32983317971229503
6078,D-rand,ধিঙ্গি,A,D,0,,0,0.19727809727191903,,0.373247683048248,0.18865858018398202,0,195,very common,country,0,0,1,0.19727809727191903,0.23726479709148401,0.19220942258834803,0.373247683048248
6078,D-lit,ধিঙ্গি,B,D,0,A,0,0.138535976409912,0.104974426329135,0.45392811298370306,0.177843749523162,1,186,very common,country,0,0,1,0.104974426329135,0.138535976409912,0.30256152153015103,0.45392811298370306
6078,D-surf,ধিঙ্গি,D,A,0,,0,0.150774225592613,,0.368816792964935,0.23557078838348303,3,211,very common,country,0,0,1,0.368816792964935,0.20749536156654302,0.27291366457939104,0.150774225592613
6078,D-sem,ধিঙ্গি,A,C,0,,0,0.159256368875503,,0.35056129097938504,0.202372893691062,0,181,very common,country,0,0,1,0.159256368875503,0.21388864517211903,0.35056129097938504,0.276293635368347
6078,D-hard,ধিঙ্গি,C,D,0,A,0,0.13399954140186301,0.11088985204696601,0.44018280506134005,0.27922311425209,2,233,very common,country,0,0,1,0.11088985204696601,0.31492781639099104,0.13399954140186301,0.44018280506134005
6081,D-rand,ধিনধিন,C,D,0,,0,0.21904629468917802,,0.343137711286544,0.180302500724792,2,179,common,country,0,0,1,0.208517953753471,0.22929808497428802,0.21904629468917802,0.343137711286544
6081,D-lit,ধিনধিন,A,D,0,D,1,0.18479374051094002,0.499337702989578,0.499337702989578,0.28331470489501903,0,186,common,country,0,0,1,0.18479374051094002,0.17125652730464902,0.144612118601799,0.499337702989578
6081,D-surf,ধিনধিন,A,B,0,,0,0.27704507112503,,0.33778890967369,0.21016080677509302,0,204,common,country,0,0,1,0.27704507112503,0.33778890967369,0.258879959583282,0.12628607451915702
6081,D-sem,ধিনধিন,A,C,0,,0,0.16959890723228402,,0.45503419637680004,0.28593367338180503,0,213,common,country,0,0,1,0.16959890723228402,0.175986513495445,0.45503419637680004,0.19938044250011402
6081,D-hard,ধিনধিন,A,D,0,D,1,0.14359247684478701,0.38799691200256303,0.38799691200256303,0.174198895692825,0,236,common,country,0,0,1,0.14359247684478701,0.23295792937278703,0.235452622175216,0.38799691200256303
6097,D-rand,ধুয়া তোলা,D,D,1,,0,0.46317091584205605,,0.46317091584205605,0.23785026371479,3,166,common,country,0,0,2,0.15006262063980103,0.25590431690216003,0.13086213171482,0.46317091584205605
6097,D-lit,ধুয়া তোলা,D,C,0,C,1,0.058204159140586006,0.869993805885314,0.869993805885314,0.7186592221260071,3,236,common,country,0,0,2,0.03428791463375,0.037514161318540004,0.869993805885314,0.058204159140586006
6097,D-surf,ধুয়া তোলা,A,A,1,,0,0.38963767886161804,,0.38963767886161804,0.25090652704238803,0,271,common,country,0,0,2,0.38963767886161804,0.28705304861068703,0.15638394653797102,0.16692523658275601
6097,D-sem,ধুয়া তোলা,B,B,1,,0,0.424886018037796,,0.424886018037796,0.28645205497741705,1,286,common,country,0,0,2,0.136945575475692,0.424886018037796,0.18783232569694502,0.25033608078956604
6097,D-hard,ধুয়া তোলা,D,A,0,A,1,0.059773072600364005,0.823707699775695,0.823707699775695,0.7090294361114501,3,236,common,country,0,0,2,0.823707699775695,0.072754956781864,0.043764352798461005,0.059773072600364005
6111,D-rand,ধূলিসাৎ,D,B,0,,0,0.273214280605316,,0.306238085031509,0.251502066850662,3,215,common,country,0,0,1,0.218308001756668,0.306238085031509,0.20223961770534502,0.273214280605316
6111,D-lit,ধূলিসাৎ,A,B,0,B,1,0.069249503314495,0.849710762500762,0.849710762500762,0.620832860469818,0,236,common,country,0,0,1,0.069249503314495,0.849710762500762,0.04315829277038501,0.037881415337324004
6111,D-surf,ধূলিসাৎ,A,A,1,,0,0.30479466915130604,,0.30479466915130604,0.18165548145771002,0,207,common,country,0,0,1,0.30479466915130604,0.24897910654544803,0.19823175668716403,0.24799443781375802
6111,D-sem,ধূলিসাৎ,B,B,1,,0,0.313871294260025,,0.313871294260025,0.21271517872810303,1,209,common,country,0,0,1,0.28464350104331904,0.313871294260025,0.248154193162918,0.15333098173141402
6111,D-hard,ধূলিসাৎ,D,B,0,B,1,0.067191988229751,0.8488891720771791,0.8488891720771791,0.6259748935699461,3,183,common,country,0,0,1,0.053800515830516,0.8488891720771791,0.030118385329842002,0.067191988229751
6117,D-rand,ধেনো,D,D,1,,0,0.351104229688644,,0.351104229688644,0.259126186370849,3,261,common,deep rural,0,0,1,0.233546048402786,0.32435217499732905,0.09099757671356201,0.351104229688644
6117,D-lit,ধেনো,C,C,1,D,0,0.385742992162704,0.07804089784622101,0.385742992162704,0.23188574612140603,2,220,common,deep rural,0,0,1,0.326426923274993,0.20978920161724002,0.385742992162704,0.07804089784622101
6117,D-surf,ধেনো,A,A,1,,0,0.528969824314117,,0.528969824314117,0.361509829759597,0,202,common,deep rural,0,0,1,0.528969824314117,0.102679759263992,0.132004901766777,0.23634551465511303
6117,D-sem,ধেনো,A,A,1,,0,0.4656603038311,,0.4656603038311,0.34523582458496005,0,236,common,deep rural,0,0,1,0.4656603038311,0.21412275731563502,0.19202424585819203,0.12819276750087702
6117,D-hard,ধেনো,B,B,1,C,0,0.46717992424964905,0.08557274192571601,0.46717992424964905,0.279312849044799,1,253,common,deep rural,0,0,1,0.106444202363491,0.46717992424964905,0.08557274192571601,0.340803086757659
6120,D-rand,ধোঁকায় পড়া,B,B,1,,0,0.595852851867675,,0.595852851867675,0.450989514589309,1,246,common,country,0,0,2,0.264620125293731,0.595852851867675,0.036619540303945,0.10290748625993701
6120,D-lit,ধোঁকায় পড়া,C,B,0,B,1,0.046112097799777006,0.9356214404106141,0.9356214404106141,0.8234224319458001,2,222,common,country,0,0,2,0.009551800787448,0.9356214404106141,0.046112097799777006,0.008714689873158
6120,D-surf,ধোঁকায় পড়া,B,A,0,,0,0.34691140055656405,,0.49452507495880105,0.332740098237991,1,221,common,country,0,0,2,0.49452507495880105,0.34691140055656405,0.10038635134696901,0.058177132159471005
6120,D-sem,ধোঁকায় পড়া,A,A,1,,0,0.599910974502563,,0.599910974502563,0.48513439297676003,0,304,common,country,0,0,2,0.599910974502563,0.179141581058502,0.13314750790596,0.08779992163181301
6120,D-hard,ধোঁকায় পড়া,B,D,0,D,1,0.039306592196226,0.9267857074737541,0.9267857074737541,0.8424549698829651,1,296,common,country,0,0,2,0.026291426271200003,0.039306592196226,0.007616307586431,0.9267857074737541
6121,D-rand,ধোঁকার টাটি,D,A,0,,0,0.29207769036293,,0.301703095436096,0.16044233739376002,3,287,common,country,0,0,2,0.301703095436096,0.24186867475509602,0.16435053944587702,0.29207769036293
6121,D-lit,ধোঁকার টাটি,C,A,0,A,1,0.079719476401805,0.78136795759201,0.78136795759201,0.536801159381866,2,281,common,country,0,0,2,0.78136795759201,0.066755034029483,0.079719476401805,0.07215754687786101
6121,D-surf,ধোঁকার টাটি,D,A,0,,0,0.24911160767078402,,0.29405698180198603,0.192057266831398,3,268,common,country,0,0,2,0.29405698180198603,0.261137306690216,0.19569408893585202,0.24911160767078402
6121,D-sem,ধোঁকার টাটি,C,B,0,,0,0.228114500641822,,0.34986194968223505,0.303785502910614,2,273,common,country,0,0,2,0.20945394039154003,0.34986194968223505,0.228114500641822,0.21256962418556202
6121,D-hard,ধোঁকার টাটি,C,B,0,B,1,0.072648085653781,0.7163037061691281,0.7163037061691281,0.553258776664733,2,360,common,country,0,0,2,0.08364391326904201,0.7163037061691281,0.072648085653781,0.127404332160949
6124,D-rand,ধোকড়,B,D,0,,0,0.22743923962116203,,0.40334814786911005,0.217824548482894,1,181,rare,deep rural,0,0,1,0.23698423802852603,0.22743923962116203,0.132228359580039,0.40334814786911005
6124,D-lit,ধোকড়,B,C,0,D,0,0.24249824881553603,0.211798161268234,0.306927531957626,0.18634881079196902,1,197,rare,deep rural,0,0,1,0.23877607285976402,0.24249824881553603,0.306927531957626,0.211798161268234
6124,D-surf,ধোকড়,B,A,0,,0,0.21988768875598902,,0.32141003012657104,0.221576929092407,1,408,rare,deep rural,0,0,1,0.32141003012657104,0.21988768875598902,0.281509280204772,0.17719297111034302
6124,D-sem,ধোকড়,B,C,0,,0,0.206981718540191,,0.44685372710227905,0.26965767145156805,1,160,rare,deep rural,0,0,1,0.185278356075286,0.206981718540191,0.44685372710227905,0.160886257886886
6124,D-hard,ধোকড়,B,B,1,D,0,0.307861030101776,0.268881976604461,0.307861030101776,0.15733908116817402,1,199,rare,deep rural,0,0,1,0.256227731704711,0.307861030101776,0.16702923178672702,0.268881976604461
6134,D-rand,ধোপে টিকবে না,D,D,1,,0,0.369624078273773,,0.369624078273773,0.27188983559608404,3,318,very common,country,0,0,3,0.192442387342453,0.24054934084415402,0.19738425314426403,0.369624078273773
6134,D-lit,ধোপে টিকবে না,B,D,0,D,1,0.239042654633522,0.567659556865692,0.567659556865692,0.30462664365768405,1,278,very common,country,0,0,3,0.099341854453086,0.239042654633522,0.093955904245376,0.567659556865692
6134,D-surf,ধোপে টিকবে না,C,B,0,,0,0.224232479929924,,0.390695065259933,0.25333258509635903,2,301,very common,country,0,0,3,0.273416519165039,0.390695065259933,0.224232479929924,0.11165592074394201
6134,D-sem,ধোপে টিকবে না,A,C,0,,0,0.26385524868965105,,0.386997401714324,0.229144543409347,0,306,very common,country,0,0,3,0.26385524868965105,0.14167262613773302,0.386997401714324,0.20747473835945102
6134,D-hard,ধোপে টিকবে না,C,A,0,A,1,0.19805374741554202,0.41227927803993203,0.41227927803993203,0.270779103040695,2,361,very common,country,0,0,3,0.41227927803993203,0.20440889894962302,0.19805374741554202,0.18525806069374
6165,D-rand,নজর রাখা,B,A,0,,0,0.276944369077682,,0.31806737184524503,0.20402218401432,1,213,very common,country,0,0,2,0.31806737184524503,0.276944369077682,0.174837902188301,0.23015040159225403
6165,D-lit,নজর রাখা,A,C,0,C,1,0.039269629865884004,0.8748570680618281,0.8748570680618281,0.71623808145523,0,241,very common,country,0,0,2,0.039269629865884004,0.033885195851325,0.8748570680618281,0.05198808386921801
6165,D-surf,নজর রাখা,A,B,0,,0,0.07275047898292501,,0.780471980571746,0.5917370915412901,0,183,very common,country,0,0,2,0.07275047898292501,0.780471980571746,0.05968474224209701,0.08709276467561701
6165,D-sem,নজর রাখা,C,A,0,,0,0.16472296416759402,,0.47339004278182906,0.31672826409339905,2,305,very common,country,0,0,2,0.47339004278182906,0.21529348194599102,0.16472296416759402,0.14659346640110002
6165,D-hard,নজর রাখা,A,D,0,C,0,0.012215886265039002,0.27205935120582503,0.7066103816032411,0.534809052944183,0,228,very common,country,0,0,2,0.012215886265039002,0.009114302694797,0.27205935120582503,0.7066103816032411
6176,D-rand,নটঘট,D,D,1,,0,0.77658861875534,,0.77658861875534,0.525254666805267,3,177,rare,country,0,0,1,0.052394479513168,0.094994626939296,0.076022319495677,0.77658861875534
6176,D-lit,নটঘট,C,D,0,D,1,0.10202512145042401,0.877848207950592,0.877848207950592,0.719590306282043,2,213,rare,country,0,0,1,0.009493041783571,0.010633614845573,0.10202512145042401,0.877848207950592
6176,D-surf,নটঘট,C,C,1,,0,0.7562684416770931,,0.7562684416770931,0.527832150459289,2,226,rare,country,0,0,1,0.08259281516075101,0.070506989955902,0.7562684416770931,0.09063176810741401
6176,D-sem,নটঘট,A,A,1,,0,0.7658607959747311,,0.7658607959747311,0.519675076007843,0,270,rare,country,0,0,1,0.7658607959747311,0.077247872948646,0.066748850047588,0.09014250338077501
6176,D-hard,নটঘট,D,B,0,B,1,0.09889505803585001,0.8812226653099061,0.8812226653099061,0.6990423798561091,3,208,rare,country,0,0,1,0.010400143451988001,0.8812226653099061,0.00948208477348,0.09889505803585001
6177,D-rand,নটঘটে নটবর,C,B,0,,0,0.15846973657608002,,0.31533688306808405,0.130280062556266,2,186,rare,country,0,0,2,0.215693980455398,0.31533688306808405,0.15846973657608002,0.310499459505081
6177,D-lit,নটঘটে নটবর,D,B,0,B,1,0.011865791864693002,0.948638021945953,0.948638021945953,0.769497454166412,3,283,rare,country,0,0,2,0.026337094604969,0.948638021945953,0.013159022666513,0.011865791864693002
6177,D-surf,নটঘটে নটবর,A,B,0,,0,0.12769825756549802,,0.505836486816406,0.28656864166259705,0,180,rare,country,0,0,2,0.12769825756549802,0.505836486816406,0.136008590459823,0.230456694960594
6177,D-sem,নটঘটে নটবর,B,C,0,,0,0.18896719813346802,,0.30419662594795205,0.14162199199199602,1,219,rare,country,0,0,2,0.295501202344894,0.18896719813346802,0.30419662594795205,0.21133501827716802
6177,D-hard,নটঘটে নটবর,A,C,0,C,1,0.014945260249078001,0.9451539516448971,0.9451539516448971,0.780755281448364,0,259,rare,country,0,0,2,0.014945260249078001,0.022014513611793,0.9451539516448971,0.017886314541101
6179,D-rand,নড়চড়,B,B,1,,0,0.466177552938461,,0.466177552938461,0.27402588725090005,1,220,common,country,0,0,1,0.20038196444511402,0.466177552938461,0.208961263298988,0.12447924166917801
6179,D-lit,নড়চড়,D,B,0,B,1,0.056456848978996006,0.8764591217041011,0.8764591217041011,0.725776016712188,3,264,common,country,0,0,1,0.034881424158811,0.8764591217041011,0.032202489674091,0.056456848978996006
6179,D-surf,নড়চড়,C,C,1,,0,0.39188221096992404,,0.39188221096992404,0.23402619361877403,2,208,common,country,0,0,1,0.232541531324386,0.270307391881942,0.39188221096992404,0.105268888175487
6179,D-sem,নড়চড়,B,A,0,,0,0.09939825534820501,,0.790665447711944,0.5973302721977231,1,249,common,country,0,0,1,0.790665447711944,0.09939825534820501,0.030699850991368002,0.079236410558223
6179,D-hard,নড়চড়,B,C,0,C,1,0.06222240626811901,0.8843730092048641,0.8843730092048641,0.6904244422912591,1,219,common,country,0,0,1,0.034635350108146,0.06222240626811901,0.8843730092048641,0.018769225105643002
6183,D-rand,অন্ধের নড়ি,D,A,0,,0,0.21593351662158902,,0.35133817791938704,0.21551243960857303,3,214,common,country,0,0,2,0.35133817791938704,0.19624088704586,0.236487358808517,0.21593351662158902
6183,D-lit,অন্ধের নড়ি,D,A,0,A,1,0.031894836574792,0.9201962947845451,0.9201962947845451,0.756818890571594,3,201,common,country,0,0,2,0.9201962947845451,0.024445848539471002,0.023463005200028003,0.031894836574792
6183,D-surf,অন্ধের নড়ি,C,B,0,,0,0.27568921446800204,,0.366631239652633,0.195758193731307,2,215,common,country,0,0,2,0.132151886820793,0.366631239652633,0.27568921446800204,0.22552771866321503
6183,D-sem,অন্ধের নড়ি,D,C,0,,0,0.22037835419178,,0.30486005544662403,0.203707307577133,3,168,common,country,0,0,2,0.259983599185943,0.21477799117565102,0.30486005544662403,0.22037835419178
6183,D-hard,অন্ধের নড়ি,A,D,0,D,1,0.039539724588394005,0.9145680069923401,0.9145680069923401,0.774479269981384,0,170,common,country,0,0,2,0.039539724588394005,0.016859671100974,0.029032601043581,0.9145680069923401
6194,D-rand,ননীর পুতুল,C,A,0,,0,0.174250915646553,,0.35073584318161005,0.15617737174034102,2,203,rare,deep rural,0,0,2,0.35073584318161005,0.22868368029594402,0.174250915646553,0.24632956087589203
6194,D-lit,ননীর পুতুল,B,A,0,A,1,0.023824235424399,0.897657334804534,0.897657334804534,0.754873573780059,1,208,rare,deep rural,0,0,2,0.897657334804534,0.023824235424399,0.030779695138335002,0.047738745808601005
6194,D-surf,ননীর পুতুল,A,D,0,,0,0.20196962356567302,,0.289842933416366,0.19529187679290702,0,199,rare,deep rural,0,0,2,0.20196962356567302,0.227680906653404,0.280506551265716,0.289842933416366
6194,D-sem,ননীর পুতুল,C,D,0,,0,0.155839428305625,,0.430828660726547,0.22004374861717202,2,206,rare,deep rural,0,0,2,0.21196989715099301,0.20136192440986603,0.155839428305625,0.430828660726547
6194,D-hard,ননীর পুতুল,D,C,0,C,1,0.024589668959379002,0.860891699790954,0.860891699790954,0.7414755225181581,3,212,rare,deep rural,0,0,2,0.070342883467674,0.04417572543025,0.860891699790954,0.024589668959379002
6200,D-rand,নবকার্তিক,A,A,1,,0,0.80069226026535,,0.80069226026535,0.6200484037399291,0,188,rare,country,0,1,1,0.80069226026535,0.068887084722518,0.048136595636606,0.08228407800197601
6200,D-lit,নবকার্তিক,D,A,0,A,1,0.331556677818298,0.603268325328826,0.603268325328826,0.46257030963897705,3,232,rare,country,0,1,1,0.603268325328826,0.034216880798339004,0.030958138406276002,0.331556677818298
6200,D-surf,নবকার্তিক,D,D,1,,0,0.7529003620147701,,0.7529003620147701,0.641676604747772,3,226,rare,country,0,1,1,0.12158723920583701,0.032330509275197004,0.093181863427162,0.7529003620147701
6200,D-sem,নবকার্তিক,A,A,1,,0,0.763343870639801,,0.763343870639801,0.568147420883178,0,236,rare,country,0,1,1,0.763343870639801,0.11672974377870501,0.066877789795398,0.05304857715964301
6200,D-hard,নবকার্তিক,D,B,0,B,1,0.29302760958671503,0.6291821599006651,0.6291821599006651,0.542085945606231,3,267,rare,country,0,1,1,0.04437705874443,0.6291821599006651,0.033413212746381,0.29302760958671503
6253,D-rand,নষ্টা,D,B,0,,0,0.19670255482196802,,0.323471099138259,0.22867400944232902,3,185,common,country,0,0,1,0.29512077569961503,0.323471099138259,0.18470558524131703,0.19670255482196802
6253,D-lit,নষ্টা,B,C,0,C,1,0.043828342109918005,0.842903137207031,0.842903137207031,0.69776850938797,1,203,common,country,0,0,1,0.036346990615129006,0.043828342109918005,0.842903137207031,0.076921574771404
6253,D-surf,নষ্টা,B,A,0,,0,0.21051961183547901,,0.36489504575729304,0.24715001881122503,1,171,common,country,0,0,1,0.36489504575729304,0.21051961183547901,0.22203510999679502,0.20255023241043002
6253,D-sem,নষ্টা,C,B,0,,0,0.16663394868373801,,0.37916630506515503,0.23676431179046603,2,185,common,country,0,0,1,0.24165299534797602,0.37916630506515503,0.16663394868373801,0.21254673600196802
6253,D-hard,নষ্টা,B,D,0,D,1,0.029859438538551,0.8818777203559871,0.8818777203559871,0.690181970596313,1,168,common,country,0,0,1,0.031726252287626,0.029859438538551,0.056536626070737006,0.8818777203559871
6256,D-rand,নষ্টের গোড়া,A,C,0,,0,0.182236894965171,,0.29550963640213,0.20585860311985002,0,219,common,country,0,0,2,0.182236894965171,0.233518898487091,0.29550963640213,0.288734555244445
6256,D-lit,নষ্টের গোড়া,A,B,0,B,1,0.018927808851003,0.9382836818695061,0.9382836818695061,0.7729752659797661,0,272,common,country,0,0,2,0.018927808851003,0.9382836818695061,0.014442958869040002,0.028345564380288003
6256,D-surf,নষ্টের গোড়া,D,B,0,,0,0.077182330191135,,0.523103654384613,0.32951673865318304,3,208,common,country,0,0,2,0.10774370282888401,0.523103654384613,0.29197034239768904,0.077182330191135
6256,D-sem,নষ্টের গোড়া,D,C,0,,0,0.15750488638877802,,0.35941395163536005,0.20198930799961,3,203,common,country,0,0,2,0.186492174863815,0.296589076519012,0.35941395163536005,0.15750488638877802
6256,D-hard,নষ্টের গোড়া,C,A,0,A,1,0.017668886110186,0.901857733726501,0.901857733726501,0.754160225391387,2,191,common,country,0,0,2,0.901857733726501,0.06619999557733501,0.017668886110186,0.014273386448621
6285,D-rand,নাক-কান মলা,A,C,0,,0,0.293567806482315,,0.29701110720634405,0.24942246079444802,0,254,common,country,0,0,3,0.293567806482315,0.19658878445625302,0.29701110720634405,0.21283231675624803
6285,D-lit,নাক-কান মলা,B,A,0,A,1,0.009141759015619,0.978298664093017,0.978298664093017,0.8252788782119751,1,197,common,country,0,0,3,0.978298664093017,0.009141759015619,0.006317882798612001,0.006241645663976001
6285,D-surf,নাক-কান মলা,A,B,0,,0,0.12141239643096902,,0.6567341089248651,0.513416707515716,0,225,common,country,0,0,3,0.12141239643096902,0.6567341089248651,0.087897390127182,0.133956119418144
6285,D-sem,নাক-কান মলা,D,A,0,,0,0.19472880661487502,,0.29775056242942805,0.192264735698699,3,225,common,country,0,0,3,0.29775056242942805,0.21007066965103102,0.297450006008148,0.19472880661487502
6285,D-hard,নাক-কান মলা,B,D,0,D,1,0.007423085160553001,0.9803824424743651,0.9803824424743651,0.8767729997634881,1,255,common,country,0,0,3,0.006866105366498,0.007423085160553001,0.005328441504389001,0.9803824424743651
6297,D-rand,নাক মলা,B,B,1,,0,0.36382398009300204,,0.36382398009300204,0.23632387816905903,1,219,common,country,0,0,2,0.156655728816986,0.36382398009300204,0.257614225149154,0.22190606594085602
6297,D-lit,নাক মলা,B,D,0,D,1,0.015250944532454002,0.968990266323089,0.968990266323089,0.8431147933006281,1,286,common,country,0,0,2,0.006091142538934001,0.015250944532454002,0.009667620062828002,0.968990266323089
6297,D-surf,নাক মলা,C,D,0,,0,0.088605336844921,,0.7875097393989561,0.6683766841888421,2,236,common,country,0,0,2,0.06262639909982601,0.061258528381586005,0.088605336844921,0.7875097393989561
6297,D-sem,নাক মলা,A,A,1,,0,0.40706574916839605,,0.40706574916839605,0.233661741018295,0,280,common,country,0,0,2,0.40706574916839605,0.146406531333923,0.18840333819389302,0.258124381303787
6297,D-hard,নাক মলা,D,B,0,B,1,0.013917409814894002,0.9713379740715021,0.9713379740715021,0.8599974513053891,3,324,common,country,0,0,2,0.009416379965841,0.9713379740715021,0.0053282212466,0.013917409814894002
6301,D-rand,নাকাল,A,D,0,,0,0.26613289117813105,,0.32578685879707303,0.193493753671646,0,183,common,country,0,0,1,0.26613289117813105,0.210430905222892,0.19764937460422502,0.32578685879707303
6301,D-lit,নাকাল,D,B,0,B,1,0.030568934977054003,0.890060544013977,0.890060544013977,0.7730468511581421,3,238,common,country,0,0,1,0.042637988924980004,0.890060544013977,0.036732524633407,0.030568934977054003
6301,D-surf,নাকাল,B,D,0,,0,0.20893926918506603,,0.389607787132263,0.244641095399856,1,184,common,country,0,0,1,0.257976174354553,0.20893926918506603,0.143476739525794,0.389607787132263
6301,D-sem,নাকাল,B,C,0,,0,0.054132726043462004,,0.8353581428527831,0.73673540353775,1,222,common,country,0,0,1,0.026471421122550003,0.054132726043462004,0.8353581428527831,0.084037736058235
6301,D-hard,নাকাল,D,B,0,B,1,0.030506551265716,0.88822466135025,0.88822466135025,0.687849581241607,3,174,common,country,0,0,1,0.027888933196663003,0.88822466135025,0.053379863500595,0.030506551265716
6315,D-rand,নাকে সরষের তেল দিয়ে ঘুমানো,D,A,0,,0,0.292311310768127,,0.312211483716964,0.25777265429496704,3,312,common,country,0,0,5,0.312211483716964,0.13478732109069802,0.26068991422653204,0.292311310768127
6315,D-lit,নাকে সরষের তেল দিয়ে ঘুমানো,B,D,0,D,1,0.016294496133923,0.9670895338058471,0.9670895338058471,0.8568013906478881,1,273,common,country,0,0,5,0.010074790567159,0.016294496133923,0.006541196256875,0.9670895338058471
6315,D-surf,নাকে সরষের তেল দিয়ে ঘুমানো,B,B,1,,0,0.343181103467941,,0.343181103467941,0.28454929590225203,1,359,common,country,0,0,5,0.15047539770603102,0.343181103467941,0.288354575634002,0.21798887848854
6315,D-sem,নাকে সরষের তেল দিয়ে ঘুমানো,B,C,0,,0,0.326189458370208,,0.373562723398208,0.258240967988967,1,297,common,country,0,0,5,0.192597702145576,0.326189458370208,0.373562723398208,0.10765009373426401
6315,D-hard,নাকে সরষের তেল দিয়ে ঘুমানো,C,A,0,A,1,0.018537048250436002,0.9631792306900021,0.9631792306900021,0.8593555688858031,2,282,common,country,0,0,5,0.9631792306900021,0.009583989158272,0.018537048250436002,0.008699694648385001
6319,D-rand,নাকের বদলে নরুণ,A,D,0,,0,0.23755934834480202,,0.31093129515647805,0.27399668097496,0,239,common,country,0,0,3,0.23755934834480202,0.275802135467529,0.17570726573467202,0.31093129515647805
6319,D-lit,নাকের বদলে নরুণ,D,C,0,C,1,0.027388829737901,0.8787214756011961,0.8787214756011961,0.7712522149085991,3,306,common,country,0,0,3,0.03728799521923,0.056601762771606,0.8787214756011961,0.027388829737901
6319,D-surf,নাকের বদলে নরুণ,A,B,0,,0,0.17814715206623002,,0.478415489196777,0.31661087274551303,0,268,common,country,0,0,3,0.17814715206623002,0.478415489196777,0.21924120187759402,0.12419612705707501
6319,D-sem,নাকের বদলে নরুণ,A,B,0,,0,0.20528654754161801,,0.33693972229957503,0.23219799995422302,0,232,common,country,0,0,3,0.20528654754161801,0.33693972229957503,0.200802743434906,0.25697100162506104
6319,D-hard,নাকের বদলে নরুণ,B,A,0,A,1,0.026157913729548003,0.9263929724693291,0.9263929724693291,0.8371727466583251,1,385,common,country,0,0,3,0.9263929724693291,0.026157913729548003,0.020273527130484,0.027175573632121003
6323,D-rand,নাচতে এসে ঘোমটা টানা,A,A,1,,0,0.337755888700485,,0.337755888700485,0.268436849117279,0,181,common,country,0,0,4,0.337755888700485,0.24946480989456102,0.218700557947158,0.19407869875431003
6323,D-lit,নাচতে এসে ঘোমটা টানা,B,C,0,C,1,0.013480040244758,0.965686082839965,0.965686082839965,0.889455735683441,1,249,common,country,0,0,4,0.01400648523122,0.013480040244758,0.965686082839965,0.0068273548968130005
6323,D-surf,নাচতে এসে ঘোমটা টানা,B,A,0,,0,0.24722272157669,,0.26688921451568604,0.19580040872097002,1,204,common,country,0,0,4,0.26688921451568604,0.24722272157669,0.26668226718902505,0.21920575201511303
6323,D-sem,নাচতে এসে ঘোমটা টানা,A,B,0,,0,0.29030886292457503,,0.36545801162719704,0.20250508189201302,0,239,common,country,0,0,4,0.29030886292457503,0.36545801162719704,0.14886216819286302,0.19537089765071802
6323,D-hard,নাচতে এসে ঘোমটা টানা,A,B,0,B,1,0.013196033425629,0.9607999324798581,0.9607999324798581,0.8840389251708981,0,288,common,country,0,0,4,0.013196033425629,0.9607999324798581,0.01591689325869,0.010087041184306
6336,D-rand,নাটুকেপনা,A,B,0,,0,0.20898883044719602,,0.38727796077728205,0.282418876886367,0,231,common,country,0,0,1,0.20898883044719602,0.38727796077728205,0.21482776105403903,0.18890550732612602
6336,D-lit,নাটুকেপনা,B,D,0,D,1,0.07174420356750401,0.8167511224746701,0.8167511224746701,0.646058797836303,1,270,common,country,0,0,1,0.053519815206527,0.07174420356750401,0.057984892278909,0.8167511224746701
6336,D-surf,নাটুকেপনা,C,A,0,,0,0.19947038590908,,0.36095961928367604,0.24823901057243303,2,215,common,country,0,0,1,0.36095961928367604,0.20701597630977603,0.19947038590908,0.23255395889282202
6336,D-sem,নাটুকেপনা,D,C,0,,0,0.094564825296401,,0.614212751388549,0.42646417021751404,3,180,common,country,0,0,1,0.11176688224077201,0.179455578327178,0.614212751388549,0.094564825296401
6336,D-hard,নাটুকেপনা,B,A,0,A,1,0.07940682768821701,0.7885476946830751,0.7885476946830751,0.601103723049163,1,202,common,country,0,0,1,0.7885476946830751,0.07940682768821701,0.061247766017913007,0.07079775631427701
6343,D-rand,নাড়ি ছাড়া,C,B,0,,0,0.21551682054996402,,0.30889528989791804,0.17547078430652602,2,234,common,country,0,0,2,0.27322548627853305,0.30889528989791804,0.21551682054996402,0.20236237347126002
6343,D-lit,নাড়ি ছাড়া,D,A,0,A,1,0.027608796954154004,0.8999685049057,0.8999685049057,0.7652618885040281,3,264,common,country,0,0,2,0.8999685049057,0.038121104240417,0.034301623702049006,0.027608796954154004
6343,D-surf,নাড়ি ছাড়া,C,A,0,,0,0.120069183409214,,0.48911830782890303,0.356529355049133,2,207,common,country,0,0,2,0.48911830782890303,0.267701685428619,0.120069183409214,0.12311079353094101
6343,D-sem,নাড়ি ছাড়া,C,A,0,,0,0.18570935726165702,,0.35486155748367304,0.280132889747619,2,180,common,country,0,0,2,0.35486155748367304,0.210041791200637,0.18570935726165702,0.24938727915287
6343,D-hard,নাড়ি ছাড়া,B,A,0,A,1,0.028735626488924002,0.884193181991577,0.884193181991577,0.762685716152191,1,249,common,country,0,0,2,0.884193181991577,0.028735626488924002,0.047312501817941006,0.039758615195751
6354,D-rand,নাতন কাচ কাচা,B,D,0,,0,0.25623726844787603,,0.439999490976333,0.23910519480705203,1,235,common,country,0,0,3,0.17806258797645502,0.25623726844787603,0.12570066750049502,0.439999490976333
6354,D-lit,নাতন কাচ কাচা,D,A,0,A,1,0.024510528892278,0.877138078212738,0.877138078212738,0.6999191045761101,3,275,common,country,0,0,3,0.877138078212738,0.055349957197904004,0.043001435697078004,0.024510528892278
6354,D-surf,নাতন কাচ কাচা,A,D,0,,0,0.22002974152565002,,0.300868064165115,0.21907715499401,0,311,common,country,0,0,3,0.22002974152565002,0.270007878541946,0.209094360470771,0.300868064165115
6354,D-sem,নাতন কাচ কাচা,B,A,0,,0,0.28850224614143305,,0.297508835792541,0.161224856972694,1,225,common,country,0,0,3,0.297508835792541,0.28850224614143305,0.190574333071708,0.22341455519199302
6354,D-hard,নাতন কাচ কাচা,A,D,0,D,1,0.025145102292299003,0.906914770603179,0.906914770603179,0.76300573348999,0,297,common,country,0,0,3,0.025145102292299003,0.036637566983699,0.031302612274885004,0.906914770603179
6361,D-rand,নানাকেলে,A,A,1,,0,0.30052238702774003,,0.30052238702774003,0.16262280941009502,0,240,common,country,0,0,1,0.30052238702774003,0.195096001029014,0.28473371267318703,0.219647914171218
6361,D-lit,নানাকেলে,A,B,0,B,1,0.04168026521801901,0.8609904646873471,0.8609904646873471,0.6021010279655451,0,182,common,country,0,0,1,0.04168026521801901,0.8609904646873471,0.073307581245899,0.024021638557314002
6361,D-surf,নানাকেলে,A,B,0,,0,0.205381691455841,,0.34080392122268605,0.286951154470443,0,204,common,country,0,0,1,0.205381691455841,0.34080392122268605,0.244267225265502,0.20954708755016302
6361,D-sem,নানাকেলে,B,A,0,,0,0.196706503629684,,0.41359001398086503,0.328555047512054,1,244,common,country,0,0,1,0.41359001398086503,0.196706503629684,0.19892074167728402,0.19078272581100403
6361,D-hard,নানাকেলে,B,D,0,D,1,0.036348033696413005,0.8870657086372371,0.8870657086372371,0.6765943169593811,1,178,common,country,0,0,1,0.030724525451660004,0.036348033696413005,0.045861717313528005,0.8870657086372371
6383,D-rand,নামধাম,A,C,0,,0,0.16437406837940202,,0.45860585570335305,0.272095650434494,0,207,very common,country,0,0,1,0.16437406837940202,0.25855767726898105,0.45860585570335305,0.11846239864826201
6383,D-lit,নামধাম,A,C,0,C,1,0.029773255810141,0.810850918292999,0.810850918292999,0.6769001483917231,0,166,very common,country,0,0,1,0.029773255810141,0.13216480612754802,0.810850918292999,0.027211003005504
6383,D-surf,নামধাম,C,B,0,,0,0.16597424447536402,,0.37154638767242404,0.24311575293540902,2,212,very common,country,0,0,1,0.28440365195274303,0.37154638767242404,0.16597424447536402,0.17807567119598303
6383,D-sem,নামধাম,B,C,0,,0,0.150630965828895,,0.38659545779228205,0.14812631905078802,1,198,very common,country,0,0,1,0.18607473373413003,0.150630965828895,0.38659545779228205,0.27669882774353
6383,D-hard,নামধাম,A,C,0,C,1,0.031306110322475,0.8525314927101131,0.8525314927101131,0.668794274330139,0,194,very common,country,0,0,1,0.031306110322475,0.081539794802665,0.8525314927101131,0.034622594714164005
6396,D-rand,নারদ নারদ,A,A,1,,0,0.5490003824234,,0.5490003824234,0.311361134052276,0,252,common,country,0,1,2,0.5490003824234,0.07588171213865201,0.20348301529884302,0.171634867787361
6396,D-lit,নারদ নারদ,A,C,0,C,1,0.052894204854965,0.9013428688049311,0.9013428688049311,0.710234642028808,0,188,common,country,0,1,2,0.052894204854965,0.014256004244089002,0.9013428688049311,0.031506959348917
6396,D-surf,নারদ নারদ,A,A,1,,0,0.5172271132469171,,0.5172271132469171,0.30891069769859303,0,274,common,country,0,1,2,0.5172271132469171,0.14649903774261402,0.18373200297355602,0.152541860938072
6396,D-sem,নারদ নারদ,B,B,1,,0,0.513477623462677,,0.513477623462677,0.27784851193428,1,249,common,country,0,1,2,0.146110594272613,0.513477623462677,0.19561716914176902,0.14479461312294
6396,D-hard,নারদ নারদ,B,D,0,D,1,0.052799712866544,0.8902419209480281,0.8902419209480281,0.7228126525878901,1,278,common,country,0,1,2,0.020604582503437,0.052799712866544,0.036353860050439,0.8902419209480281
6399,D-rand,নারাজ,C,C,1,,0,0.442726582288742,,0.442726582288742,0.23931619524955702,2,186,very common,country,0,0,1,0.243001624941825,0.20399506390094702,0.442726582288742,0.11027669161558101
6399,D-lit,নারাজ,B,B,1,D,0,0.383364260196685,0.14625304937362602,0.383364260196685,0.273604959249496,1,245,very common,country,0,0,1,0.300181418657302,0.383364260196685,0.170201212167739,0.14625304937362602
6399,D-surf,নারাজ,C,C,1,,0,0.34323835372924805,,0.34323835372924805,0.19878476858139002,2,252,very common,country,0,0,1,0.188642874360084,0.330420434474945,0.34323835372924805,0.13769832253456102
6399,D-sem,নারাজ,D,D,1,,0,0.512131094932556,,0.512131094932556,0.35908943414688105,3,159,very common,country,0,0,1,0.147984310984611,0.22540101408958402,0.11448354274034502,0.512131094932556
6399,D-hard,নারাজ,B,B,1,D,0,0.43967521190643305,0.16775675117969502,0.43967521190643305,0.287956267595291,1,183,very common,country,0,0,1,0.229997485876083,0.43967521190643305,0.16257058084011,0.16775675117969502
6408,D-rand,নিকুচি,B,D,0,,0,0.173632249236106,,0.317084103822708,0.16498364508152003,1,271,rare,country,0,0,1,0.242088690400123,0.173632249236106,0.267195016145706,0.317084103822708
6408,D-lit,নিকুচি,B,C,0,C,1,0.20196345448493902,0.431644290685653,0.431644290685653,0.185727760195732,1,273,rare,country,0,0,1,0.24395474791526703,0.20196345448493902,0.431644290685653,0.122437462210655
6408,D-surf,নিকুচি,A,A,1,,0,0.276693016290664,,0.276693016290664,0.125664189457893,0,262,rare,country,0,0,1,0.276693016290664,0.267056465148925,0.179693534970283,0.276556998491287
6408,D-sem,নিকুচি,B,C,0,,0,0.22224840521812403,,0.28437301516532904,0.135950818657875,1,218,rare,country,0,0,1,0.270112216472625,0.22224840521812403,0.28437301516532904,0.223266422748565
6408,D-hard,নিকুচি,B,D,0,C,0,0.055548876523971,0.118634216487407,0.7474785447120661,0.46783316135406405,1,268,rare,country,0,0,1,0.078338295221328,0.055548876523971,0.118634216487407,0.7474785447120661
6430,D-rand,নিবেদনের আগে প্রসাদ,B,C,0,,0,0.27387860417366,,0.385764151811599,0.27728718519210804,1,268,common,country,0,0,3,0.263721197843551,0.27387860417366,0.385764151811599,0.07663597166538201
6430,D-lit,নিবেদনের আগে প্রসাদ,B,D,0,D,1,0.029061112552881,0.9578254222869871,0.9578254222869871,0.8545510172843931,1,205,common,country,0,0,3,0.006290812976658001,0.029061112552881,0.006822696421295,0.9578254222869871
6430,D-surf,নিবেদনের আগে প্রসাদ,A,C,0,,0,0.16524592041969302,,0.600448787212371,0.429337531328201,0,189,common,country,0,0,3,0.16524592041969302,0.045507144182920005,0.600448787212371,0.188798159360885
6430,D-sem,নিবেদনের আগে প্রসাদ,C,A,0,,0,0.31504556536674505,,0.377238392829895,0.260080128908157,2,230,common,country,0,0,3,0.377238392829895,0.176692485809326,0.31504556536674505,0.131023526191711
6430,D-hard,নিবেদনের আগে প্রসাদ,D,B,0,B,1,0.031689137220382003,0.931375741958618,0.931375741958618,0.84565794467926,3,272,common,country,0,0,3,0.010051128454506,0.931375741958618,0.026884008198976003,0.031689137220382003
6439,D-rand,নিমেষে,C,D,0,,0,0.236086592078208,,0.356486320495605,0.22700548171997,2,252,very common,country,0,0,1,0.296103239059448,0.11132388561964,0.236086592078208,0.356486320495605
6439,D-lit,নিমেষে,A,B,0,C,0,0.266868740320205,0.13990245759487102,0.33313879370689303,0.17035634815692902,0,234,very common,country,0,0,1,0.266868740320205,0.33313879370689303,0.13990245759487102,0.260089993476867
6439,D-surf,নিমেষে,C,A,0,,0,0.25243890285491905,,0.32969298958778304,0.203750520944595,2,193,very common,country,0,0,1,0.32969298958778304,0.12449055910110401,0.25243890285491905,0.293377608060836
6439,D-sem,নিমেষে,D,B,0,,0,0.235677346587181,,0.313346177339553,0.151556923985481,3,178,very common,country,0,0,1,0.18504387140274,0.313346177339553,0.265932559967041,0.235677346587181
6439,D-hard,নিমেষে,D,A,0,B,0,0.228023096919059,0.133241564035415,0.39041194319725003,0.231207862496376,3,213,very common,country,0,0,1,0.39041194319725003,0.133241564035415,0.248323395848274,0.228023096919059
6488,D-rand,ন্যাড়া ছাদ,B,C,0,,0,0.21725133061408902,,0.42371156811714106,0.282458245754241,1,211,common,country,0,0,2,0.153608545660972,0.21725133061408902,0.42371156811714106,0.20542855560779502
6488,D-lit,ন্যাড়া ছাদ,D,B,0,B,1,0.017625520005822,0.9541607499122621,0.9541607499122621,0.777872622013092,3,243,common,country,0,0,2,0.017030229791998003,0.9541607499122621,0.011183443479239,0.017625520005822
6488,D-surf,ন্যাড়া ছাদ,A,D,0,,0,0.251156657934188,,0.36195942759513805,0.28399121761322005,0,200,common,country,0,0,2,0.251156657934188,0.07918556779623001,0.307698369026184,0.36195942759513805
6488,D-sem,ন্যাড়া ছাদ,C,B,0,,0,0.15984100103378202,,0.44015657901763905,0.32833617925643904,2,304,common,country,0,0,2,0.20400616526603702,0.44015657901763905,0.15984100103378202,0.19599634408950803
6488,D-hard,ন্যাড়া ছাদ,B,C,0,C,1,0.016897529363632,0.930113911628723,0.930113911628723,0.817864596843719,1,178,common,country,0,0,2,0.025757659226655003,0.016897529363632,0.930113911628723,0.027230838313698002
6511,D-rand,পইপই,D,D,1,,0,0.346478044986724,,0.346478044986724,0.21744759380817402,3,191,common,country,0,0,1,0.21622422337532002,0.159223869442939,0.27807387709617604,0.346478044986724
6511,D-lit,পইপই,A,D,0,D,1,0.23666945099830602,0.326797544956207,0.326797544956207,0.19608657062053603,0,237,common,country,0,0,1,0.23666945099830602,0.23244209587574002,0.204090937972068,0.326797544956207
6511,D-surf,পইপই,D,D,1,,0,0.356507241725921,,0.356507241725921,0.22108121216297102,3,261,common,country,0,0,1,0.23315370082855202,0.23346237838268202,0.17687670886516502,0.356507241725921
6511,D-sem,পইপই,B,B,1,,0,0.394105225801467,,0.394105225801467,0.290802001953125,1,282,common,country,0,0,1,0.162989899516105,0.394105225801467,0.23372587561607303,0.209178954362869
6511,D-hard,পইপই,C,A,0,D,0,0.20303712785243902,0.30329671502113303,0.34111917018890303,0.21895976364612502,2,264,common,country,0,0,1,0.34111917018890303,0.152546986937522,0.20303712785243902,0.30329671502113303
6538,D-rand,পটপট করে,A,B,0,,0,0.269685000181198,,0.353107154369354,0.18735578656196503,0,197,common,country,0,0,2,0.269685000181198,0.353107154369354,0.24292230606079102,0.134285524487495
6538,D-lit,পটপট করে,C,A,0,A,1,0.047180894762277006,0.8442441821098321,0.8442441821098321,0.605598270893096,2,200,common,country,0,0,2,0.8442441821098321,0.043421756476163004,0.047180894762277006,0.065153203904628
6538,D-surf,পটপট করে,B,A,0,,0,0.182820215821266,,0.40115004777908303,0.318752795457839,1,158,common,country,0,0,2,0.40115004777908303,0.182820215821266,0.201082989573478,0.214946776628494
6538,D-sem,পটপট করে,C,D,0,,0,0.151052102446556,,0.564347624778747,0.39337751269340504,2,181,common,country,0,0,2,0.18214839696884103,0.102451883256435,0.151052102446556,0.564347624778747
6538,D-hard,পটপট করে,B,C,0,C,1,0.055927332490682005,0.8156581521034241,0.8156581521034241,0.569130361080169,1,188,common,country,0,0,2,0.033238023519515006,0.055927332490682005,0.8156581521034241,0.09517647325992501
6541,D-rand,পটল তোলা,A,B,0,,0,0.24379669129848403,,0.35791894793510404,0.302913039922714,0,240,common,country,0,1,2,0.24379669129848403,0.35791894793510404,0.170173332095146,0.228110983967781
6541,D-lit,পটল তোলা,D,B,0,B,1,0.0026298149023200003,0.9916303753852841,0.9916303753852841,0.922065198421478,3,185,common,country,0,1,2,0.003846952226012,0.9916303753852841,0.0018928338540710001,0.0026298149023200003
6541,D-surf,পটল তোলা,B,D,0,,0,0.191943496465682,,0.35868570208549505,0.248604267835617,1,185,common,country,0,1,2,0.160599842667579,0.191943496465682,0.288770973682403,0.35868570208549505
6541,D-sem,পটল তোলা,C,A,0,,0,0.21842873096466,,0.36848059296607905,0.252931863069534,2,301,common,country,0,1,2,0.36848059296607905,0.269230127334594,0.21842873096466,0.143860548734664
6541,D-hard,পটল তোলা,D,B,0,B,1,0.0026245638728140002,0.989664614200592,0.989664614200592,0.9073107838630671,3,210,common,country,0,1,2,0.0028104397933930002,0.989664614200592,0.004900374449789,0.0026245638728140002
6566,D-rand,পত্রপুষ্প,B,C,0,,0,0.150482550263404,,0.38807126879692005,0.19258910417556702,1,153,rare,country,0,1,1,0.203093603253364,0.150482550263404,0.38807126879692005,0.25835260748863204
6566,D-lit,পত্রপুষ্প,D,A,0,A,1,0.004203505814075001,0.974514007568359,0.974514007568359,0.8256560564041131,3,166,rare,country,0,1,1,0.974514007568359,0.014862553216516002,0.006419995333999001,0.004203505814075001
6566,D-surf,পত্রপুষ্প,C,A,0,,0,0.25559759140014604,,0.28882163763046204,0.132908970117568,2,161,rare,country,0,1,1,0.28882163763046204,0.188137397170066,0.25559759140014604,0.267443388700485
6566,D-sem,পত্রপুষ্প,D,B,0,,0,0.216114327311515,,0.393613964319229,0.19910828769207,3,210,rare,country,0,1,1,0.23824039101600603,0.393613964319229,0.152031317353248,0.216114327311515
6566,D-hard,পত্রপুষ্প,D,B,0,B,1,0.0036953596863890004,0.9885476827621461,0.9885476827621461,0.875720143318176,3,233,rare,country,0,1,1,0.0042199860326940005,0.9885476827621461,0.0035369426477700004,0.0036953596863890004
6576,D-rand,পথ দেওয়া,D,D,1,,0,0.49424809217453003,,0.49424809217453003,0.34433850646018904,3,171,very common,country,0,0,2,0.18438708782196,0.152169376611709,0.169195398688316,0.49424809217453003
6576,D-lit,পথ দেওয়া,A,D,0,D,1,0.09245109558105401,0.817933559417724,0.817933559417724,0.634323239326477,0,195,very common,country,0,0,2,0.09245109558105401,0.05410782992839801,0.035507503896951,0.817933559417724
6576,D-surf,পথ দেওয়া,B,D,0,,0,0.275851190090179,,0.46396747231483404,0.294904798269271,1,240,very common,country,0,0,2,0.08943328261375401,0.275851190090179,0.17074811458587602,0.46396747231483404
6576,D-sem,পথ দেওয়া,D,D,1,,0,0.451182395219802,,0.451182395219802,0.314593285322189,3,194,very common,country,0,0,2,0.15901413559913602,0.23242466151714303,0.15737877786159502,0.451182395219802
6576,D-hard,পথ দেওয়া,D,C,0,C,1,0.06961799412965701,0.7757524251937861,0.7757524251937861,0.634101927280426,3,198,very common,country,0,0,2,0.023136744275689,0.13149285316467202,0.7757524251937861,0.06961799412965701
6579,D-rand,পথ মাড়ানো,D,C,0,,0,0.190265670418739,,0.479380577802658,0.29962086677551203,3,248,common,country,0,0,2,0.18050475418567602,0.14984904229640902,0.479380577802658,0.190265670418739
6579,D-lit,পথ মাড়ানো,A,D,0,D,1,0.062284905463457,0.8498018980026241,0.8498018980026241,0.659783542156219,0,234,common,country,0,0,2,0.062284905463457,0.052960753440856004,0.034952457994222,0.8498018980026241
6579,D-surf,পথ মাড়ানো,C,B,0,,0,0.044708967208862006,,0.725010275840759,0.597014188766479,2,233,common,country,0,0,2,0.19830182194709703,0.725010275840759,0.044708967208862006,0.031978964805603
6579,D-sem,পথ মাড়ানো,A,D,0,,0,0.176979005336761,,0.346901386976242,0.296709418296813,0,196,common,country,0,0,2,0.176979005336761,0.296517819166183,0.17960177361965102,0.346901386976242
6579,D-hard,পথ মাড়ানো,D,C,0,C,1,0.05606390535831401,0.8211870193481441,0.8211870193481441,0.668456852436065,3,244,common,country,0,0,2,0.04168077558279,0.08106832951307201,0.8211870193481441,0.05606390535831401
6581,D-rand,পথভোলা,C,C,1,,0,0.48756858706474304,,0.48756858706474304,0.31355476379394503,2,244,common,country,1,0,1,0.22265897691249803,0.165118724107742,0.48756858706474304,0.124653749167919
6581,D-lit,পথভোলা,A,D,0,D,1,0.073781326413154,0.865727186203002,0.865727186203002,0.7529103755950921,0,268,common,country,1,0,1,0.073781326413154,0.033476550132036,0.027014933526515003,0.865727186203002
6581,D-surf,পথভোলা,C,C,1,,0,0.5271472334861751,,0.5271472334861751,0.337685018777847,2,239,common,country,1,0,1,0.18953223526477803,0.12978452444076502,0.5271472334861751,0.153535991907119
6581,D-sem,পথভোলা,C,C,1,,0,0.440670788288116,,0.440670788288116,0.24296782910823803,2,291,common,country,1,0,1,0.34745389223098705,0.082391887903213,0.440670788288116,0.12948340177536
6581,D-hard,পথভোলা,B,C,0,C,1,0.07159469276666601,0.8908899426460261,0.8908899426460261,0.7834872603416441,1,201,common,country,1,0,1,0.022768422961235,0.07159469276666601,0.8908899426460261,0.014746973291039002
6582,D-rand,পথে আসা,D,D,1,,0,0.61622130870819,,0.61622130870819,0.465713173151016,3,221,common,country,0,0,2,0.117142349481582,0.1406090259552,0.126027271151542,0.61622130870819
6582,D-lit,পথে আসা,D,B,0,B,1,0.07714273035526201,0.8927289843559261,0.8927289843559261,0.743451297283172,3,221,common,country,0,0,2,0.010893831029534002,0.8927289843559261,0.019234430044889003,0.07714273035526201
6582,D-surf,পথে আসা,C,A,0,,0,0.33062240481376604,,0.45708048343658403,0.290099948644638,2,229,common,country,0,0,2,0.45708048343658403,0.11588019132614101,0.33062240481376604,0.09641693532466801
6582,D-sem,পথে আসা,D,D,1,,0,0.49603167176246604,,0.49603167176246604,0.349375963211059,3,230,common,country,0,0,2,0.151707038283348,0.099080152809619,0.25318112969398504,0.49603167176246604
6582,D-hard,পথে আসা,D,A,0,A,1,0.077900238335132,0.7937823534011841,0.7937823534011841,0.69612056016922,3,273,common,country,0,0,2,0.7937823534011841,0.011231418699026,0.11708598583936601,0.077900238335132
6583,D-rand,পথেঘাটে,D,D,1,,0,0.379517674446105,,0.379517674446105,0.24677616357803303,3,172,very common,country,0,0,1,0.17796196043491302,0.16701807081699302,0.27550226449966403,0.379517674446105
6583,D-lit,পথেঘাটে,D,A,0,A,1,0.022261966019868,0.947197973728179,0.947197973728179,0.7885798215866081,3,233,very common,country,0,0,1,0.947197973728179,0.015216666273772002,0.015323366038501,0.022261966019868
6583,D-surf,পথেঘাটে,D,B,0,,0,0.290556013584136,,0.34651339054107605,0.214933842420578,3,204,very common,country,0,0,1,0.184525609016418,0.34651339054107605,0.17840501666069,0.290556013584136
6583,D-sem,পথেঘাটে,C,B,0,,0,0.310887575149536,,0.34102731943130404,0.177298471331596,2,214,very common,country,0,0,1,0.171157702803611,0.34102731943130404,0.310887575149536,0.17692732810974102
6583,D-hard,পথেঘাটে,D,C,0,C,1,0.021419171243906,0.9464561939239501,0.9464561939239501,0.8106895089149471,3,183,very common,country,0,0,1,0.011310233734548002,0.020814288407564,0.9464561939239501,0.021419171243906
6585,D-rand,পথে হেঁটে চোখ রাঙানি,A,C,0,,0,0.27572390437126104,,0.30951499938964805,0.18209782242774902,0,370,common,country,0,0,4,0.27572390437126104,0.12372907251119601,0.30951499938964805,0.291032046079635
6585,D-lit,পথে হেঁটে চোখ রাঙানি,D,C,0,A,0,0.238388612866401,0.228657588362693,0.34967678785324,0.21649192273616702,3,309,common,country,0,0,4,0.228657588362693,0.18327705562114702,0.34967678785324,0.238388612866401
6585,D-surf,পথে হেঁটে চোখ রাঙানি,D,A,0,,0,0.14894670248031602,,0.5422983169555661,0.355091333389282,3,273,common,country,0,0,4,0.5422983169555661,0.116568744182586,0.192186251282691,0.14894670248031602
6585,D-sem,পথে হেঁটে চোখ রাঙানি,B,C,0,,0,0.232492506504058,,0.311521619558334,0.204467579722404,1,289,common,country,0,0,4,0.19776292145252203,0.232492506504058,0.311521619558334,0.258222967386245
6585,D-hard,পথে হেঁটে চোখ রাঙানি,A,C,0,D,0,0.22726161777973103,0.20559287071228002,0.29750388860702504,0.189470425248146,0,233,common,country,0,0,4,0.22726161777973103,0.269641607999801,0.29750388860702504,0.20559287071228002
6594,D-rand,পদানত,B,A,0,,0,0.256293058395385,,0.29504045844078003,0.31869655847549405,1,256,common,country,1,0,1,0.29504045844078003,0.256293058395385,0.18466541171073902,0.26400107145309404
6594,D-lit,পদানত,B,C,0,C,1,0.19580446183681402,0.590487539768219,0.590487539768219,0.35807996988296503,1,228,common,country,1,0,1,0.09914241731166801,0.19580446183681402,0.590487539768219,0.11456558853387801
6594,D-surf,পদানত,A,A,1,,0,0.40628391504287703,,0.40628391504287703,0.248226299881935,0,144,common,country,1,0,1,0.40628391504287703,0.19954705238342202,0.10150164365768401,0.29266744852066
6594,D-sem,পদানত,B,B,1,,0,0.35664266347885104,,0.35664266347885104,0.20145849883556302,1,207,common,country,1,0,1,0.19548816978931402,0.35664266347885104,0.257751613855361,0.19011759757995603
6594,D-hard,পদানত,B,A,0,A,1,0.17300353944301602,0.619636476039886,0.619636476039886,0.41283077001571605,1,251,common,country,1,0,1,0.619636476039886,0.17300353944301602,0.07481190562248201,0.132548063993453
6606,D-rand,পয়মাল,B,A,0,,0,0.23717948794364901,,0.294172585010528,0.16852512955665502,1,302,common,country,0,0,1,0.294172585010528,0.23717948794364901,0.25348937511444003,0.215158507227897
6606,D-lit,পয়মাল,D,A,0,B,0,0.141351878643035,0.266065508127212,0.345059067010879,0.19118805229663802,3,276,common,country,0,0,1,0.345059067010879,0.266065508127212,0.24752351641654902,0.141351878643035
6606,D-surf,পয়মাল,D,C,0,,0,0.164382264018058,,0.382500082254409,0.25447276234626703,3,224,common,country,0,0,1,0.20371799170970903,0.249399736523628,0.382500082254409,0.164382264018058
6606,D-sem,পয়মাল,D,C,0,,0,0.208137884736061,,0.32339334487915,0.14226698875427202,3,224,common,country,0,0,1,0.17884142696857402,0.28962734341621404,0.32339334487915,0.208137884736061
6606,D-hard,পয়মাল,B,A,0,C,0,0.188067972660064,0.27329936623573303,0.29482522606849604,0.15091668069362602,1,194,common,country,0,0,1,0.29482522606849604,0.188067972660064,0.27329936623573303,0.243807464838027
6614,D-rand,পরকাল খাওয়া,C,B,0,,0,0.24954585731029502,,0.416308015584945,0.23756821453571303,2,259,common,country,0,0,2,0.26338395476341203,0.416308015584945,0.24954585731029502,0.07076209783554001
6614,D-lit,পরকাল খাওয়া,D,B,0,B,1,0.008023854345083,0.9753001332283021,0.9753001332283021,0.8117520213127131,3,223,common,country,0,0,2,0.009993487969040002,0.9753001332283021,0.006682449486106,0.008023854345083
6614,D-surf,পরকাল খাওয়া,C,B,0,,0,0.211918756365776,,0.292563706636428,0.168640032410621,2,244,common,country,0,0,2,0.22487023472785903,0.292563706636428,0.211918756365776,0.270647287368774
6614,D-sem,পরকাল খাওয়া,D,B,0,,0,0.17528621852397902,,0.5290450453758241,0.269816756248474,3,203,common,country,0,0,2,0.160774156451225,0.5290450453758241,0.134894549846649,0.17528621852397902
6614,D-hard,পরকাল খাওয়া,C,A,0,A,1,0.010739951394498001,0.9698024392127991,0.9698024392127991,0.768373787403106,2,241,common,country,0,0,2,0.9698024392127991,0.011827851645648,0.010739951394498001,0.007629651110619
6630,D-rand,পরভাতারী,A,C,0,,0,0.20545203983783702,,0.416248172521591,0.29922786355018605,0,302,rare,country,0,0,1,0.20545203983783702,0.25791135430336,0.416248172521591,0.12038850784301701
6630,D-lit,পরভাতারী,C,D,0,A,0,0.272470235824584,0.209539040923118,0.34741136431694003,0.21162086725234902,2,259,rare,country,0,0,1,0.209539040923118,0.170579373836517,0.272470235824584,0.34741136431694003
6630,D-surf,পরভাতারী,B,C,0,,0,0.263144731521606,,0.34523209929466203,0.201523914933204,1,243,rare,country,0,0,1,0.22020854055881503,0.263144731521606,0.34523209929466203,0.17141464352607702
6630,D-sem,পরভাতারী,C,A,0,,0,0.24171997606754303,,0.29999795556068404,0.19881169497966703,2,315,rare,country,0,0,1,0.29999795556068404,0.28812083601951605,0.24171997606754303,0.17016120254993403
6630,D-hard,পরভাতারী,D,A,0,C,0,0.272049129009246,0.184193491935729,0.33624014258384705,0.19752582907676602,3,285,rare,country,0,0,1,0.33624014258384705,0.207517251372337,0.184193491935729,0.272049129009246
6637,D-rand,পরস্মৈপদী,A,A,1,,0,0.37448722124099704,,0.37448722124099704,0.28828728199005105,0,257,rare,country,1,0,1,0.37448722124099704,0.232803925871849,0.11573997884988702,0.276968926191329
6637,D-lit,পরস্মৈপদী,C,A,0,A,1,0.18655633926391602,0.513088762760162,0.513088762760162,0.47325736284255904,2,276,rare,country,1,0,1,0.513088762760162,0.131319969892501,0.18655633926391602,0.16903492808341902
6637,D-surf,পরস্মৈপদী,D,D,1,,0,0.38176026940345703,,0.38176026940345703,0.31176334619522,3,206,rare,country,1,0,1,0.214357987046241,0.230589881539344,0.173291817307472,0.38176026940345703
6637,D-sem,পরস্মৈপদী,A,A,1,,0,0.35367673635482705,,0.35367673635482705,0.243104264140129,0,259,rare,country,1,0,1,0.35367673635482705,0.266916513442993,0.182428464293479,0.19697830080986
6637,D-hard,পরস্মৈপদী,B,A,0,A,1,0.186979800462722,0.49074754118919306,0.49074754118919306,0.32933929562568603,1,233,rare,country,1,0,1,0.49074754118919306,0.186979800462722,0.206224471330642,0.116048224270343
6649,D-rand,পরের ঘাড়ে বন্দুক রেখে শিকার করা,A,A,1,,0,0.38651704788208,,0.38651704788208,0.21568804979324302,0,229,common,country,0,0,6,0.38651704788208,0.210777059197425,0.209165856242179,0.19354002177715302
6649,D-lit,পরের ঘাড়ে বন্দুক রেখে শিকার করা,D,B,0,B,1,0.085161983966827,0.77015483379364,0.77015483379364,0.641518115997314,3,288,common,country,0,0,6,0.075555242598056,0.77015483379364,0.06912802159786201,0.085161983966827
6649,D-surf,পরের ঘাড়ে বন্দুক রেখে শিকার করা,B,A,0,,0,0.32698529958724903,,0.37262272834777804,0.225385844707489,1,240,common,country,0,0,6,0.37262272834777804,0.32698529958724903,0.182859241962432,0.117532759904861
6649,D-sem,পরের ঘাড়ে বন্দুক রেখে শিকার করা,B,A,0,,0,0.252077966928482,,0.354644387960433,0.21521267294883703,1,247,common,country,0,0,6,0.354644387960433,0.252077966928482,0.21057420969009402,0.18270345032215102
6649,D-hard,পরের ঘাড়ে বন্দুক রেখে শিকার করা,D,C,0,C,1,0.082243092358112,0.8102592825889581,0.8102592825889581,0.637350976467132,3,257,common,country,0,0,6,0.063133634626865,0.044363994151353,0.8102592825889581,0.082243092358112
6670,D-rand,পাঁকে পড়া,A,A,1,,0,0.774540841579437,,0.774540841579437,0.6691735982894891,0,253,common,deep rural,0,0,2,0.774540841579437,0.083520695567131,0.070417135953903,0.071521282196044
6670,D-lit,পাঁকে পড়া,B,C,0,C,1,0.07116542011499401,0.920162379741668,0.920162379741668,0.795711457729339,1,227,common,deep rural,0,0,2,0.0016798569122320002,0.07116542011499401,0.920162379741668,0.006992399226874
6670,D-surf,পাঁকে পড়া,C,C,1,,0,0.44427680969238204,,0.44427680969238204,0.367856919765472,2,204,common,deep rural,0,0,2,0.040406972169876,0.38316372036933904,0.44427680969238204,0.13215246796607902
6670,D-sem,পাঁকে পড়া,B,B,1,,0,0.786584317684173,,0.786584317684173,0.620028257369995,1,185,common,deep rural,0,0,2,0.040642675012350006,0.786584317684173,0.070755302906036,0.102017670869827
6670,D-hard,পাঁকে পড়া,B,D,0,D,1,0.048596270382404,0.9058533906936641,0.9058533906936641,0.8503667116165161,1,184,common,deep rural,0,0,2,0.007150573655962,0.048596270382404,0.038399871438741004,0.9058533906936641
6676,D-rand,পাঁচজন,A,A,1,,0,0.6145725846290581,,0.6145725846290581,0.45226144790649403,0,164,common,country,0,0,1,0.6145725846290581,0.147314339876174,0.19745166599750502,0.040661431849002005
6676,D-lit,পাঁচজন,D,C,0,C,1,0.004373302217572,0.9939271807670591,0.9939271807670591,0.9056922793388361,3,177,common,country,0,0,1,0.0012706866255030001,0.00042895181104500005,0.9939271807670591,0.004373302217572
6676,D-surf,পাঁচজন,C,C,1,,0,0.5203703641891481,,0.5203703641891481,0.32695317268371504,2,240,common,country,0,0,1,0.08330762386322,0.349500924348831,0.5203703641891481,0.04682108759880001
6676,D-sem,পাঁচজন,C,C,1,,0,0.5406200885772701,,0.5406200885772701,0.260868489742279,2,199,common,country,0,0,1,0.27939441800117404,0.070626661181449,0.5406200885772701,0.10935889929533
6676,D-hard,পাঁচজন,A,B,0,B,1,0.00430269120261,0.983105838298797,0.983105838298797,0.923244595527648,0,164,common,country,0,0,1,0.00430269120261,0.983105838298797,0.011351330205798002,0.001240134355612
6695,D-rand,পাকদণ্ডী,B,A,0,,0,0.26424956321716303,,0.326475530862808,0.23381805419921803,1,225,common,deep rural,0,0,1,0.326475530862808,0.26424956321716303,0.183991104364395,0.22528380155563302
6695,D-lit,পাকদণ্ডী,A,D,0,D,1,0.068733923137187,0.8166976571083061,0.8166976571083061,0.7814704775810241,0,265,common,deep rural,0,0,1,0.068733923137187,0.05751089751720401,0.05705747753381701,0.8166976571083061
6695,D-surf,পাকদণ্ডী,A,C,0,,0,0.24059043824672702,,0.363871991634368,0.379169225692749,0,379,common,deep rural,0,0,1,0.24059043824672702,0.27637603878974903,0.363871991634368,0.11916153877973501
6695,D-sem,পাকদণ্ডী,C,C,1,,0,0.33818891644477805,,0.33818891644477805,0.22520387172698902,2,271,common,deep rural,0,0,1,0.30625125765800404,0.176924645900726,0.33818891644477805,0.17863517999649
6695,D-hard,পাকদণ্ডী,B,A,0,A,1,0.080106832087039,0.783141732215881,0.783141732215881,0.717863678932189,1,286,common,deep rural,0,0,1,0.783141732215881,0.080106832087039,0.07488396018743501,0.06186747923493301
6698,D-rand,পাকা,C,A,0,,0,0.262006819248199,,0.48575004935264504,0.375307440757751,2,159,very common,country,0,0,1,0.48575004935264504,0.10972911864519101,0.262006819248199,0.14251409471035
6698,D-lit,পাকা,B,C,0,C,1,0.050915319472551006,0.8145611882209771,0.8145611882209771,0.698499619960784,1,199,very common,country,0,0,1,0.022379577159881002,0.050915319472551006,0.8145611882209771,0.11214386671781501
6698,D-surf,পাকা,D,D,1,,0,0.34492388367652804,,0.34492388367652804,0.272900491952896,3,282,very common,country,0,0,1,0.26758289337158203,0.126253932714462,0.26123926043510404,0.34492388367652804
6698,D-sem,পাকা,B,D,0,,0,0.267934620380401,,0.285386472940444,0.31438970565795904,1,218,very common,country,0,0,1,0.267608642578125,0.267934620380401,0.179070219397544,0.285386472940444
6698,D-hard,পাকা,D,C,0,C,1,0.046092905104160004,0.8217247128486631,0.8217247128486631,0.7182506322860711,3,160,very common,country,0,0,1,0.059197414666414004,0.07298493385314901,0.8217247128486631,0.046092905104160004
6700,D-rand,পাকা কথা,B,B,1,,0,0.49714976549148504,,0.49714976549148504,0.37061566114425604,1,321,common,country,0,0,2,0.11620617657899801,0.49714976549148504,0.18675383925437902,0.19989022612571702
6700,D-lit,পাকা কথা,A,D,0,D,1,0.028173141181468003,0.952785670757293,0.952785670757293,0.8494359254837031,0,224,common,country,0,0,2,0.028173141181468003,0.004015145357698,0.015025997534394,0.952785670757293
6700,D-surf,পাকা কথা,C,A,0,,0,0.12199756503105101,,0.40269953012466403,0.270736038684844,2,210,common,country,0,0,2,0.40269953012466403,0.312187433242797,0.12199756503105101,0.163115486502647
6700,D-sem,পাকা কথা,A,A,1,,0,0.43580973148345903,,0.43580973148345903,0.33650118112564004,0,216,common,country,0,0,2,0.43580973148345903,0.055188164114952004,0.204778388142585,0.304223716259002
6700,D-hard,পাকা কথা,D,B,0,B,1,0.029401816427707003,0.9434701204299921,0.9434701204299921,0.7973585128784181,3,234,common,country,0,0,2,0.011981551535427001,0.9434701204299921,0.015146561898291002,0.029401816427707003
6706,D-rand,পাকা চাকরী,D,D,1,,0,0.9643222093582151,,0.9643222093582151,0.859385311603546,3,242,very common,city,0,0,2,0.009206493385136,0.016524752601981,0.009946631267666001,0.9643222093582151
6706,D-lit,পাকা চাকরী,C,A,0,A,1,0.233207508921623,0.758347153663635,0.758347153663635,0.7820168733596801,2,221,very common,city,0,0,2,0.758347153663635,0.004149423912167,0.233207508921623,0.004295955877751
6706,D-surf,পাকা চাকরী,A,A,1,,0,0.9671442508697511,,0.9671442508697511,0.862522482872009,0,163,very common,city,0,0,2,0.9671442508697511,0.018855029717087,0.006282174028456,0.0077185817062850005
6706,D-sem,পাকা চাকরী,B,B,1,,0,0.9701339006423951,,0.9701339006423951,0.8568820357322691,1,212,very common,city,0,0,2,0.011837182566523,0.9701339006423951,0.006716556847095,0.011312285438179
6706,D-hard,পাকা চাকরী,D,B,0,B,1,0.174258813261985,0.8230866193771361,0.8230866193771361,0.8204165101051331,3,226,very common,city,0,0,2,0.0010746230836950002,0.8230866193771361,0.0015799613902340002,0.174258813261985
6728,D-rand,পাকালেখা,D,D,1,,0,0.38604187965393005,,0.38604187965393005,0.29982006549835205,3,191,very common,country,0,0,1,0.214992716908454,0.21929036080837203,0.17967502772808,0.38604187965393005
6728,D-lit,পাকালেখা,A,C,0,C,1,0.07622330635786001,0.829708635807037,0.829708635807037,0.7333770990371701,0,184,very common,country,0,0,1,0.07622330635786001,0.035739287734031004,0.829708635807037,0.05832880362868301
6728,D-surf,পাকালেখা,A,A,1,,0,0.397189974784851,,0.397189974784851,0.277129799127578,0,274,very common,country,0,0,1,0.397189974784851,0.27260860800743103,0.225978925824165,0.10422241687774601
6728,D-sem,পাকালেখা,C,B,0,,0,0.257601052522659,,0.49839928746223405,0.341953635215759,2,192,very common,country,0,0,1,0.180339246988296,0.49839928746223405,0.257601052522659,0.063660413026809
6728,D-hard,পাকালেখা,C,B,0,B,1,0.06728200614452301,0.8298172950744621,0.8298172950744621,0.714330196380615,2,157,very common,country,0,0,1,0.040101949125528,0.8298172950744621,0.06728200614452301,0.062798820436
6737,D-rand,পাকচক্রে,A,D,0,,0,0.218756020069122,,0.310435444116592,0.203720659017562,0,252,rare,country,0,0,1,0.218756020069122,0.27077293395996,0.200035572052001,0.310435444116592
6737,D-lit,পাকচক্রে,A,B,0,B,1,0.004299954511225001,0.9876657724380491,0.9876657724380491,0.872727334499359,0,272,rare,country,0,0,1,0.004299954511225001,0.9876657724380491,0.002888243645429,0.005146008450537001
6737,D-surf,পাকচক্রে,D,A,0,,0,0.21033890545368103,,0.27706399559974604,0.194076970219612,3,192,rare,country,0,0,1,0.27706399559974604,0.27103391289711,0.24156318604946103,0.21033890545368103
6737,D-sem,পাকচক্রে,D,B,0,,0,0.150038287043571,,0.47229972481727606,0.287778109312057,3,241,rare,country,0,0,1,0.23993818461894903,0.47229972481727606,0.137723818421363,0.150038287043571
6737,D-hard,পাকচক্রে,A,B,0,B,1,0.00429865764454,0.9873142838478081,0.9873142838478081,0.906981527805328,0,255,rare,country,0,0,1,0.00429865764454,0.9873142838478081,0.0041485838592050005,0.004238471388816
6742,D-rand,পাকে পড়া,D,A,0,,0,0.38589391112327504,,0.561029076576232,0.355424314737319,3,178,common,country,0,0,2,0.561029076576232,0.029633313417434002,0.023443700745701002,0.38589391112327504
6742,D-lit,পাকে পড়া,B,A,0,A,1,0.017103146761655003,0.9781755805015561,0.9781755805015561,0.9119904041290281,1,192,common,country,0,0,2,0.9781755805015561,0.017103146761655003,0.003259577555581,0.0014617583947250001
6742,D-surf,পাকে পড়া,C,A,0,,0,0.309410512447357,,0.5386060476303101,0.378465086221694,2,240,common,country,0,0,2,0.5386060476303101,0.092119969427585,0.309410512447357,0.059863470494747
6742,D-sem,পাকে পড়া,D,D,1,,0,0.579267442226409,,0.579267442226409,0.45456790924072205,3,174,common,country,0,0,2,0.141580611467361,0.166530027985572,0.112621940672397,0.579267442226409
6742,D-hard,পাকে পড়া,B,C,0,C,1,0.014924574643373002,0.958645164966583,0.958645164966583,0.9171999692916871,1,224,common,country,0,0,2,0.005633880384266,0.014924574643373002,0.958645164966583,0.020796461030840003
6746,D-rand,পাখি পড়ানো,C,C,1,,0,0.489212781190872,,0.489212781190872,0.30930420756340005,2,269,common,country,0,0,2,0.17723453044891302,0.18368050456047003,0.489212781190872,0.149872228503227
6746,D-lit,পাখি পড়ানো,C,B,0,B,1,0.050243157893419,0.892075598239898,0.892075598239898,0.7151051163673401,2,223,common,country,0,0,2,0.031297527253627,0.892075598239898,0.050243157893419,0.026383677497506003
6746,D-surf,পাখি পড়ানো,A,A,1,,0,0.46740457415580705,,0.46740457415580705,0.23470517992973303,0,273,common,country,0,0,2,0.46740457415580705,0.10340619087219201,0.350383073091506,0.07880617678165401
6746,D-sem,পাখি পড়ানো,A,A,1,,0,0.35765835642814603,,0.35765835642814603,0.254571586847305,0,253,common,country,0,0,2,0.35765835642814603,0.15182657539844502,0.18118497729301403,0.309330105781555
6746,D-hard,পাখি পড়ানো,C,D,0,D,1,0.045562539249658,0.8693348765373231,0.8693348765373231,0.7165445685386651,2,196,common,country,0,0,2,0.029968373477458003,0.055134203284978006,0.045562539249658,0.8693348765373231
6753,D-rand,পা-গাড়ি,A,B,0,,0,0.16566288471221902,,0.323571890592575,0.309968024492263,0,245,rare,country,0,0,2,0.16566288471221902,0.323571890592575,0.24594980478286702,0.26481544971466003
6753,D-lit,পা-গাড়ি,B,D,0,D,1,0.035904437303543,0.855509936809539,0.855509936809539,0.513880014419555,1,167,rare,country,0,0,2,0.038377165794372003,0.035904437303543,0.070208467543125,0.855509936809539
6753,D-surf,পা-গাড়ি,B,A,0,,0,0.17793555557727803,,0.434191077947616,0.275230944156646,1,231,rare,country,0,0,2,0.434191077947616,0.17793555557727803,0.23283588886260903,0.155037447810173
6753,D-sem,পা-গাড়ি,D,A,0,,0,0.15546451508998801,,0.34702661633491505,0.17076602578163103,3,179,rare,country,0,0,2,0.34702661633491505,0.256484776735305,0.241024151444435,0.15546451508998801
6753,D-hard,পা-গাড়ি,D,B,0,B,1,0.030935632064938004,0.873839378356933,0.873839378356933,0.6389444470405571,3,190,rare,country,0,0,2,0.038711134344339,0.873839378356933,0.056513857096433,0.030935632064938004
6763,D-rand,পা ধরা,A,C,0,,0,0.15338009595870902,,0.6111907958984371,0.451380908489227,0,232,very common,country,0,0,2,0.15338009595870902,0.112648896872997,0.6111907958984371,0.12278021126985501
6763,D-lit,পা ধরা,A,C,0,C,1,0.013298622332513001,0.968189060688018,0.968189060688018,0.853112757205963,0,227,very common,country,0,0,2,0.013298622332513001,0.013199770823121001,0.968189060688018,0.005312584340572001
6763,D-surf,পা ধরা,B,A,0,,0,0.22166454792022702,,0.34126153588294905,0.241087198257446,1,258,very common,country,0,0,2,0.34126153588294905,0.22166454792022702,0.180144399404525,0.25692954659461903
6763,D-sem,পা ধরা,D,C,0,,0,0.19696757197380002,,0.35014787316322304,0.207972973585128,3,262,very common,country,0,0,2,0.16455875337123801,0.288325816392898,0.35014787316322304,0.19696757197380002
6763,D-hard,পা ধরা,B,C,0,C,1,0.012562990188598001,0.9563246369361871,0.9563246369361871,0.8600944876670831,1,175,very common,country,0,0,2,0.00908534694463,0.012562990188598001,0.9563246369361871,0.022027099505066
6775,D-rand,পাট উঠানো,D,A,0,,0,0.23799078166484802,,0.37012439966201705,0.242148503661155,3,189,common,deep rural,0,0,2,0.37012439966201705,0.12310688197612701,0.268777906894683,0.23799078166484802
6775,D-lit,পাট উঠানো,C,D,0,A,0,0.19423428177833502,0.267768323421478,0.279188156127929,0.234361633658409,2,231,common,deep rural,0,0,2,0.267768323421478,0.258809208869934,0.19423428177833502,0.279188156127929
6775,D-surf,পাট উঠানো,C,A,0,,0,0.10988735407590801,,0.422525018453598,0.27522855997085505,2,193,common,deep rural,0,0,2,0.422525018453598,0.24794287979602803,0.10988735407590801,0.21964477002620603
6775,D-sem,পাট উঠানো,C,A,0,,0,0.173893988132476,,0.301152348518371,0.20052160322666102,2,198,common,deep rural,0,0,2,0.301152348518371,0.270848393440246,0.173893988132476,0.25410529971122703
6775,D-hard,পাট উঠানো,D,B,0,A,0,0.112583696842193,0.17709444463253002,0.40251904726028404,0.27538263797760004,3,199,common,deep rural,0,0,2,0.17709444463253002,0.40251904726028404,0.30780279636383,0.112583696842193
6777,D-rand,পাটকিলে,B,A,0,,0,0.125835046172142,,0.5035632848739621,0.36216601729393005,1,178,common,country,0,0,1,0.5035632848739621,0.125835046172142,0.169159427285194,0.201442226767539
6777,D-lit,পাটকিলে,B,D,0,A,0,0.122401379048824,0.23447495698928802,0.424015015363693,0.26047515869140603,1,240,common,country,0,0,1,0.23447495698928802,0.122401379048824,0.21910867094993502,0.424015015363693
6777,D-surf,পাটকিলে,B,A,0,,0,0.11432834714651101,,0.40518674254417403,0.263173937797546,1,259,common,country,0,0,1,0.40518674254417403,0.11432834714651101,0.143759816884994,0.336725085973739
6777,D-sem,পাটকিলে,B,A,0,,0,0.116838566958904,,0.46762150526046703,0.241056054830551,1,216,common,country,0,0,1,0.46762150526046703,0.116838566958904,0.183341071009635,0.232198894023895
6777,D-hard,পাটকিলে,C,A,0,D,0,0.144154712557792,0.22237193584442103,0.39590796828269903,0.21037849783897403,2,186,common,country,0,0,1,0.39590796828269903,0.23756536841392503,0.144154712557792,0.22237193584442103
6812,D-rand,পাথরে মাথা কোটা,A,B,0,,0,0.23867590725421903,,0.36226460337638805,0.22180184721946702,0,207,common,country,0,0,3,0.23867590725421903,0.36226460337638805,0.22688077390193903,0.172178670763969
6812,D-lit,পাথরে মাথা কোটা,A,D,0,D,1,0.044385891407728,0.8952496051788331,0.8952496051788331,0.6976302266120911,0,175,common,country,0,0,3,0.044385891407728,0.028101876378059002,0.03226264566183,0.8952496051788331
6812,D-surf,পাথরে মাথা কোটা,C,D,0,,0,0.10974638164043402,,0.5677443146705621,0.385681986808776,2,183,common,country,0,0,3,0.17123347520828203,0.15127579867839802,0.10974638164043402,0.5677443146705621
6812,D-sem,পাথরে মাথা কোটা,D,A,0,,0,0.208751708269119,,0.299942821264266,0.20531627535820002,3,186,common,country,0,0,3,0.299942821264266,0.23213638365268702,0.259169071912765,0.208751708269119
6812,D-hard,পাথরে মাথা কোটা,C,B,0,B,1,0.039637625217437,0.8606349229812621,0.8606349229812621,0.7198848128318781,2,216,common,country,0,0,3,0.045698363333940006,0.8606349229812621,0.039637625217437,0.054029058665037
6869,D-rand,পালাবদল,A,A,1,,0,0.40496677160263,,0.40496677160263,0.22127883136272403,0,214,common,country,0,0,1,0.40496677160263,0.211610004305839,0.18536031246185303,0.198062971234321
6869,D-lit,পালাবদল,A,C,0,C,1,0.051207661628723006,0.8551233410835261,0.8551233410835261,0.7334078550338741,0,186,common,country,0,0,1,0.051207661628723006,0.049348406493663004,0.8551233410835261,0.044320613145828004
6869,D-surf,পালাবদল,A,B,0,,0,0.291011601686477,,0.39099979400634705,0.278724819421768,0,253,common,country,0,0,1,0.291011601686477,0.39099979400634705,0.174994468688964,0.142994150519371
6869,D-sem,পালাবদল,B,C,0,,0,0.28014752268791204,,0.292195677757263,0.18329776823520602,1,246,common,country,0,0,1,0.20740588009357402,0.28014752268791204,0.292195677757263,0.22025091946125003
6869,D-hard,পালাবদল,A,D,0,D,1,0.047458544373512004,0.8989072442054741,0.8989072442054741,0.682051122188568,0,205,common,country,0,0,1,0.047458544373512004,0.033842179924249004,0.019791997969150002,0.8989072442054741
6877,D-rand,পিঁপড়ের গর্তে লুকানো,B,C,0,,0,0.285810351371765,,0.37531775236129705,0.19933404028415602,1,267,common,deep rural,0,0,3,0.12079701572656601,0.285810351371765,0.37531775236129705,0.218074843287467
6877,D-lit,পিঁপড়ের গর্তে লুকানো,A,C,0,C,1,0.010723983868956,0.9644003510475151,0.9644003510475151,0.852585911750793,0,301,common,deep rural,0,0,3,0.010723983868956,0.01385498046875,0.9644003510475151,0.011020626872777
6877,D-surf,পিঁপড়ের গর্তে লুকানো,A,C,0,,0,0.254359573125839,,0.27289804816246,0.181991413235664,0,196,common,deep rural,0,0,3,0.254359573125839,0.26228231191635104,0.27289804816246,0.210460066795349
6877,D-sem,পিঁপড়ের গর্তে লুকানো,D,C,0,,0,0.15378603339195202,,0.43035945296287503,0.296461343765258,3,222,common,deep rural,0,0,3,0.130476951599121,0.285377651453018,0.43035945296287503,0.15378603339195202
6877,D-hard,পিঁপড়ের গর্তে লুকানো,B,D,0,D,1,0.009187942370772001,0.9634742736816401,0.9634742736816401,0.8590502142906181,1,182,common,deep rural,0,0,3,0.017325120046734,0.009187942370772001,0.010012720711529002,0.9634742736816401
6885,D-rand,পেছু লাগা,C,A,0,,0,0.266881465911865,,0.327564388513565,0.200746566057205,2,197,common,country,0,0,2,0.327564388513565,0.251094013452529,0.266881465911865,0.15446013212203902
6885,D-lit,পেছু লাগা,C,A,0,A,1,0.047177109867334005,0.8959974050521851,0.8959974050521851,0.750182330608367,2,194,common,country,0,0,2,0.8959974050521851,0.030984634533524003,0.047177109867334005,0.025840835645794
6885,D-surf,পেছু লাগা,C,B,0,,0,0.291927933692932,,0.37249359488487205,0.237684652209281,2,225,common,country,0,0,2,0.21518380939960402,0.37249359488487205,0.291927933692932,0.12039460986852601
6885,D-sem,পেছু লাগা,A,C,0,,0,0.22750101983547202,,0.45472428202629006,0.271413743495941,0,207,common,country,0,0,2,0.22750101983547202,0.189725652337074,0.45472428202629006,0.128049075603485
6885,D-hard,পেছু লাগা,C,B,0,B,1,0.043601404875516,0.872762560844421,0.872762560844421,0.735445737838745,2,196,common,country,0,0,2,0.032680161297321,0.872762560844421,0.043601404875516,0.050955846905708
6890,D-rand,পিটপিটে,A,B,0,,0,0.18997634947299902,,0.29522031545639005,0.25127515196800204,0,298,common,country,0,0,1,0.18997634947299902,0.29522031545639005,0.25426343083381603,0.26053994894027704
6890,D-lit,পিটপিটে,D,A,0,A,1,0.144497871398925,0.417381405830383,0.417381405830383,0.28842490911483704,3,234,common,country,0,0,1,0.417381405830383,0.20953515172004702,0.22858560085296603,0.144497871398925
6890,D-surf,পিটপিটে,C,B,0,,0,0.130698502063751,,0.408405542373657,0.31419277191162104,2,212,common,country,0,0,1,0.251498222351074,0.408405542373657,0.130698502063751,0.209397703409194
6890,D-sem,পিটপিটে,C,A,0,,0,0.19948171079158702,,0.293656736612319,0.19827581942081401,2,246,common,country,0,0,1,0.293656736612319,0.277584850788116,0.19948171079158702,0.22927668690681402
6890,D-hard,পিটপিটে,D,A,0,A,1,0.16463503241539001,0.47549748420715304,0.47549748420715304,0.359435737133026,3,255,common,country,0,0,1,0.47549748420715304,0.181250810623168,0.178616598248481,0.16463503241539001
6912,D-rand,পুঁটিমাছের প্রাণ,B,B,1,,0,0.68651133775711,,0.68651133775711,0.457893699407577,1,239,common,deep rural,0,0,2,0.13303406536579102,0.68651133775711,0.092399917542934,0.08805476129055001
6912,D-lit,পুঁটিমাছের প্রাণ,B,A,0,A,1,0.16630290448665602,0.7870606184005731,0.7870606184005731,0.5707074403762811,1,234,common,deep rural,0,0,2,0.7870606184005731,0.16630290448665602,0.015762565657496,0.030873829498887003
6912,D-surf,পুঁটিমাছের প্রাণ,B,D,0,,0,0.33109277486801103,,0.382463693618774,0.238546714186668,1,247,common,deep rural,0,0,2,0.10082004219293501,0.33109277486801103,0.18562346696853602,0.382463693618774
6912,D-sem,পুঁটিমাছের প্রাণ,A,A,1,,0,0.7213945984840391,,0.7213945984840391,0.45903149247169406,0,294,common,deep rural,0,0,2,0.7213945984840391,0.07663430273532801,0.08571308106184,0.116258032619953
6912,D-hard,পুঁটিমাছের প্রাণ,D,B,0,B,1,0.154586791992187,0.7629261016845701,0.7629261016845701,0.5908159613609311,3,241,common,deep rural,0,0,2,0.048464674502611,0.7629261016845701,0.034022387117147,0.154586791992187
6918,D-rand,পুতুলখেলা,A,A,1,,0,0.37573033571243203,,0.37573033571243203,0.27400523424148504,0,267,common,country,0,0,1,0.37573033571243203,0.34404057264328003,0.139744713902473,0.14048442244529702
6918,D-lit,পুতুলখেলা,A,D,0,D,1,0.034248005598783,0.928906917572021,0.928906917572021,0.79029780626297,0,278,common,country,0,0,1,0.034248005598783,0.018416760489344,0.018428334966301002,0.928906917572021
6918,D-surf,পুতুলখেলা,D,D,1,,0,0.35329160094261103,,0.35329160094261103,0.267675161361694,3,311,common,country,0,0,1,0.22846801578998502,0.23776803910732203,0.18047228455543501,0.35329160094261103
6918,D-sem,পুতুলখেলা,A,A,1,,0,0.31544265151023804,,0.31544265151023804,0.21650850772857602,0,223,common,country,0,0,1,0.31544265151023804,0.170999452471733,0.23340196907520203,0.28015592694282504
6918,D-hard,পুতুলখেলা,A,D,0,D,1,0.033557452261447004,0.910252451896667,0.910252451896667,0.775730967521667,0,248,common,country,0,0,1,0.033557452261447004,0.044286344200372,0.011903843842446001,0.910252451896667
6928,D-rand,পূজা-অর্চনা,B,B,1,,0,0.7194749116897581,,0.7194749116897581,0.486313581466674,1,197,common,country,0,1,2,0.122259236872196,0.7194749116897581,0.033641170710325005,0.124624647200107
6928,D-lit,পূজা-অর্চনা,B,C,0,C,1,0.06207723543047901,0.9252326488494871,0.9252326488494871,0.7831061482429501,1,212,common,country,0,1,2,0.008636355400085,0.06207723543047901,0.9252326488494871,0.004053804557770001
6928,D-surf,পূজা-অর্চনা,A,A,1,,0,0.44511571526527405,,0.44511571526527405,0.355544418096542,0,211,common,country,0,1,2,0.44511571526527405,0.282441705465316,0.24858959019184101,0.023853002116084
6928,D-sem,পূজা-অর্চনা,C,C,1,,0,0.6870434284210201,,0.6870434284210201,0.511507868766784,2,197,common,country,0,1,2,0.15252704918384502,0.08858083933591801,0.6870434284210201,0.071848712861537
6928,D-hard,পূজা-অর্চনা,D,C,0,C,1,0.06211680546402901,0.8936498761177061,0.8936498761177061,0.8199002742767331,3,226,common,country,0,1,2,0.011059745214879001,0.033173538744449005,0.8936498761177061,0.06211680546402901
6944,D-rand,পেট পাতলা,A,C,0,,0,0.246828109025955,,0.27282357215881303,0.19619412720203402,0,255,common,country,0,0,2,0.246828109025955,0.23008465766906702,0.27282357215881303,0.250263690948486
6944,D-lit,পেট পাতলা,B,D,0,D,1,0.027451291680336002,0.952896833419799,0.952896833419799,0.8323646187782281,1,184,common,country,0,0,2,0.009969220496714,0.027451291680336002,0.009682669304311001,0.952896833419799
6944,D-surf,পেট পাতলা,D,D,1,,0,0.37671327590942305,,0.37671327590942305,0.290388524532318,3,238,common,country,0,0,2,0.23580314218997903,0.21182601153850503,0.175657540559768,0.37671327590942305
6944,D-sem,পেট পাতলা,D,C,0,,0,0.09043195098638501,,0.716119050979614,0.646242439746856,3,255,common,country,0,0,2,0.12302573770284601,0.07042324542999201,0.716119050979614,0.09043195098638501
6944,D-hard,পেট পাতলা,D,C,0,C,1,0.025604141876101,0.9406997561454771,0.9406997561454771,0.8319598436355591,3,199,common,country,0,0,2,0.015302854590117002,0.018393263220787,0.9406997561454771,0.025604141876101
6952,D-rand,পেটে এক মুখে আরেক,D,D,1,,0,0.39214980602264404,,0.39214980602264404,0.24134165048599202,3,255,common,country,0,0,4,0.207001239061355,0.138818949460983,0.26202994585037204,0.39214980602264404
6952,D-lit,পেটে এক মুখে আরেক,D,C,0,C,1,0.057112853974103005,0.859915196895599,0.859915196895599,0.688462734222412,3,278,common,country,0,0,4,0.056757941842079,0.026213904842734,0.859915196895599,0.057112853974103005
6952,D-surf,পেটে এক মুখে আরেক,B,B,1,,0,0.398812979459762,,0.398812979459762,0.25631502270698503,1,185,common,country,0,0,4,0.165772810578346,0.398812979459762,0.23343101143836903,0.201983273029327
6952,D-sem,পেটে এক মুখে আরেক,D,D,1,,0,0.408915668725967,,0.408915668725967,0.28978675603866505,3,230,common,country,0,0,4,0.21005339920520702,0.16149309277534402,0.219537824392318,0.408915668725967
6952,D-hard,পেটে এক মুখে আরেক,C,B,0,B,1,0.046964947134256,0.9052711129188531,0.9052711129188531,0.758913815021514,2,230,common,country,0,0,4,0.024151189252734,0.9052711129188531,0.046964947134256,0.023612711578607
6954,D-rand,পেটে খিদে মুখে লাজ,B,C,0,,0,0.23017640411853701,,0.27580875158309903,0.15623842179775202,1,178,common,country,0,0,4,0.27455317974090504,0.23017640411853701,0.27580875158309903,0.21946163475513403
6954,D-lit,পেটে খিদে মুখে লাজ,D,C,0,C,1,0.033511184155941,0.867790937423706,0.867790937423706,0.6705527305603021,3,233,common,country,0,0,4,0.042739398777484006,0.055958464741706,0.867790937423706,0.033511184155941
6954,D-surf,পেটে খিদে মুখে লাজ,B,D,0,,0,0.13559119403362202,,0.5156919956207271,0.323395937681198,1,243,common,country,0,0,4,0.25716638565063404,0.13559119403362202,0.09155037999153101,0.5156919956207271
6954,D-sem,পেটে খিদে মুখে লাজ,C,A,0,,0,0.21455940604209903,,0.308051139116287,0.18603035807609503,2,233,common,country,0,0,4,0.308051139116287,0.23818857967853502,0.21455940604209903,0.23920094966888403
6954,D-hard,পেটে খিদে মুখে লাজ,B,D,0,D,1,0.033309474587440005,0.8104810714721681,0.8104810714721681,0.614950358867645,1,265,common,country,0,0,4,0.072707042098045,0.033309474587440005,0.08350243419408701,0.8104810714721681
6966,D-rand,পেটে বোমা মারলেও কিছু বের না হওয়া,B,B,1,,0,0.42626467347145003,,0.42626467347145003,0.283592790365219,1,228,common,country,0,0,7,0.27336019277572604,0.42626467347145003,0.21875797212123801,0.081617161631584
6966,D-lit,পেটে বোমা মারলেও কিছু বের না হওয়া,B,B,1,C,0,0.4226596057415,0.34372258186340304,0.4226596057415,0.272503823041915,1,312,common,country,0,0,7,0.13831348717212602,0.4226596057415,0.34372258186340304,0.09530439972877501
6966,D-surf,পেটে বোমা মারলেও কিছু বের না হওয়া,B,A,0,,0,0.34291979670524503,,0.42120841145515403,0.278954356908798,1,217,common,country,0,0,7,0.42120841145515403,0.34291979670524503,0.07822015136480301,0.15765169262886
6966,D-sem,পেটে বোমা মারলেও কিছু বের না হওয়া,A,A,1,,0,0.42420676350593506,,0.42420676350593506,0.275913655757904,0,236,common,country,0,0,7,0.42420676350593506,0.21865016222000103,0.22444668412208502,0.132696434855461
6966,D-hard,পেটে বোমা মারলেও কিছু বের না হওয়া,C,C,1,A,0,0.37029483914375305,0.29399284720420804,0.37029483914375305,0.296646058559417,2,334,common,country,0,0,7,0.29399284720420804,0.19088676571846003,0.37029483914375305,0.14482551813125602
6985,D-rand,পেশিশক্তি,A,A,1,,0,0.571201741695404,,0.571201741695404,0.410390049219131,0,235,common,country,0,0,1,0.571201741695404,0.11515922844409901,0.12632793188095,0.187311083078384
6985,D-lit,পেশিশক্তি,D,C,0,C,1,0.231688499450683,0.5939140915870661,0.5939140915870661,0.39356705546379,3,182,common,country,0,0,1,0.057167589664459006,0.117229759693145,0.5939140915870661,0.231688499450683
6985,D-surf,পেশিশক্তি,C,C,1,,0,0.41381004452705306,,0.41381004452705306,0.27944454550743103,2,194,common,country,0,0,1,0.19353437423706002,0.11679323762655201,0.41381004452705306,0.275862395763397
6985,D-sem,পেশিশক্তি,A,A,1,,0,0.45792588591575606,,0.45792588591575606,0.278897136449813,0,180,common,country,0,0,1,0.45792588591575606,0.360510736703872,0.11478371918201401,0.066779658198356
6985,D-hard,পেশিশক্তি,D,A,0,A,1,0.20900484919548,0.5081300735473631,0.5081300735473631,0.33753985166549605,3,217,common,country,0,0,1,0.5081300735473631,0.218649923801422,0.064215146005153,0.20900484919548
6996,D-rand,লোক না পোকা,C,A,0,,0,0.257455587387084,,0.269907265901565,0.17817346751689903,2,207,common,country,0,0,3,0.269907265901565,0.21313126385211903,0.257455587387084,0.259505838155746
6996,D-lit,লোক না পোকা,B,D,0,D,1,0.19069683551788302,0.629754126071929,0.629754126071929,0.405281543731689,1,192,common,country,0,0,3,0.088423557579517,0.19069683551788302,0.09112552553415201,0.629754126071929
6996,D-surf,লোক না পোকা,B,C,0,,0,0.171625047922134,,0.436284601688385,0.334658414125442,1,251,common,country,0,0,3,0.13700246810913,0.171625047922134,0.436284601688385,0.255087882280349
6996,D-sem,লোক না পোকা,C,A,0,,0,0.19575847685337003,,0.354629456996917,0.23442934453487302,2,302,common,country,0,0,3,0.354629456996917,0.23005604743957503,0.19575847685337003,0.21955603361129702
6996,D-hard,লোক না পোকা,D,B,0,B,1,0.161059975624084,0.5302991271018981,0.5302991271018981,0.34692171216011003,3,201,common,country,0,0,3,0.180195152759552,0.5302991271018981,0.12844568490982,0.161059975624084
6997,D-rand,পোকা পড়া,A,B,0,,0,0.206363156437873,,0.44223561882972706,0.331474810838699,0,141,common,deep rural,0,0,2,0.206363156437873,0.44223561882972706,0.259697794914245,0.091703437268733
6997,D-lit,পোকা পড়া,B,C,0,C,1,0.007774970028549001,0.9756798148155211,0.9756798148155211,0.8344014883041381,1,198,common,deep rural,0,0,2,0.004920575302094001,0.007774970028549001,0.9756798148155211,0.011624584905803
6997,D-surf,পোকা পড়া,A,D,0,,0,0.07452292740345001,,0.745641469955444,0.5827173590660091,0,287,common,deep rural,0,0,2,0.07452292740345001,0.151499569416046,0.028336092829704004,0.745641469955444
6997,D-sem,পোকা পড়া,C,B,0,,0,0.24970264732837602,,0.30630123615264804,0.21862313151359503,2,205,common,deep rural,0,0,2,0.208973035216331,0.30630123615264804,0.24970264732837602,0.23502311110496502
6997,D-hard,পোকা পড়া,C,B,0,B,1,0.004774867556989,0.989548325538635,0.989548325538635,0.8900115489959711,2,194,common,deep rural,0,0,2,0.002915913471952,0.989548325538635,0.004774867556989,0.0027609078679230003
6998,D-rand,পোকার মত পড়ে থাকা,C,B,0,,0,0.26109907031059204,,0.278297573328018,0.22764526307582802,2,289,common,country,0,0,4,0.27598455548286405,0.278297573328018,0.26109907031059204,0.184618845582008
6998,D-lit,পোকার মত পড়ে থাকা,C,B,0,B,1,0.015649581328034002,0.9639111161231991,0.9639111161231991,0.802750527858734,2,216,common,country,0,0,4,0.012500397861003001,0.9639111161231991,0.015649581328034002,0.007938888855278001
6998,D-surf,পোকার মত পড়ে থাকা,D,C,0,,0,0.320587188005447,,0.321225136518478,0.215755581855773,3,222,common,country,0,0,4,0.273356527090072,0.084831118583679,0.321225136518478,0.320587188005447
6998,D-sem,পোকার মত পড়ে থাকা,B,B,1,,0,0.430050492286682,,0.430050492286682,0.310543984174728,1,248,common,country,0,0,4,0.21342279016971502,0.430050492286682,0.150503516197204,0.206023171544075
6998,D-hard,পোকার মত পড়ে থাকা,A,B,0,B,1,0.014980916865170002,0.762586891651153,0.762586891651153,0.5862125754356381,0,233,common,country,0,0,4,0.014980916865170002,0.762586891651153,0.006676936987787,0.21575523912906602
7011,D-rand,প্যাঁচালো,B,D,0,,0,0.167559966444969,,0.39031460881233204,0.184577077627182,1,199,common,country,0,0,1,0.291592121124267,0.167559966444969,0.150533333420753,0.39031460881233204
7011,D-lit,প্যাঁচালো,A,C,0,C,1,0.22501443326473203,0.396442383527755,0.396442383527755,0.20312711596488903,0,185,common,country,0,0,1,0.22501443326473203,0.196999117732048,0.396442383527755,0.181544110178947
7011,D-surf,প্যাঁচালো,B,A,0,,0,0.260266333818435,,0.30339521169662403,0.134587883949279,1,184,common,country,0,0,1,0.30339521169662403,0.260266333818435,0.205828443169593,0.230510041117668
7011,D-sem,প্যাঁচালো,A,A,1,,0,0.31776857376098605,,0.31776857376098605,0.142574340105056,0,208,common,country,0,0,1,0.31776857376098605,0.295714914798736,0.17562606930732702,0.21089044213294902
7011,D-hard,প্যাঁচালো,A,B,0,B,1,0.16940526664257002,0.303708881139755,0.303708881139755,0.14927895367145502,0,263,common,country,0,0,1,0.16940526664257002,0.303708881139755,0.24191629886627103,0.28496959805488503
7015,D-rand,প্রজাপতির নির্বন্ধ,B,C,0,,0,0.244275704026222,,0.314677655696868,0.19946385920047702,1,248,rare,country,0,1,2,0.266280889511108,0.244275704026222,0.314677655696868,0.174765795469284
7015,D-lit,প্রজাপতির নির্বন্ধ,D,B,0,B,1,0.02761248126626,0.9306665658950801,0.9306665658950801,0.759179592132568,3,228,rare,country,0,1,2,0.024419516324996,0.9306665658950801,0.017301499843597003,0.02761248126626
7015,D-surf,প্রজাপতির নির্বন্ধ,D,A,0,,0,0.22459793090820301,,0.371210128068923,0.23310437798500003,3,214,rare,country,0,1,2,0.371210128068923,0.179349482059478,0.22484247386455503,0.22459793090820301
7015,D-sem,প্রজাপতির নির্বন্ধ,D,A,0,,0,0.29472252726554804,,0.300292402505874,0.19385980069637201,3,321,rare,country,0,1,2,0.300292402505874,0.22953742742538402,0.175447598099708,0.29472252726554804
7015,D-hard,প্রজাপতির নির্বন্ধ,C,D,0,D,1,0.021189579740166,0.963577926158905,0.963577926158905,0.796962559223175,2,271,rare,country,0,1,2,0.005820538382977,0.009411843493580001,0.021189579740166,0.963577926158905
7016,D-rand,প্রতিজ্ঞাবিবাহিতা,B,B,1,,0,0.44399091601371704,,0.44399091601371704,0.227916255593299,1,184,rare,country,0,0,1,0.119478300213813,0.44399091601371704,0.130992233753204,0.305538594722747
7016,D-lit,প্রতিজ্ঞাবিবাহিতা,C,A,0,A,1,0.049286477267742004,0.8699339628219601,0.8699339628219601,0.7024428844451901,2,240,rare,country,0,0,1,0.8699339628219601,0.053504988551139006,0.049286477267742004,0.027274612337350002
7016,D-surf,প্রতিজ্ঞাবিবাহিতা,C,C,1,,0,0.331172466278076,,0.331172466278076,0.204856574535369,2,179,rare,country,0,0,1,0.171363726258277,0.29666030406951904,0.331172466278076,0.200803533196449
7016,D-sem,প্রতিজ্ঞাবিবাহিতা,C,B,0,,0,0.252482920885086,,0.297507494688034,0.167966544628143,2,190,rare,country,0,0,1,0.265724241733551,0.297507494688034,0.252482920885086,0.18428531289100603
7016,D-hard,প্রতিজ্ঞাবিবাহিতা,B,A,0,A,1,0.056390147656202004,0.8699852228164671,0.8699852228164671,0.7194974422454831,1,224,rare,country,0,0,1,0.8699852228164671,0.056390147656202004,0.052070036530494,0.021554611623287003
7065,D-rand,ফরফর,C,D,0,,0,0.18885877728462203,,0.31229555606842,0.17045880854129702,2,174,common,country,0,0,1,0.214224770665168,0.284620881080627,0.18885877728462203,0.31229555606842
7065,D-lit,ফরফর,C,A,0,A,1,0.18589881062507602,0.36009785532951305,0.36009785532951305,0.225646659731864,2,248,common,country,0,0,1,0.36009785532951305,0.19333377480506803,0.18589881062507602,0.260669618844985
7065,D-surf,ফরফর,B,B,1,,0,0.33288496732711703,,0.33288496732711703,0.19012957811355502,1,184,common,country,0,0,1,0.24430786073207802,0.33288496732711703,0.21884644031524603,0.203960716724395
7065,D-sem,ফরফর,C,B,0,,0,0.16967868804931602,,0.498412549495697,0.287837535142898,2,216,common,country,0,0,1,0.09634030610322901,0.498412549495697,0.16967868804931602,0.235568463802337
7065,D-hard,ফরফর,D,A,0,A,1,0.16761718690395302,0.355572283267974,0.355572283267974,0.21413990855216902,3,244,common,country,0,0,1,0.355572283267974,0.262934863567352,0.21387562155723502,0.16761718690395302
7067,D-rand,ফরফরানি,D,D,1,,0,0.29531773924827504,,0.29531773924827504,0.190370440483093,3,235,common,deep rural,0,0,1,0.181082904338836,0.23394809663295701,0.28965121507644603,0.29531773924827504
7067,D-lit,ফরফরানি,D,A,0,A,1,0.082364529371261,0.7944788336753841,0.7944788336753841,0.48841786384582503,3,262,common,deep rural,0,0,1,0.7944788336753841,0.09195619821548401,0.031200410798192003,0.082364529371261
7067,D-surf,ফরফরানি,D,D,1,,0,0.306881666183471,,0.306881666183471,0.145502865314483,3,219,common,deep rural,0,0,1,0.17344206571578902,0.28995084762573203,0.22972542047500602,0.306881666183471
7067,D-sem,ফরফরানি,A,A,1,,0,0.288872241973876,,0.288872241973876,0.15086252987384702,0,247,common,deep rural,0,0,1,0.288872241973876,0.16858138144016202,0.274243116378784,0.268303304910659
7067,D-hard,ফরফরানি,D,C,0,C,1,0.083198472857475,0.7729001641273491,0.7729001641273491,0.457859069108963,3,257,common,deep rural,0,0,1,0.09159797430038401,0.052303344011306006,0.7729001641273491,0.083198472857475
7075,D-rand,ফলশ্রুতি,D,D,1,,0,0.334534555673599,,0.334534555673599,0.20449712872505102,3,304,rare,country,0,1,1,0.285306125879287,0.177877739071846,0.20228163897991103,0.334534555673599
7075,D-lit,ফলশ্রুতি,D,C,0,C,1,0.313402533531188,0.41295582056045504,0.41295582056045504,0.164973884820938,3,225,rare,country,0,1,1,0.24060903489589602,0.033032651990652,0.41295582056045504,0.313402533531188
7075,D-surf,ফলশ্রুতি,A,A,1,,0,0.42818123102188105,,0.42818123102188105,0.25503459572792003,0,263,rare,country,0,1,1,0.42818123102188105,0.09773987531661901,0.22591565549373602,0.248163178563117
7075,D-sem,ফলশ্রুতি,A,A,1,,0,0.425636827945709,,0.425636827945709,0.332246959209442,0,251,rare,country,0,1,1,0.425636827945709,0.15861813724040902,0.172658428549766,0.24308659136295302
7075,D-hard,ফলশ্রুতি,C,D,0,D,1,0.30803760886192305,0.465148657560348,0.465148657560348,0.19201236963272,2,198,rare,country,0,1,1,0.15828156471252403,0.06853219866752601,0.30803760886192305,0.465148657560348
7081,D-rand,ফল্গুধারা,A,A,1,,0,0.525687038898468,,0.525687038898468,0.36795228719711304,0,229,rare,country,0,0,1,0.525687038898468,0.211105704307556,0.136285811662673,0.12692141532897902
7081,D-lit,ফল্গুধারা,D,A,0,A,1,0.308623909950256,0.422235518693923,0.422235518693923,0.22111938893795002,3,214,rare,country,0,0,1,0.422235518693923,0.102006576955318,0.16713400185108102,0.308623909950256
7081,D-surf,ফল্গুধারা,B,B,1,,0,0.45086580514907804,,0.45086580514907804,0.243494734168052,1,287,rare,country,0,0,1,0.29991188645362804,0.45086580514907804,0.11220074445009201,0.13702155649662
7081,D-sem,ফল্গুধারা,D,D,1,,0,0.45985424518585205,,0.45985424518585205,0.30716258287429804,3,227,rare,country,0,0,1,0.20996610820293402,0.15204881131649,0.178130805492401,0.45985424518585205
7081,D-hard,ফল্গুধারা,B,C,0,C,1,0.349903285503387,0.38508197665214505,0.38508197665214505,0.180896297097206,1,207,rare,country,0,0,1,0.17145830392837502,0.349903285503387,0.38508197665214505,0.093556456267833
7087,D-rand,ফাঁক পাওয়া,B,B,1,,0,0.658418953418731,,0.658418953418731,0.42973086237907404,1,213,very common,country,0,0,2,0.072162181138992,0.658418953418731,0.094232276082038,0.175186544656753
7087,D-lit,ফাঁক পাওয়া,A,D,0,D,1,0.011130507104098,0.983133614063262,0.983133614063262,0.9113243818283081,0,243,very common,country,0,0,2,0.011130507104098,0.0030999740120020002,0.002635857323184,0.983133614063262
7087,D-surf,ফাঁক পাওয়া,A,A,1,,0,0.5060755610466,,0.5060755610466,0.34832084178924505,0,263,very common,country,0,0,2,0.5060755610466,0.118199333548545,0.23214949667453702,0.14357559382915402
7087,D-sem,ফাঁক পাওয়া,B,A,0,,0,0.390369653701782,,0.49871453642845104,0.40047243237495406,1,222,very common,country,0,0,2,0.49871453642845104,0.390369653701782,0.056686118245124005,0.05422973260283401
7087,D-hard,ফাঁক পাওয়া,C,D,0,D,1,0.011330339126288001,0.976897478103637,0.976897478103637,0.9115652441978451,2,278,very common,country,0,0,2,0.010784925892949,0.000987222418189,0.011330339126288001,0.976897478103637
7101,D-rand,ফাঁকে ফাঁকে,B,B,1,,0,0.46389147639274503,,0.46389147639274503,0.21820923686027502,1,237,common,country,0,0,2,0.21437485516071303,0.46389147639274503,0.19778819382190702,0.12394549697637501
7101,D-lit,ফাঁকে ফাঁকে,D,B,0,B,1,0.23656907677650402,0.558001458644866,0.558001458644866,0.335997849702835,3,224,common,country,0,0,2,0.11356464773416501,0.558001458644866,0.09186477959156,0.23656907677650402
7101,D-surf,ফাঁকে ফাঁকে,C,A,0,,0,0.212277978658676,,0.6102408766746521,0.41779339313507,2,241,common,country,0,0,2,0.6102408766746521,0.06440985202789301,0.212277978658676,0.11307123303413301
7101,D-sem,ফাঁকে ফাঁকে,C,C,1,,0,0.41355517506599404,,0.41355517506599404,0.24272800981998402,2,291,common,country,0,0,2,0.23707580566406203,0.15770104527473403,0.41355517506599404,0.19166795909404702
7101,D-hard,ফাঁকে ফাঁকে,A,D,0,C,0,0.15395475924015,0.330809950828552,0.444567114114761,0.30876600742340005,0,230,common,country,0,0,2,0.15395475924015,0.070668183267116,0.330809950828552,0.444567114114761
7113,D-rand,ফাঁস হওয়া,A,B,0,,0,0.09691795706748901,,0.807378351688385,0.669688403606414,0,277,very common,country,0,0,2,0.09691795706748901,0.807378351688385,0.055384248495101006,0.040319360792636004
7113,D-lit,ফাঁস হওয়া,A,D,0,D,1,0.024085624143481,0.9539309144020081,0.9539309144020081,0.8384352326393121,0,293,very common,country,0,0,2,0.024085624143481,0.019730251282453003,0.0022532904986290003,0.9539309144020081
7113,D-surf,ফাঁস হওয়া,A,A,1,,0,0.334172487258911,,0.334172487258911,0.21192343533039001,0,250,very common,country,0,0,2,0.334172487258911,0.19919686019420602,0.313610553741455,0.15302012860774902
7113,D-sem,ফাঁস হওয়া,D,D,1,,0,0.434513092041015,,0.434513092041015,0.260460495948791,3,194,very common,country,0,0,2,0.26379868388175903,0.121337130665779,0.180351138114929,0.434513092041015
7113,D-hard,ফাঁস হওয়া,A,C,0,C,1,0.019989410415291002,0.944426536560058,0.944426536560058,0.8539930582046501,0,225,very common,country,0,0,2,0.019989410415291002,0.025975964963436002,0.944426536560058,0.009608152322471001
7121,D-rand,ফাটাফাটি,C,D,0,,0,0.16151385009288702,,0.43375346064567505,0.294441580772399,2,248,common,country,0,0,1,0.26899093389511103,0.13574174046516402,0.16151385009288702,0.43375346064567505
7121,D-lit,ফাটাফাটি,C,D,0,D,1,0.016618235036730003,0.951032519340515,0.951032519340515,0.7987545132637021,2,201,common,country,0,0,1,0.016176704317331002,0.016172470524907,0.016618235036730003,0.951032519340515
7121,D-surf,ফাটাফাটি,A,C,0,,0,0.19889934360980902,,0.601362705230712,0.32379481196403503,0,201,common,country,0,0,1,0.19889934360980902,0.131849914789199,0.601362705230712,0.06788807362318
7121,D-sem,ফাটাফাটি,A,B,0,,0,0.224572390317916,,0.35228413343429504,0.20833605527877802,0,259,common,country,0,0,1,0.224572390317916,0.35228413343429504,0.21719564497470803,0.205947771668434
7121,D-hard,ফাটাফাটি,B,D,0,D,1,0.017290093004703,0.9288118481636041,0.9288118481636041,0.815245509147644,1,266,common,country,0,0,1,0.024033395573496003,0.017290093004703,0.029864709824323002,0.9288118481636041
7138,D-rand,ফিলহাল,B,B,1,,0,0.47093543410301203,,0.47093543410301203,0.21098282933235102,1,151,very common,country,0,0,1,0.284422487020492,0.47093543410301203,0.110908061265945,0.133734002709388
7138,D-lit,ফিলহাল,D,D,1,B,0,0.33250468969345004,0.33124092221260004,0.33250468969345004,0.14209260046482,3,246,very common,country,0,0,1,0.169966056942939,0.33124092221260004,0.16628833115100802,0.33250468969345004
7138,D-surf,ফিলহাল,B,B,1,,0,0.44338503479957503,,0.44338503479957503,0.263213962316513,1,188,very common,country,0,0,1,0.17865346372127502,0.44338503479957503,0.133436039090156,0.24452553689479803
7138,D-sem,ফিলহাল,A,A,1,,0,0.39448413252830505,,0.39448413252830505,0.146109521389007,0,145,very common,country,0,0,1,0.39448413252830505,0.22751003503799402,0.13930733501911102,0.238698527216911
7138,D-hard,ফিলহাল,B,B,1,A,0,0.39425146579742404,0.344881802797317,0.39425146579742404,0.187549158930778,1,165,very common,country,0,0,1,0.344881802797317,0.39425146579742404,0.156138136982917,0.104728609323501
7141,D-rand,ফুকো মস্তান,B,D,0,,0,0.150975942611694,,0.446745097637176,0.24978482723236,1,165,common,country,0,0,2,0.193749099969863,0.150975942611694,0.208529770374298,0.446745097637176
7141,D-lit,ফুকো মস্তান,A,C,0,C,1,0.033178523182868,0.9040261507034301,0.9040261507034301,0.687962293624877,0,199,common,country,0,0,2,0.033178523182868,0.035657998174428,0.9040261507034301,0.027137303724884
7141,D-surf,ফুকো মস্তান,C,D,0,,0,0.14531534910202,,0.33399707078933705,0.20359137654304502,2,221,common,country,0,0,2,0.199713751673698,0.320973813533782,0.14531534910202,0.33399707078933705
7141,D-sem,ফুকো মস্তান,B,D,0,,0,0.245323032140731,,0.35737082362174905,0.19934575259685502,1,181,common,country,0,0,2,0.23123666644096302,0.245323032140731,0.166069492697715,0.35737082362174905
7141,D-hard,ফুকো মস্তান,B,D,0,D,1,0.032071433961391005,0.9085480570793151,0.9085480570793151,0.719351887702941,1,217,common,country,0,0,2,0.028363969177007002,0.032071433961391005,0.031016485765576002,0.9085480570793151
7165,D-rand,ফুলানো,D,C,0,,0,0.260321587324142,,0.375296711921691,0.22226361930370303,3,220,common,country,0,0,1,0.152567654848098,0.211814045906066,0.375296711921691,0.260321587324142
7165,D-lit,ফুলানো,D,B,0,B,1,0.036454401910305,0.9181826710700981,0.9181826710700981,0.7719096541404721,3,258,common,country,0,0,1,0.025309965014457002,0.9181826710700981,0.020052915439009,0.036454401910305
7165,D-surf,ফুলানো,A,A,1,,0,0.349059969186782,,0.349059969186782,0.22262589633464802,0,258,common,country,0,0,1,0.349059969186782,0.33125317096710205,0.23601809144020003,0.083668805658817
7165,D-sem,ফুলানো,C,B,0,,0,0.31803649663925104,,0.35499683022499,0.23337483406066803,2,272,common,country,0,0,1,0.22327017784118602,0.35499683022499,0.31803649663925104,0.10369648784399
7165,D-hard,ফুলানো,B,D,0,D,1,0.037460830062627,0.8813345432281491,0.8813345432281491,0.825652182102203,1,360,common,country,0,0,1,0.042086236178874005,0.037460830062627,0.039118465036153,0.8813345432281491
7170,D-rand,ফুসফুস গুজগুজ করা,C,B,0,,0,0.21519264578819203,,0.368189871311187,0.186879932880401,2,222,common,country,0,0,3,0.299768090248107,0.368189871311187,0.21519264578819203,0.11684935539960802
7170,D-lit,ফুসফুস গুজগুজ করা,C,A,0,A,1,0.022938080132007002,0.9247533679008481,0.9247533679008481,0.7456479668617241,2,277,common,country,0,0,3,0.9247533679008481,0.020114053040742,0.022938080132007002,0.03219448775053
7170,D-surf,ফুসফুস গুজগুজ করা,C,D,0,,0,0.13931018114089902,,0.48687082529067904,0.291355431079864,2,263,common,country,0,0,3,0.175019696354866,0.19879928231239302,0.13931018114089902,0.48687082529067904
7170,D-sem,ফুসফুস গুজগুজ করা,B,A,0,,0,0.176611304283142,,0.34646639227867104,0.24179579317569702,1,270,common,country,0,0,3,0.34646639227867104,0.176611304283142,0.23714785277843403,0.239774405956268
7170,D-hard,ফুসফুস গুজগুজ করা,C,B,0,B,1,0.023604454472661,0.9285485744476311,0.9285485744476311,0.7261381745338441,2,293,common,country,0,0,3,0.031846210360527004,0.9285485744476311,0.023604454472661,0.016000773757696003
7179,D-rand,ফেকলু পার্টি,D,B,0,,0,0.17203187942504802,,0.405946940183639,0.19732409715652402,3,177,common,country,0,0,2,0.27524048089981,0.405946940183639,0.14678069949150002,0.17203187942504802
7179,D-lit,ফেকলু পার্টি,C,B,0,B,1,0.0032151590567080003,0.9877572059631341,0.9877572059631341,0.858613908290863,2,199,common,country,0,0,2,0.0035976991057390002,0.9877572059631341,0.0032151590567080003,0.005429932381957
7179,D-surf,ফেকলু পার্টি,D,C,0,,0,0.11624298244714701,,0.418144434690475,0.21555820107460003,3,206,common,country,0,0,2,0.26991519331932,0.195697367191314,0.418144434690475,0.11624298244714701
7179,D-sem,ফেকলু পার্টি,A,B,0,,0,0.17346666753292,,0.558429837226867,0.30503499507904,0,196,common,country,0,0,2,0.17346666753292,0.558429837226867,0.11445938050746901,0.153644159436225
7179,D-hard,ফেকলু পার্টি,B,D,0,D,1,0.0029141709674140003,0.9893776774406431,0.9893776774406431,0.8685839176177971,1,167,common,country,0,0,2,0.003071254352107,0.0029141709674140003,0.004636867903172,0.9893776774406431
7194,D-rand,ফোড়ন,B,A,0,,0,0.201537832617759,,0.34224665164947504,0.259060472249984,1,235,common,country,0,0,1,0.34224665164947504,0.201537832617759,0.21926049888134003,0.23695506155490803
7194,D-lit,ফোড়ন,B,C,0,A,0,0.14903418719768502,0.21847844123840302,0.50510436296463,0.28811666369438105,1,268,common,country,0,0,1,0.21847844123840302,0.14903418719768502,0.50510436296463,0.127383008599281
7194,D-surf,ফোড়ন,D,B,0,,0,0.22582343220710702,,0.33370313048362704,0.252622872591018,3,251,common,country,0,0,1,0.19869306683540303,0.33370313048362704,0.24178038537502203,0.22582343220710702
7194,D-sem,ফোড়ন,D,A,0,,0,0.216105252504348,,0.42696925997734003,0.280657529830932,3,294,common,country,0,0,1,0.42696925997734003,0.126015082001686,0.23091036081314,0.216105252504348
7194,D-hard,ফোড়ন,A,D,0,D,1,0.24770493805408403,0.304792433977127,0.304792433977127,0.19905725121498102,0,278,common,country,0,0,1,0.24770493805408403,0.198500663042068,0.24900192022323603,0.304792433977127
7200,D-rand,ফ্যাঁকড়া,C,D,0,,0,0.259905844926834,,0.316120237112045,0.276465535163879,2,250,common,country,0,0,1,0.186978116631507,0.236995846033096,0.259905844926834,0.316120237112045
7200,D-lit,ফ্যাঁকড়া,A,A,1,B,0,0.30874514579772905,0.207268834114074,0.30874514579772905,0.15313529968261702,0,183,common,country,0,0,1,0.30874514579772905,0.207268834114074,0.250306248664855,0.233679786324501
7200,D-surf,ফ্যাঁকড়া,B,D,0,,0,0.067986086010932,,0.826484441757202,0.673927247524261,1,210,common,country,0,0,1,0.048523698002099006,0.067986086010932,0.057005755603313,0.826484441757202
7200,D-sem,ফ্যাঁকড়া,B,A,0,,0,0.274797886610031,,0.282485753297805,0.20568455755710602,1,181,common,country,0,0,1,0.282485753297805,0.274797886610031,0.217145532369613,0.22557081282138802
7200,D-hard,ফ্যাঁকড়া,A,C,0,B,0,0.08574437350034701,0.057556584477424004,0.79033488035202,0.5785859823226921,0,215,common,country,0,0,1,0.08574437350034701,0.057556584477424004,0.79033488035202,0.066364236176013
7204,D-rand,ফ্যাকফ্যাক,A,B,0,,0,0.135029211640357,,0.337582439184188,0.21138583123683902,0,178,common,country,0,0,1,0.135029211640357,0.337582439184188,0.252886116504669,0.274502217769622
7204,D-lit,ফ্যাকফ্যাক,D,C,0,C,1,0.006091128569096001,0.9630330204963681,0.9630330204963681,0.8389538526535031,3,239,common,country,0,0,1,0.015505876392126002,0.015369914472103001,0.9630330204963681,0.006091128569096001
7204,D-surf,ফ্যাকফ্যাক,C,A,0,,0,0.13232927024364402,,0.408324629068374,0.199208751320838,2,236,common,country,0,0,1,0.408324629068374,0.286816537380218,0.13232927024364402,0.172529608011245
7204,D-sem,ফ্যাকফ্যাক,D,C,0,,0,0.09940758347511201,,0.34935867786407404,0.20645244419574701,3,257,common,country,0,0,1,0.230510085821151,0.32072365283966003,0.34935867786407404,0.09940758347511201
7204,D-hard,ফ্যাকফ্যাক,A,D,0,D,1,0.0059871221892530005,0.967300593852996,0.967300593852996,0.8103733658790581,0,227,common,country,0,0,1,0.0059871221892530005,0.010122036561369,0.016590230166912003,0.967300593852996
7214,D-rand,বউকাঁটকি,B,B,1,,0,0.6847019195556641,,0.6847019195556641,0.5117638707160951,1,295,common,country,0,0,1,0.138148680329322,0.6847019195556641,0.096037752926349,0.08111164718866301
7214,D-lit,বউকাঁটকি,D,B,0,B,1,0.17752295732498102,0.7660355567932121,0.7660355567932121,0.5933122038841241,3,294,common,country,0,0,1,0.022959893569350003,0.7660355567932121,0.033481582999229,0.17752295732498102
7214,D-surf,বউকাঁটকি,D,D,1,,0,0.746601283550262,,0.746601283550262,0.47750335931777904,3,227,common,country,0,0,1,0.09581138938665301,0.092975482344627,0.064611874520778,0.746601283550262
7214,D-sem,বউকাঁটকি,C,C,1,,0,0.7535790205001831,,0.7535790205001831,0.56152069568634,2,301,common,country,0,0,1,0.051602181047201004,0.114860780537128,0.7535790205001831,0.07995794713497101
7214,D-hard,বউকাঁটকি,B,D,0,D,1,0.17705836892127902,0.7481192350387571,0.7481192350387571,0.5742975473403931,1,321,common,country,0,0,1,0.05834798887372,0.17705836892127902,0.016474425792694,0.7481192350387571
7232,D-rand,বগলদাবা করা,B,B,1,,0,0.614546358585357,,0.614546358585357,0.455933541059494,1,356,common,country,0,0,2,0.12271683663129801,0.614546358585357,0.11297967284917801,0.14975719153881
7232,D-lit,বগলদাবা করা,B,D,0,D,1,0.082640565931797,0.856525361537933,0.856525361537933,0.701310276985168,1,213,common,country,0,0,2,0.036620166152715,0.082640565931797,0.024213947355747,0.856525361537933
7232,D-surf,বগলদাবা করা,A,A,1,,0,0.47780156135559004,,0.47780156135559004,0.30847418308258,0,232,common,country,0,0,2,0.47780156135559004,0.32582864165306,0.09414515644311901,0.10222470015287301
7232,D-sem,বগলদাবা করা,A,A,1,,0,0.39911860227584806,,0.39911860227584806,0.203502163290977,0,214,common,country,0,0,2,0.39911860227584806,0.196009963750839,0.06768977642059301,0.337181657552719
7232,D-hard,বগলদাবা করা,A,B,0,B,1,0.08290597796440101,0.8875938653945921,0.8875938653945921,0.717548072338104,0,201,common,country,0,0,2,0.08290597796440101,0.8875938653945921,0.01103223953396,0.018467847257852003
7254,D-rand,বড়ো ছেলে,D,A,0,,0,0.258558273315429,,0.306376725435256,0.209566786885261,3,157,common,country,0,0,2,0.306376725435256,0.19557429850101402,0.239490702748298,0.258558273315429
7254,D-lit,বড়ো ছেলে,A,C,0,C,1,0.007391871884465001,0.974161386489868,0.974161386489868,0.887026071548461,0,189,common,country,0,0,2,0.007391871884465001,0.010131559334695001,0.974161386489868,0.008315186016261
7254,D-surf,বড়ো ছেলে,D,C,0,,0,0.041375521570444,,0.8776029348373411,0.7335070967674251,3,156,common,country,0,0,2,0.047591544687747005,0.03343005105853,0.8776029348373411,0.041375521570444
7254,D-sem,বড়ো ছেলে,A,A,1,,0,0.31531473994255005,,0.31531473994255005,0.26324325799942,0,176,common,country,0,0,2,0.31531473994255005,0.219228968024253,0.264266401529312,0.20118987560272203
7254,D-hard,বড়ো ছেলে,A,D,0,D,1,0.0069450931623570005,0.9215559959411621,0.9215559959411621,0.846526324748992,0,193,common,country,0,0,2,0.0069450931623570005,0.008420730940997,0.06307819485664301,0.9215559959411621
7255,D-rand,বড়ো জোর,A,A,1,,0,0.39302936196327204,,0.39302936196327204,0.27246391773223805,0,237,very common,country,0,0,2,0.39302936196327204,0.144249469041824,0.07641814649105001,0.38630300760269104
7255,D-lit,বড়ো জোর,D,A,0,A,1,0.064398258924484,0.903902351856231,0.903902351856231,0.7755376100540161,3,287,very common,country,0,0,2,0.903902351856231,0.017898581922054003,0.013800745829939001,0.064398258924484
7255,D-surf,বড়ো জোর,D,D,1,,0,0.47812595963478005,,0.47812595963478005,0.36185669898986805,3,264,very common,country,0,0,2,0.278619974851608,0.065101489424705,0.178152576088905,0.47812595963478005
7255,D-sem,বড়ো জোর,B,B,1,,0,0.452054977416992,,0.452054977416992,0.281474083662033,1,289,very common,country,0,0,2,0.23553687334060602,0.452054977416992,0.09752836078405301,0.214879736304283
7255,D-hard,বড়ো জোর,B,A,0,A,1,0.05742906033992701,0.8853713870048521,0.8853713870048521,0.763945281505584,1,217,very common,country,0,0,2,0.8853713870048521,0.05742906033992701,0.031965773552656,0.025233810767531003
7266,D-rand,বড়ো মন,A,A,1,,0,0.551571667194366,,0.551571667194366,0.397840797901153,0,184,common,country,0,0,2,0.551571667194366,0.073269076645374,0.301750212907791,0.07340908795595101
7266,D-lit,বড়ো মন,D,B,0,B,1,0.09815575927495901,0.8580999374389641,0.8580999374389641,0.7532240748405451,3,178,common,country,0,0,2,0.010130769573152001,0.8580999374389641,0.033613644540309004,0.09815575927495901
7266,D-surf,বড়ো মন,B,B,1,,0,0.35806468129158003,,0.35806468129158003,0.289190173149108,1,194,common,country,0,0,2,0.040525201708078,0.35806468129158003,0.252120792865753,0.34928929805755604
7266,D-sem,বড়ো মন,B,B,1,,0,0.394017904996871,,0.394017904996871,0.291316360235214,1,188,common,country,0,0,2,0.106675833463668,0.394017904996871,0.34523156285285905,0.154074788093566
7266,D-hard,বড়ো মন,D,A,0,A,1,0.099706776440143,0.8489546179771421,0.8489546179771421,0.6901085972785951,3,196,common,country,0,0,2,0.8489546179771421,0.016720231622457,0.034618355333805,0.099706776440143
7268,D-rand,বড়ো মানুষ,B,B,1,,0,0.712604403495788,,0.712604403495788,0.5383609533309931,1,205,common,country,0,0,2,0.08079984039068201,0.712604403495788,0.131170555949211,0.075425177812576
7268,D-lit,বড়ো মানুষ,B,D,0,D,1,0.12939415872097002,0.8265193700790401,0.8265193700790401,0.7557100653648371,1,242,common,country,0,0,2,0.028103036805987,0.12939415872097002,0.015983501449227,0.8265193700790401
7268,D-surf,বড়ো মানুষ,D,D,1,,0,0.587892055511474,,0.587892055511474,0.45468863844871504,3,161,common,country,0,0,2,0.27582359313964805,0.08917341381311401,0.047110974788665,0.587892055511474
7268,D-sem,বড়ো মানুষ,A,A,1,,0,0.45495244860649103,,0.45495244860649103,0.30268460512161205,0,184,common,country,0,0,2,0.45495244860649103,0.050052821636199,0.307386815547943,0.187607899308204
7268,D-hard,বড়ো মানুষ,B,A,0,A,1,0.188826560974121,0.74573791027069,0.74573791027069,0.622500360012054,1,178,common,country,0,0,2,0.74573791027069,0.188826560974121,0.021910179406404003,0.043525353074073
7276,D-rand,বড়োলাট,C,A,0,,0,0.226707905530929,,0.27701821923255904,0.19693642854690502,2,230,common,country,1,0,1,0.27701821923255904,0.24124760925769803,0.226707905530929,0.25502625107765203
7276,D-lit,বড়োলাট,C,A,0,A,1,0.083548806607723,0.773575127124786,0.773575127124786,0.6189165711402891,2,237,common,country,1,0,1,0.773575127124786,0.078359305858612,0.083548806607723,0.06451674550771701
7276,D-surf,বড়োলাট,B,D,0,,0,0.24564377963542902,,0.31655243039131103,0.23015110194683003,1,198,common,country,1,0,1,0.19577892124652801,0.24564377963542902,0.24202486872673,0.31655243039131103
7276,D-sem,বড়োলাট,A,D,0,,0,0.252702176570892,,0.352731883525848,0.28384655714035,0,251,common,country,1,0,1,0.252702176570892,0.18204985558986603,0.21251608431339203,0.352731883525848
7276,D-hard,বড়োলাট,C,B,0,B,1,0.075052753090858,0.763093948364257,0.763093948364257,0.5709686279296871,2,240,common,country,1,0,1,0.07677359133958801,0.763093948364257,0.075052753090858,0.08507969230413401
7278,D-rand,বড়শি গাঁথা,B,A,0,,0,0.273496896028518,,0.5520198941230771,0.44396990537643405,1,223,common,deep rural,0,0,2,0.5520198941230771,0.273496896028518,0.08110362291336001,0.093379609286785
7278,D-lit,বড়শি গাঁথা,C,A,0,A,1,0.203658312559127,0.6384623646736141,0.6384623646736141,0.543128311634063,2,214,common,deep rural,0,0,2,0.6384623646736141,0.071643449366092,0.203658312559127,0.08623579889535901
7278,D-surf,বড়শি গাঁথা,D,D,1,,0,0.45037633180618203,,0.45037633180618203,0.341068595647811,3,224,common,deep rural,0,0,2,0.19006799161434101,0.154127597808837,0.205428048968315,0.45037633180618203
7278,D-sem,বড়শি গাঁথা,C,C,1,,0,0.42422893643379206,,0.42422893643379206,0.30773428082466103,2,246,common,deep rural,0,0,2,0.20677150785923,0.181210398674011,0.42422893643379206,0.18778908252716
7278,D-hard,বড়শি গাঁথা,C,A,0,A,1,0.198869839310646,0.623526334762573,0.623526334762573,0.565903425216674,2,243,common,deep rural,0,0,2,0.623526334762573,0.10653873533010401,0.198869839310646,0.07106512039899801
7281,D-rand,বড়হাজারি,D,A,0,,0,0.34896728396415705,,0.351571530103683,0.257918715476989,3,242,rare,city,1,0,1,0.351571530103683,0.18878182768821702,0.11067928373813601,0.34896728396415705
7281,D-lit,বড়হাজারি,B,C,0,C,1,0.03397873789072,0.9362324476242061,0.9362324476242061,0.8615975975990291,1,225,rare,city,1,0,1,0.020818369463086003,0.03397873789072,0.9362324476242061,0.008970482274889
7281,D-surf,বড়হাজারি,A,A,1,,0,0.386018067598342,,0.386018067598342,0.27074256539344704,0,262,rare,city,1,0,1,0.386018067598342,0.283080607652664,0.13468958437442702,0.19621172547340301
7281,D-sem,বড়হাজারি,A,A,1,,0,0.43969309329986506,,0.43969309329986506,0.32814171910285905,0,204,rare,city,1,0,1,0.43969309329986506,0.195003002882003,0.20214357972145003,0.16316032409667902
7281,D-hard,বড়হাজারি,D,A,0,A,1,0.030747577548027004,0.9290972352027891,0.9290972352027891,0.895074069499969,3,236,rare,city,1,0,1,0.9290972352027891,0.019503386691212002,0.020651724189519,0.030747577548027004
7284,D-rand,বড়ে টেপা,D,C,0,,0,0.18923334777355102,,0.30991467833518904,0.221678853034973,3,216,rare,deep rural,0,0,2,0.24857482314109802,0.252277135848999,0.30991467833518904,0.18923334777355102
7284,D-lit,বড়ে টেপা,D,A,0,A,1,0.0074342535808680004,0.9422277212142941,0.9422277212142941,0.8325811624526971,3,199,rare,deep rural,0,0,2,0.9422277212142941,0.016469240188598,0.033868733793497,0.0074342535808680004
7284,D-surf,বড়ে টেপা,C,D,0,,0,0.139330506324768,,0.360756307840347,0.22101317346096003,2,185,rare,deep rural,0,0,2,0.35896810889244,0.14094507694244301,0.139330506324768,0.360756307840347
7284,D-sem,বড়ে টেপা,C,A,0,,0,0.215857669711112,,0.32459506392478904,0.166458815336227,2,265,rare,deep rural,0,0,2,0.32459506392478904,0.289876669645309,0.215857669711112,0.169670566916465
7284,D-hard,বড়ে টেপা,A,C,0,C,1,0.009217518381774,0.9691688418388361,0.9691688418388361,0.8318036794662471,0,183,rare,deep rural,0,0,2,0.009217518381774,0.016659909859299,0.9691688418388361,0.004953680559992
7289,D-rand,বত্রিশ নাড়ি ছেঁড়া ধন,C,D,0,,0,0.26792487502098,,0.334752917289733,0.23641698062419803,2,292,common,country,0,0,4,0.106256954371929,0.291065216064453,0.26792487502098,0.334752917289733
7289,D-lit,বত্রিশ নাড়ি ছেঁড়া ধন,D,A,0,A,1,0.033788383007049005,0.9287566542625421,0.9287566542625421,0.730340600013732,3,203,common,country,0,0,4,0.9287566542625421,0.024268433451652003,0.013186597265303001,0.033788383007049005
7289,D-surf,বত্রিশ নাড়ি ছেঁড়া ধন,A,B,0,,0,0.21734790503978701,,0.414184272289276,0.29232120513916005,0,233,common,country,0,0,4,0.21734790503978701,0.414184272289276,0.21834112703800201,0.15012677013874
7289,D-sem,বত্রিশ নাড়ি ছেঁড়া ধন,C,A,0,,0,0.22770071029663003,,0.384199529886245,0.30279186367988503,2,237,common,country,0,0,4,0.384199529886245,0.192179292440414,0.22770071029663003,0.195920437574386
7289,D-hard,বত্রিশ নাড়ি ছেঁড়া ধন,C,B,0,B,1,0.027232060208916,0.9336100816726681,0.9336100816726681,0.757608771324157,2,234,common,country,0,0,4,0.027613006532192,0.9336100816726681,0.027232060208916,0.011544818058609001
7291,D-rand,বদলাবদলি,C,C,1,,0,0.621695339679718,,0.621695339679718,0.38219296932220403,2,174,common,country,0,0,1,0.11073765158653201,0.09880663454532601,0.621695339679718,0.16876038908958402
7291,D-lit,বদলাবদলি,A,B,0,B,1,0.178842484951019,0.71250182390213,0.71250182390213,0.527442336082458,0,224,common,country,0,0,1,0.178842484951019,0.71250182390213,0.065998457372188,0.042657192796468006
7291,D-surf,বদলাবদলি,C,C,1,,0,0.49489566683769204,,0.49489566683769204,0.376793026924133,2,214,common,country,0,0,1,0.126382872462272,0.16938662528991702,0.49489566683769204,0.20933488011360102
7291,D-sem,বদলাবদলি,B,B,1,,0,0.541548490524292,,0.541548490524292,0.37125208973884505,1,223,common,country,0,0,1,0.07774784415960301,0.541548490524292,0.127205535769462,0.253498196601867
7291,D-hard,বদলাবদলি,D,B,0,B,1,0.19497197866439803,0.708819687366485,0.708819687366485,0.556657373905181,3,236,common,country,0,0,1,0.052732568234205,0.708819687366485,0.043475802987813006,0.19497197866439803
7321,D-rand,বরাঙ্গনা,C,B,0,,0,0.257917881011962,,0.283997416496276,0.204324752092361,2,194,rare,country,1,0,1,0.18981671333312902,0.283997416496276,0.257917881011962,0.26826801896095204
7321,D-lit,বরাঙ্গনা,C,D,0,D,1,0.144561141729354,0.539616703987121,0.539616703987121,0.465865492820739,2,285,rare,country,1,0,1,0.18350723385810802,0.13231486082077,0.144561141729354,0.539616703987121
7321,D-surf,বরাঙ্গনা,D,B,0,,0,0.31562721729278503,,0.33688414096832203,0.263832777738571,3,157,rare,country,1,0,1,0.103134118020534,0.33688414096832203,0.24435450136661502,0.31562721729278503
7321,D-sem,বরাঙ্গনা,A,A,1,,0,0.33236077427864,,0.33236077427864,0.26290100812911904,0,195,rare,country,1,0,1,0.33236077427864,0.18478465080261203,0.27718725800514205,0.20566731691360401
7321,D-hard,বরাঙ্গনা,B,A,0,A,1,0.193321600556373,0.45299556851387,0.45299556851387,0.3224778175354,1,220,rare,country,1,0,1,0.45299556851387,0.193321600556373,0.11656610667705501,0.23711672425270003
7323,D-rand,বরাহতনয়,D,B,0,,0,0.134985506534576,,0.336708754301071,0.21890272200107502,3,222,rare,country,0,0,1,0.25151386857032704,0.336708754301071,0.276791810989379,0.134985506534576
7323,D-lit,বরাহতনয়,B,C,0,C,1,0.012758485972881001,0.9346022009849541,0.9346022009849541,0.733832836151123,1,236,rare,country,0,0,1,0.030596146360039003,0.012758485972881001,0.9346022009849541,0.022043127566576
7323,D-surf,বরাহতনয়,B,C,0,,0,0.13726681470870902,,0.42004409432411105,0.309277534484863,1,176,rare,country,0,0,1,0.15774831175804102,0.13726681470870902,0.42004409432411105,0.284940809011459
7323,D-sem,বরাহতনয়,B,A,0,,0,0.17531748116016302,,0.45301675796508706,0.29983830451965304,1,227,rare,country,0,0,1,0.45301675796508706,0.17531748116016302,0.18388189375400502,0.18778388202190402
7323,D-hard,বরাহতনয়,B,A,0,A,1,0.013485583476722001,0.956592142581939,0.956592142581939,0.77798980474472,1,233,rare,country,0,0,1,0.956592142581939,0.013485583476722001,0.011791198514401,0.018131118267774003
7343,D-rand,বলভরসা,D,D,1,,0,0.33554121851921004,,0.33554121851921004,0.209252670407295,3,196,common,country,0,0,1,0.330834120512008,0.17757867276668501,0.156045958399772,0.33554121851921004
7343,D-lit,বলভরসা,D,C,0,C,1,0.05397692322731001,0.874222099781036,0.874222099781036,0.6944590210914611,3,216,common,country,0,0,1,0.04214721173048001,0.029653716832399004,0.874222099781036,0.05397692322731001
7343,D-surf,বলভরসা,B,B,1,,0,0.373013526201248,,0.373013526201248,0.21235679090023002,1,241,common,country,0,0,1,0.319149672985076,0.373013526201248,0.2046819627285,0.103154845535755
7343,D-sem,বলভরসা,B,B,1,,0,0.40050444006919805,,0.40050444006919805,0.231478378176689,1,214,common,country,0,0,1,0.27097064256668,0.40050444006919805,0.12470702826976701,0.20381787419319103
7343,D-hard,বলভরসা,C,A,0,A,1,0.058445796370506,0.8705782294273371,0.8705782294273371,0.678358256816864,2,255,common,country,0,0,1,0.8705782294273371,0.025494333356618003,0.058445796370506,0.045481570065021
7359,D-rand,বশংবদ,C,C,1,,0,0.38223740458488403,,0.38223740458488403,0.222346007823944,2,205,common,country,0,0,1,0.17256876826286302,0.167094096541404,0.38223740458488403,0.278099745512008
7359,D-lit,বশংবদ,B,D,0,D,1,0.215949699282646,0.40770408511161804,0.40770408511161804,0.26533561944961503,1,242,common,country,0,0,1,0.208597868680953,0.215949699282646,0.16774828732013702,0.40770408511161804
7359,D-surf,বশংবদ,D,D,1,,0,0.319901704788208,,0.319901704788208,0.19446867704391402,3,223,common,country,0,0,1,0.28234350681304904,0.23969335854053403,0.158061444759368,0.319901704788208
7359,D-sem,বশংবদ,A,B,0,,0,0.21751901507377602,,0.345534831285476,0.188421547412872,0,169,common,country,0,0,1,0.21751901507377602,0.345534831285476,0.11902375519275601,0.317922413349151
7359,D-hard,বশংবদ,B,C,0,C,1,0.253293246030807,0.400047600269317,0.400047600269317,0.22514989972114502,1,209,common,country,0,0,1,0.211467251181602,0.253293246030807,0.400047600269317,0.135191857814788
7361,D-rand,বসন্তের সখা,B,A,0,,0,0.17571271955966902,,0.44905826449394204,0.18082231283187802,1,181,common,deep rural,0,0,2,0.44905826449394204,0.17571271955966902,0.127111166715621,0.24811778962612102
7361,D-lit,বসন্তের সখা,C,A,0,A,1,0.069627225399017,0.785269379615783,0.785269379615783,0.557990789413452,2,136,common,deep rural,0,0,2,0.785269379615783,0.06182026863098101,0.069627225399017,0.083283148705959
7361,D-surf,বসন্তের সখা,B,D,0,,0,0.18376873433589902,,0.44173631072044306,0.27490222454071,1,167,common,deep rural,0,0,2,0.225497737526893,0.18376873433589902,0.148997217416763,0.44173631072044306
7361,D-sem,বসন্তের সখা,B,C,0,,0,0.14632648229599,,0.37270316481590204,0.18638567626476202,1,162,common,deep rural,0,0,2,0.269159525632858,0.14632648229599,0.37270316481590204,0.21181082725524902
7361,D-hard,বসন্তের সখা,B,C,0,C,1,0.060417041182518005,0.6984199285507201,0.6984199285507201,0.474493891000747,1,156,common,deep rural,0,0,2,0.16487294435501101,0.060417041182518005,0.6984199285507201,0.07629008591175
7373,D-rand,বসুধারা,D,C,0,,0,0.181042522192001,,0.37837955355644204,0.26565170288085904,3,232,rare,country,0,1,1,0.261685252189636,0.17889268696308103,0.37837955355644204,0.181042522192001
7373,D-lit,বসুধারা,B,D,0,D,1,0.015579904429614001,0.9289647936820981,0.9289647936820981,0.81812846660614,1,265,rare,country,0,1,1,0.045958418399095,0.015579904429614001,0.009496948681771,0.9289647936820981
7373,D-surf,বসুধারা,C,D,0,,0,0.18195414543151803,,0.34710741043090804,0.213246345520019,2,365,rare,country,0,1,1,0.25333535671234103,0.21760313212871502,0.18195414543151803,0.34710741043090804
7373,D-sem,বসুধারা,C,A,0,,0,0.207051023840904,,0.28938767313957203,0.26509428024291903,2,394,rare,country,0,1,1,0.28938767313957203,0.257692635059356,0.207051023840904,0.245868697762489
7373,D-hard,বসুধারা,C,B,0,B,1,0.015950055792927,0.9569344520568841,0.9569344520568841,0.840397477149963,2,348,rare,country,0,1,1,0.008182818070054,0.9569344520568841,0.015950055792927,0.018932599574327
7396,D-rand,বহুরূপী,A,A,1,,0,0.467952013015747,,0.467952013015747,0.41175284981727606,0,263,common,country,0,0,1,0.467952013015747,0.16742934286594302,0.124319486320018,0.24029912054538702
7396,D-lit,বহুরূপী,D,C,0,C,1,0.059013936668634005,0.884073913097381,0.884073913097381,0.8036422133445741,3,306,common,country,0,0,1,0.029672548174858003,0.027239587157964002,0.884073913097381,0.059013936668634005
7396,D-surf,বহুরূপী,B,D,0,,0,0.261547595262527,,0.523636519908905,0.43510714173316906,1,217,common,country,0,0,1,0.10321614146232601,0.261547595262527,0.11159975826740201,0.523636519908905
7396,D-sem,বহুরূপী,D,D,1,,0,0.328177094459533,,0.328177094459533,0.29240441322326605,3,262,common,country,0,0,1,0.233650743961334,0.21021617949008903,0.22795601189136502,0.328177094459533
7396,D-hard,বহুরূপী,C,A,0,A,1,0.06388242542743601,0.8746681213378901,0.8746681213378901,0.797545075416564,2,233,common,country,0,0,1,0.8746681213378901,0.044852606952190004,0.06388242542743601,0.016596859320998
7415,D-rand,বাঁটুল,D,B,0,,0,0.19373531639575903,,0.41756236553192105,0.241239950060844,3,334,common,country,0,0,1,0.287644922733306,0.41756236553192105,0.10105741769075301,0.19373531639575903
7415,D-lit,বাঁটুল,C,B,0,A,0,0.22067016363143901,0.226394400000572,0.28095471858978205,0.182764798402786,2,163,common,country,0,0,1,0.226394400000572,0.28095471858978205,0.22067016363143901,0.271980732679367
7415,D-surf,বাঁটুল,C,D,0,,0,0.21110485494136802,,0.41742217540740906,0.250184386968612,2,252,common,country,0,0,1,0.188244834542274,0.18322816491127,0.21110485494136802,0.41742217540740906
7415,D-sem,বাঁটুল,A,C,0,,0,0.22292260825634003,,0.33792233467102,0.244146615266799,0,214,common,country,0,0,1,0.22292260825634003,0.271445274353027,0.33792233467102,0.167709782719612
7415,D-hard,বাঁটুল,A,A,1,D,0,0.35403203964233404,0.240788325667381,0.35403203964233404,0.17074461281299502,0,216,common,country,0,0,1,0.35403203964233404,0.20978629589080802,0.19539329409599301,0.240788325667381
7446,D-rand,বাকসিদ্ধ,D,A,0,,0,0.192300766706466,,0.34359627962112405,0.287325143814086,3,188,common,country,0,0,1,0.34359627962112405,0.21323010325431802,0.25087282061576804,0.192300766706466
7446,D-lit,বাকসিদ্ধ,D,C,0,C,1,0.038950249552726,0.8793281912803651,0.8793281912803651,0.758255720138549,3,197,common,country,0,0,1,0.031385406851768,0.050336170941591006,0.8793281912803651,0.038950249552726
7446,D-surf,বাকসিদ্ধ,C,D,0,,0,0.12744097411632502,,0.416219055652618,0.274033516645431,2,200,common,country,0,0,1,0.11953053623437801,0.336809426546096,0.12744097411632502,0.416219055652618
7446,D-sem,বাকসিদ্ধ,B,A,0,,0,0.14853149652481,,0.5605371594429011,0.47754058241844105,1,258,common,country,0,0,1,0.5605371594429011,0.14853149652481,0.15845863521099002,0.13247273862361902
7446,D-hard,বাকসিদ্ধ,A,D,0,D,1,0.040036056190729,0.8698014616966241,0.8698014616966241,0.752327442169189,0,228,common,country,0,0,1,0.040036056190729,0.045583974570035005,0.044578488916158,0.8698014616966241
7469,D-rand,বাঘে ছুঁলে আঠারো ঘা,C,C,1,,0,0.41824272274971,,0.41824272274971,0.324529081583023,2,459,common,deep rural,0,0,4,0.152046173810958,0.150477334856987,0.41824272274971,0.27923375368118203
7469,D-lit,বাঘে ছুঁলে আঠারো ঘা,A,C,0,C,1,0.12200802564620901,0.7974829673767091,0.7974829673767091,0.714960217475891,0,358,common,deep rural,0,0,4,0.12200802564620901,0.031572677195072,0.7974829673767091,0.048936314880847
7469,D-surf,বাঘে ছুঁলে আঠারো ঘা,B,A,0,,0,0.32358241081237704,,0.471267133951187,0.352577298879623,1,355,common,deep rural,0,0,4,0.471267133951187,0.32358241081237704,0.110532514750957,0.094617925584316
7469,D-sem,বাঘে ছুঁলে আঠারো ঘা,D,D,1,,0,0.534084558486938,,0.534084558486938,0.382949411869049,3,358,common,deep rural,0,0,4,0.20433333516120902,0.088368013501167,0.173214077949523,0.534084558486938
7469,D-hard,বাঘে ছুঁলে আঠারো ঘা,B,D,0,D,1,0.11871147900819701,0.732906341552734,0.732906341552734,0.6622157096862791,1,381,common,deep rural,0,0,4,0.020314836874604003,0.11871147900819701,0.12806729972362502,0.732906341552734
7475,D-rand,বাঘের চক্ষুলজ্জা,A,A,1,,0,0.498849421739578,,0.498849421739578,0.27381658554077104,0,227,common,country,0,0,2,0.498849421739578,0.147298634052276,0.217602536082267,0.13624943792819902
7475,D-lit,বাঘের চক্ষুলজ্জা,D,A,0,A,1,0.29397484660148604,0.44632852077484103,0.44632852077484103,0.19870859384536702,3,165,common,country,0,0,2,0.44632852077484103,0.120779782533645,0.13891680538654302,0.29397484660148604
7475,D-surf,বাঘের চক্ষুলজ্জা,B,B,1,,0,0.5292668342590331,,0.5292668342590331,0.313727140426635,1,204,common,country,0,0,2,0.105964966118335,0.5292668342590331,0.22484385967254603,0.139924362301826
7475,D-sem,বাঘের চক্ষুলজ্জা,D,D,1,,0,0.46410182118415805,,0.46410182118415805,0.224531471729278,3,201,common,country,0,0,2,0.182015746831893,0.250241070985794,0.10364134609699201,0.46410182118415805
7475,D-hard,বাঘের চক্ষুলজ্জা,C,A,0,A,1,0.32978042960166903,0.407420247793197,0.407420247793197,0.187697544693946,2,171,common,country,0,0,2,0.407420247793197,0.19647946953773401,0.32978042960166903,0.066319830715656
7485,D-rand,বাংলা করে বলা,C,C,1,,0,0.5161525607109071,,0.5161525607109071,0.330187737941741,2,217,very common,country,0,0,3,0.28004357218742304,0.16765627264976501,0.5161525607109071,0.036147598177194006
7485,D-lit,বাংলা করে বলা,D,B,0,B,1,0.055942110717296004,0.934935510158538,0.934935510158538,0.8161852955818171,3,199,very common,country,0,0,3,0.005889319814741001,0.934935510158538,0.0032330369576810004,0.055942110717296004
7485,D-surf,বাংলা করে বলা,C,C,1,,0,0.566660284996032,,0.566660284996032,0.359962701797485,2,213,very common,country,0,0,3,0.142103016376495,0.20008036494255002,0.566660284996032,0.09115631878376
7485,D-sem,বাংলা করে বলা,A,A,1,,0,0.548436999320983,,0.548436999320983,0.416650831699371,0,250,very common,country,0,0,3,0.548436999320983,0.14050172269344302,0.16130837798118502,0.14975285530090302
7485,D-hard,বাংলা করে বলা,A,D,0,D,1,0.08656640350818601,0.876754939556121,0.876754939556121,0.7458386421203611,0,185,very common,country,0,0,3,0.08656640350818601,0.012733455747365001,0.023945203050971003,0.876754939556121
7489,D-rand,বাচস্পতি,B,B,1,,0,0.545802891254425,,0.545802891254425,0.44971993565559304,1,253,common,country,1,1,1,0.13433991372585202,0.545802891254425,0.184411227703094,0.135445997118949
7489,D-lit,বাচস্পতি,D,C,0,C,1,0.176564797759056,0.7326976060867311,0.7326976060867311,0.620086669921875,3,255,common,country,1,1,1,0.025545198470354,0.065192401409149,0.7326976060867311,0.176564797759056
7489,D-surf,বাচস্পতি,A,A,1,,0,0.63899165391922,,0.63899165391922,0.400450021028518,0,222,common,country,1,1,1,0.63899165391922,0.19629319012165,0.072236515581607,0.092478573322296
7489,D-sem,বাচস্পতি,C,C,1,,0,0.39437794685363703,,0.39437794685363703,0.33989819884300204,2,311,common,country,1,1,1,0.33445781469345004,0.17885342240333502,0.39437794685363703,0.09231089800596201
7489,D-hard,বাচস্পতি,A,C,0,C,1,0.159611642360687,0.713602423667907,0.713602423667907,0.571166634559631,0,274,common,country,1,1,1,0.159611642360687,0.09044524282217001,0.713602423667907,0.036340698599815
7497,D-rand,বাজখাঁই গলা,C,D,0,,0,0.274624377489089,,0.287664949893951,0.20074006915092402,2,212,common,country,0,0,2,0.18274065852165203,0.254970014095306,0.274624377489089,0.287664949893951
7497,D-lit,বাজখাঁই গলা,D,A,0,A,1,0.11906290799379302,0.657839119434356,0.657839119434356,0.48235118389129605,3,218,common,country,0,0,2,0.657839119434356,0.12901559472084,0.09408233314752501,0.11906290799379302
7497,D-surf,বাজখাঁই গলা,A,C,0,,0,0.14212827384471802,,0.59296715259552,0.453646302223205,0,257,common,country,0,0,2,0.14212827384471802,0.18005256354808802,0.59296715259552,0.084852010011672
7497,D-sem,বাজখাঁই গলা,D,B,0,,0,0.111192397773265,,0.343715220689773,0.210867330431938,3,199,common,country,0,0,2,0.24169431626796703,0.343715220689773,0.30339798331260603,0.111192397773265
7497,D-hard,বাজখাঁই গলা,A,B,0,D,0,0.07750126719474701,0.373222976922988,0.48529464006423906,0.31508320569992004,0,208,common,country,0,0,2,0.07750126719474701,0.48529464006423906,0.063981153070926,0.373222976922988
7508,D-rand,বাজারে বাজার বসে,C,C,1,,0,0.415772676467895,,0.415772676467895,0.33519697189331005,2,246,common,country,0,0,3,0.28083860874176003,0.12506403028964902,0.415772676467895,0.17832474410533902
7508,D-lit,বাজারে বাজার বসে,C,B,0,B,1,0.158603996038436,0.7510570883750911,0.7510570883750911,0.697806596755981,2,235,common,country,0,0,3,0.049965199083089,0.7510570883750911,0.158603996038436,0.040373738855123006
7508,D-surf,বাজারে বাজার বসে,C,C,1,,0,0.632113456726074,,0.632113456726074,0.545470893383026,2,201,common,country,0,0,3,0.12085525691509201,0.05344736576080301,0.632113456726074,0.193583935499191
7508,D-sem,বাজারে বাজার বসে,C,D,0,,0,0.151710495352745,,0.494830846786499,0.48671358823776206,2,219,common,country,0,0,3,0.13940723240375502,0.214051395654678,0.151710495352745,0.494830846786499
7508,D-hard,বাজারে বাজার বসে,C,D,0,D,1,0.18689382076263403,0.7378937005996701,0.7378937005996701,0.701130032539367,2,224,common,country,0,0,3,0.043099448084831,0.032113038003444005,0.18689382076263403,0.7378937005996701
7519,D-rand,বাজে জমা,D,D,1,,0,0.8802072405815121,,0.8802072405815121,0.7219433784484861,3,282,common,country,0,0,2,0.033295925706624,0.038115888833999,0.04838094860315301,0.8802072405815121
7519,D-lit,বাজে জমা,A,D,0,D,1,0.08086521923542,0.912355124950408,0.912355124950408,0.833680868148803,0,228,common,country,0,0,2,0.08086521923542,0.004100081045180001,0.0026796010788530003,0.912355124950408
7519,D-surf,বাজে জমা,B,B,1,,0,0.839266419410705,,0.839266419410705,0.724967181682586,1,262,common,country,0,0,2,0.043315585702657006,0.839266419410705,0.07000124454498201,0.047416765242815004
7519,D-sem,বাজে জমা,C,C,1,,0,0.798849761486053,,0.798849761486053,0.6436527371406551,2,184,common,country,0,0,2,0.063975878059864,0.093905240297317,0.798849761486053,0.043269034475088
7519,D-hard,বাজে জমা,B,D,0,D,1,0.085650324821472,0.8989436626434321,0.8989436626434321,0.864953875541687,1,249,common,country,0,0,2,0.010732132941484,0.085650324821472,0.004673840943723,0.8989436626434321
7535,D-rand,বাড়া ভাতে নেড়া গিন্নী,C,B,0,,0,0.22249905765056602,,0.31114381551742504,0.22164443135261502,2,263,rare,country,0,0,4,0.29165995121002203,0.31114381551742504,0.22249905765056602,0.174697160720825
7535,D-lit,বাড়া ভাতে নেড়া গিন্নী,B,A,0,A,1,0.092595838010311,0.7422025799751281,0.7422025799751281,0.5510073304176331,1,284,rare,country,0,0,4,0.7422025799751281,0.092595838010311,0.042103935033082004,0.12309764325618701
7535,D-surf,বাড়া ভাতে নেড়া গিন্নী,B,C,0,,0,0.27013671398162803,,0.28008374571800204,0.13443237543106,1,279,rare,country,0,0,4,0.20516644418239502,0.27013671398162803,0.28008374571800204,0.24461306631565002
7535,D-sem,বাড়া ভাতে নেড়া গিন্নী,D,A,0,,0,0.24059644341468803,,0.33570498228073103,0.192154482007026,3,239,rare,country,0,0,4,0.33570498228073103,0.193491652607917,0.23020692169666201,0.24059644341468803
7535,D-hard,বাড়া ভাতে নেড়া গিন্নী,D,C,0,C,1,0.05913838371634401,0.60657787322998,0.60657787322998,0.429569035768508,3,311,rare,country,0,0,4,0.130760267376899,0.203523531556129,0.60657787322998,0.05913838371634401
7563,D-rand,বানরের সম্পত্তি গালে,C,A,0,,0,0.206627324223518,,0.42118692398071206,0.251471370458602,2,201,common,country,0,0,3,0.42118692398071206,0.244311675429344,0.206627324223518,0.127874091267585
7563,D-lit,বানরের সম্পত্তি গালে,A,D,0,D,1,0.03588069602847,0.8977410197257991,0.8977410197257991,0.755586802959442,0,216,common,country,0,0,3,0.03588069602847,0.031718846410512,0.034659419208765,0.8977410197257991
7563,D-surf,বানরের সম্পত্তি গালে,A,A,1,,0,0.332652419805526,,0.332652419805526,0.21524475514888702,0,228,common,country,0,0,3,0.332652419805526,0.23694972693920102,0.178199514746665,0.25219839811325
7563,D-sem,বানরের সম্পত্তি গালে,D,C,0,,0,0.21669766306877103,,0.37832087278366006,0.29274725914001404,3,231,common,country,0,0,3,0.23676602542400302,0.168215453624725,0.37832087278366006,0.21669766306877103
7563,D-hard,বানরের সম্পত্তি গালে,B,A,0,A,1,0.044663328677415,0.8727085590362541,0.8727085590362541,0.7049644589424131,1,285,common,country,0,0,3,0.8727085590362541,0.044663328677415,0.056457474827766,0.026170616969466
7575,D-rand,বাপ-ঠাকুরদার আমল,D,D,1,,0,0.368154078722,,0.368154078722,0.24072258174419403,3,249,common,country,0,0,3,0.18771162629127502,0.192830011248588,0.25130426883697504,0.368154078722
7575,D-lit,বাপ-ঠাকুরদার আমল,A,B,0,B,1,0.012652854435145001,0.9743654131889341,0.9743654131889341,0.8793472647666931,0,197,common,country,0,0,3,0.012652854435145001,0.9743654131889341,0.006741473451256001,0.006240263115614
7575,D-surf,বাপ-ঠাকুরদার আমল,C,D,0,,0,0.20437650382518702,,0.40699404478073103,0.26232251524925204,2,250,common,country,0,0,3,0.23040701448917303,0.158222422003746,0.20437650382518702,0.40699404478073103
7575,D-sem,বাপ-ঠাকুরদার আমল,C,A,0,,0,0.211059361696243,,0.41064211726188604,0.29806849360466003,2,250,common,country,0,0,3,0.41064211726188604,0.20325346291065202,0.211059361696243,0.175045028328895
7575,D-hard,বাপ-ঠাকুরদার আমল,C,D,0,D,1,0.010591150261461001,0.9490827322006221,0.9490827322006221,0.8895882368087761,2,194,common,country,0,0,3,0.012190299108624,0.028135906904935,0.010591150261461001,0.9490827322006221
7584,D-rand,বাপের জন্মে,D,D,1,,0,0.530649602413177,,0.530649602413177,0.36378359794616705,3,290,common,country,0,0,2,0.15799452364444702,0.13547685742378202,0.175878971815109,0.530649602413177
7584,D-lit,বাপের জন্মে,C,A,0,A,1,0.035899154841899004,0.9507570266723631,0.9507570266723631,0.822217166423797,2,243,common,country,0,0,2,0.9507570266723631,0.006201946176588,0.035899154841899004,0.007141954265534001
7584,D-surf,বাপের জন্মে,B,B,1,,0,0.37113451957702603,,0.37113451957702603,0.34146031737327504,1,312,common,country,0,0,2,0.23265247046947402,0.37113451957702603,0.254481971263885,0.141731083393096
7584,D-sem,বাপের জন্মে,D,D,1,,0,0.47290924191474903,,0.47290924191474903,0.31367117166519104,3,299,common,country,0,0,2,0.24222980439662903,0.194611802697181,0.09024921059608401,0.47290924191474903
7584,D-hard,বাপের জন্মে,C,B,0,B,1,0.030503183603286,0.9480869770050041,0.9480869770050041,0.836911022663116,2,283,common,country,0,0,2,0.005393334198743001,0.9480869770050041,0.030503183603286,0.016016477718949002
7585,D-rand,বাপের বিয়ে দেওয়া,A,A,1,,0,0.45194464921951205,,0.45194464921951205,0.312801927328109,0,287,common,country,0,0,3,0.45194464921951205,0.23237121105194003,0.116038829088211,0.199645265936851
7585,D-lit,বাপের বিয়ে দেওয়া,A,D,0,D,1,0.056734930723905,0.89667785167694,0.89667785167694,0.788171529769897,0,290,common,country,0,0,3,0.056734930723905,0.024801788851618004,0.021785419434309002,0.89667785167694
7585,D-surf,বাপের বিয়ে দেওয়া,B,D,0,,0,0.13392737507820102,,0.519237101078033,0.323835581541061,1,185,common,country,0,0,3,0.047358509153127004,0.13392737507820102,0.299477010965347,0.519237101078033
7585,D-sem,বাপের বিয়ে দেওয়া,D,C,0,,0,0.18739549815654702,,0.5849341750144951,0.385907173156738,3,227,common,country,0,0,3,0.10751557350158601,0.12015470117330501,0.5849341750144951,0.18739549815654702
7585,D-hard,বাপের বিয়ে দেওয়া,D,B,0,B,1,0.056617885828018,0.8793678879737851,0.8793678879737851,0.7243633866310121,3,244,common,country,0,0,3,0.025023430585861,0.8793678879737851,0.038990784436464004,0.056617885828018
7589,D-rand,"বাবাজীকি বাবাজী, তরকারীকি তরকারী",B,B,1,,0,0.704165279865264,,0.704165279865264,0.6092396974563591,1,260,rare,country,0,1,4,0.11844081431627201,0.704165279865264,0.09816201776266001,0.079231902956962
7589,D-lit,"বাবাজীকি বাবাজী, তরকারীকি তরকারী",D,D,1,A,0,0.496093332767486,0.339373528957366,0.496093332767486,0.365799695253372,3,333,rare,country,0,1,4,0.339373528957366,0.084013856947422,0.080519273877143,0.496093332767486
7589,D-surf,"বাবাজীকি বাবাজী, তরকারীকি তরকারী",B,B,1,,0,0.670162975788116,,0.670162975788116,0.6297061443328851,1,305,rare,country,0,1,4,0.104595378041267,0.670162975788116,0.11126412451267201,0.113977491855621
7589,D-sem,"বাবাজীকি বাবাজী, তরকারীকি তরকারী",B,B,1,,0,0.600257277488708,,0.600257277488708,0.451107621192932,1,271,rare,country,0,1,4,0.08792889863252601,0.600257277488708,0.050303354859352,0.261510491371154
7589,D-hard,"বাবাজীকি বাবাজী, তরকারীকি তরকারী",B,B,1,A,0,0.519794046878814,0.344509601593017,0.519794046878814,0.36764109134674,1,336,rare,country,0,1,4,0.344509601593017,0.519794046878814,0.069100767374038,0.066595591604709
7592,D-rand,বামণ গেল ঘর তো লাঙল তুলে ধর,D,A,0,,0,0.244972750544548,,0.375596433877944,0.24601668119430503,3,219,common,deep rural,0,0,7,0.375596433877944,0.19750849902629802,0.18192234635353002,0.244972750544548
7592,D-lit,বামণ গেল ঘর তো লাঙল তুলে ধর,B,D,0,D,1,0.045373532921075,0.861078143119812,0.861078143119812,0.72268146276474,1,300,common,deep rural,0,0,7,0.048181477934122,0.045373532921075,0.045366857200860006,0.861078143119812
7592,D-surf,বামণ গেল ঘর তো লাঙল তুলে ধর,A,D,0,,0,0.253007411956787,,0.33875244855880704,0.23529000580310802,0,275,common,deep rural,0,0,7,0.253007411956787,0.14524516463279702,0.262994974851608,0.33875244855880704
7592,D-sem,বামণ গেল ঘর তো লাঙল তুলে ধর,A,C,0,,0,0.207746013998985,,0.375553309917449,0.262957125902175,0,275,common,deep rural,0,0,7,0.207746013998985,0.179488837718963,0.375553309917449,0.23721183836460102
7592,D-hard,বামণ গেল ঘর তো লাঙল তুলে ধর,A,D,0,D,1,0.0457733720541,0.888226866722106,0.888226866722106,0.7275616526603691,0,263,common,deep rural,0,0,7,0.0457733720541,0.03774831444025,0.028251502662897002,0.888226866722106
7594,D-rand,ব্রাহ্মণের গরু,B,A,0,,0,0.24592347443103701,,0.30251562595367404,0.21699935197830203,1,250,common,deep rural,0,1,2,0.30251562595367404,0.24592347443103701,0.29218962788581804,0.15937124192714602
7594,D-lit,ব্রাহ্মণের গরু,B,A,0,A,1,0.024016458541154,0.9364886283874511,0.9364886283874511,0.823086202144622,1,203,common,deep rural,0,1,2,0.9364886283874511,0.024016458541154,0.018967520445585,0.020527377724647
7594,D-surf,ব্রাহ্মণের গরু,D,C,0,,0,0.25019195675849903,,0.308246910572052,0.240651696920394,3,270,common,deep rural,0,1,2,0.177017822861671,0.26454329490661604,0.308246910572052,0.25019195675849903
7594,D-sem,ব্রাহ্মণের গরু,C,B,0,,0,0.272618919610977,,0.29940408468246404,0.21334148943424203,2,246,common,deep rural,0,1,2,0.17563708126544902,0.29940408468246404,0.272618919610977,0.252339899539947
7594,D-hard,ব্রাহ্মণের গরু,A,C,0,C,1,0.0193911511451,0.943109035491943,0.943109035491943,0.7835646867752071,0,237,common,deep rural,0,1,2,0.0193911511451,0.019946068525314,0.943109035491943,0.017553698271512
7602,D-rand,বামুন ঠাকুর,C,A,0,,0,0.23528210818767503,,0.30425402522087003,0.228002056479454,2,246,common,country,0,1,2,0.30425402522087003,0.22803285717964103,0.23528210818767503,0.23243102431297302
7602,D-lit,বামুন ঠাকুর,D,A,0,A,1,0.22010140120983102,0.298233866691589,0.298233866691589,0.24246591329574502,3,189,common,country,0,1,2,0.298233866691589,0.245835557579994,0.235829234123229,0.22010140120983102
7602,D-surf,বামুন ঠাকুর,D,C,0,,0,0.017186203971505002,,0.7126750349998471,0.658404290676116,3,225,common,country,0,1,2,0.015148055739700001,0.254990667104721,0.7126750349998471,0.017186203971505002
7602,D-sem,বামুন ঠাকুর,A,B,0,,0,0.30740517377853305,,0.32443356513977,0.191444814205169,0,214,common,country,0,1,2,0.30740517377853305,0.32443356513977,0.17912642657756803,0.189034834504127
7602,D-hard,বামুন ঠাকুর,A,D,0,D,1,0.26352953910827603,0.287458270788192,0.287458270788192,0.22302201390266402,0,182,common,country,0,1,2,0.26352953910827603,0.231155171990394,0.217857033014297,0.287458270788192
7606,D-rand,বায়নাক্কা,A,B,0,,0,0.27151507139205905,,0.32976654171943603,0.20700243115425102,0,278,common,country,0,0,1,0.27151507139205905,0.32976654171943603,0.142529636621475,0.25618878006935103
7606,D-lit,বায়নাক্কা,C,A,0,A,1,0.21976068615913302,0.27877435088157604,0.27877435088157604,0.176866486668586,2,297,common,country,0,0,1,0.27877435088157604,0.27429956197738603,0.21976068615913302,0.22716540098190302
7606,D-surf,বায়নাক্কা,D,B,0,,0,0.25484979152679405,,0.330536603927612,0.184875398874282,3,275,common,country,0,0,1,0.094155751168727,0.330536603927612,0.320457816123962,0.25484979152679405
7606,D-sem,বায়নাক্কা,C,B,0,,0,0.17325447499752,,0.417694807052612,0.303830295801162,2,274,common,country,0,0,1,0.24701358377933502,0.417694807052612,0.17325447499752,0.162037223577499
7606,D-hard,বায়নাক্কা,A,B,0,D,0,0.20041574537754,0.166313022375106,0.40808257460594105,0.318382799625396,0,310,common,country,0,0,1,0.20041574537754,0.40808257460594105,0.22518864274024902,0.166313022375106
7624,D-rand,বারো মাসে তেরো পার্বণ,D,D,1,,0,0.8495268821716301,,0.8495268821716301,0.740067481994628,3,277,very common,country,0,0,4,0.034923817962408,0.030300041660666,0.08524927496910001,0.8495268821716301
7624,D-lit,বারো মাসে তেরো পার্বণ,D,A,0,A,1,0.19417814910411801,0.7732802629470821,0.7732802629470821,0.7440852522850031,3,233,very common,country,0,0,4,0.7732802629470821,0.022273179143667002,0.010268337093293,0.19417814910411801
7624,D-surf,বারো মাসে তেরো পার্বণ,C,C,1,,0,0.86406522989273,,0.86406522989273,0.6502798795700071,2,222,very common,country,0,0,4,0.043012682348489005,0.057480972260236005,0.86406522989273,0.035441167652606
7624,D-sem,বারো মাসে তেরো পার্বণ,C,C,1,,0,0.7414282560348511,,0.7414282560348511,0.6201512813568111,2,223,very common,country,0,0,4,0.08462988585233601,0.119210876524448,0.7414282560348511,0.054730951786041
7624,D-hard,বারো মাসে তেরো পার্বণ,A,B,0,B,1,0.16202503442764202,0.801116228103637,0.801116228103637,0.695095062255859,0,260,very common,country,0,0,4,0.16202503442764202,0.801116228103637,0.009889804758131001,0.026968913152813002
7637,D-rand,বালিহীন বালিয়াড়ী,B,D,0,,0,0.27432370185852,,0.31786292791366505,0.23647798597812603,1,283,rare,country,0,0,2,0.24963188171386702,0.27432370185852,0.158181458711624,0.31786292791366505
7637,D-lit,বালিহীন বালিয়াড়ী,D,C,0,C,1,0.09921173751354201,0.6987478137016291,0.6987478137016291,0.554596006870269,3,230,rare,country,0,0,2,0.11080670356750401,0.09123370796442001,0.6987478137016291,0.09921173751354201
7637,D-surf,বালিহীন বালিয়াড়ী,D,D,1,,0,0.29141569137573203,,0.29141569137573203,0.20319952070713002,3,204,rare,country,0,0,2,0.19771866500377602,0.26108494400978,0.249780669808387,0.29141569137573203
7637,D-sem,বালিহীন বালিয়াড়ী,C,B,0,,0,0.262523025274276,,0.31717658042907704,0.24344369769096302,2,220,rare,country,0,0,2,0.23133720457553802,0.31717658042907704,0.262523025274276,0.188963189721107
7637,D-hard,বালিহীন বালিয়াড়ী,D,B,0,B,1,0.087655454874038,0.7053093910217281,0.7053093910217281,0.5475594997406,3,249,rare,country,0,0,2,0.138048872351646,0.7053093910217281,0.068986229598522,0.087655454874038
7640,D-rand,বাসরজাগানি,D,D,1,,0,0.5656410455703731,,0.5656410455703731,0.412236452102661,3,241,rare,country,0,0,1,0.083295904099941,0.207947865128517,0.14311522245407102,0.5656410455703731
7640,D-lit,বাসরজাগানি,B,D,0,D,1,0.225717455148696,0.6895731687545771,0.6895731687545771,0.553673803806304,1,294,rare,country,0,0,1,0.042178679257631004,0.225717455148696,0.042530719190835,0.6895731687545771
7640,D-surf,বাসরজাগানি,B,B,1,,0,0.478242009878158,,0.478242009878158,0.31757155060768105,1,388,rare,country,0,0,1,0.39799219369888306,0.478242009878158,0.047225590795278,0.076540179550647
7640,D-sem,বাসরজাগানি,B,B,1,,0,0.6597628593444821,,0.6597628593444821,0.5292565822601311,1,330,rare,country,0,0,1,0.08768653869628901,0.6597628593444821,0.11754301190376201,0.135007515549659
7640,D-hard,বাসরজাগানি,B,A,0,A,1,0.23983292281627602,0.6690874695777891,0.6690874695777891,0.5318973660469051,1,228,rare,country,0,0,1,0.6690874695777891,0.23983292281627602,0.049822915345430006,0.041256729513406004
7642,D-rand,বাস্তুঘুঘু,C,C,1,,0,0.35100969672203003,,0.35100969672203003,0.277924567461013,2,260,rare,country,0,0,1,0.257279932498931,0.19474889338016502,0.35100969672203003,0.196961522102355
7642,D-lit,বাস্তুঘুঘু,D,C,0,C,1,0.078776508569717,0.781604528427124,0.781604528427124,0.600971758365631,3,306,rare,country,0,0,1,0.046508159488439005,0.093110799789428,0.781604528427124,0.078776508569717
7642,D-surf,বাস্তুঘুঘু,B,D,0,,0,0.294036328792572,,0.335518538951873,0.22011800110340102,1,262,rare,country,0,0,1,0.21839140355587003,0.294036328792572,0.152053698897361,0.335518538951873
7642,D-sem,বাস্তুঘুঘু,A,A,1,,0,0.34447312355041504,,0.34447312355041504,0.23878835141658702,0,279,rare,country,0,0,1,0.34447312355041504,0.23173864185810003,0.206523478031158,0.217264756560325
7642,D-hard,বাস্তুঘুঘু,A,D,0,D,1,0.09229905903339301,0.745365619659423,0.745365619659423,0.5523278713226311,0,259,rare,country,0,0,1,0.09229905903339301,0.06917448341846401,0.093160800635814,0.745365619659423
7652,D-rand,"বিচারে এড়া, আচারে বাড়া",C,C,1,,0,0.416850179433822,,0.416850179433822,0.24146416783332803,2,309,common,country,0,1,4,0.16404123604297602,0.25622615218162503,0.416850179433822,0.162882506847381
7652,D-lit,"বিচারে এড়া, আচারে বাড়া",C,B,0,B,1,0.053728949278593,0.859970867633819,0.859970867633819,0.717994630336761,2,263,common,country,0,1,4,0.030494764447212,0.859970867633819,0.053728949278593,0.055805511772632
7652,D-surf,"বিচারে এড়া, আচারে বাড়া",A,A,1,,0,0.386638045310974,,0.386638045310974,0.287614047527313,0,230,common,country,0,1,4,0.386638045310974,0.381523728370666,0.104159526526927,0.12767873704433402
7652,D-sem,"বিচারে এড়া, আচারে বাড়া",A,D,0,,0,0.33607545495033203,,0.361499547958374,0.22478103637695301,0,292,common,country,0,1,4,0.33607545495033203,0.18931654095649703,0.113108463585376,0.361499547958374
7652,D-hard,"বিচারে এড়া, আচারে বাড়া",A,B,0,B,1,0.06226071342825801,0.9040980935096741,0.9040980935096741,0.773575603961944,0,242,common,country,0,1,4,0.06226071342825801,0.9040980935096741,0.020289581269025,0.013351639732718001
7653,D-rand,বিচিবিচি,B,B,1,,0,0.558611869812011,,0.558611869812011,0.34389176964759804,1,156,common,country,0,0,1,0.19393415749073,0.558611869812011,0.118576988577842,0.128876984119415
7653,D-lit,বিচিবিচি,B,B,1,D,0,0.419179260730743,0.41848069429397505,0.419179260730743,0.25156033039093,1,259,common,country,0,0,1,0.07630369812250101,0.419179260730743,0.08603637665510101,0.41848069429397505
7653,D-surf,বিচিবিচি,C,C,1,,0,0.583392143249511,,0.583392143249511,0.37688374519348106,2,186,common,country,0,0,1,0.157737597823143,0.17293009161949102,0.583392143249511,0.085940189659595
7653,D-sem,বিচিবিচি,D,D,1,,0,0.576194167137146,,0.576194167137146,0.35336622595787004,3,213,common,country,0,0,1,0.151145949959754,0.15493801236152602,0.11772188544273302,0.576194167137146
7653,D-hard,বিচিবিচি,D,D,1,C,0,0.491838991641998,0.35631006956100403,0.491838991641998,0.257125884294509,3,198,common,country,0,0,1,0.10618636757135301,0.045664582401514005,0.35631006956100403,0.491838991641998
7655,D-rand,বিচুটির জ্বালা,A,A,1,,0,0.295193880796432,,0.295193880796432,0.159926414489746,0,205,common,country,0,0,2,0.295193880796432,0.16874857246875702,0.273406535387039,0.262651026248931
7655,D-lit,বিচুটির জ্বালা,D,B,0,B,1,0.060847934335470005,0.7799963951110841,0.7799963951110841,0.5102133750915521,3,312,common,country,0,0,2,0.10831839591264701,0.7799963951110841,0.050837211310863,0.060847934335470005
7655,D-surf,বিচুটির জ্বালা,A,A,1,,0,0.293299853801727,,0.293299853801727,0.17411352694034501,0,156,common,country,0,0,2,0.293299853801727,0.241886273026466,0.27030420303344704,0.194509699940681
7655,D-sem,বিচুটির জ্বালা,C,C,1,,0,0.29984000325202903,,0.29984000325202903,0.162861883640289,2,180,common,country,0,0,2,0.272891908884048,0.21752461791038502,0.29984000325202903,0.20974351465702
7655,D-hard,বিচুটির জ্বালা,D,B,0,B,1,0.06347253173589701,0.813726007938385,0.813726007938385,0.652867972850799,3,203,common,country,0,0,2,0.032112978398799,0.813726007938385,0.090688489377498,0.06347253173589701
7664,D-rand,বিড়াল লাড়ালাড়ি,A,A,1,,0,0.8236969709396361,,0.8236969709396361,0.629052519798278,0,282,rare,country,0,0,2,0.8236969709396361,0.05354433134198101,0.054312206804752,0.068446449935436
7664,D-lit,বিড়াল লাড়ালাড়ি,D,C,0,C,1,0.097557999193668,0.889564752578735,0.889564752578735,0.8205216526985161,3,348,rare,country,0,0,2,0.0043581463396540005,0.00851909443736,0.889564752578735,0.097557999193668
7664,D-surf,বিড়াল লাড়ালাড়ি,B,B,1,,0,0.8115264177322381,,0.8115264177322381,0.6742838621139521,1,442,rare,country,0,0,2,0.068294554948806,0.8115264177322381,0.062025960534811006,0.058153085410594
7664,D-sem,বিড়াল লাড়ালাড়ি,D,D,1,,0,0.8405854105949401,,0.8405854105949401,0.6050475239753721,3,244,rare,country,0,0,2,0.039058003574609,0.064120203256607,0.056236386299133,0.8405854105949401
7664,D-hard,বিড়াল লাড়ালাড়ি,B,C,0,C,1,0.08407009392976701,0.9028802514076231,0.9028802514076231,0.7808822989463801,1,322,rare,country,0,0,2,0.008504056371748,0.08407009392976701,0.9028802514076231,0.00454556196928
7667,D-rand,বিড়ালের গলায় ঘণ্টা বাঁধা,D,C,0,,0,0.22149249911308203,,0.369485914707183,0.266232758760452,3,264,very common,country,1,0,4,0.21058465540409002,0.19843690097332,0.369485914707183,0.22149249911308203
7667,D-lit,বিড়ালের গলায় ঘণ্টা বাঁধা,B,D,0,D,1,0.034528240561485006,0.9219788312911981,0.9219788312911981,0.7928729653358461,1,241,very common,country,1,0,4,0.019804079085588,0.034528240561485006,0.023688737303018,0.9219788312911981
7667,D-surf,বিড়ালের গলায় ঘণ্টা বাঁধা,D,B,0,,0,0.24090124666690801,,0.40849173069000205,0.30078050494194003,3,267,very common,country,1,0,4,0.20688907802104903,0.40849173069000205,0.14371795952320102,0.24090124666690801
7667,D-sem,বিড়ালের গলায় ঘণ্টা বাঁধা,D,A,0,,0,0.255712419748306,,0.456735253334045,0.42932856082916204,3,309,very common,country,1,0,4,0.456735253334045,0.135344460606575,0.152207851409912,0.255712419748306
7667,D-hard,বিড়ালের গলায় ঘণ্টা বাঁধা,B,A,0,A,1,0.046634901314973005,0.8378772139549251,0.8378772139549251,0.742516756057739,1,286,very common,country,1,0,4,0.8378772139549251,0.046634901314973005,0.050491325557231,0.064996540546417
7671,D-rand,বিতিকিচ্ছিরি,A,A,1,,0,0.418419152498245,,0.418419152498245,0.25663113594055104,0,223,rare,country,0,0,1,0.418419152498245,0.192995697259902,0.25710839033126803,0.131476730108261
7671,D-lit,বিতিকিচ্ছিরি,B,C,0,C,1,0.321354299783706,0.373647212982177,0.373647212982177,0.25921791791915805,1,314,rare,country,0,0,1,0.161545187234878,0.321354299783706,0.373647212982177,0.143453270196914
7671,D-surf,বিতিকিচ্ছিরি,D,D,1,,0,0.347883313894271,,0.347883313894271,0.24955075979232702,3,227,rare,country,0,0,1,0.14767694473266602,0.33403855562210005,0.17040123045444402,0.347883313894271
7671,D-sem,বিতিকিচ্ছিরি,D,B,0,,0,0.286643058061599,,0.39745119214057906,0.23596471548080403,3,271,rare,country,0,0,1,0.12956321239471402,0.39745119214057906,0.18634261190891202,0.286643058061599
7671,D-hard,বিতিকিচ্ছিরি,A,B,0,B,1,0.30812785029411305,0.41728737950325,0.41728737950325,0.257669329643249,0,250,rare,country,0,0,1,0.30812785029411305,0.41728737950325,0.131234988570213,0.143349781632423
7689,D-rand,বিধিলিপি,B,B,1,,0,0.406700551509857,,0.406700551509857,0.26584750413894603,1,167,common,country,0,1,1,0.21278262138366702,0.406700551509857,0.137323573231697,0.24319325387477803
7689,D-lit,বিধিলিপি,A,A,1,B,0,0.42113354802131603,0.285748302936553,0.42113354802131603,0.220197275280952,0,235,common,country,0,1,1,0.42113354802131603,0.285748302936553,0.16703000664710901,0.126088112592697
7689,D-surf,বিধিলিপি,D,A,0,,0,0.31834754347801203,,0.38568538427352905,0.19073362648487002,3,209,common,country,0,1,1,0.38568538427352905,0.16992902755737302,0.126038074493408,0.31834754347801203
7689,D-sem,বিধিলিপি,D,D,1,,0,0.364763885736465,,0.364763885736465,0.26855239272117604,3,215,common,country,0,1,1,0.176389932632446,0.25622618198394703,0.202619984745979,0.364763885736465
7689,D-hard,বিধিলিপি,D,A,0,B,0,0.27525794506073,0.24117381870746601,0.347695916891098,0.222804427146911,3,205,common,country,0,1,1,0.347695916891098,0.24117381870746601,0.135872319340705,0.27525794506073
7692,D-rand,বিনা বাক্যব্যয়ে,C,C,1,,0,0.614190280437469,,0.614190280437469,0.47078076004981906,2,227,common,country,0,1,2,0.160559102892875,0.085107922554016,0.614190280437469,0.140142709016799
7692,D-lit,বিনা বাক্যব্যয়ে,C,B,0,B,1,0.166207700967788,0.7150413393974301,0.7150413393974301,0.474492609500885,2,183,common,country,0,1,2,0.059223778545856004,0.7150413393974301,0.166207700967788,0.059527181088924006
7692,D-surf,বিনা বাক্যব্যয়ে,B,B,1,,0,0.578061401844024,,0.578061401844024,0.419879764318466,1,191,common,country,0,1,2,0.114211916923522,0.578061401844024,0.151795491576194,0.15593114495277402
7692,D-sem,বিনা বাক্যব্যয়ে,C,C,1,,0,0.680258393287658,,0.680258393287658,0.41526007652282704,2,199,common,country,0,1,2,0.10509776324033701,0.08917758613824801,0.680258393287658,0.12546625733375502
7692,D-hard,বিনা বাক্যব্যয়ে,A,B,0,B,1,0.18679046630859303,0.7259501218795771,0.7259501218795771,0.537216782569885,0,201,common,country,0,1,2,0.18679046630859303,0.7259501218795771,0.038675680756568,0.048583719879388004
7695,D-rand,বিনাশকালে বুদ্ধিনাশ,D,D,1,,0,0.775942087173461,,0.775942087173461,0.5046173930168151,3,256,common,country,0,0,2,0.10152510553598401,0.044359453022480004,0.078173421323299,0.775942087173461
7695,D-lit,বিনাশকালে বুদ্ধিনাশ,B,D,0,D,1,0.06958543509244901,0.887125849723815,0.887125849723815,0.730768322944641,1,234,common,country,0,0,2,0.038559947162866,0.06958543509244901,0.004728761967271,0.887125849723815
7695,D-surf,বিনাশকালে বুদ্ধিনাশ,B,B,1,,0,0.677580535411834,,0.677580535411834,0.40438720583915705,1,235,common,country,0,0,2,0.135320410132408,0.677580535411834,0.067707620561122,0.11939146369695601
7695,D-sem,বিনাশকালে বুদ্ধিনাশ,C,C,1,,0,0.6381617188453671,,0.6381617188453671,0.515476822853088,2,484,common,country,0,0,2,0.08120383322238901,0.11953601241111701,0.6381617188453671,0.16109848022460901
7695,D-hard,বিনাশকালে বুদ্ধিনাশ,B,C,0,C,1,0.076828710734844,0.9027404189109801,0.9027404189109801,0.7406287193298341,1,193,common,country,0,0,2,0.009265997447073,0.076828710734844,0.9027404189109801,0.011164857074618001
7700,D-rand,বিপদআপদ,B,B,1,,0,0.41395565867424006,,0.41395565867424006,0.24713027477264402,1,190,very common,country,0,0,1,0.31763580441474903,0.41395565867424006,0.16050054132938302,0.107907988131046
7700,D-lit,বিপদআপদ,B,C,0,C,1,0.045753080397844,0.8933642506599421,0.8933642506599421,0.7575573325157161,1,201,very common,country,0,0,1,0.032338447868824005,0.045753080397844,0.8933642506599421,0.028544286265969002
7700,D-surf,বিপদআপদ,D,D,1,,0,0.35979849100112904,,0.35979849100112904,0.27846917510032604,3,250,very common,country,0,0,1,0.20657356083393003,0.16355587542057,0.270072013139724,0.35979849100112904
7700,D-sem,বিপদআপদ,C,A,0,,0,0.22637481987476302,,0.509855926036834,0.31045269966125405,2,252,very common,country,0,0,1,0.509855926036834,0.135042279958724,0.22637481987476302,0.12872695922851501
7700,D-hard,বিপদআপদ,B,D,0,D,1,0.044433061033487,0.881468892097473,0.881468892097473,0.773070275783538,1,245,very common,country,0,0,1,0.037528738379478004,0.044433061033487,0.036569245159626,0.881468892097473
7743,D-rand,বুক করা,C,B,0,,0,0.200914964079856,,0.42563694715499806,0.290245741605758,2,244,common,country,0,0,2,0.23302464187145203,0.42563694715499806,0.200914964079856,0.14042343199253002
7743,D-lit,বুক করা,A,C,0,C,1,0.014248522929847001,0.9501956105232231,0.9501956105232231,0.8276235461235041,0,214,common,country,0,0,2,0.014248522929847001,0.013889516703784001,0.9501956105232231,0.021666441112756
7743,D-surf,বুক করা,D,B,0,,0,0.243585437536239,,0.295258671045303,0.22866763174533802,3,235,common,country,0,0,2,0.216388955712318,0.295258671045303,0.24476689100265503,0.243585437536239
7743,D-sem,বুক করা,A,B,0,,0,0.284551531076431,,0.44660741090774503,0.323549628257751,0,296,common,country,0,0,2,0.284551531076431,0.44660741090774503,0.124622970819473,0.14421805739402702
7743,D-hard,বুক করা,D,C,0,C,1,0.012900346890091001,0.9619396328926081,0.9619396328926081,0.8411957025527951,3,240,common,country,0,0,2,0.0082343891263,0.016925608739256002,0.9619396328926081,0.012900346890091001
7752,D-rand,বুক দেওয়া,D,B,0,,0,0.263935029506683,,0.344620734453201,0.19657574594020802,3,291,common,country,0,0,2,0.27403184771537703,0.344620734453201,0.11741240322589801,0.263935029506683
7752,D-lit,বুক দেওয়া,A,C,0,C,1,0.02332261390984,0.8826155066490171,0.8826155066490171,0.714836835861206,0,220,common,country,0,0,2,0.02332261390984,0.0152297494933,0.8826155066490171,0.07883221656084001
7752,D-surf,বুক দেওয়া,A,D,0,,0,0.288167506456375,,0.29508331418037403,0.19874325394630402,0,275,common,country,0,0,2,0.288167506456375,0.290430098772048,0.126319050788879,0.29508331418037403
7752,D-sem,বুক দেওয়া,C,C,1,,0,0.34132233262062,,0.34132233262062,0.20432168245315502,2,292,common,country,0,0,2,0.18564648926258,0.316733032464981,0.34132233262062,0.15629819035530002
7752,D-hard,বুক দেওয়া,C,A,0,A,1,0.025948783382773,0.9514853358268731,0.9514853358268731,0.8081755638122551,2,259,common,country,0,0,2,0.9514853358268731,0.012774686329066,0.025948783382773,0.009791221469640001
7783,D-rand,বুঝাপড়া,C,A,0,,0,0.30642756819725003,,0.375406295061111,0.204125672578811,2,199,common,country,0,0,1,0.375406295061111,0.12778490781784002,0.30642756819725003,0.19038130342960302
7783,D-lit,বুঝাপড়া,A,B,0,B,1,0.05207878351211501,0.894669592380523,0.894669592380523,0.7372325658798211,0,236,common,country,0,0,1,0.05207878351211501,0.894669592380523,0.041594590991735,0.011657011695206
7783,D-surf,বুঝাপড়া,C,D,0,,0,0.33122304081916804,,0.36133387684822005,0.23991942405700603,2,201,common,country,0,0,1,0.157963812351226,0.149479269981384,0.33122304081916804,0.36133387684822005
7783,D-sem,বুঝাপড়া,A,A,1,,0,0.39939224720001204,,0.39939224720001204,0.360690861940383,0,209,common,country,0,0,1,0.39939224720001204,0.17645685374736703,0.18039716780185702,0.24375365674495603
7783,D-hard,বুঝাপড়া,B,C,0,C,1,0.044739723205566004,0.9154672622680661,0.9154672622680661,0.7943431735038751,1,224,common,country,0,0,1,0.022101920098066,0.044739723205566004,0.9154672622680661,0.017691073939204
7795,D-rand,বুড়োধাড়ি,B,B,1,,0,0.710520148277282,,0.710520148277282,0.5675423145294191,1,232,rare,country,0,0,1,0.099378637969493,0.710520148277282,0.093916721642017,0.09618453681468901
7795,D-lit,বুড়োধাড়ি,A,B,0,B,1,0.089424088597297,0.8600856661796571,0.8600856661796571,0.7663190364837641,0,246,rare,country,0,0,1,0.089424088597297,0.8600856661796571,0.016998518258333,0.033491652458906
7795,D-surf,বুড়োধাড়ি,C,C,1,,0,0.6029646396636961,,0.6029646396636961,0.443392187356948,2,213,rare,country,0,0,1,0.09770517051219901,0.145859226584434,0.6029646396636961,0.15347099304199202
7795,D-sem,বুড়োধাড়ি,A,A,1,,0,0.7416031360626221,,0.7416031360626221,0.66910320520401,0,313,rare,country,0,0,1,0.7416031360626221,0.103935487568378,0.05404940992593701,0.10041199624538401
7795,D-hard,বুড়োধাড়ি,D,C,0,C,1,0.11436372995376501,0.847477674484252,0.847477674484252,0.738275051116943,3,240,rare,country,0,0,1,0.028451193124055002,0.00970740430057,0.847477674484252,0.11436372995376501
7805,D-rand,বুড়োময়না,D,C,0,,0,0.21714380383491502,,0.27646031975746105,0.294645547866821,3,220,rare,country,0,1,1,0.24164386093616402,0.264751970767974,0.27646031975746105,0.21714380383491502
7805,D-lit,বুড়োময়না,A,B,0,B,1,0.032285630702972,0.9143906831741331,0.9143906831741331,0.6978327035903931,0,153,rare,country,0,1,1,0.032285630702972,0.9143906831741331,0.022958032786846,0.030365601181983004
7805,D-surf,বুড়োময়না,B,A,0,,0,0.28154873847961404,,0.361793875694274,0.18853655457496601,1,179,rare,country,0,1,1,0.361793875694274,0.28154873847961404,0.24811206758022303,0.108545325696468
7805,D-sem,বুড়োময়না,A,D,0,,0,0.19758903980255102,,0.372002094984054,0.25810831785202004,0,288,rare,country,0,1,1,0.19758903980255102,0.22660782933235102,0.203801050782203,0.372002094984054
7805,D-hard,বুড়োময়না,B,A,0,A,1,0.036719042807817,0.8974115252494811,0.8974115252494811,0.74276328086853,1,171,rare,country,0,1,1,0.8974115252494811,0.036719042807817,0.039306234568357,0.026563253253698002
7816,D-rand,বুদ্ধিশুদ্ধি,A,A,1,,0,0.789242446422576,,0.789242446422576,0.565096199512481,0,227,common,country,0,0,1,0.789242446422576,0.14713653922080902,0.039122730493545005,0.024498308077454
7816,D-lit,বুদ্ধিশুদ্ধি,C,B,0,B,1,0.161163255572319,0.8216774463653561,0.8216774463653561,0.641515493392944,2,248,common,country,0,0,1,0.008547108620405001,0.8216774463653561,0.161163255572319,0.008612172678112
7816,D-surf,বুদ্ধিশুদ্ধি,C,C,1,,0,0.9018803238868711,,0.9018803238868711,0.6621986031532281,2,243,common,country,0,0,1,0.043536189943552,0.043152775615453005,0.9018803238868711,0.011430718936026001
7816,D-sem,বুদ্ধিশুদ্ধি,A,A,1,,0,0.5679992437362671,,0.5679992437362671,0.32350876927375705,0,188,common,country,0,0,1,0.5679992437362671,0.281614780426025,0.056346230208873006,0.09403973072767201
7816,D-hard,বুদ্ধিশুদ্ধি,D,C,0,C,1,0.16129453480243602,0.8137464523315431,0.8137464523315431,0.651199460029602,3,229,common,country,0,0,1,0.008571173995733001,0.016387838870286,0.8137464523315431,0.16129453480243602
7820,D-rand,বুরা,C,B,0,,0,0.156962811946868,,0.47011700272560103,0.282177925109863,2,146,common,country,0,0,1,0.15700124204158702,0.47011700272560103,0.156962811946868,0.21591898798942502
7820,D-lit,বুরা,B,C,0,A,0,0.15997944772243503,0.23868793249130202,0.372026741504669,0.209472522139549,1,155,common,country,0,0,1,0.23868793249130202,0.15997944772243503,0.372026741504669,0.22930589318275402
7820,D-surf,বুরা,D,A,0,,0,0.18511222302913602,,0.33787202835083,0.152364268898963,3,178,common,country,0,0,1,0.33787202835083,0.260897547006607,0.21611815690994202,0.18511222302913602
7820,D-sem,বুরা,B,D,0,,0,0.139993712306022,,0.350995063781738,0.23647893965244202,1,198,common,country,0,0,1,0.25987833738327004,0.139993712306022,0.24913293123245203,0.350995063781738
7820,D-hard,বুরা,A,D,0,B,0,0.13361844420433,0.27630659937858504,0.36165165901184004,0.162474066019058,0,155,common,country,0,0,1,0.13361844420433,0.27630659937858504,0.228423297405242,0.36165165901184004
7833,D-rand,বেঁচে বর্তে থাকা,A,A,1,,0,0.674632430076599,,0.674632430076599,0.519276320934295,0,201,common,country,0,0,3,0.674632430076599,0.069371290504932,0.23262777924537603,0.023368524387478003
7833,D-lit,বেঁচে বর্তে থাকা,D,D,1,B,0,0.727068960666656,0.07679549604654301,0.727068960666656,0.555765390396118,3,196,common,country,0,0,3,0.150374457240104,0.07679549604654301,0.04576112329959801,0.727068960666656
7833,D-surf,বেঁচে বর্তে থাকা,A,D,0,,0,0.41446632146835305,,0.505726397037506,0.38930732011795005,0,168,common,country,0,0,3,0.41446632146835305,0.044835172593593,0.034972086548805,0.505726397037506
7833,D-sem,বেঁচে বর্তে থাকা,B,B,1,,0,0.855673432350158,,0.855673432350158,0.6865608096122741,1,201,common,country,0,0,3,0.06444115191698001,0.855673432350158,0.038206927478313,0.041678555309772006
7833,D-hard,বেঁচে বর্তে থাকা,B,B,1,A,0,0.770809829235076,0.08835574984550401,0.770809829235076,0.5657688379287721,1,201,common,country,0,0,3,0.08835574984550401,0.770809829235076,0.05770320445299101,0.083131201565265
7851,D-rand,বেড়া-আগুনে পোড়ানো,A,A,1,,0,0.9386302232742311,,0.9386302232742311,0.793533682823181,0,218,rare,deep rural,0,0,3,0.9386302232742311,0.022794771939516,0.024366801604628,0.014208167791366001
7851,D-lit,বেড়া-আগুনে পোড়ানো,A,A,1,C,0,0.5122603178024291,0.435164928436279,0.5122603178024291,0.49830809235572804,0,282,rare,deep rural,0,0,3,0.5122603178024291,0.022380322217941003,0.435164928436279,0.030194455757737004
7851,D-surf,বেড়া-আগুনে পোড়ানো,D,D,1,,0,0.9071525335311891,,0.9071525335311891,0.837265789508819,3,201,rare,deep rural,0,0,3,0.032724954187870005,0.018607171252369003,0.041515320539474,0.9071525335311891
7851,D-sem,বেড়া-আগুনে পোড়ানো,C,C,1,,0,0.923138737678527,,0.923138737678527,0.7955498695373531,2,244,rare,deep rural,0,0,3,0.040302913635969,0.022743303328752,0.923138737678527,0.01381504163146
7851,D-hard,বেড়া-আগুনে পোড়ানো,A,D,0,D,1,0.357630997896194,0.625512897968292,0.625512897968292,0.550560891628265,0,194,rare,deep rural,0,0,3,0.357630997896194,0.008095822297036,0.00876026507467,0.625512897968292
7852,D-rand,বেড়াজাল,A,D,0,,0,0.132331117987632,,0.37791863083839405,0.194528013467788,0,186,common,country,0,0,1,0.132331117987632,0.11813054978847501,0.37161967158317505,0.37791863083839405
7852,D-lit,বেড়াজাল,B,D,0,D,1,0.02378393150866,0.935776114463806,0.935776114463806,0.795625448226928,1,171,common,country,0,0,1,0.020076708868145002,0.02378393150866,0.020363258197903,0.935776114463806
7852,D-surf,বেড়াজাল,B,D,0,,0,0.25807771086692805,,0.269849628210067,0.14958684146404203,1,171,common,country,0,0,1,0.26665043830871504,0.25807771086692805,0.20542222261428802,0.269849628210067
7852,D-sem,বেড়াজাল,C,A,0,,0,0.247042998671531,,0.34488368034362704,0.163637831807136,2,186,common,country,0,0,1,0.34488368034362704,0.264693886041641,0.247042998671531,0.14337943494319902
7852,D-hard,বেড়াজাল,D,B,0,B,1,0.027543444186449002,0.8999336957931511,0.8999336957931511,0.659553527832031,3,182,common,country,0,0,1,0.031157065182924003,0.8999336957931511,0.04136586934328,0.027543444186449002
7857,D-rand,বেড়ে ওস্তাদ,C,C,1,,0,0.7435286641120911,,0.7435286641120911,0.701829254627227,2,214,common,country,0,0,2,0.091317534446716,0.07579779624938901,0.7435286641120911,0.089355997741222
7857,D-lit,বেড়ে ওস্তাদ,D,C,0,C,1,0.21077460050582802,0.739343583583831,0.739343583583831,0.66221398115158,3,265,common,country,0,0,2,0.030166365206241004,0.019715428352355003,0.739343583583831,0.21077460050582802
7857,D-surf,বেড়ে ওস্তাদ,D,D,1,,0,0.626349866390228,,0.626349866390228,0.6555399894714351,3,286,common,country,0,0,2,0.082734555006027,0.15132015943527202,0.13959537446498801,0.626349866390228
7857,D-sem,বেড়ে ওস্তাদ,A,A,1,,0,0.607026576995849,,0.607026576995849,0.6160036921501161,0,275,common,country,0,0,2,0.607026576995849,0.10861431062221501,0.16752988100051802,0.11682926863431901
7857,D-hard,বেড়ে ওস্তাদ,B,C,0,C,1,0.215096801519393,0.7146025300025941,0.7146025300025941,0.7265405654907221,1,255,common,country,0,0,2,0.049279246479272,0.215096801519393,0.7146025300025941,0.021021464839577002
7871,D-rand,বেনোজল ঢুকিয়ে ঘরোজল বার করা,B,B,1,,0,0.766062796115875,,0.766062796115875,0.670223236083984,1,248,rare,country,0,0,5,0.08571536839008301,0.766062796115875,0.11762947589159001,0.030592439696192002
7871,D-lit,বেনোজল ঢুকিয়ে ঘরোজল বার করা,A,A,1,D,0,0.41781219840049705,0.138575837016105,0.41781219840049705,0.343210071325302,0,280,rare,country,0,0,5,0.41781219840049705,0.174929529428482,0.268682390451431,0.138575837016105
7871,D-surf,বেনোজল ঢুকিয়ে ঘরোজল বার করা,B,B,1,,0,0.795320332050323,,0.795320332050323,0.6717226505279541,1,316,rare,country,0,0,5,0.073801472783088,0.795320332050323,0.049997035413980005,0.080881170928478
7871,D-sem,বেনোজল ঢুকিয়ে ঘরোজল বার করা,D,D,1,,0,0.662927210330963,,0.662927210330963,0.5054996013641351,3,263,rare,country,0,0,5,0.13807375729084,0.14703993499279,0.051959086209535,0.662927210330963
7871,D-hard,বেনোজল ঢুকিয়ে ঘরোজল বার করা,C,C,1,D,0,0.67302793264389,0.16479231417179102,0.67302793264389,0.508550643920898,2,261,rare,country,0,0,5,0.107977278530597,0.05420247092843,0.67302793264389,0.16479231417179102
7874,D-rand,বেবাক,D,B,0,,0,0.294376522302627,,0.33585605025291404,0.22463852167129503,3,219,common,country,0,0,1,0.24705782532691903,0.33585605025291404,0.122709646821022,0.294376522302627
7874,D-lit,বেবাক,C,A,0,A,1,0.13885873556137002,0.630908548831939,0.630908548831939,0.44739031791687006,2,226,common,country,0,0,1,0.630908548831939,0.150128990411758,0.13885873556137002,0.080103747546672
7874,D-surf,বেবাক,A,C,0,,0,0.25597223639488204,,0.414906829595565,0.262037575244903,0,239,common,country,0,0,1,0.25597223639488204,0.16732190549373602,0.414906829595565,0.16179898381233201
7874,D-sem,বেবাক,C,C,1,,0,0.422597467899322,,0.422597467899322,0.31530243158340404,2,199,common,country,0,0,1,0.11221002042293501,0.17388944327831202,0.422597467899322,0.29130303859710605
7874,D-hard,বেবাক,C,D,0,D,1,0.12935025990009302,0.626045048236846,0.626045048236846,0.446180433034896,2,190,common,country,0,0,1,0.11385241895914001,0.130752310156822,0.12935025990009302,0.626045048236846
7882,D-rand,বেলা ফুরানো,C,C,1,,0,0.41882628202438305,,0.41882628202438305,0.259956866502761,2,198,common,country,1,0,2,0.09155693650245601,0.359974205493927,0.41882628202438305,0.129642561078071
7882,D-lit,বেলা ফুরানো,A,C,0,C,1,0.143212065100669,0.7916107177734371,0.7916107177734371,0.6398023366928101,0,339,common,country,1,0,2,0.143212065100669,0.033308815211057004,0.7916107177734371,0.031868375837802006
7882,D-surf,বেলা ফুরানো,A,A,1,,0,0.41982668638229304,,0.41982668638229304,0.327525079250335,0,229,common,country,1,0,2,0.41982668638229304,0.34003990888595503,0.08733240514993601,0.15280102193355502
7882,D-sem,বেলা ফুরানো,A,A,1,,0,0.47162005305290206,,0.47162005305290206,0.389757603406906,0,204,common,country,1,0,2,0.47162005305290206,0.192341566085815,0.15826570987701402,0.17777274549007402
7882,D-hard,বেলা ফুরানো,C,B,0,B,1,0.141776159405708,0.7162809371948241,0.7162809371948241,0.607209980487823,2,227,common,country,1,0,2,0.086921297013759,0.7162809371948241,0.141776159405708,0.055021658539772006
7912,D-rand,বোবাকান্না,C,C,1,,0,0.713894367218017,,0.713894367218017,0.5273078083992,2,217,common,country,0,0,1,0.10764459520578301,0.09024231135845101,0.713894367218017,0.088218674063682
7912,D-lit,বোবাকান্না,D,B,0,B,1,0.355596363544464,0.583783268928527,0.583783268928527,0.37287244200706404,3,264,common,country,0,0,1,0.02386325225234,0.583783268928527,0.036757159978151,0.355596363544464
7912,D-surf,বোবাকান্না,D,D,1,,0,0.569605231285095,,0.569605231285095,0.423894166946411,3,254,common,country,0,0,1,0.19030505418777402,0.118972033262252,0.12111768871545701,0.569605231285095
7912,D-sem,বোবাকান্না,C,C,1,,0,0.6485191583633421,,0.6485191583633421,0.529061317443847,2,212,common,country,0,0,1,0.09612073749303801,0.10435979068279201,0.6485191583633421,0.151000276207923
7912,D-hard,বোবাকান্না,A,D,0,D,1,0.326940059661865,0.5397233366966241,0.5397233366966241,0.357248336076736,0,267,common,country,0,0,1,0.326940059661865,0.082250781357288,0.051085833460092,0.5397233366966241
7915,D-rand,বোলচাল,C,C,1,,0,0.634756386280059,,0.634756386280059,0.469117015600204,2,232,common,country,0,0,1,0.080586433410644,0.110939979553222,0.634756386280059,0.17371724545955602
7915,D-lit,বোলচাল,B,C,0,C,1,0.09774266928434301,0.8716583251953121,0.8716583251953121,0.7365087270736691,1,221,common,country,0,0,1,0.017015986144542,0.09774266928434301,0.8716583251953121,0.013583043590188
7915,D-surf,বোলচাল,D,D,1,,0,0.6083350181579591,,0.6083350181579591,0.508657991886138,3,243,common,country,0,0,1,0.17851080000400502,0.11696565151214601,0.096188567578792,0.6083350181579591
7915,D-sem,বোলচাল,D,D,1,,0,0.554440200328826,,0.554440200328826,0.48031207919120705,3,287,common,country,0,0,1,0.186475440859794,0.13887193799018802,0.12021242827177,0.554440200328826
7915,D-hard,বোলচাল,C,B,0,B,1,0.073772057890892,0.8839391469955441,0.8839391469955441,0.776593744754791,2,225,common,country,0,0,1,0.025884125381708003,0.8839391469955441,0.073772057890892,0.016404686495661
7920,D-rand,বোলাবুলি,C,C,1,,0,0.355805486440658,,0.355805486440658,0.24872002005577,2,232,common,country,0,0,1,0.182818293571472,0.198769032955169,0.355805486440658,0.26260721683502203
7920,D-lit,বোলাবুলি,D,A,0,A,1,0.07702542841434401,0.8283231854438781,0.8283231854438781,0.640296876430511,3,257,common,country,0,0,1,0.8283231854438781,0.04477858915925,0.049872789531946,0.07702542841434401
7920,D-surf,বোলাবুলি,B,D,0,,0,0.308885931968688,,0.36961817741394004,0.22400967776775302,1,284,common,country,0,0,1,0.11354311555624001,0.308885931968688,0.207952767610549,0.36961817741394004
7920,D-sem,বোলাবুলি,C,A,0,,0,0.23217785358428902,,0.38319703936576804,0.27891418337821905,2,282,common,country,0,0,1,0.38319703936576804,0.21785323321819303,0.23217785358428902,0.16677190363407102
7920,D-hard,বোলাবুলি,B,A,0,A,1,0.08698277920484501,0.83245176076889,0.83245176076889,0.670066177845001,1,295,common,country,0,0,1,0.83245176076889,0.08698277920484501,0.046476811170578,0.034088682383298
7927,D-rand,ব্যস্তবাগীশ,A,A,1,,0,0.7908283472061151,,0.7908283472061151,0.593518733978271,0,204,common,country,1,0,1,0.7908283472061151,0.10441417992115001,0.045839380472898004,0.058918137103319
7927,D-lit,ব্যস্তবাগীশ,C,C,1,B,0,0.46475836634635903,0.45953813195228504,0.46475836634635903,0.400796681642532,2,253,common,country,1,0,1,0.026034152135252002,0.45953813195228504,0.46475836634635903,0.049669366329908
7927,D-surf,ব্যস্তবাগীশ,B,B,1,,0,0.777634739875793,,0.777634739875793,0.698882460594177,1,203,common,country,1,0,1,0.08136378228664301,0.777634739875793,0.06149155646562501,0.079509928822517
7927,D-sem,ব্যস্তবাগীশ,A,A,1,,0,0.635851979255676,,0.635851979255676,0.499490231275558,0,183,common,country,1,0,1,0.635851979255676,0.18658800423145203,0.09217421710491101,0.08538582175970001
7927,D-hard,ব্যস্তবাগীশ,B,B,1,A,0,0.48828965425491305,0.421648740768432,0.48828965425491305,0.326831519603729,1,245,common,country,1,0,1,0.421648740768432,0.48828965425491305,0.034603178501129005,0.055458430200815007
7938,D-rand,ব্যাজস্তুতি,B,B,1,,0,0.46908271312713606,,0.46908271312713606,0.23395460844039903,1,243,common,country,1,1,1,0.13261216878890902,0.46908271312713606,0.116327732801437,0.28197747468948303
7938,D-lit,ব্যাজস্তুতি,A,D,0,D,1,0.045096334069967006,0.9344117641448971,0.9344117641448971,0.7768705487251281,0,211,common,country,1,1,1,0.045096334069967006,0.0076542655006050005,0.012837530113756001,0.9344117641448971
7938,D-surf,ব্যাজস্তুতি,C,B,0,,0,0.27642849087715105,,0.5095170736312861,0.36003437638282704,2,261,common,country,1,1,1,0.10064008086919701,0.5095170736312861,0.27642849087715105,0.113414317369461
7938,D-sem,ব্যাজস্তুতি,B,B,1,,0,0.37136152386665305,,0.37136152386665305,0.26835423707962003,1,233,common,country,1,1,1,0.157994031906127,0.37136152386665305,0.153482973575592,0.31716150045394903
7938,D-hard,ব্যাজস্তুতি,C,B,0,B,1,0.05809361860156,0.8930815458297731,0.8930815458297731,0.737740159034729,2,217,common,country,1,1,1,0.018728381022810003,0.8930815458297731,0.05809361860156,0.03009645268321
7944,D-rand,ভক্তদাস,B,B,1,,0,0.530755043029785,,0.530755043029785,0.42652472853660506,1,248,rare,country,0,1,1,0.158838406205177,0.530755043029785,0.16078199446201302,0.14962454140186301
7944,D-lit,ভক্তদাস,A,B,0,B,1,0.07453866302967001,0.859394073486328,0.859394073486328,0.679851233959198,0,183,rare,country,0,1,1,0.07453866302967001,0.859394073486328,0.044547054916620005,0.021520255133509
7944,D-surf,ভক্তদাস,C,C,1,,0,0.49390190839767406,,0.49390190839767406,0.299259632825851,2,211,rare,country,0,1,1,0.18151247501373202,0.11436548084020601,0.49390190839767406,0.210220083594322
7944,D-sem,ভক্তদাস,B,B,1,,0,0.409907579421997,,0.409907579421997,0.24835374951362602,1,217,rare,country,0,1,1,0.16942353546619401,0.409907579421997,0.109932616353034,0.310736298561096
7944,D-hard,ভক্তদাস,C,A,0,A,1,0.078133173286914,0.8709577918052671,0.8709577918052671,0.666047751903533,2,204,rare,country,0,1,1,0.8709577918052671,0.031569216400384,0.078133173286914,0.019339846447110003
7950,D-rand,ভজনভাজন,D,B,0,,0,0.30462986230850203,,0.40744915604591303,0.274865865707397,3,230,rare,country,0,1,1,0.100950717926025,0.40744915604591303,0.18697029352188102,0.30462986230850203
7950,D-lit,ভজনভাজন,A,C,0,C,1,0.21351715922355602,0.464357614517211,0.464357614517211,0.345017731189727,0,273,rare,country,0,1,1,0.21351715922355602,0.11794571578502601,0.464357614517211,0.20417954027652702
7950,D-surf,ভজনভাজন,B,B,1,,0,0.412358939647674,,0.412358939647674,0.29908668994903503,1,225,rare,country,0,1,1,0.262147396802902,0.412358939647674,0.16901916265487602,0.156474515795707
7950,D-sem,ভজনভাজন,A,A,1,,0,0.30415800213813704,,0.30415800213813704,0.219575226306915,0,251,rare,country,0,1,1,0.30415800213813704,0.166256040334701,0.301725983619689,0.22785997390747
7950,D-hard,ভজনভাজন,C,D,0,D,1,0.22745940089225702,0.519203066825866,0.519203066825866,0.347214460372924,2,304,rare,country,0,1,1,0.09269544482231101,0.16064205765724102,0.22745940089225702,0.519203066825866
7960,D-rand,ভবি ভোলবার নয়,B,B,1,,0,0.5542107820510861,,0.5542107820510861,0.34252017736434903,1,213,common,country,0,0,3,0.12374075502157202,0.5542107820510861,0.19095768034458102,0.131090730428695
7960,D-lit,ভবি ভোলবার নয়,A,B,0,B,1,0.36390084028244,0.420006066560745,0.420006066560745,0.290456533432006,0,257,common,country,0,0,3,0.36390084028244,0.420006066560745,0.138201639056205,0.077891521155834
7960,D-surf,ভবি ভোলবার নয়,B,B,1,,0,0.41379803419113104,,0.41379803419113104,0.276677548885345,1,268,common,country,0,0,3,0.19196818768978102,0.41379803419113104,0.18857342004776,0.20566031336784302
7960,D-sem,ভবি ভোলবার নয়,B,B,1,,0,0.499294966459274,,0.499294966459274,0.25345593690872104,1,240,common,country,0,0,3,0.327117830514907,0.499294966459274,0.09286955744028001,0.080717585980892
7960,D-hard,ভবি ভোলবার নয়,B,A,0,A,1,0.34358915686607305,0.37542602419853205,0.37542602419853205,0.23916780948638902,1,275,common,country,0,0,3,0.37542602419853205,0.34358915686607305,0.17354314029216703,0.107441611588001
7961,D-rand,ভবের খেয়া,C,A,0,,0,0.18044574558734802,,0.319309055805206,0.200427502393722,2,216,rare,deep rural,0,1,2,0.319309055805206,0.308670818805694,0.18044574558734802,0.19157439470291102
7961,D-lit,ভবের খেয়া,D,C,0,C,1,0.025492500513792003,0.897285103797912,0.897285103797912,0.772423505783081,3,205,rare,deep rural,0,1,2,0.047794040292501005,0.029428306967020004,0.897285103797912,0.025492500513792003
7961,D-surf,ভবের খেয়া,C,B,0,,0,0.15160320699214902,,0.38308882713317804,0.27488499879837003,2,170,rare,deep rural,0,1,2,0.22299964725971202,0.38308882713317804,0.15160320699214902,0.24230831861495902
7961,D-sem,ভবের খেয়া,B,D,0,,0,0.24040944874286602,,0.30152770876884405,0.207862764596939,1,193,rare,deep rural,0,1,2,0.20282334089279103,0.24040944874286602,0.25523954629898005,0.30152770876884405
7961,D-hard,ভবের খেয়া,B,C,0,C,1,0.031878359615802,0.9023780226707451,0.9023780226707451,0.8329969048500061,1,163,rare,deep rural,0,1,2,0.036922093480825,0.031878359615802,0.9023780226707451,0.028821539133787002
7968,D-rand,ভরমের টাটি,D,D,1,,0,0.430763274431228,,0.430763274431228,0.23294441401958402,3,221,rare,country,0,0,2,0.25912255048751803,0.13768440485000602,0.172429740428924,0.430763274431228
7968,D-lit,ভরমের টাটি,B,C,0,C,1,0.016285387799143,0.9555233120918271,0.9555233120918271,0.8005353212356561,1,332,rare,country,0,0,2,0.018975172191858,0.016285387799143,0.9555233120918271,0.009216187521815
7968,D-surf,ভরমের টাটি,D,D,1,,0,0.30004063248634305,,0.30004063248634305,0.18683852255344302,3,274,rare,country,0,0,2,0.16448874771595,0.27444097399711603,0.26102969050407404,0.30004063248634305
7968,D-sem,ভরমের টাটি,D,A,0,,0,0.307231068611145,,0.35878190398216203,0.20883965492248502,3,198,rare,country,0,0,2,0.35878190398216203,0.21197091042995403,0.12201615422964,0.307231068611145
7968,D-hard,ভরমের টাটি,C,A,0,A,1,0.015029092319309002,0.9622825980186461,0.9622825980186461,0.7945476174354551,2,287,rare,country,0,0,2,0.9622825980186461,0.010310707613825,0.015029092319309002,0.012377529405057002
7970,D-rand,ভরাডুবি,C,A,0,,0,0.257272571325302,,0.37781092524528503,0.24982625246047901,2,241,common,country,0,0,1,0.37781092524528503,0.21178296208381603,0.257272571325302,0.153133496642112
7970,D-lit,ভরাডুবি,D,B,0,B,1,0.064840078353881,0.790501117706298,0.790501117706298,0.517524898052215,3,303,common,country,0,0,1,0.07686573266983,0.790501117706298,0.067793115973472,0.064840078353881
7970,D-surf,ভরাডুবি,C,A,0,,0,0.25089097023010204,,0.32545778155326804,0.22196646034717502,2,263,common,country,0,0,1,0.32545778155326804,0.212027505040168,0.25089097023010204,0.21162377297878202
7970,D-sem,ভরাডুবি,D,A,0,,0,0.235076710581779,,0.295046389102935,0.162325531244277,3,183,common,country,0,0,1,0.295046389102935,0.24216228723526,0.22771461308002403,0.235076710581779
7970,D-hard,ভরাডুবি,B,C,0,C,1,0.07516561448574001,0.79740971326828,0.79740971326828,0.57052081823349,1,229,common,country,0,0,1,0.07668400555849,0.07516561448574001,0.79740971326828,0.050740730017423005
7973,D-rand,ভল্লুকজ্বর,A,D,0,,0,0.28821679949760404,,0.316933155059814,0.19900660216808302,0,186,rare,country,0,0,1,0.28821679949760404,0.16224472224712302,0.232605367898941,0.316933155059814
7973,D-lit,ভল্লুকজ্বর,B,D,0,D,1,0.021347563713788,0.858114123344421,0.858114123344421,0.722039341926574,1,196,rare,country,0,0,1,0.027527743950486003,0.021347563713788,0.0930105894804,0.858114123344421
7973,D-surf,ভল্লুকজ্বর,D,B,0,,0,0.22158887982368403,,0.39635714888572604,0.21860466897487602,3,260,rare,country,0,0,1,0.187906995415687,0.39635714888572604,0.194146960973739,0.22158887982368403
7973,D-sem,ভল্লুকজ্বর,B,B,1,,0,0.28594174981117204,,0.28594174981117204,0.20570796728134103,1,155,rare,country,0,0,1,0.20999380946159302,0.28594174981117204,0.24824665486812503,0.255817830562591
7973,D-hard,ভল্লুকজ্বর,C,D,0,D,1,0.021040733903646,0.9363598227500911,0.9363598227500911,0.7780573964118951,2,181,rare,country,0,0,1,0.020489362999796,0.022110087797045003,0.021040733903646,0.9363598227500911
7979,D-rand,ভাঁড়ে মা ভবানী,B,C,0,,0,0.252729564905166,,0.423314660787582,0.221020609140396,1,214,common,country,0,1,3,0.17496420443058,0.252729564905166,0.423314660787582,0.148991614580154
7979,D-lit,ভাঁড়ে মা ভবানী,A,C,0,C,1,0.05839280784130001,0.852096855640411,0.852096855640411,0.714809715747833,0,270,common,country,0,1,3,0.05839280784130001,0.02800054103136,0.852096855640411,0.06150975078344301
7979,D-surf,ভাঁড়ে মা ভবানী,D,A,0,,0,0.223911315202713,,0.40732419490814203,0.255081951618194,3,237,common,country,0,1,3,0.40732419490814203,0.209165886044502,0.159598618745803,0.223911315202713
7979,D-sem,ভাঁড়ে মা ভবানী,C,C,1,,0,0.321377158164978,,0.321377158164978,0.22078634798526703,2,300,common,country,0,1,3,0.152368411421775,0.276226878166198,0.321377158164978,0.250027567148208
7979,D-hard,ভাঁড়ে মা ভবানী,C,D,0,D,1,0.039456814527511,0.8758993148803711,0.8758993148803711,0.745143890380859,2,236,common,country,0,1,3,0.052067954093217,0.032575868070125004,0.039456814527511,0.8758993148803711
7982,D-rand,ভাইবাভসি,C,B,0,,0,0.15729816257953602,,0.435838907957077,0.255116045475006,2,171,common,city,0,0,1,0.23079887032508803,0.435838907957077,0.15729816257953602,0.176064103841781
7982,D-lit,ভাইবাভসি,D,C,0,C,1,0.14244583249092102,0.345046907663345,0.345046907663345,0.18762862682342502,3,166,common,city,0,0,1,0.24482370913028703,0.26768359541893,0.345046907663345,0.14244583249092102
7982,D-surf,ভাইবাভসি,B,A,0,,0,0.141681224107742,,0.406926393508911,0.28617498278617803,1,177,common,city,0,0,1,0.406926393508911,0.141681224107742,0.159258648753166,0.292133688926696
7982,D-sem,ভাইবাভসি,C,A,0,,0,0.10180146992206501,,0.566000938415527,0.273153156042099,2,187,common,city,0,0,1,0.566000938415527,0.22213204205036102,0.10180146992206501,0.11006552726030301
7982,D-hard,ভাইবাভসি,C,B,0,B,1,0.15472558140754702,0.41313162446022006,0.41313162446022006,0.15878443419933302,2,224,common,city,0,0,1,0.332000494003295,0.41313162446022006,0.15472558140754702,0.100142322480678
7996,D-rand,ভাগ্যে শিকে ছেঁড়া,A,A,1,,0,0.307035654783248,,0.307035654783248,0.225132837891578,0,203,common,country,0,0,3,0.307035654783248,0.24240599572658503,0.26969560980796803,0.18086276948451901
7996,D-lit,ভাগ্যে শিকে ছেঁড়া,B,D,0,D,1,0.097368255257606,0.7664912939071651,0.7664912939071651,0.602993428707122,1,240,common,country,0,0,3,0.08935175836086201,0.097368255257606,0.046788733452558004,0.7664912939071651
7996,D-surf,ভাগ্যে শিকে ছেঁড়া,B,D,0,,0,0.24707898497581401,,0.505604207515716,0.362489163875579,1,231,common,country,0,0,3,0.07606685906648601,0.24707898497581401,0.171249985694885,0.505604207515716
7996,D-sem,ভাগ্যে শিকে ছেঁড়া,B,D,0,,0,0.11210704594850501,,0.634326159954071,0.610475301742553,1,240,common,country,0,0,3,0.10507931560277901,0.11210704594850501,0.148487478494644,0.634326159954071
7996,D-hard,ভাগ্যে শিকে ছেঁড়া,C,D,0,D,1,0.086460784077644,0.737323939800262,0.737323939800262,0.63306176662445,2,204,common,country,0,0,3,0.089416362345218,0.086798898875713,0.086460784077644,0.737323939800262
7997,D-rand,ভাঙচুর,B,D,0,,0,0.26769089698791504,,0.3521628677845,0.222162798047065,1,190,common,country,0,0,1,0.22688931226730302,0.26769089698791504,0.15325690805912,0.3521628677845
7997,D-lit,ভাঙচুর,C,B,0,B,1,0.010986927896738,0.9599974155426021,0.9599974155426021,0.8480474352836601,2,186,common,country,0,0,1,0.007192037068307001,0.9599974155426021,0.010986927896738,0.021823631599545
7997,D-surf,ভাঙচুর,D,B,0,,0,0.266367971897125,,0.30309706926345803,0.27966758608818004,3,252,common,country,0,0,1,0.21967050433158802,0.30309706926345803,0.210864409804344,0.266367971897125
7997,D-sem,ভাঙচুর,C,D,0,,0,0.316269993782043,,0.32908388972282404,0.205771371722221,2,195,common,country,0,0,1,0.19554454088211,0.15910159051418302,0.316269993782043,0.32908388972282404
7997,D-hard,ভাঙচুর,A,D,0,D,1,0.010520096868276001,0.9734892249107361,0.9734892249107361,0.8665744662284851,0,218,common,country,0,0,1,0.010520096868276001,0.005612136330455,0.010378591716289002,0.9734892249107361
7998,D-rand,ভাঙন,B,A,0,,0,0.18982109427452,,0.332551449537277,0.21268066763877802,1,227,common,country,0,0,1,0.332551449537277,0.18982109427452,0.259128898382186,0.218498587608337
7998,D-lit,ভাঙন,D,B,0,B,1,0.008626253344118,0.9520332813262941,0.9520332813262941,0.8099979162216181,3,277,common,country,0,0,1,0.03319863975048,0.9520332813262941,0.006141858175396001,0.008626253344118
7998,D-surf,ভাঙন,A,B,0,,0,0.225614234805107,,0.295048922300338,0.212384149432182,0,246,common,country,0,0,1,0.225614234805107,0.295048922300338,0.24706257879734003,0.23227421939373002
7998,D-sem,ভাঙন,C,D,0,,0,0.145200595259666,,0.38923126459121704,0.24974875152111,2,232,common,country,0,0,1,0.31757444143295205,0.14799374341964702,0.145200595259666,0.38923126459121704
7998,D-hard,ভাঙন,B,D,0,D,1,0.010407780297100001,0.9567102789878841,0.9567102789878841,0.8442720770835871,1,176,common,country,0,0,1,0.023831577971577003,0.010407780297100001,0.009050352498888001,0.9567102789878841
7999,D-rand,ভাঙা কপাল,D,C,0,,0,0.30442455410957303,,0.338965415954589,0.18566471338272,3,237,very common,country,0,0,2,0.11136525869369501,0.24524477124214103,0.338965415954589,0.30442455410957303
7999,D-lit,ভাঙা কপাল,B,D,0,D,1,0.012186176143586,0.9709146022796631,0.9709146022796631,0.8724365234375,1,239,very common,country,0,0,2,0.009695007465779,0.012186176143586,0.007204270455986,0.9709146022796631
7999,D-surf,ভাঙা কপাল,B,B,1,,0,0.34846842288970903,,0.34846842288970903,0.24647177755832603,1,225,very common,country,0,0,2,0.254907250404357,0.34846842288970903,0.231749668717384,0.164874657988548
7999,D-sem,ভাঙা কপাল,C,C,1,,0,0.32639685273170405,,0.32639685273170405,0.203464806079864,2,247,very common,country,0,0,2,0.24889488518238,0.19817511737346602,0.32639685273170405,0.226533100008964
7999,D-hard,ভাঙা কপাল,C,A,0,A,1,0.015325327403843,0.9706512689590451,0.9706512689590451,0.8217422366142271,2,193,very common,country,0,0,2,0.9706512689590451,0.005976901389658,0.015325327403843,0.008046551607549001
8015,D-rand,ভাঙা রেকর্ড বাজানো,C,C,1,,0,0.37560763955116205,,0.37560763955116205,0.45192772150039606,2,232,common,city,0,0,3,0.268373072147369,0.26149451732635504,0.37560763955116205,0.094524726271629
8015,D-lit,ভাঙা রেকর্ড বাজানো,C,D,0,D,1,0.00234369537793,0.9946258664131161,0.9946258664131161,0.9365041851997371,2,203,common,city,0,0,3,0.002194334054365,0.0008361139916810001,0.00234369537793,0.9946258664131161
8015,D-surf,ভাঙা রেকর্ড বাজানো,A,A,1,,0,0.33603763580322205,,0.33603763580322205,0.29920694231987,0,275,common,city,0,0,3,0.33603763580322205,0.21550756692886303,0.259898573160171,0.188556209206581
8015,D-sem,ভাঙা রেকর্ড বাজানো,C,D,0,,0,0.229638949036598,,0.321545332670211,0.212337017059326,2,259,common,city,0,0,3,0.28717923164367604,0.16163648664951302,0.229638949036598,0.321545332670211
8015,D-hard,ভাঙা রেকর্ড বাজানো,C,D,0,D,1,0.002345478860661,0.99541026353836,0.99541026353836,0.9365464448928831,2,196,common,city,0,0,3,0.0007590844179500001,0.001485153916291,0.002345478860661,0.99541026353836
8055,D-rand,ভালোমাথা,C,C,1,,0,0.45076811313629106,,0.45076811313629106,0.301611512899398,2,186,common,country,0,0,1,0.187901973724365,0.22443671524524603,0.45076811313629106,0.136893197894096
8055,D-lit,ভালোমাথা,C,D,0,D,1,0.00636215088889,0.9909091591835021,0.9909091591835021,0.8983693122863771,2,163,common,country,0,0,1,0.0013175794156260001,0.0014111851342020001,0.00636215088889,0.9909091591835021
8055,D-surf,ভালোমাথা,D,D,1,,0,0.621997952461242,,0.621997952461242,0.375789076089859,3,163,common,country,0,0,1,0.056688252836465,0.22077456116676303,0.10053924471139901,0.621997952461242
8055,D-sem,ভালোমাথা,C,C,1,,0,0.44208499789237904,,0.44208499789237904,0.287435472011566,2,238,common,country,0,0,1,0.13524375855922702,0.169010937213897,0.44208499789237904,0.253660291433334
8055,D-hard,ভালোমাথা,A,B,0,B,1,0.00825956184417,0.9697996377944941,0.9697996377944941,0.8973335623741151,0,192,common,country,0,0,1,0.00825956184417,0.9697996377944941,0.020900938659906002,0.001039824681356
8069,D-rand,ভাসুর-ভাবড়বৌ সম্পর্ক,D,D,1,,0,0.49543088674545205,,0.49543088674545205,0.327970921993255,3,212,common,country,0,0,3,0.22171588242053902,0.128253415226936,0.154599741101264,0.49543088674545205
8069,D-lit,ভাসুর-ভাবড়বৌ সম্পর্ক,B,A,0,A,1,0.07204237580299301,0.8750618696212761,0.8750618696212761,0.747532665729522,1,282,common,country,0,0,3,0.8750618696212761,0.07204237580299301,0.033335357904434,0.019560432061553
8069,D-surf,ভাসুর-ভাবড়বৌ সম্পর্ক,B,C,0,,0,0.19007664918899503,,0.541445434093475,0.39269939064979503,1,306,common,country,0,0,3,0.15694923698902102,0.19007664918899503,0.541445434093475,0.11152859777212101
8069,D-sem,ভাসুর-ভাবড়বৌ সম্পর্ক,A,A,1,,0,0.39293488860130305,,0.39293488860130305,0.289174348115921,0,216,common,country,0,0,3,0.39293488860130305,0.193859875202178,0.180517613887786,0.23268762230873102
8069,D-hard,ভাসুর-ভাবড়বৌ সম্পর্ক,D,B,0,B,1,0.051018569618463,0.780693888664245,0.780693888664245,0.6540399789810181,3,329,common,country,0,0,3,0.013665677979588,0.780693888664245,0.154621914029121,0.051018569618463
8086,D-rand,ভিদভিদে,A,B,0,,0,0.185171425342559,,0.386551767587661,0.268315613269805,0,191,common,country,0,0,1,0.185171425342559,0.386551767587661,0.15314102172851501,0.27513578534126204
8086,D-lit,ভিদভিদে,A,B,0,B,1,0.12719134986400601,0.446347147226333,0.446347147226333,0.23573324084281902,0,238,common,country,0,0,1,0.12719134986400601,0.446347147226333,0.208907172083854,0.21755437552928902
8086,D-surf,ভিদভিদে,D,B,0,,0,0.13771975040435702,,0.39506709575653004,0.21449439227581002,3,407,common,country,0,0,1,0.212800234556198,0.39506709575653004,0.25441300868988004,0.13771975040435702
8086,D-sem,ভিদভিদে,A,D,0,,0,0.12367141991853701,,0.45746624469757,0.274810850620269,0,204,common,country,0,0,1,0.12367141991853701,0.21911354362964602,0.19974873960018102,0.45746624469757
8086,D-hard,ভিদভিদে,B,C,0,C,1,0.16465288400650002,0.44958654046058605,0.44958654046058605,0.24704052507877303,1,220,common,country,0,0,1,0.20505878329277002,0.16465288400650002,0.44958654046058605,0.18070177733898102
8091,D-rand,ভীমরতি,B,A,0,,0,0.182338953018188,,0.349939078092575,0.22854024171829201,1,189,rare,country,0,0,1,0.349939078092575,0.182338953018188,0.197186514735221,0.270535498857498
8091,D-lit,ভীমরতি,D,B,0,C,0,0.11656063050031601,0.30178052186965904,0.302588373422622,0.13975740969181,3,225,rare,country,0,0,1,0.279070407152175,0.302588373422622,0.30178052186965904,0.11656063050031601
8091,D-surf,ভীমরতি,B,A,0,,0,0.20391908288002,,0.39662891626358004,0.217495173215866,1,252,rare,country,0,0,1,0.39662891626358004,0.20391908288002,0.19916328787803603,0.20028868317604
8091,D-sem,ভীমরতি,C,A,0,,0,0.23061436414718603,,0.28243738412857,0.193223312497138,2,234,rare,country,0,0,1,0.28243738412857,0.23280704021453802,0.23061436414718603,0.25414121150970403
8091,D-hard,ভীমরতি,D,B,0,C,0,0.08429657667875201,0.21821767091751101,0.5806315541267391,0.287093937397003,3,272,rare,country,0,0,1,0.116854168474674,0.5806315541267391,0.21821767091751101,0.08429657667875201
8097,D-rand,ভুঁড়ো শিয়াল,B,A,0,,0,0.26423266530036904,,0.271173626184463,0.18343234062194802,1,318,common,country,0,0,2,0.271173626184463,0.26423266530036904,0.24867726862430503,0.215916439890861
8097,D-lit,ভুঁড়ো শিয়াল,C,D,0,D,1,0.012973554432392,0.9610521197319031,0.9610521197319031,0.8072484135627741,2,227,common,country,0,0,2,0.017735298722982,0.008239056915044,0.012973554432392,0.9610521197319031
8097,D-surf,ভুঁড়ো শিয়াল,B,D,0,,0,0.236482679843902,,0.35355359315872104,0.260148018598556,1,296,common,country,0,0,2,0.21177402138710003,0.236482679843902,0.19818970561027502,0.35355359315872104
8097,D-sem,ভুঁড়ো শিয়াল,B,D,0,,0,0.275269389152526,,0.293828219175338,0.171309545636177,1,270,common,country,0,0,2,0.24417063593864402,0.275269389152526,0.18673177063465102,0.293828219175338
8097,D-hard,ভুঁড়ো শিয়াল,C,D,0,D,1,0.012982619926333,0.9617283344268791,0.9617283344268791,0.861923992633819,2,290,common,country,0,0,2,0.013702797703444002,0.011586239561438,0.012982619926333,0.9617283344268791
8114,D-rand,ভূত তাড়ানো,A,C,0,,0,0.190292820334434,,0.344345957040786,0.21423281729221302,0,164,common,country,0,1,2,0.190292820334434,0.28015661239624,0.344345957040786,0.185204654932022
8114,D-lit,ভূত তাড়ানো,B,D,0,D,1,0.008069563657045,0.970547020435333,0.970547020435333,0.8245058059692381,1,270,common,country,0,1,2,0.006832745391875001,0.008069563657045,0.014550641179084,0.970547020435333
8114,D-surf,ভূত তাড়ানো,B,D,0,,0,0.017617177218198003,,0.9221966862678521,0.7973055243492121,1,231,common,country,0,1,2,0.038644935935735,0.017617177218198003,0.021541180089116003,0.9221966862678521
8114,D-sem,ভূত তাড়ানো,B,C,0,,0,0.187988147139549,,0.349205404520034,0.28439241647720304,1,225,common,country,0,1,2,0.222095504403114,0.187988147139549,0.349205404520034,0.24071089923381803
8114,D-hard,ভূত তাড়ানো,B,C,0,C,1,0.01311547588557,0.9381905198097221,0.9381905198097221,0.7940210103988641,1,203,common,country,0,1,2,0.034926928579807004,0.01311547588557,0.9381905198097221,0.013767090626060002
8152,D-rand,ভেবেই খুন,B,B,1,,0,0.6737347841262811,,0.6737347841262811,0.48600393533706604,1,169,common,country,0,0,2,0.13648450374603202,0.6737347841262811,0.14417028427124,0.045610409229993
8152,D-lit,ভেবেই খুন,B,A,0,A,1,0.292341083288192,0.578173756599426,0.578173756599426,0.40207910537719704,1,204,common,country,0,0,2,0.578173756599426,0.292341083288192,0.10271564126014701,0.026769509539008002
8152,D-surf,ভেবেই খুন,C,B,0,,0,0.195535600185394,,0.703815400600433,0.569845259189605,2,199,common,country,0,0,2,0.06674755364656401,0.703815400600433,0.195535600185394,0.033901419490575
8152,D-sem,ভেবেই খুন,C,C,1,,0,0.53139704465866,,0.53139704465866,0.36783283948898304,2,176,common,country,0,0,2,0.174984142184257,0.21089611947536402,0.53139704465866,0.0827227383852
8152,D-hard,ভেবেই খুন,B,A,0,A,1,0.30499613285064703,0.6031674146652221,0.6031674146652221,0.40060976147651606,1,195,common,country,0,0,2,0.6031674146652221,0.30499613285064703,0.051972046494483004,0.039864432066679
8172,D-rand,ভোম্বলদাস,D,D,1,,0,0.319134533405303,,0.319134533405303,0.167934522032737,3,223,common,country,0,0,1,0.20339855551719602,0.281114786863327,0.196352124214172,0.319134533405303
8172,D-lit,ভোম্বলদাস,B,D,0,D,1,0.030016692355275,0.9225056767463681,0.9225056767463681,0.716688215732574,1,262,common,country,0,0,1,0.034325893968343,0.030016692355275,0.013151786290109001,0.9225056767463681
8172,D-surf,ভোম্বলদাস,B,B,1,,0,0.376916408538818,,0.376916408538818,0.16787661612033802,1,203,common,country,0,0,1,0.171660676598548,0.376916408538818,0.32428169250488204,0.127141162753105
8172,D-sem,ভোম্বলদাস,D,B,0,,0,0.299856126308441,,0.41597720980644204,0.18013367056846602,3,175,common,country,0,0,1,0.122120469808578,0.41597720980644204,0.162046208977699,0.299856126308441
8172,D-hard,ভোম্বলদাস,C,A,0,A,1,0.033438015729188,0.9086253046989441,0.9086253046989441,0.695572853088378,2,243,common,country,0,0,1,0.9086253046989441,0.026195896789431003,0.033438015729188,0.031740821897983
8177,D-rand,ভ্যাজর-ভ্যাজর,C,C,1,,0,0.35873344540596,,0.35873344540596,0.174656257033348,2,267,common,country,0,0,2,0.186729401350021,0.28150576353073103,0.35873344540596,0.17303138971328702
8177,D-lit,ভ্যাজর-ভ্যাজর,C,C,1,B,0,0.325292289257049,0.32305678725242604,0.325292289257049,0.18074540793895702,2,252,common,country,0,0,2,0.19388453662395402,0.32305678725242604,0.325292289257049,0.15776641666889102
8177,D-surf,ভ্যাজর-ভ্যাজর,C,B,0,,0,0.334736198186874,,0.39579236507415705,0.26842600107192904,2,237,common,country,0,0,2,0.13721634447574602,0.39579236507415705,0.334736198186874,0.13225507736206002
8177,D-sem,ভ্যাজর-ভ্যাজর,A,A,1,,0,0.36777612566947904,,0.36777612566947904,0.193473070859909,0,265,common,country,0,0,2,0.36777612566947904,0.12216593325138,0.29840239882469105,0.21165554225444702
8177,D-hard,ভ্যাজর-ভ্যাজর,D,A,0,A,1,0.288612753152847,0.29531228542327803,0.29531228542327803,0.17803765833377802,3,257,common,country,0,0,2,0.29531228542327803,0.13259568810462902,0.283479303121566,0.288612753152847
8186,D-rand,ভ্রামরী মিত্র,D,D,1,,0,0.40507268905639604,,0.40507268905639604,0.278767138719558,3,327,rare,country,0,0,2,0.250095665454864,0.238866999745368,0.10596470534801401,0.40507268905639604
8186,D-lit,ভ্রামরী মিত্র,B,D,0,D,1,0.16075573861598902,0.551480650901794,0.551480650901794,0.39875328540802,1,353,rare,country,0,0,2,0.07120011001825301,0.16075573861598902,0.216563507914543,0.551480650901794
8186,D-surf,ভ্রামরী মিত্র,A,D,0,,0,0.316057682037353,,0.43703448772430403,0.23996876180171903,0,330,rare,country,0,0,2,0.316057682037353,0.15174041688442202,0.09516744315624201,0.43703448772430403
8186,D-sem,ভ্রামরী মিত্র,D,D,1,,0,0.470759570598602,,0.470759570598602,0.32966536283493003,3,217,rare,country,0,0,2,0.11609316617250401,0.16410693526268003,0.24904023110866502,0.470759570598602
8186,D-hard,ভ্রামরী মিত্র,A,C,0,C,1,0.165990442037582,0.539158523082733,0.539158523082733,0.34702271223068204,0,294,rare,country,0,0,2,0.165990442037582,0.23950834572315202,0.539158523082733,0.055342707782983
8193,D-rand,মক-মক করা,A,C,0,,0,0.118836417794227,,0.592314779758453,0.32303178310394204,0,254,common,country,0,0,3,0.118836417794227,0.243097350001335,0.592314779758453,0.045751400291919
8193,D-lit,মক-মক করা,C,B,0,B,1,0.21127454936504303,0.376890480518341,0.376890480518341,0.18126063048839502,2,275,common,country,0,0,3,0.26098519563674905,0.376890480518341,0.21127454936504303,0.150849714875221
8193,D-surf,মক-মক করা,A,C,0,,0,0.15502780675888,,0.38720017671585005,0.185841456055641,0,190,common,country,0,0,3,0.15502780675888,0.15328049659729,0.38720017671585005,0.304491519927978
8193,D-sem,মক-মক করা,D,B,0,,0,0.22252133488655002,,0.31250897049903803,0.146500155329704,3,244,common,country,0,0,3,0.271386623382568,0.31250897049903803,0.193583071231842,0.22252133488655002
8193,D-hard,মক-মক করা,C,A,0,B,0,0.140787959098815,0.25114646553993203,0.44690772891044606,0.21253848075866702,2,240,common,country,0,0,3,0.44690772891044606,0.25114646553993203,0.140787959098815,0.161157816648483
8197,D-rand,মগজ খালি করা,C,B,0,,0,0.25672277808189303,,0.41547515988349903,0.23853738605976102,2,333,common,country,0,0,3,0.133730098605155,0.41547515988349903,0.25672277808189303,0.19407196342945102
8197,D-lit,মগজ খালি করা,A,C,0,C,1,0.08263728022575301,0.798000454902648,0.798000454902648,0.5626981854438781,0,257,common,country,0,0,3,0.08263728022575301,0.049862116575241006,0.798000454902648,0.06950015574693601
8197,D-surf,মগজ খালি করা,D,B,0,,0,0.272819548845291,,0.373969078063964,0.192096084356307,3,267,common,country,0,0,3,0.20510964095592502,0.373969078063964,0.148101687431335,0.272819548845291
8197,D-sem,মগজ খালি করা,C,A,0,,0,0.21871595084667203,,0.35353395342826804,0.19826340675354,2,281,common,country,0,0,3,0.35353395342826804,0.11635284870862901,0.21871595084667203,0.311397224664688
8197,D-hard,মগজ খালি করা,D,B,0,B,1,0.081383034586906,0.820724606513977,0.820724606513977,0.5592665076255791,3,257,common,country,0,0,3,0.065233327448368,0.820724606513977,0.032659042626619006,0.081383034586906
8207,D-rand,মজা দেখা,C,C,1,,0,0.34251299500465304,,0.34251299500465304,0.19271032512187902,2,229,common,country,0,0,2,0.29593211412429804,0.225013598799705,0.34251299500465304,0.136541277170181
8207,D-lit,মজা দেখা,A,B,0,B,1,0.006276525557041001,0.989800631999969,0.989800631999969,0.866620182991027,0,185,common,country,0,0,2,0.006276525557041001,0.989800631999969,0.002507933415472,0.0014148630434640001
8207,D-surf,মজা দেখা,A,B,0,,0,0.10305524617433501,,0.737656831741333,0.5800090432167051,0,302,common,country,0,0,2,0.10305524617433501,0.737656831741333,0.084623076021671,0.07466487586498201
8207,D-sem,মজা দেখা,C,C,1,,0,0.393772006034851,,0.393772006034851,0.228411301970481,2,262,common,country,0,0,2,0.241406932473182,0.20294085144996601,0.393772006034851,0.161880210041999
8207,D-hard,মজা দেখা,A,B,0,B,1,0.0062548555433750005,0.9864454865455621,0.9864454865455621,0.8734912276268001,0,262,common,country,0,0,2,0.0062548555433750005,0.9864454865455621,0.004756850656121,0.0025428754743180002
8272,D-rand,মন ভুলানো,D,D,1,,0,0.482814103364944,,0.482814103364944,0.299889057874679,3,264,common,country,0,0,2,0.162161380052566,0.18219232559204102,0.172832146286964,0.482814103364944
8272,D-lit,মন ভুলানো,C,B,0,B,1,0.055930472910404004,0.9158740043640131,0.9158740043640131,0.7273101806640621,2,303,common,country,0,0,2,0.014814160764217002,0.9158740043640131,0.055930472910404004,0.013381373137235001
8272,D-surf,মন ভুলানো,B,B,1,,0,0.517589211463928,,0.517589211463928,0.33402356505393904,1,243,common,country,0,0,2,0.22905328869819602,0.517589211463928,0.056262012571096004,0.197095483541488
8272,D-sem,মন ভুলানো,C,D,0,,0,0.22280403971672003,,0.656022489070892,0.387504607439041,2,207,common,country,0,0,2,0.024167140945792,0.097006320953369,0.22280403971672003,0.656022489070892
8272,D-hard,মন ভুলানো,B,C,0,C,1,0.051750246435403005,0.861599326133728,0.861599326133728,0.6922803521156311,1,198,common,country,0,0,2,0.027966465801000002,0.051750246435403005,0.861599326133728,0.05868393927812501
8276,D-rand,মন মরা,A,D,0,,0,0.22689966857433302,,0.281941711902618,0.19713537395000402,0,205,very common,country,0,0,2,0.22689966857433302,0.20925639569759302,0.28190225362777704,0.281941711902618
8276,D-lit,মন মরা,D,A,0,A,1,0.06331408768892201,0.71954745054245,0.71954745054245,0.46261230111122104,3,187,very common,country,0,0,2,0.71954745054245,0.10377699136734,0.11336151510477001,0.06331408768892201
8276,D-surf,মন মরা,B,C,0,,0,0.043599657714366004,,0.780941247940063,0.519175231456756,1,247,very common,country,0,0,2,0.042889606207609,0.043599657714366004,0.780941247940063,0.132569462060928
8276,D-sem,মন মরা,B,D,0,,0,0.17399650812149,,0.342337757349014,0.221072018146514,1,275,very common,country,0,0,2,0.27175834774971,0.17399650812149,0.21190738677978502,0.342337757349014
8276,D-hard,মন মরা,A,B,0,B,1,0.068493492901325,0.768945217132568,0.768945217132568,0.519758224487304,0,153,very common,country,0,0,2,0.068493492901325,0.768945217132568,0.049657974392175,0.11290330439805901
8292,D-rand,মনুষ্যপদবাচ্য,A,A,1,,0,0.6243159770965571,,0.6243159770965571,0.402283698320388,0,176,rare,country,1,0,1,0.6243159770965571,0.114864960312843,0.185753270983695,0.07506577670574101
8292,D-lit,মনুষ্যপদবাচ্য,C,C,1,D,0,0.47671982645988403,0.35173499584198,0.47671982645988403,0.26818621158599804,2,203,rare,country,1,0,1,0.132030799984931,0.039514392614364006,0.47671982645988403,0.35173499584198
8292,D-surf,মনুষ্যপদবাচ্য,C,C,1,,0,0.6718458533287041,,0.6718458533287041,0.416855722665786,2,226,rare,country,1,0,1,0.090277433395385,0.091894559562206,0.6718458533287041,0.145982190966606
8292,D-sem,মনুষ্যপদবাচ্য,A,A,1,,0,0.657874703407287,,0.657874703407287,0.36540874838829,0,193,rare,country,1,0,1,0.657874703407287,0.082235001027584,0.216301441192626,0.043588817119598
8292,D-hard,মনুষ্যপদবাচ্য,C,C,1,A,0,0.453811377286911,0.334687203168869,0.453811377286911,0.30819317698478704,2,225,rare,country,1,0,1,0.334687203168869,0.051900099962949,0.453811377286911,0.159601330757141
8299,D-rand,মনে জানা,A,A,1,,0,0.860466957092285,,0.860466957092285,0.6325938105583191,0,220,common,country,0,0,2,0.860466957092285,0.053832560777664004,0.031892359256744,0.053808066993951006
8299,D-lit,মনে জানা,B,A,0,A,1,0.193016722798347,0.7679062485694881,0.7679062485694881,0.541026771068573,1,177,common,country,0,0,2,0.7679062485694881,0.193016722798347,0.017596988007426,0.021479969844222003
8299,D-surf,মনে জানা,D,A,0,,0,0.304877310991287,,0.53899747133255,0.392125308513641,3,189,common,country,0,0,2,0.53899747133255,0.11444141715765,0.041683848947286,0.304877310991287
8299,D-sem,মনে জানা,B,B,1,,0,0.555744111537933,,0.555744111537933,0.290112644433975,1,228,common,country,0,0,2,0.05831180140376001,0.555744111537933,0.30347678065299905,0.08246731013059601
8299,D-hard,মনে জানা,A,C,0,C,1,0.19610320031642903,0.654584348201751,0.654584348201751,0.519023060798645,0,156,common,country,0,0,2,0.19610320031642903,0.041206981986761,0.654584348201751,0.10810545831918701
8310,D-rand,মনে হওয়া,D,D,1,,0,0.844426333904266,,0.844426333904266,0.60553753376007,3,203,very common,country,1,0,2,0.072472259402275,0.055582638829946004,0.027518801391124004,0.844426333904266
8310,D-lit,মনে হওয়া,A,B,0,B,1,0.25417312979698103,0.721296489238739,0.721296489238739,0.59102725982666,0,223,very common,country,1,0,2,0.25417312979698103,0.721296489238739,0.019247874617576002,0.005282538011670001
8310,D-surf,মনে হওয়া,A,A,1,,0,0.738150656223297,,0.738150656223297,0.579212307929992,0,292,very common,country,1,0,2,0.738150656223297,0.10874978452920901,0.127987176179885,0.025112386792898
8310,D-sem,মনে হওয়া,B,B,1,,0,0.5223869681358331,,0.5223869681358331,0.36147701740264804,1,219,very common,country,1,0,2,0.409543961286544,0.5223869681358331,0.038212202489376006,0.029856903478503
8310,D-hard,মনে হওয়া,B,D,0,D,1,0.23815107345581002,0.7000874280929561,0.7000874280929561,0.543952584266662,1,222,very common,country,1,0,2,0.038520194590091004,0.23815107345581002,0.02324128895998,0.7000874280929561
8332,D-rand,মন্দচোখ,D,B,0,,0,0.26571843028068504,,0.32168483734130804,0.16271916031837402,3,179,common,country,0,1,1,0.215937241911888,0.32168483734130804,0.19665950536727902,0.26571843028068504
8332,D-lit,মন্দচোখ,C,A,0,A,1,0.007896936498582,0.9740624427795411,0.9740624427795411,0.8284440040588371,2,165,common,country,0,1,1,0.9740624427795411,0.011104029603302,0.007896936498582,0.00693663675338
8332,D-surf,মন্দচোখ,D,C,0,,0,0.24847292900085402,,0.313771665096282,0.19079452753067003,3,215,common,country,0,1,1,0.19418364763259802,0.24357171356678,0.313771665096282,0.24847292900085402
8332,D-sem,মন্দচোখ,D,B,0,,0,0.20099499821662903,,0.392962127923965,0.178253680467605,3,177,common,country,0,1,1,0.23067826032638503,0.392962127923965,0.17536462843418102,0.20099499821662903
8332,D-hard,মন্দচোখ,C,D,0,D,1,0.0051574525423340005,0.984093725681304,0.984093725681304,0.8505862951278681,2,158,common,country,0,1,1,0.006988358683884001,0.0037604749668380005,0.0051574525423340005,0.984093725681304
8364,D-rand,মরার সময় নেই,C,C,1,,0,0.32485681772232,,0.32485681772232,0.201627328991889,2,195,common,country,0,0,3,0.176834613084793,0.18681977689266202,0.32485681772232,0.311488777399063
8364,D-lit,মরার সময় নেই,D,C,0,C,1,0.104825749993324,0.7674200534820551,0.7674200534820551,0.48193427920341403,3,219,common,country,0,0,3,0.052442863583564,0.07531131058931301,0.7674200534820551,0.104825749993324
8364,D-surf,মরার সময় নেই,B,B,1,,0,0.320903122425079,,0.320903122425079,0.203897610306739,1,288,common,country,0,0,3,0.15040348470211,0.320903122425079,0.270023226737976,0.25867018103599504
8364,D-sem,মরার সময় নেই,A,A,1,,0,0.392302900552749,,0.392302900552749,0.18024608492851202,0,193,common,country,0,0,3,0.392302900552749,0.23289550840854603,0.12621600925922302,0.248585581779479
8364,D-hard,মরার সময় নেই,B,A,0,A,1,0.10904648900032,0.752580046653747,0.752580046653747,0.527668714523315,1,217,common,country,0,0,3,0.752580046653747,0.10904648900032,0.098630249500274,0.039743181318044
8370,D-rand,মর্কটীয় বুদ্ধি,B,B,1,,0,0.7738619446754451,,0.7738619446754451,0.5509793162345881,1,198,common,country,0,0,2,0.057284738868474,0.7738619446754451,0.06424156576395,0.104611791670322
8370,D-lit,মর্কটীয় বুদ্ধি,B,A,0,A,1,0.40119281411170904,0.552556574344635,0.552556574344635,0.27052885293960505,1,233,common,country,0,0,2,0.552556574344635,0.40119281411170904,0.033563956618309,0.012686692178249002
8370,D-surf,মর্কটীয় বুদ্ধি,A,A,1,,0,0.6408230066299431,,0.6408230066299431,0.39678874611854503,0,199,common,country,0,0,2,0.6408230066299431,0.282969951629638,0.043862082064151,0.032344911247491004
8370,D-sem,মর্কটীয় বুদ্ধি,B,B,1,,0,0.7824214696884151,,0.7824214696884151,0.538592457771301,1,201,common,country,0,0,2,0.046514965593814,0.7824214696884151,0.112836576998233,0.05822701007127701
8370,D-hard,মর্কটীয় বুদ্ধি,A,C,0,B,0,0.242966845631599,0.32068595290184004,0.4063720703125,0.26181641221046403,0,204,common,country,0,0,2,0.242966845631599,0.32068595290184004,0.4063720703125,0.029975129291415003
8380,D-rand,মস্তিষ্কচর্চা,C,B,0,,0,0.14414453506469702,,0.402903616428375,0.265566885471344,2,240,common,country,0,0,1,0.188989728689193,0.402903616428375,0.14414453506469702,0.26396220922470004
8380,D-lit,মস্তিষ্কচর্চা,A,C,0,C,1,0.017803320661187002,0.925311148166656,0.925311148166656,0.7264297604560851,0,213,common,country,0,0,1,0.017803320661187002,0.025361189618706002,0.925311148166656,0.031524304300546
8380,D-surf,মস্তিষ্কচর্চা,D,A,0,,0,0.11684349924325901,,0.350740671157836,0.191856190562248,3,294,common,country,0,0,1,0.350740671157836,0.26665315032005305,0.26576268672943104,0.11684349924325901
8380,D-sem,মস্তিষ্কচর্চা,D,A,0,,0,0.113571815192699,,0.35451477766036904,0.197413817048072,3,208,common,country,0,0,1,0.35451477766036904,0.273741066455841,0.25817233324050903,0.113571815192699
8380,D-hard,মস্তিষ্কচর্চা,A,D,0,D,1,0.011267479509115,0.947098314762115,0.947098314762115,0.792276799678802,0,226,common,country,0,0,1,0.011267479509115,0.016733333468437,0.0249008461833,0.947098314762115
8381,D-rand,মস্তিষ্কবিকৃতি,C,C,1,,0,0.40281447768211304,,0.40281447768211304,0.18796694278717002,2,192,rare,country,0,0,1,0.272085130214691,0.153877228498458,0.40281447768211304,0.17122319340705802
8381,D-lit,মস্তিষ্কবিকৃতি,C,B,0,B,1,0.097369074821472,0.801038742065429,0.801038742065429,0.561536192893981,2,159,rare,country,0,0,1,0.06669042259454701,0.801038742065429,0.097369074821472,0.034901745617389006
8381,D-surf,মস্তিষ্কবিকৃতি,B,B,1,,0,0.34954449534416204,,0.34954449534416204,0.164855286478996,1,217,rare,country,0,0,1,0.25807633996009804,0.34954449534416204,0.15998063981533,0.23239846527576402
8381,D-sem,মস্তিষ্কবিকৃতি,B,B,1,,0,0.381140828132629,,0.381140828132629,0.151802614331245,1,200,rare,country,0,0,1,0.37050712108612005,0.381140828132629,0.09730755537748301,0.151044458150863
8381,D-hard,মস্তিষ্কবিকৃতি,D,A,0,A,1,0.110174611210823,0.7893069386482231,0.7893069386482231,0.5445181131362911,3,185,rare,country,0,0,1,0.7893069386482231,0.06077418848872101,0.039744332432746006,0.110174611210823
8386,D-rand,মহাব্রাহ্মণ,C,C,1,,0,0.598138332366943,,0.598138332366943,0.47893106937408403,2,302,rare,country,0,1,1,0.161686703562736,0.134762182831764,0.598138332366943,0.10541272163391101
8386,D-lit,মহাব্রাহ্মণ,B,A,0,A,1,0.037934254854917006,0.951944708824157,0.951944708824157,0.8516959547996521,1,251,rare,country,0,1,1,0.951944708824157,0.037934254854917006,0.004534709267318001,0.005586419720202
8386,D-surf,মহাব্রাহ্মণ,B,B,1,,0,0.6083381175994871,,0.6083381175994871,0.42736607789993203,1,230,rare,country,0,1,1,0.143670946359634,0.6083381175994871,0.18167693912982902,0.06631401926279
8386,D-sem,মহাব্রাহ্মণ,A,A,1,,0,0.48222103714942904,,0.48222103714942904,0.352412223815917,0,319,rare,country,0,1,1,0.48222103714942904,0.192953437566757,0.252527564764022,0.07229802012443501
8386,D-hard,মহাব্রাহ্মণ,B,A,0,A,1,0.037779051810503006,0.9480616450309751,0.9480616450309751,0.828682005405426,1,207,rare,country,0,1,1,0.9480616450309751,0.037779051810503006,0.006945049855858001,0.0072142472490660005
8388,D-rand,মহাভারত অশুদ্ধ হওয়া,D,B,0,,0,0.225431710481643,,0.359493911266326,0.23103053867816903,3,231,common,country,1,1,3,0.241509541869163,0.359493911266326,0.17356479167938202,0.225431710481643
8388,D-lit,মহাভারত অশুদ্ধ হওয়া,B,D,0,D,1,0.016846757382154,0.930263340473175,0.930263340473175,0.781144142150878,1,267,common,country,1,1,3,0.015044287778437,0.016846757382154,0.037845592945814,0.930263340473175
8388,D-surf,মহাভারত অশুদ্ধ হওয়া,D,B,0,,0,0.28241422772407504,,0.39763078093528703,0.219687566161155,3,198,common,country,1,1,3,0.08434718847274701,0.39763078093528703,0.23560780286788902,0.28241422772407504
8388,D-sem,মহাভারত অশুদ্ধ হওয়া,B,C,0,,0,0.181183949112892,,0.35657441616058305,0.233225554227828,1,282,common,country,1,1,3,0.183476224541664,0.181183949112892,0.35657441616058305,0.278765380382537
8388,D-hard,মহাভারত অশুদ্ধ হওয়া,A,C,0,C,1,0.023965772241353003,0.87796264886856,0.87796264886856,0.7456035017967221,0,290,common,country,1,1,3,0.023965772241353003,0.08163778483867601,0.87796264886856,0.01643387414515
8406,D-rand,মাছিটিও নেই,C,A,0,,0,0.243855386972427,,0.265716612339019,0.12703114748001101,2,290,common,country,0,0,2,0.265716612339019,0.25412580370903004,0.243855386972427,0.236302211880683
8406,D-lit,মাছিটিও নেই,B,D,0,D,1,0.030097832903265002,0.922490060329437,0.922490060329437,0.7044243216514581,1,287,common,country,0,0,2,0.028556982055306,0.030097832903265002,0.018855087459087,0.922490060329437
8406,D-surf,মাছিটিও নেই,C,B,0,,0,0.21432974934577903,,0.49018308520317005,0.273035317659378,2,232,common,country,0,0,2,0.167943507432937,0.49018308520317005,0.21432974934577903,0.12754367291927302
8406,D-sem,মাছিটিও নেই,B,A,0,,0,0.205745294690132,,0.40478238463401706,0.17038275301456401,1,251,common,country,0,0,2,0.40478238463401706,0.205745294690132,0.238684073090553,0.15078830718994102
8406,D-hard,মাছিটিও নেই,B,C,0,C,1,0.033358573913574004,0.8256645202636711,0.8256645202636711,0.568447947502136,1,228,common,country,0,0,2,0.11302772164344702,0.033358573913574004,0.8256645202636711,0.027949132025241002
8407,D-rand,মাছি টেপা,D,D,1,,0,0.40588149428367604,,0.40588149428367604,0.26276394724845803,3,167,common,country,0,0,2,0.22349688410758903,0.20244073867797802,0.168180868029594,0.40588149428367604
8407,D-lit,মাছি টেপা,D,C,0,C,1,0.051105126738548,0.8542438745498651,0.8542438745498651,0.708314478397369,3,193,common,country,0,0,2,0.038587618619203005,0.056063462048769004,0.8542438745498651,0.051105126738548
8407,D-surf,মাছি টেপা,B,B,1,,0,0.37754294276237405,,0.37754294276237405,0.21123443543910903,1,147,common,country,0,0,2,0.260386794805526,0.37754294276237405,0.12280305474996502,0.23926718533039001
8407,D-sem,মাছি টেপা,A,A,1,,0,0.368774056434631,,0.368774056434631,0.206895142793655,0,138,common,country,0,0,2,0.368774056434631,0.260623663663864,0.140425026416778,0.230177298188209
8407,D-hard,মাছি টেপা,D,B,0,B,1,0.05773702263832001,0.875895678997039,0.875895678997039,0.752992749214172,3,238,common,country,0,0,2,0.031956650316715005,0.875895678997039,0.034410614520311,0.05773702263832001
8418,D-rand,মেজে ঘষে,B,D,0,,0,0.19164073467254603,,0.31810745596885603,0.23245471715927102,1,254,common,country,0,0,2,0.291800469160079,0.19164073467254603,0.198451370000839,0.31810745596885603
8418,D-lit,মেজে ঘষে,D,C,0,C,1,0.006154870148748001,0.9770345687866211,0.9770345687866211,0.8472937345504761,3,238,common,country,0,0,2,0.007306834682822,0.009503714740276,0.9770345687866211,0.006154870148748001
8418,D-surf,মেজে ঘষে,C,A,0,,0,0.10794391483068401,,0.5815659761428831,0.444754362106323,2,228,common,country,0,0,2,0.5815659761428831,0.16327080130577,0.10794391483068401,0.14721930027008
8418,D-sem,মেজে ঘষে,C,A,0,,0,0.18737326562404602,,0.28390949964523304,0.19758005440235102,2,281,common,country,0,0,2,0.28390949964523304,0.249701589345932,0.18737326562404602,0.27901563048362704
8418,D-hard,মেজে ঘষে,A,B,0,B,1,0.007053012028336,0.9473602771759031,0.9473602771759031,0.8505166172981261,0,404,common,country,0,0,2,0.007053012028336,0.9473602771759031,0.008883908390998,0.036702778190374
8448,D-rand,মাৎস্যন্যায়,A,C,0,,0,0.192886769771575,,0.35898676514625505,0.217755898833274,0,224,common,country,1,0,1,0.192886769771575,0.23814609646797102,0.35898676514625505,0.20998035371303503
8448,D-lit,মাৎস্যন্যায়,C,B,0,D,0,0.20760720968246402,0.184169113636016,0.32154044508934004,0.175575941801071,2,306,common,country,1,0,1,0.2866832613945,0.32154044508934004,0.20760720968246402,0.184169113636016
8448,D-surf,মাৎস্যন্যায়,A,D,0,,0,0.241661563515663,,0.33769127726554804,0.18411254882812503,0,276,common,country,1,0,1,0.241661563515663,0.255171030759811,0.16547615826129902,0.33769127726554804
8448,D-sem,মাৎস্যন্যায়,C,D,0,,0,0.234922021627426,,0.273290604352951,0.16598673164844502,2,310,common,country,1,0,1,0.250144273042678,0.24164310097694303,0.234922021627426,0.273290604352951
8448,D-hard,মাৎস্যন্যায়,D,B,0,C,0,0.213109523057937,0.19867230951786002,0.38647806644439703,0.218134000897407,3,247,common,country,1,0,1,0.20174008607864302,0.38647806644439703,0.19867230951786002,0.213109523057937
8461,D-rand,মাথা খাওয়া,D,B,0,,0,0.113817311823368,,0.554839789867401,0.37685626745224,3,197,common,country,0,0,2,0.18554463982582,0.554839789867401,0.145798236131668,0.113817311823368
8461,D-lit,মাথা খাওয়া,B,A,0,A,1,0.045222304761409,0.8869073390960691,0.8869073390960691,0.6897726655006401,1,243,common,country,0,0,2,0.8869073390960691,0.045222304761409,0.030256444588303004,0.037613902240991
8461,D-surf,মাথা খাওয়া,B,D,0,,0,0.175454974174499,,0.412118524312973,0.30976769328117304,1,242,common,country,0,0,2,0.226920783519744,0.175454974174499,0.185505837202072,0.412118524312973
8461,D-sem,মাথা খাওয়া,B,C,0,,0,0.25371679663658103,,0.261311709880828,0.17976602911949102,1,199,common,country,0,0,2,0.25400266051292403,0.25371679663658103,0.261311709880828,0.23096881806850403
8461,D-hard,মাথা খাওয়া,C,D,0,D,1,0.062408704310655004,0.8292295336723321,0.8292295336723321,0.646808862686157,2,246,common,country,0,0,2,0.063717499375343,0.044644311070442005,0.062408704310655004,0.8292295336723321
8480,D-rand,মাথাঘষা,A,A,1,,0,0.36047706007957403,,0.36047706007957403,0.19920402765274,0,218,common,country,0,0,1,0.36047706007957403,0.24596768617630002,0.273968577384948,0.11958675831556301
8480,D-lit,মাথাঘষা,A,D,0,D,1,0.008648370392620001,0.978628098964691,0.978628098964691,0.8318014144897461,0,224,common,country,0,0,1,0.008648370392620001,0.008181317709386,0.004542232491075,0.978628098964691
8480,D-surf,মাথাঘষা,C,A,0,,0,0.290279924869537,,0.347983062267303,0.24973602592945102,2,373,common,country,0,0,1,0.347983062267303,0.159656718373298,0.290279924869537,0.202080234885215
8480,D-sem,মাথাঘষা,A,B,0,,0,0.296657919883728,,0.37107029557228005,0.18603999912738803,0,280,common,country,0,0,1,0.296657919883728,0.37107029557228005,0.15902465581893901,0.17324709892272902
8480,D-hard,মাথাঘষা,C,A,0,A,1,0.008711366914212001,0.9783381819725031,0.9783381819725031,0.8299628496170041,2,279,common,country,0,0,1,0.9783381819725031,0.005019393283873,0.008711366914212001,0.007931154221296
8484,D-rand,মাথা চাড়া দেওয়া,D,D,1,,0,0.6775214076042171,,0.6775214076042171,0.526721835136413,3,211,common,country,0,0,3,0.16144663095474202,0.09198179841041501,0.069050103425979,0.6775214076042171
8484,D-lit,মাথা চাড়া দেওয়া,D,C,0,C,1,0.33431345224380404,0.5612853169441221,0.5612853169441221,0.371031105518341,3,245,common,country,0,0,3,0.050546064972877,0.053855162113904,0.5612853169441221,0.33431345224380404
8484,D-surf,মাথা চাড়া দেওয়া,D,D,1,,0,0.673386096954345,,0.673386096954345,0.47587653994560203,3,219,common,country,0,0,3,0.103986136615276,0.143297165632247,0.07933057844638801,0.673386096954345
8484,D-sem,মাথা চাড়া দেওয়া,A,A,1,,0,0.666558504104614,,0.666558504104614,0.410932838916778,0,202,common,country,0,0,3,0.666558504104614,0.10117068886756801,0.143098801374435,0.089172020554542
8484,D-hard,মাথা চাড়া দেওয়া,A,C,0,C,1,0.26948159933090204,0.544122517108917,0.544122517108917,0.39547789096832203,0,206,common,country,0,0,3,0.26948159933090204,0.149966552853584,0.544122517108917,0.036429353058338006
8491,D-rand,মাথা ঠেকানো,C,B,0,,0,0.129401326179504,,0.478800952434539,0.273535817861557,2,196,very common,country,0,1,2,0.152781292796134,0.478800952434539,0.129401326179504,0.239016309380531
8491,D-lit,মাথা ঠেকানো,D,A,0,A,1,0.0020634704269460002,0.9897151589393611,0.9897151589393611,0.8859543204307551,3,181,very common,country,0,1,2,0.9897151589393611,0.006222589407116,0.0019987942650910003,0.0020634704269460002
8491,D-surf,মাথা ঠেকানো,D,A,0,,0,0.034356910735368,,0.78385442495346,0.5958783030509941,3,153,very common,country,0,1,2,0.78385442495346,0.08463605493307101,0.09715262055397,0.034356910735368
8491,D-sem,মাথা ঠেকানো,A,C,0,,0,0.17901198565959903,,0.307967871427536,0.18456780910491902,0,230,very common,country,0,1,2,0.17901198565959903,0.263225406408309,0.307967871427536,0.24979478120803802
8491,D-hard,মাথা ঠেকানো,A,D,0,D,1,0.002262685680761,0.98402976989746,0.98402976989746,0.9013980031013481,0,177,very common,country,0,1,2,0.002262685680761,0.0064319139346480005,0.007275628391653001,0.98402976989746
8511,D-rand,মাথা মুড়িয়ে ঘোল ঢালা,D,B,0,,0,0.24719196557998602,,0.33212074637413,0.21891574561595903,3,231,common,deep rural,0,0,4,0.255742222070693,0.33212074637413,0.16494506597518901,0.24719196557998602
8511,D-lit,মাথা মুড়িয়ে ঘোল ঢালা,A,B,0,B,1,0.034618735313415,0.9166874885559081,0.9166874885559081,0.769677400588989,0,180,common,deep rural,0,0,4,0.034618735313415,0.9166874885559081,0.026485532522201004,0.022208249196410002
8511,D-surf,মাথা মুড়িয়ে ঘোল ঢালা,B,A,0,,0,0.248749330639839,,0.31485444307327204,0.22014288604259402,1,209,common,deep rural,0,0,4,0.31485444307327204,0.248749330639839,0.186631292104721,0.24976493418216703
8511,D-sem,মাথা মুড়িয়ে ঘোল ঢালা,A,A,1,,0,0.303058624267578,,0.303058624267578,0.193112894892692,0,216,common,deep rural,0,0,4,0.303058624267578,0.287915408611297,0.16239261627197202,0.24663333594799003
8511,D-hard,মাথা মুড়িয়ে ঘোল ঢালা,A,B,0,B,1,0.034726615995168006,0.919532775878906,0.919532775878906,0.7978334426879881,0,259,common,deep rural,0,0,4,0.034726615995168006,0.919532775878906,0.018559318035840003,0.027181252837181
8525,D-rand,মাথায় খুন চড়া,D,D,1,,0,0.333017498254776,,0.333017498254776,0.19413360953330902,3,221,very common,country,0,0,3,0.163220956921577,0.267145186662673,0.236616417765617,0.333017498254776
8525,D-lit,মাথায় খুন চড়া,D,A,0,A,1,0.006960601080209,0.9736228585243221,0.9736228585243221,0.879856765270233,3,264,very common,country,0,0,3,0.9736228585243221,0.012547628022730002,0.006868962198495,0.006960601080209
8525,D-surf,মাথায় খুন চড়া,C,A,0,,0,0.238680586218833,,0.339299529790878,0.20559443533420502,2,175,very common,country,0,0,3,0.339299529790878,0.305534809827804,0.238680586218833,0.116485148668289
8525,D-sem,মাথায় খুন চড়া,C,B,0,,0,0.271413266658782,,0.359832495450973,0.231678947806358,2,189,very common,country,0,0,3,0.25723451375961304,0.359832495450973,0.271413266658782,0.11151973903179101
8525,D-hard,মাথায় খুন চড়া,B,D,0,D,1,0.005918893497437,0.9711786508560181,0.9711786508560181,0.8720910549163811,1,200,very common,country,0,0,3,0.0051104016602030004,0.005918893497437,0.017792057245969002,0.9711786508560181
8555,D-rand,মাথার ঘি,C,C,1,,0,0.327976137399673,,0.327976137399673,0.236633002758026,2,250,common,country,0,0,2,0.24051596224308003,0.215447589755058,0.327976137399673,0.21606029570102603
8555,D-lit,মাথার ঘি,C,D,0,D,1,0.153341472148895,0.700033664703369,0.700033664703369,0.5180785655975341,2,202,common,country,0,0,2,0.06492692977190001,0.08169786632061,0.153341472148895,0.700033664703369
8555,D-surf,মাথার ঘি,C,C,1,,0,0.42225375771522505,,0.42225375771522505,0.27798905968666004,2,188,common,country,0,0,2,0.16425819694995802,0.241114363074302,0.42225375771522505,0.17237365245819
8555,D-sem,মাথার ঘি,D,A,0,,0,0.276763409376144,,0.313387155532836,0.18963769078254702,3,201,common,country,0,0,2,0.313387155532836,0.276332378387451,0.133517026901245,0.276763409376144
8555,D-hard,মাথার ঘি,D,B,0,B,1,0.12231165170669502,0.7360711693763731,0.7360711693763731,0.559722185134887,3,185,common,country,0,0,2,0.06381901353597601,0.7360711693763731,0.07779814302921201,0.12231165170669502
8563,D-rand,মান-ইজ্জত,C,A,0,,0,0.26557943224906905,,0.382851302623748,0.190274253487586,2,191,very common,country,0,0,2,0.382851302623748,0.16625159978866502,0.26557943224906905,0.185317695140838
8563,D-lit,মান-ইজ্জত,D,A,0,A,1,0.04745588824152901,0.8560819029808041,0.8560819029808041,0.6468980908393861,3,160,very common,country,0,0,2,0.8560819029808041,0.044971913099288004,0.051490325480699005,0.04745588824152901
8563,D-surf,মান-ইজ্জত,B,A,0,,0,0.22850728034973103,,0.367466241121292,0.220152214169502,1,210,very common,country,0,0,2,0.367466241121292,0.22850728034973103,0.16166000068187703,0.24236644804477603
8563,D-sem,মান-ইজ্জত,B,A,0,,0,0.276561349630355,,0.295552462339401,0.19300477206707,1,246,very common,country,0,0,2,0.295552462339401,0.276561349630355,0.19599796831607802,0.231888175010681
8563,D-hard,মান-ইজ্জত,B,A,0,A,1,0.051911521703004004,0.842045664787292,0.842045664787292,0.662758648395538,1,200,very common,country,0,0,2,0.842045664787292,0.051911521703004004,0.07771455496549601,0.028328262269496002
8588,D-rand,মায়াকান্না,B,B,1,,0,0.627280473709106,,0.627280473709106,0.40113449096679604,1,216,common,country,0,0,1,0.14258849620819,0.627280473709106,0.1448495388031,0.08528154343366601
8588,D-lit,মায়াকান্না,B,C,0,C,1,0.041101705282926004,0.9396221041679381,0.9396221041679381,0.7942451834678651,1,268,common,country,0,0,1,0.009468250907957,0.041101705282926004,0.9396221041679381,0.009807921946048001
8588,D-surf,মায়াকান্না,B,B,1,,0,0.6396213173866271,,0.6396213173866271,0.45734828710556,1,182,common,country,0,0,1,0.11389652639627401,0.6396213173866271,0.12273487448692301,0.12374722212553001
8588,D-sem,মায়াকান্না,C,C,1,,0,0.6068153381347651,,0.6068153381347651,0.32203549146652205,2,217,common,country,0,0,1,0.21926069259643502,0.089995846152305,0.6068153381347651,0.083928115665912
8588,D-hard,মায়াকান্না,C,D,0,D,1,0.042888984084129,0.933908820152282,0.933908820152282,0.8158518075942991,2,224,common,country,0,0,1,0.014064962044358002,0.009137193672358001,0.042888984084129,0.933908820152282
8602,D-rand,মারমুখো,C,C,1,,0,0.46776112914085305,,0.46776112914085305,0.34652861952781605,2,203,common,country,0,0,1,0.22007845342159202,0.105919882655143,0.46776112914085305,0.206240519881248
8602,D-lit,মারমুখো,A,B,0,B,1,0.201712757349014,0.5454004406929011,0.5454004406929011,0.38309428095817505,0,210,common,country,0,0,1,0.201712757349014,0.5454004406929011,0.13746172189712502,0.11542513221502301
8602,D-surf,মারমুখো,A,A,1,,0,0.376498013734817,,0.376498013734817,0.262220680713653,0,198,common,country,0,0,1,0.376498013734817,0.143436804413795,0.273159801959991,0.20690543949604
8602,D-sem,মারমুখো,D,D,1,,0,0.5209473967552181,,0.5209473967552181,0.35900619626045205,3,194,common,country,0,0,1,0.13433732092380501,0.171603634953498,0.173111662268638,0.5209473967552181
8602,D-hard,মারমুখো,B,D,0,D,1,0.194703936576843,0.423641771078109,0.423641771078109,0.297431170940399,1,189,common,country,0,0,1,0.328178495168685,0.194703936576843,0.05347581580281201,0.423641771078109
8626,D-rand,মিটমাট করা,A,D,0,,0,0.24736800789833002,,0.355295240879058,0.19749183952808302,0,196,very common,country,0,0,2,0.24736800789833002,0.146177560091018,0.251159191131591,0.355295240879058
8626,D-lit,মিটমাট করা,A,B,0,B,1,0.040168665349483004,0.7813059091567991,0.7813059091567991,0.591869235038757,0,243,very common,country,0,0,2,0.040168665349483004,0.7813059091567991,0.168632477521896,0.009892968460917001
8626,D-surf,মিটমাট করা,D,D,1,,0,0.30597674846649103,,0.30597674846649103,0.18999704718589702,3,167,very common,country,0,0,2,0.28942796587944003,0.10340721160173401,0.30118811130523604,0.30597674846649103
8626,D-sem,মিটমাট করা,D,A,0,,0,0.274999499320983,,0.34229102730751004,0.193101227283477,3,214,very common,country,0,0,2,0.34229102730751004,0.09285163879394501,0.28985780477523804,0.274999499320983
8626,D-hard,মিটমাট করা,D,C,0,C,1,0.036122001707553,0.670910954475402,0.670910954475402,0.44895669817924505,3,204,very common,country,0,0,2,0.038660578429698,0.25430640578269903,0.670910954475402,0.036122001707553
8648,D-rand,মুক্তহস্ত,A,D,0,,0,0.247907876968383,,0.27369138598442,0.15252298116683902,0,318,common,country,0,0,1,0.247907876968383,0.268725395202636,0.20967532694339702,0.27369138598442
8648,D-lit,মুক্তহস্ত,A,B,0,B,1,0.019616788253188,0.93355119228363,0.93355119228363,0.7659340500831601,0,211,common,country,0,0,1,0.019616788253188,0.93355119228363,0.023833841085433002,0.022998165339231002
8648,D-surf,মুক্তহস্ত,A,C,0,,0,0.16043932735919902,,0.41707983613014205,0.25587081909179604,0,191,common,country,0,0,1,0.16043932735919902,0.23772798478603302,0.41707983613014205,0.18475285172462402
8648,D-sem,মুক্তহস্ত,C,D,0,,0,0.236850962042808,,0.352062880992889,0.171399027109146,2,271,common,country,0,0,1,0.293659299612045,0.11742689460515901,0.236850962042808,0.352062880992889
8648,D-hard,মুক্তহস্ত,D,A,0,A,1,0.017573030665516,0.931445896625518,0.931445896625518,0.7339931726455681,3,247,common,country,0,0,1,0.931445896625518,0.030313298106193,0.020667759701609,0.017573030665516
8651,D-rand,মুখ নেই,B,B,1,,0,0.42816504836082403,,0.42816504836082403,0.29160276055336,1,226,common,country,0,0,2,0.21233439445495603,0.42816504836082403,0.25223654508590704,0.107264019548892
8651,D-lit,মুখ নেই,A,C,0,C,1,0.174266412854194,0.763474583625793,0.763474583625793,0.483750164508819,0,174,common,country,0,0,2,0.174266412854194,0.030491756275296003,0.763474583625793,0.031767275184392
8651,D-surf,মুখ নেই,D,D,1,,0,0.38046297430992104,,0.38046297430992104,0.221766203641891,3,157,common,country,0,0,2,0.24354463815689,0.288823664188385,0.08716875314712501,0.38046297430992104
8651,D-sem,মুখ নেই,C,C,1,,0,0.45800906419754006,,0.45800906419754006,0.256217360496521,2,204,common,country,0,0,2,0.24629494547843903,0.097502134740352,0.45800906419754006,0.19819389283657002
8651,D-hard,মুখ নেই,C,B,0,B,1,0.158390447497367,0.765726864337921,0.765726864337921,0.566020309925079,2,196,common,country,0,0,2,0.024023840203881004,0.765726864337921,0.158390447497367,0.051858928054571006
8654,D-rand,মুখ উজ্জ্বল করা,B,A,0,,0,0.125875145196914,,0.41725218296051003,0.238371968269348,1,206,common,country,0,0,3,0.41725218296051003,0.125875145196914,0.19391119480133,0.262961417436599
8654,D-lit,মুখ উজ্জ্বল করা,D,A,0,B,0,0.060188926756381,0.07781537622213301,0.645593285560607,0.41569423675537104,3,193,common,country,0,0,3,0.645593285560607,0.07781537622213301,0.21640242636203702,0.060188926756381
8654,D-surf,মুখ উজ্জ্বল করা,A,B,0,,0,0.10113440454006101,,0.374153792858123,0.218975931406021,0,388,common,country,0,0,3,0.10113440454006101,0.374153792858123,0.27407744526863104,0.25063437223434404
8654,D-sem,মুখ উজ্জ্বল করা,C,A,0,,0,0.12149053066968901,,0.46710780262947005,0.25289964675903304,2,196,common,country,0,0,3,0.46710780262947005,0.20086963474750502,0.12149053066968901,0.21053200960159302
8654,D-hard,মুখ উজ্জ্বল করা,A,C,0,D,0,0.15217275917530002,0.129291608929634,0.44482836127281106,0.266029417514801,0,254,common,country,0,0,3,0.15217275917530002,0.27370727062225303,0.44482836127281106,0.129291608929634
8666,D-rand,মুখ ঘোরানো,C,C,1,,0,0.376145333051681,,0.376145333051681,0.242824718356132,2,254,very common,country,0,0,2,0.169372543692588,0.232744932174682,0.376145333051681,0.22173722088336903
8666,D-lit,মুখ ঘোরানো,D,C,0,C,1,0.108254037797451,0.6921848654747,0.6921848654747,0.5520086884498591,3,205,very common,country,0,0,2,0.08888158202171301,0.110679470002651,0.6921848654747,0.108254037797451
8666,D-surf,মুখ ঘোরানো,D,B,0,,0,0.26552677154541005,,0.298443675041198,0.22238948941230702,3,303,very common,country,0,0,2,0.29825869202613803,0.298443675041198,0.137770891189575,0.26552677154541005
8666,D-sem,মুখ ঘোরানো,C,D,0,,0,0.286239683628082,,0.35591447353363004,0.24054668843746102,2,259,very common,country,0,0,2,0.19740924239158603,0.16043668985366802,0.286239683628082,0.35591447353363004
8666,D-hard,মুখ ঘোরানো,D,B,0,B,1,0.08914407342672301,0.523123860359191,0.523123860359191,0.30853027105331404,3,197,very common,country,0,0,2,0.0630309805274,0.523123860359191,0.324701100587844,0.08914407342672301
8683,D-rand,মুখ ছোটানো,D,B,0,,0,0.22223971784114802,,0.362365096807479,0.26723203063011103,3,387,common,country,0,0,2,0.22743222117424003,0.362365096807479,0.18796294927597001,0.22223971784114802
8683,D-lit,মুখ ছোটানো,B,D,0,D,1,0.0021738014183930003,0.991514801979064,0.991514801979064,0.9265316128730771,1,207,common,country,0,0,2,0.004443510435521001,0.0021738014183930003,0.0018679504282770002,0.991514801979064
8683,D-surf,মুখ ছোটানো,C,B,0,,0,0.09953273087739901,,0.7357265353202821,0.610387504100799,2,238,common,country,0,0,2,0.117458932101726,0.7357265353202821,0.09953273087739901,0.04728178679943
8683,D-sem,মুখ ছোটানো,D,D,1,,0,0.30519613623619,,0.30519613623619,0.194166630506515,3,234,common,country,0,0,2,0.14934983849525402,0.26081767678260803,0.28463631868362405,0.30519613623619
8683,D-hard,মুখ ছোটানো,A,B,0,B,1,0.00252402969636,0.9840625524520871,0.9840625524520871,0.9140330553054811,0,220,common,country,0,0,2,0.00252402969636,0.9840625524520871,0.0007385637145480001,0.012674824334681001
8686,D-rand,মুখ ঝামটা দেওয়া,B,B,1,,0,0.5964140892028801,,0.5964140892028801,0.36980429291725103,1,190,common,country,0,0,3,0.146233901381492,0.5964140892028801,0.101194530725479,0.156157433986663
8686,D-lit,মুখ ঝামটা দেওয়া,A,B,0,B,1,0.13089847564697202,0.647903621196746,0.647903621196746,0.49689891934394803,0,273,common,country,0,0,3,0.13089847564697202,0.647903621196746,0.033474694937467,0.187723249197006
8686,D-surf,মুখ ঝামটা দেওয়া,C,C,1,,0,0.42603003978729204,,0.42603003978729204,0.25737598538398704,2,290,common,country,0,0,3,0.360417991876602,0.09911743551492601,0.42603003978729204,0.114434532821178
8686,D-sem,মুখ ঝামটা দেওয়া,A,A,1,,0,0.53097128868103,,0.53097128868103,0.359273672103881,0,216,common,country,0,0,3,0.53097128868103,0.138993591070175,0.180333077907562,0.14970199763774802
8686,D-hard,মুখ ঝামটা দেওয়া,A,C,0,C,1,0.152306914329528,0.7557901144027711,0.7557901144027711,0.5658328533172601,0,200,common,country,0,0,3,0.152306914329528,0.041299685835838006,0.7557901144027711,0.050603318959474
8705,D-rand,মুখপত্র,B,A,0,,0,0.21651677787303902,,0.387921124696731,0.19941359758377,1,154,common,country,0,0,1,0.387921124696731,0.21651677787303902,0.134341180324554,0.261220932006835
8705,D-lit,মুখপত্র,B,A,0,A,1,0.045686081051826005,0.8456868529319761,0.8456868529319761,0.6281855106353761,1,159,common,country,0,0,1,0.8456868529319761,0.045686081051826005,0.066082671284675,0.042544428259134
8705,D-surf,মুখপত্র,D,C,0,,0,0.23548226058483102,,0.339114993810653,0.18228654563426902,3,177,common,country,0,0,1,0.18873281776905002,0.236669927835464,0.339114993810653,0.23548226058483102
8705,D-sem,মুখপত্র,D,C,0,,0,0.29070374369621205,,0.33409684896469105,0.16334271430969202,3,206,common,country,0,0,1,0.27827313542366,0.09692633897066101,0.33409684896469105,0.29070374369621205
8705,D-hard,মুখপত্র,C,A,0,A,1,0.040792100131511,0.8437110185623161,0.8437110185623161,0.62796801328659,2,233,common,country,0,0,1,0.8437110185623161,0.058117404580116,0.040792100131511,0.05737945809960301
8729,D-rand,মুখমণ্ডল,D,D,1,,0,0.620213449001312,,0.620213449001312,0.39063024520874,3,209,common,country,0,0,1,0.146148353815078,0.09782236814498901,0.13581585884094202,0.620213449001312
8729,D-lit,মুখমণ্ডল,D,C,0,C,1,0.033373404294252,0.9497969746589661,0.9497969746589661,0.778477132320404,3,289,common,country,0,0,1,0.007214532699435,0.009615020826458001,0.9497969746589661,0.033373404294252
8729,D-surf,মুখমণ্ডল,D,D,1,,0,0.530090153217315,,0.530090153217315,0.32562294602394104,3,204,common,country,0,0,1,0.23136207461357103,0.143686458468437,0.094861313700675,0.530090153217315
8729,D-sem,মুখমণ্ডল,B,B,1,,0,0.581154644489288,,0.581154644489288,0.37317737936973505,1,201,common,country,0,0,1,0.144920349121093,0.581154644489288,0.140216201543807,0.13370877504348702
8729,D-hard,মুখমণ্ডল,D,B,0,B,1,0.040038600564002005,0.941454827785491,0.941454827785491,0.785386383533477,3,231,common,country,0,0,1,0.013245706446468001,0.941454827785491,0.00526094995439,0.040038600564002005
8736,D-rand,মুখ মিঠে,C,B,0,,0,0.08962880074977801,,0.629559874534606,0.40328869223594604,2,196,common,country,0,0,2,0.145001485943794,0.629559874534606,0.08962880074977801,0.135809898376464
8736,D-lit,মুখ মিঠে,C,A,0,A,1,0.08361240476369801,0.7070319056510921,0.7070319056510921,0.42848122119903503,2,187,common,country,0,0,2,0.7070319056510921,0.10502813756465901,0.08361240476369801,0.10432761162519401
8736,D-surf,মুখ মিঠে,B,A,0,,0,0.251498907804489,,0.36820712685585005,0.21156175434589303,1,208,common,country,0,0,2,0.36820712685585005,0.251498907804489,0.21481505036354,0.16547895967960302
8736,D-sem,মুখ মিঠে,C,B,0,,0,0.19297233223915103,,0.333459436893463,0.158089101314544,2,171,common,country,0,0,2,0.30657017230987504,0.333459436893463,0.19297233223915103,0.16699801385402602
8736,D-hard,মুখ মিঠে,C,D,0,D,1,0.08065182715654301,0.6948443651199341,0.6948443651199341,0.436678320169448,2,226,common,country,0,0,2,0.12812620401382402,0.096377559006214,0.08065182715654301,0.6948443651199341
8742,D-rand,মুখরোচক,B,B,1,,0,0.33868613839149403,,0.33868613839149403,0.24592658877372703,1,161,very common,country,0,0,1,0.26826378703117304,0.33868613839149403,0.149021238088607,0.24402885138988403
8742,D-lit,মুখরোচক,C,D,0,D,1,0.17166008055210102,0.572127163410186,0.572127163410186,0.387624055147171,2,213,very common,country,0,0,1,0.12897434830665502,0.12723840773105602,0.17166008055210102,0.572127163410186
8742,D-surf,মুখরোচক,D,C,0,,0,0.24086438119411402,,0.280879259109497,0.157854840159416,3,238,very common,country,0,0,1,0.22324401140213002,0.25501236319541903,0.280879259109497,0.24086438119411402
8742,D-sem,মুখরোচক,B,B,1,,0,0.300591200590133,,0.300591200590133,0.18804526329040502,1,155,very common,country,0,0,1,0.194887146353721,0.300591200590133,0.21239623427391002,0.292125463485717
8742,D-hard,মুখরোচক,C,D,0,D,1,0.16854932904243403,0.561742722988128,0.561742722988128,0.339876919984817,2,187,very common,country,0,0,1,0.14829975366592402,0.121408194303512,0.16854932904243403,0.561742722988128
8743,D-rand,মুখ লাগা,C,A,0,,0,0.10056414455175401,,0.40561693906784,0.22371263802051503,2,278,common,country,0,0,2,0.40561693906784,0.335310041904449,0.10056414455175401,0.15850892663002
8743,D-lit,মুখ লাগা,A,C,0,C,1,0.003259657183662,0.9782270193099971,0.9782270193099971,0.885591626167297,0,220,common,country,0,0,2,0.003259657183662,0.0053238179534670005,0.9782270193099971,0.013189438730478
8743,D-surf,মুখ লাগা,A,D,0,,0,0.050447516143321006,,0.7619509100914,0.5576902031898491,0,250,common,country,0,0,2,0.050447516143321006,0.083009421825408,0.10459215193986801,0.7619509100914
8743,D-sem,মুখ লাগা,D,B,0,,0,0.08866829425096501,,0.391684263944625,0.220005303621292,3,254,common,country,0,0,2,0.30429670214653004,0.391684263944625,0.21535076200962003,0.08866829425096501
8743,D-hard,মুখ লাগা,C,D,0,D,1,0.0032830208074300002,0.9743183255195611,0.9743183255195611,0.8718296289443971,2,250,common,country,0,0,2,0.012535802088677,0.009862762875854001,0.0032830208074300002,0.9743183255195611
8761,D-rand,মুখাপেক্ষা,A,A,1,,0,0.36759272217750505,,0.36759272217750505,0.19964608550071702,0,188,common,country,0,0,1,0.36759272217750505,0.210184022784233,0.139746010303497,0.282477259635925
8761,D-lit,মুখাপেক্ষা,A,A,1,D,0,0.351525872945785,0.327015280723571,0.351525872945785,0.20573149621486603,0,248,common,country,0,0,1,0.351525872945785,0.15343768894672302,0.168021216988563,0.327015280723571
8761,D-surf,মুখাপেক্ষা,D,D,1,,0,0.302892059087753,,0.302892059087753,0.23240303993225,3,263,common,country,0,0,1,0.24644850194454102,0.29610148072242704,0.15455798804759902,0.302892059087753
8761,D-sem,মুখাপেক্ষা,D,D,1,,0,0.41596144437789906,,0.41596144437789906,0.23706609010696403,3,285,common,country,0,0,1,0.160185918211936,0.096678264439105,0.327174335718154,0.41596144437789906
8761,D-hard,মুখাপেক্ষা,A,A,1,B,0,0.350734263658523,0.34485480189323403,0.350734263658523,0.17116974294185602,0,269,common,country,0,0,1,0.350734263658523,0.34485480189323403,0.091557867825031,0.212852999567985
8766,D-rand,মুখে আসা,D,B,0,,0,0.263529777526855,,0.49756142497062605,0.331685185432434,3,222,common,country,0,0,2,0.13426515460014302,0.49756142497062605,0.104643650352954,0.263529777526855
8766,D-lit,মুখে আসা,A,C,0,C,1,0.018292535096406,0.9634700417518611,0.9634700417518611,0.795553505420684,0,255,common,country,0,0,2,0.018292535096406,0.006622934248298001,0.9634700417518611,0.011614476330578001
8766,D-surf,মুখে আসা,A,B,0,,0,0.12342139333486501,,0.671824634075164,0.50497430562973,0,167,common,country,0,0,2,0.12342139333486501,0.671824634075164,0.08681738376617401,0.11793652921915002
8766,D-sem,মুখে আসা,C,B,0,,0,0.26645651459693903,,0.33704057335853504,0.215127244591712,2,198,common,country,0,0,2,0.18371115624904602,0.33704057335853504,0.26645651459693903,0.21279174089431702
8766,D-hard,মুখে আসা,A,C,0,C,1,0.01797728985548,0.946884632110595,0.946884632110595,0.8258789181709291,0,309,common,country,0,0,2,0.01797728985548,0.027507077902555,0.946884632110595,0.007630936801433
8771,D-rand,মুখে চূণকালি দেওয়া,A,A,1,,0,0.283957093954086,,0.283957093954086,0.12529920041561102,0,240,common,country,0,0,3,0.283957093954086,0.21752715110778803,0.261525869369506,0.23698990046977902
8771,D-lit,মুখে চূণকালি দেওয়া,B,D,0,D,1,0.033605631440877005,0.9176394343376161,0.9176394343376161,0.8117377758026121,1,316,common,country,0,0,3,0.028656378388404003,0.033605631440877005,0.020098619163036003,0.9176394343376161
8771,D-surf,মুখে চূণকালি দেওয়া,D,B,0,,0,0.253176659345626,,0.44468837976455605,0.23520819842815402,3,273,common,country,0,0,3,0.138088315725326,0.44468837976455605,0.16404666006565002,0.253176659345626
8771,D-sem,মুখে চূণকালি দেওয়া,D,C,0,,0,0.13654039800167,,0.6730296611785881,0.424522906541824,3,219,common,country,0,0,3,0.09485118091106401,0.09557881206274,0.6730296611785881,0.13654039800167
8771,D-hard,মুখে চূণকালি দেওয়া,A,C,0,C,1,0.036840084940195,0.9203326106071471,0.9203326106071471,0.7809427976608271,0,297,common,country,0,0,3,0.036840084940195,0.028436172753572003,0.9203326106071471,0.014391173608601001
8784,D-rand,মুখে ফুলচন্দন পড়া,C,A,0,,0,0.155304625630378,,0.41469106078147805,0.318762868642807,2,282,common,country,0,0,3,0.41469106078147805,0.224323317408561,0.155304625630378,0.20568090677261303
8784,D-lit,মুখে ফুলচন্দন পড়া,D,A,0,A,1,0.004742965567857,0.9744174480438231,0.9744174480438231,0.8504138588905331,3,233,common,country,0,0,3,0.9744174480438231,0.010821440257132001,0.010018074885010001,0.004742965567857
8784,D-surf,মুখে ফুলচন্দন পড়া,B,A,0,,0,0.072123333811759,,0.70091038942337,0.5720667839050291,1,241,common,country,0,0,3,0.70091038942337,0.072123333811759,0.129348546266555,0.09761776030063601
8784,D-sem,মুখে ফুলচন্দন পড়া,C,D,0,,0,0.185503795742988,,0.34673812985420205,0.24908313155174203,2,315,common,country,0,0,3,0.25677528977394104,0.21098279953002902,0.185503795742988,0.34673812985420205
8784,D-hard,মুখে ফুলচন্দন পড়া,D,B,0,B,1,0.004485070239752,0.983608067035675,0.983608067035675,0.8619912862777711,3,245,common,country,0,0,3,0.006672316696494001,0.983608067035675,0.005234640091657,0.004485070239752
8799,D-rand,মুখে হাসি ফোটা,C,C,1,,0,0.9398316144943231,,0.9398316144943231,0.8077708482742311,2,167,common,country,0,0,3,0.021819060668349002,0.018993994221091,0.9398316144943231,0.019355375319719002
8799,D-lit,মুখে হাসি ফোটা,A,B,0,B,1,0.38988626003265303,0.596926808357238,0.596926808357238,0.502352952957153,0,190,common,country,0,0,3,0.38988626003265303,0.596926808357238,0.006225318647921,0.0069615878164760005
8799,D-surf,মুখে হাসি ফোটা,C,C,1,,0,0.686129033565521,,0.686129033565521,0.6147519350051881,2,237,common,country,0,0,3,0.259292423725128,0.020548913627862,0.686129033565521,0.03402966633439
8799,D-sem,মুখে হাসি ফোটা,C,C,1,,0,0.755115091800689,,0.755115091800689,0.6693286895751951,2,203,common,country,0,0,3,0.016420096158981,0.20373840630054402,0.755115091800689,0.024726349860429
8799,D-hard,মুখে হাসি ফোটা,D,C,0,C,1,0.40055638551712003,0.5778043270111081,0.5778043270111081,0.43575835227966303,3,202,common,country,0,0,3,0.015835491940379,0.005803811363875,0.5778043270111081,0.40055638551712003
8814,D-rand,মুখোশ খোলা,D,B,0,,0,0.225032895803451,,0.305376350879669,0.181196674704551,3,167,common,country,0,0,2,0.244111269712448,0.305376350879669,0.225479513406753,0.225032895803451
8814,D-lit,মুখোশ খোলা,A,C,0,C,1,0.017127314582467003,0.954006314277648,0.954006314277648,0.814937353134155,0,185,common,country,0,0,2,0.017127314582467003,0.012999627739191002,0.954006314277648,0.015866788104176
8814,D-surf,মুখোশ খোলা,A,D,0,,0,0.28279823064804,,0.358931064605712,0.17393521964550002,0,191,common,country,0,0,2,0.28279823064804,0.182658746838569,0.17561200261116,0.358931064605712
8814,D-sem,মুখোশ খোলা,A,D,0,,0,0.23898558318614901,,0.342268228530883,0.21841503679752303,0,217,common,country,0,0,2,0.23898558318614901,0.162730500102043,0.256015658378601,0.342268228530883
8814,D-hard,মুখোশ খোলা,D,C,0,C,1,0.014424392022192001,0.9436464905738831,0.9436464905738831,0.8272957801818841,3,208,common,country,0,0,2,0.016021372750401,0.025907771661877,0.9436464905738831,0.014424392022192001
8818,D-rand,মুড়া কোদালে দিঘি কাটা,B,C,0,,0,0.219496741890907,,0.31063583493232705,0.169903516769409,1,229,common,deep rural,0,0,4,0.17940123379230502,0.219496741890907,0.31063583493232705,0.29046618938446
8818,D-lit,মুড়া কোদালে দিঘি কাটা,B,A,0,A,1,0.011031826026737001,0.9716361165046691,0.9716361165046691,0.8472686409950251,1,265,common,deep rural,0,0,4,0.9716361165046691,0.011031826026737001,0.010155262425541,0.0071768276393410005
8818,D-surf,মুড়া কোদালে দিঘি কাটা,C,B,0,,0,0.196639135479927,,0.296239733695983,0.190935924649238,2,310,common,deep rural,0,0,4,0.291916936635971,0.296239733695983,0.196639135479927,0.215204194188117
8818,D-sem,মুড়া কোদালে দিঘি কাটা,D,C,0,,0,0.18670450150966603,,0.28702223300933805,0.17561502754688202,3,283,common,deep rural,0,0,4,0.24204269051551802,0.284230560064315,0.28702223300933805,0.18670450150966603
8818,D-hard,মুড়া কোদালে দিঘি কাটা,C,B,0,B,1,0.011505583301186001,0.9574225544929501,0.9574225544929501,0.844026684761047,2,265,common,deep rural,0,0,4,0.016337385401129,0.9574225544929501,0.011505583301186001,0.014734415337443001
8823,D-rand,মুণ্ডু ঘুরে যাওয়া,C,C,1,,0,0.577131867408752,,0.577131867408752,0.453513175249099,2,240,common,country,0,0,3,0.135115668177604,0.19259805977344502,0.577131867408752,0.095154456794261
8823,D-lit,মুণ্ডু ঘুরে যাওয়া,A,C,0,C,1,0.11131397634744601,0.8333017826080321,0.8333017826080321,0.6153576374053951,0,217,common,country,0,0,3,0.11131397634744601,0.016934132203459,0.8333017826080321,0.038450051099061
8823,D-surf,মুণ্ডু ঘুরে যাওয়া,C,B,0,,0,0.142605632543563,,0.679983735084533,0.605457544326782,2,250,common,country,0,0,3,0.15742379426956102,0.679983735084533,0.142605632543563,0.019986853003501
8823,D-sem,মুণ্ডু ঘুরে যাওয়া,A,A,1,,0,0.6682221889495851,,0.6682221889495851,0.47770464420318604,0,175,common,country,0,0,3,0.6682221889495851,0.20641082525253202,0.07033553719520501,0.055031426250934004
8823,D-hard,মুণ্ডু ঘুরে যাওয়া,B,D,0,D,1,0.086489178240299,0.5951821804046631,0.5951821804046631,0.476066946983337,1,260,common,country,0,0,3,0.021453138440847,0.086489178240299,0.29687550663948004,0.5951821804046631
8830,D-rand,মুরগী বানানো,B,B,1,,0,0.6628959774971,,0.6628959774971,0.5316006541252131,1,269,common,country,0,0,2,0.11280373483896201,0.6628959774971,0.12118262052536001,0.10311764478683401
8830,D-lit,মুরগী বানানো,A,B,0,B,1,0.18594437837600702,0.7484852671623231,0.7484852671623231,0.568045556545257,0,255,common,country,0,0,2,0.18594437837600702,0.7484852671623231,0.032899256795644004,0.032671138644218
8830,D-surf,মুরগী বানানো,C,C,1,,0,0.6937296986579891,,0.6937296986579891,0.5391330122947691,2,190,common,country,0,0,2,0.157679364085197,0.086222797632217,0.6937296986579891,0.062368147075176
8830,D-sem,মুরগী বানানো,A,A,1,,0,0.5697339773178101,,0.5697339773178101,0.42045378684997503,0,271,common,country,0,0,2,0.5697339773178101,0.10606635361909801,0.19219496846199002,0.13200473785400302
8830,D-hard,মুরগী বানানো,D,B,0,B,1,0.19071339070796903,0.7185071706771851,0.7185071706771851,0.5718222260475151,3,239,common,country,0,0,2,0.038881387561559004,0.7185071706771851,0.051898054778575,0.19071339070796903
8837,D-rand,মুসলমানের মুরগি পোষা,C,B,0,,0,0.24992983043193803,,0.349103838205337,0.182520508766174,2,257,common,country,0,1,3,0.294153273105621,0.349103838205337,0.24992983043193803,0.10681301355361901
8837,D-lit,মুসলমানের মুরগি পোষা,D,A,0,A,1,0.044392652809619,0.8785597681999201,0.8785597681999201,0.705019831657409,3,275,common,country,0,1,3,0.8785597681999201,0.026024397462606003,0.051023114472627,0.044392652809619
8837,D-surf,মুসলমানের মুরগি পোষা,B,A,0,,0,0.25173041224479603,,0.27656456828117304,0.212945282459259,1,315,common,country,0,1,3,0.27656456828117304,0.25173041224479603,0.263230443000793,0.20847459137439703
8837,D-sem,মুসলমানের মুরগি পোষা,B,A,0,,0,0.250609815120697,,0.34055987000465304,0.198073342442512,1,246,common,country,0,1,3,0.34055987000465304,0.250609815120697,0.237443253397941,0.171387106180191
8837,D-hard,মুসলমানের মুরগি পোষা,B,C,0,C,1,0.034232076257467,0.8416664004325861,0.8416664004325861,0.689784705638885,1,278,common,country,0,1,3,0.072672449052333,0.034232076257467,0.8416664004325861,0.05142907053232101
8846,D-rand,মাছের হাট,A,A,1,,0,0.468459576368331,,0.468459576368331,0.268050760030746,0,189,common,country,0,0,2,0.468459576368331,0.110542573034763,0.23494610190391502,0.186051741242408
8846,D-lit,মাছের হাট,B,A,0,A,1,0.389319449663162,0.43131777644157404,0.43131777644157404,0.16760492324829102,1,229,common,country,0,0,2,0.43131777644157404,0.389319449663162,0.111506976187229,0.067855775356292
8846,D-surf,মাছের হাট,A,A,1,,0,0.42972910404205306,,0.42972910404205306,0.295873284339904,0,280,common,country,0,0,2,0.42972910404205306,0.137667641043663,0.175931572914123,0.256671696901321
8846,D-sem,মাছের হাট,A,B,0,,0,0.345566511154174,,0.36000478267669606,0.21471320092678,0,244,common,country,0,0,2,0.345566511154174,0.36000478267669606,0.18563795089721602,0.10879071056842801
8846,D-hard,মাছের হাট,A,B,0,B,1,0.364567130804061,0.417772650718688,0.417772650718688,0.18655884265899603,0,204,common,country,0,0,2,0.364567130804061,0.417772650718688,0.132469803094863,0.085190445184707
8852,D-rand,মেমসাহেব,D,D,1,,0,0.76782202720642,,0.76782202720642,0.5247032642364501,3,238,common,city,1,0,1,0.11454892903566301,0.03240618109703,0.08522286266088401,0.76782202720642
8852,D-lit,মেমসাহেব,C,D,0,D,1,0.132347092032432,0.8491825461387631,0.8491825461387631,0.6976992487907411,2,238,common,city,1,0,1,0.009352042339742002,0.009118381887674,0.132347092032432,0.8491825461387631
8852,D-surf,মেমসাহেব,B,B,1,,0,0.7431200742721551,,0.7431200742721551,0.5438411235809321,1,246,common,city,1,0,1,0.026603197678923003,0.7431200742721551,0.129096314311027,0.10118041187524701
8852,D-sem,মেমসাহেব,A,A,1,,0,0.7721869945526121,,0.7721869945526121,0.530186891555786,0,187,common,city,1,0,1,0.7721869945526121,0.10468586534261701,0.07503596693277301,0.048091106116771004
8852,D-hard,মেমসাহেব,C,D,0,D,1,0.13289988040924,0.8527339100837701,0.8527339100837701,0.764581084251403,2,250,common,city,1,0,1,0.007362678647041001,0.007003545295447001,0.13289988040924,0.8527339100837701
8861,D-rand,মেষশাবক,A,B,0,,0,0.24962700903415602,,0.357141554355621,0.26264858245849604,0,255,rare,country,0,0,1,0.24962700903415602,0.357141554355621,0.14399196207523302,0.24923944473266602
8861,D-lit,মেষশাবক,D,B,0,A,0,0.14565919339656802,0.19554084539413402,0.48133453726768405,0.28978967666625904,3,192,rare,country,0,0,1,0.19554084539413402,0.48133453726768405,0.17746543884277302,0.14565919339656802
8861,D-surf,মেষশাবক,C,B,0,,0,0.21565765142440702,,0.27870425581932,0.15873867273330602,2,156,rare,country,0,0,1,0.25675585865974404,0.27870425581932,0.21565765142440702,0.24888218939304302
8861,D-sem,মেষশাবক,C,A,0,,0,0.19176916778087602,,0.30873426795005804,0.144372090697288,2,204,rare,country,0,0,1,0.30873426795005804,0.270584195852279,0.19176916778087602,0.22891238331794703
8861,D-hard,মেষশাবক,B,A,0,D,0,0.23446619510650601,0.240269497036933,0.30781468749046303,0.20002953708171803,1,185,rare,country,0,0,1,0.30781468749046303,0.23446619510650601,0.21744965016841802,0.240269497036933
8894,D-rand,যখনকার তখন,A,A,1,,0,0.8158043622970581,,0.8158043622970581,0.5538172125816341,0,192,common,country,0,0,2,0.8158043622970581,0.045648645609617004,0.023601531982421,0.114945441484451
8894,D-lit,যখনকার তখন,C,C,1,B,0,0.483418643474578,0.406578421592712,0.483418643474578,0.18880204856395702,2,232,common,country,0,0,2,0.06398244947195,0.406578421592712,0.483418643474578,0.046020496636629
8894,D-surf,যখনকার তখন,B,B,1,,0,0.41570913791656405,,0.41570913791656405,0.253267794847488,1,310,common,country,0,0,2,0.20997700095176602,0.41570913791656405,0.3184634745121,0.05585042387247
8894,D-sem,যখনকার তখন,B,B,1,,0,0.651973664760589,,0.651973664760589,0.344359755516052,1,209,common,country,0,0,2,0.103140704333782,0.651973664760589,0.05041641369462,0.19446921348571702
8894,D-hard,যখনকার তখন,B,B,1,C,0,0.386532247066497,0.331570416688919,0.386532247066497,0.14867639541625902,1,244,common,country,0,0,2,0.09469923377037001,0.386532247066497,0.331570416688919,0.187198027968406
8916,D-rand,যথারুচি,A,A,1,,0,0.28155723214149403,,0.28155723214149403,0.22046183049678802,0,234,common,country,0,0,1,0.28155723214149403,0.25107431411743103,0.21527868509292603,0.252089798450469
8916,D-lit,যথারুচি,A,D,0,D,1,0.036326132714748,0.9033756256103511,0.9033756256103511,0.773850679397583,0,227,common,country,0,0,1,0.036326132714748,0.031677369028329,0.028620919212698003,0.9033756256103511
8916,D-surf,যথারুচি,C,D,0,,0,0.260166466236114,,0.321907669305801,0.27939704060554504,2,255,common,country,0,0,1,0.27564263343811,0.142283231019973,0.260166466236114,0.321907669305801
8916,D-sem,যথারুচি,A,A,1,,0,0.35742071270942605,,0.35742071270942605,0.255326062440872,0,227,common,country,0,0,1,0.35742071270942605,0.26689901947975103,0.152634158730506,0.22304609417915303
8916,D-hard,যথারুচি,D,B,0,B,1,0.034755527973175,0.9220440983772271,0.9220440983772271,0.7658086419105531,3,222,common,country,0,0,1,0.024549456313252,0.9220440983772271,0.018650859594345003,0.034755527973175
8917,D-rand,যথাসর্বস্ব,C,A,0,,0,0.234349891543388,,0.319757342338562,0.19568777084350503,2,243,common,country,0,0,1,0.319757342338562,0.194627866148948,0.234349891543388,0.251264929771423
8917,D-lit,যথাসর্বস্ব,B,C,0,C,1,0.08194297552108701,0.7806372642517091,0.7806372642517091,0.561528205871582,1,194,common,country,0,0,1,0.04803796857595401,0.08194297552108701,0.7806372642517091,0.089381791651248
8917,D-surf,যথাসর্বস্ব,A,B,0,,0,0.16924178600311202,,0.42563033103942804,0.29134184122085505,0,206,common,country,0,0,1,0.16924178600311202,0.42563033103942804,0.21873365342617002,0.186394214630126
8917,D-sem,যথাসর্বস্ব,A,C,0,,0,0.20822086930274902,,0.44780391454696605,0.228064686059951,0,168,common,country,0,0,1,0.20822086930274902,0.197098135948181,0.44780391454696605,0.14687703549861902
8917,D-hard,যথাসর্বস্ব,A,B,0,B,1,0.073980458080768,0.7748526930809021,0.7748526930809021,0.536637842655181,0,185,common,country,0,0,1,0.073980458080768,0.7748526930809021,0.085290245711803,0.065876543521881
8919,D-rand,যথেচ্ছাচার,D,C,0,,0,0.23350819945335302,,0.34297248721122703,0.22551944851875302,3,252,common,country,0,0,1,0.256674855947494,0.166844427585601,0.34297248721122703,0.23350819945335302
8919,D-lit,যথেচ্ছাচার,D,C,0,C,1,0.14063274860382002,0.583116114139556,0.583116114139556,0.304599493741989,3,276,common,country,0,0,1,0.10889711976051301,0.16735403239727,0.583116114139556,0.14063274860382002
8919,D-surf,যথেচ্ছাচার,C,A,0,,0,0.24278426170349102,,0.36878421902656505,0.31729149818420405,2,317,common,country,0,0,1,0.36878421902656505,0.220022410154342,0.24278426170349102,0.168409094214439
8919,D-sem,যথেচ্ছাচার,C,B,0,,0,0.16014887392520902,,0.514421343803405,0.279363304376602,2,226,common,country,0,0,1,0.186003044247627,0.514421343803405,0.16014887392520902,0.13942670822143502
8919,D-hard,যথেচ্ছাচার,D,C,0,C,1,0.11942064017057401,0.49518108367919905,0.49518108367919905,0.28878822922706604,3,259,common,country,0,0,1,0.13391888141632002,0.251479446887969,0.49518108367919905,0.11942064017057401
8940,D-rand,যমের দোসর,D,C,0,,0,0.19116632640361703,,0.380493998527526,0.27279302477836603,3,251,common,country,0,1,2,0.23373296856880102,0.19460670650005302,0.380493998527526,0.19116632640361703
8940,D-lit,যমের দোসর,C,A,0,A,1,0.10222422331571501,0.591926872730255,0.591926872730255,0.41942307353019703,2,206,common,country,0,1,2,0.591926872730255,0.20109832286834703,0.10222422331571501,0.10475058853626201
8940,D-surf,যমের দোসর,B,A,0,,0,0.211015552282333,,0.426657736301422,0.23838023841381,1,223,common,country,0,1,2,0.426657736301422,0.211015552282333,0.089415751397609,0.27291098237037603
8940,D-sem,যমের দোসর,A,C,0,,0,0.24006365239620203,,0.30777463316917403,0.293058484792709,0,239,common,country,0,1,2,0.24006365239620203,0.2591193318367,0.30777463316917403,0.193042382597923
8940,D-hard,যমের দোসর,D,A,0,A,1,0.08793542534112901,0.522078216075897,0.522078216075897,0.30621463060379,3,195,common,country,0,1,2,0.522078216075897,0.266705691814422,0.12328063696622801,0.08793542534112901
8942,D-rand,যমের ভুল,B,B,1,,0,0.38713544607162403,,0.38713544607162403,0.21011281013488703,1,236,rare,country,0,1,2,0.192252397537231,0.38713544607162403,0.16462108492851202,0.255991101264953
8942,D-lit,যমের ভুল,B,C,0,C,1,0.014932750724256,0.9684454798698421,0.9684454798698421,0.8170863389968871,1,187,rare,country,0,1,2,0.007619654759764001,0.014932750724256,0.9684454798698421,0.009002041071653
8942,D-surf,যমের ভুল,D,A,0,,0,0.077014788985252,,0.665193617343902,0.47354525327682406,3,217,rare,country,0,1,2,0.665193617343902,0.17924255132675102,0.078548997640609,0.077014788985252
8942,D-sem,যমের ভুল,A,A,1,,0,0.29590159654617304,,0.29590159654617304,0.252504587173461,0,253,rare,country,0,1,2,0.29590159654617304,0.249485909938812,0.26326882839202803,0.191343605518341
8942,D-hard,যমের ভুল,C,A,0,A,1,0.01236178074032,0.974666655063629,0.974666655063629,0.8386787772178651,2,184,rare,country,0,1,2,0.974666655063629,0.005412764847278001,0.01236178074032,0.007558813784271001
8947,D-rand,যা তা,D,D,1,,0,0.27324658632278404,,0.27324658632278404,0.183741390705108,3,273,very common,country,0,0,2,0.26169407367706304,0.253099739551544,0.211959600448608,0.27324658632278404
8947,D-lit,যা তা,B,C,0,C,1,0.06930556893348601,0.7443745732307431,0.7443745732307431,0.602766752243042,1,266,very common,country,0,0,2,0.11670204997062601,0.06930556893348601,0.7443745732307431,0.069617807865142
8947,D-surf,যা তা,C,A,0,,0,0.273091942071914,,0.37034931778907704,0.238364249467849,2,210,very common,country,0,0,2,0.37034931778907704,0.163416743278503,0.273091942071914,0.193142041563987
8947,D-sem,যা তা,A,B,0,,0,0.21935237944126101,,0.47525563836097706,0.315336346626281,0,329,very common,country,0,0,2,0.21935237944126101,0.47525563836097706,0.16357800364494302,0.14181393384933402
8947,D-hard,যা তা,D,B,0,B,1,0.06224542483687401,0.778674840927124,0.778674840927124,0.6276258826255791,3,261,very common,country,0,0,2,0.042866170406341005,0.778674840927124,0.11621348559856401,0.06224542483687401
8951,D-rand,যাক গে,C,A,0,,0,0.08771342784166301,,0.6714313626289361,0.555358707904815,2,235,common,country,0,0,2,0.6714313626289361,0.11359007656574201,0.08771342784166301,0.127265140414237
8951,D-lit,যাক গে,C,B,0,B,1,0.029546933248639003,0.807893693447113,0.807893693447113,0.587542831897735,2,190,common,country,0,0,2,0.04281023517251,0.807893693447113,0.029546933248639003,0.119749084115028
8951,D-surf,যাক গে,B,C,0,,0,0.06022884324193001,,0.7143781781196591,0.5373519659042351,1,194,common,country,0,0,2,0.084299840033054,0.06022884324193001,0.7143781781196591,0.141093090176582
8951,D-sem,যাক গে,A,D,0,,0,0.17025634646415702,,0.324186414480209,0.18308332562446503,0,181,common,country,0,0,2,0.17025634646415702,0.18358227610588002,0.32197499275207503,0.324186414480209
8951,D-hard,যাক গে,A,D,0,D,1,0.023117769509553,0.5977517366409301,0.5977517366409301,0.47563719749450606,0,198,common,country,0,0,2,0.023117769509553,0.30168730020523005,0.07744327187538101,0.5977517366409301
8955,D-rand,যামঘোষ,C,C,1,,0,0.429104506969451,,0.429104506969451,0.26421725749969405,2,210,rare,deep rural,0,0,1,0.31095525622367803,0.134596198797225,0.429104506969451,0.125344008207321
8955,D-lit,যামঘোষ,D,A,0,A,1,0.156502306461334,0.757537126541137,0.757537126541137,0.6135678887367241,3,164,rare,deep rural,0,0,1,0.757537126541137,0.055243618786334006,0.030716929584741003,0.156502306461334
8955,D-surf,যামঘোষ,C,C,1,,0,0.44190627336502003,,0.44190627336502003,0.287784844636917,2,262,rare,deep rural,0,0,1,0.11440557986497801,0.338307589292526,0.44190627336502003,0.105380587279796
8955,D-sem,যামঘোষ,C,C,1,,0,0.6396244764328001,,0.6396244764328001,0.479468256235122,2,195,rare,deep rural,0,0,1,0.12843473255634302,0.09381870180368401,0.6396244764328001,0.13812209665775302
8955,D-hard,যামঘোষ,D,B,0,B,1,0.148613527417182,0.8066834807395931,0.8066834807395931,0.643404483795166,3,249,rare,deep rural,0,0,1,0.023909082636237002,0.8066834807395931,0.020793912932276,0.148613527417182
8959,D-rand,যাহা বাহান্ন তাহা তিপ্পান্ন,A,A,1,,0,0.37335932254791204,,0.37335932254791204,0.26332694292068404,0,311,common,country,0,0,4,0.37335932254791204,0.21844199299812303,0.160986945033073,0.24721173942089003
8959,D-lit,যাহা বাহান্ন তাহা তিপ্পান্ন,B,D,0,D,1,0.22183518111705702,0.627224206924438,0.627224206924438,0.44595083594322205,1,360,common,country,0,0,4,0.09997097402811,0.22183518111705702,0.050969660282135,0.627224206924438
8959,D-surf,যাহা বাহান্ন তাহা তিপ্পান্ন,C,C,1,,0,0.288010418415069,,0.288010418415069,0.22332234680652602,2,335,common,country,0,0,4,0.23568178713321603,0.276482135057449,0.288010418415069,0.19982562959194103
8959,D-sem,যাহা বাহান্ন তাহা তিপ্পান্ন,B,B,1,,0,0.47047275304794306,,0.47047275304794306,0.25519663095474204,1,269,common,country,0,0,4,0.26799526810646,0.47047275304794306,0.127360880374908,0.134171113371849
8959,D-hard,যাহা বাহান্ন তাহা তিপ্পান্ন,C,B,0,B,1,0.184078440070152,0.5553486943244931,0.5553486943244931,0.42170354723930303,2,368,common,country,0,0,4,0.13881631195545102,0.5553486943244931,0.184078440070152,0.12175653129816001
8996,D-rand,যে হুকুমের দল,B,A,0,,0,0.24413713812828003,,0.298199325799942,0.242126330733299,1,207,common,country,0,0,3,0.298199325799942,0.24413713812828003,0.284889638423919,0.172773852944374
8996,D-lit,যে হুকুমের দল,A,B,0,B,1,0.039784029126167006,0.8947377800941461,0.8947377800941461,0.7445652484893791,0,224,common,country,0,0,3,0.039784029126167006,0.8947377800941461,0.016302227973937003,0.049175959080457
8996,D-surf,যে হুকুমের দল,B,C,0,,0,0.138159766793251,,0.6229611635208131,0.488031178712844,1,321,common,country,0,0,3,0.107704825699329,0.138159766793251,0.6229611635208131,0.131174236536026
8996,D-sem,যে হুকুমের দল,C,A,0,,0,0.334995210170745,,0.353656709194183,0.21242739260196603,2,243,common,country,0,0,3,0.353656709194183,0.13107843697071,0.334995210170745,0.18026964366436002
8996,D-hard,যে হুকুমের দল,A,D,0,D,1,0.038318865001201005,0.9311191439628601,0.9311191439628601,0.738053023815155,0,203,common,country,0,0,3,0.038318865001201005,0.021155290305614003,0.009406683966517,0.9311191439628601
8998,D-rand,রকম-সকম,D,D,1,,0,0.354740321636199,,0.354740321636199,0.19403702020645103,3,219,very common,country,0,0,2,0.316151797771453,0.192209348082542,0.13689856231212602,0.354740321636199
8998,D-lit,রকম-সকম,B,C,0,C,1,0.17979255318641602,0.47721177339553805,0.47721177339553805,0.32903578877449,1,278,very common,country,0,0,2,0.15437556803226402,0.17979255318641602,0.47721177339553805,0.188620045781135
8998,D-surf,রকম-সকম,C,C,1,,0,0.39784708619117704,,0.39784708619117704,0.19030795991420701,2,289,very common,country,0,0,2,0.251609116792678,0.16136115789413402,0.39784708619117704,0.18918263912200903
8998,D-sem,রকম-সকম,C,C,1,,0,0.304133474826812,,0.304133474826812,0.2364042699337,2,296,very common,country,0,0,2,0.19399191439151703,0.28498339653015103,0.304133474826812,0.21689118444919503
8998,D-hard,রকম-সকম,A,B,0,B,1,0.213601425290107,0.5845040678977961,0.5845040678977961,0.33213686943054205,0,280,very common,country,0,0,2,0.213601425290107,0.5845040678977961,0.126687496900558,0.075207069516181
9008,D-rand,রক্তারক্তি কাণ্ড,A,D,0,,0,0.137980282306671,,0.42787602543830805,0.307789921760559,0,261,common,country,0,0,2,0.137980282306671,0.181170940399169,0.252972722053527,0.42787602543830805
9008,D-lit,রক্তারক্তি কাণ্ড,C,A,0,A,1,0.008043312467634001,0.937782108783721,0.937782108783721,0.833756446838378,2,295,common,country,0,0,2,0.937782108783721,0.028328781947493,0.008043312467634001,0.025845766067504
9008,D-surf,রক্তারক্তি কাণ্ড,A,B,0,,0,0.091959841549396,,0.622857153415679,0.42080402374267506,0,206,common,country,0,0,2,0.091959841549396,0.622857153415679,0.15582224726676902,0.12936073541641202
9008,D-sem,রক্তারক্তি কাণ্ড,D,A,0,,0,0.11087674647569601,,0.41217067837715105,0.282182097434997,3,269,common,country,0,0,2,0.41217067837715105,0.22612190246582,0.250830680131912,0.11087674647569601
9008,D-hard,রক্তারক্তি কাণ্ড,D,C,0,C,1,0.005509343463927001,0.9015806317329401,0.9015806317329401,0.766290605068206,3,238,common,country,0,0,2,0.029249722138047003,0.063660390675067,0.9015806317329401,0.005509343463927001
9010,D-rand,রক্তের অক্ষরে লেখা,D,C,0,,0,0.12732371687889102,,0.46718570590019204,0.316688686609268,3,193,common,country,1,0,3,0.22634050250053403,0.17915007472038202,0.46718570590019204,0.12732371687889102
9010,D-lit,রক্তের অক্ষরে লেখা,C,A,0,A,1,0.015083089470863,0.9541101455688471,0.9541101455688471,0.8649988174438471,2,201,common,country,1,0,3,0.9541101455688471,0.020034817978739003,0.015083089470863,0.010771948844194001
9010,D-surf,রক্তের অক্ষরে লেখা,B,C,0,,0,0.05417564511299101,,0.488290607929229,0.326514303684234,1,268,common,country,1,0,3,0.054562345147132006,0.05417564511299101,0.488290607929229,0.40297138690948403
9010,D-sem,রক্তের অক্ষরে লেখা,D,B,0,,0,0.22305783629417403,,0.34064760804176303,0.23856310546398102,3,252,common,country,1,0,3,0.20826926827430703,0.34064760804176303,0.22802527248859403,0.22305783629417403
9010,D-hard,রক্তের অক্ষরে লেখা,D,C,0,C,1,0.014960203319787,0.9392118453979491,0.9392118453979491,0.815068781375885,3,194,common,country,1,0,3,0.034843306988477006,0.010984708555042001,0.9392118453979491,0.014960203319787
9015,D-rand,রগড়া-রগড়ি,C,B,0,,0,0.207500651478767,,0.31289166212081904,0.252168864011764,2,246,common,country,0,0,2,0.26697507500648504,0.31289166212081904,0.207500651478767,0.21263258159160603
9015,D-lit,রগড়া-রগড়ি,A,C,0,C,1,0.128109335899353,0.581953465938568,0.581953465938568,0.42013308405876104,0,270,common,country,0,0,2,0.128109335899353,0.14380657672882002,0.581953465938568,0.146130546927452
9015,D-surf,রগড়া-রগড়ি,D,C,0,,0,0.165846988558769,,0.428538352251052,0.306014716625213,3,271,common,country,0,0,2,0.24659755825996402,0.159017115831375,0.428538352251052,0.165846988558769
9015,D-sem,রগড়া-রগড়ি,D,A,0,,0,0.22418448328971802,,0.316982001066207,0.205813020467758,3,216,common,country,0,0,2,0.316982001066207,0.24120879173278803,0.217624723911285,0.22418448328971802
9015,D-hard,রগড়া-রগড়ি,B,D,0,D,1,0.11213342100381801,0.645956456661224,0.645956456661224,0.49165904521942105,1,233,common,country,0,0,2,0.10051732510328201,0.11213342100381801,0.141392827033996,0.645956456661224
9029,D-rand,রঙমহল,D,C,0,,0,0.11171549558639501,,0.351787000894546,0.19051663577556602,3,172,rare,city,1,0,1,0.21908189356327,0.317415595054626,0.351787000894546,0.11171549558639501
9029,D-lit,রঙমহল,B,D,0,D,1,0.007484023459255001,0.9701423048973081,0.9701423048973081,0.8117152452468871,1,193,rare,city,1,0,1,0.013618714176118001,0.007484023459255001,0.008754889480769001,0.9701423048973081
9029,D-surf,রঙমহল,C,A,0,,0,0.060685720294713,,0.548997640609741,0.38376724720001204,2,252,rare,city,1,0,1,0.548997640609741,0.18676014244556402,0.060685720294713,0.20355653762817302
9029,D-sem,রঙমহল,C,A,0,,0,0.10242746025323801,,0.40858656167984003,0.24067628383636402,2,186,rare,city,1,0,1,0.40858656167984003,0.17489017546176902,0.10242746025323801,0.31409579515457103
9029,D-hard,রঙমহল,D,B,0,B,1,0.006692657712846,0.9603838324546811,0.9603838324546811,0.7643278837203981,3,215,rare,city,1,0,1,0.013278611004352,0.9603838324546811,0.01964490674436,0.006692657712846
9043,D-rand,রত্নগর্ভের পেতন সন্তান,B,B,1,,0,0.49558174610137906,,0.49558174610137906,0.35692152380943304,1,203,rare,country,0,0,3,0.22030255198478702,0.49558174610137906,0.143271461129188,0.14084425568580602
9043,D-lit,রত্নগর্ভের পেতন সন্তান,B,D,0,D,1,0.020472537726163,0.966091454029083,0.966091454029083,0.8757352232933041,1,237,rare,country,0,0,3,0.007773867808282001,0.020472537726163,0.005662122741341,0.966091454029083
9043,D-surf,রত্নগর্ভের পেতন সন্তান,C,C,1,,0,0.452127248048782,,0.452127248048782,0.250786334276199,2,238,rare,country,0,0,3,0.2156722843647,0.127097144722938,0.452127248048782,0.20510332286357802
9043,D-sem,রত্নগর্ভের পেতন সন্তান,B,B,1,,0,0.5766884088516231,,0.5766884088516231,0.36343714594841003,1,235,rare,country,0,0,3,0.15439559519290902,0.5766884088516231,0.17375099658966,0.09516500681638701
9043,D-hard,রত্নগর্ভের পেতন সন্তান,D,C,0,C,1,0.02691008709371,0.9490422010421751,0.9490422010421751,0.8294874429702751,3,262,rare,country,0,0,3,0.011973721906542,0.012073989026248,0.9490422010421751,0.02691008709371
9054,D-rand,রবরবা,D,B,0,,0,0.28297719359397805,,0.36457708477973905,0.25648137927055303,3,230,rare,country,0,0,1,0.09576192498207,0.36457708477973905,0.25668385624885504,0.28297719359397805
9054,D-lit,রবরবা,C,B,0,D,0,0.256112843751907,0.268116056919097,0.30362927913665705,0.184638693928718,2,222,rare,country,0,0,1,0.172141805291175,0.30362927913665705,0.256112843751907,0.268116056919097
9054,D-surf,রবরবা,D,B,0,,0,0.18393510580062802,,0.412694483995437,0.305232197046279,3,200,rare,country,0,0,1,0.21105366945266701,0.412694483995437,0.192316696047782,0.18393510580062802
9054,D-sem,রবরবা,B,D,0,,0,0.202294588088989,,0.31348225474357605,0.19809655845165203,1,209,rare,country,0,0,1,0.271879196166992,0.202294588088989,0.212343946099281,0.31348225474357605
9054,D-hard,রবরবা,D,B,0,C,0,0.18764933943748402,0.20464466512203203,0.421020328998565,0.264904707670211,3,241,rare,country,0,0,1,0.186685681343078,0.421020328998565,0.20464466512203203,0.18764933943748402
9055,D-rand,রবাহুত,D,D,1,,0,0.5954152941703791,,0.5954152941703791,0.414575099945068,3,259,common,country,0,0,1,0.061522614210844005,0.08364455401897401,0.25941765308380105,0.5954152941703791
9055,D-lit,রবাহুত,A,A,1,C,0,0.48922592401504505,0.392669349908828,0.48922592401504505,0.33476173877716003,0,215,common,country,0,0,1,0.48922592401504505,0.065925978124141,0.392669349908828,0.052178744226694
9055,D-surf,রবাহুত,C,C,1,,0,0.707261443138122,,0.707261443138122,0.5369578599929811,2,208,common,country,0,0,1,0.12973670661449402,0.076592877507209,0.707261443138122,0.08640894293785001
9055,D-sem,রবাহুত,A,A,1,,0,0.708708822727203,,0.708708822727203,0.655835747718811,0,281,common,country,0,0,1,0.708708822727203,0.09453000128269101,0.091600865125656,0.105160348117351
9055,D-hard,রবাহুত,A,A,1,D,0,0.443927526473999,0.430988192558288,0.443927526473999,0.30938231945037803,0,315,common,country,0,0,1,0.443927526473999,0.08521252870559601,0.039871767163276006,0.430988192558288
9092,D-rand,রাজার ঘুড়ী,A,A,1,,0,0.48239257931709206,,0.48239257931709206,0.38685625791549605,0,299,rare,country,0,0,2,0.48239257931709206,0.197730869054794,0.13286553323268802,0.18701109290122903
9092,D-lit,রাজার ঘুড়ী,C,A,0,A,1,0.23726563155651,0.6155518889427181,0.6155518889427181,0.430441975593566,2,275,rare,country,0,0,2,0.6155518889427181,0.100824378430843,0.23726563155651,0.046358086168766
9092,D-surf,রাজার ঘুড়ী,A,A,1,,0,0.48477435111999506,,0.48477435111999506,0.33149337768554604,0,307,rare,country,0,0,2,0.48477435111999506,0.16452832520008,0.170342564582824,0.18035477399826003
9092,D-sem,রাজার ঘুড়ী,D,D,1,,0,0.46136364340782104,,0.46136364340782104,0.341104328632354,3,320,rare,country,0,0,2,0.20712517201900402,0.173550680279731,0.15796053409576402,0.46136364340782104
9092,D-hard,রাজার ঘুড়ী,B,D,0,D,1,0.219496011734008,0.609953939914703,0.609953939914703,0.466061234474182,1,278,rare,country,0,0,2,0.09172274917364101,0.219496011734008,0.078827276825904,0.609953939914703
9102,D-rand,রাধে-কৃষ্ণ,C,C,1,,0,0.897302448749542,,0.897302448749542,0.759177267551422,2,254,common,country,0,1,2,0.041302826255559005,0.028046438470482,0.897302448749542,0.033348243683576
9102,D-lit,রাধে-কৃষ্ণ,C,B,0,B,1,0.320505231618881,0.623140037059783,0.623140037059783,0.5930740237236021,2,224,common,country,0,1,2,0.025440240278840003,0.623140037059783,0.320505231618881,0.030914543196558
9102,D-surf,রাধে-কৃষ্ণ,A,A,1,,0,0.8275117874145501,,0.8275117874145501,0.688719928264617,0,290,common,country,0,1,2,0.8275117874145501,0.040520545095205,0.10339049994945501,0.028577128425240003
9102,D-sem,রাধে-কৃষ্ণ,C,C,1,,0,0.618319392204284,,0.618319392204284,0.5057245492935181,2,248,common,country,0,1,2,0.10590431094169601,0.053625587373971,0.618319392204284,0.22215069830417603
9102,D-hard,রাধে-কৃষ্ণ,A,B,0,B,1,0.323275536298751,0.6396242380142211,0.6396242380142211,0.5879995226860041,0,225,common,country,0,1,2,0.323275536298751,0.6396242380142211,0.025417067110538,0.011683105491101001
9105,D-rand,রাবণের চিতা,C,C,1,,0,0.45085969567298806,,0.45085969567298806,0.261696457862854,2,219,common,country,0,1,2,0.10625682026147801,0.237130358815193,0.45085969567298806,0.20575313270092002
9105,D-lit,রাবণের চিতা,B,A,0,A,1,0.09033662080764701,0.8092125654220581,0.8092125654220581,0.555200159549713,1,254,common,country,0,1,2,0.8092125654220581,0.09033662080764701,0.048623610287904004,0.051827255636453004
9105,D-surf,রাবণের চিতা,D,B,0,,0,0.33405026793479903,,0.34649270772933904,0.15618672966957,3,286,common,country,0,1,2,0.15647408366203303,0.34649270772933904,0.162982955574989,0.33405026793479903
9105,D-sem,রাবণের চিতা,D,D,1,,0,0.387012630701065,,0.387012630701065,0.12111940979957501,3,370,common,country,0,1,2,0.36849048733711204,0.077747255563735,0.16674961149692502,0.387012630701065
9105,D-hard,রাবণের চিতা,B,D,0,D,1,0.06973999738693201,0.8549311757087701,0.8549311757087701,0.6020097136497491,1,283,common,country,0,1,2,0.022946024313569003,0.06973999738693201,0.05238271877169601,0.8549311757087701
9108,D-rand,রাবণের পুরী ছারখার,A,B,0,,0,0.305929809808731,,0.315444678068161,0.14750693738460502,0,222,common,country,0,1,3,0.305929809808731,0.315444678068161,0.144529715180397,0.23409582674503301
9108,D-lit,রাবণের পুরী ছারখার,A,C,0,C,1,0.037998069077730005,0.8958379626274101,0.8958379626274101,0.733311057090759,0,321,common,country,0,1,3,0.037998069077730005,0.039502087980508006,0.8958379626274101,0.026661848649382
9108,D-surf,রাবণের পুরী ছারখার,B,D,0,,0,0.23232056200504303,,0.321639865636825,0.226343035697937,1,337,common,country,0,1,3,0.24899044632911602,0.23232056200504303,0.197049096226692,0.321639865636825
9108,D-sem,রাবণের পুরী ছারখার,C,D,0,,0,0.09649109840393001,,0.7694177031517021,0.535023152828216,2,217,common,country,0,1,3,0.06871247291564901,0.065378688275814,0.09649109840393001,0.7694177031517021
9108,D-hard,রাবণের পুরী ছারখার,A,D,0,D,1,0.027449203655123003,0.9292809367179871,0.9292809367179871,0.7296034097671501,0,265,common,country,0,1,3,0.027449203655123003,0.015635047107934,0.027634846046566002,0.9292809367179871
9111,D-rand,রামকান্ত,B,B,1,,0,0.455337256193161,,0.455337256193161,0.249949142336845,1,260,rare,country,0,1,1,0.08315633237361901,0.455337256193161,0.17330740392208102,0.28819897770881603
9111,D-lit,রামকান্ত,A,D,0,D,1,0.019555231556296,0.9408656954765321,0.9408656954765321,0.8017471432685851,0,200,rare,country,0,1,1,0.019555231556296,0.019638709723949002,0.019940268248319,0.9408656954765321
9111,D-surf,রামকান্ত,A,D,0,,0,0.27469873428344704,,0.293500125408172,0.23133584856987,0,242,rare,country,0,1,1,0.27469873428344704,0.22621040046215002,0.20559076964855102,0.293500125408172
9111,D-sem,রামকান্ত,A,B,0,,0,0.268381178379058,,0.32773870229721,0.139298096299171,0,236,rare,country,0,1,1,0.268381178379058,0.32773870229721,0.153055340051651,0.250824809074401
9111,D-hard,রামকান্ত,C,A,0,A,1,0.023593509569764002,0.9503670930862421,0.9503670930862421,0.782203018665313,2,203,rare,country,0,1,1,0.9503670930862421,0.019198060035705,0.023593509569764002,0.006841288879513001
9129,D-rand,রামায়ণ,B,B,1,,0,0.7513407468795771,,0.7513407468795771,0.576040863990783,1,135,common,country,0,1,1,0.089194521307945,0.7513407468795771,0.027766229584813003,0.131698593497276
9129,D-lit,রামায়ণ,C,B,0,B,1,0.11816267669200801,0.856028795242309,0.856028795242309,0.70984923839569,2,200,common,country,0,1,1,0.012778679840266,0.856028795242309,0.11816267669200801,0.013029846362769002
9129,D-surf,রামায়ণ,A,B,0,,0,0.336653292179107,,0.517109096050262,0.41326358914375305,0,213,common,country,0,1,1,0.336653292179107,0.517109096050262,0.037493433803319,0.10874418169260001
9129,D-sem,রামায়ণ,D,D,1,,0,0.8130608201026911,,0.8130608201026911,0.6077753901481621,3,275,common,country,0,1,1,0.107044078409671,0.039124768227338,0.040770314633846005,0.8130608201026911
9129,D-hard,রামায়ণ,D,A,0,A,1,0.13032899796962702,0.8356438279151911,0.8356438279151911,0.70271098613739,3,210,common,country,0,1,1,0.8356438279151911,0.017461415380239,0.016565715894103,0.13032899796962702
9133,D-rand,রামোচন্দ্র,A,C,0,,0,0.34637621045112604,,0.34687826037406905,0.23255251348018602,0,299,rare,country,0,1,1,0.34637621045112604,0.18197563290596003,0.34687826037406905,0.12476987391710201
9133,D-lit,রামোচন্দ্র,D,C,0,C,1,0.025625025853514,0.927314162254333,0.927314162254333,0.832541167736053,3,203,rare,country,0,1,1,0.026598086580634003,0.020462678745388003,0.927314162254333,0.025625025853514
9133,D-surf,রামোচন্দ্র,B,A,0,,0,0.21514081954956002,,0.44725644588470403,0.32485699653625405,1,198,rare,country,0,1,1,0.44725644588470403,0.21514081954956002,0.23858287930488503,0.099019788205623
9133,D-sem,রামোচন্দ্র,C,D,0,,0,0.32465729117393405,,0.32466310262680004,0.169896677136421,2,224,rare,country,0,1,1,0.176951825618743,0.17372779548168102,0.32465729117393405,0.32466310262680004
9133,D-hard,রামোচন্দ্র,D,A,0,A,1,0.024393690750002,0.928890347480773,0.928890347480773,0.809921443462371,3,236,rare,country,0,1,1,0.928890347480773,0.020630413666367,0.026085518300533003,0.024393690750002
9138,D-rand,রাশহালকা,C,C,1,,0,0.37246039509773204,,0.37246039509773204,0.18429735302925102,2,231,common,country,0,0,1,0.127540469169616,0.13439488410949701,0.37246039509773204,0.36560434103012
9138,D-lit,রাশহালকা,D,B,0,B,1,0.07368071377277301,0.7007423639297481,0.7007423639297481,0.49803307652473405,3,263,common,country,0,0,1,0.080477580428123,0.7007423639297481,0.145099356770515,0.07368071377277301
9138,D-surf,রাশহালকা,C,A,0,,0,0.21645723283290802,,0.29854080080986,0.191557124257087,2,187,common,country,0,0,1,0.29854080080986,0.21710763871669703,0.21645723283290802,0.267894327640533
9138,D-sem,রাশহালকা,D,D,1,,0,0.331667512655258,,0.331667512655258,0.19956764578819203,3,278,common,country,0,0,1,0.261902689933776,0.181363552808761,0.225066244602203,0.331667512655258
9138,D-hard,রাশহালকা,A,B,0,B,1,0.08688957244157701,0.71961510181427,0.71961510181427,0.5288181304931641,0,241,common,country,0,0,1,0.08688957244157701,0.71961510181427,0.143059328198432,0.050435982644557
9143,D-rand,রাস্তাঘাট,A,A,1,,0,0.5880188941955561,,0.5880188941955561,0.47262766957283003,0,215,common,city,0,0,1,0.5880188941955561,0.241912648081779,0.08057406544685301,0.089494429528713
9143,D-lit,রাস্তাঘাট,B,D,0,D,1,0.026165453717112003,0.9521093368530271,0.9521093368530271,0.8498352169990541,1,224,common,city,0,0,1,0.010238663293421001,0.026165453717112003,0.01148653589189,0.9521093368530271
9143,D-surf,রাস্তাঘাট,D,D,1,,0,0.50361692905426,,0.50361692905426,0.395611524581909,3,346,common,city,0,0,1,0.08844342827796901,0.19166930019855502,0.216270312666893,0.50361692905426
9143,D-sem,রাস্তাঘাট,A,A,1,,0,0.631876707077026,,0.631876707077026,0.39667609333992004,0,208,common,city,0,0,1,0.631876707077026,0.08415402472019101,0.221279203891754,0.062690079212188
9143,D-hard,রাস্তাঘাট,B,C,0,C,1,0.044373586773872,0.9346393942832941,0.9346393942832941,0.7842409014701841,1,218,common,city,0,0,1,0.014641042798757001,0.044373586773872,0.9346393942832941,0.00634599244222
9149,D-rand,রাহু,D,B,0,,0,0.24125613272190002,,0.327270001173019,0.24352179467678,3,204,common,country,0,1,1,0.27572113275527904,0.327270001173019,0.15575280785560602,0.24125613272190002
9149,D-lit,রাহু,D,A,0,A,1,0.16127380728721602,0.295820772647857,0.295820772647857,0.221530348062515,3,220,common,country,0,1,1,0.295820772647857,0.27465885877609203,0.268246561288833,0.16127380728721602
9149,D-surf,রাহু,A,A,1,,0,0.344896763563156,,0.344896763563156,0.172036528587341,0,196,common,country,0,1,1,0.344896763563156,0.324000686407089,0.108372613787651,0.22272989153862
9149,D-sem,রাহু,A,A,1,,0,0.40773469209671004,,0.40773469209671004,0.266795128583908,0,291,common,country,0,1,1,0.40773469209671004,0.26953744888305603,0.183975771069526,0.138752028346061
9149,D-hard,রাহু,A,B,0,B,1,0.272388309240341,0.407041758298873,0.407041758298873,0.24895475804805703,0,237,common,country,0,1,1,0.272388309240341,0.407041758298873,0.175188019871711,0.14538191258907301
9152,D-rand,রুই কাতলা,C,D,0,,0,0.21147029101848602,,0.38675650954246504,0.27863582968711803,2,261,common,country,0,0,2,0.187480479478836,0.214292764663696,0.21147029101848602,0.38675650954246504
9152,D-lit,রুই কাতলা,B,C,0,C,1,0.05681798979640001,0.810162961483001,0.810162961483001,0.6806426644325251,1,282,common,country,0,0,2,0.081152088940143,0.05681798979640001,0.810162961483001,0.051866918802261006
9152,D-surf,রুই কাতলা,D,C,0,,0,0.23572213947772902,,0.30329668521881104,0.21288265287876101,3,204,common,country,0,0,2,0.204625770449638,0.256355434656143,0.30329668521881104,0.23572213947772902
9152,D-sem,রুই কাতলা,D,B,0,,0,0.24955619871616302,,0.330667227506637,0.21517832577228502,3,210,common,country,0,0,2,0.22277502715587602,0.330667227506637,0.19700153172016102,0.24955619871616302
9152,D-hard,রুই কাতলা,A,C,0,C,1,0.058939412236213004,0.798516988754272,0.798516988754272,0.620308220386505,0,236,common,country,0,0,2,0.058939412236213004,0.095761947333812,0.798516988754272,0.046781696379184
9155,D-rand,রুটি মারা,D,D,1,,0,0.680219888687133,,0.680219888687133,0.49279004335403404,3,170,common,country,0,0,2,0.10157719999551701,0.10528581589460301,0.11291708797216402,0.680219888687133
9155,D-lit,রুটি মারা,C,A,0,A,1,0.234139651060104,0.6804128289222711,0.6804128289222711,0.46884623169898904,2,174,common,country,0,0,2,0.6804128289222711,0.036563009023666,0.234139651060104,0.048884496092796006
9155,D-surf,রুটি মারা,B,B,1,,0,0.509757041931152,,0.509757041931152,0.4046610891819,1,253,common,country,0,0,2,0.19261057674884702,0.509757041931152,0.15727731585502602,0.140355110168457
9155,D-sem,রুটি মারা,B,B,1,,0,0.6672702431678771,,0.6672702431678771,0.511588215827941,1,217,common,country,0,0,2,0.082722306251525,0.6672702431678771,0.12857493758201602,0.12143251299858
9155,D-hard,রুটি মারা,B,D,0,D,1,0.210726350545883,0.602716565132141,0.602716565132141,0.42181262373924205,1,194,common,country,0,0,2,0.141526535153388,0.210726350545883,0.045030508190393004,0.602716565132141
9166,D-rand,রেগে আগুন,C,D,0,,0,0.19038322567939703,,0.393919020891189,0.27913627028465204,2,194,common,country,0,0,2,0.22082677483558602,0.19487091898918102,0.19038322567939703,0.393919020891189
9166,D-lit,রেগে আগুন,B,A,0,A,1,0.016475157812237,0.9470754265785211,0.9470754265785211,0.8283479809761041,1,189,common,country,0,0,2,0.9470754265785211,0.016475157812237,0.020875293761491002,0.015574106946587
9166,D-surf,রেগে আগুন,D,B,0,,0,0.09221940487623201,,0.656543135643005,0.44686266779899503,3,153,common,country,0,0,2,0.124105848371982,0.656543135643005,0.12713168561458502,0.09221940487623201
9166,D-sem,রেগে আগুন,B,C,0,,0,0.250613987445831,,0.410832822322845,0.26937606930732705,1,208,common,country,0,0,2,0.22556088864803303,0.250613987445831,0.410832822322845,0.112992249429225
9166,D-hard,রেগে আগুন,D,C,0,C,1,0.011936875991523,0.889733731746673,0.889733731746673,0.721282243728637,3,239,common,country,0,0,2,0.08738926798105201,0.010940118692815,0.889733731746673,0.011936875991523
9184,D-rand,রোদে পোড়া,A,A,1,,0,0.538526237010955,,0.538526237010955,0.36750915646553,0,229,very common,country,0,0,2,0.538526237010955,0.134705886244773,0.204557761549949,0.12221008539199801
9184,D-lit,রোদে পোড়া,C,A,0,A,1,0.14225123822689,0.8102319836616511,0.8102319836616511,0.686961650848388,2,209,very common,country,0,0,2,0.8102319836616511,0.021919148042798,0.14225123822689,0.025597598403692003
9184,D-surf,রোদে পোড়া,B,B,1,,0,0.568148016929626,,0.568148016929626,0.42194014787673906,1,248,very common,country,0,0,2,0.181541934609413,0.568148016929626,0.18276928365230502,0.06754076480865401
9184,D-sem,রোদে পোড়া,B,B,1,,0,0.509437382221221,,0.509437382221221,0.354449898004531,1,211,very common,country,0,0,2,0.20982052385807,0.509437382221221,0.136397004127502,0.144345104694366
9184,D-hard,রোদে পোড়া,C,A,0,A,1,0.13981647789478302,0.7963840365409851,0.7963840365409851,0.721570789813995,2,204,very common,country,0,0,2,0.7963840365409851,0.04809970036149001,0.13981647789478302,0.015699755400419003
9187,D-rand,রোল মডেল,A,A,1,,0,0.35748440027236905,,0.35748440027236905,0.22826604545116402,0,269,common,city,1,0,2,0.35748440027236905,0.144310429692268,0.293097794055938,0.20510736107826202
9187,D-lit,রোল মডেল,D,A,0,A,1,0.014192792586982,0.96923142671585,0.96923142671585,0.834611117839813,3,240,common,city,1,0,2,0.96923142671585,0.0059489458799360006,0.010626757517457001,0.014192792586982
9187,D-surf,রোল মডেল,C,C,1,,0,0.44168570637702903,,0.44168570637702903,0.21334163844585402,2,186,common,city,1,0,2,0.271189749240875,0.148524910211563,0.44168570637702903,0.138599619269371
9187,D-sem,রোল মডেল,C,C,1,,0,0.323344469070434,,0.323344469070434,0.19646970927715302,2,144,common,city,1,0,2,0.15914109349250702,0.25356438755989,0.323344469070434,0.263950049877166
9187,D-hard,রোল মডেল,B,C,0,C,1,0.015860579907894003,0.9614952802658081,0.9614952802658081,0.8270826339721681,1,195,common,city,1,0,2,0.011287770234048,0.015860579907894003,0.9614952802658081,0.011356322094798001
9191,D-rand,র‍্যালি,A,B,0,,0,0.175228461623191,,0.39879956841468805,0.227255851030349,0,163,common,city,0,0,1,0.175228461623191,0.39879956841468805,0.17875194549560502,0.24722006916999803
9191,D-lit,র‍্যালি,D,B,0,C,0,0.12439070641994401,0.334382206201553,0.353196233510971,0.18293572962284002,3,185,common,city,0,0,1,0.18803079426288602,0.353196233510971,0.334382206201553,0.12439070641994401
9191,D-surf,র‍্যালি,A,C,0,,0,0.16045552492141701,,0.30975922942161505,0.17532083392143202,0,213,common,city,0,0,1,0.16045552492141701,0.29429376125335605,0.30975922942161505,0.235491424798965
9191,D-sem,র‍্যালি,B,D,0,,0,0.133483231067657,,0.39911186695098805,0.23906649649143202,1,225,common,city,0,0,1,0.313102811574935,0.133483231067657,0.154302105307579,0.39911186695098805
9191,D-hard,র‍্যালি,B,D,0,C,0,0.128192603588104,0.28939998149871804,0.41342756152153004,0.17203198373317702,1,151,common,city,0,0,1,0.168979912996292,0.128192603588104,0.28939998149871804,0.41342756152153004
9217,D-rand,লগনচাঁদ,D,D,1,,0,0.34217613935470503,,0.34217613935470503,0.171991437673568,3,188,common,country,0,1,1,0.15864638984203303,0.328026235103607,0.171151310205459,0.34217613935470503
9217,D-lit,লগনচাঁদ,D,C,0,C,1,0.006497220601886001,0.984887599945068,0.984887599945068,0.8849000930786131,3,171,common,country,0,1,1,0.004850475583225,0.0037646861746900005,0.984887599945068,0.006497220601886001
9217,D-surf,লগনচাঁদ,C,B,0,,0,0.23257872462272602,,0.37402388453483504,0.22647742927074402,2,175,common,country,0,1,1,0.283629089593887,0.37402388453483504,0.23257872462272602,0.10976827889680801
9217,D-sem,লগনচাঁদ,D,A,0,,0,0.19195382297039001,,0.292897641658782,0.20600752532482103,3,196,common,country,0,1,1,0.292897641658782,0.22719599306583402,0.287952572107315,0.19195382297039001
9217,D-hard,লগনচাঁদ,A,B,0,B,1,0.007568687200546001,0.9860623478889461,0.9860623478889461,0.830839693546295,0,151,common,country,0,1,1,0.007568687200546001,0.9860623478889461,0.002135259564965,0.004233733285218
9226,D-rand,লঙ্কায় সোনা সস্তা,C,C,1,,0,0.682513952255249,,0.682513952255249,0.35842943191528304,2,311,common,country,0,0,3,0.09270113706588701,0.15555322170257502,0.682513952255249,0.069231785833835
9226,D-lit,লঙ্কায় সোনা সস্তা,C,A,0,A,1,0.31985819339752203,0.621037781238555,0.621037781238555,0.42168137431144703,2,295,common,country,0,0,3,0.621037781238555,0.025921501219272003,0.31985819339752203,0.033182542771101005
9226,D-surf,লঙ্কায় সোনা সস্তা,B,A,0,,0,0.305201858282089,,0.42083787918090804,0.34767603874206504,1,254,common,country,0,0,3,0.42083787918090804,0.305201858282089,0.042267050594091006,0.23169317841529802
9226,D-sem,লঙ্কায় সোনা সস্তা,B,B,1,,0,0.8084115982055661,,0.8084115982055661,0.555418789386749,1,219,common,country,0,0,3,0.106293343007564,0.8084115982055661,0.03006437048316,0.055230677127838
9226,D-hard,লঙ্কায় সোনা সস্তা,A,D,0,D,1,0.24701876938343,0.697842717170715,0.697842717170715,0.547667503356933,0,258,common,country,0,0,3,0.24701876938343,0.017173532396554,0.037965048104524,0.697842717170715
9228,D-rand,লজ্জার মাথা খাওয়া,D,C,0,,0,0.36005526781082103,,0.37675207853317205,0.23602330684661801,3,169,common,country,0,0,3,0.123445875942707,0.139746725559234,0.37675207853317205,0.36005526781082103
9228,D-lit,লজ্জার মাথা খাওয়া,B,D,0,D,1,0.07514832913875501,0.8825943470001221,0.8825943470001221,0.657657980918884,1,230,common,country,0,0,3,0.027908384799957,0.07514832913875501,0.014349025674164,0.8825943470001221
9228,D-surf,লজ্জার মাথা খাওয়া,B,B,1,,0,0.46347478032112105,,0.46347478032112105,0.32254901528358404,1,237,common,country,0,0,3,0.161342725157737,0.46347478032112105,0.198187232017517,0.17699533700942902
9228,D-sem,লজ্জার মাথা খাওয়া,A,D,0,,0,0.032114136964082,,0.9337025880813591,0.781404614448547,0,292,common,country,0,0,3,0.032114136964082,0.018124785274267002,0.016058592125773,0.9337025880813591
9228,D-hard,লজ্জার মাথা খাওয়া,A,D,0,D,1,0.07753279805183401,0.8670390248298641,0.8670390248298641,0.65460455417633,0,255,common,country,0,0,3,0.07753279805183401,0.028152091428637,0.027275973930954003,0.8670390248298641
9249,D-rand,ললাটের লিখন,B,B,1,,0,0.8329449892044061,,0.8329449892044061,0.642746329307556,1,222,common,country,0,1,2,0.02941876836121,0.8329449892044061,0.081054642796516,0.056581653654575
9249,D-lit,ললাটের লিখন,C,B,0,B,1,0.065283626317977,0.92805278301239,0.92805278301239,0.753738701343536,2,222,common,country,0,1,2,0.001810394460335,0.92805278301239,0.065283626317977,0.004853181540966
9249,D-surf,ললাটের লিখন,A,A,1,,0,0.681165337562561,,0.681165337562561,0.40694224834442105,0,222,common,country,0,1,2,0.681165337562561,0.128568470478057,0.050195917487144005,0.14007027447223602
9249,D-sem,ললাটের লিখন,C,C,1,,0,0.767163693904876,,0.767163693904876,0.5415436029434201,2,246,common,country,0,1,2,0.07518677413463501,0.080831930041313,0.767163693904876,0.076817616820335
9249,D-hard,ললাটের লিখন,D,C,0,C,1,0.13296459615230502,0.8378773927688591,0.8378773927688591,0.6612725853919981,3,231,common,country,0,1,2,0.021223345771431,0.007934588007628,0.8378773927688591,0.13296459615230502
9253,D-rand,লাখ কথার এক কথা,B,A,0,,0,0.33988958597183205,,0.44584256410598705,0.292413681745529,1,317,very common,country,0,0,4,0.44584256410598705,0.33988958597183205,0.123780980706214,0.090486891567707
9253,D-lit,লাখ কথার এক কথা,B,A,0,A,1,0.130991652607917,0.7464696764945981,0.7464696764945981,0.503750920295715,1,367,very common,country,0,0,4,0.7464696764945981,0.130991652607917,0.08800143003463701,0.034537337720394
9253,D-surf,লাখ কথার এক কথা,B,A,0,,0,0.229968503117561,,0.36634024977684004,0.21389356255531303,1,299,very common,country,0,0,4,0.36634024977684004,0.229968503117561,0.23692898452281902,0.16676227748394
9253,D-sem,লাখ কথার এক কথা,D,D,1,,0,0.357997387647628,,0.357997387647628,0.23728834092617002,3,324,very common,country,0,0,4,0.25299379229545504,0.14108861982822402,0.24792021512985202,0.357997387647628
9253,D-hard,লাখ কথার এক কথা,D,B,0,B,1,0.115455903112888,0.715835690498352,0.715835690498352,0.47780540585517806,3,312,very common,country,0,0,4,0.037432234734296,0.715835690498352,0.131276160478591,0.115455903112888
9275,D-rand,লাঠ্যৌষধি,B,B,1,,0,0.49602040648460305,,0.49602040648460305,0.33927568793296803,1,280,common,deep rural,0,0,1,0.15293127298355103,0.49602040648460305,0.210920065641403,0.140128284692764
9275,D-lit,লাঠ্যৌষধি,B,D,0,D,1,0.21548840403556802,0.672950267791748,0.672950267791748,0.41512790322303705,1,272,common,deep rural,0,0,1,0.040961537510156,0.21548840403556802,0.07059971988201101,0.672950267791748
9275,D-surf,লাঠ্যৌষধি,D,D,1,,0,0.526841759681701,,0.526841759681701,0.303559482097625,3,267,common,deep rural,0,0,1,0.109652683138847,0.268871963024139,0.094633616507053,0.526841759681701
9275,D-sem,লাঠ্যৌষধি,D,D,1,,0,0.595103800296783,,0.595103800296783,0.36671781539916903,3,263,common,deep rural,0,0,1,0.15096990764141002,0.09247613698244,0.161450147628784,0.595103800296783
9275,D-hard,লাঠ্যৌষধি,D,A,0,A,1,0.27950981259346,0.632234156131744,0.632234156131744,0.362754881381988,3,235,common,deep rural,0,0,1,0.632234156131744,0.041725654155015,0.046530392020940003,0.27950981259346
9283,D-rand,লাপাতা,B,B,1,,0,0.289618849754333,,0.289618849754333,0.18455187976360302,1,199,common,country,0,0,1,0.227877333760261,0.289618849754333,0.282679826021194,0.199824035167694
9283,D-lit,লাপাতা,B,A,0,A,1,0.22475883364677401,0.399825662374496,0.399825662374496,0.25949719548225403,1,195,common,country,0,0,1,0.399825662374496,0.22475883364677401,0.25695148110389704,0.118463970720767
9283,D-surf,লাপাতা,B,C,0,,0,0.27524542808532704,,0.383357346057891,0.250948250293731,1,192,common,country,0,0,1,0.220296397805213,0.27524542808532704,0.383357346057891,0.12110081315040501
9283,D-sem,লাপাতা,C,B,0,,0,0.148100852966308,,0.465840518474578,0.26847875118255604,2,409,common,country,0,0,1,0.28871458768844604,0.465840518474578,0.148100852966308,0.09734408557415
9283,D-hard,লাপাতা,A,D,0,C,0,0.22972160577774,0.27924296259880005,0.315690457820892,0.210763156414031,0,232,common,country,0,0,1,0.22972160577774,0.175344914197921,0.27924296259880005,0.315690457820892
9287,D-rand,লাভের গুড়,C,C,1,,0,0.787779688835144,,0.787779688835144,0.6378262639045711,2,191,common,country,0,0,2,0.054914083331823,0.07194848358631101,0.787779688835144,0.08535776287317201
9287,D-lit,লাভের গুড়,D,C,0,C,1,0.34523496031761103,0.601758897304534,0.601758897304534,0.462950021028518,3,179,common,country,0,0,2,0.022053668275475002,0.030952556058764003,0.601758897304534,0.34523496031761103
9287,D-surf,লাভের গুড়,B,B,1,,0,0.6020243167877191,,0.6020243167877191,0.45261749625205905,1,203,common,country,0,0,2,0.270940274000167,0.6020243167877191,0.037914525717496005,0.089120894670486
9287,D-sem,লাভের গুড়,B,B,1,,0,0.8145431280136101,,0.8145431280136101,0.6408950090408321,1,191,common,country,0,0,2,0.050825979560613,0.8145431280136101,0.049426272511482,0.085204616189002
9287,D-hard,লাভের গুড়,C,D,0,D,1,0.24127341806888503,0.6938950419425961,0.6938950419425961,0.578706622123718,2,183,common,country,0,0,2,0.027255320921540004,0.037576265633106,0.24127341806888503,0.6938950419425961
9290,D-rand,লালজল,C,C,1,,0,0.356696307659149,,0.356696307659149,0.23908311128616302,2,180,common,country,0,0,1,0.20437437295913602,0.220582917332649,0.356696307659149,0.21834638714790303
9290,D-lit,লালজল,C,B,0,B,1,0.0070657795295110005,0.9723187685012811,0.9723187685012811,0.8354616165161131,2,171,common,country,0,0,1,0.015783848240971,0.9723187685012811,0.0070657795295110005,0.004831632599234001
9290,D-surf,লালজল,C,A,0,,0,0.25637871026992803,,0.34180861711502003,0.16247683763504,2,183,common,country,0,0,1,0.34180861711502003,0.224783822894096,0.25637871026992803,0.177028909325599
9290,D-sem,লালজল,C,C,1,,0,0.299495339393615,,0.299495339393615,0.194978669285774,2,170,common,country,0,0,1,0.279075741767883,0.227027758955955,0.299495339393615,0.19440117478370603
9290,D-hard,লালজল,C,B,0,B,1,0.0071392050012940005,0.9825286865234371,0.9825286865234371,0.8299016952514641,2,192,common,country,0,0,1,0.0064666778780510005,0.9825286865234371,0.0071392050012940005,0.003865375649183
9293,D-rand,লালফিতে,C,D,0,,0,0.17584811151027602,,0.316494792699813,0.18141670525074002,2,264,very common,city,0,0,1,0.29633161425590504,0.21132542192935902,0.17584811151027602,0.316494792699813
9293,D-lit,লালফিতে,D,C,0,C,1,0.005373169202357001,0.963292360305786,0.963292360305786,0.822175562381744,3,172,very common,city,0,0,1,0.015053610317409,0.016280895099043,0.963292360305786,0.005373169202357001
9293,D-surf,লালফিতে,A,B,0,,0,0.17259922623634302,,0.416850179433822,0.21254950761795002,0,244,very common,city,0,0,1,0.17259922623634302,0.416850179433822,0.26221814751625,0.148332491517066
9293,D-sem,লালফিতে,C,D,0,,0,0.18413618206977803,,0.30051830410957303,0.162308096885681,2,177,very common,city,0,0,1,0.283247083425521,0.232098400592803,0.18413618206977803,0.30051830410957303
9293,D-hard,লালফিতে,D,C,0,C,1,0.005378039553761,0.9641733765602111,0.9641733765602111,0.785174906253814,3,226,very common,city,0,0,1,0.015660595148801002,0.014788036234676002,0.9641733765602111,0.005378039553761
9300,D-rand,লেখ-রে-লেখ,B,B,1,,0,0.366363257169723,,0.366363257169723,0.266887426376342,1,243,common,country,0,0,3,0.213585525751113,0.366363257169723,0.201599553227424,0.218451678752899
9300,D-lit,লেখ-রে-লেখ,D,C,0,C,1,0.12601910531520802,0.6684417128562921,0.6684417128562921,0.42279475927352905,3,318,common,country,0,0,3,0.15120916068553902,0.054330036044120004,0.6684417128562921,0.12601910531520802
9300,D-surf,লেখ-রে-লেখ,C,A,0,,0,0.33731392025947504,,0.36106377840042103,0.163457602262496,2,287,common,country,0,0,3,0.36106377840042103,0.110579997301101,0.33731392025947504,0.19104236364364602
9300,D-sem,লেখ-রে-লেখ,A,C,0,,0,0.297926068305969,,0.334752589464187,0.19429253041744202,0,312,common,country,0,0,3,0.297926068305969,0.16516275703907002,0.334752589464187,0.202158525586128
9300,D-hard,লেখ-রে-লেখ,A,B,0,B,1,0.12016788125038101,0.66964042186737,0.66964042186737,0.42700365185737604,0,319,common,country,0,0,3,0.12016788125038101,0.66964042186737,0.063161201775074,0.14703053236007602
9301,D-rand,লেখালেখি,B,D,0,,0,0.130223914980888,,0.40482473373413,0.26900452375411904,1,217,common,country,0,0,1,0.21573372185230202,0.130223914980888,0.24921770393848403,0.40482473373413
9301,D-lit,লেখালেখি,B,D,0,D,1,0.05650570243597,0.482572793960571,0.482572793960571,0.22269059717655101,1,261,common,country,0,0,1,0.402889877557754,0.05650570243597,0.058031681925058004,0.482572793960571
9301,D-surf,লেখালেখি,D,B,0,,0,0.13890501856803802,,0.36893680691719005,0.22442644834518402,3,223,common,country,0,0,1,0.31057780981063804,0.36893680691719005,0.18158033490180903,0.13890501856803802
9301,D-sem,লেখালেখি,A,C,0,,0,0.085046246647834,,0.555891335010528,0.30713507533073403,0,263,common,country,0,0,1,0.085046246647834,0.12745423614978701,0.555891335010528,0.231608197093009
9301,D-hard,লেখালেখি,A,B,0,B,1,0.08692604303359901,0.6537988781929011,0.6537988781929011,0.44382336735725403,0,284,common,country,0,0,1,0.08692604303359901,0.6537988781929011,0.138879656791687,0.12039549648761701
9308,D-rand,লীলাখেলা,A,A,1,,0,0.312142044305801,,0.312142044305801,0.157037943601608,0,213,common,country,0,1,1,0.312142044305801,0.23104815185070002,0.246889129281044,0.20992067456245403
9308,D-lit,লীলাখেলা,B,A,0,A,1,0.019201165065169,0.9476325511932371,0.9476325511932371,0.779415786266326,1,197,common,country,0,1,1,0.9476325511932371,0.019201165065169,0.023550836369395003,0.009615489281713002
9308,D-surf,লীলাখেলা,C,C,1,,0,0.30935034155845603,,0.30935034155845603,0.184353113174438,2,156,common,country,0,1,1,0.305633187294006,0.18055619299411702,0.30935034155845603,0.20446029305458002
9308,D-sem,লীলাখেলা,C,A,0,,0,0.259858220815658,,0.269362777471542,0.175068691372871,2,251,common,country,0,1,1,0.269362777471542,0.2271059602499,0.259858220815658,0.24367308616638103
9308,D-hard,লীলাখেলা,B,C,0,C,1,0.017707780003547002,0.9613933563232421,0.9613933563232421,0.8595110774040221,1,175,common,country,0,1,1,0.013350909575819001,0.017707780003547002,0.9613933563232421,0.007547901943325001
9339,D-rand,লেজামুড়া,C,D,0,,0,0.274272590875625,,0.355952709913253,0.196489259600639,2,194,rare,country,0,0,1,0.171907573938369,0.19786711037158902,0.274272590875625,0.355952709913253
9339,D-lit,লেজামুড়া,B,A,0,A,1,0.008274151943624,0.9808773398399351,0.9808773398399351,0.8446916341781611,1,259,rare,country,0,0,1,0.9808773398399351,0.008274151943624,0.004943276289850001,0.0059052356518800005
9339,D-surf,লেজামুড়া,C,D,0,,0,0.20684844255447302,,0.30644276738166804,0.229358211159706,2,254,rare,country,0,0,1,0.21853162348270402,0.268177151679992,0.20684844255447302,0.30644276738166804
9339,D-sem,লেজামুড়া,D,A,0,,0,0.18535992503166202,,0.325292140245437,0.177236765623092,3,237,rare,country,0,0,1,0.325292140245437,0.269409209489822,0.219938710331916,0.18535992503166202
9339,D-hard,লেজামুড়া,C,D,0,D,1,0.005603312514722,0.978836596012115,0.978836596012115,0.8617194890975951,2,212,rare,country,0,0,1,0.008296822197735,0.007263288367539001,0.005603312514722,0.978836596012115
9375,D-rand,লোকে বলে,A,A,1,,0,0.37877780199050903,,0.37877780199050903,0.21212305128574302,0,193,common,country,0,0,2,0.37877780199050903,0.203698307275772,0.18827542662620503,0.229248449206352
9375,D-lit,লোকে বলে,B,A,0,A,1,0.01254176814109,0.9638891816139221,0.9638891816139221,0.8153892755508421,1,267,common,country,0,0,2,0.9638891816139221,0.01254176814109,0.014610740356147001,0.008958420716226
9375,D-surf,লোকে বলে,D,C,0,,0,0.040706433355808,,0.8813338875770561,0.746741831302642,3,296,common,country,0,0,2,0.040126577019691,0.037833131849765,0.8813338875770561,0.040706433355808
9375,D-sem,লোকে বলে,D,A,0,,0,0.305738806724548,,0.346458941698074,0.15750211477279602,3,224,common,country,0,0,2,0.346458941698074,0.31324794888496404,0.034554358571767,0.305738806724548
9375,D-hard,লোকে বলে,C,A,0,A,1,0.012198922224342,0.967489361763,0.967489361763,0.794896483421325,2,205,common,country,0,0,2,0.967489361763,0.016412345692515002,0.012198922224342,0.0038992592599240003
9378,D-rand,লোহার কার্তিক,A,A,1,,0,0.592556595802307,,0.592556595802307,0.35023936629295305,0,307,rare,country,0,1,2,0.592556595802307,0.18566977977752602,0.12489891797304101,0.09687475115060801
9378,D-lit,লোহার কার্তিক,A,C,0,C,1,0.025674676522612003,0.9559767246246331,0.9559767246246331,0.843401849269866,0,258,rare,country,0,1,2,0.025674676522612003,0.009262481704354,0.9559767246246331,0.009086061269044
9378,D-surf,লোহার কার্তিক,B,B,1,,0,0.412737131118774,,0.412737131118774,0.20879048109054502,1,180,rare,country,0,1,2,0.16716989874839702,0.412737131118774,0.073456458747386,0.346636474132537
9378,D-sem,লোহার কার্তিক,B,B,1,,0,0.473890572786331,,0.473890572786331,0.23100072145462003,1,212,rare,country,0,1,2,0.32856336236,0.473890572786331,0.08500308543443601,0.11254299432039201
9378,D-hard,লোহার কার্তিক,B,C,0,C,1,0.025063244625926,0.9652539491653441,0.9652539491653441,0.8078459501266481,1,213,rare,country,0,1,2,0.005650730337947001,0.025063244625926,0.9652539491653441,0.004032108467072
9386,D-rand,শ-কার ব-কার,D,D,1,,0,0.661048650741577,,0.661048650741577,0.49397394061088507,3,231,rare,country,1,1,4,0.113705322146415,0.11732117831707001,0.10792488604784001,0.661048650741577
9386,D-lit,শ-কার ব-কার,A,B,0,B,1,0.163558170199394,0.697115838527679,0.697115838527679,0.5486301779747,0,283,rare,country,1,1,4,0.163558170199394,0.697115838527679,0.040597461163997005,0.09872854501008901
9386,D-surf,শ-কার ব-কার,B,B,1,,0,0.46198046207427906,,0.46198046207427906,0.40178495645523005,1,270,rare,country,1,1,4,0.2324840426445,0.46198046207427906,0.126560285687446,0.17897520959377203
9386,D-sem,শ-কার ব-কার,D,D,1,,0,0.693439781665802,,0.693439781665802,0.465301096439361,3,202,rare,country,1,1,4,0.10524868965148901,0.11494147777557301,0.08637011796236001,0.693439781665802
9386,D-hard,শ-কার ব-কার,B,D,0,D,1,0.14298440515995,0.746261656284332,0.746261656284332,0.642461359500885,1,228,rare,country,1,1,4,0.039464958012104,0.14298440515995,0.071288928389549,0.746261656284332
9404,D-rand,শত্রুর মুখে ছাই,D,D,1,,0,0.552537560462951,,0.552537560462951,0.30388078093528703,3,436,common,deep rural,0,0,3,0.062799222767353,0.262200891971588,0.12246233224868701,0.552537560462951
9404,D-lit,শত্রুর মুখে ছাই,A,B,0,B,1,0.20813159644603701,0.7305448055267331,0.7305448055267331,0.505001544952392,0,386,common,deep rural,0,0,3,0.20813159644603701,0.7305448055267331,0.019714338704943,0.041609313338994
9404,D-surf,শত্রুর মুখে ছাই,C,C,1,,0,0.389524549245834,,0.389524549245834,0.182211175560951,2,379,common,deep rural,0,0,3,0.34903287887573203,0.09944161772727901,0.389524549245834,0.162000969052314
9404,D-sem,শত্রুর মুখে ছাই,D,D,1,,0,0.435779482126235,,0.435779482126235,0.28949445486068703,3,390,common,deep rural,0,0,3,0.25501942634582503,0.190254002809524,0.118947058916091,0.435779482126235
9404,D-hard,শত্রুর মুখে ছাই,A,D,0,D,1,0.189527809619903,0.709522366523742,0.709522366523742,0.513762354850769,0,412,common,deep rural,0,0,3,0.189527809619903,0.051685806363821,0.049263928085565005,0.709522366523742
9413,D-rand,শয়তানের হাঁড়ি,B,B,1,,0,0.883241176605224,,0.883241176605224,0.7120846509933471,1,193,common,country,0,1,2,0.032157745212316,0.883241176605224,0.031987655907869006,0.052613373845815006
9413,D-lit,শয়তানের হাঁড়ি,D,B,0,B,1,0.10386293381452501,0.8909308910369871,0.8909308910369871,0.749228477478027,3,183,common,country,0,1,2,0.004380441736429,0.8909308910369871,0.000825728522613,0.10386293381452501
9413,D-surf,শয়তানের হাঁড়ি,C,C,1,,0,0.513592839241027,,0.513592839241027,0.33502352237701405,2,208,common,country,0,1,2,0.014798040501773002,0.037276674062013,0.513592839241027,0.434332430362701
9413,D-sem,শয়তানের হাঁড়ি,B,B,1,,0,0.9078649878501891,,0.9078649878501891,0.727866411209106,1,200,common,country,0,1,2,0.045285452157258,0.9078649878501891,0.014994642697274001,0.031854912638664
9413,D-hard,শয়তানের হাঁড়ি,A,D,0,D,1,0.08585255593061401,0.9082593321800231,0.9082593321800231,0.836474478244781,0,198,common,country,0,1,2,0.08585255593061401,0.0033676368184380003,0.002520526759326,0.9082593321800231
9415,D-rand,শরীর পাত করা,C,C,1,,0,0.92424863576889,,0.92424863576889,0.686206579208374,2,234,common,country,0,0,3,0.025244025513529,0.026121145114302004,0.92424863576889,0.024386275559663002
9415,D-lit,শরীর পাত করা,D,A,0,A,1,0.036022711545228,0.9592878818511961,0.9592878818511961,0.8445836305618281,3,186,common,country,0,0,3,0.9592878818511961,0.002386626787483,0.002302805660292,0.036022711545228
9415,D-surf,শরীর পাত করা,D,D,1,,0,0.853212594985961,,0.853212594985961,0.712345957756042,3,258,common,country,0,0,3,0.052421625703573005,0.06504139304161001,0.029324434697628004,0.853212594985961
9415,D-sem,শরীর পাত করা,B,B,1,,0,0.868082880973815,,0.868082880973815,0.660938620567321,1,217,common,country,0,0,3,0.039641004055738005,0.868082880973815,0.056741788983345004,0.035534281283617006
9415,D-hard,শরীর পাত করা,B,D,0,D,1,0.025320552289485,0.9711692929267881,0.9711692929267881,0.880899727344512,1,202,common,country,0,0,3,0.001882912940345,0.025320552289485,0.0016271788626900001,0.9711692929267881
9417,D-rand,শর্ট সাইটেড,C,C,1,,0,0.33541330695152205,,0.33541330695152205,0.148508235812187,2,189,common,city,0,0,2,0.19678227603435502,0.31591659784317,0.33541330695152205,0.151887893676757
9417,D-lit,শর্ট সাইটেড,C,D,0,D,1,0.19922499358654003,0.624250590801239,0.624250590801239,0.257595926523208,2,188,common,city,0,0,2,0.07852349430322601,0.09800098091363901,0.19922499358654003,0.624250590801239
9417,D-surf,শর্ট সাইটেড,B,B,1,,0,0.35356286168098405,,0.35356286168098405,0.148054480552673,1,166,common,city,0,0,2,0.12576550245285,0.35356286168098405,0.22075952589511802,0.29991209506988503
9417,D-sem,শর্ট সাইটেড,C,D,0,,0,0.26013159751892,,0.37733322381973206,0.148460403084754,2,199,common,city,0,0,2,0.154438972473144,0.20809617638587902,0.26013159751892,0.37733322381973206
9417,D-hard,শর্ট সাইটেড,D,C,0,C,1,0.14124660193920102,0.6017542481422421,0.6017542481422421,0.29081073403358404,3,192,common,city,0,0,2,0.159312531352043,0.097686626017093,0.6017542481422421,0.14124660193920102
9424,D-rand,শাক দিয়ে মাছ ঢাকা,D,D,1,,0,0.49269667267799305,,0.49269667267799305,0.333796441555023,3,350,common,country,1,0,4,0.17617470026016202,0.18755769729614202,0.143571004271507,0.49269667267799305
9424,D-lit,শাক দিয়ে মাছ ঢাকা,C,D,0,D,1,0.38987898826599104,0.45234325528144803,0.45234325528144803,0.24699565768241802,2,375,common,country,1,0,4,0.075644746422767,0.082133077085018,0.38987898826599104,0.45234325528144803
9424,D-surf,শাক দিয়ে মাছ ঢাকা,D,D,1,,0,0.49611029028892506,,0.49611029028892506,0.282883733510971,3,390,common,country,1,0,4,0.19456300139427102,0.165311485528945,0.144015118479728,0.49611029028892506
9424,D-sem,শাক দিয়ে মাছ ঢাকা,C,C,1,,0,0.556576967239379,,0.556576967239379,0.35916897654533303,2,347,common,country,1,0,4,0.14799031615257202,0.153913140296936,0.556576967239379,0.141519606113433
9424,D-hard,শাক দিয়ে মাছ ঢাকা,A,C,0,C,1,0.357213616371154,0.357878118753433,0.357878118753433,0.22345131635665802,0,386,common,country,1,0,4,0.357213616371154,0.163773298263549,0.357878118753433,0.12113498151302302
9436,D-rand,শালগ্রামের শোয়া-বসা,A,D,0,,0,0.27833020687103205,,0.331286311149597,0.18525837361812503,0,286,rare,deep rural,0,1,3,0.27833020687103205,0.13286900520324701,0.257514417171478,0.331286311149597
9436,D-lit,শালগ্রামের শোয়া-বসা,D,B,0,B,1,0.0015315179480230002,0.9964723587036131,0.9964723587036131,0.9182853102684021,3,246,rare,deep rural,0,1,3,0.0009347122977480001,0.9964723587036131,0.00106137630064,0.0015315179480230002
9436,D-surf,শালগ্রামের শোয়া-বসা,B,C,0,,0,0.272603869438171,,0.30543687939643804,0.21460111439228002,1,246,rare,deep rural,0,1,3,0.23566935956478102,0.272603869438171,0.30543687939643804,0.18628993630409202
9436,D-sem,শালগ্রামের শোয়া-বসা,D,D,1,,0,0.32141301035881004,,0.32141301035881004,0.17379148304462402,3,239,rare,deep rural,0,1,3,0.30043753981590204,0.20269727706909102,0.17545212805271101,0.32141301035881004
9436,D-hard,শালগ্রামের শোয়া-বসা,B,C,0,C,1,0.001929663005284,0.9961162805557251,0.9961162805557251,0.9179858565330501,1,239,rare,deep rural,0,1,3,0.001235905569046,0.001929663005284,0.9961162805557251,0.000718173105269
9438,D-rand,শাস্ত্রে আছে,B,B,1,,0,0.7249647974967951,,0.7249647974967951,0.48982381820678705,1,243,common,country,0,1,2,0.10917252302169801,0.7249647974967951,0.060823906213045,0.10503885895013801
9438,D-lit,শাস্ত্রে আছে,A,C,0,C,1,0.19803915917873302,0.43955075740814203,0.43955075740814203,0.42713654041290205,0,271,common,country,0,1,2,0.19803915917873302,0.19570729136466902,0.43955075740814203,0.166702881455421
9438,D-surf,শাস্ত্রে আছে,D,B,0,,0,0.27941086888313205,,0.42870694398880005,0.36902180314064004,3,307,common,country,0,1,2,0.080386690795421,0.42870694398880005,0.21149542927742002,0.27941086888313205
9438,D-sem,শাস্ত্রে আছে,B,B,1,,0,0.685989439487457,,0.685989439487457,0.458890974521636,1,271,common,country,0,1,2,0.09290011227130801,0.685989439487457,0.19517317414283702,0.025937225669622
9438,D-hard,শাস্ত্রে আছে,D,B,0,B,1,0.29026290774345404,0.6228839755058281,0.6228839755058281,0.41640812158584506,3,263,common,country,0,1,2,0.067638292908668,0.6228839755058281,0.019214730709791003,0.29026290774345404
9444,D-rand,শিকলকাটা টিয়ে,C,B,0,,0,0.20952144265174802,,0.27927386760711603,0.15787103772163302,2,268,common,country,0,0,2,0.253103941679,0.27927386760711603,0.20952144265174802,0.258100748062133
9444,D-lit,শিকলকাটা টিয়ে,D,C,0,C,1,0.052561473101377,0.81114661693573,0.81114661693573,0.596792221069335,3,222,common,country,0,0,2,0.05725948140025101,0.079032458364963,0.81114661693573,0.052561473101377
9444,D-surf,শিকলকাটা টিয়ে,D,D,1,,0,0.284431755542755,,0.284431755542755,0.19737160205841,3,256,common,country,0,0,2,0.26578357815742404,0.278030216693878,0.17175444960594102,0.284431755542755
9444,D-sem,শিকলকাটা টিয়ে,C,B,0,,0,0.290037155151367,,0.305257111787796,0.18256172537803603,2,233,common,country,0,0,2,0.13735508918762201,0.305257111787796,0.290037155151367,0.267350673675537
9444,D-hard,শিকলকাটা টিয়ে,D,A,0,A,1,0.053567316383123,0.832413017749786,0.832413017749786,0.671946585178375,3,236,common,country,0,0,2,0.832413017749786,0.052367094904184,0.061652589589357,0.053567316383123
9446,D-rand,শিকে ছেঁড়া,C,C,1,,0,0.347872257232666,,0.347872257232666,0.19209286570549,2,174,common,country,0,0,2,0.23374190926551802,0.22127129137516002,0.347872257232666,0.19711452722549402
9446,D-lit,শিকে ছেঁড়া,D,A,0,A,1,0.017453344538807,0.9523160457611081,0.9523160457611081,0.844644904136657,3,219,common,country,0,0,2,0.9523160457611081,0.012400882318615001,0.017829753458499003,0.017453344538807
9446,D-surf,শিকে ছেঁড়া,C,B,0,,0,0.25317451357841403,,0.376320481300354,0.226519256830215,2,206,common,country,0,0,2,0.072313502430915,0.376320481300354,0.25317451357841403,0.298191517591476
9446,D-sem,শিকে ছেঁড়া,D,A,0,,0,0.167248144745826,,0.45479300618171603,0.251310974359512,3,216,common,country,0,0,2,0.45479300618171603,0.23278062045574102,0.145178243517875,0.167248144745826
9446,D-hard,শিকে ছেঁড়া,C,B,0,B,1,0.018609620630741,0.9523288607597351,0.9523288607597351,0.830171644687652,2,216,common,country,0,0,2,0.005316870752722001,0.9523288607597351,0.018609620630741,0.023744583129882
9448,D-rand,শিকেয় তুলে রাখা,A,C,0,,0,0.24772018194198603,,0.27057215571403503,0.15899679064750602,0,230,common,deep rural,0,0,3,0.24772018194198603,0.24150656163692402,0.27057215571403503,0.24020108580589203
9448,D-lit,শিকেয় তুলে রাখা,A,D,0,D,1,0.0035995517391710003,0.987237572669982,0.987237572669982,0.883005619049072,0,243,common,deep rural,0,0,3,0.0035995517391710003,0.004895800724625,0.004267091397196001,0.987237572669982
9448,D-surf,শিকেয় তুলে রাখা,D,A,0,,0,0.048503942787647004,,0.7646268606185911,0.594515800476074,3,241,common,deep rural,0,0,3,0.7646268606185911,0.094996601343154,0.09187261015176701,0.048503942787647004
9448,D-sem,শিকেয় তুলে রাখা,C,D,0,,0,0.176675096154212,,0.421723127365112,0.26088699698448103,2,188,common,deep rural,0,0,3,0.23561155796051003,0.16599023342132502,0.176675096154212,0.421723127365112
9448,D-hard,শিকেয় তুলে রাখা,C,B,0,B,1,0.003946148790419,0.9862151741981501,0.9862151741981501,0.8973442316055291,2,194,common,deep rural,0,0,3,0.004502575378865,0.9862151741981501,0.003946148790419,0.005336059723049001
9450,D-rand,শিখণ্ডী,D,A,0,,0,0.28544685244560203,,0.350230246782302,0.206580996513366,3,185,common,country,1,1,1,0.350230246782302,0.20725525915622703,0.157067641615867,0.28544685244560203
9450,D-lit,শিখণ্ডী,B,C,0,C,1,0.05917046219110401,0.8240480422973631,0.8240480422973631,0.6964285373687741,1,195,common,country,1,1,1,0.060127809643745006,0.05917046219110401,0.8240480422973631,0.056653726845979004
9450,D-surf,শিখণ্ডী,A,C,0,,0,0.21918186545372,,0.42344719171524003,0.315880537033081,0,212,common,country,1,1,1,0.21918186545372,0.242013990879058,0.42344719171524003,0.115356989204883
9450,D-sem,শিখণ্ডী,B,B,1,,0,0.355369627475738,,0.355369627475738,0.21481771767139402,1,260,common,country,1,1,1,0.26193082332611,0.355369627475738,0.233466953039169,0.14923258125782002
9450,D-hard,শিখণ্ডী,A,B,0,B,1,0.043971527367830006,0.90943843126297,0.90943843126297,0.763477504253387,0,216,common,country,1,1,1,0.043971527367830006,0.90943843126297,0.023439807817339002,0.023150287568569003
9459,D-rand,শিবের অসাধ্য,D,D,1,,0,0.72275561094284,,0.72275561094284,0.473808676004409,3,229,common,country,0,1,2,0.07864947617053901,0.094965070486068,0.10362987220287301,0.72275561094284
9459,D-lit,শিবের অসাধ্য,A,C,0,C,1,0.26741895079612704,0.671308398246765,0.671308398246765,0.43583568930625904,0,276,common,country,0,1,2,0.26741895079612704,0.029217898845672004,0.671308398246765,0.032054707407951
9459,D-surf,শিবের অসাধ্য,B,B,1,,0,0.7504450082778931,,0.7504450082778931,0.438924342393875,1,264,common,country,0,1,2,0.051574818789958,0.7504450082778931,0.154896020889282,0.043084148317575004
9459,D-sem,শিবের অসাধ্য,A,A,1,,0,0.534125804901123,,0.534125804901123,0.287827402353286,0,272,common,country,0,1,2,0.534125804901123,0.059551104903221005,0.311195760965347,0.09512727707624401
9459,D-hard,শিবের অসাধ্য,B,A,0,A,1,0.26931685209274203,0.688038229942321,0.688038229942321,0.38581445813179005,1,243,common,country,0,1,2,0.688038229942321,0.26931685209274203,0.028233481571078002,0.014411510899662002
9462,D-rand,শিমুল গাছে গা ঘষা,D,C,0,,0,0.24686978757381403,,0.31119102239608704,0.196403309702873,3,234,rare,country,0,0,4,0.204132556915283,0.237806692719459,0.31119102239608704,0.24686978757381403
9462,D-lit,শিমুল গাছে গা ঘষা,C,A,0,A,1,0.041431199759244,0.87818956375122,0.87818956375122,0.7030847072601311,2,225,rare,country,0,0,4,0.87818956375122,0.041218798607587,0.041431199759244,0.039160374552011004
9462,D-surf,শিমুল গাছে গা ঘষা,D,A,0,,0,0.136418461799621,,0.461192488670349,0.364620566368103,3,192,rare,country,0,0,4,0.461192488670349,0.17139053344726501,0.230998441576957,0.136418461799621
9462,D-sem,শিমুল গাছে গা ঘষা,B,C,0,,0,0.26887273788452104,,0.280711382627487,0.24130001664161602,1,249,rare,country,0,0,4,0.263903707265853,0.26887273788452104,0.280711382627487,0.186512157320976
9462,D-hard,শিমুল গাছে গা ঘষা,D,A,0,A,1,0.038950432091951,0.8817093968391411,0.8817093968391411,0.709296762943267,3,195,rare,country,0,0,4,0.8817093968391411,0.048709250986576004,0.030630825087428003,0.038950432091951
9470,D-rand,শিয়ালের যুক্তি,C,C,1,,0,0.29546210169792103,,0.29546210169792103,0.23046907782554601,2,309,common,country,0,0,2,0.262105822563171,0.25372505187988204,0.29546210169792103,0.18870700895786202
9470,D-lit,শিয়ালের যুক্তি,D,C,0,C,1,0.037737444043159006,0.9167320728302001,0.9167320728302001,0.7698037028312681,3,279,common,country,0,0,2,0.028348481282591,0.017182026058435003,0.9167320728302001,0.037737444043159006
9470,D-surf,শিয়ালের যুক্তি,A,C,0,,0,0.344854950904846,,0.40935054421424805,0.18866626918315801,0,248,common,country,0,0,2,0.344854950904846,0.144594073295593,0.40935054421424805,0.10120046138763401
9470,D-sem,শিয়ালের যুক্তি,D,D,1,,0,0.36260214447975103,,0.36260214447975103,0.226212710142135,3,259,common,country,0,0,2,0.19744469225406602,0.171422570943832,0.268530547618865,0.36260214447975103
9470,D-hard,শিয়ালের যুক্তি,D,A,0,A,1,0.036560237407684,0.9076800942420961,0.9076800942420961,0.7702147364616391,3,233,common,country,0,0,2,0.9076800942420961,0.042328096926212005,0.01343155093491,0.036560237407684
9473,D-rand,শিরদাঁড়াতে ঠাণ্ডাস্রোত বয়ে যাওয়া,A,B,0,,0,0.175240159034729,,0.400386244058609,0.27695003151893605,0,246,common,country,0,0,4,0.175240159034729,0.400386244058609,0.15596204996109,0.268411576747894
9473,D-lit,শিরদাঁড়াতে ঠাণ্ডাস্রোত বয়ে যাওয়া,C,A,0,A,1,0.006306824274361001,0.9707003235816951,0.9707003235816951,0.823982000350952,2,270,common,country,0,0,4,0.9707003235816951,0.010267629288136002,0.006306824274361001,0.012725212611258
9473,D-surf,শিরদাঁড়াতে ঠাণ্ডাস্রোত বয়ে যাওয়া,D,C,0,,0,0.039997853338718005,,0.5634414553642271,0.37996888160705505,3,259,common,country,0,0,4,0.35249119997024503,0.044069562107324003,0.5634414553642271,0.039997853338718005
9473,D-sem,শিরদাঁড়াতে ঠাণ্ডাস্রোত বয়ে যাওয়া,C,A,0,,0,0.20565521717071503,,0.33851101994514404,0.23243992030620503,2,265,common,country,0,0,4,0.33851101994514404,0.237785130739212,0.20565521717071503,0.218048557639122
9473,D-hard,শিরদাঁড়াতে ঠাণ্ডাস্রোত বয়ে যাওয়া,C,A,0,A,1,0.006312273442745001,0.9715326428413391,0.9715326428413391,0.8774610161781311,2,303,common,country,0,0,4,0.9715326428413391,0.015085223130881,0.006312273442745001,0.007069856394082001
9485,D-rand,শুকনো কথায় চিঁড়ে ভেজে না,D,D,1,,0,0.594961106777191,,0.594961106777191,0.256751030683517,3,197,common,deep rural,0,0,5,0.15151153504848403,0.15576881170272802,0.09775857627391801,0.594961106777191
9485,D-lit,শুকনো কথায় চিঁড়ে ভেজে না,D,D,1,A,0,0.37331390380859303,0.287304550409317,0.37331390380859303,0.17575019598007202,3,272,common,deep rural,0,0,5,0.287304550409317,0.20403149724006603,0.135350078344345,0.37331390380859303
9485,D-surf,শুকনো কথায় চিঁড়ে ভেজে না,D,D,1,,0,0.353044956922531,,0.353044956922531,0.148954600095748,3,260,common,deep rural,0,0,5,0.254668921232223,0.300656467676162,0.09162963181734,0.353044956922531
9485,D-sem,শুকনো কথায় চিঁড়ে ভেজে না,C,B,0,,0,0.37701031565666204,,0.38182491064071605,0.14935673773288702,2,259,common,deep rural,0,0,5,0.11833357065916,0.38182491064071605,0.37701031565666204,0.12283124774694401
9485,D-hard,শুকনো কথায় চিঁড়ে ভেজে না,D,D,1,A,0,0.33398446440696705,0.257031261920928,0.33398446440696705,0.16672316193580602,3,218,common,deep rural,0,0,5,0.257031261920928,0.146352618932724,0.262631624937057,0.33398446440696705
9497,D-rand,শূন্য ভট্টাচার্য,D,A,0,,0,0.19796220958232802,,0.330397993326187,0.172787517309188,3,240,rare,country,0,1,2,0.330397993326187,0.23246301710605602,0.23917676508426602,0.19796220958232802
9497,D-lit,শূন্য ভট্টাচার্য,B,C,0,C,1,0.010367494076490002,0.9621176123619081,0.9621176123619081,0.8481914997100831,1,205,rare,country,0,1,2,0.014865529723465,0.010367494076490002,0.9621176123619081,0.012649438343942
9497,D-surf,শূন্য ভট্টাচার্য,B,A,0,,0,0.24695305526256503,,0.28402078151702803,0.143080785870552,1,191,rare,country,0,1,2,0.28402078151702803,0.24695305526256503,0.264084696769714,0.20494149625301303
9497,D-sem,শূন্য ভট্টাচার্য,C,B,0,,0,0.285619616508483,,0.316493213176727,0.143037304282188,2,227,rare,country,0,1,2,0.23745958507061002,0.316493213176727,0.285619616508483,0.16042754054069502
9497,D-hard,শূন্য ভট্টাচার্য,C,D,0,D,1,0.0067958510480820005,0.9760822653770441,0.9760822653770441,0.8506978154182431,2,230,rare,country,0,1,2,0.008535978384315001,0.008585894480347,0.0067958510480820005,0.9760822653770441
9507,D-rand,শেষরক্ষা,B,A,0,,0,0.24377262592315602,,0.434967786073684,0.250357240438461,1,189,common,country,0,0,1,0.434967786073684,0.24377262592315602,0.16579788923263503,0.15546175837516701
9507,D-lit,শেষরক্ষা,B,D,0,D,1,0.013378675095736,0.9549261331558221,0.9549261331558221,0.8433952927589411,1,161,common,country,0,0,1,0.015278453007340001,0.013378675095736,0.016416691243648,0.9549261331558221
9507,D-surf,শেষরক্ষা,A,D,0,,0,0.24491463601589203,,0.298748850822448,0.181118249893188,0,194,common,country,0,0,1,0.24491463601589203,0.203111678361892,0.253224849700927,0.298748850822448
9507,D-sem,শেষরক্ষা,A,B,0,,0,0.11193380504846501,,0.6446263790130611,0.55499255657196,0,234,common,country,0,0,1,0.11193380504846501,0.6446263790130611,0.16211295127868602,0.081326946616172
9507,D-hard,শেষরক্ষা,C,B,0,B,1,0.014367879368364,0.959260582923889,0.959260582923889,0.820517420768737,2,167,common,country,0,0,1,0.018533006310462,0.959260582923889,0.014367879368364,0.007838542573153001
9513,D-rand,শোনা কথা,A,A,1,,0,0.7545638084411621,,0.7545638084411621,0.47182548046112005,0,228,common,country,0,0,2,0.7545638084411621,0.10803797096014,0.08505433052778201,0.052343849092721
9513,D-lit,শোনা কথা,B,C,0,C,1,0.076551504433155,0.9100310802459711,0.9100310802459711,0.7482745647430421,1,205,common,country,0,0,2,0.005106632597744,0.076551504433155,0.9100310802459711,0.008310767821967
9513,D-surf,শোনা কথা,C,C,1,,0,0.493205338716506,,0.493205338716506,0.298013836145401,2,229,common,country,0,0,2,0.356332629919052,0.06874094158411001,0.493205338716506,0.08172102272510501
9513,D-sem,শোনা কথা,B,D,0,,0,0.40558612346649103,,0.49689593911170904,0.32346373796463,1,260,common,country,0,0,2,0.063618585467338,0.40558612346649103,0.033899318426847,0.49689593911170904
9513,D-hard,শোনা কথা,C,D,0,D,1,0.051483277231454,0.8515132665634151,0.8515132665634151,0.7618104815483091,2,218,common,country,0,0,2,0.045109316706657,0.051894169300794005,0.051483277231454,0.8515132665634151
9518,D-rand,শ্যাম রাখি কি কুল রাখি,B,B,1,,0,0.6620994210243221,,0.6620994210243221,0.44458907842636103,1,308,rare,country,0,1,5,0.12144055962562501,0.6620994210243221,0.095680899918079,0.120779126882553
9518,D-lit,শ্যাম রাখি কি কুল রাখি,A,A,1,C,0,0.6005007624626161,0.222228735685348,0.6005007624626161,0.357511609792709,0,349,rare,country,0,1,5,0.6005007624626161,0.08506605774164201,0.222228735685348,0.09220448881387701
9518,D-surf,শ্যাম রাখি কি কুল রাখি,A,A,1,,0,0.56384539604187,,0.56384539604187,0.307464152574539,0,304,rare,country,0,1,5,0.56384539604187,0.10179773718118601,0.231166183948516,0.10319067537784501
9518,D-sem,শ্যাম রাখি কি কুল রাখি,B,B,1,,0,0.6864486932754511,,0.6864486932754511,0.5208808779716491,1,325,rare,country,0,1,5,0.096786707639694,0.6864486932754511,0.12290515750646501,0.093859516084194
9518,D-hard,শ্যাম রাখি কি কুল রাখি,A,A,1,D,0,0.521844029426574,0.205685392022132,0.521844029426574,0.28718346357345503,0,337,rare,country,0,1,5,0.521844029426574,0.09421937167644501,0.17825122177600802,0.205685392022132
9523,D-rand,শ্বশুরবাড়ি,A,B,0,,0,0.29725965857505804,,0.300451874732971,0.20906992256641302,0,295,rare,country,0,0,1,0.29725965857505804,0.300451874732971,0.26005744934082003,0.142231032252311
9523,D-lit,শ্বশুরবাড়ি,B,A,0,A,1,0.009577912278473,0.964501798152923,0.964501798152923,0.870487689971923,1,268,rare,country,0,0,1,0.964501798152923,0.009577912278473,0.016585931181907,0.009334263391792
9523,D-surf,শ্বশুরবাড়ি,C,A,0,,0,0.212382048368453,,0.420056045055389,0.24019753932952803,2,263,rare,country,0,0,1,0.420056045055389,0.18744121491909002,0.212382048368453,0.180120736360549
9523,D-sem,শ্বশুরবাড়ি,D,D,1,,0,0.30004256963729803,,0.30004256963729803,0.17588922381401,3,267,rare,country,0,0,1,0.22424976527690801,0.233441248536109,0.242266431450843,0.30004256963729803
9523,D-hard,শ্বশুরবাড়ি,D,A,0,A,1,0.008630899712443001,0.9765263199806211,0.9765263199806211,0.879452168941497,3,334,rare,country,0,0,1,0.9765263199806211,0.006972432136535001,0.007870306260883,0.008630899712443001
9553,D-rand,ষাঁড়ের বুদ্ধি,B,B,1,,0,0.6791943907737731,,0.6791943907737731,0.531232118606567,1,166,common,deep rural,0,0,2,0.152014315128326,0.6791943907737731,0.06591980159282601,0.10287147015333101
9553,D-lit,ষাঁড়ের বুদ্ধি,D,B,0,B,1,0.39083874225616405,0.562236726284027,0.562236726284027,0.30985364317893904,3,272,common,deep rural,0,0,2,0.017770640552043002,0.562236726284027,0.029153913259506004,0.39083874225616405
9553,D-surf,ষাঁড়ের বুদ্ধি,D,C,0,,0,0.30437272787094105,,0.40302363038063005,0.274538785219192,3,215,common,deep rural,0,0,2,0.023857751861214003,0.268745839595794,0.40302363038063005,0.30437272787094105
9553,D-sem,ষাঁড়ের বুদ্ধি,C,C,1,,0,0.6828952431678771,,0.6828952431678771,0.44103187322616505,2,245,common,deep rural,0,0,2,0.09958559274673401,0.15362440049648202,0.6828952431678771,0.063894756138324
9553,D-hard,ষাঁড়ের বুদ্ধি,D,A,0,A,1,0.303523242473602,0.390050590038299,0.390050590038299,0.279901057481765,3,197,common,deep rural,0,0,2,0.390050590038299,0.02425324730575,0.28217294812202404,0.303523242473602
9574,D-rand,সওয়াল-জবাব,C,C,1,,0,0.31476143002510004,,0.31476143002510004,0.24226617813110302,2,268,common,country,0,0,2,0.277984678745269,0.234638914465904,0.31476143002510004,0.172614976763725
9574,D-lit,সওয়াল-জবাব,B,C,0,C,1,0.32242983579635603,0.37415128946304305,0.37415128946304305,0.295817971229553,1,305,common,country,0,0,2,0.194809392094612,0.32242983579635603,0.37415128946304305,0.10860947519540701
9574,D-surf,সওয়াল-জবাব,B,B,1,,0,0.37097090482711703,,0.37097090482711703,0.24955503642559002,1,225,common,country,0,0,2,0.143245041370391,0.37097090482711703,0.24227443337440402,0.24350959062576202
9574,D-sem,সওয়াল-জবাব,D,D,1,,0,0.33404150605201705,,0.33404150605201705,0.213351041078567,3,289,common,country,0,0,2,0.17729610204696603,0.287884563207626,0.200777858495712,0.33404150605201705
9574,D-hard,সওয়াল-জবাব,C,D,0,D,1,0.214912340044975,0.438182055950164,0.438182055950164,0.318807065486907,2,218,common,country,0,0,2,0.17520162463188102,0.17170394957065502,0.214912340044975,0.438182055950164
9606,D-rand,সন্নিপাতের তৃষ্ণা,C,C,1,,0,0.379173517227172,,0.379173517227172,0.37820714712142905,2,259,rare,country,0,0,2,0.19905367493629403,0.20224843919277102,0.379173517227172,0.219524413347244
9606,D-lit,সন্নিপাতের তৃষ্ণা,B,D,0,D,1,0.051686748862266006,0.9074962735176081,0.9074962735176081,0.819479048252105,1,276,rare,country,0,0,2,0.022090569138526,0.051686748862266006,0.018726432695984,0.9074962735176081
9606,D-surf,সন্নিপাতের তৃষ্ণা,D,B,0,,0,0.305240839719772,,0.39688277244567804,0.314551085233688,3,253,rare,country,0,0,2,0.128671869635581,0.39688277244567804,0.169204518198966,0.305240839719772
9606,D-sem,সন্নিপাতের তৃষ্ণা,C,C,1,,0,0.378824263811111,,0.378824263811111,0.443360179662704,2,280,rare,country,0,0,2,0.32564210891723605,0.165747016668319,0.378824263811111,0.12978664040565402
9606,D-hard,সন্নিপাতের তৃষ্ণা,A,B,0,B,1,0.060175511986017005,0.8709754347801201,0.8709754347801201,0.736590504646301,0,290,rare,country,0,0,2,0.060175511986017005,0.8709754347801201,0.051696479320526005,0.017152696847915
9622,D-rand,সবুরে মেওয়া ফলে,B,B,1,,0,0.45309031009674006,,0.45309031009674006,0.34571287035942,1,214,common,country,0,0,3,0.071198865771293,0.45309031009674006,0.249469086527824,0.226241752505302
9622,D-lit,সবুরে মেওয়া ফলে,B,C,0,C,1,0.30044624209403903,0.5401060581207271,0.5401060581207271,0.44130370020866305,1,217,common,country,0,0,3,0.073654182255268,0.30044624209403903,0.5401060581207271,0.085793510079383
9622,D-surf,সবুরে মেওয়া ফলে,C,C,1,,0,0.37039610743522605,,0.37039610743522605,0.29205909371376004,2,259,common,country,0,0,3,0.324962049722671,0.117245592176914,0.37039610743522605,0.187396332621574
9622,D-sem,সবুরে মেওয়া ফলে,A,A,1,,0,0.42451050877571106,,0.42451050877571106,0.329793512821197,0,271,common,country,0,0,3,0.42451050877571106,0.18378101289272303,0.245764181017875,0.14594423770904502
9622,D-hard,সবুরে মেওয়া ফলে,C,B,0,B,1,0.222631812095642,0.43692895770072904,0.43692895770072904,0.34400683641433705,2,274,common,country,0,0,3,0.16641184687614402,0.43692895770072904,0.222631812095642,0.17402735352516102
9623,D-rand,সবে ধন নীলমণি,A,A,1,,0,0.47362455725669805,,0.47362455725669805,0.276752978563308,0,242,rare,country,0,0,3,0.47362455725669805,0.184101164340972,0.186849921941757,0.155424371361732
9623,D-lit,সবে ধন নীলমণি,B,C,0,C,1,0.028371106833219,0.9535616040229791,0.9535616040229791,0.764680862426757,1,223,rare,country,0,0,3,0.009599915705621001,0.028371106833219,0.9535616040229791,0.008467348292469
9623,D-surf,সবে ধন নীলমণি,B,A,0,,0,0.192698135972023,,0.27054873108863803,0.204529285430908,1,254,rare,country,0,0,3,0.27054873108863803,0.192698135972023,0.267704159021377,0.26904892921447704
9623,D-sem,সবে ধন নীলমণি,C,B,0,,0,0.286011695861816,,0.471235156059265,0.28674480319023105,2,272,rare,country,0,0,3,0.10117167234420701,0.471235156059265,0.286011695861816,0.141581490635871
9623,D-hard,সবে ধন নীলমণি,D,A,0,A,1,0.027663789689540003,0.9410591721534721,0.9410591721534721,0.773339450359344,3,233,rare,country,0,0,3,0.9410591721534721,0.019151084125041,0.012125989422202001,0.027663789689540003
9648,D-rand,সরে পড়া,C,B,0,,0,0.147320136427879,,0.431349039077758,0.281410783529281,2,225,common,country,0,0,2,0.21058577299118,0.431349039077758,0.147320136427879,0.21074500679969702
9648,D-lit,সরে পড়া,C,B,0,B,1,0.007355714216828,0.9776125550270081,0.9776125550270081,0.8429707288742061,2,279,common,country,0,0,2,0.004088093992322001,0.9776125550270081,0.007355714216828,0.010943605564534001
9648,D-surf,সরে পড়া,A,C,0,,0,0.12085738033056201,,0.7585284113883971,0.5606724619865411,0,164,common,country,0,0,2,0.12085738033056201,0.053037449717521,0.7585284113883971,0.06757679581642101
9648,D-sem,সরে পড়া,D,D,1,,0,0.267156481742858,,0.267156481742858,0.202489361166954,3,198,common,country,0,0,2,0.25002393126487704,0.21795034408569303,0.26486930251121504,0.267156481742858
9648,D-hard,সরে পড়া,B,A,0,A,1,0.010702576488256,0.964465916156768,0.964465916156768,0.8194112777709961,1,275,common,country,0,0,2,0.964465916156768,0.010702576488256,0.012893136590719001,0.011938452720642001
9654,D-rand,সর্বদেবময় অতিথি,D,D,1,,0,0.8768173456192011,,0.8768173456192011,0.68835711479187,3,222,common,country,0,1,2,0.010594697669148001,0.050735466182231,0.061852496117353,0.8768173456192011
9654,D-lit,সর্বদেবময় অতিথি,B,B,1,D,0,0.65329498052597,0.321843773126602,0.65329498052597,0.46414214372634804,1,209,common,country,0,1,2,0.011154639534652,0.65329498052597,0.013706617988646001,0.321843773126602
9654,D-surf,সর্বদেবময় অতিথি,B,B,1,,0,0.9266335964202881,,0.9266335964202881,0.659054815769195,1,223,common,country,0,1,2,0.015141417272388002,0.9266335964202881,0.014847212471067002,0.043377820402383006
9654,D-sem,সর্বদেবময় অতিথি,D,D,1,,0,0.8026848435401911,,0.8026848435401911,0.652401030063629,3,234,common,country,0,1,2,0.010231669060885,0.035762518644332005,0.15132094919681502,0.8026848435401911
9654,D-hard,সর্বদেবময় অতিথি,D,D,1,B,0,0.67851322889328,0.279218614101409,0.67851322889328,0.5136815905570981,3,309,common,country,0,1,2,0.032347440719604,0.279218614101409,0.009920763783156001,0.67851322889328
9668,D-rand,সস্তার তিন অবস্থা,C,C,1,,0,0.455600619316101,,0.455600619316101,0.297587811946868,2,270,common,country,0,0,3,0.232019439339637,0.15785662829875902,0.455600619316101,0.15452329814434002
9668,D-lit,সস্তার তিন অবস্থা,A,B,0,B,1,0.10668917745351701,0.775625228881835,0.775625228881835,0.6867682933807371,0,257,common,country,0,0,3,0.10668917745351701,0.775625228881835,0.05604483559727601,0.061640691012144005
9668,D-surf,সস্তার তিন অবস্থা,A,A,1,,0,0.42126622796058605,,0.42126622796058605,0.25616374611854503,0,254,common,country,0,0,3,0.42126622796058605,0.175497338175773,0.23487034440040502,0.168366104364395
9668,D-sem,সস্তার তিন অবস্থা,B,B,1,,0,0.49498137831687905,,0.49498137831687905,0.28183573484420704,1,232,common,country,0,0,3,0.287824690341949,0.49498137831687905,0.081990510225296,0.13520337641239102
9668,D-hard,সস্তার তিন অবস্থা,C,D,0,D,1,0.089591950178146,0.818824112415313,0.818824112415313,0.6557185053825371,2,234,common,country,0,0,3,0.052249461412429005,0.039334461092948005,0.089591950178146,0.818824112415313
9672,D-rand,সহি সালামত,A,A,1,,0,0.589233100414276,,0.589233100414276,0.35702306032180703,0,213,common,country,0,0,2,0.589233100414276,0.13783898949623102,0.19039601087570102,0.082531936466693
9672,D-lit,সহি সালামত,D,B,0,B,1,0.054674427956342,0.8895655870437621,0.8895655870437621,0.7844434976577751,3,245,common,country,0,0,2,0.022531667724251,0.8895655870437621,0.033228293061256,0.054674427956342
9672,D-surf,সহি সালামত,B,B,1,,0,0.63391363620758,,0.63391363620758,0.49214601516723605,1,202,common,country,0,0,2,0.14975760877132402,0.63391363620758,0.07024990022182401,0.14607888460159302
9672,D-sem,সহি সালামত,C,C,1,,0,0.549612998962402,,0.549612998962402,0.420982807874679,2,291,common,country,0,0,2,0.141553685069084,0.129549041390419,0.549612998962402,0.179284289479255
9672,D-hard,সহি সালামত,D,A,0,A,1,0.05969170108437501,0.923680245876312,0.923680245876312,0.80775761604309,3,259,common,country,0,0,2,0.923680245876312,0.0033524220343670004,0.013275660574436,0.05969170108437501
9710,D-rand,সাত চড়ে রা কাড়ে না,B,B,1,,0,0.287913471460342,,0.287913471460342,0.19787824153900102,1,243,common,country,0,0,5,0.23244814574718403,0.287913471460342,0.269339442253112,0.21029892563819802
9710,D-lit,সাত চড়ে রা কাড়ে না,B,D,0,D,1,0.107148498296737,0.698480486869812,0.698480486869812,0.5565052032470701,1,289,common,country,0,0,5,0.11796968430280601,0.107148498296737,0.076401300728321,0.698480486869812
9710,D-surf,সাত চড়ে রা কাড়ে না,D,C,0,,0,0.16070856153964902,,0.47030138969421303,0.31448239088058405,3,362,common,country,0,0,5,0.165079161524772,0.20391088724136303,0.47030138969421303,0.16070856153964902
9710,D-sem,সাত চড়ে রা কাড়ে না,D,B,0,,0,0.224344804883003,,0.29545608162879905,0.28484290838241505,3,306,common,country,0,0,5,0.287775009870529,0.29545608162879905,0.192424118518829,0.224344804883003
9710,D-hard,সাত চড়ে রা কাড়ে না,A,C,0,C,1,0.117623306810855,0.645551085472106,0.645551085472106,0.48815000057220403,0,286,common,country,0,0,5,0.117623306810855,0.089863866567611,0.645551085472106,0.14696173369884402
9721,D-rand,সাত সতীনের ঘর,C,A,0,,0,0.16748835146427102,,0.6489239931106561,0.38269665837287903,2,204,common,deep rural,0,0,3,0.6489239931106561,0.06264299899339601,0.16748835146427102,0.120944574475288
9721,D-lit,সাত সতীনের ঘর,C,A,0,A,1,0.015189666301012001,0.9431272149085991,0.9431272149085991,0.818184077739715,2,223,common,deep rural,0,0,3,0.9431272149085991,0.016952773556113,0.015189666301012001,0.024730399250984
9721,D-surf,সাত সতীনের ঘর,A,D,0,,0,0.20059204101562503,,0.40451481938362105,0.290955454111099,0,195,common,deep rural,0,0,3,0.20059204101562503,0.24346776306629103,0.151425331830978,0.40451481938362105
9721,D-sem,সাত সতীনের ঘর,A,C,0,,0,0.263735711574554,,0.45399081707000705,0.297201842069625,0,310,common,deep rural,0,0,3,0.263735711574554,0.106742784380912,0.45399081707000705,0.17553074657917
9721,D-hard,সাত সতীনের ঘর,D,C,0,C,1,0.016683889552950002,0.9512519836425781,0.9512519836425781,0.7895488142967221,3,232,common,deep rural,0,0,3,0.020716806873679,0.011347348801791,0.9512519836425781,0.016683889552950002
9738,D-rand,সাদা হাতী পোষা,D,A,0,,0,0.274965524673461,,0.33075657486915505,0.23679706454277002,3,290,common,country,0,0,3,0.33075657486915505,0.209794387221336,0.184483483433723,0.274965524673461
9738,D-lit,সাদা হাতী পোষা,D,A,0,A,1,0.034242499619722006,0.9149682521820061,0.9149682521820061,0.813700556755065,3,272,common,country,0,0,3,0.9149682521820061,0.030404658988118,0.020384630188345,0.034242499619722006
9738,D-surf,সাদা হাতী পোষা,B,B,1,,0,0.329898536205291,,0.329898536205291,0.24707032740116103,1,220,common,country,0,0,3,0.177676022052764,0.329898536205291,0.250561892986297,0.24186354875564503
9738,D-sem,সাদা হাতী পোষা,C,C,1,,0,0.372487783432006,,0.372487783432006,0.21717146039009003,2,243,common,country,0,0,3,0.20786917209625203,0.166590973734855,0.372487783432006,0.25305205583572304
9738,D-hard,সাদা হাতী পোষা,A,D,0,D,1,0.029433546587824003,0.9277468323707581,0.9277468323707581,0.8588851690292351,0,227,common,country,0,0,3,0.029433546587824003,0.020516183227300002,0.022303443402051003,0.9277468323707581
9744,D-rand,সাধ্যসাধনা,C,B,0,,0,0.187768846750259,,0.439759135246276,0.276968896389007,2,249,common,country,0,0,1,0.249555110931396,0.439759135246276,0.187768846750259,0.12291694432497001
9744,D-lit,সাধ্যসাধনা,D,C,0,C,1,0.019475547596812002,0.945164501667022,0.945164501667022,0.8250071406364441,3,222,common,country,0,0,1,0.015072820708155,0.020287154242396,0.945164501667022,0.019475547596812002
9744,D-surf,সাধ্যসাধনা,C,A,0,,0,0.165968909859657,,0.48794955015182406,0.33304160833358704,2,187,common,country,0,0,1,0.48794955015182406,0.11639091372489901,0.165968909859657,0.22969062626361803
9744,D-sem,সাধ্যসাধনা,C,D,0,,0,0.19895601272583002,,0.39667618274688704,0.306841313838958,2,214,common,country,0,0,1,0.20536068081855702,0.19900706410408,0.19895601272583002,0.39667618274688704
9744,D-hard,সাধ্যসাধনা,A,C,0,C,1,0.024174798280000003,0.9520910978317261,0.9520910978317261,0.8429965972900391,0,246,common,country,0,0,1,0.024174798280000003,0.012875552289187001,0.9520910978317261,0.010858661495149
9758,D-rand,সাপের হাঁচি বেদেয় চেনে,B,D,0,,0,0.28814601898193304,,0.359571754932403,0.22617167234420701,1,378,common,deep rural,0,0,4,0.138875484466552,0.28814601898193304,0.21340677142143202,0.359571754932403
9758,D-lit,সাপের হাঁচি বেদেয় চেনে,B,D,0,D,1,0.02011246792972,0.931850969791412,0.931850969791412,0.8324958682060241,1,344,common,deep rural,0,0,4,0.034684829413890006,0.02011246792972,0.013351763598620002,0.931850969791412
9758,D-surf,সাপের হাঁচি বেদেয় চেনে,D,D,1,,0,0.346587866544723,,0.346587866544723,0.18324519693851402,3,365,common,deep rural,0,0,4,0.34537756443023604,0.15275658667087502,0.155277982354164,0.346587866544723
9758,D-sem,সাপের হাঁচি বেদেয় চেনে,C,A,0,,0,0.29575720429420405,,0.39853352308273304,0.199895367026329,2,259,common,deep rural,0,0,4,0.39853352308273304,0.188090622425079,0.29575720429420405,0.11761869490146601
9758,D-hard,সাপের হাঁচি বেদেয় চেনে,A,B,0,B,1,0.025340223684906002,0.938406705856323,0.938406705856323,0.8347289562225341,0,303,common,deep rural,0,0,4,0.025340223684906002,0.938406705856323,0.021816965192556003,0.014436052180826001
9761,D-rand,সাফাই গাওয়া,B,C,0,,0,0.221583828330039,,0.33226338028907704,0.23049943149089802,1,186,common,country,0,0,2,0.126174345612525,0.221583828330039,0.33226338028907704,0.31997841596603305
9761,D-lit,সাফাই গাওয়া,C,A,0,A,1,0.0010097011690950002,0.996253371238708,0.996253371238708,0.9016917347908021,2,297,common,country,0,0,2,0.996253371238708,0.0014624665491280002,0.0010097011690950002,0.001274363487027
9761,D-surf,সাফাই গাওয়া,A,B,0,,0,0.16466060280799802,,0.5432858467102051,0.37642079591751104,0,243,common,country,0,0,2,0.16466060280799802,0.5432858467102051,0.07395187765359801,0.21810166537761602
9761,D-sem,সাফাই গাওয়া,C,B,0,,0,0.19692243635654402,,0.40053519606590204,0.22929276525974202,2,223,common,country,0,0,2,0.151390761137008,0.40053519606590204,0.19692243635654402,0.25115159153938205
9761,D-hard,সাফাই গাওয়া,B,A,0,A,1,0.0009832157520570002,0.995296776294708,0.995296776294708,0.9177640080451961,1,208,common,country,0,0,2,0.995296776294708,0.0009832157520570002,0.0006755042704750001,0.003044534474611
9768,D-rand,সাষ্টাঙ্গ প্রণাম,C,C,1,,0,0.46213743090629505,,0.46213743090629505,0.35561862587928705,2,246,common,country,0,1,2,0.09076279401779101,0.16446831822395303,0.46213743090629505,0.282631397247314
9768,D-lit,সাষ্টাঙ্গ প্রণাম,A,D,0,D,1,0.216490715742111,0.699741899967193,0.699741899967193,0.512104272842407,0,257,common,country,0,1,2,0.216490715742111,0.037977460771799004,0.045789916068315006,0.699741899967193
9768,D-surf,সাষ্টাঙ্গ প্রণাম,C,A,0,,0,0.20772376656532202,,0.694748818874359,0.49294137954711903,2,262,common,country,0,1,2,0.694748818874359,0.050280351191759005,0.20772376656532202,0.047247037291526
9768,D-sem,সাষ্টাঙ্গ প্রণাম,C,C,1,,0,0.590397357940673,,0.590397357940673,0.389021277427673,2,242,common,country,0,1,2,0.185530751943588,0.177364006638526,0.590397357940673,0.04670786112546901
9768,D-hard,সাষ্টাঙ্গ প্রণাম,A,D,0,D,1,0.212944611907005,0.6883197426795961,0.6883197426795961,0.49579983949661205,0,334,common,country,0,1,2,0.212944611907005,0.05194126814603801,0.046794362366199,0.6883197426795961
9796,D-rand,সুন্দ-উপসুন্দের লড়াই,D,D,1,,0,0.749541282653808,,0.749541282653808,0.617020726203918,3,339,rare,country,0,1,3,0.09142825007438601,0.08604232966899801,0.07298813760280601,0.749541282653808
9796,D-lit,সুন্দ-উপসুন্দের লড়াই,D,C,0,C,1,0.078497394919395,0.9095194339752191,0.9095194339752191,0.8462176322937011,3,359,rare,country,0,1,3,0.006034538149833,0.005948631558567,0.9095194339752191,0.078497394919395
9796,D-surf,সুন্দ-উপসুন্দের লড়াই,C,B,0,,0,0.311540991067886,,0.56939285993576,0.515328347682952,2,371,rare,country,0,1,3,0.09445206075906701,0.56939285993576,0.311540991067886,0.024614075198769
9796,D-sem,সুন্দ-উপসুন্দের লড়াই,A,A,1,,0,0.8073047995567321,,0.8073047995567321,0.56516808271408,0,356,rare,country,0,1,3,0.8073047995567321,0.083158686757087,0.070062384009361,0.039474122226238
9796,D-hard,সুন্দ-উপসুন্দের লড়াই,A,D,0,D,1,0.058932606130838006,0.929475963115692,0.929475963115692,0.8577305078506471,0,382,rare,country,0,1,3,0.058932606130838006,0.006674917414784,0.004916484467685001,0.929475963115692
9804,D-rand,সুর ভাঁজা,D,A,0,,0,0.07585148513317101,,0.548686623573303,0.382709562778472,3,185,common,country,0,0,2,0.548686623573303,0.18802300095558103,0.187438905239105,0.07585148513317101
9804,D-lit,সুর ভাঁজা,A,B,0,B,1,0.002766520250588,0.9873738884925841,0.9873738884925841,0.8486084342002861,0,217,common,country,0,0,2,0.002766520250588,0.9873738884925841,0.00595857668668,0.0039010872133070002
9804,D-surf,সুর ভাঁজা,A,D,0,,0,0.13998155295848802,,0.475674211978912,0.28585031628608704,0,228,common,country,0,0,2,0.13998155295848802,0.160849004983901,0.223495155572891,0.475674211978912
9804,D-sem,সুর ভাঁজা,B,C,0,,0,0.128120839595794,,0.30425646901130604,0.16494488716125402,1,183,common,country,0,0,2,0.299238562583923,0.128120839595794,0.30425646901130604,0.268384128808975
9804,D-hard,সুর ভাঁজা,D,A,0,A,1,0.0027768583968280003,0.9803029298782341,0.9803029298782341,0.8430717587471,3,193,common,country,0,0,2,0.9803029298782341,0.012304668314754,0.004615603480488,0.0027768583968280003
9825,D-rand,সোজা করা,D,C,0,,0,0.33097726106643605,,0.357947587966918,0.17182786762714303,3,200,common,country,0,0,2,0.20280273258686002,0.108272440731525,0.357947587966918,0.33097726106643605
9825,D-lit,সোজা করা,B,C,0,C,1,0.010533401742577001,0.9823221564292901,0.9823221564292901,0.840326011180877,1,168,common,country,0,0,2,0.001954194623976,0.010533401742577001,0.9823221564292901,0.005190198775380001
9825,D-surf,সোজা করা,B,B,1,,0,0.37931311130523604,,0.37931311130523604,0.22911548614501903,1,151,common,country,0,0,2,0.297304362058639,0.37931311130523604,0.16036584973335202,0.16301666200160903
9825,D-sem,সোজা করা,B,B,1,,0,0.35750001668930004,,0.35750001668930004,0.18173791468143402,1,189,common,country,0,0,2,0.17299255728721602,0.35750001668930004,0.31464216113090504,0.15486524999141602
9825,D-hard,সোজা করা,B,A,0,A,1,0.010629500262439001,0.9819390177726741,0.9819390177726741,0.853295147418975,1,173,common,country,0,0,2,0.9819390177726741,0.010629500262439001,0.00282642035745,0.004605014808475001
9835,D-rand,"সোনা ছেড়ে বাইরে, আঁচলে গেরো",B,A,0,,0,0.252696126699447,,0.299660325050354,0.21545305848121601,1,240,common,deep rural,0,0,5,0.299660325050354,0.252696126699447,0.20308995246887201,0.24455358088016502
9835,D-lit,"সোনা ছেড়ে বাইরে, আঁচলে গেরো",C,B,0,B,1,0.06719396263360901,0.7751304507255551,0.7751304507255551,0.568119585514068,2,261,common,deep rural,0,0,5,0.12003760039806301,0.7751304507255551,0.06719396263360901,0.037638034671545
9835,D-surf,"সোনা ছেড়ে বাইরে, আঁচলে গেরো",A,B,0,,0,0.154618665575981,,0.42792713642120306,0.248274758458137,0,215,common,deep rural,0,0,5,0.154618665575981,0.42792713642120306,0.118155278265476,0.29929885268211304
9835,D-sem,"সোনা ছেড়ে বাইরে, আঁচলে গেরো",D,A,0,,0,0.061796460300683004,,0.450766235589981,0.29572170972824,3,264,common,deep rural,0,0,5,0.450766235589981,0.08713299781084001,0.40030437707901,0.061796460300683004
9835,D-hard,"সোনা ছেড়ে বাইরে, আঁচলে গেরো",A,C,0,C,1,0.070026285946369,0.6970331072807311,0.6970331072807311,0.6037718653678891,0,343,common,deep rural,0,0,5,0.070026285946369,0.144997969269752,0.6970331072807311,0.087942659854888
9838,D-rand,সোনায় সোহাগা,B,B,1,,0,0.32706564664840704,,0.32706564664840704,0.23023508489131903,1,238,common,country,0,0,2,0.23618522286415103,0.32706564664840704,0.26287746429443304,0.173871651291847
9838,D-lit,সোনায় সোহাগা,C,B,0,B,1,0.049061816185712,0.8678041696548461,0.8678041696548461,0.72184270620346,2,231,common,country,0,0,2,0.042250160127878,0.8678041696548461,0.049061816185712,0.040883921086788004
9838,D-surf,সোনায় সোহাগা,D,B,0,,0,0.246631756424903,,0.28670510649681,0.22411757707595803,3,350,common,country,0,0,2,0.24027797579765303,0.28670510649681,0.22638516128063202,0.246631756424903
9838,D-sem,সোনায় সোহাগা,D,B,0,,0,0.256405621767044,,0.30221462249755804,0.228181719779968,3,223,common,country,0,0,2,0.201137140393257,0.30221462249755804,0.24024261534214003,0.256405621767044
9838,D-hard,সোনায় সোহাগা,B,C,0,C,1,0.058186490088701005,0.867292284965515,0.867292284965515,0.7142456769943231,1,270,common,country,0,0,2,0.039606876671314004,0.058186490088701005,0.867292284965515,0.03491436690092
9850,D-rand,সোলেনামা,D,B,0,,0,0.158447220921516,,0.49642679095268205,0.26535153388977,3,206,common,city,0,0,1,0.12078861892223301,0.49642679095268205,0.22433741390705103,0.158447220921516
9850,D-lit,সোলেনামা,D,A,0,A,1,0.18247322738170602,0.45493432879447904,0.45493432879447904,0.219234704971313,3,276,common,city,0,0,1,0.45493432879447904,0.098981291055679,0.26361110806465105,0.18247322738170602
9850,D-surf,সোলেনামা,A,C,0,,0,0.18478737771511,,0.608991563320159,0.34259465336799605,0,273,common,city,0,0,1,0.18478737771511,0.10858408361673301,0.608991563320159,0.09763692319393101
9850,D-sem,সোলেনামা,A,A,1,,0,0.314214169979095,,0.314214169979095,0.22854422032833102,0,193,common,city,0,0,1,0.314214169979095,0.23818342387676203,0.20965887606143901,0.23794355988502502
9850,D-hard,সোলেনামা,B,C,0,C,1,0.185350283980369,0.347295224666595,0.347295224666595,0.18563459813594801,1,267,common,city,0,0,1,0.23585124313831302,0.185350283980369,0.347295224666595,0.23150321841239901
9862,D-rand,স্বখাত সলিল,B,D,0,,0,0.15928475558757701,,0.47559449076652505,0.21733167767524703,1,198,rare,country,0,1,2,0.23593370616436002,0.15928475558757701,0.12918709218502,0.47559449076652505
9862,D-lit,স্বখাত সলিল,B,A,0,D,0,0.16125790774822202,0.189727082848548,0.397775202989578,0.24978293478488903,1,248,rare,country,0,1,2,0.397775202989578,0.16125790774822202,0.25123980641365,0.189727082848548
9862,D-surf,স্বখাত সলিল,D,A,0,,0,0.18861253559589303,,0.35248655080795205,0.201546370983123,3,211,rare,country,0,1,2,0.35248655080795205,0.29822888970375,0.160672023892402,0.18861253559589303
9862,D-sem,স্বখাত সলিল,A,B,0,,0,0.15545596182346302,,0.45944106578826904,0.24752831459045402,0,190,rare,country,0,1,2,0.15545596182346302,0.45944106578826904,0.20659039914608002,0.17851261794567103
9862,D-hard,স্বখাত সলিল,C,A,0,D,0,0.14422564208507502,0.170856669545173,0.349996358156204,0.14877726137638,2,205,rare,country,0,1,2,0.349996358156204,0.33492136001586903,0.14422564208507502,0.170856669545173
9865,D-rand,স্বতঃস্ফূর্ত,C,B,0,,0,0.22093412280082703,,0.328816711902618,0.22753921151161102,2,221,very common,country,0,0,1,0.254842162132263,0.328816711902618,0.22093412280082703,0.19540701806545202
9865,D-lit,স্বতঃস্ফূর্ত,D,A,0,A,1,0.083715118467807,0.6693316698074341,0.6693316698074341,0.370111286640167,3,264,very common,country,0,0,1,0.6693316698074341,0.16594369709491702,0.08100950717926,0.083715118467807
9865,D-surf,স্বতঃস্ফূর্ত,A,A,1,,0,0.35042527318000705,,0.35042527318000705,0.23498639464378301,0,287,very common,country,0,0,1,0.35042527318000705,0.22928221523761702,0.23408044874668102,0.186211988329887
9865,D-sem,স্বতঃস্ফূর্ত,D,A,0,,0,0.033236838877201004,,0.856181025505065,0.6749296188354491,3,220,very common,country,0,0,1,0.856181025505065,0.073861107230186,0.036721043288707005,0.033236838877201004
9865,D-hard,স্বতঃস্ফূর্ত,B,C,0,D,0,0.029949337244033,0.224523931741714,0.70264708995819,0.43102806806564303,1,261,very common,country,0,0,1,0.042879614979028,0.029949337244033,0.70264708995819,0.224523931741714
9869,D-rand,স্বভাব-চরিত্র,B,B,1,,0,0.37554946541786105,,0.37554946541786105,0.181381627917289,1,226,common,country,0,0,2,0.189068600535392,0.37554946541786105,0.26350718736648504,0.171874746680259
9869,D-lit,স্বভাব-চরিত্র,C,A,0,A,1,0.050639104098081006,0.896980464458465,0.896980464458465,0.7690350413322441,2,208,common,country,0,0,2,0.896980464458465,0.025581805035471,0.050639104098081006,0.026798563078045002
9869,D-surf,স্বভাব-চরিত্র,C,B,0,,0,0.241676196455955,,0.559930443763732,0.316314309835433,2,232,common,country,0,0,2,0.095135644078254,0.559930443763732,0.241676196455955,0.10325776040554001
9869,D-sem,স্বভাব-চরিত্র,B,B,1,,0,0.40515846014022805,,0.40515846014022805,0.182006612420082,1,207,common,country,0,0,2,0.09588734805583901,0.40515846014022805,0.284044831991195,0.214909434318542
9869,D-hard,স্বভাব-চরিত্র,B,C,0,C,1,0.049763403832912,0.8980668187141411,0.8980668187141411,0.7238274216651911,1,232,common,country,0,0,2,0.021481405943632,0.049763403832912,0.8980668187141411,0.030688405036926002
9872,D-rand,স্বর্গরাজ্যে বিশৃঙ্খলা,B,A,0,,0,0.204933658242225,,0.422380805015563,0.33450341224670405,1,256,rare,country,0,1,2,0.422380805015563,0.204933658242225,0.225081488490104,0.14760400354862202
9872,D-lit,স্বর্গরাজ্যে বিশৃঙ্খলা,C,A,0,A,1,0.010920422151684001,0.9581448435783381,0.9581448435783381,0.870102822780609,2,211,rare,country,0,1,2,0.9581448435783381,0.014231307432055001,0.010920422151684001,0.016703410074114
9872,D-surf,স্বর্গরাজ্যে বিশৃঙ্খলা,C,B,0,,0,0.237426429986953,,0.26831498742103504,0.195160433650016,2,322,rare,country,0,1,2,0.239109814167022,0.26831498742103504,0.237426429986953,0.25514879822731
9872,D-sem,স্বর্গরাজ্যে বিশৃঙ্খলা,C,D,0,,0,0.23675832152366602,,0.26999482512474005,0.20898881554603502,2,203,rare,country,0,1,2,0.24520102143287603,0.24804583191871601,0.23675832152366602,0.26999482512474005
9872,D-hard,স্বর্গরাজ্যে বিশৃঙ্খলা,B,A,0,A,1,0.011161118745803,0.972256064414978,0.972256064414978,0.875374138355255,1,179,rare,country,0,1,2,0.972256064414978,0.011161118745803,0.008451309055089,0.008131416514515
9879,D-rand,স্বর্গের সিঁড়ি করা,B,D,0,,0,0.245582953095436,,0.42839106917381203,0.275915056467056,1,207,rare,country,0,1,3,0.23577393591403903,0.245582953095436,0.09025208652019501,0.42839106917381203
9879,D-lit,স্বর্গের সিঁড়ি করা,D,A,0,A,1,0.021971723064780003,0.9451049566268921,0.9451049566268921,0.8587489724159241,3,256,rare,country,0,1,3,0.9451049566268921,0.009721243754029,0.023202100768685,0.021971723064780003
9879,D-surf,স্বর্গের সিঁড়ি করা,B,B,1,,0,0.494696617126464,,0.494696617126464,0.389564633369445,1,256,rare,country,0,1,3,0.13449627161026,0.494696617126464,0.18461839854717202,0.18618872761726302
9879,D-sem,স্বর্গের সিঁড়ি করা,A,C,0,,0,0.239022493362426,,0.30416607856750405,0.20811839401721902,0,224,rare,country,0,1,3,0.239022493362426,0.26840367913246105,0.30416607856750405,0.188407734036445
9879,D-hard,স্বর্গের সিঁড়ি করা,B,D,0,D,1,0.015374819748103001,0.9629164934158321,0.9629164934158321,0.8829853534698481,1,245,rare,country,0,1,3,0.01308090891689,0.015374819748103001,0.008627749979496,0.9629164934158321
9901,D-rand,হড়বড় করা,D,D,1,,0,0.385946869850158,,0.385946869850158,0.257168382406234,3,198,common,country,0,0,2,0.18437975645065302,0.19272267818450903,0.23695062100887201,0.385946869850158
9901,D-lit,হড়বড় করা,D,B,0,B,1,0.256952077150344,0.45247629284858704,0.45247629284858704,0.315755426883697,3,240,common,country,0,0,2,0.105972476303577,0.45247629284858704,0.184599176049232,0.256952077150344
9901,D-surf,হড়বড় করা,C,A,0,,0,0.23996491730213101,,0.36097866296768105,0.253027945756912,2,184,common,country,0,0,2,0.36097866296768105,0.23620828986167902,0.23996491730213101,0.16284811496734602
9901,D-sem,হড়বড় করা,B,B,1,,0,0.35615015029907204,,0.35615015029907204,0.193275243043899,1,236,common,country,0,0,2,0.155984193086624,0.35615015029907204,0.18594714999198902,0.301918536424636
9901,D-hard,হড়বড় করা,C,B,0,B,1,0.20316484570503202,0.34950438141822804,0.34950438141822804,0.28774222731590204,2,229,common,country,0,0,2,0.24588781595230103,0.34950438141822804,0.20316484570503202,0.201442912220954
9903,D-rand,হতচ্ছাড়া,B,A,0,,0,0.202552691102027,,0.32306516170501703,0.17440135776996601,1,226,common,country,0,0,1,0.32306516170501703,0.202552691102027,0.30673748254776,0.167644694447517
9903,D-lit,হতচ্ছাড়া,A,B,0,D,0,0.18009187281131703,0.220386758446693,0.318612873554229,0.22534966468811002,0,248,common,country,0,0,1,0.18009187281131703,0.318612873554229,0.280908435583114,0.220386758446693
9903,D-surf,হতচ্ছাড়া,B,D,0,,0,0.16874784231185902,,0.374369591474533,0.19189108908176403,1,199,common,country,0,0,1,0.206064358353614,0.16874784231185902,0.250818163156509,0.374369591474533
9903,D-sem,হতচ্ছাড়া,B,A,0,,0,0.19283257424831302,,0.465136170387268,0.28814482688903803,1,233,common,country,0,0,1,0.465136170387268,0.19283257424831302,0.140156611800193,0.20187458395957902
9903,D-hard,হতচ্ছাড়া,D,B,0,B,1,0.20406758785247803,0.313610464334487,0.313610464334487,0.203897550702095,3,186,common,country,0,0,1,0.278700500726699,0.313610464334487,0.203621447086334,0.20406758785247803
9909,D-rand,হাত্যে দেওয়া,C,B,0,,0,0.19670800864696503,,0.32481417059898304,0.256549835205078,2,219,common,country,0,0,2,0.203991889953613,0.32481417059898304,0.19670800864696503,0.274485915899276
9909,D-lit,হাত্যে দেওয়া,A,C,0,C,1,0.140378475189208,0.658875942230224,0.658875942230224,0.447229176759719,0,203,common,country,0,0,2,0.140378475189208,0.130240410566329,0.658875942230224,0.07050514221191401
9909,D-surf,হাত্যে দেওয়া,C,B,0,,0,0.101862333714962,,0.626918494701385,0.491583794355392,2,217,common,country,0,0,2,0.127500832080841,0.626918494701385,0.101862333714962,0.143718317151069
9909,D-sem,হাত্যে দেওয়া,C,D,0,,0,0.274997800588607,,0.27630406618118203,0.167250856757164,2,233,common,country,0,0,2,0.210092648863792,0.23860548436641602,0.274997800588607,0.27630406618118203
9909,D-hard,হাত্যে দেওয়া,A,C,0,C,1,0.11563809216022401,0.54280024766922,0.54280024766922,0.350105464458465,0,267,common,country,0,0,2,0.11563809216022401,0.24843420088291102,0.54280024766922,0.093127474188804
9911,D-rand,হদ্দমুদ্দ,A,B,0,,0,0.11259019374847401,,0.338474541902542,0.26929843425750705,0,211,rare,deep rural,0,0,1,0.11259019374847401,0.338474541902542,0.21477311849594102,0.33416211605072005
9911,D-lit,হদ্দমুদ্দ,B,C,0,C,1,0.14045540988445201,0.34072199463844305,0.34072199463844305,0.18900232017040203,1,255,rare,deep rural,0,0,1,0.210572555661201,0.14045540988445201,0.34072199463844305,0.30825003981590204
9911,D-surf,হদ্দমুদ্দ,D,C,0,,0,0.11301399767398801,,0.33361545205116205,0.21306258440017703,3,225,rare,deep rural,0,0,1,0.320836693048477,0.23253382742404902,0.33361545205116205,0.11301399767398801
9911,D-sem,হদ্দমুদ্দ,A,C,0,,0,0.125520154833793,,0.35040473937988204,0.20096196234226202,0,204,rare,deep rural,0,0,1,0.125520154833793,0.343817919492721,0.35040473937988204,0.18025714159011802
9911,D-hard,হদ্দমুদ্দ,A,C,0,C,1,0.157256200909614,0.344046503305435,0.344046503305435,0.169380813837051,0,218,rare,deep rural,0,0,1,0.157256200909614,0.18841488659381803,0.344046503305435,0.31028243899345404
9913,D-rand,হদ্দ হওয়া,B,B,1,,0,0.51333862543106,,0.51333862543106,0.299144029617309,1,212,common,country,0,0,2,0.129014804959297,0.51333862543106,0.199013248085975,0.15863329172134402
9913,D-lit,হদ্দ হওয়া,C,B,0,B,1,0.07111092656850801,0.8922075629234311,0.8922075629234311,0.7443466186523431,2,217,common,country,0,0,2,0.026469141244888,0.8922075629234311,0.07111092656850801,0.010212332941591
9913,D-surf,হদ্দ হওয়া,A,A,1,,0,0.308772593736648,,0.308772593736648,0.18992359936237302,0,214,common,country,0,0,2,0.308772593736648,0.29112821817398005,0.11964537203311901,0.280453771352767
9913,D-sem,হদ্দ হওয়া,B,B,1,,0,0.44383412599563604,,0.44383412599563604,0.25269168615341103,1,182,common,country,0,0,2,0.25982147455215404,0.44383412599563604,0.178669020533561,0.117675334215164
9913,D-hard,হদ্দ হওয়া,B,D,0,D,1,0.072897091507911,0.803024411201477,0.803024411201477,0.696693241596221,1,213,common,country,0,0,2,0.054164476692676,0.072897091507911,0.069914028048515,0.803024411201477
9922,D-rand,হয়কে নয় করা,B,B,1,,0,0.45456248521804804,,0.45456248521804804,0.29490843415260304,1,240,common,country,0,0,3,0.218879476189613,0.45456248521804804,0.229485645890235,0.09707242250442501
9922,D-lit,হয়কে নয় করা,C,A,0,A,1,0.20601373910903903,0.552652895450592,0.552652895450592,0.334617853164672,2,256,common,country,0,0,3,0.552652895450592,0.096745073795318,0.20601373910903903,0.14458829164505002
9922,D-surf,হয়কে নয় করা,B,D,0,,0,0.26539644598960804,,0.484079122543334,0.31117981672286904,1,206,common,country,0,0,3,0.16449250280857,0.26539644598960804,0.08603193610906601,0.484079122543334
9922,D-sem,হয়কে নয় করা,D,D,1,,0,0.46433359384536704,,0.46433359384536704,0.267075568437576,3,206,common,country,0,0,3,0.11041545122861801,0.27103915810585,0.15421178936958302,0.46433359384536704
9922,D-hard,হয়কে নয় করা,C,A,0,A,1,0.20501017570495603,0.549960076808929,0.549960076808929,0.337963640689849,2,261,common,country,0,0,3,0.549960076808929,0.12137880921363801,0.20501017570495603,0.12365100532770101
9931,D-rand,হরদম,D,D,1,,0,0.266189694404602,,0.266189694404602,0.18623775243759103,3,222,very common,country,0,1,1,0.23390415310859602,0.24689163267612402,0.25301456451416005,0.266189694404602
9931,D-lit,হরদম,D,C,0,B,0,0.18161793053150102,0.186837404966354,0.44479298591613703,0.421863287687301,3,207,very common,country,0,1,1,0.18675169348716703,0.186837404966354,0.44479298591613703,0.18161793053150102
9931,D-surf,হরদম,C,A,0,,0,0.21564002335071503,,0.28403720259666404,0.253143429756164,2,244,very common,country,0,1,1,0.28403720259666404,0.281860321760177,0.21564002335071503,0.21846248209476402
9931,D-sem,হরদম,C,C,1,,0,0.39038547873497004,,0.39038547873497004,0.21974200010299602,2,152,very common,country,0,1,1,0.22294163703918402,0.153011560440063,0.39038547873497004,0.23366130888462003
9931,D-hard,হরদম,D,A,0,C,0,0.25459998846054,0.240796655416488,0.259479314088821,0.22835341095924303,3,166,very common,country,0,1,1,0.259479314088821,0.24512404203414903,0.240796655416488,0.25459998846054
9959,D-rand,হস্তিনী,A,A,1,,0,0.32792681455612105,,0.32792681455612105,0.30828067660331704,0,295,rare,country,1,0,1,0.32792681455612105,0.23684430122375402,0.263437569141387,0.17179134488105702
9959,D-lit,হস্তিনী,C,B,0,B,1,0.053817305713891005,0.8019753694534301,0.8019753694534301,0.664323329925537,2,339,rare,country,1,0,1,0.059000000357627,0.8019753694534301,0.053817305713891005,0.08520732074975901
9959,D-surf,হস্তিনী,B,B,1,,0,0.380095928907394,,0.380095928907394,0.30966788530349704,1,296,rare,country,1,0,1,0.15003563463687802,0.380095928907394,0.289084136486053,0.18078432977199502
9959,D-sem,হস্তিনী,D,D,1,,0,0.36044779419898904,,0.36044779419898904,0.28267663717269903,3,480,rare,country,1,0,1,0.240138337016105,0.18894208967685702,0.210471823811531,0.36044779419898904
9959,D-hard,হস্তিনী,A,C,0,C,1,0.058310445398092006,0.8844200372695921,0.8844200372695921,0.769846379756927,0,476,rare,country,1,0,1,0.058310445398092006,0.030149862170219,0.8844200372695921,0.027119701728224
9973,D-rand,হাঁকাহাঁকি,A,B,0,,0,0.256609678268432,,0.364249259233474,0.23354223370552002,0,157,common,city,0,0,1,0.256609678268432,0.364249259233474,0.28851774334907504,0.09062334150075901
9973,D-lit,হাঁকাহাঁকি,C,A,0,D,0,0.23035147786140403,0.203039571642875,0.313760787248611,0.162266537547111,2,247,common,city,0,0,1,0.313760787248611,0.25284814834594704,0.23035147786140403,0.203039571642875
9973,D-surf,হাঁকাহাঁকি,C,D,0,,0,0.22444784641265803,,0.394758462905883,0.216140583157539,2,211,common,city,0,0,1,0.21066661179065702,0.170127123594284,0.22444784641265803,0.394758462905883
9973,D-sem,হাঁকাহাঁকি,C,A,0,,0,0.17781211435794803,,0.38463106751441906,0.20520170032978002,2,228,common,city,0,0,1,0.38463106751441906,0.155335575342178,0.17781211435794803,0.28222119808197005
9973,D-hard,হাঁকাহাঁকি,A,D,0,C,0,0.239659860730171,0.178252890706062,0.311525911092758,0.204471170902252,0,222,common,city,0,0,1,0.239659860730171,0.270561307668685,0.178252890706062,0.311525911092758
10000,D-rand,হাঁসকল,C,C,1,,0,0.741781115531921,,0.741781115531921,0.538823008537292,2,223,rare,deep rural,1,0,1,0.07560774683952301,0.135555580258369,0.741781115531921,0.047055631875991
10000,D-lit,হাঁসকল,A,D,0,D,1,0.252288252115249,0.6863276958465571,0.6863276958465571,0.5746383666992181,0,291,rare,deep rural,1,0,1,0.252288252115249,0.031273387372493,0.030110636726021003,0.6863276958465571
10000,D-surf,হাঁসকল,B,B,1,,0,0.8421796560287471,,0.8421796560287471,0.6265378594398491,1,227,rare,deep rural,1,0,1,0.06671670824289301,0.8421796560287471,0.043273460119962005,0.04783022031188
10000,D-sem,হাঁসকল,C,C,1,,0,0.7910133004188531,,0.7910133004188531,0.570300459861755,2,248,rare,deep rural,1,0,1,0.047421954572200005,0.09859892725944501,0.7910133004188531,0.06296582520008001
10000,D-hard,হাঁসকল,A,B,0,B,1,0.289970755577087,0.661240816116333,0.661240816116333,0.48858523368835405,0,231,rare,deep rural,1,0,1,0.289970755577087,0.661240816116333,0.013544315472245001,0.035244084894657
10002,D-rand,হাঁসলি,D,A,0,,0,0.133180826902389,,0.369931012392044,0.268540441989898,3,286,common,deep rural,0,0,1,0.369931012392044,0.25085911154747004,0.246029049158096,0.133180826902389
10002,D-lit,হাঁসলি,A,B,0,C,0,0.256731629371643,0.241634517908096,0.29565188288688604,0.19780418276786801,0,205,common,deep rural,0,0,1,0.256731629371643,0.29565188288688604,0.241634517908096,0.20598199963569602
10002,D-surf,হাঁসলি,D,A,0,,0,0.15267756581306402,,0.33146697282791104,0.242015317082405,3,203,common,deep rural,0,0,1,0.33146697282791104,0.24308739602565702,0.27276808023452703,0.15267756581306402
10002,D-sem,হাঁসলি,C,A,0,,0,0.12809619307518,,0.49289733171463,0.425410509109497,2,272,common,deep rural,0,0,1,0.49289733171463,0.17507109045982303,0.12809619307518,0.20393536984920502
10002,D-hard,হাঁসলি,D,C,0,B,0,0.18192180991172702,0.24784396588802302,0.287785679101943,0.251940071582794,3,280,common,deep rural,0,0,1,0.282448589801788,0.24784396588802302,0.287785679101943,0.18192180991172702
10022,D-rand,হাজার হোক,A,A,1,,0,0.7493119239807121,,0.7493119239807121,0.715018093585968,0,176,common,country,0,0,2,0.7493119239807121,0.095361076295375,0.11010166257619801,0.04522531107068
10022,D-lit,হাজার হোক,C,A,0,A,1,0.09715828299522401,0.872593581676483,0.872593581676483,0.786520481109619,2,214,common,country,0,0,2,0.872593581676483,0.017623707652091,0.09715828299522401,0.012624425813555001
10022,D-surf,হাজার হোক,D,D,1,,0,0.7989292144775391,,0.7989292144775391,0.7164567112922661,3,163,common,country,0,0,2,0.085757724940776,0.058155246078968006,0.057157803326845,0.7989292144775391
10022,D-sem,হাজার হোক,A,A,1,,0,0.743493497371673,,0.743493497371673,0.7227657437324521,0,173,common,country,0,0,2,0.743493497371673,0.13315190374851202,0.051589190959930004,0.071765467524528
10022,D-hard,হাজার হোক,A,D,0,D,1,0.07975786179304101,0.897254586219787,0.897254586219787,0.8346652984619141,0,196,common,country,0,0,2,0.07975786179304101,0.009551907889544001,0.013435599394142001,0.897254586219787
10023,D-rand,হাজারি,D,C,0,,0,0.130999848246574,,0.558735370635986,0.42313084006309504,3,340,rare,city,1,0,1,0.12346289306879,0.18680183589458402,0.558735370635986,0.130999848246574
10023,D-lit,হাজারি,D,B,0,B,1,0.006372112315148001,0.967719554901123,0.967719554901123,0.904894769191741,3,239,rare,city,1,0,1,0.010685109533369002,0.967719554901123,0.015223260037600002,0.006372112315148001
10023,D-surf,হাজারি,B,D,0,,0,0.12643539905548,,0.37552592158317505,0.333444744348526,1,265,rare,city,1,0,1,0.30454617738723705,0.12643539905548,0.193492501974105,0.37552592158317505
10023,D-sem,হাজারি,B,A,0,,0,0.14113636314868902,,0.338840842247009,0.270600736141204,1,206,rare,city,1,0,1,0.338840842247009,0.14113636314868902,0.259156256914138,0.260866612195968
10023,D-hard,হাজারি,A,B,0,B,1,0.008097932673990001,0.9584521651268001,0.9584521651268001,0.848215758800506,0,267,rare,city,1,0,1,0.008097932673990001,0.9584521651268001,0.026214972138404003,0.007234913762658001
10033,D-rand,হাটে কলা নৈবিদ্যায় নমঃ,D,D,1,,0,0.341551035642623,,0.341551035642623,0.16399472951889002,3,228,rare,country,0,0,4,0.200600266456604,0.174503430724143,0.28334531188011103,0.341551035642623
10033,D-lit,হাটে কলা নৈবিদ্যায় নমঃ,D,C,0,C,1,0.078914150595664,0.839270949363708,0.839270949363708,0.6788533329963681,3,306,rare,country,0,0,4,0.038684595376253,0.043130297213792,0.839270949363708,0.078914150595664
10033,D-surf,হাটে কলা নৈবিদ্যায় নমঃ,C,D,0,,0,0.255139619112014,,0.34840986132621704,0.259428530931472,2,244,rare,country,0,0,4,0.150481164455413,0.245969340205192,0.255139619112014,0.34840986132621704
10033,D-sem,হাটে কলা নৈবিদ্যায় নমঃ,B,B,1,,0,0.382010132074356,,0.382010132074356,0.300059825181961,1,322,rare,country,0,0,4,0.19659399986267,0.382010132074356,0.183955788612365,0.23744009435176802
10033,D-hard,হাটে কলা নৈবিদ্যায় নমঃ,B,D,0,D,1,0.07643036544322901,0.827752113342285,0.827752113342285,0.6602205634117121,1,309,rare,country,0,0,4,0.053693350404500004,0.07643036544322901,0.042124152183532,0.827752113342285
10047,D-rand,হাড়গোড় ভাঙা,C,B,0,,0,0.24619303643703402,,0.322226583957672,0.22504313290119102,2,259,very common,country,0,0,2,0.16178414225578303,0.322226583957672,0.24619303643703402,0.269796162843704
10047,D-lit,হাড়গোড় ভাঙা,A,C,0,C,1,0.014270178042352002,0.950416624546051,0.950416624546051,0.8098725676536561,0,219,very common,country,0,0,2,0.014270178042352002,0.021475667133927002,0.950416624546051,0.013837542384862001
10047,D-surf,হাড়গোড় ভাঙা,B,D,0,,0,0.18030066788196503,,0.33244749903678805,0.26676836609840304,1,227,very common,country,0,0,2,0.326033025979995,0.18030066788196503,0.16121882200241,0.33244749903678805
10047,D-sem,হাড়গোড় ভাঙা,A,C,0,,0,0.226429179310798,,0.38267377018928506,0.31945326924324,0,200,very common,country,0,0,2,0.226429179310798,0.182152912020683,0.38267377018928506,0.208744093775749
10047,D-hard,হাড়গোড় ভাঙা,B,C,0,C,1,0.013102158904075002,0.9421052932739251,0.9421052932739251,0.815794587135314,1,202,very common,country,0,0,2,0.030090952292084003,0.013102158904075002,0.9421052932739251,0.014701595529913002
10068,D-rand,হাড়হদ্দ,A,D,0,,0,0.19988337159156802,,0.49416396021842907,0.33237576484680104,0,167,common,country,0,0,1,0.19988337159156802,0.186378270387649,0.11957442015409402,0.49416396021842907
10068,D-lit,হাড়হদ্দ,D,A,0,A,1,0.031090129166841004,0.878777801990509,0.878777801990509,0.70710802078247,3,247,common,country,0,0,1,0.878777801990509,0.039935786277055005,0.050196237862110006,0.031090129166841004
10068,D-surf,হাড়হদ্দ,B,A,0,,0,0.194866374135017,,0.381569355726242,0.21918007731437603,1,219,common,country,0,0,1,0.381569355726242,0.194866374135017,0.17409749329090102,0.24946680665016102
10068,D-sem,হাড়হদ্দ,D,B,0,,0,0.15712688863277402,,0.38708782196044905,0.289346277713775,3,203,common,country,0,0,1,0.256062716245651,0.38708782196044905,0.19972258806228602,0.15712688863277402
10068,D-hard,হাড়হদ্দ,D,A,0,A,1,0.030004469677805002,0.848146915435791,0.848146915435791,0.767722129821777,3,290,common,country,0,0,1,0.848146915435791,0.046491846442222005,0.075356759130954,0.030004469677805002
10075,D-rand,হাড়ে নাড়ে জ্বালানো,C,C,1,,0,0.792953610420227,,0.792953610420227,0.6086790561676021,2,257,very common,country,0,0,3,0.095451951026916,0.06691588461399,0.792953610420227,0.044678580015897
10075,D-lit,হাড়ে নাড়ে জ্বালানো,A,D,0,D,1,0.32773250341415405,0.610025823116302,0.610025823116302,0.47797507047653204,0,287,very common,country,0,0,3,0.32773250341415405,0.032243445515632005,0.029998186975717003,0.610025823116302
10075,D-surf,হাড়ে নাড়ে জ্বালানো,D,D,1,,0,0.832130253314971,,0.832130253314971,0.694607853889465,3,215,very common,country,0,0,3,0.04651416093111,0.051539793610572,0.069815747439861,0.832130253314971
10075,D-sem,হাড়ে নাড়ে জ্বালানো,B,B,1,,0,0.8216110467910761,,0.8216110467910761,0.711208164691925,1,209,very common,country,0,0,3,0.058748725801706,0.8216110467910761,0.042760148644447,0.076880052685737
10075,D-hard,হাড়ে নাড়ে জ্বালানো,B,C,0,C,1,0.40079316496849005,0.547343552112579,0.547343552112579,0.388380348682403,1,248,very common,country,0,0,3,0.022379463538527003,0.40079316496849005,0.547343552112579,0.029483873397111
10092,D-rand,হাতকর্জ,C,A,0,,0,0.158616855740547,,0.339653640985488,0.27464327216148304,2,192,common,deep rural,0,0,1,0.339653640985488,0.22234222292900002,0.158616855740547,0.27938723564147905
10092,D-lit,হাতকর্জ,D,C,0,C,1,0.07246544212102801,0.730995237827301,0.730995237827301,0.591507196426391,3,182,common,deep rural,0,0,1,0.09675920009613001,0.09978014975786201,0.730995237827301,0.07246544212102801
10092,D-surf,হাতকর্জ,B,D,0,,0,0.167003214359283,,0.36932659149169905,0.27371099591255105,1,177,common,deep rural,0,0,1,0.26648253202438305,0.167003214359283,0.197187677025794,0.36932659149169905
10092,D-sem,হাতকর্জ,D,C,0,,0,0.187730818986892,,0.444873720407485,0.359931111335754,3,182,common,deep rural,0,0,1,0.13890932500362302,0.22848609089851302,0.444873720407485,0.187730818986892
10092,D-hard,হাতকর্জ,D,C,0,C,1,0.06485662609338701,0.654088377952575,0.654088377952575,0.42137148976325906,3,160,common,deep rural,0,0,1,0.202117756009101,0.07893724739551501,0.654088377952575,0.06485662609338701
10117,D-rand,হাত ছাড়ালে সতের হাত,D,A,0,,0,0.122742675244808,,0.675154268741607,0.40810427069664,3,263,common,country,0,0,4,0.675154268741607,0.11652168631553601,0.085581332445144,0.122742675244808
10117,D-lit,হাত ছাড়ালে সতের হাত,B,A,0,A,1,0.068539716303348,0.8392789363861081,0.8392789363861081,0.665368378162384,1,229,common,country,0,0,4,0.8392789363861081,0.068539716303348,0.054065831005573,0.038115553557872
10117,D-surf,হাত ছাড়ালে সতের হাত,D,D,1,,0,0.289688855409622,,0.289688855409622,0.18889981508255002,3,210,common,country,0,0,4,0.217997908592224,0.215886011719703,0.27642723917961104,0.289688855409622
10117,D-sem,হাত ছাড়ালে সতের হাত,A,A,1,,0,0.35958874225616405,,0.35958874225616405,0.200204193592071,0,197,common,country,0,0,4,0.35958874225616405,0.16388925909996002,0.26162880659103305,0.21489319205284102
10117,D-hard,হাত ছাড়ালে সতের হাত,D,B,0,B,1,0.06423024088144301,0.7507637739181511,0.7507637739181511,0.5813854336738581,3,270,common,country,0,0,4,0.026637049391865,0.7507637739181511,0.15836896002292603,0.06423024088144301
10144,D-rand,হাত নিসপিস করা,D,A,0,,0,0.160076484084129,,0.61637669801712,0.535910010337829,3,193,common,country,0,0,3,0.61637669801712,0.139307975769042,0.084238871932029,0.160076484084129
10144,D-lit,হাত নিসপিস করা,C,A,0,A,1,0.100588627159595,0.786221265792846,0.786221265792846,0.5114255547523491,2,185,common,country,0,0,3,0.786221265792846,0.07997385412454601,0.100588627159595,0.033216223120689004
10144,D-surf,হাত নিসপিস করা,D,B,0,,0,0.24349489808082503,,0.343165963888168,0.24317188560962602,3,303,common,country,0,0,3,0.26717352867126404,0.343165963888168,0.14616563916206302,0.24349489808082503
10144,D-sem,হাত নিসপিস করা,B,B,1,,0,0.30619859695434504,,0.30619859695434504,0.24495691061019803,1,220,common,country,0,0,3,0.27527713775634705,0.30619859695434504,0.22280564904212902,0.195718646049499
10144,D-hard,হাত নিসপিস করা,D,A,0,A,1,0.10445490479469301,0.7669963240623471,0.7669963240623471,0.583935856819152,3,181,common,country,0,0,3,0.7669963240623471,0.067196525633335,0.061352275311946,0.10445490479469301
10153,D-rand,হাত পা ছেড়ে দেওয়া,C,A,0,,0,0.187751531600952,,0.37647721171379,0.26554203033447205,2,221,common,country,0,0,4,0.37647721171379,0.25294244289398105,0.187751531600952,0.18282876908779103
10153,D-lit,হাত পা ছেড়ে দেওয়া,B,D,0,D,1,0.007002701051533,0.9804883003234861,0.9804883003234861,0.8817678093910211,1,203,common,country,0,0,4,0.0024236405733970004,0.007002701051533,0.010085331276059002,0.9804883003234861
10153,D-surf,হাত পা ছেড়ে দেওয়া,C,B,0,,0,0.252829760313034,,0.28415772318840005,0.19524811208248102,2,225,common,country,0,0,4,0.27886351943016,0.28415772318840005,0.252829760313034,0.18414896726608201
10153,D-sem,হাত পা ছেড়ে দেওয়া,A,D,0,,0,0.217979788780212,,0.301596939563751,0.20609799027442902,0,277,common,country,0,0,4,0.217979788780212,0.29804205894470204,0.182381212711334,0.301596939563751
10153,D-hard,হাত পা ছেড়ে দেওয়া,C,B,0,B,1,0.007886854931712001,0.9716553688049311,0.9716553688049311,0.8297575116157531,2,252,common,country,0,0,4,0.012822487391531,0.9716553688049311,0.007886854931712001,0.007635270711034
10190,D-rand,হাতাহাতি,D,A,0,,0,0.220393002033233,,0.41322124004364,0.32281938195228504,3,337,very common,country,0,0,1,0.41322124004364,0.12374369055032701,0.24264210462570102,0.220393002033233
10190,D-lit,হাতাহাতি,B,A,0,A,1,0.14523753523826602,0.7244935631752011,0.7244935631752011,0.49264040589332503,1,208,very common,country,0,0,1,0.7244935631752011,0.14523753523826602,0.082780309021472,0.047488532960414005
10190,D-surf,হাতাহাতি,D,D,1,,0,0.296145230531692,,0.296145230531692,0.234023809432983,3,210,very common,country,0,0,1,0.196648210287094,0.24978642165660803,0.25742018222808805,0.296145230531692
10190,D-sem,হাতাহাতি,C,C,1,,0,0.361504018306732,,0.361504018306732,0.268618106842041,2,271,very common,country,0,0,1,0.17141523957252502,0.11181924492120701,0.361504018306732,0.355261445045471
10190,D-hard,হাতাহাতি,B,C,0,C,1,0.13690495491027802,0.733369827270507,0.733369827270507,0.560448765754699,1,210,very common,country,0,0,1,0.030805250629782004,0.13690495491027802,0.733369827270507,0.09892002493143001
10212,D-rand,হাতে জল না গলা,D,C,0,,0,0.278115034103393,,0.322674602270126,0.165322735905647,3,218,very common,country,0,0,4,0.27605271339416504,0.12315765768289501,0.322674602270126,0.278115034103393
10212,D-lit,হাতে জল না গলা,C,A,0,A,1,0.27657172083854603,0.355503022670745,0.355503022670745,0.197680085897445,2,165,very common,country,0,0,4,0.355503022670745,0.12312208861112502,0.27657172083854603,0.24480316042900002
10212,D-surf,হাতে জল না গলা,A,A,1,,0,0.283611893653869,,0.283611893653869,0.131522998213768,0,212,very common,country,0,0,4,0.283611893653869,0.274308502674102,0.202748119831085,0.23933149874210302
10212,D-sem,হাতে জল না গলা,C,A,0,,0,0.28066909313201904,,0.356894612312316,0.18132530152797702,2,175,very common,country,0,0,4,0.356894612312316,0.178111642599105,0.28066909313201904,0.184324666857719
10212,D-hard,হাতে জল না গলা,A,D,0,D,1,0.26062193512916504,0.28595408797264105,0.28595408797264105,0.236638560891151,0,180,very common,country,0,0,4,0.26062193512916504,0.262143939733505,0.19128003716468803,0.28595408797264105
10213,D-rand,হাতে দড়ি,B,C,0,,0,0.27060246467590304,,0.30280822515487604,0.18395461142063102,1,240,very common,country,0,0,2,0.12423424422740902,0.27060246467590304,0.30280822515487604,0.302355051040649
10213,D-lit,হাতে দড়ি,D,C,0,C,1,0.009545194916427,0.952128469944,0.952128469944,0.833495736122131,3,217,very common,country,0,0,2,0.029214011505246003,0.009112406522035,0.952128469944,0.009545194916427
10213,D-surf,হাতে দড়ি,A,C,0,,0,0.191505253314971,,0.528915762901306,0.44325810670852606,0,283,very common,country,0,0,2,0.191505253314971,0.18327333033084803,0.528915762901306,0.096305698156356
10213,D-sem,হাতে দড়ি,C,C,1,,0,0.277911990880966,,0.277911990880966,0.219853341579437,2,193,very common,country,0,0,2,0.2759310901165,0.20254887640476202,0.277911990880966,0.24360805749893102
10213,D-hard,হাতে দড়ি,D,A,0,A,1,0.010703484527766,0.9620344042778011,0.9620344042778011,0.8536768555641171,3,208,very common,country,0,0,2,0.9620344042778011,0.017410857602953002,0.009851262904703001,0.010703484527766
10224,D-rand,হাতে পাওয়া,A,A,1,,0,0.7995471358299251,,0.7995471358299251,0.6673424839973451,0,216,very common,country,0,0,2,0.7995471358299251,0.055162306874990005,0.059675849974155,0.08561474084854101
10224,D-lit,হাতে পাওয়া,A,B,0,B,1,0.22583036124706202,0.752176940441131,0.752176940441131,0.658864855766296,0,196,very common,country,0,0,2,0.22583036124706202,0.752176940441131,0.01358089596033,0.0084118116647
10224,D-surf,হাতে পাওয়া,B,B,1,,0,0.777166008949279,,0.777166008949279,0.644677460193634,1,200,very common,country,0,0,2,0.07013640552759101,0.777166008949279,0.037702392786741,0.11499521881341901
10224,D-sem,হাতে পাওয়া,C,C,1,,0,0.848199665546417,,0.848199665546417,0.71816486120224,2,163,very common,country,0,0,2,0.04991238564252801,0.05490997061133301,0.848199665546417,0.046978030353784006
10224,D-hard,হাতে পাওয়া,A,B,0,B,1,0.224347010254859,0.7472623586654661,0.7472623586654661,0.5757012367248531,0,211,very common,country,0,0,2,0.224347010254859,0.7472623586654661,0.010131634771823,0.018259044736623
10242,D-rand,হাতের পুতুল,B,B,1,,0,0.42651957273483204,,0.42651957273483204,0.270494818687438,1,212,very common,country,1,0,2,0.21417406201362602,0.42651957273483204,0.217052027583122,0.142254263162612
10242,D-lit,হাতের পুতুল,A,B,0,B,1,0.012046079151332,0.967411935329437,0.967411935329437,0.8799605965614311,0,288,very common,country,1,0,2,0.012046079151332,0.967411935329437,0.009271808899939001,0.011270170100033
10242,D-surf,হাতের পুতুল,A,A,1,,0,0.32502651214599604,,0.32502651214599604,0.226760566234588,0,206,very common,country,1,0,2,0.32502651214599604,0.160226285457611,0.22739069163799203,0.28735646605491605
10242,D-sem,হাতের পুতুল,A,A,1,,0,0.313310950994491,,0.313310950994491,0.203370481729507,0,221,very common,country,1,0,2,0.313310950994491,0.24038660526275601,0.211919412016868,0.234383061528205
10242,D-hard,হাতের পুতুল,D,C,0,C,1,0.011497722938656,0.9727668166160581,0.9727668166160581,0.8486747145652771,3,192,very common,country,1,0,2,0.00586846191436,0.009867088869214,0.9727668166160581,0.011497722938656
10244,D-rand,হাতের সুখ,C,B,0,,0,0.46027159690856906,,0.488961845636367,0.54312640428543,2,240,common,country,0,0,2,0.034264463931322,0.488961845636367,0.46027159690856906,0.016502108424901
10244,D-lit,হাতের সুখ,A,A,1,C,0,0.6147721409797661,0.27546578645706105,0.6147721409797661,0.534586310386657,0,242,common,country,0,0,2,0.6147721409797661,0.01207519415766,0.27546578645706105,0.09768684208393001
10244,D-surf,হাতের সুখ,B,B,1,,0,0.8922731876373291,,0.8922731876373291,0.808468043804168,1,209,common,country,0,0,2,0.025437120348215003,0.8922731876373291,0.052142035216093,0.030147645622491004
10244,D-sem,হাতের সুখ,C,C,1,,0,0.9249097704887391,,0.9249097704887391,0.7900230288505551,2,228,common,country,0,0,2,0.028072314336895002,0.032672122120857,0.9249097704887391,0.014345762319862001
10244,D-hard,হাতের সুখ,B,B,1,A,0,0.693788170814514,0.260639190673828,0.693788170814514,0.614965319633483,1,198,common,country,0,0,2,0.260639190673828,0.693788170814514,0.019654026255011,0.025918653234839002
10251,D-rand,হাপুস নয়নে,B,D,0,,0,0.15280114114284502,,0.37357553839683505,0.23895643651485401,1,203,very common,country,0,0,2,0.25319358706474304,0.15280114114284502,0.220429748296737,0.37357553839683505
10251,D-lit,হাপুস নয়নে,A,B,0,B,1,0.054177403450012006,0.7800356745719911,0.7800356745719911,0.5354206562042231,0,164,very common,country,0,0,2,0.054177403450012006,0.7800356745719911,0.08829098194837501,0.07749600708484601
10251,D-surf,হাপুস নয়নে,C,B,0,,0,0.16070216894149703,,0.31096073985099704,0.20024615526199302,2,191,very common,country,0,0,2,0.228926688432693,0.31096073985099704,0.16070216894149703,0.299410432577133
10251,D-sem,হাপুস নয়নে,B,A,0,,0,0.173676237463951,,0.287401437759399,0.20023520290851501,1,185,very common,country,0,0,2,0.287401437759399,0.173676237463951,0.253109872341156,0.285812437534332
10251,D-hard,হাপুস নয়নে,D,B,0,B,1,0.045100472867488,0.811065435409545,0.811065435409545,0.616316378116607,3,229,very common,country,0,0,2,0.07485385239124201,0.811065435409545,0.06898020952939901,0.045100472867488
10268,D-rand,হাবুডুবু খাওয়া,A,A,1,,0,0.6676505804061891,,0.6676505804061891,0.47631421685218805,0,297,very common,country,0,0,2,0.6676505804061891,0.122106581926345,0.11641597002744601,0.09382689744234
10268,D-lit,হাবুডুবু খাওয়া,A,A,1,B,0,0.505925595760345,0.09806942939758301,0.505925595760345,0.40016463398933405,0,319,very common,country,0,0,2,0.505925595760345,0.09806942939758301,0.271216034889221,0.12478891760110801
10268,D-surf,হাবুডুবু খাওয়া,D,D,1,,0,0.5990381240844721,,0.5990381240844721,0.48009017109870905,3,223,very common,country,0,0,2,0.11372373253107002,0.150577247142791,0.136660858988761,0.5990381240844721
10268,D-sem,হাবুডুবু খাওয়া,A,A,1,,0,0.5974266529083251,,0.5974266529083251,0.379349946975708,0,226,very common,country,0,0,2,0.5974266529083251,0.130185857415199,0.121090203523635,0.15129730105400002
10268,D-hard,হাবুডুবু খাওয়া,C,C,1,D,0,0.6816385388374321,0.110812030732631,0.6816385388374321,0.533815324306488,2,295,very common,country,0,0,2,0.116194158792495,0.091355301439762,0.6816385388374321,0.110812030732631
10310,D-rand,হাসির খোরাক,B,D,0,,0,0.279305100440979,,0.29790899157524103,0.23113059997558502,1,286,very common,country,0,0,2,0.24766573309898302,0.279305100440979,0.175120145082473,0.29790899157524103
10310,D-lit,হাসির খোরাক,A,D,0,D,1,0.035384934395551,0.893628418445587,0.893628418445587,0.743351399898529,0,156,very common,country,0,0,2,0.035384934395551,0.032745797187089004,0.038240883499383004,0.893628418445587
10310,D-surf,হাসির খোরাক,D,C,0,,0,0.05641277879476501,,0.789611041545867,0.6017163395881651,3,179,very common,country,0,0,2,0.057059403508901006,0.096916787326335,0.789611041545867,0.05641277879476501
10310,D-sem,হাসির খোরাক,D,B,0,,0,0.144530415534973,,0.463114917278289,0.29608041048049905,3,201,very common,country,0,0,2,0.10609263926744401,0.463114917278289,0.28626203536987305,0.144530415534973
10310,D-hard,হাসির খোরাক,D,B,0,B,1,0.023215312510728003,0.633430182933807,0.633430182933807,0.5022482275962831,3,179,very common,country,0,0,2,0.32945001125335605,0.633430182933807,0.013904511928558001,0.023215312510728003
10311,D-rand,হা হতোস্মি,A,B,0,,0,0.23269259929656902,,0.460669219493865,0.32806000113487205,0,269,rare,country,1,0,2,0.23269259929656902,0.460669219493865,0.15576122701168002,0.15087693929672202
10311,D-lit,হা হতোস্মি,D,B,0,B,1,0.08209893852472301,0.7059857845306391,0.7059857845306391,0.438881278038024,3,277,rare,country,1,0,2,0.18601787090301503,0.7059857845306391,0.025897441431879,0.08209893852472301
10311,D-surf,হা হতোস্মি,A,C,0,,0,0.20646947622299103,,0.44451129436492903,0.29798653721809304,0,258,rare,country,1,0,2,0.20646947622299103,0.12856796383857702,0.44451129436492903,0.220451265573501
10311,D-sem,হা হতোস্মি,B,C,0,,0,0.264019578695297,,0.31623476743698103,0.233079820871353,1,188,rare,country,1,0,2,0.200846254825592,0.264019578695297,0.31623476743698103,0.21889936923980702
10311,D-hard,হা হতোস্মি,B,D,0,D,1,0.091066859662532,0.6584872007369991,0.6584872007369991,0.45195761322975103,1,264,rare,country,1,0,2,0.20057909190654702,0.091066859662532,0.049866873770952,0.6584872007369991
10314,D-rand,হিং টিং ছট্,B,B,1,,0,0.44467467069625805,,0.44467467069625805,0.24344719946384402,1,340,rare,country,0,1,3,0.142111048102378,0.44467467069625805,0.133161336183547,0.28005301952362
10314,D-lit,হিং টিং ছট্,D,D,1,C,0,0.417568624019622,0.26553675532341003,0.417568624019622,0.23656077682971902,3,466,rare,country,0,1,3,0.22007784247398302,0.09681680053472501,0.26553675532341003,0.417568624019622
10314,D-surf,হিং টিং ছট্,C,C,1,,0,0.43324002623558006,,0.43324002623558006,0.29312026500701904,2,409,rare,country,0,1,3,0.12241032719612101,0.19117112457752203,0.43324002623558006,0.25317856669425903
10314,D-sem,হিং টিং ছট্,B,B,1,,0,0.48597839474678006,,0.48597839474678006,0.313781291246414,1,376,rare,country,0,1,3,0.21671450138092002,0.48597839474678006,0.15989232063293402,0.137414813041687
10314,D-hard,হিং টিং ছট্,B,B,1,C,0,0.39388364553451505,0.249560713768005,0.39388364553451505,0.25578069686889604,1,473,rare,country,0,1,3,0.20038813352584803,0.39388364553451505,0.249560713768005,0.15616755187511402
10330,D-rand,হুঁকো নাপিত বন্ধ করা,D,B,0,,0,0.21761634945869401,,0.357826381921768,0.20975302159786202,3,205,rare,deep rural,1,0,4,0.269060432910919,0.357826381921768,0.15549685060977902,0.21761634945869401
10330,D-lit,হুঁকো নাপিত বন্ধ করা,C,D,0,D,1,0.00272118509747,0.98876816034317,0.98876816034317,0.8887609839439391,2,223,rare,deep rural,1,0,4,0.004662558902055,0.00384814850986,0.00272118509747,0.98876816034317
10330,D-surf,হুঁকো নাপিত বন্ধ করা,C,A,0,,0,0.172064870595932,,0.5003451704978941,0.30990338325500405,2,223,rare,deep rural,1,0,4,0.5003451704978941,0.19527323544025402,0.172064870595932,0.132316663861274
10330,D-sem,হুঁকো নাপিত বন্ধ করা,C,C,1,,0,0.255375385284423,,0.255375385284423,0.168687999248504,2,223,rare,deep rural,1,0,4,0.24836027622222903,0.250983625650405,0.255375385284423,0.245280712842941
10330,D-hard,হুঁকো নাপিত বন্ধ করা,A,B,0,B,1,0.002952112117782,0.9888334274291991,0.9888334274291991,0.871872067451477,0,212,rare,deep rural,1,0,4,0.002952112117782,0.9888334274291991,0.002651237649843,0.005563225131481
10340,D-rand,হুপ করে আসা,A,D,0,,0,0.181595489382743,,0.6325300335884091,0.40565830469131403,0,270,common,country,0,0,3,0.181595489382743,0.075014926493167,0.11085957288742,0.6325300335884091
10340,D-lit,হুপ করে আসা,A,B,0,B,1,0.027739211916923003,0.9449519515037531,0.9449519515037531,0.7770252227783201,0,250,common,country,0,0,3,0.027739211916923003,0.9449519515037531,0.008531866595149,0.018776856362819002
10340,D-surf,হুপ করে আসা,C,A,0,,0,0.283825576305389,,0.334032505750656,0.184921219944953,2,204,common,country,0,0,3,0.334032505750656,0.19055138528347002,0.283825576305389,0.191590532660484
10340,D-sem,হুপ করে আসা,B,B,1,,0,0.320267498493194,,0.320267498493194,0.18621909618377602,1,175,common,country,0,0,3,0.17781834304332703,0.320267498493194,0.28662717342376703,0.21528695523738803
10340,D-hard,হুপ করে আসা,C,D,0,D,1,0.022312911227345,0.9363353848457331,0.9363353848457331,0.8162313699722291,2,189,common,country,0,0,3,0.015820283442735002,0.025531511753797,0.022312911227345,0.9363353848457331
10341,D-rand,হুমড়ি খেয়ে পড়া,D,D,1,,0,0.48292538523674006,,0.48292538523674006,0.26499691605567904,3,238,common,country,0,0,3,0.10511675477027801,0.078334137797355,0.333623677492141,0.48292538523674006
10341,D-lit,হুমড়ি খেয়ে পড়া,B,B,1,C,0,0.39593961834907504,0.354433447122573,0.39593961834907504,0.22592583298683103,1,249,common,country,0,0,3,0.150856614112854,0.39593961834907504,0.354433447122573,0.098770335316658
10341,D-surf,হুমড়ি খেয়ে পড়া,C,C,1,,0,0.38024389743804904,,0.38024389743804904,0.24100704491138403,2,189,common,country,0,0,3,0.25040590763092,0.19038146734237602,0.38024389743804904,0.178968742489814
10341,D-sem,হুমড়ি খেয়ে পড়া,A,A,1,,0,0.44674816727638206,,0.44674816727638206,0.29465365409851,0,188,common,country,0,0,3,0.44674816727638206,0.144140809774398,0.25012686848640403,0.158984124660491
10341,D-hard,হুমড়ি খেয়ে পড়া,A,A,1,B,0,0.40381595492362904,0.346450299024581,0.40381595492362904,0.23563267290592102,0,227,common,country,0,0,3,0.40381595492362904,0.346450299024581,0.13425275683403,0.11548099666833801
10343,D-rand,হুল্লোড় করা,B,B,1,,0,0.758851647377014,,0.758851647377014,0.578445971012115,1,263,common,country,0,0,2,0.08496587723493501,0.758851647377014,0.062603279948234,0.09357925504446
10343,D-lit,হুল্লোড় করা,C,B,0,B,1,0.062275055795907,0.9264257550239561,0.9264257550239561,0.8423635959625241,2,207,common,country,0,0,2,0.008199625648558001,0.9264257550239561,0.062275055795907,0.0030995851848270002
10343,D-surf,হুল্লোড় করা,A,A,1,,0,0.6189578175544731,,0.6189578175544731,0.423376768827438,0,228,common,country,0,0,2,0.6189578175544731,0.066901475191116,0.10418319702148401,0.20995749533176403
10343,D-sem,হুল্লোড় করা,C,C,1,,0,0.7293658852577211,,0.7293658852577211,0.638332366943359,2,227,common,country,0,0,2,0.07291641831398,0.069660872220993,0.7293658852577211,0.12805679440498302
10343,D-hard,হুল্লোড় করা,D,B,0,B,1,0.05267249047756101,0.919677734375,0.919677734375,0.8711279630661011,3,292,common,country,0,0,2,0.018120590597391,0.919677734375,0.009529095143079001,0.05267249047756101
10345,D-rand,হেঁজিপেঁজি,D,B,0,,0,0.281855672597885,,0.346664428710937,0.24714763462543402,3,288,common,country,0,0,1,0.192931339144706,0.346664428710937,0.178548514842987,0.281855672597885
10345,D-lit,হেঁজিপেঁজি,B,A,0,A,1,0.32060369849205,0.321056991815567,0.321056991815567,0.18004989624023401,1,231,common,country,0,0,1,0.321056991815567,0.32060369849205,0.17028352618217402,0.18805578351020802
10345,D-surf,হেঁজিপেঁজি,A,C,0,,0,0.21356301009655,,0.50320029258728,0.349256873130798,0,226,common,country,0,0,1,0.21356301009655,0.11822341382503501,0.50320029258728,0.165013313293457
10345,D-sem,হেঁজিপেঁজি,B,B,1,,0,0.36345791816711404,,0.36345791816711404,0.189788714051246,1,206,common,country,0,0,1,0.28746199607849104,0.36345791816711404,0.20398332178592601,0.14509679377079002
10345,D-hard,হেঁজিপেঁজি,B,B,1,D,0,0.299323081970214,0.254595607519149,0.299323081970214,0.19131830334663302,1,178,common,country,0,0,1,0.223785281181335,0.299323081970214,0.222296044230461,0.254595607519149
