id,arm,language,family,gold_key,lit_key,gold_pos,pred,correct,chose_literal,p_gold,p_literal,max_prob,conf_head,p_A,p_B,p_C,p_D
1,laya-ml,en,D-lit,D,B,3,B,0,1,0.0999,0.8975000000000001,0.8975000000000001,0.8975000000000001,0.0016,0.8975000000000001,0.001,0.0999
6,laya-ml,en,D-lit,B,D,1,B,1,0,0.5931000000000001,0.3165,0.5931000000000001,0.5931000000000001,0.06760000000000001,0.5931000000000001,0.0228,0.3165
13,laya-ml,en,D-lit,B,A,1,B,1,0,0.7876000000000001,0.0616,0.7876000000000001,0.7876000000000001,0.0616,0.7876000000000001,0.0799,0.0709
14,laya-ml,en,D-lit,C,D,2,D,0,1,0.11180000000000001,0.5708,0.5708,0.5708,0.1738,0.1436,0.11180000000000001,0.5708
17,laya-ml,en,D-lit,B,A,1,D,0,0,0.233,0.21810000000000002,0.3136,0.3136,0.21810000000000002,0.233,0.2353,0.3136
21,laya-ml,en,D-lit,B,D,1,D,0,1,0.2061,0.435,0.435,0.435,0.2114,0.2061,0.1474,0.435
28,laya-ml,en,D-lit,B,A,1,C,0,0,0.1767,0.2058,0.30910000000000004,0.30910000000000004,0.2058,0.1767,0.30910000000000004,0.3084
50,laya-ml,en,D-lit,B,C,1,C,0,1,0.06760000000000001,0.6505000000000001,0.6505000000000001,0.6505000000000001,0.1071,0.06760000000000001,0.6505000000000001,0.17470000000000002
52,laya-ml,en,D-lit,A,C,0,D,0,0,0.2215,0.1574,0.5663,0.5663,0.2215,0.0548,0.1574,0.5663
53,laya-ml,en,D-lit,C,B,2,C,1,0,0.44430000000000003,0.0796,0.44430000000000003,0.44430000000000003,0.17220000000000002,0.0796,0.44430000000000003,0.3039
55,laya-ml,en,D-lit,B,A,1,A,0,1,0.1013,0.8693000000000001,0.8693000000000001,0.8693000000000001,0.8693000000000001,0.1013,0.014,0.0155
56,laya-ml,en,D-lit,D,B,3,D,1,0,0.40230000000000005,0.1526,0.40230000000000005,0.40230000000000005,0.3441,0.1526,0.10110000000000001,0.40230000000000005
57,laya-ml,en,D-lit,A,C,0,C,0,1,0.1565,0.5234,0.5234,0.5234,0.1565,0.0291,0.5234,0.2909
58,laya-ml,en,D-lit,D,B,3,B,0,1,0.0239,0.9123,0.9123,0.9123,0.025,0.9123,0.038700000000000005,0.0239
61,laya-ml,en,D-lit,D,B,3,B,0,1,0.10930000000000001,0.6063000000000001,0.6063000000000001,0.6063000000000001,0.0745,0.6063000000000001,0.2099,0.10930000000000001
62,laya-ml,en,D-lit,A,B,0,A,1,0,0.9577,0.0256,0.9577,0.9577,0.9577,0.0256,0.005200000000000001,0.0114
63,laya-ml,en,D-lit,A,B,0,D,0,0,0.1852,0.318,0.3809,0.3809,0.1852,0.318,0.1159,0.3809
64,laya-ml,en,D-lit,C,A,2,C,1,0,0.7908000000000001,0.056600000000000004,0.7908000000000001,0.7908000000000001,0.056600000000000004,0.0789,0.7908000000000001,0.0738
65,laya-ml,en,D-lit,A,B,0,A,1,0,0.6232,0.11330000000000001,0.6232,0.6232,0.6232,0.11330000000000001,0.12760000000000002,0.136
66,laya-ml,en,D-lit,D,C,3,C,0,1,0.2005,0.707,0.707,0.707,0.027800000000000002,0.06470000000000001,0.707,0.2005
70,laya-ml,en,D-lit,D,A,3,A,0,1,0.0478,0.5195000000000001,0.5195000000000001,0.5195000000000001,0.5195000000000001,0.39330000000000004,0.039400000000000004,0.0478
80,laya-ml,en,D-lit,C,B,2,B,0,1,0.2868,0.2929,0.2929,0.2929,0.1864,0.2929,0.2868,0.23390000000000002
81,laya-ml,en,D-lit,D,A,3,D,1,0,0.4373,0.1394,0.4373,0.4373,0.1394,0.2687,0.15460000000000002,0.4373
85,laya-ml,en,D-lit,C,B,2,C,1,0,0.6548,0.18280000000000002,0.6548,0.6548,0.057800000000000004,0.18280000000000002,0.6548,0.1046
94,laya-ml,en,D-lit,A,D,0,A,1,0,0.7154,0.1683,0.7154,0.7154,0.7154,0.09190000000000001,0.0244,0.1683
95,laya-ml,en,D-lit,B,C,1,B,1,0,0.5139,0.3219,0.5139,0.5139,0.11410000000000001,0.5139,0.3219,0.0502
103,laya-ml,en,D-lit,B,C,1,A,0,0,0.10590000000000001,0.2696,0.5081,0.5081,0.5081,0.10590000000000001,0.2696,0.1165
109,laya-ml,en,D-lit,A,C,0,A,1,0,0.6081,0.2564,0.6081,0.6081,0.6081,0.035,0.2564,0.1005
114,laya-ml,en,D-lit,D,A,3,A,0,1,0.30060000000000003,0.4242,0.4242,0.4242,0.4242,0.2169,0.0582,0.30060000000000003
118,laya-ml,en,D-lit,D,A,3,A,0,1,0.0897,0.5112,0.5112,0.5112,0.5112,0.0579,0.3412,0.0897
119,laya-ml,en,D-lit,A,C,0,D,0,0,0.0651,0.3536,0.4897,0.4897,0.0651,0.0917,0.3536,0.4897
123,laya-ml,en,D-lit,C,B,2,B,0,1,0.1134,0.6146,0.6146,0.6146,0.1039,0.6146,0.1134,0.1681
126,laya-ml,en,D-lit,A,D,0,B,0,0,0.3821,0.18430000000000002,0.38420000000000004,0.38420000000000004,0.3821,0.38420000000000004,0.0494,0.18430000000000002
137,laya-ml,en,D-lit,A,D,0,B,0,0,0.1559,0.20980000000000001,0.3851,0.3851,0.1559,0.3851,0.24910000000000002,0.20980000000000001
145,laya-ml,en,D-lit,D,B,3,D,1,0,0.5879,0.1635,0.5879,0.5879,0.0855,0.1635,0.1632,0.5879
150,laya-ml,en,D-lit,B,A,1,B,1,0,0.3178,0.30860000000000004,0.3178,0.3178,0.30860000000000004,0.3178,0.1841,0.1894
153,laya-ml,en,D-lit,A,C,0,C,0,1,0.0119,0.9444,0.9444,0.9444,0.0119,0.020800000000000003,0.9444,0.0229
156,laya-ml,en,D-lit,B,A,1,B,1,0,0.5743,0.2275,0.5743,0.5743,0.2275,0.5743,0.0791,0.11900000000000001
159,laya-ml,en,D-lit,B,C,1,B,1,0,0.7428,0.0461,0.7428,0.7428,0.122,0.7428,0.0461,0.0891
163,laya-ml,en,D-lit,C,A,2,A,0,1,0.08710000000000001,0.8969,0.8969,0.8969,0.8969,0.0073,0.08710000000000001,0.008700000000000001
164,laya-ml,en,D-lit,D,A,3,A,0,1,0.3491,0.48950000000000005,0.48950000000000005,0.48950000000000005,0.48950000000000005,0.0949,0.0665,0.3491
165,laya-ml,en,D-lit,A,B,0,A,1,0,0.6316,0.30870000000000003,0.6316,0.6316,0.6316,0.30870000000000003,0.0228,0.0369
169,laya-ml,en,D-lit,D,B,3,B,0,1,0.1499,0.7968000000000001,0.7968000000000001,0.7968000000000001,0.037700000000000004,0.7968000000000001,0.015600000000000001,0.1499
175,laya-ml,en,D-lit,B,D,1,D,0,1,0.3912,0.5563,0.5563,0.5563,0.0344,0.3912,0.0181,0.5563
176,laya-ml,en,D-lit,D,B,3,B,0,1,0.1326,0.6527000000000001,0.6527000000000001,0.6527000000000001,0.1272,0.6527000000000001,0.08750000000000001,0.1326
177,laya-ml,en,D-lit,C,A,2,A,0,1,0.0419,0.8493,0.8493,0.8493,0.8493,0.0629,0.0419,0.0459
178,laya-ml,en,D-lit,C,D,2,D,0,1,0.38120000000000004,0.4132,0.4132,0.4132,0.11800000000000001,0.08750000000000001,0.38120000000000004,0.4132
179,laya-ml,en,D-lit,C,D,2,C,1,0,0.7753,0.1507,0.7753,0.7753,0.0611,0.0129,0.7753,0.1507
180,laya-ml,en,D-lit,A,C,0,C,0,1,0.3264,0.5594,0.5594,0.5594,0.3264,0.0485,0.5594,0.0656
181,laya-ml,en,D-lit,B,C,1,C,0,1,0.029300000000000003,0.7409,0.7409,0.7409,0.0039000000000000003,0.029300000000000003,0.7409,0.22590000000000002
183,laya-ml,en,D-lit,D,C,3,C,0,1,0.0804,0.5317000000000001,0.5317000000000001,0.5317000000000001,0.11040000000000001,0.2775,0.5317000000000001,0.0804
189,laya-ml,en,D-lit,D,C,3,B,0,0,0.1763,0.1396,0.44420000000000004,0.44420000000000004,0.2398,0.44420000000000004,0.1396,0.1763
191,laya-ml,en,D-lit,D,C,3,C,0,1,0.1072,0.734,0.734,0.734,0.07010000000000001,0.0887,0.734,0.1072
196,laya-ml,en,D-lit,D,C,3,C,0,1,0.2326,0.518,0.518,0.518,0.1429,0.10650000000000001,0.518,0.2326
197,laya-ml,en,D-lit,C,B,2,D,0,0,0.08510000000000001,0.1632,0.5457000000000001,0.5457000000000001,0.2061,0.1632,0.08510000000000001,0.5457000000000001
203,laya-ml,en,D-lit,A,D,0,A,1,0,0.6183000000000001,0.0732,0.6183000000000001,0.6183000000000001,0.6183000000000001,0.0821,0.22640000000000002,0.0732
204,laya-ml,en,D-lit,A,B,0,B,0,1,0.1159,0.6325000000000001,0.6325000000000001,0.6325000000000001,0.1159,0.6325000000000001,0.1763,0.0753
205,laya-ml,en,D-lit,C,D,2,A,0,0,0.2707,0.2519,0.2775,0.2775,0.2775,0.19990000000000002,0.2707,0.2519
212,laya-ml,en,D-lit,B,D,1,B,1,0,0.6114,0.0975,0.6114,0.6114,0.2745,0.6114,0.0166,0.0975
220,laya-ml,en,D-lit,D,A,3,A,0,1,0.0596,0.927,0.927,0.927,0.927,0.0048000000000000004,0.0086,0.0596
221,laya-ml,en,D-lit,B,C,1,C,0,1,0.0012000000000000001,0.9919,0.9919,0.9919,0.0031000000000000003,0.0012000000000000001,0.9919,0.0038
222,laya-ml,en,D-lit,B,C,1,A,0,0,0.124,0.3165,0.46290000000000003,0.46290000000000003,0.46290000000000003,0.124,0.3165,0.0965
233,laya-ml,en,D-lit,C,D,2,A,0,0,0.11420000000000001,0.2778,0.3054,0.3054,0.3054,0.3025,0.11420000000000001,0.2778
239,laya-ml,en,D-lit,A,B,0,B,0,1,0.2817,0.34650000000000003,0.34650000000000003,0.34650000000000003,0.2817,0.34650000000000003,0.2713,0.1005
245,laya-ml,en,D-lit,A,C,0,A,1,0,0.5842,0.2876,0.5842,0.5842,0.5842,0.046200000000000005,0.2876,0.082
246,laya-ml,en,D-lit,D,C,3,C,0,1,0.24580000000000002,0.6145,0.6145,0.6145,0.0998,0.039900000000000005,0.6145,0.24580000000000002
247,laya-ml,en,D-lit,D,B,3,B,0,1,0.2268,0.4273,0.4273,0.4273,0.1505,0.4273,0.1953,0.2268
249,laya-ml,en,D-lit,A,D,0,C,0,0,0.16620000000000001,0.0244,0.7866000000000001,0.7866000000000001,0.16620000000000001,0.0228,0.7866000000000001,0.0244
250,laya-ml,en,D-lit,C,A,2,C,1,0,0.41540000000000005,0.2089,0.41540000000000005,0.41540000000000005,0.2089,0.25120000000000003,0.41540000000000005,0.1246
251,laya-ml,en,D-lit,D,C,3,C,0,1,0.12810000000000002,0.7799,0.7799,0.7799,0.0183,0.0738,0.7799,0.12810000000000002
253,laya-ml,en,D-lit,A,B,0,A,1,0,0.9671000000000001,0.0066,0.9671000000000001,0.9671000000000001,0.9671000000000001,0.0066,0.0117,0.0146
256,laya-ml,en,D-lit,B,C,1,B,1,0,0.5499,0.2358,0.5499,0.5499,0.0601,0.5499,0.2358,0.15410000000000001
259,laya-ml,en,D-lit,D,C,3,C,0,1,0.0195,0.6885,0.6885,0.6885,0.1056,0.1865,0.6885,0.0195
262,laya-ml,en,D-lit,B,C,1,C,0,1,0.08310000000000001,0.8731,0.8731,0.8731,0.015700000000000002,0.08310000000000001,0.8731,0.0281
263,laya-ml,en,D-lit,D,C,3,C,0,1,0.0033,0.9852000000000001,0.9852000000000001,0.9852000000000001,0.006200000000000001,0.0053,0.9852000000000001,0.0033
270,laya-ml,en,D-lit,B,C,1,A,0,0,0.2141,0.2036,0.3665,0.3665,0.3665,0.2141,0.2036,0.2159
272,laya-ml,en,D-lit,C,D,2,C,1,0,0.4123,0.2634,0.4123,0.4123,0.23750000000000002,0.0868,0.4123,0.2634
279,laya-ml,en,D-lit,A,D,0,A,1,0,0.5232,0.3715,0.5232,0.5232,0.5232,0.0782,0.027,0.3715
284,laya-ml,en,D-lit,D,B,3,C,0,0,0.25320000000000004,0.23850000000000002,0.2569,0.2569,0.2514,0.23850000000000002,0.2569,0.25320000000000004
285,laya-ml,en,D-lit,A,B,0,C,0,0,0.09050000000000001,0.0327,0.4677,0.4677,0.09050000000000001,0.0327,0.4677,0.4092
289,laya-ml,en,D-lit,D,A,3,D,1,0,0.7059000000000001,0.23240000000000002,0.7059000000000001,0.7059000000000001,0.23240000000000002,0.0369,0.0247,0.7059000000000001
291,laya-ml,en,D-lit,B,A,1,D,0,0,0.1194,0.2923,0.3239,0.3239,0.2923,0.1194,0.26430000000000003,0.3239
296,laya-ml,en,D-lit,D,B,3,B,0,1,0.2838,0.5712,0.5712,0.5712,0.1125,0.5712,0.0325,0.2838
300,laya-ml,en,D-lit,D,B,3,C,0,0,0.192,0.27990000000000004,0.4742,0.4742,0.0539,0.27990000000000004,0.4742,0.192
302,laya-ml,en,D-lit,D,A,3,A,0,1,0.0066,0.9864,0.9864,0.9864,0.9864,0.005,0.0021000000000000003,0.0066
304,laya-ml,en,D-lit,B,A,1,A,0,1,0.1797,0.3734,0.3734,0.3734,0.3734,0.1797,0.2629,0.184
308,laya-ml,en,D-lit,B,D,1,B,1,0,0.6354000000000001,0.19920000000000002,0.6354000000000001,0.6354000000000001,0.07150000000000001,0.6354000000000001,0.09390000000000001,0.19920000000000002
314,laya-ml,en,D-lit,A,D,0,C,0,0,0.1789,0.32370000000000004,0.3689,0.3689,0.1789,0.1285,0.3689,0.32370000000000004
321,laya-ml,en,D-lit,B,A,1,B,1,0,0.6547000000000001,0.1298,0.6547000000000001,0.6547000000000001,0.1298,0.6547000000000001,0.0307,0.1849
327,laya-ml,en,D-lit,C,B,2,C,1,0,0.6804,0.1048,0.6804,0.6804,0.1131,0.1048,0.6804,0.10160000000000001
330,laya-ml,en,D-lit,B,C,1,C,0,1,0.13540000000000002,0.5219,0.5219,0.5219,0.1784,0.13540000000000002,0.5219,0.1643
336,laya-ml,en,D-lit,A,D,0,A,1,0,0.8656,0.0954,0.8656,0.8656,0.8656,0.0206,0.0184,0.0954
339,laya-ml,en,D-lit,D,A,3,D,1,0,0.3895,0.34040000000000004,0.3895,0.3895,0.34040000000000004,0.073,0.1971,0.3895
340,laya-ml,en,D-lit,D,A,3,D,1,0,0.909,0.059000000000000004,0.909,0.909,0.059000000000000004,0.0145,0.0176,0.909
348,laya-ml,en,D-lit,C,A,2,D,0,0,0.2738,0.17020000000000002,0.48150000000000004,0.48150000000000004,0.17020000000000002,0.0746,0.2738,0.48150000000000004
350,laya-ml,en,D-lit,D,B,3,B,0,1,0.027800000000000002,0.9255,0.9255,0.9255,0.0235,0.9255,0.023200000000000002,0.027800000000000002
352,laya-ml,en,D-lit,C,B,2,C,1,0,0.3539,0.2932,0.3539,0.3539,0.09190000000000001,0.2932,0.3539,0.261
357,laya-ml,en,D-lit,A,D,0,A,1,0,0.3496,0.313,0.3496,0.3496,0.3496,0.1126,0.2248,0.313
359,laya-ml,en,D-lit,B,D,1,D,0,1,0.4183,0.4441,0.4441,0.4441,0.0906,0.4183,0.047,0.4441
362,laya-ml,en,D-lit,D,C,3,D,1,0,0.3871,0.3184,0.3871,0.3871,0.20120000000000002,0.09330000000000001,0.3184,0.3871
363,laya-ml,en,D-lit,D,C,3,C,0,1,0.30820000000000003,0.5022,0.5022,0.5022,0.1287,0.0609,0.5022,0.30820000000000003
373,laya-ml,en,D-lit,D,A,3,A,0,1,0.0212,0.9336000000000001,0.9336000000000001,0.9336000000000001,0.9336000000000001,0.028800000000000003,0.016300000000000002,0.0212
375,laya-ml,en,D-lit,A,D,0,A,1,0,0.873,0.0955,0.873,0.873,0.873,0.006900000000000001,0.0247,0.0955
379,laya-ml,en,D-lit,A,D,0,D,0,1,0.2146,0.6299,0.6299,0.6299,0.2146,0.034300000000000004,0.1211,0.6299
381,laya-ml,en,D-lit,C,A,2,C,1,0,0.6145,0.20550000000000002,0.6145,0.6145,0.20550000000000002,0.112,0.6145,0.068
382,laya-ml,en,D-lit,B,A,1,B,1,0,0.5048,0.2928,0.5048,0.5048,0.2928,0.5048,0.098,0.1044
383,laya-ml,en,D-lit,B,A,1,D,0,0,0.24550000000000002,0.2972,0.43720000000000003,0.43720000000000003,0.2972,0.24550000000000002,0.020200000000000003,0.43720000000000003
384,laya-ml,en,D-lit,A,D,0,D,0,1,0.24750000000000003,0.6446000000000001,0.6446000000000001,0.6446000000000001,0.24750000000000003,0.0181,0.08990000000000001,0.6446000000000001
387,laya-ml,en,D-lit,B,A,1,B,1,0,0.7465,0.056400000000000006,0.7465,0.7465,0.056400000000000006,0.7465,0.0608,0.1363
390,laya-ml,en,D-lit,D,A,3,A,0,1,0.1728,0.4932,0.4932,0.4932,0.4932,0.0522,0.2818,0.1728
391,laya-ml,en,D-lit,B,A,1,A,0,1,0.1427,0.5661,0.5661,0.5661,0.5661,0.1427,0.14100000000000001,0.1502
403,laya-ml,en,D-lit,B,A,1,A,0,1,0.0263,0.9156000000000001,0.9156000000000001,0.9156000000000001,0.9156000000000001,0.0263,0.0364,0.0217
404,laya-ml,en,D-lit,D,C,3,C,0,1,0.005200000000000001,0.9867,0.9867,0.9867,0.0026000000000000003,0.0056,0.9867,0.005200000000000001
408,laya-ml,en,D-lit,C,A,2,A,0,1,0.09050000000000001,0.7366,0.7366,0.7366,0.7366,0.14150000000000001,0.09050000000000001,0.031400000000000004
410,laya-ml,en,D-lit,D,B,3,B,0,1,0.2614,0.7199,0.7199,0.7199,0.0033,0.7199,0.0154,0.2614
412,laya-ml,en,D-lit,B,A,1,A,0,1,0.0002,0.9996,0.9996,0.9996,0.9996,0.0002,0.0001,0.0001
413,laya-ml,en,D-lit,C,B,2,B,0,1,0.0878,0.8434,0.8434,0.8434,0.0089,0.8434,0.0878,0.06
415,laya-ml,en,D-lit,C,A,2,C,1,0,0.5172,0.3155,0.5172,0.5172,0.3155,0.0892,0.5172,0.078
416,laya-ml,en,D-lit,D,A,3,D,1,0,0.3975,0.2755,0.3975,0.3975,0.2755,0.131,0.19590000000000002,0.3975
418,laya-ml,en,D-lit,A,D,0,D,0,1,0.008700000000000001,0.9867,0.9867,0.9867,0.008700000000000001,0.0012000000000000001,0.0035,0.9867
420,laya-ml,en,D-lit,B,C,1,B,1,0,0.8888,0.0468,0.8888,0.8888,0.0412,0.8888,0.0468,0.023200000000000002
428,laya-ml,en,D-lit,B,D,1,B,1,0,0.8144,0.13920000000000002,0.8144,0.8144,0.017400000000000002,0.8144,0.029,0.13920000000000002
432,laya-ml,en,D-lit,C,D,2,C,1,0,0.5011,0.2364,0.5011,0.5011,0.1822,0.08030000000000001,0.5011,0.2364
435,laya-ml,en,D-lit,D,B,3,D,1,0,0.7771,0.069,0.7771,0.7771,0.0868,0.069,0.0671,0.7771
436,laya-ml,en,D-lit,B,C,1,C,0,1,0.0241,0.9708,0.9708,0.9708,0.0029000000000000002,0.0241,0.9708,0.0022
437,laya-ml,en,D-lit,B,C,1,C,0,1,0.227,0.6213000000000001,0.6213000000000001,0.6213000000000001,0.079,0.227,0.6213000000000001,0.0727
440,laya-ml,en,D-lit,C,B,2,C,1,0,0.4418,0.032100000000000004,0.4418,0.4418,0.0921,0.032100000000000004,0.4418,0.434
446,laya-ml,en,D-lit,B,A,1,A,0,1,0.0273,0.9012,0.9012,0.9012,0.9012,0.0273,0.0303,0.0412
450,laya-ml,en,D-lit,B,C,1,B,1,0,0.5699000000000001,0.21910000000000002,0.5699000000000001,0.5699000000000001,0.126,0.5699000000000001,0.21910000000000002,0.085
451,laya-ml,en,D-lit,B,D,1,B,1,0,0.7078,0.1154,0.7078,0.7078,0.17450000000000002,0.7078,0.0023,0.1154
454,laya-ml,en,D-lit,A,C,0,A,1,0,0.5093,0.1218,0.5093,0.5093,0.5093,0.2386,0.1218,0.1302
455,laya-ml,en,D-lit,D,B,3,D,1,0,0.44220000000000004,0.0918,0.44220000000000004,0.44220000000000004,0.2937,0.0918,0.1723,0.44220000000000004
456,laya-ml,en,D-lit,D,A,3,D,1,0,0.5227,0.069,0.5227,0.5227,0.069,0.2793,0.1291,0.5227
459,laya-ml,en,D-lit,A,D,0,A,1,0,0.7243,0.056900000000000006,0.7243,0.7243,0.7243,0.013800000000000002,0.20500000000000002,0.056900000000000006
467,laya-ml,en,D-lit,C,B,2,A,0,0,0.0747,0.0536,0.7954,0.7954,0.7954,0.0536,0.0747,0.0762
469,laya-ml,en,D-lit,A,D,0,A,1,0,0.9161,0.048,0.9161,0.9161,0.9161,0.0247,0.0112,0.048
471,laya-ml,en,D-lit,C,D,2,D,0,1,0.25830000000000003,0.4325,0.4325,0.4325,0.0707,0.23850000000000002,0.25830000000000003,0.4325
475,laya-ml,en,D-lit,B,A,1,B,1,0,0.6549,0.277,0.6549,0.6549,0.277,0.6549,0.0176,0.0505
476,laya-ml,en,D-lit,C,A,2,C,1,0,0.7215,0.0901,0.7215,0.7215,0.0901,0.1013,0.7215,0.08700000000000001
483,laya-ml,en,D-lit,C,D,2,B,0,0,0.3018,0.0468,0.49720000000000003,0.49720000000000003,0.1542,0.49720000000000003,0.3018,0.0468
484,laya-ml,en,D-lit,D,A,3,A,0,1,0.399,0.4681,0.4681,0.4681,0.4681,0.0661,0.0668,0.399
493,laya-ml,en,D-lit,B,C,1,B,1,0,0.8702000000000001,0.0263,0.8702000000000001,0.8702000000000001,0.07930000000000001,0.8702000000000001,0.0263,0.024200000000000003
494,laya-ml,en,D-lit,D,A,3,D,1,0,0.6334000000000001,0.2028,0.6334000000000001,0.6334000000000001,0.2028,0.0426,0.1212,0.6334000000000001
495,laya-ml,en,D-lit,A,D,0,D,0,1,0.22360000000000002,0.4157,0.4157,0.4157,0.22360000000000002,0.062,0.2988,0.4157
498,laya-ml,en,D-lit,A,C,0,C,0,1,0.2861,0.5069,0.5069,0.5069,0.2861,0.11710000000000001,0.5069,0.08990000000000001
501,laya-ml,en,D-lit,D,B,3,D,1,0,0.4937,0.4504,0.4937,0.4937,0.049800000000000004,0.4504,0.0061,0.4937
503,laya-ml,en,D-lit,C,B,2,C,1,0,0.7916000000000001,0.16040000000000001,0.7916000000000001,0.7916000000000001,0.015600000000000001,0.16040000000000001,0.7916000000000001,0.0324
516,laya-ml,en,D-lit,A,D,0,C,0,0,0.2049,0.2333,0.44730000000000003,0.44730000000000003,0.2049,0.1145,0.44730000000000003,0.2333
518,laya-ml,en,D-lit,A,B,0,B,0,1,0.3289,0.5191,0.5191,0.5191,0.3289,0.5191,0.0579,0.094
520,laya-ml,en,D-lit,C,D,2,D,0,1,0.3583,0.4465,0.4465,0.4465,0.08360000000000001,0.1115,0.3583,0.4465
521,laya-ml,en,D-lit,A,D,0,A,1,0,0.86,0.0655,0.86,0.86,0.86,0.0374,0.0371,0.0655
523,laya-ml,en,D-lit,D,A,3,D,1,0,0.4827,0.318,0.4827,0.4827,0.318,0.054900000000000004,0.14450000000000002,0.4827
525,laya-ml,en,D-lit,B,C,1,C,0,1,0.07440000000000001,0.6884,0.6884,0.6884,0.1121,0.07440000000000001,0.6884,0.12510000000000002
528,laya-ml,en,D-lit,D,A,3,A,0,1,0.2931,0.3961,0.3961,0.3961,0.3961,0.0671,0.2437,0.2931
532,laya-ml,en,D-lit,A,C,0,B,0,0,0.2928,0.2404,0.357,0.357,0.2928,0.357,0.2404,0.10990000000000001
540,laya-ml,en,D-lit,D,C,3,D,1,0,0.3844,0.3017,0.3844,0.3844,0.0942,0.2197,0.3017,0.3844
544,laya-ml,en,D-lit,C,A,2,C,1,0,0.7224,0.1081,0.7224,0.7224,0.1081,0.08030000000000001,0.7224,0.0892
546,laya-ml,en,D-lit,B,D,1,B,1,0,0.3532,0.21710000000000002,0.3532,0.3532,0.1211,0.3532,0.30870000000000003,0.21710000000000002
554,laya-ml,en,D-lit,C,D,2,C,1,0,0.5187,0.3246,0.5187,0.5187,0.052700000000000004,0.10400000000000001,0.5187,0.3246
560,laya-ml,en,D-lit,C,D,2,C,1,0,0.4006,0.0882,0.4006,0.4006,0.3068,0.2044,0.4006,0.0882
561,laya-ml,en,D-lit,C,B,2,B,0,1,0.0235,0.9612,0.9612,0.9612,0.0053,0.9612,0.0235,0.01
563,laya-ml,en,D-lit,C,B,2,C,1,0,0.6054,0.29550000000000004,0.6054,0.6054,0.057800000000000004,0.29550000000000004,0.6054,0.0413
565,laya-ml,en,D-lit,B,C,1,D,0,0,0.09280000000000001,0.33290000000000003,0.5106,0.5106,0.06380000000000001,0.09280000000000001,0.33290000000000003,0.5106
568,laya-ml,en,D-lit,B,A,1,B,1,0,0.3109,0.2257,0.3109,0.3109,0.2257,0.3109,0.2853,0.1782
573,laya-ml,en,D-lit,C,A,2,C,1,0,0.29660000000000003,0.23550000000000001,0.29660000000000003,0.29660000000000003,0.23550000000000001,0.2682,0.29660000000000003,0.19970000000000002
574,laya-ml,en,D-lit,D,A,3,D,1,0,0.4169,0.18480000000000002,0.4169,0.4169,0.18480000000000002,0.3206,0.0777,0.4169
585,laya-ml,en,D-lit,B,D,1,B,1,0,0.8959,0.025900000000000003,0.8959,0.8959,0.0204,0.8959,0.057800000000000004,0.025900000000000003
594,laya-ml,en,D-lit,B,D,1,D,0,1,0.26580000000000004,0.6397,0.6397,0.6397,0.046,0.26580000000000004,0.0485,0.6397
595,laya-ml,en,D-lit,A,C,0,B,0,0,0.06470000000000001,0.0955,0.4486,0.4486,0.06470000000000001,0.4486,0.0955,0.3912
598,laya-ml,en,D-lit,A,D,0,C,0,0,0.19110000000000002,0.2485,0.386,0.386,0.19110000000000002,0.1743,0.386,0.2485
607,laya-ml,en,D-lit,A,D,0,A,1,0,0.5927,0.3411,0.5927,0.5927,0.5927,0.0419,0.0244,0.3411
614,laya-ml,en,D-lit,D,A,3,A,0,1,0.1499,0.7027,0.7027,0.7027,0.7027,0.1359,0.0115,0.1499
617,laya-ml,en,D-lit,D,C,3,D,1,0,0.4363,0.2963,0.4363,0.4363,0.1182,0.14930000000000002,0.2963,0.4363
625,laya-ml,en,D-lit,A,C,0,A,1,0,0.398,0.1701,0.398,0.398,0.398,0.1708,0.1701,0.2611
631,laya-ml,en,D-lit,D,A,3,A,0,1,0.33290000000000003,0.35450000000000004,0.35450000000000004,0.35450000000000004,0.35450000000000004,0.1826,0.1301,0.33290000000000003
635,laya-ml,en,D-lit,C,A,2,A,0,1,0.181,0.4475,0.4475,0.4475,0.4475,0.3435,0.181,0.028
637,laya-ml,en,D-lit,B,A,1,D,0,0,0.1842,0.1073,0.3788,0.3788,0.1073,0.1842,0.3297,0.3788
638,laya-ml,en,D-lit,D,B,3,B,0,1,0.0475,0.9134,0.9134,0.9134,0.0159,0.9134,0.023200000000000002,0.0475
641,laya-ml,en,D-lit,A,D,0,C,0,0,0.24070000000000003,0.2591,0.32120000000000004,0.32120000000000004,0.24070000000000003,0.179,0.32120000000000004,0.2591
642,laya-ml,en,D-lit,B,C,1,B,1,0,0.487,0.14300000000000002,0.487,0.487,0.1704,0.487,0.14300000000000002,0.1996
643,laya-ml,en,D-lit,D,B,3,D,1,0,0.6028,0.0482,0.6028,0.6028,0.3008,0.0482,0.0482,0.6028
645,laya-ml,en,D-lit,A,C,0,D,0,0,0.11370000000000001,0.2262,0.509,0.509,0.11370000000000001,0.1511,0.2262,0.509
649,laya-ml,en,D-lit,B,A,1,A,0,1,0.08080000000000001,0.7586,0.7586,0.7586,0.7586,0.08080000000000001,0.1107,0.0499
650,laya-ml,en,D-lit,B,D,1,D,0,1,0.0833,0.6018,0.6018,0.6018,0.048400000000000006,0.0833,0.2665,0.6018
651,laya-ml,en,D-lit,D,A,3,A,0,1,0.145,0.5397000000000001,0.5397000000000001,0.5397000000000001,0.5397000000000001,0.16790000000000002,0.1474,0.145
657,laya-ml,en,D-lit,B,D,1,D,0,1,0.1067,0.5083,0.5083,0.5083,0.20020000000000002,0.1067,0.18480000000000002,0.5083
659,laya-ml,en,D-lit,A,D,0,D,0,1,0.35250000000000004,0.6162000000000001,0.6162000000000001,0.6162000000000001,0.35250000000000004,0.023,0.0083,0.6162000000000001
660,laya-ml,en,D-lit,C,A,2,D,0,0,0.0765,0.014700000000000001,0.7665000000000001,0.7665000000000001,0.014700000000000001,0.1423,0.0765,0.7665000000000001
665,laya-ml,en,D-lit,A,C,0,A,1,0,0.9562,0.014100000000000001,0.9562,0.9562,0.9562,0.0117,0.014100000000000001,0.0181
666,laya-ml,en,D-lit,C,A,2,C,1,0,0.9204,0.0123,0.9204,0.9204,0.0123,0.012100000000000001,0.9204,0.055200000000000006
670,laya-ml,en,D-lit,A,C,0,A,1,0,0.423,0.1364,0.423,0.423,0.423,0.4042,0.1364,0.036500000000000005
672,laya-ml,en,D-lit,B,C,1,C,0,1,0.0054,0.9908,0.9908,0.9908,0.0016,0.0054,0.9908,0.0021000000000000003
677,laya-ml,en,D-lit,B,D,1,D,0,1,0.0601,0.5785,0.5785,0.5785,0.0868,0.0601,0.2746,0.5785
680,laya-ml,en,D-lit,C,A,2,C,1,0,0.6633,0.2434,0.6633,0.6633,0.2434,0.0456,0.6633,0.0477
685,laya-ml,en,D-lit,B,C,1,D,0,0,0.1887,0.292,0.3204,0.3204,0.1988,0.1887,0.292,0.3204
695,laya-ml,en,D-lit,C,B,2,B,0,1,0.18780000000000002,0.395,0.395,0.395,0.0815,0.395,0.18780000000000002,0.3357
698,laya-ml,en,D-lit,C,D,2,C,1,0,0.9431,0.049100000000000005,0.9431,0.9431,0.004200000000000001,0.0036000000000000003,0.9431,0.049100000000000005
699,laya-ml,en,D-lit,D,A,3,A,0,1,0.2144,0.4279,0.4279,0.4279,0.4279,0.2353,0.1223,0.2144
700,laya-ml,en,D-lit,B,A,1,D,0,0,0.1145,0.042800000000000005,0.7391000000000001,0.7391000000000001,0.042800000000000005,0.1145,0.1037,0.7391000000000001
702,laya-ml,en,D-lit,C,B,2,C,1,0,0.5582,0.1514,0.5582,0.5582,0.1476,0.1514,0.5582,0.1428
703,laya-ml,en,D-lit,D,B,3,B,0,1,0.3113,0.3915,0.3915,0.3915,0.22870000000000001,0.3915,0.06860000000000001,0.3113
706,laya-ml,en,D-lit,B,D,1,A,0,0,0.3088,0.052500000000000005,0.4682,0.4682,0.4682,0.3088,0.1705,0.052500000000000005
709,laya-ml,en,D-lit,A,D,0,C,0,0,0.11910000000000001,0.12250000000000001,0.5242,0.5242,0.11910000000000001,0.2341,0.5242,0.12250000000000001
710,laya-ml,en,D-lit,A,D,0,D,0,1,0.11520000000000001,0.5222,0.5222,0.5222,0.11520000000000001,0.2602,0.1023,0.5222
712,laya-ml,en,D-lit,B,C,1,C,0,1,0.29050000000000004,0.5851000000000001,0.5851000000000001,0.5851000000000001,0.06420000000000001,0.29050000000000004,0.5851000000000001,0.0603
719,laya-ml,en,D-lit,D,B,3,B,0,1,0.0999,0.8856,0.8856,0.8856,0.0082,0.8856,0.0063,0.0999
722,laya-ml,en,D-lit,D,B,3,A,0,0,0.2272,0.26480000000000004,0.399,0.399,0.399,0.26480000000000004,0.109,0.2272
723,laya-ml,en,D-lit,D,B,3,D,1,0,0.6281,0.2921,0.6281,0.6281,0.0143,0.2921,0.0654,0.6281
724,laya-ml,en,D-lit,A,D,0,D,0,1,0.15460000000000002,0.5099,0.5099,0.5099,0.15460000000000002,0.2753,0.060200000000000004,0.5099
726,laya-ml,en,D-lit,C,A,2,A,0,1,0.029500000000000002,0.9186000000000001,0.9186000000000001,0.9186000000000001,0.9186000000000001,0.030500000000000003,0.029500000000000002,0.0213
727,laya-ml,en,D-lit,C,D,2,A,0,0,0.0985,0.267,0.48040000000000005,0.48040000000000005,0.48040000000000005,0.15410000000000001,0.0985,0.267
728,laya-ml,en,D-lit,A,B,0,D,0,0,0.1259,0.07,0.7951,0.7951,0.1259,0.07,0.009000000000000001,0.7951
729,laya-ml,en,D-lit,B,C,1,B,1,0,0.9343,0.0329,0.9343,0.9343,0.0068000000000000005,0.9343,0.0329,0.026000000000000002
731,laya-ml,en,D-lit,B,A,1,A,0,1,0.032100000000000004,0.8172,0.8172,0.8172,0.8172,0.032100000000000004,0.033800000000000004,0.1168
732,laya-ml,en,D-lit,A,C,0,A,1,0,0.4978,0.23070000000000002,0.4978,0.4978,0.4978,0.135,0.23070000000000002,0.1365
733,laya-ml,en,D-lit,B,A,1,D,0,0,0.0274,0.051800000000000006,0.4834,0.4834,0.051800000000000006,0.0274,0.4374,0.4834
734,laya-ml,en,D-lit,A,C,0,D,0,0,0.2647,0.1517,0.296,0.296,0.2647,0.2876,0.1517,0.296
735,laya-ml,en,D-lit,B,D,1,B,1,0,0.7938000000000001,0.0669,0.7938000000000001,0.7938000000000001,0.09730000000000001,0.7938000000000001,0.042,0.0669
736,laya-ml,en,D-lit,D,B,3,D,1,0,0.42360000000000003,0.1574,0.42360000000000003,0.42360000000000003,0.3163,0.1574,0.1027,0.42360000000000003
739,laya-ml,en,D-lit,B,A,1,C,0,0,0.2619,0.1145,0.5309,0.5309,0.1145,0.2619,0.5309,0.0927
743,laya-ml,en,D-lit,A,D,0,A,1,0,0.6164000000000001,0.1105,0.6164000000000001,0.6164000000000001,0.6164000000000001,0.16490000000000002,0.1082,0.1105
748,laya-ml,en,D-lit,B,D,1,B,1,0,0.9703,0.014100000000000001,0.9703,0.9703,0.0043,0.9703,0.011300000000000001,0.014100000000000001
752,laya-ml,en,D-lit,D,C,3,C,0,1,0.3211,0.5053,0.5053,0.5053,0.0692,0.1044,0.5053,0.3211
756,laya-ml,en,D-lit,A,D,0,D,0,1,0.16840000000000002,0.5627,0.5627,0.5627,0.16840000000000002,0.0974,0.1715,0.5627
757,laya-ml,en,D-lit,D,C,3,B,0,0,0.25,0.1115,0.4516,0.4516,0.1869,0.4516,0.1115,0.25
758,laya-ml,en,D-lit,A,C,0,A,1,0,0.9442,0.0173,0.9442,0.9442,0.9442,0.0083,0.0173,0.0302
759,laya-ml,en,D-lit,D,C,3,D,1,0,0.7316,0.022,0.7316,0.7316,0.0937,0.15280000000000002,0.022,0.7316
760,laya-ml,en,D-lit,B,A,1,D,0,0,0.08270000000000001,0.0809,0.5374,0.5374,0.0809,0.08270000000000001,0.299,0.5374
764,laya-ml,en,D-lit,C,D,2,C,1,0,0.3803,0.21660000000000001,0.3803,0.3803,0.1648,0.2383,0.3803,0.21660000000000001
765,laya-ml,en,D-lit,B,C,1,C,0,1,0.1374,0.41190000000000004,0.41190000000000004,0.41190000000000004,0.1253,0.1374,0.41190000000000004,0.3254
767,laya-ml,en,D-lit,C,D,2,A,0,0,0.0274,0.117,0.8472000000000001,0.8472000000000001,0.8472000000000001,0.0083,0.0274,0.117
769,laya-ml,en,D-lit,A,C,0,C,0,1,0.08560000000000001,0.7265,0.7265,0.7265,0.08560000000000001,0.07200000000000001,0.7265,0.1159
776,laya-ml,en,D-lit,D,C,3,C,0,1,0.1867,0.7994,0.7994,0.7994,0.011300000000000001,0.0025,0.7994,0.1867
787,laya-ml,en,D-lit,B,D,1,D,0,1,0.2973,0.4111,0.4111,0.4111,0.1295,0.2973,0.1621,0.4111
803,laya-ml,en,D-lit,A,D,0,D,0,1,0.1753,0.6276,0.6276,0.6276,0.1753,0.11850000000000001,0.0786,0.6276
810,laya-ml,en,D-lit,D,B,3,D,1,0,0.5795,0.111,0.5795,0.5795,0.1739,0.111,0.1356,0.5795
814,laya-ml,en,D-lit,A,D,0,D,0,1,0.1724,0.3544,0.3544,0.3544,0.1724,0.31,0.1632,0.3544
816,laya-ml,en,D-lit,B,D,1,C,0,0,0.10790000000000001,0.13820000000000002,0.5182,0.5182,0.23570000000000002,0.10790000000000001,0.5182,0.13820000000000002
818,laya-ml,en,D-lit,A,C,0,A,1,0,0.5849,0.3282,0.5849,0.5849,0.5849,0.029500000000000002,0.3282,0.057300000000000004
822,laya-ml,en,D-lit,B,D,1,B,1,0,0.4852,0.1623,0.4852,0.4852,0.1504,0.4852,0.2021,0.1623
823,laya-ml,en,D-lit,A,B,0,A,1,0,0.8744000000000001,0.060700000000000004,0.8744000000000001,0.8744000000000001,0.8744000000000001,0.060700000000000004,0.0275,0.0373
824,laya-ml,en,D-lit,D,A,3,A,0,1,0.24750000000000003,0.5133,0.5133,0.5133,0.5133,0.053700000000000005,0.1854,0.24750000000000003
826,laya-ml,en,D-lit,D,A,3,C,0,0,0.42460000000000003,0.1022,0.4353,0.4353,0.1022,0.0379,0.4353,0.42460000000000003
829,laya-ml,en,D-lit,A,B,0,D,0,0,0.1526,0.0775,0.6385000000000001,0.6385000000000001,0.1526,0.0775,0.13140000000000002,0.6385000000000001
832,laya-ml,en,D-lit,C,A,2,C,1,0,0.4741,0.252,0.4741,0.4741,0.252,0.0955,0.4741,0.1784
836,laya-ml,en,D-lit,A,B,0,A,1,0,0.8150000000000001,0.1285,0.8150000000000001,0.8150000000000001,0.8150000000000001,0.1285,0.0409,0.015600000000000001
839,laya-ml,en,D-lit,B,C,1,D,0,0,0.1515,0.17350000000000002,0.451,0.451,0.22410000000000002,0.1515,0.17350000000000002,0.451
842,laya-ml,en,D-lit,D,A,3,A,0,1,0.0302,0.9514,0.9514,0.9514,0.9514,0.0045000000000000005,0.013900000000000001,0.0302
844,laya-ml,en,D-lit,C,D,2,C,1,0,0.4097,0.2864,0.4097,0.4097,0.1184,0.1855,0.4097,0.2864
848,laya-ml,en,D-lit,B,D,1,A,0,0,0.1385,0.3347,0.38280000000000003,0.38280000000000003,0.38280000000000003,0.1385,0.14400000000000002,0.3347
851,laya-ml,en,D-lit,A,D,0,A,1,0,0.9091,0.059800000000000006,0.9091,0.9091,0.9091,0.0162,0.0149,0.059800000000000006
855,laya-ml,en,D-lit,D,C,3,D,1,0,0.391,0.22740000000000002,0.391,0.391,0.1615,0.22010000000000002,0.22740000000000002,0.391
856,laya-ml,en,D-lit,B,C,1,B,1,0,0.5311,0.3004,0.5311,0.5311,0.106,0.5311,0.3004,0.0625
857,laya-ml,en,D-lit,D,B,3,B,0,1,0.14070000000000002,0.6243000000000001,0.6243000000000001,0.6243000000000001,0.19970000000000002,0.6243000000000001,0.035300000000000005,0.14070000000000002
861,laya-ml,en,D-lit,A,C,0,D,0,0,0.1913,0.1439,0.5616,0.5616,0.1913,0.1033,0.1439,0.5616
862,laya-ml,en,D-lit,C,B,2,C,1,0,0.778,0.06430000000000001,0.778,0.778,0.06760000000000001,0.06430000000000001,0.778,0.0901
874,laya-ml,en,D-lit,B,C,1,C,0,1,0.30110000000000003,0.4999,0.4999,0.4999,0.13140000000000002,0.30110000000000003,0.4999,0.06770000000000001
877,laya-ml,en,D-lit,C,B,2,B,0,1,0.1437,0.618,0.618,0.618,0.074,0.618,0.1437,0.1643
878,laya-ml,en,D-lit,D,A,3,B,0,0,0.1216,0.1647,0.5608000000000001,0.5608000000000001,0.1647,0.5608000000000001,0.1529,0.1216
879,laya-ml,en,D-lit,A,B,0,A,1,0,0.4642,0.2682,0.4642,0.4642,0.4642,0.2682,0.1811,0.0864
880,laya-ml,en,D-lit,B,C,1,B,1,0,0.6291,0.0369,0.6291,0.6291,0.31370000000000003,0.6291,0.0369,0.0204
881,laya-ml,en,D-lit,D,A,3,A,0,1,0.249,0.444,0.444,0.444,0.444,0.13670000000000002,0.1703,0.249
891,laya-ml,en,D-lit,C,A,2,C,1,0,0.7478,0.0545,0.7478,0.7478,0.0545,0.15480000000000002,0.7478,0.0429
894,laya-ml,en,D-lit,C,A,2,A,0,1,0.0497,0.9335,0.9335,0.9335,0.9335,0.0051,0.0497,0.011600000000000001
896,laya-ml,en,D-lit,C,B,2,B,0,1,0.33130000000000004,0.47690000000000005,0.47690000000000005,0.47690000000000005,0.09720000000000001,0.47690000000000005,0.33130000000000004,0.0946
899,laya-ml,en,D-lit,A,C,0,A,1,0,0.5749000000000001,0.41000000000000003,0.5749000000000001,0.5749000000000001,0.5749000000000001,0.0028,0.41000000000000003,0.0123
900,laya-ml,en,D-lit,C,D,2,D,0,1,0.0414,0.766,0.766,0.766,0.10300000000000001,0.0897,0.0414,0.766
907,laya-ml,en,D-lit,B,D,1,B,1,0,0.3378,0.2321,0.3378,0.3378,0.18080000000000002,0.3378,0.24930000000000002,0.2321
912,laya-ml,en,D-lit,A,D,0,C,0,0,0.13520000000000001,0.25980000000000003,0.45120000000000005,0.45120000000000005,0.13520000000000001,0.15380000000000002,0.45120000000000005,0.25980000000000003
913,laya-ml,en,D-lit,C,B,2,B,0,1,0.1015,0.48050000000000004,0.48050000000000004,0.48050000000000004,0.11720000000000001,0.48050000000000004,0.1015,0.3009
914,laya-ml,en,D-lit,C,B,2,D,0,0,0.30660000000000004,0.1683,0.4133,0.4133,0.11180000000000001,0.1683,0.30660000000000004,0.4133
919,laya-ml,en,D-lit,D,C,3,D,1,0,0.2864,0.276,0.2864,0.2864,0.2727,0.16490000000000002,0.276,0.2864
921,laya-ml,en,D-lit,D,C,3,B,0,0,0.2639,0.10550000000000001,0.4277,0.4277,0.2029,0.4277,0.10550000000000001,0.2639
927,laya-ml,en,D-lit,A,B,0,C,0,0,0.30820000000000003,0.1468,0.4177,0.4177,0.30820000000000003,0.1468,0.4177,0.1273
928,laya-ml,en,D-lit,B,A,1,C,0,0,0.2328,0.09340000000000001,0.40080000000000005,0.40080000000000005,0.09340000000000001,0.2328,0.40080000000000005,0.273
929,laya-ml,en,D-lit,A,D,0,A,1,0,0.8298000000000001,0.0712,0.8298000000000001,0.8298000000000001,0.8298000000000001,0.0675,0.0315,0.0712
931,laya-ml,en,D-lit,A,B,0,A,1,0,0.7844,0.11860000000000001,0.7844,0.7844,0.7844,0.11860000000000001,0.0352,0.061700000000000005
932,laya-ml,en,D-lit,C,A,2,D,0,0,0.0494,0.2364,0.5431,0.5431,0.2364,0.1711,0.0494,0.5431
938,laya-ml,en,D-lit,B,C,1,B,1,0,0.897,0.0714,0.897,0.897,0.013800000000000002,0.897,0.0714,0.0179
941,laya-ml,en,D-lit,B,C,1,B,1,0,0.377,0.2546,0.377,0.377,0.18230000000000002,0.377,0.2546,0.1862
943,laya-ml,en,D-lit,C,D,2,B,0,0,0.1748,0.1567,0.3437,0.3437,0.3247,0.3437,0.1748,0.1567
950,laya-ml,en,D-lit,A,B,0,B,0,1,0.0471,0.7519,0.7519,0.7519,0.0471,0.7519,0.0568,0.1442
951,laya-ml,en,D-lit,A,D,0,D,0,1,0.1776,0.3266,0.3266,0.3266,0.1776,0.3034,0.19240000000000002,0.3266
959,laya-ml,en,D-lit,B,A,1,B,1,0,0.47700000000000004,0.0824,0.47700000000000004,0.47700000000000004,0.0824,0.47700000000000004,0.0541,0.3865
962,laya-ml,en,D-lit,A,C,0,C,0,1,0.07640000000000001,0.7914,0.7914,0.7914,0.07640000000000001,0.0081,0.7914,0.1241
966,laya-ml,en,D-lit,A,B,0,D,0,0,0.2636,0.1086,0.5869,0.5869,0.2636,0.1086,0.0408,0.5869
967,laya-ml,en,D-lit,A,D,0,C,0,0,0.0704,0.1623,0.559,0.559,0.0704,0.2083,0.559,0.1623
976,laya-ml,en,D-lit,D,C,3,C,0,1,0.2737,0.5414,0.5414,0.5414,0.10830000000000001,0.0766,0.5414,0.2737
978,laya-ml,en,D-lit,D,C,3,D,1,0,0.6308,0.14650000000000002,0.6308,0.6308,0.0951,0.1277,0.14650000000000002,0.6308
981,laya-ml,en,D-lit,A,D,0,A,1,0,0.3769,0.339,0.3769,0.3769,0.3769,0.1302,0.1539,0.339
982,laya-ml,en,D-lit,A,B,0,B,0,1,0.0422,0.8598,0.8598,0.8598,0.0422,0.8598,0.024,0.074
984,laya-ml,en,D-lit,C,B,2,D,0,0,0.0519,0.039400000000000004,0.8768,0.8768,0.031900000000000005,0.039400000000000004,0.0519,0.8768
985,laya-ml,en,D-lit,B,D,1,B,1,0,0.4597,0.3573,0.4597,0.4597,0.0719,0.4597,0.1111,0.3573
986,laya-ml,en,D-lit,B,D,1,C,0,0,0.1449,0.2179,0.4622,0.4622,0.1749,0.1449,0.4622,0.2179
993,laya-ml,en,D-lit,B,A,1,B,1,0,0.5166000000000001,0.2521,0.5166000000000001,0.5166000000000001,0.2521,0.5166000000000001,0.10540000000000001,0.1259
996,laya-ml,en,D-lit,D,A,3,D,1,0,0.3214,0.21860000000000002,0.3214,0.3214,0.21860000000000002,0.2318,0.2281,0.3214
999,laya-ml,en,D-lit,D,B,3,B,0,1,0.053,0.7689,0.7689,0.7689,0.1043,0.7689,0.07390000000000001,0.053
1004,laya-ml,en,D-lit,D,B,3,B,0,1,0.1051,0.6579,0.6579,0.6579,0.17880000000000001,0.6579,0.058300000000000005,0.1051
1008,laya-ml,en,D-lit,A,D,0,A,1,0,0.8965000000000001,0.045,0.8965000000000001,0.8965000000000001,0.8965000000000001,0.0195,0.039,0.045
1011,laya-ml,en,D-lit,D,C,3,C,0,1,0.1384,0.6425000000000001,0.6425000000000001,0.6425000000000001,0.12380000000000001,0.09530000000000001,0.6425000000000001,0.1384
1013,laya-ml,en,D-lit,D,B,3,B,0,1,0.3004,0.3547,0.3547,0.3547,0.10110000000000001,0.3547,0.24380000000000002,0.3004
1026,laya-ml,en,D-lit,D,C,3,C,0,1,0.16060000000000002,0.5519000000000001,0.5519000000000001,0.5519000000000001,0.23970000000000002,0.0478,0.5519000000000001,0.16060000000000002
1031,laya-ml,en,D-lit,B,A,1,C,0,0,0.2702,0.1391,0.324,0.324,0.1391,0.2702,0.324,0.2667
1035,laya-ml,en,D-lit,B,A,1,B,1,0,0.6834,0.1804,0.6834,0.6834,0.1804,0.6834,0.0589,0.07740000000000001
1039,laya-ml,en,D-lit,C,B,2,C,1,0,0.5447000000000001,0.25680000000000003,0.5447000000000001,0.5447000000000001,0.061200000000000004,0.25680000000000003,0.5447000000000001,0.1373
1041,laya-ml,en,D-lit,C,B,2,C,1,0,0.8439000000000001,0.056900000000000006,0.8439000000000001,0.8439000000000001,0.0039000000000000003,0.056900000000000006,0.8439000000000001,0.09530000000000001
1044,laya-ml,en,D-lit,B,C,1,C,0,1,0.039400000000000004,0.8639,0.8639,0.8639,0.0425,0.039400000000000004,0.8639,0.054200000000000005
1046,laya-ml,en,D-lit,D,A,3,D,1,0,0.6476000000000001,0.2082,0.6476000000000001,0.6476000000000001,0.2082,0.047400000000000005,0.0969,0.6476000000000001
1049,laya-ml,en,D-lit,D,A,3,D,1,0,0.4539,0.3048,0.4539,0.4539,0.3048,0.0444,0.19690000000000002,0.4539
1051,laya-ml,en,D-lit,B,C,1,C,0,1,0.1636,0.6238,0.6238,0.6238,0.11750000000000001,0.1636,0.6238,0.0951
1057,laya-ml,en,D-lit,A,D,0,A,1,0,0.6695,0.2817,0.6695,0.6695,0.6695,0.0236,0.0253,0.2817
1065,laya-ml,en,D-lit,A,D,0,A,1,0,0.3778,0.3527,0.3778,0.3778,0.3778,0.2291,0.040400000000000005,0.3527
1070,laya-ml,en,D-lit,B,A,1,B,1,0,0.5456,0.2581,0.5456,0.5456,0.2581,0.5456,0.024300000000000002,0.1719
1071,laya-ml,en,D-lit,A,D,0,A,1,0,0.4459,0.2353,0.4459,0.4459,0.4459,0.1754,0.1434,0.2353
1073,laya-ml,en,D-lit,A,B,0,B,0,1,0.054400000000000004,0.8305,0.8305,0.8305,0.054400000000000004,0.8305,0.0291,0.08600000000000001
1074,laya-ml,en,D-lit,A,B,0,A,1,0,0.5684,0.21810000000000002,0.5684,0.5684,0.5684,0.21810000000000002,0.0584,0.155
1076,laya-ml,en,D-lit,A,B,0,A,1,0,0.8326,0.059800000000000006,0.8326,0.8326,0.8326,0.059800000000000006,0.0523,0.0553
1083,laya-ml,en,D-lit,C,D,2,C,1,0,0.4848,0.11030000000000001,0.4848,0.4848,0.3048,0.10010000000000001,0.4848,0.11030000000000001
1090,laya-ml,en,D-lit,B,C,1,D,0,0,0.0762,0.0702,0.6235,0.6235,0.2301,0.0762,0.0702,0.6235
1094,laya-ml,en,D-lit,D,B,3,B,0,1,0.1198,0.716,0.716,0.716,0.0541,0.716,0.11,0.1198
1095,laya-ml,en,D-lit,C,D,2,A,0,0,0.2891,0.12490000000000001,0.2933,0.2933,0.2933,0.2928,0.2891,0.12490000000000001
1097,laya-ml,en,D-lit,A,C,0,C,0,1,0.4581,0.47450000000000003,0.47450000000000003,0.47450000000000003,0.4581,0.048400000000000006,0.47450000000000003,0.019
1100,laya-ml,en,D-lit,C,B,2,C,1,0,0.3991,0.11380000000000001,0.3991,0.3991,0.3849,0.11380000000000001,0.3991,0.10210000000000001
1101,laya-ml,en,D-lit,C,D,2,A,0,0,0.1189,0.343,0.42850000000000005,0.42850000000000005,0.42850000000000005,0.1097,0.1189,0.343
1102,laya-ml,en,D-lit,B,D,1,C,0,0,0.20550000000000002,0.14930000000000002,0.536,0.536,0.1092,0.20550000000000002,0.536,0.14930000000000002
1104,laya-ml,en,D-lit,D,B,3,B,0,1,0.0854,0.4052,0.4052,0.4052,0.2474,0.4052,0.262,0.0854
1105,laya-ml,en,D-lit,A,C,0,B,0,0,0.1325,0.0634,0.7321000000000001,0.7321000000000001,0.1325,0.7321000000000001,0.0634,0.0721
1108,laya-ml,en,D-lit,C,B,2,C,1,0,0.7424000000000001,0.1646,0.7424000000000001,0.7424000000000001,0.0371,0.1646,0.7424000000000001,0.056
1111,laya-ml,en,D-lit,C,D,2,D,0,1,0.1912,0.44,0.44,0.44,0.082,0.2868,0.1912,0.44
1113,laya-ml,en,D-lit,B,C,1,B,1,0,0.6304000000000001,0.1423,0.6304000000000001,0.6304000000000001,0.08270000000000001,0.6304000000000001,0.1423,0.1446
1115,laya-ml,en,D-lit,C,B,2,D,0,0,0.2962,0.20500000000000002,0.3922,0.3922,0.1066,0.20500000000000002,0.2962,0.3922
1119,laya-ml,en,D-lit,C,B,2,B,0,1,0.0218,0.9649000000000001,0.9649000000000001,0.9649000000000001,0.0057,0.9649000000000001,0.0218,0.0077
1123,laya-ml,en,D-lit,A,B,0,B,0,1,0.162,0.5451,0.5451,0.5451,0.162,0.5451,0.179,0.11380000000000001
1125,laya-ml,en,D-lit,C,D,2,C,1,0,0.8353,0.1318,0.8353,0.8353,0.0155,0.017400000000000002,0.8353,0.1318
1134,laya-ml,en,D-lit,A,B,0,C,0,0,0.11810000000000001,0.18680000000000002,0.37460000000000004,0.37460000000000004,0.11810000000000001,0.18680000000000002,0.37460000000000004,0.3206
1137,laya-ml,en,D-lit,B,D,1,D,0,1,0.2796,0.29450000000000004,0.29450000000000004,0.29450000000000004,0.1865,0.2796,0.2394,0.29450000000000004
1140,laya-ml,en,D-lit,C,D,2,C,1,0,0.4112,0.1019,0.4112,0.4112,0.2466,0.2403,0.4112,0.1019
1144,laya-ml,en,D-lit,B,D,1,B,1,0,0.37220000000000003,0.2535,0.37220000000000003,0.37220000000000003,0.1326,0.37220000000000003,0.2417,0.2535
1163,laya-ml,en,D-lit,A,B,0,A,1,0,0.5598000000000001,0.0227,0.5598000000000001,0.5598000000000001,0.5598000000000001,0.0227,0.1862,0.23140000000000002
1164,laya-ml,en,D-lit,D,C,3,A,0,0,0.30610000000000004,0.12350000000000001,0.32,0.32,0.32,0.2504,0.12350000000000001,0.30610000000000004
1165,laya-ml,en,D-lit,D,B,3,B,0,1,0.3249,0.4661,0.4661,0.4661,0.12250000000000001,0.4661,0.0864,0.3249
1166,laya-ml,en,D-lit,C,A,2,B,0,0,0.1637,0.15940000000000001,0.5941000000000001,0.5941000000000001,0.15940000000000001,0.5941000000000001,0.1637,0.08270000000000001
1173,laya-ml,en,D-lit,A,D,0,A,1,0,0.7748,0.08950000000000001,0.7748,0.7748,0.7748,0.0492,0.0864,0.08950000000000001
1175,laya-ml,en,D-lit,B,D,1,B,1,0,0.4853,0.3139,0.4853,0.4853,0.058,0.4853,0.1429,0.3139
1179,laya-ml,en,D-lit,A,B,0,A,1,0,0.9065000000000001,0.0146,0.9065000000000001,0.9065000000000001,0.9065000000000001,0.0146,0.057300000000000004,0.0217
1181,laya-ml,en,D-lit,C,B,2,A,0,0,0.2595,0.11170000000000001,0.5088,0.5088,0.5088,0.11170000000000001,0.2595,0.12
1183,laya-ml,en,D-lit,A,C,0,D,0,0,0.22820000000000001,0.30110000000000003,0.3574,0.3574,0.22820000000000001,0.11320000000000001,0.30110000000000003,0.3574
1187,laya-ml,en,D-lit,A,C,0,B,0,0,0.13,0.1585,0.6672,0.6672,0.13,0.6672,0.1585,0.0443
1190,laya-ml,en,D-lit,B,D,1,B,1,0,0.4571,0.2796,0.4571,0.4571,0.1061,0.4571,0.15710000000000002,0.2796
1196,laya-ml,en,D-lit,B,A,1,B,1,0,0.42350000000000004,0.2624,0.42350000000000004,0.42350000000000004,0.2624,0.42350000000000004,0.1097,0.2044
1205,laya-ml,en,D-lit,D,A,3,A,0,1,0.2383,0.39640000000000003,0.39640000000000003,0.39640000000000003,0.39640000000000003,0.216,0.1492,0.2383
1208,laya-ml,en,D-lit,A,C,0,D,0,0,0.1129,0.28850000000000003,0.4163,0.4163,0.1129,0.18230000000000002,0.28850000000000003,0.4163
1213,laya-ml,en,D-lit,C,D,2,C,1,0,0.5262,0.2164,0.5262,0.5262,0.1762,0.08120000000000001,0.5262,0.2164
1215,laya-ml,en,D-lit,D,C,3,D,1,0,0.4577,0.3069,0.4577,0.4577,0.1101,0.1253,0.3069,0.4577
1218,laya-ml,en,D-lit,A,C,0,D,0,0,0.2828,0.1388,0.4163,0.4163,0.2828,0.1621,0.1388,0.4163
1223,laya-ml,en,D-lit,D,A,3,C,0,0,0.2124,0.2383,0.4203,0.4203,0.2383,0.129,0.4203,0.2124
1239,laya-ml,en,D-lit,C,A,2,D,0,0,0.35860000000000003,0.1169,0.4591,0.4591,0.1169,0.0653,0.35860000000000003,0.4591
1240,laya-ml,en,D-lit,A,B,0,A,1,0,0.30010000000000003,0.18910000000000002,0.30010000000000003,0.30010000000000003,0.30010000000000003,0.18910000000000002,0.2281,0.2827
1241,laya-ml,en,D-lit,D,B,3,B,0,1,0.12560000000000002,0.4561,0.4561,0.4561,0.1743,0.4561,0.244,0.12560000000000002
1246,laya-ml,en,D-lit,A,C,0,C,0,1,0.0346,0.835,0.835,0.835,0.0346,0.043000000000000003,0.835,0.0874
1247,laya-ml,en,D-lit,B,A,1,B,1,0,0.7656000000000001,0.0509,0.7656000000000001,0.7656000000000001,0.0509,0.7656000000000001,0.036000000000000004,0.14750000000000002
1249,laya-ml,en,D-lit,C,D,2,B,0,0,0.218,0.2528,0.4025,0.4025,0.1268,0.4025,0.218,0.2528
1250,laya-ml,en,D-lit,A,C,0,C,0,1,0.1588,0.5135000000000001,0.5135000000000001,0.5135000000000001,0.1588,0.0603,0.5135000000000001,0.2674
1253,laya-ml,en,D-lit,A,D,0,C,0,0,0.22080000000000002,0.3341,0.3673,0.3673,0.22080000000000002,0.0779,0.3673,0.3341
1258,laya-ml,en,D-lit,A,C,0,A,1,0,0.9113,0.0587,0.9113,0.9113,0.9113,0.0049,0.0587,0.0251
1260,laya-ml,en,D-lit,A,B,0,D,0,0,0.0451,0.0375,0.8903000000000001,0.8903000000000001,0.0451,0.0375,0.027,0.8903000000000001
1270,laya-ml,en,D-lit,A,B,0,B,0,1,0.1986,0.40090000000000003,0.40090000000000003,0.40090000000000003,0.1986,0.40090000000000003,0.2515,0.149
1274,laya-ml,en,D-lit,D,A,3,A,0,1,0.051000000000000004,0.8745,0.8745,0.8745,0.8745,0.0608,0.0137,0.051000000000000004
1275,laya-ml,en,D-lit,A,B,0,B,0,1,0.0383,0.9017000000000001,0.9017000000000001,0.9017000000000001,0.0383,0.9017000000000001,0.019100000000000002,0.0409
1281,laya-ml,en,D-lit,C,A,2,A,0,1,0.036500000000000005,0.9577,0.9577,0.9577,0.9577,0.0015,0.036500000000000005,0.0043
1283,laya-ml,en,D-lit,D,C,3,C,0,1,0.1741,0.5154,0.5154,0.5154,0.1477,0.1627,0.5154,0.1741
1289,laya-ml,en,D-lit,C,A,2,C,1,0,0.6877,0.0472,0.6877,0.6877,0.0472,0.11570000000000001,0.6877,0.1495
1294,laya-ml,en,D-lit,D,C,3,D,1,0,0.7229,0.07640000000000001,0.7229,0.7229,0.034300000000000004,0.1663,0.07640000000000001,0.7229
1317,laya-ml,en,D-lit,B,D,1,B,1,0,0.5999,0.14300000000000002,0.5999,0.5999,0.0658,0.5999,0.1913,0.14300000000000002
1320,laya-ml,en,D-lit,C,D,2,D,0,1,0.3457,0.4198,0.4198,0.4198,0.030100000000000002,0.2043,0.3457,0.4198
1324,laya-ml,en,D-lit,C,D,2,D,0,1,0.0719,0.8018000000000001,0.8018000000000001,0.8018000000000001,0.0852,0.041100000000000005,0.0719,0.8018000000000001
1327,laya-ml,en,D-lit,D,B,3,D,1,0,0.41450000000000004,0.2003,0.41450000000000004,0.41450000000000004,0.0835,0.2003,0.3018,0.41450000000000004
1337,laya-ml,en,D-lit,A,B,0,A,1,0,0.44930000000000003,0.3546,0.44930000000000003,0.44930000000000003,0.44930000000000003,0.3546,0.1236,0.07250000000000001
1345,laya-ml,en,D-lit,C,B,2,B,0,1,0.1514,0.5291,0.5291,0.5291,0.1693,0.5291,0.1514,0.1502
1351,laya-ml,en,D-lit,A,B,0,D,0,0,0.09280000000000001,0.054,0.6004,0.6004,0.09280000000000001,0.054,0.2529,0.6004
1352,laya-ml,en,D-lit,A,D,0,A,1,0,0.397,0.27640000000000003,0.397,0.397,0.397,0.10310000000000001,0.22340000000000002,0.27640000000000003
1362,laya-ml,en,D-lit,B,D,1,B,1,0,0.8967,0.0386,0.8967,0.8967,0.0221,0.8967,0.0427,0.0386
1363,laya-ml,en,D-lit,C,B,2,B,0,1,0.08360000000000001,0.9091,0.9091,0.9091,0.0051,0.9091,0.08360000000000001,0.0022
1364,laya-ml,en,D-lit,A,B,0,A,1,0,0.6285000000000001,0.1218,0.6285000000000001,0.6285000000000001,0.6285000000000001,0.1218,0.1029,0.1468
1365,laya-ml,en,D-lit,C,D,2,C,1,0,0.8629,0.033800000000000004,0.8629,0.8629,0.0097,0.0937,0.8629,0.033800000000000004
1366,laya-ml,en,D-lit,B,A,1,B,1,0,0.7355,0.16140000000000002,0.7355,0.7355,0.16140000000000002,0.7355,0.0322,0.0709
1369,laya-ml,en,D-lit,A,D,0,D,0,1,0.3044,0.3693,0.3693,0.3693,0.3044,0.1174,0.2089,0.3693
1372,laya-ml,en,D-lit,B,D,1,D,0,1,0.19690000000000002,0.36860000000000004,0.36860000000000004,0.36860000000000004,0.22990000000000002,0.19690000000000002,0.2046,0.36860000000000004
1382,laya-ml,en,D-lit,B,A,1,B,1,0,0.8684000000000001,0.0512,0.8684000000000001,0.8684000000000001,0.0512,0.8684000000000001,0.049800000000000004,0.030600000000000002
1384,laya-ml,en,D-lit,D,A,3,A,0,1,0.050300000000000004,0.9402,0.9402,0.9402,0.9402,0.007200000000000001,0.0023,0.050300000000000004
1385,laya-ml,en,D-lit,C,A,2,A,0,1,0.0238,0.9527,0.9527,0.9527,0.9527,0.0175,0.0238,0.006
1386,laya-ml,en,D-lit,D,A,3,A,0,1,0.0007,0.9971000000000001,0.9971000000000001,0.9971000000000001,0.9971000000000001,0.0014,0.0007,0.0007
1387,laya-ml,en,D-lit,B,D,1,D,0,1,0.26080000000000003,0.30910000000000004,0.30910000000000004,0.30910000000000004,0.23700000000000002,0.26080000000000003,0.1932,0.30910000000000004
1388,laya-ml,en,D-lit,A,C,0,C,0,1,0.0361,0.8985000000000001,0.8985000000000001,0.8985000000000001,0.0361,0.0307,0.8985000000000001,0.0347
1390,laya-ml,en,D-lit,C,D,2,D,0,1,0.3279,0.3739,0.3739,0.3739,0.1744,0.12380000000000001,0.3279,0.3739
1391,laya-ml,en,D-lit,B,C,1,C,0,1,0.045200000000000004,0.8393,0.8393,0.8393,0.073,0.045200000000000004,0.8393,0.0425
1392,laya-ml,en,D-lit,C,B,2,C,1,0,0.3986,0.2893,0.3986,0.3986,0.062200000000000005,0.2893,0.3986,0.2499
1393,laya-ml,en,D-lit,D,B,3,B,0,1,0.1206,0.654,0.654,0.654,0.19890000000000002,0.654,0.0264,0.1206
1394,laya-ml,en,D-lit,D,B,3,D,1,0,0.5581,0.4083,0.5581,0.5581,0.027200000000000002,0.4083,0.006500000000000001,0.5581
1397,laya-ml,en,D-lit,D,C,3,C,0,1,0.0587,0.7126,0.7126,0.7126,0.0814,0.1474,0.7126,0.0587
1398,laya-ml,en,D-lit,D,C,3,D,1,0,0.5529000000000001,0.15810000000000002,0.5529000000000001,0.5529000000000001,0.1675,0.12150000000000001,0.15810000000000002,0.5529000000000001
1400,laya-ml,en,D-lit,D,B,3,D,1,0,0.3145,0.2797,0.3145,0.3145,0.15280000000000002,0.2797,0.253,0.3145
1402,laya-ml,en,D-lit,D,A,3,A,0,1,0.3387,0.35660000000000003,0.35660000000000003,0.35660000000000003,0.35660000000000003,0.1077,0.1971,0.3387
1404,laya-ml,en,D-lit,B,C,1,C,0,1,0.32980000000000004,0.3659,0.3659,0.3659,0.12240000000000001,0.32980000000000004,0.3659,0.182
1405,laya-ml,en,D-lit,B,D,1,D,0,1,0.4061,0.41150000000000003,0.41150000000000003,0.41150000000000003,0.14100000000000001,0.4061,0.0414,0.41150000000000003
1408,laya-ml,en,D-lit,B,A,1,B,1,0,0.4948,0.023100000000000002,0.4948,0.4948,0.023100000000000002,0.4948,0.014700000000000001,0.46740000000000004
1420,laya-ml,en,D-lit,C,A,2,D,0,0,0.0858,0.09870000000000001,0.4127,0.4127,0.09870000000000001,0.40280000000000005,0.0858,0.4127
1425,laya-ml,en,D-lit,B,C,1,A,0,0,0.18050000000000002,0.1564,0.5818,0.5818,0.5818,0.18050000000000002,0.1564,0.0813
1428,laya-ml,en,D-lit,D,C,3,C,0,1,0.1971,0.46540000000000004,0.46540000000000004,0.46540000000000004,0.193,0.1444,0.46540000000000004,0.1971
1429,laya-ml,en,D-lit,C,B,2,C,1,0,0.6998000000000001,0.1721,0.6998000000000001,0.6998000000000001,0.0763,0.1721,0.6998000000000001,0.0517
1430,laya-ml,en,D-lit,C,B,2,A,0,0,0.3758,0.1928,0.40650000000000003,0.40650000000000003,0.40650000000000003,0.1928,0.3758,0.024800000000000003
1431,laya-ml,en,D-lit,B,C,1,C,0,1,0.0397,0.8603000000000001,0.8603000000000001,0.8603000000000001,0.028900000000000002,0.0397,0.8603000000000001,0.0711
1433,laya-ml,en,D-lit,C,D,2,C,1,0,0.9192,0.0519,0.9192,0.9192,0.0172,0.0118,0.9192,0.0519
1434,laya-ml,en,D-lit,A,D,0,A,1,0,0.4123,0.1643,0.4123,0.4123,0.4123,0.08750000000000001,0.336,0.1643
1441,laya-ml,en,D-lit,B,A,1,B,1,0,0.5171,0.31470000000000004,0.5171,0.5171,0.31470000000000004,0.5171,0.048100000000000004,0.12010000000000001
1442,laya-ml,en,D-lit,B,D,1,D,0,1,0.2177,0.2795,0.2795,0.2795,0.25070000000000003,0.2177,0.25220000000000004,0.2795
1454,laya-ml,en,D-lit,A,C,0,C,0,1,0.4,0.4521,0.4521,0.4521,0.4,0.0616,0.4521,0.0863
1470,laya-ml,en,D-lit,D,B,3,D,1,0,0.6792,0.0408,0.6792,0.6792,0.1163,0.0408,0.1637,0.6792
1475,laya-ml,en,D-lit,B,D,1,B,1,0,0.5766,0.1645,0.5766,0.5766,0.2076,0.5766,0.0514,0.1645
1477,laya-ml,en,D-lit,D,A,3,A,0,1,0.3539,0.47290000000000004,0.47290000000000004,0.47290000000000004,0.47290000000000004,0.0698,0.1033,0.3539
1478,laya-ml,en,D-lit,A,D,0,B,0,0,0.1637,0.1247,0.6014,0.6014,0.1637,0.6014,0.1101,0.1247
1483,laya-ml,en,D-lit,C,B,2,C,1,0,0.7494000000000001,0.0751,0.7494000000000001,0.7494000000000001,0.1143,0.0751,0.7494000000000001,0.0613
1484,laya-ml,en,D-lit,D,B,3,B,0,1,0.1501,0.6037,0.6037,0.6037,0.1199,0.6037,0.1264,0.1501
1486,laya-ml,en,D-lit,B,D,1,B,1,0,0.8218000000000001,0.0902,0.8218000000000001,0.8218000000000001,0.0658,0.8218000000000001,0.0223,0.0902
1488,laya-ml,en,D-lit,B,C,1,A,0,0,0.3012,0.222,0.35000000000000003,0.35000000000000003,0.35000000000000003,0.3012,0.222,0.1267
1491,laya-ml,en,D-lit,B,D,1,D,0,1,0.33580000000000004,0.4504,0.4504,0.4504,0.0944,0.33580000000000004,0.1194,0.4504
1498,laya-ml,en,D-lit,D,C,3,B,0,0,0.1953,0.2257,0.30870000000000003,0.30870000000000003,0.27030000000000004,0.30870000000000003,0.2257,0.1953
1501,laya-ml,en,D-lit,C,B,2,A,0,0,0.15280000000000002,0.1436,0.4046,0.4046,0.4046,0.1436,0.15280000000000002,0.2989
1502,laya-ml,en,D-lit,D,A,3,A,0,1,0.1874,0.4147,0.4147,0.4147,0.4147,0.1338,0.2642,0.1874
1508,laya-ml,en,D-lit,C,A,2,A,0,1,0.3845,0.4713,0.4713,0.4713,0.4713,0.055400000000000005,0.3845,0.0889
1509,laya-ml,en,D-lit,D,B,3,B,0,1,0.0178,0.9301,0.9301,0.9301,0.013300000000000001,0.9301,0.0388,0.0178
1514,laya-ml,en,D-lit,C,A,2,A,0,1,0.1965,0.38,0.38,0.38,0.38,0.1337,0.1965,0.2898
1527,laya-ml,en,D-lit,C,B,2,B,0,1,0.22240000000000001,0.4499,0.4499,0.4499,0.11280000000000001,0.4499,0.22240000000000001,0.215
1528,laya-ml,en,D-lit,A,D,0,D,0,1,0.2783,0.7154,0.7154,0.7154,0.2783,0.0019,0.0045000000000000005,0.7154
1529,laya-ml,en,D-lit,B,A,1,B,1,0,0.5762,0.2783,0.5762,0.5762,0.2783,0.5762,0.0364,0.1091
1530,laya-ml,en,D-lit,D,A,3,D,1,0,0.3715,0.1242,0.3715,0.3715,0.1242,0.16770000000000002,0.3366,0.3715
1533,laya-ml,en,D-lit,B,C,1,A,0,0,0.31320000000000003,0.19410000000000002,0.3254,0.3254,0.3254,0.31320000000000003,0.19410000000000002,0.1673
1534,laya-ml,en,D-lit,A,D,0,A,1,0,0.6805,0.222,0.6805,0.6805,0.6805,0.0425,0.054900000000000004,0.222
1542,laya-ml,en,D-lit,A,B,0,A,1,0,0.6889000000000001,0.14550000000000002,0.6889000000000001,0.6889000000000001,0.6889000000000001,0.14550000000000002,0.10060000000000001,0.0651
1543,laya-ml,en,D-lit,D,C,3,B,0,0,0.1847,0.1522,0.601,0.601,0.0621,0.601,0.1522,0.1847
1544,laya-ml,en,D-lit,A,B,0,A,1,0,0.8584,0.0577,0.8584,0.8584,0.8584,0.0577,0.0475,0.036500000000000005
1545,laya-ml,en,D-lit,D,A,3,B,0,0,0.029500000000000002,0.0901,0.7754000000000001,0.7754000000000001,0.0901,0.7754000000000001,0.105,0.029500000000000002
1546,laya-ml,en,D-lit,B,C,1,B,1,0,0.7972,0.1115,0.7972,0.7972,0.0373,0.7972,0.1115,0.054
1548,laya-ml,en,D-lit,D,B,3,B,0,1,0.3201,0.463,0.463,0.463,0.1183,0.463,0.09870000000000001,0.3201
1549,laya-ml,en,D-lit,D,A,3,D,1,0,0.7112,0.1443,0.7112,0.7112,0.1443,0.0579,0.08660000000000001,0.7112
1550,laya-ml,en,D-lit,B,D,1,B,1,0,0.9521000000000001,0.020200000000000003,0.9521000000000001,0.9521000000000001,0.020300000000000002,0.9521000000000001,0.0074,0.020200000000000003
1555,laya-ml,en,D-lit,D,C,3,D,1,0,0.4752,0.1708,0.4752,0.4752,0.101,0.2531,0.1708,0.4752
1556,laya-ml,en,D-lit,B,C,1,B,1,0,0.9554,0.016900000000000002,0.9554,0.9554,0.0077,0.9554,0.016900000000000002,0.0201
1557,laya-ml,en,D-lit,B,D,1,B,1,0,0.5744,0.1922,0.5744,0.5744,0.0983,0.5744,0.1351,0.1922
1558,laya-ml,en,D-lit,A,D,0,B,0,0,0.28800000000000003,0.1211,0.4791,0.4791,0.28800000000000003,0.4791,0.11180000000000001,0.1211
1559,laya-ml,en,D-lit,B,C,1,B,1,0,0.8421000000000001,0.0146,0.8421000000000001,0.8421000000000001,0.0071,0.8421000000000001,0.0146,0.13620000000000002
1561,laya-ml,en,D-lit,B,D,1,B,1,0,0.9272,0.037700000000000004,0.9272,0.9272,0.0164,0.9272,0.018600000000000002,0.037700000000000004
1564,laya-ml,en,D-lit,B,D,1,B,1,0,0.5293,0.22660000000000002,0.5293,0.5293,0.041100000000000005,0.5293,0.2029,0.22660000000000002
1566,laya-ml,en,D-lit,A,C,0,A,1,0,0.6864,0.0531,0.6864,0.6864,0.6864,0.11460000000000001,0.0531,0.1459
1568,laya-ml,en,D-lit,C,B,2,C,1,0,0.5411,0.3613,0.5411,0.5411,0.042800000000000005,0.3613,0.5411,0.0548
1569,laya-ml,en,D-lit,A,D,0,A,1,0,0.8491000000000001,0.0494,0.8491000000000001,0.8491000000000001,0.8491000000000001,0.0333,0.0682,0.0494
1572,laya-ml,en,D-lit,D,A,3,A,0,1,0.1262,0.7577,0.7577,0.7577,0.7577,0.0263,0.0898,0.1262
1573,laya-ml,en,D-lit,C,D,2,D,0,1,0.158,0.6354000000000001,0.6354000000000001,0.6354000000000001,0.1786,0.0281,0.158,0.6354000000000001
1576,laya-ml,en,D-lit,A,C,0,A,1,0,0.5213,0.14650000000000002,0.5213,0.5213,0.5213,0.30260000000000004,0.14650000000000002,0.0296
1579,laya-ml,en,D-lit,A,D,0,A,1,0,0.35550000000000004,0.3325,0.35550000000000004,0.35550000000000004,0.35550000000000004,0.1396,0.1724,0.3325
1582,laya-ml,en,D-lit,A,C,0,A,1,0,0.49260000000000004,0.3094,0.49260000000000004,0.49260000000000004,0.49260000000000004,0.0964,0.3094,0.10160000000000001
1584,laya-ml,en,D-lit,B,D,1,C,0,0,0.304,0.21080000000000002,0.30910000000000004,0.30910000000000004,0.1761,0.304,0.30910000000000004,0.21080000000000002
1586,laya-ml,en,D-lit,D,B,3,D,1,0,0.5207,0.11,0.5207,0.5207,0.2023,0.11,0.16690000000000002,0.5207
1591,laya-ml,en,D-lit,D,C,3,D,1,0,0.7745000000000001,0.10790000000000001,0.7745000000000001,0.7745000000000001,0.0988,0.0188,0.10790000000000001,0.7745000000000001
1595,laya-ml,en,D-lit,A,B,0,A,1,0,0.8751,0.017400000000000002,0.8751,0.8751,0.8751,0.017400000000000002,0.0347,0.0728
1600,laya-ml,en,D-lit,A,D,0,A,1,0,0.4193,0.4047,0.4193,0.4193,0.4193,0.10830000000000001,0.06770000000000001,0.4047
1610,laya-ml,en,D-lit,A,B,0,A,1,0,0.865,0.0383,0.865,0.865,0.865,0.0383,0.026600000000000002,0.07010000000000001
1613,laya-ml,en,D-lit,C,D,2,D,0,1,0.3466,0.3564,0.3564,0.3564,0.12,0.177,0.3466,0.3564
1615,laya-ml,en,D-lit,B,D,1,B,1,0,0.6196,0.196,0.6196,0.6196,0.1361,0.6196,0.0483,0.196
1617,laya-ml,en,D-lit,B,A,1,B,1,0,0.6747000000000001,0.0932,0.6747000000000001,0.6747000000000001,0.0932,0.6747000000000001,0.0439,0.1883
1618,laya-ml,en,D-lit,D,B,3,B,0,1,0.3675,0.4662,0.4662,0.4662,0.1003,0.4662,0.066,0.3675
1621,laya-ml,en,D-lit,A,C,0,A,1,0,0.8928,0.0565,0.8928,0.8928,0.8928,0.0216,0.0565,0.0291
1623,laya-ml,en,D-lit,D,B,3,D,1,0,0.484,0.3725,0.484,0.484,0.0877,0.3725,0.0558,0.484
1627,laya-ml,en,D-lit,A,B,0,B,0,1,0.29250000000000004,0.6786,0.6786,0.6786,0.29250000000000004,0.6786,0.0162,0.012700000000000001
1628,laya-ml,en,D-lit,D,A,3,A,0,1,0.0361,0.889,0.889,0.889,0.889,0.0432,0.0317,0.0361
1631,laya-ml,en,D-lit,A,D,0,C,0,0,0.07350000000000001,0.0551,0.7623000000000001,0.7623000000000001,0.07350000000000001,0.109,0.7623000000000001,0.0551
1637,laya-ml,en,D-lit,D,A,3,D,1,0,0.3297,0.27040000000000003,0.3297,0.3297,0.27040000000000003,0.1393,0.2606,0.3297
1638,laya-ml,en,D-lit,A,B,0,B,0,1,0.084,0.8306,0.8306,0.8306,0.084,0.8306,0.0516,0.033800000000000004
1641,laya-ml,en,D-lit,B,D,1,B,1,0,0.5514,0.13520000000000001,0.5514,0.5514,0.2566,0.5514,0.0568,0.13520000000000001
1642,laya-ml,en,D-lit,C,D,2,C,1,0,0.5848,0.08020000000000001,0.5848,0.5848,0.1665,0.1685,0.5848,0.08020000000000001
1646,laya-ml,en,D-lit,A,D,0,A,1,0,0.5166000000000001,0.165,0.5166000000000001,0.5166000000000001,0.5166000000000001,0.0444,0.274,0.165
1647,laya-ml,en,D-lit,A,D,0,D,0,1,0.1889,0.7683,0.7683,0.7683,0.1889,0.019100000000000002,0.023700000000000002,0.7683
1650,laya-ml,en,D-lit,B,A,1,B,1,0,0.42510000000000003,0.32780000000000004,0.42510000000000003,0.42510000000000003,0.32780000000000004,0.42510000000000003,0.0795,0.1676
1652,laya-ml,en,D-lit,A,B,0,B,0,1,0.10010000000000001,0.8473,0.8473,0.8473,0.10010000000000001,0.8473,0.0381,0.0145
1659,laya-ml,en,D-lit,D,B,3,A,0,0,0.1029,0.0873,0.6799000000000001,0.6799000000000001,0.6799000000000001,0.0873,0.1298,0.1029
1662,laya-ml,en,D-lit,A,C,0,A,1,0,0.8265,0.0213,0.8265,0.8265,0.8265,0.016300000000000002,0.0213,0.1359
1670,laya-ml,en,D-lit,C,A,2,C,1,0,0.7381000000000001,0.0341,0.7381000000000001,0.7381000000000001,0.0341,0.1267,0.7381000000000001,0.10110000000000001
1673,laya-ml,en,D-lit,A,C,0,B,0,0,0.2139,0.1524,0.4481,0.4481,0.2139,0.4481,0.1524,0.18560000000000001
1675,laya-ml,en,D-lit,D,A,3,C,0,0,0.2031,0.0736,0.4383,0.4383,0.0736,0.28500000000000003,0.4383,0.2031
1677,laya-ml,en,D-lit,C,A,2,D,0,0,0.31720000000000004,0.149,0.3415,0.3415,0.149,0.19240000000000002,0.31720000000000004,0.3415
1680,laya-ml,en,D-lit,D,B,3,D,1,0,0.48310000000000003,0.20320000000000002,0.48310000000000003,0.48310000000000003,0.1325,0.20320000000000002,0.1812,0.48310000000000003
1685,laya-ml,en,D-lit,C,B,2,B,0,1,0.381,0.4403,0.4403,0.4403,0.0838,0.4403,0.381,0.0949
1686,laya-ml,en,D-lit,A,C,0,A,1,0,0.6234000000000001,0.1626,0.6234000000000001,0.6234000000000001,0.6234000000000001,0.16010000000000002,0.1626,0.0539
1689,laya-ml,en,D-lit,D,C,3,A,0,0,0.18050000000000002,0.24050000000000002,0.47240000000000004,0.47240000000000004,0.47240000000000004,0.1067,0.24050000000000002,0.18050000000000002
1690,laya-ml,en,D-lit,C,D,2,C,1,0,0.6990000000000001,0.27590000000000003,0.6990000000000001,0.6990000000000001,0.011,0.014100000000000001,0.6990000000000001,0.27590000000000003
1693,laya-ml,en,D-lit,D,B,3,B,0,1,0.07970000000000001,0.5897,0.5897,0.5897,0.12430000000000001,0.5897,0.2063,0.07970000000000001
1699,laya-ml,en,D-lit,A,B,0,D,0,0,0.035300000000000005,0.2886,0.5085000000000001,0.5085000000000001,0.035300000000000005,0.2886,0.1676,0.5085000000000001
1711,laya-ml,en,D-lit,A,D,0,A,1,0,0.8947,0.0309,0.8947,0.8947,0.8947,0.0627,0.0117,0.0309
1716,laya-ml,en,D-lit,A,C,0,C,0,1,0.0641,0.9237000000000001,0.9237000000000001,0.9237000000000001,0.0641,0.008700000000000001,0.9237000000000001,0.0035
1719,laya-ml,en,D-lit,B,C,1,C,0,1,0.1731,0.5561,0.5561,0.5561,0.145,0.1731,0.5561,0.1258
1726,laya-ml,en,D-lit,B,A,1,B,1,0,0.9583,0.0148,0.9583,0.9583,0.0148,0.9583,0.0162,0.010700000000000001
1731,laya-ml,en,D-lit,C,D,2,D,0,1,0.1711,0.6641,0.6641,0.6641,0.1041,0.060700000000000004,0.1711,0.6641
1735,laya-ml,en,D-lit,D,B,3,B,0,1,0.09230000000000001,0.5916,0.5916,0.5916,0.1283,0.5916,0.18780000000000002,0.09230000000000001
1737,laya-ml,en,D-lit,B,C,1,A,0,0,0.2197,0.1039,0.467,0.467,0.467,0.2197,0.1039,0.2094
1740,laya-ml,en,D-lit,B,C,1,D,0,0,0.21180000000000002,0.1826,0.4227,0.4227,0.1829,0.21180000000000002,0.1826,0.4227
1742,laya-ml,en,D-lit,C,B,2,B,0,1,0.19720000000000001,0.7000000000000001,0.7000000000000001,0.7000000000000001,0.0757,0.7000000000000001,0.19720000000000001,0.027100000000000003
1745,laya-ml,en,D-lit,A,D,0,A,1,0,0.7686000000000001,0.0921,0.7686000000000001,0.7686000000000001,0.7686000000000001,0.0534,0.08600000000000001,0.0921
1747,laya-ml,en,D-lit,B,A,1,A,0,1,0.329,0.5281,0.5281,0.5281,0.5281,0.329,0.034300000000000004,0.1087
1748,laya-ml,en,D-lit,C,D,2,D,0,1,0.1227,0.6576000000000001,0.6576000000000001,0.6576000000000001,0.1102,0.1095,0.1227,0.6576000000000001
1752,laya-ml,en,D-lit,D,B,3,C,0,0,0.0114,0.0849,0.8811,0.8811,0.022600000000000002,0.0849,0.8811,0.0114
1758,laya-ml,en,D-lit,A,C,0,A,1,0,0.5103,0.1264,0.5103,0.5103,0.5103,0.2841,0.1264,0.0791
1766,laya-ml,en,D-lit,B,D,1,A,0,0,0.11900000000000001,0.0685,0.6682,0.6682,0.6682,0.11900000000000001,0.1443,0.0685
1770,laya-ml,en,D-lit,A,C,0,B,0,0,0.1423,0.1477,0.41750000000000004,0.41750000000000004,0.1423,0.41750000000000004,0.1477,0.29250000000000004
1774,laya-ml,en,D-lit,D,A,3,D,1,0,0.4335,0.20620000000000002,0.4335,0.4335,0.20620000000000002,0.1612,0.1991,0.4335
1777,laya-ml,en,D-lit,C,B,2,A,0,0,0.2904,0.2747,0.307,0.307,0.307,0.2747,0.2904,0.128
1778,laya-ml,en,D-lit,D,A,3,B,0,0,0.18560000000000001,0.258,0.4995,0.4995,0.258,0.4995,0.0568,0.18560000000000001
1783,laya-ml,en,D-lit,B,D,1,B,1,0,0.38170000000000004,0.2919,0.38170000000000004,0.38170000000000004,0.10250000000000001,0.38170000000000004,0.22390000000000002,0.2919
1786,laya-ml,en,D-lit,D,A,3,A,0,1,0.3317,0.3436,0.3436,0.3436,0.3436,0.19920000000000002,0.1255,0.3317
1788,laya-ml,en,D-lit,A,B,0,A,1,0,0.4232,0.09870000000000001,0.4232,0.4232,0.4232,0.09870000000000001,0.34890000000000004,0.1291
1792,laya-ml,en,D-lit,C,B,2,C,1,0,0.5932000000000001,0.16920000000000002,0.5932000000000001,0.5932000000000001,0.054900000000000004,0.16920000000000002,0.5932000000000001,0.1826
1793,laya-ml,en,D-lit,D,A,3,D,1,0,0.49,0.0516,0.49,0.49,0.0516,0.2932,0.1652,0.49
1794,laya-ml,en,D-lit,C,A,2,B,0,0,0.2832,0.19460000000000002,0.39980000000000004,0.39980000000000004,0.19460000000000002,0.39980000000000004,0.2832,0.12250000000000001
1797,laya-ml,en,D-lit,A,C,0,A,1,0,0.4636,0.21610000000000001,0.4636,0.4636,0.4636,0.1643,0.21610000000000001,0.1559
1803,laya-ml,en,D-lit,C,A,2,D,0,0,0.168,0.1525,0.48760000000000003,0.48760000000000003,0.1525,0.192,0.168,0.48760000000000003
1804,laya-ml,en,D-lit,A,B,0,C,0,0,0.3719,0.1199,0.45220000000000005,0.45220000000000005,0.3719,0.1199,0.45220000000000005,0.056
1805,laya-ml,en,D-lit,D,A,3,D,1,0,0.41190000000000004,0.3431,0.41190000000000004,0.41190000000000004,0.3431,0.1405,0.10450000000000001,0.41190000000000004
1808,laya-ml,en,D-lit,C,B,2,B,0,1,0.265,0.5294,0.5294,0.5294,0.1552,0.5294,0.265,0.050300000000000004
1813,laya-ml,en,D-lit,B,D,1,D,0,1,0.4293,0.45020000000000004,0.45020000000000004,0.45020000000000004,0.0591,0.4293,0.0614,0.45020000000000004
1814,laya-ml,en,D-lit,B,D,1,D,0,1,0.2718,0.7078,0.7078,0.7078,0.011600000000000001,0.2718,0.008700000000000001,0.7078
1818,laya-ml,en,D-lit,D,A,3,B,0,0,0.2461,0.18860000000000002,0.3292,0.3292,0.18860000000000002,0.3292,0.23620000000000002,0.2461
1823,laya-ml,en,D-lit,B,C,1,B,1,0,0.585,0.2285,0.585,0.585,0.059500000000000004,0.585,0.2285,0.127
1824,laya-ml,en,D-lit,D,C,3,D,1,0,0.714,0.1257,0.714,0.714,0.051300000000000005,0.1091,0.1257,0.714
1828,laya-ml,en,D-lit,D,A,3,D,1,0,0.6026,0.2561,0.6026,0.6026,0.2561,0.128,0.0134,0.6026
1829,laya-ml,en,D-lit,C,D,2,C,1,0,0.5778,0.23090000000000002,0.5778,0.5778,0.10540000000000001,0.0859,0.5778,0.23090000000000002
1830,laya-ml,en,D-lit,A,B,0,C,0,0,0.1512,0.3312,0.3437,0.3437,0.1512,0.3312,0.3437,0.1739
1833,laya-ml,en,D-lit,A,B,0,B,0,1,0.1246,0.3513,0.3513,0.3513,0.1246,0.3513,0.3023,0.2218
1837,laya-ml,en,D-lit,A,D,0,D,0,1,0.112,0.40950000000000003,0.40950000000000003,0.40950000000000003,0.112,0.2081,0.27040000000000003,0.40950000000000003
1843,laya-ml,en,D-lit,A,C,0,C,0,1,0.030500000000000003,0.9652000000000001,0.9652000000000001,0.9652000000000001,0.030500000000000003,0.0008,0.9652000000000001,0.0035
1847,laya-ml,en,D-lit,D,A,3,A,0,1,0.038400000000000004,0.8957,0.8957,0.8957,0.8957,0.048,0.018000000000000002,0.038400000000000004
1849,laya-ml,en,D-lit,C,A,2,D,0,0,0.31270000000000003,0.2556,0.3766,0.3766,0.2556,0.055200000000000006,0.31270000000000003,0.3766
1850,laya-ml,en,D-lit,A,D,0,C,0,0,0.2059,0.2315,0.3786,0.3786,0.2059,0.1839,0.3786,0.2315
1851,laya-ml,en,D-lit,C,A,2,D,0,0,0.27340000000000003,0.1322,0.329,0.329,0.1322,0.26530000000000004,0.27340000000000003,0.329
1857,laya-ml,en,D-lit,D,B,3,D,1,0,0.4651,0.2069,0.4651,0.4651,0.163,0.2069,0.165,0.4651
1863,laya-ml,en,D-lit,B,D,1,B,1,0,0.5035000000000001,0.36560000000000004,0.5035000000000001,0.5035000000000001,0.0814,0.5035000000000001,0.0495,0.36560000000000004
1865,laya-ml,en,D-lit,D,B,3,B,0,1,0.12010000000000001,0.5524,0.5524,0.5524,0.0297,0.5524,0.2979,0.12010000000000001
1867,laya-ml,en,D-lit,C,A,2,C,1,0,0.6009,0.11710000000000001,0.6009,0.6009,0.11710000000000001,0.0522,0.6009,0.2298
1868,laya-ml,en,D-lit,B,C,1,C,0,1,0.2296,0.6205,0.6205,0.6205,0.0879,0.2296,0.6205,0.062
1870,laya-ml,en,D-lit,D,A,3,D,1,0,0.8345,0.11230000000000001,0.8345,0.8345,0.11230000000000001,0.028,0.0252,0.8345
1872,laya-ml,en,D-lit,D,B,3,D,1,0,0.41600000000000004,0.293,0.41600000000000004,0.41600000000000004,0.048600000000000004,0.293,0.2424,0.41600000000000004
1876,laya-ml,en,D-lit,A,D,0,A,1,0,0.3079,0.2051,0.3079,0.3079,0.3079,0.2051,0.28190000000000004,0.2051
1879,laya-ml,en,D-lit,D,B,3,B,0,1,0.1014,0.6416000000000001,0.6416000000000001,0.6416000000000001,0.1613,0.6416000000000001,0.09570000000000001,0.1014
1880,laya-ml,en,D-lit,D,A,3,C,0,0,0.1691,0.3044,0.4308,0.4308,0.3044,0.09570000000000001,0.4308,0.1691
1881,laya-ml,en,D-lit,D,C,3,D,1,0,0.4897,0.2071,0.4897,0.4897,0.23140000000000002,0.0718,0.2071,0.4897
1887,laya-ml,en,D-lit,A,D,0,A,1,0,0.41190000000000004,0.1506,0.41190000000000004,0.41190000000000004,0.41190000000000004,0.3009,0.13670000000000002,0.1506
1890,laya-ml,en,D-lit,B,D,1,B,1,0,0.4534,0.26980000000000004,0.4534,0.4534,0.0587,0.4534,0.21810000000000002,0.26980000000000004
1891,laya-ml,en,D-lit,A,D,0,A,1,0,0.3483,0.1398,0.3483,0.3483,0.3483,0.23240000000000002,0.2795,0.1398
1894,laya-ml,en,D-lit,D,C,3,A,0,0,0.3299,0.0383,0.46540000000000004,0.46540000000000004,0.46540000000000004,0.16640000000000002,0.0383,0.3299
1896,laya-ml,en,D-lit,A,C,0,D,0,0,0.2349,0.3174,0.3221,0.3221,0.2349,0.12560000000000002,0.3174,0.3221
1897,laya-ml,en,D-lit,A,B,0,A,1,0,0.44270000000000004,0.1144,0.44270000000000004,0.44270000000000004,0.44270000000000004,0.1144,0.19440000000000002,0.2485
1903,laya-ml,en,D-lit,C,A,2,C,1,0,0.747,0.1097,0.747,0.747,0.1097,0.0565,0.747,0.0868
1906,laya-ml,en,D-lit,B,A,1,A,0,1,0.050800000000000005,0.8869,0.8869,0.8869,0.8869,0.050800000000000005,0.0327,0.0296
1907,laya-ml,en,D-lit,B,C,1,B,1,0,0.5961000000000001,0.2657,0.5961000000000001,0.5961000000000001,0.11620000000000001,0.5961000000000001,0.2657,0.022
1916,laya-ml,en,D-lit,C,D,2,C,1,0,0.5129,0.152,0.5129,0.5129,0.20170000000000002,0.13340000000000002,0.5129,0.152
1917,laya-ml,en,D-lit,D,A,3,A,0,1,0.20570000000000002,0.47250000000000003,0.47250000000000003,0.47250000000000003,0.47250000000000003,0.3003,0.021500000000000002,0.20570000000000002
1918,laya-ml,en,D-lit,A,C,0,A,1,0,0.8365,0.0882,0.8365,0.8365,0.8365,0.019200000000000002,0.0882,0.056100000000000004
1924,laya-ml,en,D-lit,A,D,0,A,1,0,0.8794000000000001,0.0426,0.8794000000000001,0.8794000000000001,0.8794000000000001,0.0263,0.0516,0.0426
1927,laya-ml,en,D-lit,C,A,2,A,0,1,0.3272,0.6552,0.6552,0.6552,0.6552,0.008700000000000001,0.3272,0.0089
1932,laya-ml,en,D-lit,A,D,0,A,1,0,0.5933,0.25320000000000004,0.5933,0.5933,0.5933,0.101,0.0526,0.25320000000000004
1933,laya-ml,en,D-lit,A,C,0,A,1,0,0.4727,0.2953,0.4727,0.4727,0.4727,0.048400000000000006,0.2953,0.1836
1934,laya-ml,en,D-lit,A,C,0,C,0,1,0.23220000000000002,0.6890000000000001,0.6890000000000001,0.6890000000000001,0.23220000000000002,0.029400000000000003,0.6890000000000001,0.049300000000000004
1935,laya-ml,en,D-lit,D,A,3,A,0,1,0.0737,0.6827000000000001,0.6827000000000001,0.6827000000000001,0.6827000000000001,0.20070000000000002,0.043000000000000003,0.0737
1936,laya-ml,en,D-lit,B,C,1,B,1,0,0.7425,0.0497,0.7425,0.7425,0.1274,0.7425,0.0497,0.0804
1937,laya-ml,en,D-lit,A,D,0,A,1,0,0.9612,0.009300000000000001,0.9612,0.9612,0.9612,0.0058000000000000005,0.023700000000000002,0.009300000000000001
1941,laya-ml,en,D-lit,A,B,0,D,0,0,0.227,0.16740000000000002,0.4597,0.4597,0.227,0.16740000000000002,0.146,0.4597
1946,laya-ml,en,D-lit,D,C,3,D,1,0,0.5234,0.16740000000000002,0.5234,0.5234,0.1652,0.14400000000000002,0.16740000000000002,0.5234
1949,laya-ml,en,D-lit,C,D,2,C,1,0,0.6900000000000001,0.20570000000000002,0.6900000000000001,0.6900000000000001,0.0309,0.0733,0.6900000000000001,0.20570000000000002
1950,laya-ml,en,D-lit,A,B,0,D,0,0,0.22710000000000002,0.1932,0.3453,0.3453,0.22710000000000002,0.1932,0.23440000000000003,0.3453
1952,laya-ml,en,D-lit,C,D,2,C,1,0,0.36560000000000004,0.201,0.36560000000000004,0.36560000000000004,0.1297,0.3037,0.36560000000000004,0.201
1953,laya-ml,en,D-lit,B,C,1,A,0,0,0.29560000000000003,0.0655,0.39780000000000004,0.39780000000000004,0.39780000000000004,0.29560000000000003,0.0655,0.2411
1967,laya-ml,en,D-lit,D,A,3,B,0,0,0.3175,0.24530000000000002,0.3754,0.3754,0.24530000000000002,0.3754,0.0618,0.3175
1968,laya-ml,en,D-lit,A,B,0,A,1,0,0.4692,0.1203,0.4692,0.4692,0.4692,0.1203,0.0438,0.3667
1971,laya-ml,en,D-lit,C,B,2,C,1,0,0.5828,0.3035,0.5828,0.5828,0.0811,0.3035,0.5828,0.032600000000000004
1973,laya-ml,en,D-lit,A,C,0,C,0,1,0.19840000000000002,0.3771,0.3771,0.3771,0.19840000000000002,0.3085,0.3771,0.116
1975,laya-ml,en,D-lit,B,C,1,B,1,0,0.6592,0.3206,0.6592,0.6592,0.013300000000000001,0.6592,0.3206,0.006900000000000001
1977,laya-ml,en,D-lit,C,A,2,A,0,1,0.22740000000000002,0.6553,0.6553,0.6553,0.6553,0.0244,0.22740000000000002,0.09290000000000001
1980,laya-ml,en,D-lit,C,A,2,C,1,0,0.3956,0.1182,0.3956,0.3956,0.1182,0.3171,0.3956,0.169
1981,laya-ml,en,D-lit,C,B,2,B,0,1,0.050100000000000006,0.5847,0.5847,0.5847,0.27030000000000004,0.5847,0.050100000000000006,0.0949
1982,laya-ml,en,D-lit,B,D,1,C,0,0,0.11030000000000001,0.13670000000000002,0.5821000000000001,0.5821000000000001,0.1709,0.11030000000000001,0.5821000000000001,0.13670000000000002
1983,laya-ml,en,D-lit,D,B,3,A,0,0,0.033600000000000005,0.3457,0.6022000000000001,0.6022000000000001,0.6022000000000001,0.3457,0.018500000000000003,0.033600000000000005
1990,laya-ml,en,D-lit,D,C,3,C,0,1,0.39380000000000004,0.4183,0.4183,0.4183,0.0721,0.11570000000000001,0.4183,0.39380000000000004
1991,laya-ml,en,D-lit,C,A,2,A,0,1,0.0785,0.5653,0.5653,0.5653,0.5653,0.122,0.0785,0.2343
1993,laya-ml,en,D-lit,A,C,0,C,0,1,0.1459,0.5458000000000001,0.5458000000000001,0.5458000000000001,0.1459,0.1268,0.5458000000000001,0.1816
1995,laya-ml,en,D-lit,D,A,3,D,1,0,0.28550000000000003,0.2827,0.28550000000000003,0.28550000000000003,0.2827,0.2756,0.1563,0.28550000000000003
1997,laya-ml,en,D-lit,D,A,3,D,1,0,0.8383,0.0688,0.8383,0.8383,0.0688,0.0427,0.0502,0.8383
2000,laya-ml,en,D-lit,C,D,2,B,0,0,0.3109,0.0947,0.3123,0.3123,0.2821,0.3123,0.3109,0.0947
2001,laya-ml,en,D-lit,A,B,0,A,1,0,0.5061,0.08030000000000001,0.5061,0.5061,0.5061,0.08030000000000001,0.0177,0.39590000000000003
2002,laya-ml,en,D-lit,D,C,3,D,1,0,0.7589,0.1522,0.7589,0.7589,0.0357,0.053200000000000004,0.1522,0.7589
2005,laya-ml,en,D-lit,D,B,3,B,0,1,0.2172,0.3723,0.3723,0.3723,0.1668,0.3723,0.2437,0.2172
2007,laya-ml,en,D-lit,A,B,0,A,1,0,0.7965,0.0317,0.7965,0.7965,0.7965,0.0317,0.0403,0.1315
2008,laya-ml,en,D-lit,B,A,1,D,0,0,0.2649,0.21530000000000002,0.2912,0.2912,0.21530000000000002,0.2649,0.2286,0.2912
2011,laya-ml,en,D-lit,C,A,2,B,0,0,0.1587,0.3568,0.3579,0.3579,0.3568,0.3579,0.1587,0.12660000000000002
2013,laya-ml,en,D-lit,A,B,0,B,0,1,0.1434,0.6435000000000001,0.6435000000000001,0.6435000000000001,0.1434,0.6435000000000001,0.16540000000000002,0.0477
2016,laya-ml,en,D-lit,D,C,3,D,1,0,0.7884,0.188,0.7884,0.7884,0.0179,0.0057,0.188,0.7884
2024,laya-ml,en,D-lit,B,C,1,C,0,1,0.0713,0.6775,0.6775,0.6775,0.1688,0.0713,0.6775,0.0824
2026,laya-ml,en,D-lit,B,C,1,C,0,1,0.1955,0.6789000000000001,0.6789000000000001,0.6789000000000001,0.0239,0.1955,0.6789000000000001,0.1017
2033,laya-ml,en,D-lit,D,C,3,B,0,0,0.18710000000000002,0.23520000000000002,0.3038,0.3038,0.27390000000000003,0.3038,0.23520000000000002,0.18710000000000002
2038,laya-ml,en,D-lit,B,C,1,C,0,1,0.1967,0.7668,0.7668,0.7668,0.0086,0.1967,0.7668,0.028
2040,laya-ml,en,D-lit,C,D,2,B,0,0,0.22110000000000002,0.2525,0.3205,0.3205,0.2059,0.3205,0.22110000000000002,0.2525
2042,laya-ml,en,D-lit,B,D,1,D,0,1,0.2938,0.5101,0.5101,0.5101,0.1318,0.2938,0.0644,0.5101
2048,laya-ml,en,D-lit,D,B,3,D,1,0,0.7513000000000001,0.2253,0.7513000000000001,0.7513000000000001,0.0154,0.2253,0.008,0.7513000000000001
2058,laya-ml,en,D-lit,C,B,2,D,0,0,0.1656,0.2964,0.3346,0.3346,0.2033,0.2964,0.1656,0.3346
2071,laya-ml,en,D-lit,C,D,2,C,1,0,0.6643,0.07980000000000001,0.6643,0.6643,0.0456,0.21030000000000001,0.6643,0.07980000000000001
2073,laya-ml,en,D-lit,C,B,2,C,1,0,0.5845,0.2659,0.5845,0.5845,0.076,0.2659,0.5845,0.07350000000000001
2077,laya-ml,en,D-lit,B,C,1,B,1,0,0.7041000000000001,0.09860000000000001,0.7041000000000001,0.7041000000000001,0.12430000000000001,0.7041000000000001,0.09860000000000001,0.073
2081,laya-ml,en,D-lit,B,C,1,B,1,0,0.614,0.1947,0.614,0.614,0.0476,0.614,0.1947,0.1436
2083,laya-ml,en,D-lit,D,A,3,D,1,0,0.5422,0.2129,0.5422,0.5422,0.2129,0.16060000000000002,0.0843,0.5422
2085,laya-ml,en,D-lit,A,D,0,D,0,1,0.3154,0.5072,0.5072,0.5072,0.3154,0.1105,0.0669,0.5072
2094,laya-ml,en,D-lit,B,D,1,B,1,0,0.5649000000000001,0.1484,0.5649000000000001,0.5649000000000001,0.11330000000000001,0.5649000000000001,0.1734,0.1484
2096,laya-ml,en,D-lit,C,D,2,D,0,1,0.2626,0.4761,0.4761,0.4761,0.1426,0.1187,0.2626,0.4761
2100,laya-ml,en,D-lit,B,C,1,D,0,0,0.0649,0.0592,0.4879,0.4879,0.3881,0.0649,0.0592,0.4879
2101,laya-ml,en,D-lit,B,D,1,D,0,1,0.274,0.4078,0.4078,0.4078,0.1401,0.274,0.1781,0.4078
2102,laya-ml,en,D-lit,C,A,2,C,1,0,0.865,0.08610000000000001,0.865,0.865,0.08610000000000001,0.0196,0.865,0.029300000000000003
2103,laya-ml,en,D-lit,A,D,0,A,1,0,0.7671,0.1675,0.7671,0.7671,0.7671,0.040100000000000004,0.0252,0.1675
2104,laya-ml,en,D-lit,B,C,1,D,0,0,0.2807,0.22030000000000002,0.2862,0.2862,0.2127,0.2807,0.22030000000000002,0.2862
2107,laya-ml,en,D-lit,B,D,1,B,1,0,0.45640000000000003,0.3623,0.45640000000000003,0.45640000000000003,0.0811,0.45640000000000003,0.10020000000000001,0.3623
2112,laya-ml,en,D-lit,A,D,0,A,1,0,0.7218,0.19590000000000002,0.7218,0.7218,0.7218,0.0344,0.047900000000000005,0.19590000000000002
2113,laya-ml,en,D-lit,A,C,0,C,0,1,0.23450000000000001,0.508,0.508,0.508,0.23450000000000001,0.056600000000000004,0.508,0.201
2116,laya-ml,en,D-lit,D,C,3,C,0,1,0.0553,0.7837000000000001,0.7837000000000001,0.7837000000000001,0.11470000000000001,0.0463,0.7837000000000001,0.0553
2119,laya-ml,en,D-lit,C,A,2,C,1,0,0.4692,0.1087,0.4692,0.4692,0.1087,0.2179,0.4692,0.20420000000000002
2122,laya-ml,en,D-lit,D,B,3,B,0,1,0.2705,0.7032,0.7032,0.7032,0.016,0.7032,0.0103,0.2705
2123,laya-ml,en,D-lit,C,D,2,D,0,1,0.11420000000000001,0.7688,0.7688,0.7688,0.013300000000000001,0.10360000000000001,0.11420000000000001,0.7688
2128,laya-ml,en,D-lit,C,B,2,B,0,1,0.034800000000000005,0.9483,0.9483,0.9483,0.0081,0.9483,0.034800000000000005,0.0088
2133,laya-ml,en,D-lit,C,B,2,C,1,0,0.7974,0.1953,0.7974,0.7974,0.003,0.1953,0.7974,0.0043
2141,laya-ml,en,D-lit,B,A,1,A,0,1,0.4214,0.49610000000000004,0.49610000000000004,0.49610000000000004,0.49610000000000004,0.4214,0.0329,0.049600000000000005
2145,laya-ml,en,D-lit,A,C,0,A,1,0,0.5401,0.2705,0.5401,0.5401,0.5401,0.0675,0.2705,0.12190000000000001
2146,laya-ml,en,D-lit,D,B,3,D,1,0,0.41100000000000003,0.358,0.41100000000000003,0.41100000000000003,0.0684,0.358,0.1626,0.41100000000000003
2147,laya-ml,en,D-lit,B,A,1,A,0,1,0.0514,0.9265,0.9265,0.9265,0.9265,0.0514,0.0102,0.0119
2148,laya-ml,en,D-lit,D,C,3,C,0,1,0.1713,0.376,0.376,0.376,0.201,0.25170000000000003,0.376,0.1713
2152,laya-ml,en,D-lit,D,C,3,C,0,1,0.215,0.6019,0.6019,0.6019,0.11180000000000001,0.0712,0.6019,0.215
2153,laya-ml,en,D-lit,B,D,1,B,1,0,0.6994,0.12490000000000001,0.6994,0.6994,0.1046,0.6994,0.0711,0.12490000000000001
2157,laya-ml,en,D-lit,B,C,1,B,1,0,0.6802,0.09,0.6802,0.6802,0.16920000000000002,0.6802,0.09,0.0606
2162,laya-ml,en,D-lit,B,A,1,D,0,0,0.3062,0.1446,0.4984,0.4984,0.1446,0.3062,0.0507,0.4984
2168,laya-ml,en,D-lit,C,A,2,A,0,1,0.042800000000000005,0.8742000000000001,0.8742000000000001,0.8742000000000001,0.8742000000000001,0.0158,0.042800000000000005,0.06720000000000001
2169,laya-ml,en,D-lit,B,D,1,B,1,0,0.7566,0.1834,0.7566,0.7566,0.0529,0.7566,0.007,0.1834
2170,laya-ml,en,D-lit,C,D,2,D,0,1,0.2807,0.3825,0.3825,0.3825,0.0497,0.2871,0.2807,0.3825
2173,laya-ml,en,D-lit,C,A,2,C,1,0,0.3356,0.21860000000000002,0.3356,0.3356,0.21860000000000002,0.2142,0.3356,0.2316
2180,laya-ml,en,D-lit,C,A,2,C,1,0,0.7387,0.1188,0.7387,0.7387,0.1188,0.094,0.7387,0.0485
2181,laya-ml,en,D-lit,D,B,3,B,0,1,0.16390000000000002,0.6334000000000001,0.6334000000000001,0.6334000000000001,0.1714,0.6334000000000001,0.031400000000000004,0.16390000000000002
2182,laya-ml,en,D-lit,A,D,0,B,0,0,0.18280000000000002,0.047400000000000005,0.6556000000000001,0.6556000000000001,0.18280000000000002,0.6556000000000001,0.1143,0.047400000000000005
2183,laya-ml,en,D-lit,D,C,3,D,1,0,0.49810000000000004,0.40230000000000005,0.49810000000000004,0.49810000000000004,0.060500000000000005,0.0391,0.40230000000000005,0.49810000000000004
2190,laya-ml,en,D-lit,D,B,3,B,0,1,0.2131,0.3392,0.3392,0.3392,0.1482,0.3392,0.29960000000000003,0.2131
2197,laya-ml,en,D-lit,B,C,1,B,1,0,0.538,0.22,0.538,0.538,0.07540000000000001,0.538,0.22,0.1666
2200,laya-ml,en,D-lit,A,C,0,C,0,1,0.0014,0.9972000000000001,0.9972000000000001,0.9972000000000001,0.0014,0.0007,0.9972000000000001,0.0008
2201,laya-ml,en,D-lit,D,B,3,D,1,0,0.5515,0.0795,0.5515,0.5515,0.16040000000000001,0.0795,0.2086,0.5515
2203,laya-ml,en,D-lit,B,C,1,B,1,0,0.44120000000000004,0.20350000000000001,0.44120000000000004,0.44120000000000004,0.1966,0.44120000000000004,0.20350000000000001,0.1587
2210,laya-ml,en,D-lit,D,C,3,D,1,0,0.8043,0.11610000000000001,0.8043,0.8043,0.07,0.009600000000000001,0.11610000000000001,0.8043
2212,laya-ml,en,D-lit,A,C,0,A,1,0,0.6981,0.2652,0.6981,0.6981,0.6981,0.0256,0.2652,0.0111
2216,laya-ml,en,D-lit,B,C,1,B,1,0,0.5677,0.24430000000000002,0.5677,0.5677,0.06520000000000001,0.5677,0.24430000000000002,0.1227
2218,laya-ml,en,D-lit,D,A,3,A,0,1,0.3305,0.557,0.557,0.557,0.557,0.0269,0.08560000000000001,0.3305
2230,laya-ml,en,D-lit,C,A,2,C,1,0,0.906,0.0779,0.906,0.906,0.0779,0.0143,0.906,0.0018000000000000002
2231,laya-ml,en,D-lit,A,D,0,D,0,1,0.3166,0.4872,0.4872,0.4872,0.3166,0.0908,0.10540000000000001,0.4872
2232,laya-ml,en,D-lit,A,D,0,A,1,0,0.5074000000000001,0.25930000000000003,0.5074000000000001,0.5074000000000001,0.5074000000000001,0.1839,0.0494,0.25930000000000003
2233,laya-ml,en,D-lit,B,D,1,B,1,0,0.7167,0.0862,0.7167,0.7167,0.10980000000000001,0.7167,0.0873,0.0862
2248,laya-ml,en,D-lit,A,D,0,A,1,0,0.5039,0.28700000000000003,0.5039,0.5039,0.5039,0.18080000000000002,0.028300000000000002,0.28700000000000003
2249,laya-ml,en,D-lit,B,A,1,A,0,1,0.017400000000000002,0.8026000000000001,0.8026000000000001,0.8026000000000001,0.8026000000000001,0.017400000000000002,0.0407,0.1393
2250,laya-ml,en,D-lit,A,B,0,B,0,1,0.028,0.8203,0.8203,0.8203,0.028,0.8203,0.053500000000000006,0.09820000000000001
2255,laya-ml,en,D-lit,C,B,2,B,0,1,0.0436,0.7815000000000001,0.7815000000000001,0.7815000000000001,0.1456,0.7815000000000001,0.0436,0.029300000000000003
2259,laya-ml,en,D-lit,C,A,2,A,0,1,0.3391,0.6125,0.6125,0.6125,0.6125,0.0239,0.3391,0.0244
2262,laya-ml,en,D-lit,D,B,3,A,0,0,0.31980000000000003,0.0284,0.6374000000000001,0.6374000000000001,0.6374000000000001,0.0284,0.0145,0.31980000000000003
2264,laya-ml,en,D-lit,C,D,2,D,0,1,0.12810000000000002,0.554,0.554,0.554,0.1932,0.1246,0.12810000000000002,0.554
2274,laya-ml,en,D-lit,B,D,1,D,0,1,0.10300000000000001,0.6522,0.6522,0.6522,0.0796,0.10300000000000001,0.1652,0.6522
2293,laya-ml,en,D-lit,C,B,2,B,0,1,0.1422,0.418,0.418,0.418,0.26780000000000004,0.418,0.1422,0.17200000000000001
2298,laya-ml,en,D-lit,B,D,1,C,0,0,0.312,0.2132,0.3321,0.3321,0.1427,0.312,0.3321,0.2132
2306,laya-ml,en,D-lit,D,B,3,B,0,1,0.34840000000000004,0.5456,0.5456,0.5456,0.0881,0.5456,0.0179,0.34840000000000004
2315,laya-ml,en,D-lit,D,C,3,D,1,0,0.4007,0.2295,0.4007,0.4007,0.0857,0.2841,0.2295,0.4007
2321,laya-ml,en,D-lit,A,B,0,B,0,1,0.19820000000000002,0.6926,0.6926,0.6926,0.19820000000000002,0.6926,0.0526,0.056600000000000004
2323,laya-ml,en,D-lit,A,B,0,D,0,0,0.2909,0.167,0.3587,0.3587,0.2909,0.167,0.1835,0.3587
2325,laya-ml,en,D-lit,C,B,2,B,0,1,0.0371,0.6495000000000001,0.6495000000000001,0.6495000000000001,0.15080000000000002,0.6495000000000001,0.0371,0.1626
2329,laya-ml,en,D-lit,C,D,2,B,0,0,0.3839,0.082,0.4015,0.4015,0.1326,0.4015,0.3839,0.082
2331,laya-ml,en,D-lit,B,A,1,C,0,0,0.23670000000000002,0.025900000000000003,0.6266,0.6266,0.025900000000000003,0.23670000000000002,0.6266,0.1109
2333,laya-ml,en,D-lit,D,B,3,D,1,0,0.7025,0.0828,0.7025,0.7025,0.0942,0.0828,0.12050000000000001,0.7025
2334,laya-ml,en,D-lit,A,D,0,A,1,0,0.8719,0.0463,0.8719,0.8719,0.8719,0.064,0.0178,0.0463
2335,laya-ml,en,D-lit,A,C,0,C,0,1,0.2068,0.6982,0.6982,0.6982,0.2068,0.0219,0.6982,0.0732
2336,laya-ml,en,D-lit,C,D,2,C,1,0,0.7224,0.18050000000000002,0.7224,0.7224,0.0459,0.0512,0.7224,0.18050000000000002
2338,laya-ml,en,D-lit,A,B,0,A,1,0,0.5497000000000001,0.1307,0.5497000000000001,0.5497000000000001,0.5497000000000001,0.1307,0.19970000000000002,0.1199
2340,laya-ml,en,D-lit,C,B,2,B,0,1,0.0956,0.8306,0.8306,0.8306,0.027200000000000002,0.8306,0.0956,0.0466
2344,laya-ml,en,D-lit,C,A,2,C,1,0,0.6394000000000001,0.2508,0.6394000000000001,0.6394000000000001,0.2508,0.057100000000000005,0.6394000000000001,0.0526
2346,laya-ml,en,D-lit,B,A,1,B,1,0,0.6008,0.176,0.6008,0.6008,0.176,0.6008,0.0983,0.125
2347,laya-ml,en,D-lit,B,D,1,D,0,1,0.24130000000000001,0.30920000000000003,0.30920000000000003,0.30920000000000003,0.28600000000000003,0.24130000000000001,0.1636,0.30920000000000003
2348,laya-ml,en,D-lit,D,C,3,C,0,1,0.2049,0.4318,0.4318,0.4318,0.17450000000000002,0.1889,0.4318,0.2049
2356,laya-ml,en,D-lit,B,D,1,B,1,0,0.6123000000000001,0.2126,0.6123000000000001,0.6123000000000001,0.0888,0.6123000000000001,0.0863,0.2126
2360,laya-ml,en,D-lit,D,C,3,C,0,1,0.0944,0.7166,0.7166,0.7166,0.1406,0.0483,0.7166,0.0944
2368,laya-ml,en,D-lit,D,A,3,D,1,0,0.5196000000000001,0.12350000000000001,0.5196000000000001,0.5196000000000001,0.12350000000000001,0.12480000000000001,0.2321,0.5196000000000001
2370,laya-ml,en,D-lit,A,D,0,D,0,1,0.0044,0.9813000000000001,0.9813000000000001,0.9813000000000001,0.0044,0.007500000000000001,0.0068000000000000005,0.9813000000000001
2373,laya-ml,en,D-lit,A,B,0,A,1,0,0.5065000000000001,0.4052,0.5065000000000001,0.5065000000000001,0.5065000000000001,0.4052,0.0455,0.042800000000000005
2378,laya-ml,en,D-lit,A,C,0,C,0,1,0.19870000000000002,0.4874,0.4874,0.4874,0.19870000000000002,0.16590000000000002,0.4874,0.1481
2384,laya-ml,en,D-lit,A,D,0,C,0,0,0.1213,0.0893,0.7466,0.7466,0.1213,0.042800000000000005,0.7466,0.0893
2387,laya-ml,en,D-lit,C,B,2,B,0,1,0.22360000000000002,0.7127,0.7127,0.7127,0.0381,0.7127,0.22360000000000002,0.0256
2391,laya-ml,en,D-lit,D,B,3,B,0,1,0.16720000000000002,0.419,0.419,0.419,0.1534,0.419,0.2604,0.16720000000000002
2392,laya-ml,en,D-lit,C,A,2,C,1,0,0.8817,0.0451,0.8817,0.8817,0.0451,0.0234,0.8817,0.049800000000000004
2395,laya-ml,en,D-lit,A,C,0,C,0,1,0.0164,0.9337000000000001,0.9337000000000001,0.9337000000000001,0.0164,0.024,0.9337000000000001,0.025900000000000003
2400,laya-ml,en,D-lit,B,A,1,A,0,1,0.0105,0.9802000000000001,0.9802000000000001,0.9802000000000001,0.9802000000000001,0.0105,0.0056,0.0037
2402,laya-ml,en,D-lit,A,C,0,A,1,0,0.4219,0.3579,0.4219,0.4219,0.4219,0.036000000000000004,0.3579,0.1842
2403,laya-ml,en,D-lit,D,A,3,D,1,0,0.8322,0.11180000000000001,0.8322,0.8322,0.11180000000000001,0.0149,0.0412,0.8322
2409,laya-ml,en,D-lit,B,D,1,B,1,0,0.4928,0.393,0.4928,0.4928,0.039900000000000005,0.4928,0.0743,0.393
2410,laya-ml,en,D-lit,D,B,3,D,1,0,0.4263,0.3672,0.4263,0.4263,0.0813,0.3672,0.12510000000000002,0.4263
2412,laya-ml,en,D-lit,A,D,0,A,1,0,0.557,0.2944,0.557,0.557,0.557,0.0257,0.123,0.2944
2414,laya-ml,en,D-lit,D,B,3,B,0,1,0.2713,0.4515,0.4515,0.4515,0.1466,0.4515,0.1305,0.2713
2415,laya-ml,en,D-lit,D,C,3,C,0,1,0.0901,0.6076,0.6076,0.6076,0.187,0.1153,0.6076,0.0901
2417,laya-ml,en,D-lit,B,C,1,B,1,0,0.404,0.2461,0.404,0.404,0.12610000000000002,0.404,0.2461,0.22390000000000002
2418,laya-ml,en,D-lit,C,B,2,C,1,0,0.7846000000000001,0.0639,0.7846000000000001,0.7846000000000001,0.0412,0.0639,0.7846000000000001,0.11030000000000001
2427,laya-ml,en,D-lit,B,A,1,B,1,0,0.6672,0.0239,0.6672,0.6672,0.0239,0.6672,0.1978,0.1111
2432,laya-ml,en,D-lit,C,A,2,D,0,0,0.333,0.024900000000000002,0.4375,0.4375,0.024900000000000002,0.2046,0.333,0.4375
2435,laya-ml,en,D-lit,A,B,0,B,0,1,0.16040000000000001,0.3284,0.3284,0.3284,0.16040000000000001,0.3284,0.2781,0.23320000000000002
2436,laya-ml,en,D-lit,C,B,2,C,1,0,0.5753,0.2884,0.5753,0.5753,0.039,0.2884,0.5753,0.0974
2437,laya-ml,en,D-lit,B,A,1,A,0,1,0.023,0.9505,0.9505,0.9505,0.9505,0.023,0.0112,0.0152
2441,laya-ml,en,D-lit,B,C,1,B,1,0,0.7221000000000001,0.14850000000000002,0.7221000000000001,0.7221000000000001,0.0772,0.7221000000000001,0.14850000000000002,0.0523
2443,laya-ml,en,D-lit,C,B,2,C,1,0,0.714,0.0845,0.714,0.714,0.0723,0.0845,0.714,0.1291
2444,laya-ml,en,D-lit,D,A,3,A,0,1,0.0805,0.9068,0.9068,0.9068,0.9068,0.0011,0.011600000000000001,0.0805
2448,laya-ml,en,D-lit,D,A,3,C,0,0,0.2285,0.2666,0.4501,0.4501,0.2666,0.0548,0.4501,0.2285
2452,laya-ml,en,D-lit,B,C,1,B,1,0,0.6509,0.2479,0.6509,0.6509,0.056,0.6509,0.2479,0.045200000000000004
2453,laya-ml,en,D-lit,D,B,3,C,0,0,0.3039,0.0931,0.43260000000000004,0.43260000000000004,0.1704,0.0931,0.43260000000000004,0.3039
2454,laya-ml,en,D-lit,B,D,1,D,0,1,0.2431,0.5761000000000001,0.5761000000000001,0.5761000000000001,0.1361,0.2431,0.044700000000000004,0.5761000000000001
2456,laya-ml,en,D-lit,B,A,1,B,1,0,0.5274,0.2086,0.5274,0.5274,0.2086,0.5274,0.0352,0.2288
2467,laya-ml,en,D-lit,A,D,0,A,1,0,0.7187,0.1376,0.7187,0.7187,0.7187,0.0889,0.054900000000000004,0.1376
2469,laya-ml,en,D-lit,D,C,3,C,0,1,0.0122,0.9711000000000001,0.9711000000000001,0.9711000000000001,0.0149,0.0017000000000000001,0.9711000000000001,0.0122
2470,laya-ml,en,D-lit,D,C,3,C,0,1,0.3698,0.40850000000000003,0.40850000000000003,0.40850000000000003,0.1749,0.0468,0.40850000000000003,0.3698
2471,laya-ml,en,D-lit,A,D,0,A,1,0,0.5650000000000001,0.275,0.5650000000000001,0.5650000000000001,0.5650000000000001,0.08360000000000001,0.07640000000000001,0.275
2473,laya-ml,en,D-lit,D,C,3,B,0,0,0.289,0.07640000000000001,0.6066,0.6066,0.028,0.6066,0.07640000000000001,0.289
2488,laya-ml,en,D-lit,B,C,1,C,0,1,0.1227,0.8174,0.8174,0.8174,0.0219,0.1227,0.8174,0.038
2492,laya-ml,en,D-lit,C,B,2,B,0,1,0.3481,0.3687,0.3687,0.3687,0.19540000000000002,0.3687,0.3481,0.0879
2495,laya-ml,en,D-lit,B,C,1,B,1,0,0.866,0.030600000000000002,0.866,0.866,0.0833,0.866,0.030600000000000002,0.0201
2496,laya-ml,en,D-lit,A,D,0,A,1,0,0.8173,0.0565,0.8173,0.8173,0.8173,0.0585,0.06770000000000001,0.0565
2505,laya-ml,en,D-lit,B,D,1,B,1,0,0.8705,0.060500000000000005,0.8705,0.8705,0.0201,0.8705,0.0489,0.060500000000000005
2512,laya-ml,en,D-lit,C,B,2,C,1,0,0.5583,0.3816,0.5583,0.5583,0.020200000000000003,0.3816,0.5583,0.0398
2514,laya-ml,en,D-lit,B,A,1,D,0,0,0.1575,0.0727,0.4007,0.4007,0.0727,0.1575,0.36910000000000004,0.4007
2515,laya-ml,en,D-lit,A,B,0,A,1,0,0.5977,0.13390000000000002,0.5977,0.5977,0.5977,0.13390000000000002,0.1743,0.094
2516,laya-ml,en,D-lit,A,C,0,A,1,0,0.6491,0.1877,0.6491,0.6491,0.6491,0.004,0.1877,0.15910000000000002
2518,laya-ml,en,D-lit,C,B,2,B,0,1,0.25020000000000003,0.41140000000000004,0.41140000000000004,0.41140000000000004,0.2536,0.41140000000000004,0.25020000000000003,0.0848
2532,laya-ml,en,D-lit,B,D,1,A,0,0,0.3456,0.09430000000000001,0.49470000000000003,0.49470000000000003,0.49470000000000003,0.3456,0.0653,0.09430000000000001
2548,laya-ml,en,D-lit,D,C,3,C,0,1,0.09290000000000001,0.5267000000000001,0.5267000000000001,0.5267000000000001,0.1292,0.25120000000000003,0.5267000000000001,0.09290000000000001
2552,laya-ml,en,D-lit,C,A,2,C,1,0,0.9642000000000001,0.011600000000000001,0.9642000000000001,0.9642000000000001,0.011600000000000001,0.0098,0.9642000000000001,0.0143
2554,laya-ml,en,D-lit,C,A,2,A,0,1,0.0074,0.9804,0.9804,0.9804,0.9804,0.007,0.0074,0.005200000000000001
2558,laya-ml,en,D-lit,C,D,2,D,0,1,0.3562,0.4847,0.4847,0.4847,0.1154,0.0437,0.3562,0.4847
2560,laya-ml,en,D-lit,D,A,3,D,1,0,0.375,0.34240000000000004,0.375,0.375,0.34240000000000004,0.0857,0.1968,0.375
2564,laya-ml,en,D-lit,C,A,2,C,1,0,0.31320000000000003,0.2346,0.31320000000000003,0.31320000000000003,0.2346,0.1433,0.31320000000000003,0.309
2565,laya-ml,en,D-lit,C,B,2,C,1,0,0.4234,0.2205,0.4234,0.4234,0.1864,0.2205,0.4234,0.1698
2567,laya-ml,en,D-lit,C,B,2,C,1,0,0.5018,0.21710000000000002,0.5018,0.5018,0.062400000000000004,0.21710000000000002,0.5018,0.21860000000000002
2574,laya-ml,en,D-lit,D,B,3,B,0,1,0.16820000000000002,0.4475,0.4475,0.4475,0.06470000000000001,0.4475,0.3196,0.16820000000000002
2575,laya-ml,en,D-lit,D,A,3,B,0,0,0.3593,0.10930000000000001,0.47150000000000003,0.47150000000000003,0.10930000000000001,0.47150000000000003,0.059800000000000006,0.3593
2580,laya-ml,en,D-lit,C,A,2,C,1,0,0.5603,0.3163,0.5603,0.5603,0.3163,0.047400000000000005,0.5603,0.076
2582,laya-ml,en,D-lit,D,A,3,D,1,0,0.7796000000000001,0.18760000000000002,0.7796000000000001,0.7796000000000001,0.18760000000000002,0.0103,0.022500000000000003,0.7796000000000001
2584,laya-ml,en,D-lit,C,B,2,C,1,0,0.6326,0.1446,0.6326,0.6326,0.10830000000000001,0.1446,0.6326,0.1145
2585,laya-ml,en,D-lit,C,D,2,C,1,0,0.6767000000000001,0.2044,0.6767000000000001,0.6767000000000001,0.053200000000000004,0.06570000000000001,0.6767000000000001,0.2044
2587,laya-ml,en,D-lit,B,A,1,A,0,1,0.002,0.9927,0.9927,0.9927,0.9927,0.002,0.0022,0.003
2589,laya-ml,en,D-lit,D,A,3,A,0,1,0.1615,0.5943,0.5943,0.5943,0.5943,0.1346,0.1096,0.1615
2604,laya-ml,en,D-lit,B,A,1,B,1,0,0.46030000000000004,0.0634,0.46030000000000004,0.46030000000000004,0.0634,0.46030000000000004,0.1578,0.3185
2608,laya-ml,en,D-lit,C,A,2,B,0,0,0.027700000000000002,0.0304,0.7559,0.7559,0.0304,0.7559,0.027700000000000002,0.186
2610,laya-ml,en,D-lit,D,A,3,D,1,0,0.7678,0.1058,0.7678,0.7678,0.1058,0.1027,0.023700000000000002,0.7678
2612,laya-ml,en,D-lit,B,D,1,A,0,0,0.3471,0.0182,0.3513,0.3513,0.3513,0.3471,0.28350000000000003,0.0182
2619,laya-ml,en,D-lit,A,B,0,B,0,1,0.1658,0.45120000000000005,0.45120000000000005,0.45120000000000005,0.1658,0.45120000000000005,0.24980000000000002,0.1332
2623,laya-ml,en,D-lit,C,B,2,A,0,0,0.097,0.0126,0.8811,0.8811,0.8811,0.0126,0.097,0.0094
2627,laya-ml,en,D-lit,C,A,2,A,0,1,0.2155,0.3388,0.3388,0.3388,0.3388,0.32370000000000004,0.2155,0.122
2628,laya-ml,en,D-lit,C,B,2,B,0,1,0.332,0.406,0.406,0.406,0.14780000000000001,0.406,0.332,0.11410000000000001
2629,laya-ml,en,D-lit,C,D,2,A,0,0,0.2031,0.1779,0.33,0.33,0.33,0.289,0.2031,0.1779
2638,laya-ml,en,D-lit,D,C,3,D,1,0,0.6961,0.1535,0.6961,0.6961,0.0568,0.0935,0.1535,0.6961
2649,laya-ml,en,D-lit,C,D,2,C,1,0,0.5579000000000001,0.34650000000000003,0.5579000000000001,0.5579000000000001,0.05,0.0456,0.5579000000000001,0.34650000000000003
2655,laya-ml,en,D-lit,C,A,2,A,0,1,0.1491,0.3765,0.3765,0.3765,0.3765,0.3325,0.1491,0.1419
2656,laya-ml,en,D-lit,C,D,2,B,0,0,0.2931,0.1411,0.43660000000000004,0.43660000000000004,0.1292,0.43660000000000004,0.2931,0.1411
2659,laya-ml,en,D-lit,B,A,1,B,1,0,0.6502,0.14070000000000002,0.6502,0.6502,0.14070000000000002,0.6502,0.10260000000000001,0.10650000000000001
2665,laya-ml,en,D-lit,A,D,0,A,1,0,0.4393,0.1091,0.4393,0.4393,0.4393,0.313,0.1385,0.1091
2675,laya-ml,en,D-lit,A,D,0,D,0,1,0.3199,0.4954,0.4954,0.4954,0.3199,0.0489,0.1359,0.4954
2685,laya-ml,en,D-lit,C,A,2,C,1,0,0.4742,0.3027,0.4742,0.4742,0.3027,0.0594,0.4742,0.1636
2697,laya-ml,en,D-lit,C,A,2,A,0,1,0.227,0.6746,0.6746,0.6746,0.6746,0.0354,0.227,0.063
2699,laya-ml,en,D-lit,C,B,2,C,1,0,0.4389,0.2001,0.4389,0.4389,0.0689,0.2001,0.4389,0.2922
2703,laya-ml,en,D-lit,D,C,3,C,0,1,0.052700000000000004,0.8226,0.8226,0.8226,0.026000000000000002,0.09870000000000001,0.8226,0.052700000000000004
2704,laya-ml,en,D-lit,C,B,2,C,1,0,0.7639,0.178,0.7639,0.7639,0.0373,0.178,0.7639,0.020800000000000003
2708,laya-ml,en,D-lit,C,A,2,A,0,1,0.3637,0.4601,0.4601,0.4601,0.4601,0.09290000000000001,0.3637,0.0834
2724,laya-ml,en,D-lit,C,D,2,C,1,0,0.4238,0.4183,0.4238,0.4238,0.0499,0.10790000000000001,0.4238,0.4183
2729,laya-ml,en,D-lit,B,C,1,C,0,1,0.0267,0.8951,0.8951,0.8951,0.034,0.0267,0.8951,0.0442
2730,laya-ml,en,D-lit,A,D,0,D,0,1,0.0908,0.4878,0.4878,0.4878,0.0908,0.1335,0.2878,0.4878
2732,laya-ml,en,D-lit,B,D,1,D,0,1,0.1391,0.7522000000000001,0.7522000000000001,0.7522000000000001,0.0703,0.1391,0.038400000000000004,0.7522000000000001
2735,laya-ml,en,D-lit,D,C,3,C,0,1,0.2452,0.6064,0.6064,0.6064,0.0925,0.055900000000000005,0.6064,0.2452
2737,laya-ml,en,D-lit,D,C,3,C,0,1,0.2539,0.4292,0.4292,0.4292,0.2126,0.1042,0.4292,0.2539
2745,laya-ml,en,D-lit,A,C,0,A,1,0,0.38380000000000003,0.25220000000000004,0.38380000000000003,0.38380000000000003,0.38380000000000003,0.33,0.25220000000000004,0.034
2748,laya-ml,en,D-lit,D,B,3,B,0,1,0.1077,0.4509,0.4509,0.4509,0.1801,0.4509,0.26130000000000003,0.1077
2766,laya-ml,en,D-lit,C,A,2,C,1,0,0.3421,0.2504,0.3421,0.3421,0.2504,0.1857,0.3421,0.22190000000000001
2769,laya-ml,en,D-lit,C,D,2,C,1,0,0.4616,0.2821,0.4616,0.4616,0.0396,0.21660000000000001,0.4616,0.2821
2770,laya-ml,en,D-lit,B,A,1,C,0,0,0.1947,0.1638,0.4862,0.4862,0.1638,0.1947,0.4862,0.1552
2771,laya-ml,en,D-lit,C,B,2,B,0,1,0.3136,0.6646000000000001,0.6646000000000001,0.6646000000000001,0.0039000000000000003,0.6646000000000001,0.3136,0.0178
2774,laya-ml,en,D-lit,C,A,2,D,0,0,0.2967,0.185,0.3911,0.3911,0.185,0.1272,0.2967,0.3911
2777,laya-ml,en,D-lit,B,C,1,C,0,1,0.05,0.8245,0.8245,0.8245,0.0888,0.05,0.8245,0.0367
2779,laya-ml,en,D-lit,A,C,0,C,0,1,0.003,0.9736,0.9736,0.9736,0.003,0.0038,0.9736,0.0196
2780,laya-ml,en,D-lit,B,D,1,C,0,0,0.1839,0.1068,0.6049,0.6049,0.1044,0.1839,0.6049,0.1068
2781,laya-ml,en,D-lit,B,D,1,D,0,1,0.27540000000000003,0.3436,0.3436,0.3436,0.2013,0.27540000000000003,0.1797,0.3436
2784,laya-ml,en,D-lit,A,D,0,D,0,1,0.0221,0.9694,0.9694,0.9694,0.0221,0.005200000000000001,0.0033,0.9694
2785,laya-ml,en,D-lit,B,C,1,C,0,1,0.0199,0.8270000000000001,0.8270000000000001,0.8270000000000001,0.0118,0.0199,0.8270000000000001,0.1413
2793,laya-ml,en,D-lit,C,D,2,C,1,0,0.39030000000000004,0.3643,0.39030000000000004,0.39030000000000004,0.0529,0.1925,0.39030000000000004,0.3643
2795,laya-ml,en,D-lit,C,D,2,D,0,1,0.1365,0.6843,0.6843,0.6843,0.09580000000000001,0.0834,0.1365,0.6843
2797,laya-ml,en,D-lit,A,C,0,A,1,0,0.5156000000000001,0.1825,0.5156000000000001,0.5156000000000001,0.5156000000000001,0.06570000000000001,0.1825,0.23620000000000002
2800,laya-ml,en,D-lit,C,B,2,C,1,0,0.40650000000000003,0.12140000000000001,0.40650000000000003,0.40650000000000003,0.40590000000000004,0.12140000000000001,0.40650000000000003,0.06620000000000001
2803,laya-ml,en,D-lit,A,B,0,B,0,1,0.2393,0.33530000000000004,0.33530000000000004,0.33530000000000004,0.2393,0.33530000000000004,0.1471,0.27840000000000004
2805,laya-ml,en,D-lit,C,D,2,C,1,0,0.3884,0.2632,0.3884,0.3884,0.2878,0.0606,0.3884,0.2632
2806,laya-ml,en,D-lit,D,C,3,C,0,1,0.0587,0.8446,0.8446,0.8446,0.079,0.0177,0.8446,0.0587
2818,laya-ml,en,D-lit,B,C,1,D,0,0,0.15410000000000001,0.2336,0.4605,0.4605,0.1519,0.15410000000000001,0.2336,0.4605
2820,laya-ml,en,D-lit,B,C,1,B,1,0,0.9587,0.0286,0.9587,0.9587,0.0031000000000000003,0.9587,0.0286,0.009600000000000001
2821,laya-ml,en,D-lit,D,B,3,D,1,0,0.6235,0.0988,0.6235,0.6235,0.0477,0.0988,0.22990000000000002,0.6235
2822,laya-ml,en,D-lit,B,C,1,B,1,0,0.43160000000000004,0.1957,0.43160000000000004,0.43160000000000004,0.097,0.43160000000000004,0.1957,0.2757
2823,laya-ml,en,D-lit,C,A,2,C,1,0,0.4081,0.27940000000000004,0.4081,0.4081,0.27940000000000004,0.14980000000000002,0.4081,0.1627
2827,laya-ml,en,D-lit,A,C,0,C,0,1,0.0489,0.886,0.886,0.886,0.0489,0.0111,0.886,0.054
2834,laya-ml,en,D-lit,A,C,0,C,0,1,0.1017,0.7809,0.7809,0.7809,0.1017,0.048600000000000004,0.7809,0.0689
2841,laya-ml,en,D-lit,A,B,0,B,0,1,0.055200000000000006,0.8883000000000001,0.8883000000000001,0.8883000000000001,0.055200000000000006,0.8883000000000001,0.0408,0.015700000000000002
2848,laya-ml,en,D-lit,D,B,3,B,0,1,0.012,0.8886000000000001,0.8886000000000001,0.8886000000000001,0.08420000000000001,0.8886000000000001,0.0152,0.012
2867,laya-ml,en,D-lit,D,C,3,D,1,0,0.37510000000000004,0.35000000000000003,0.37510000000000004,0.37510000000000004,0.0965,0.17850000000000002,0.35000000000000003,0.37510000000000004
2869,laya-ml,en,D-lit,A,C,0,A,1,0,0.438,0.4011,0.438,0.438,0.438,0.051800000000000006,0.4011,0.1091
2882,laya-ml,en,D-lit,C,A,2,C,1,0,0.6977,0.0275,0.6977,0.6977,0.0275,0.25630000000000003,0.6977,0.0184
2883,laya-ml,en,D-lit,D,A,3,A,0,1,0.3642,0.39540000000000003,0.39540000000000003,0.39540000000000003,0.39540000000000003,0.067,0.1734,0.3642
2887,laya-ml,en,D-lit,D,C,3,D,1,0,0.9311,0.0324,0.9311,0.9311,0.020900000000000002,0.015600000000000001,0.0324,0.9311
2889,laya-ml,en,D-lit,C,D,2,D,0,1,0.24760000000000001,0.4083,0.4083,0.4083,0.3231,0.020900000000000002,0.24760000000000001,0.4083
2890,laya-ml,en,D-lit,B,D,1,C,0,0,0.2644,0.184,0.3538,0.3538,0.1978,0.2644,0.3538,0.184
2891,laya-ml,en,D-lit,C,D,2,C,1,0,0.6434000000000001,0.1097,0.6434000000000001,0.6434000000000001,0.0233,0.22360000000000002,0.6434000000000001,0.1097
2901,laya-ml,en,D-lit,D,A,3,A,0,1,0.106,0.7769,0.7769,0.7769,0.7769,0.07640000000000001,0.0407,0.106
2902,laya-ml,en,D-lit,D,B,3,B,0,1,0.2833,0.3042,0.3042,0.3042,0.24230000000000002,0.3042,0.17020000000000002,0.2833
2908,laya-ml,en,D-lit,A,C,0,D,0,0,0.0718,0.2031,0.5658000000000001,0.5658000000000001,0.0718,0.15940000000000001,0.2031,0.5658000000000001
2909,laya-ml,en,D-lit,A,B,0,A,1,0,0.883,0.0333,0.883,0.883,0.883,0.0333,0.040600000000000004,0.043000000000000003
2910,laya-ml,en,D-lit,D,B,3,D,1,0,0.39930000000000004,0.28400000000000003,0.39930000000000004,0.39930000000000004,0.0858,0.28400000000000003,0.23090000000000002,0.39930000000000004
2911,laya-ml,en,D-lit,B,A,1,A,0,1,0.007200000000000001,0.8761,0.8761,0.8761,0.8761,0.007200000000000001,0.012400000000000001,0.1043
2916,laya-ml,en,D-lit,B,A,1,B,1,0,0.3282,0.1515,0.3282,0.3282,0.1515,0.3282,0.22360000000000002,0.2967
2918,laya-ml,en,D-lit,B,A,1,B,1,0,0.7904,0.0275,0.7904,0.7904,0.0275,0.7904,0.1004,0.08170000000000001
2920,laya-ml,en,D-lit,B,A,1,B,1,0,0.6887,0.0844,0.6887,0.6887,0.0844,0.6887,0.09190000000000001,0.135
2922,laya-ml,en,D-lit,A,D,0,A,1,0,0.7347,0.1076,0.7347,0.7347,0.7347,0.0443,0.11330000000000001,0.1076
2930,laya-ml,en,D-lit,C,D,2,A,0,0,0.2997,0.11860000000000001,0.3816,0.3816,0.3816,0.2,0.2997,0.11860000000000001
2932,laya-ml,en,D-lit,C,D,2,C,1,0,0.4565,0.07780000000000001,0.4565,0.4565,0.1477,0.318,0.4565,0.07780000000000001
2935,laya-ml,en,D-lit,A,B,0,D,0,0,0.2717,0.059500000000000004,0.5679000000000001,0.5679000000000001,0.2717,0.059500000000000004,0.1009,0.5679000000000001
2936,laya-ml,en,D-lit,B,C,1,D,0,0,0.3433,0.0877,0.4051,0.4051,0.164,0.3433,0.0877,0.4051
2944,laya-ml,en,D-lit,C,A,2,D,0,0,0.3144,0.11570000000000001,0.3794,0.3794,0.11570000000000001,0.1905,0.3144,0.3794
2948,laya-ml,en,D-lit,A,B,0,C,0,0,0.1726,0.2492,0.432,0.432,0.1726,0.2492,0.432,0.1462
2949,laya-ml,en,D-lit,A,D,0,A,1,0,0.367,0.1756,0.367,0.367,0.367,0.23650000000000002,0.221,0.1756
2950,laya-ml,en,D-lit,B,A,1,D,0,0,0.20520000000000002,0.2831,0.3054,0.3054,0.2831,0.20520000000000002,0.20620000000000002,0.3054
2956,laya-ml,en,D-lit,D,A,3,A,0,1,0.08560000000000001,0.9044000000000001,0.9044000000000001,0.9044000000000001,0.9044000000000001,0.0055000000000000005,0.0046,0.08560000000000001
2957,laya-ml,en,D-lit,B,A,1,B,1,0,0.5144000000000001,0.3235,0.5144000000000001,0.5144000000000001,0.3235,0.5144000000000001,0.06,0.10210000000000001
2960,laya-ml,en,D-lit,D,A,3,A,0,1,0.1545,0.7508,0.7508,0.7508,0.7508,0.0367,0.058100000000000006,0.1545
2961,laya-ml,en,D-lit,D,C,3,C,0,1,0.20720000000000002,0.5348,0.5348,0.5348,0.1023,0.1557,0.5348,0.20720000000000002
2962,laya-ml,en,D-lit,D,B,3,B,0,1,0.2058,0.7357,0.7357,0.7357,0.0352,0.7357,0.0233,0.2058
2964,laya-ml,en,D-lit,D,A,3,A,0,1,0.2011,0.7787000000000001,0.7787000000000001,0.7787000000000001,0.7787000000000001,0.013300000000000001,0.007,0.2011
2967,laya-ml,en,D-lit,A,C,0,A,1,0,0.9623,0.0256,0.9623,0.9623,0.9623,0.0035,0.0256,0.0086
2968,laya-ml,en,D-lit,C,D,2,B,0,0,0.1253,0.18150000000000002,0.36360000000000003,0.36360000000000003,0.3296,0.36360000000000003,0.1253,0.18150000000000002
2969,laya-ml,en,D-lit,C,B,2,C,1,0,0.921,0.0466,0.921,0.921,0.0183,0.0466,0.921,0.014100000000000001
2970,laya-ml,en,D-lit,D,A,3,A,0,1,0.076,0.8963000000000001,0.8963000000000001,0.8963000000000001,0.8963000000000001,0.0177,0.010100000000000001,0.076
2972,laya-ml,en,D-lit,A,B,0,C,0,0,0.34590000000000004,0.1143,0.5031,0.5031,0.34590000000000004,0.1143,0.5031,0.0367
2976,laya-ml,en,D-lit,A,C,0,C,0,1,0.39130000000000004,0.4965,0.4965,0.4965,0.39130000000000004,0.060200000000000004,0.4965,0.052000000000000005
2977,laya-ml,en,D-lit,C,B,2,C,1,0,0.854,0.0285,0.854,0.854,0.031400000000000004,0.0285,0.854,0.08610000000000001
2981,laya-ml,en,D-lit,B,C,1,B,1,0,0.7686000000000001,0.13,0.7686000000000001,0.7686000000000001,0.08460000000000001,0.7686000000000001,0.13,0.016800000000000002
2985,laya-ml,en,D-lit,C,B,2,A,0,0,0.2651,0.1331,0.43110000000000004,0.43110000000000004,0.43110000000000004,0.1331,0.2651,0.1708
2986,laya-ml,en,D-lit,B,D,1,B,1,0,0.8394,0.04,0.8394,0.8394,0.10930000000000001,0.8394,0.011300000000000001,0.04
2988,laya-ml,en,D-lit,D,B,3,B,0,1,0.059800000000000006,0.8554,0.8554,0.8554,0.0097,0.8554,0.075,0.059800000000000006
2989,laya-ml,en,D-lit,B,C,1,C,0,1,0.0188,0.9461,0.9461,0.9461,0.0149,0.0188,0.9461,0.020200000000000003
2990,laya-ml,en,D-lit,B,C,1,C,0,1,0.0424,0.9104000000000001,0.9104000000000001,0.9104000000000001,0.016,0.0424,0.9104000000000001,0.031200000000000002
2993,laya-ml,en,D-lit,A,D,0,D,0,1,0.38130000000000003,0.5607,0.5607,0.5607,0.38130000000000003,0.026500000000000003,0.0315,0.5607
2994,laya-ml,en,D-lit,A,C,0,C,0,1,0.1512,0.6865,0.6865,0.6865,0.1512,0.1124,0.6865,0.0499
2997,laya-ml,en,D-lit,A,B,0,B,0,1,0.1287,0.45470000000000005,0.45470000000000005,0.45470000000000005,0.1287,0.45470000000000005,0.24430000000000002,0.1724
2999,laya-ml,en,D-lit,C,D,2,D,0,1,0.2028,0.5264,0.5264,0.5264,0.12890000000000001,0.14200000000000002,0.2028,0.5264
3000,laya-ml,en,D-lit,D,C,3,D,1,0,0.46240000000000003,0.42560000000000003,0.46240000000000003,0.46240000000000003,0.0926,0.0194,0.42560000000000003,0.46240000000000003
3002,laya-ml,en,D-lit,C,B,2,B,0,1,0.2519,0.294,0.294,0.294,0.18,0.294,0.2519,0.2741
3005,laya-ml,en,D-lit,D,A,3,A,0,1,0.0425,0.9365,0.9365,0.9365,0.9365,0.0115,0.0095,0.0425
3006,laya-ml,en,D-lit,A,D,0,A,1,0,0.5708,0.3043,0.5708,0.5708,0.5708,0.0823,0.0426,0.3043
3007,laya-ml,en,D-lit,C,D,2,C,1,0,0.8288000000000001,0.0838,0.8288000000000001,0.8288000000000001,0.0258,0.0616,0.8288000000000001,0.0838
3009,laya-ml,en,D-lit,A,D,0,D,0,1,0.2296,0.5734,0.5734,0.5734,0.2296,0.1384,0.058600000000000006,0.5734
3010,laya-ml,en,D-lit,C,D,2,C,1,0,0.8818,0.055900000000000005,0.8818,0.8818,0.020200000000000003,0.042100000000000005,0.8818,0.055900000000000005
3011,laya-ml,en,D-lit,C,B,2,B,0,1,0.15960000000000002,0.7739,0.7739,0.7739,0.034800000000000005,0.7739,0.15960000000000002,0.0317
3012,laya-ml,en,D-lit,A,D,0,C,0,0,0.1769,0.2831,0.4173,0.4173,0.1769,0.1228,0.4173,0.2831
3016,laya-ml,en,D-lit,B,D,1,B,1,0,0.4274,0.1437,0.4274,0.4274,0.1593,0.4274,0.2696,0.1437
3017,laya-ml,en,D-lit,A,D,0,D,0,1,0.2544,0.6743,0.6743,0.6743,0.2544,0.031400000000000004,0.039900000000000005,0.6743
3021,laya-ml,en,D-lit,C,D,2,C,1,0,0.6441,0.22510000000000002,0.6441,0.6441,0.0458,0.0849,0.6441,0.22510000000000002
3023,laya-ml,en,D-lit,A,B,0,B,0,1,0.0711,0.8542000000000001,0.8542000000000001,0.8542000000000001,0.0711,0.8542000000000001,0.0056,0.069
3028,laya-ml,en,D-lit,A,B,0,B,0,1,0.1728,0.7985,0.7985,0.7985,0.1728,0.7985,0.0058000000000000005,0.0229
3030,laya-ml,en,D-lit,B,A,1,A,0,1,0.46080000000000004,0.5105000000000001,0.5105000000000001,0.5105000000000001,0.5105000000000001,0.46080000000000004,0.0078000000000000005,0.020900000000000002
3031,laya-ml,en,D-lit,B,A,1,B,1,0,0.38770000000000004,0.2841,0.38770000000000004,0.38770000000000004,0.2841,0.38770000000000004,0.0737,0.2544
3032,laya-ml,en,D-lit,B,A,1,B,1,0,0.4042,0.1626,0.4042,0.4042,0.1626,0.4042,0.07830000000000001,0.3548
3034,laya-ml,en,D-lit,D,C,3,C,0,1,0.12760000000000002,0.5341,0.5341,0.5341,0.1075,0.2308,0.5341,0.12760000000000002
3035,laya-ml,en,D-lit,C,D,2,B,0,0,0.29460000000000003,0.1012,0.44970000000000004,0.44970000000000004,0.1545,0.44970000000000004,0.29460000000000003,0.1012
3036,laya-ml,en,D-lit,B,C,1,C,0,1,0.0442,0.8578,0.8578,0.8578,0.0782,0.0442,0.8578,0.0198
3037,laya-ml,en,D-lit,D,C,3,A,0,0,0.2964,0.0863,0.3498,0.3498,0.3498,0.2675,0.0863,0.2964
3042,laya-ml,en,D-lit,D,C,3,B,0,0,0.3174,0.2359,0.3665,0.3665,0.0801,0.3665,0.2359,0.3174
3043,laya-ml,en,D-lit,C,A,2,D,0,0,0.1245,0.29960000000000003,0.3743,0.3743,0.29960000000000003,0.2016,0.1245,0.3743
3049,laya-ml,en,D-lit,C,A,2,A,0,1,0.08710000000000001,0.7828,0.7828,0.7828,0.7828,0.0675,0.08710000000000001,0.0626
3058,laya-ml,en,D-lit,B,C,1,B,1,0,0.5688,0.2726,0.5688,0.5688,0.0151,0.5688,0.2726,0.14350000000000002
3059,laya-ml,en,D-lit,C,B,2,C,1,0,0.3418,0.2646,0.3418,0.3418,0.3093,0.2646,0.3418,0.0843
3061,laya-ml,en,D-lit,B,A,1,A,0,1,0.2516,0.28240000000000004,0.28240000000000004,0.28240000000000004,0.28240000000000004,0.2516,0.2802,0.18580000000000002
3065,laya-ml,en,D-lit,B,D,1,C,0,0,0.33440000000000003,0.14830000000000002,0.3504,0.3504,0.16690000000000002,0.33440000000000003,0.3504,0.14830000000000002
3071,laya-ml,en,D-lit,D,A,3,A,0,1,0.18960000000000002,0.7252000000000001,0.7252000000000001,0.7252000000000001,0.7252000000000001,0.0216,0.0636,0.18960000000000002
3075,laya-ml,en,D-lit,A,C,0,C,0,1,0.2581,0.46280000000000004,0.46280000000000004,0.46280000000000004,0.2581,0.0655,0.46280000000000004,0.21350000000000002
3077,laya-ml,en,D-lit,C,B,2,C,1,0,0.5142,0.44470000000000004,0.5142,0.5142,0.015600000000000001,0.44470000000000004,0.5142,0.025500000000000002
3081,laya-ml,en,D-lit,C,D,2,B,0,0,0.2262,0.212,0.35150000000000003,0.35150000000000003,0.2104,0.35150000000000003,0.2262,0.212
3082,laya-ml,en,D-lit,D,A,3,D,1,0,0.7483000000000001,0.054,0.7483000000000001,0.7483000000000001,0.054,0.1482,0.0495,0.7483000000000001
3086,laya-ml,en,D-lit,B,D,1,B,1,0,0.7228,0.2019,0.7228,0.7228,0.029400000000000003,0.7228,0.0459,0.2019
3090,laya-ml,en,D-lit,A,C,0,D,0,0,0.2267,0.26780000000000004,0.46630000000000005,0.46630000000000005,0.2267,0.0393,0.26780000000000004,0.46630000000000005
3092,laya-ml,en,D-lit,A,D,0,D,0,1,0.2398,0.36210000000000003,0.36210000000000003,0.36210000000000003,0.2398,0.0849,0.31320000000000003,0.36210000000000003
3093,laya-ml,en,D-lit,A,B,0,B,0,1,0.1526,0.6892,0.6892,0.6892,0.1526,0.6892,0.054200000000000005,0.10400000000000001
3096,laya-ml,en,D-lit,C,B,2,D,0,0,0.3241,0.11370000000000001,0.3995,0.3995,0.1627,0.11370000000000001,0.3241,0.3995
3098,laya-ml,en,D-lit,D,B,3,B,0,1,0.3373,0.491,0.491,0.491,0.09680000000000001,0.491,0.075,0.3373
3099,laya-ml,en,D-lit,C,D,2,C,1,0,0.6318,0.1462,0.6318,0.6318,0.12860000000000002,0.09340000000000001,0.6318,0.1462
3101,laya-ml,en,D-lit,D,B,3,B,0,1,0.23720000000000002,0.354,0.354,0.354,0.1845,0.354,0.2243,0.23720000000000002
3115,laya-ml,en,D-lit,B,C,1,B,1,0,0.4163,0.2859,0.4163,0.4163,0.11170000000000001,0.4163,0.2859,0.18610000000000002
3116,laya-ml,en,D-lit,C,A,2,C,1,0,0.6014,0.061500000000000006,0.6014,0.6014,0.061500000000000006,0.18810000000000002,0.6014,0.149
3118,laya-ml,en,D-lit,C,D,2,B,0,0,0.0828,0.058100000000000006,0.7971,0.7971,0.061900000000000004,0.7971,0.0828,0.058100000000000006
3120,laya-ml,en,D-lit,A,C,0,C,0,1,0.0787,0.7836000000000001,0.7836000000000001,0.7836000000000001,0.0787,0.0886,0.7836000000000001,0.049
3122,laya-ml,en,D-lit,A,C,0,C,0,1,0.0082,0.9888,0.9888,0.9888,0.0082,0.0008,0.9888,0.0022
3126,laya-ml,en,D-lit,D,C,3,C,0,1,0.0495,0.875,0.875,0.875,0.0373,0.038200000000000005,0.875,0.0495
3132,laya-ml,en,D-lit,A,C,0,C,0,1,0.16770000000000002,0.4706,0.4706,0.4706,0.16770000000000002,0.0674,0.4706,0.2943
3133,laya-ml,en,D-lit,B,D,1,C,0,0,0.32030000000000003,0.1671,0.4242,0.4242,0.0884,0.32030000000000003,0.4242,0.1671
3141,laya-ml,en,D-lit,A,D,0,A,1,0,0.6886,0.27790000000000004,0.6886,0.6886,0.6886,0.0217,0.0118,0.27790000000000004
3145,laya-ml,en,D-lit,A,B,0,B,0,1,0.013000000000000001,0.9571000000000001,0.9571000000000001,0.9571000000000001,0.013000000000000001,0.9571000000000001,0.0181,0.0118
3147,laya-ml,en,D-lit,B,A,1,A,0,1,0.2812,0.5829,0.5829,0.5829,0.5829,0.2812,0.0478,0.0882
3149,laya-ml,en,D-lit,B,A,1,B,1,0,0.3618,0.3502,0.3618,0.3618,0.3502,0.3618,0.1839,0.1042
3150,laya-ml,en,D-lit,C,D,2,C,1,0,0.4431,0.1187,0.4431,0.4431,0.1454,0.2928,0.4431,0.1187
3154,laya-ml,en,D-lit,A,B,0,B,0,1,0.1693,0.3771,0.3771,0.3771,0.1693,0.3771,0.2301,0.22340000000000002
3159,laya-ml,en,D-lit,B,A,1,A,0,1,0.211,0.5213,0.5213,0.5213,0.5213,0.211,0.0969,0.1708
3163,laya-ml,en,D-lit,C,D,2,D,0,1,0.2187,0.7053,0.7053,0.7053,0.028200000000000003,0.047900000000000005,0.2187,0.7053
3165,laya-ml,en,D-lit,D,B,3,B,0,1,0.33440000000000003,0.4314,0.4314,0.4314,0.16640000000000002,0.4314,0.0678,0.33440000000000003
3167,laya-ml,en,D-lit,A,B,0,A,1,0,0.3644,0.2881,0.3644,0.3644,0.3644,0.2881,0.1908,0.1567
3181,laya-ml,en,D-lit,D,B,3,B,0,1,0.2388,0.2705,0.2705,0.2705,0.26530000000000004,0.2705,0.22540000000000002,0.2388
3184,laya-ml,en,D-lit,D,B,3,C,0,0,0.0912,0.11510000000000001,0.6184000000000001,0.6184000000000001,0.1752,0.11510000000000001,0.6184000000000001,0.0912
3187,laya-ml,en,D-lit,D,C,3,D,1,0,0.5549000000000001,0.3047,0.5549000000000001,0.5549000000000001,0.0558,0.0847,0.3047,0.5549000000000001
3191,laya-ml,en,D-lit,D,A,3,D,1,0,0.3755,0.308,0.3755,0.3755,0.308,0.027800000000000002,0.2888,0.3755
3196,laya-ml,en,D-lit,B,A,1,A,0,1,0.1888,0.6189,0.6189,0.6189,0.6189,0.1888,0.1535,0.0388
3203,laya-ml,en,D-lit,C,B,2,D,0,0,0.1187,0.1467,0.594,0.594,0.14070000000000002,0.1467,0.1187,0.594
3207,laya-ml,en,D-lit,B,C,1,B,1,0,0.30510000000000004,0.29150000000000004,0.30510000000000004,0.30510000000000004,0.20600000000000002,0.30510000000000004,0.29150000000000004,0.19740000000000002
3209,laya-ml,en,D-lit,D,A,3,D,1,0,0.5031,0.12840000000000001,0.5031,0.5031,0.12840000000000001,0.168,0.2005,0.5031
3219,laya-ml,en,D-lit,C,D,2,A,0,0,0.1469,0.0811,0.6614,0.6614,0.6614,0.1106,0.1469,0.0811
3222,laya-ml,en,D-lit,B,C,1,B,1,0,0.48040000000000005,0.213,0.48040000000000005,0.48040000000000005,0.024200000000000003,0.48040000000000005,0.213,0.28240000000000004
3223,laya-ml,en,D-lit,A,B,0,A,1,0,0.8177000000000001,0.06860000000000001,0.8177000000000001,0.8177000000000001,0.8177000000000001,0.06860000000000001,0.0362,0.0775
3225,laya-ml,en,D-lit,C,D,2,C,1,0,0.5984,0.2081,0.5984,0.5984,0.08030000000000001,0.11330000000000001,0.5984,0.2081
3230,laya-ml,en,D-lit,A,D,0,A,1,0,0.8354,0.0707,0.8354,0.8354,0.8354,0.06330000000000001,0.0307,0.0707
3231,laya-ml,en,D-lit,A,B,0,A,1,0,0.664,0.15360000000000001,0.664,0.664,0.664,0.15360000000000001,0.08170000000000001,0.10060000000000001
3233,laya-ml,en,D-lit,B,A,1,B,1,0,0.8808,0.0373,0.8808,0.8808,0.0373,0.8808,0.0055000000000000005,0.0763
3238,laya-ml,en,D-lit,B,C,1,B,1,0,0.7916000000000001,0.0429,0.7916000000000001,0.7916000000000001,0.0572,0.7916000000000001,0.0429,0.1082
3240,laya-ml,en,D-lit,B,C,1,B,1,0,0.7577,0.0853,0.7577,0.7577,0.1236,0.7577,0.0853,0.0333
3245,laya-ml,en,D-lit,C,D,2,D,0,1,0.179,0.6153000000000001,0.6153000000000001,0.6153000000000001,0.0821,0.1236,0.179,0.6153000000000001
3253,laya-ml,en,D-lit,C,B,2,B,0,1,0.11660000000000001,0.8406,0.8406,0.8406,0.021,0.8406,0.11660000000000001,0.0218
3263,laya-ml,en,D-lit,B,C,1,C,0,1,0.3239,0.39490000000000003,0.39490000000000003,0.39490000000000003,0.12140000000000001,0.3239,0.39490000000000003,0.15990000000000001
3267,laya-ml,en,D-lit,C,B,2,C,1,0,0.6299,0.12,0.6299,0.6299,0.117,0.12,0.6299,0.1331
3272,laya-ml,en,D-lit,C,A,2,D,0,0,0.2889,0.1709,0.4469,0.4469,0.1709,0.09330000000000001,0.2889,0.4469
3275,laya-ml,en,D-lit,B,D,1,B,1,0,0.5331,0.41500000000000004,0.5331,0.5331,0.0066,0.5331,0.0453,0.41500000000000004
3276,laya-ml,en,D-lit,B,A,1,B,1,0,0.6635,0.2723,0.6635,0.6635,0.2723,0.6635,0.0364,0.027800000000000002
3277,laya-ml,en,D-lit,D,B,3,B,0,1,0.2283,0.7471,0.7471,0.7471,0.009300000000000001,0.7471,0.015300000000000001,0.2283
3280,laya-ml,en,D-lit,C,B,2,C,1,0,0.5885,0.0882,0.5885,0.5885,0.16840000000000002,0.0882,0.5885,0.1549
3282,laya-ml,en,D-lit,C,A,2,A,0,1,0.3519,0.4893,0.4893,0.4893,0.4893,0.1071,0.3519,0.0517
3284,laya-ml,en,D-lit,A,D,0,A,1,0,0.8706,0.09620000000000001,0.8706,0.8706,0.8706,0.0112,0.022,0.09620000000000001
3285,laya-ml,en,D-lit,D,B,3,D,1,0,0.5208,0.4318,0.5208,0.5208,0.031100000000000003,0.4318,0.0164,0.5208
3286,laya-ml,en,D-lit,A,C,0,C,0,1,0.0407,0.8768,0.8768,0.8768,0.0407,0.017,0.8768,0.0655
3287,laya-ml,en,D-lit,C,A,2,C,1,0,0.561,0.1216,0.561,0.561,0.1216,0.068,0.561,0.2495
3288,laya-ml,en,D-lit,D,C,3,B,0,0,0.1198,0.0711,0.7572,0.7572,0.0519,0.7572,0.0711,0.1198
3291,laya-ml,en,D-lit,D,B,3,C,0,0,0.1034,0.31970000000000004,0.3398,0.3398,0.2371,0.31970000000000004,0.3398,0.1034
3292,laya-ml,en,D-lit,C,D,2,B,0,0,0.2252,0.244,0.48960000000000004,0.48960000000000004,0.0412,0.48960000000000004,0.2252,0.244
3300,laya-ml,en,D-lit,A,B,0,A,1,0,0.6959000000000001,0.2544,0.6959000000000001,0.6959000000000001,0.6959000000000001,0.2544,0.0247,0.025
3301,laya-ml,en,D-lit,C,B,2,C,1,0,0.8983000000000001,0.0413,0.8983000000000001,0.8983000000000001,0.016800000000000002,0.0413,0.8983000000000001,0.043500000000000004
3303,laya-ml,en,D-lit,C,B,2,B,0,1,0.1454,0.49560000000000004,0.49560000000000004,0.49560000000000004,0.09090000000000001,0.49560000000000004,0.1454,0.2681
3304,laya-ml,en,D-lit,B,D,1,B,1,0,0.5654,0.134,0.5654,0.5654,0.1913,0.5654,0.1092,0.134
3306,laya-ml,en,D-lit,A,C,0,D,0,0,0.3111,0.1782,0.3262,0.3262,0.3111,0.1844,0.1782,0.3262
3307,laya-ml,en,D-lit,A,D,0,D,0,1,0.4278,0.45470000000000005,0.45470000000000005,0.45470000000000005,0.4278,0.08020000000000001,0.0373,0.45470000000000005
3308,laya-ml,en,D-lit,D,B,3,D,1,0,0.9129,0.0251,0.9129,0.9129,0.0325,0.0251,0.029500000000000002,0.9129
3309,laya-ml,en,D-lit,B,A,1,A,0,1,0.2962,0.4193,0.4193,0.4193,0.4193,0.2962,0.08750000000000001,0.1971
3311,laya-ml,en,D-lit,D,A,3,D,1,0,0.3885,0.2687,0.3885,0.3885,0.2687,0.14550000000000002,0.1973,0.3885
3314,laya-ml,en,D-lit,A,C,0,A,1,0,0.5819,0.0734,0.5819,0.5819,0.5819,0.1434,0.0734,0.2013
3320,laya-ml,en,D-lit,C,D,2,C,1,0,0.5632,0.035300000000000005,0.5632,0.5632,0.391,0.0105,0.5632,0.035300000000000005
3321,laya-ml,en,D-lit,A,C,0,D,0,0,0.352,0.13440000000000002,0.35960000000000003,0.35960000000000003,0.352,0.154,0.13440000000000002,0.35960000000000003
3323,laya-ml,en,D-lit,A,B,0,B,0,1,0.13720000000000002,0.753,0.753,0.753,0.13720000000000002,0.753,0.0403,0.0695
3329,laya-ml,en,D-lit,C,B,2,B,0,1,0.1487,0.3569,0.3569,0.3569,0.3119,0.3569,0.1487,0.1824
3332,laya-ml,en,D-lit,C,B,2,C,1,0,0.5613,0.12560000000000002,0.5613,0.5613,0.044500000000000005,0.12560000000000002,0.5613,0.2685
3333,laya-ml,en,D-lit,B,A,1,B,1,0,0.9956,0.00030000000000000003,0.9956,0.9956,0.00030000000000000003,0.9956,0.0008,0.0033
3336,laya-ml,en,D-lit,C,A,2,C,1,0,0.7069000000000001,0.0765,0.7069000000000001,0.7069000000000001,0.0765,0.1062,0.7069000000000001,0.11040000000000001
3340,laya-ml,en,D-lit,C,B,2,B,0,1,0.2033,0.5123,0.5123,0.5123,0.11910000000000001,0.5123,0.2033,0.1653
3344,laya-ml,en,D-lit,B,D,1,D,0,1,0.33230000000000004,0.3385,0.3385,0.3385,0.2837,0.33230000000000004,0.0455,0.3385
3346,laya-ml,en,D-lit,A,D,0,A,1,0,0.6811,0.3009,0.6811,0.6811,0.6811,0.010400000000000001,0.0077,0.3009
3354,laya-ml,en,D-lit,C,B,2,D,0,0,0.2621,0.1978,0.3169,0.3169,0.2232,0.1978,0.2621,0.3169
3358,laya-ml,en,D-lit,D,B,3,B,0,1,0.06770000000000001,0.7652,0.7652,0.7652,0.1385,0.7652,0.0286,0.06770000000000001
3359,laya-ml,en,D-lit,B,A,1,A,0,1,0.028200000000000003,0.7666000000000001,0.7666000000000001,0.7666000000000001,0.7666000000000001,0.028200000000000003,0.0654,0.1398
3371,laya-ml,en,D-lit,B,D,1,C,0,0,0.0159,0.3493,0.6113000000000001,0.6113000000000001,0.0235,0.0159,0.6113000000000001,0.3493
3379,laya-ml,en,D-lit,A,D,0,D,0,1,0.21880000000000002,0.4717,0.4717,0.4717,0.21880000000000002,0.0425,0.2671,0.4717
3380,laya-ml,en,D-lit,C,A,2,A,0,1,0.19870000000000002,0.42350000000000004,0.42350000000000004,0.42350000000000004,0.42350000000000004,0.233,0.19870000000000002,0.1448
3387,laya-ml,en,D-lit,D,C,3,B,0,0,0.30670000000000003,0.17930000000000001,0.37920000000000004,0.37920000000000004,0.1348,0.37920000000000004,0.17930000000000001,0.30670000000000003
3388,laya-ml,en,D-lit,B,D,1,A,0,0,0.1423,0.22390000000000002,0.339,0.339,0.339,0.1423,0.2948,0.22390000000000002
3392,laya-ml,en,D-lit,D,C,3,C,0,1,0.23820000000000002,0.6916,0.6916,0.6916,0.0545,0.015700000000000002,0.6916,0.23820000000000002
3394,laya-ml,en,D-lit,A,D,0,D,0,1,0.3401,0.4656,0.4656,0.4656,0.3401,0.028900000000000002,0.16540000000000002,0.4656
3396,laya-ml,en,D-lit,B,A,1,A,0,1,0.1068,0.4914,0.4914,0.4914,0.4914,0.1068,0.2624,0.1394
3398,laya-ml,en,D-lit,D,C,3,B,0,0,0.1991,0.16740000000000002,0.4408,0.4408,0.19260000000000002,0.4408,0.16740000000000002,0.1991
3400,laya-ml,en,D-lit,A,C,0,D,0,0,0.1635,0.0655,0.586,0.586,0.1635,0.185,0.0655,0.586
3402,laya-ml,en,D-lit,D,A,3,D,1,0,0.8088000000000001,0.094,0.8088000000000001,0.8088000000000001,0.094,0.0509,0.0463,0.8088000000000001
3403,laya-ml,en,D-lit,B,D,1,A,0,0,0.2615,0.2005,0.4076,0.4076,0.4076,0.2615,0.13040000000000002,0.2005
3405,laya-ml,en,D-lit,B,D,1,B,1,0,0.8234,0.0975,0.8234,0.8234,0.036000000000000004,0.8234,0.0431,0.0975
3408,laya-ml,en,D-lit,C,B,2,B,0,1,0.31930000000000003,0.39580000000000004,0.39580000000000004,0.39580000000000004,0.13920000000000002,0.39580000000000004,0.31930000000000003,0.1456
3409,laya-ml,en,D-lit,A,B,0,A,1,0,0.3649,0.1297,0.3649,0.3649,0.3649,0.1297,0.1568,0.34850000000000003
3410,laya-ml,en,D-lit,C,B,2,D,0,0,0.0091,0.0143,0.9465,0.9465,0.03,0.0143,0.0091,0.9465
3411,laya-ml,en,D-lit,D,A,3,D,1,0,0.546,0.0613,0.546,0.546,0.0613,0.0655,0.3272,0.546
3412,laya-ml,en,D-lit,C,B,2,B,0,1,0.1771,0.4169,0.4169,0.4169,0.18510000000000001,0.4169,0.1771,0.2209
3413,laya-ml,en,D-lit,C,A,2,D,0,0,0.18530000000000002,0.0347,0.6756,0.6756,0.0347,0.1044,0.18530000000000002,0.6756
3414,laya-ml,en,D-lit,D,B,3,D,1,0,0.3498,0.2106,0.3498,0.3498,0.1645,0.2106,0.2751,0.3498
3416,laya-ml,en,D-lit,D,A,3,D,1,0,0.5328,0.3714,0.5328,0.5328,0.3714,0.0528,0.0431,0.5328
3417,laya-ml,en,D-lit,B,D,1,B,1,0,0.4047,0.2212,0.4047,0.4047,0.112,0.4047,0.262,0.2212
3420,laya-ml,en,D-lit,D,B,3,B,0,1,0.0216,0.9745,0.9745,0.9745,0.0016,0.9745,0.0023,0.0216
3422,laya-ml,en,D-lit,D,C,3,C,0,1,0.33590000000000003,0.3452,0.3452,0.3452,0.2916,0.0273,0.3452,0.33590000000000003
3423,laya-ml,en,D-lit,D,B,3,B,0,1,0.11460000000000001,0.6264000000000001,0.6264000000000001,0.6264000000000001,0.09910000000000001,0.6264000000000001,0.15990000000000001,0.11460000000000001
3425,laya-ml,en,D-lit,A,C,0,C,0,1,0.19990000000000002,0.5497000000000001,0.5497000000000001,0.5497000000000001,0.19990000000000002,0.0291,0.5497000000000001,0.2212
3426,laya-ml,en,D-lit,A,D,0,A,1,0,0.9604,0.0111,0.9604,0.9604,0.9604,0.004,0.0244,0.0111
3428,laya-ml,en,D-lit,C,B,2,A,0,0,0.1759,0.325,0.46180000000000004,0.46180000000000004,0.46180000000000004,0.325,0.1759,0.0373
3430,laya-ml,en,D-lit,B,A,1,A,0,1,0.221,0.4355,0.4355,0.4355,0.4355,0.221,0.16670000000000001,0.1769
3434,laya-ml,en,D-lit,C,A,2,D,0,0,0.078,0.2662,0.5674,0.5674,0.2662,0.0884,0.078,0.5674
3435,laya-ml,en,D-lit,B,D,1,B,1,0,0.4873,0.3144,0.4873,0.4873,0.1165,0.4873,0.08170000000000001,0.3144
3436,laya-ml,en,D-lit,C,D,2,C,1,0,0.4249,0.15810000000000002,0.4249,0.4249,0.18610000000000002,0.231,0.4249,0.15810000000000002
3439,laya-ml,en,D-lit,A,D,0,D,0,1,0.2736,0.32180000000000003,0.32180000000000003,0.32180000000000003,0.2736,0.2847,0.1199,0.32180000000000003
3440,laya-ml,en,D-lit,B,A,1,D,0,0,0.1388,0.27140000000000003,0.544,0.544,0.27140000000000003,0.1388,0.0458,0.544
3442,laya-ml,en,D-lit,C,D,2,C,1,0,0.6155,0.1484,0.6155,0.6155,0.1015,0.13470000000000001,0.6155,0.1484
3444,laya-ml,en,D-lit,B,C,1,C,0,1,0.1188,0.3839,0.3839,0.3839,0.1739,0.1188,0.3839,0.3234
3445,laya-ml,en,D-lit,C,B,2,D,0,0,0.2278,0.1552,0.4219,0.4219,0.1951,0.1552,0.2278,0.4219
3446,laya-ml,en,D-lit,C,B,2,B,0,1,0.1242,0.6841,0.6841,0.6841,0.0921,0.6841,0.1242,0.0995
3447,laya-ml,en,D-lit,D,C,3,C,0,1,0.2849,0.4703,0.4703,0.4703,0.12510000000000002,0.1197,0.4703,0.2849
3451,laya-ml,en,D-lit,A,C,0,B,0,0,0.2813,0.17470000000000002,0.32030000000000003,0.32030000000000003,0.2813,0.32030000000000003,0.17470000000000002,0.2237
3452,laya-ml,en,D-lit,B,D,1,C,0,0,0.2265,0.2101,0.3261,0.3261,0.2373,0.2265,0.3261,0.2101
3453,laya-ml,en,D-lit,D,B,3,B,0,1,0.2006,0.6185,0.6185,0.6185,0.0322,0.6185,0.1487,0.2006
3460,laya-ml,en,D-lit,B,D,1,B,1,0,0.6434000000000001,0.23040000000000002,0.6434000000000001,0.6434000000000001,0.0599,0.6434000000000001,0.0663,0.23040000000000002
3461,laya-ml,en,D-lit,B,A,1,A,0,1,0.2129,0.45780000000000004,0.45780000000000004,0.45780000000000004,0.45780000000000004,0.2129,0.16110000000000002,0.1683
3462,laya-ml,en,D-lit,D,C,3,C,0,1,0.10690000000000001,0.7327,0.7327,0.7327,0.1385,0.022,0.7327,0.10690000000000001
3463,laya-ml,en,D-lit,C,D,2,D,0,1,0.39330000000000004,0.4194,0.4194,0.4194,0.1072,0.08020000000000001,0.39330000000000004,0.4194
3464,laya-ml,en,D-lit,C,A,2,D,0,0,0.1366,0.34850000000000003,0.43960000000000005,0.43960000000000005,0.34850000000000003,0.0753,0.1366,0.43960000000000005
3468,laya-ml,en,D-lit,B,A,1,A,0,1,0.1247,0.736,0.736,0.736,0.736,0.1247,0.0528,0.08650000000000001
3470,laya-ml,en,D-lit,A,C,0,A,1,0,0.8262,0.1343,0.8262,0.8262,0.8262,0.010700000000000001,0.1343,0.028800000000000003
3471,laya-ml,en,D-lit,C,A,2,C,1,0,0.6114,0.23800000000000002,0.6114,0.6114,0.23800000000000002,0.08510000000000001,0.6114,0.0656
3476,laya-ml,en,D-lit,B,A,1,B,1,0,0.7671,0.1583,0.7671,0.7671,0.1583,0.7671,0.019100000000000002,0.0555
3478,laya-ml,en,D-lit,A,C,0,C,0,1,0.3166,0.5467000000000001,0.5467000000000001,0.5467000000000001,0.3166,0.0546,0.5467000000000001,0.0821
3479,laya-ml,en,D-lit,C,A,2,A,0,1,0.057800000000000004,0.912,0.912,0.912,0.912,0.020200000000000003,0.057800000000000004,0.01
3485,laya-ml,en,D-lit,A,D,0,B,0,0,0.2056,0.1869,0.49970000000000003,0.49970000000000003,0.2056,0.49970000000000003,0.1078,0.1869
3494,laya-ml,en,D-lit,B,A,1,B,1,0,0.48090000000000005,0.3924,0.48090000000000005,0.48090000000000005,0.3924,0.48090000000000005,0.0804,0.0463
3498,laya-ml,en,D-lit,C,B,2,B,0,1,0.22990000000000002,0.4824,0.4824,0.4824,0.11270000000000001,0.4824,0.22990000000000002,0.1751
3499,laya-ml,en,D-lit,A,B,0,B,0,1,0.3622,0.586,0.586,0.586,0.3622,0.586,0.0206,0.031200000000000002
3500,laya-ml,en,D-lit,D,A,3,C,0,0,0.1321,0.36460000000000004,0.45990000000000003,0.45990000000000003,0.36460000000000004,0.043500000000000004,0.45990000000000003,0.1321
3502,laya-ml,en,D-lit,B,D,1,A,0,0,0.2311,0.2019,0.3403,0.3403,0.3403,0.2311,0.2267,0.2019
3503,laya-ml,en,D-lit,B,A,1,A,0,1,0.2718,0.5572,0.5572,0.5572,0.5572,0.2718,0.10830000000000001,0.06280000000000001
3504,laya-ml,en,D-lit,C,A,2,A,0,1,0.1313,0.7892,0.7892,0.7892,0.7892,0.047,0.1313,0.0324
3505,laya-ml,en,D-lit,B,C,1,A,0,0,0.21450000000000002,0.2577,0.2826,0.2826,0.2826,0.21450000000000002,0.2577,0.2452
3506,laya-ml,en,D-lit,C,A,2,C,1,0,0.7793,0.15910000000000002,0.7793,0.7793,0.15910000000000002,0.020300000000000002,0.7793,0.0413
3510,laya-ml,en,D-lit,B,D,1,A,0,0,0.1995,0.2406,0.3869,0.3869,0.3869,0.1995,0.17300000000000001,0.2406
3511,laya-ml,en,D-lit,C,D,2,D,0,1,0.2671,0.53,0.53,0.53,0.0931,0.10980000000000001,0.2671,0.53
3513,laya-ml,en,D-lit,D,C,3,C,0,1,0.06420000000000001,0.8942,0.8942,0.8942,0.016,0.025500000000000002,0.8942,0.06420000000000001
3514,laya-ml,en,D-lit,C,D,2,D,0,1,0.10930000000000001,0.7324,0.7324,0.7324,0.0922,0.0661,0.10930000000000001,0.7324
3516,laya-ml,en,D-lit,B,D,1,B,1,0,0.5908,0.17070000000000002,0.5908,0.5908,0.17270000000000002,0.5908,0.06570000000000001,0.17070000000000002
3517,laya-ml,en,D-lit,B,A,1,A,0,1,0.2054,0.3371,0.3371,0.3371,0.3371,0.2054,0.1827,0.27490000000000003
3520,laya-ml,en,D-lit,C,B,2,B,0,1,0.0531,0.6597000000000001,0.6597000000000001,0.6597000000000001,0.14450000000000002,0.6597000000000001,0.0531,0.1427
3523,laya-ml,en,D-lit,A,C,0,D,0,0,0.11270000000000001,0.15560000000000002,0.6724,0.6724,0.11270000000000001,0.059300000000000005,0.15560000000000002,0.6724
3529,laya-ml,en,D-lit,C,A,2,A,0,1,0.004200000000000001,0.9921000000000001,0.9921000000000001,0.9921000000000001,0.9921000000000001,0.002,0.004200000000000001,0.0016
3530,laya-ml,en,D-lit,C,D,2,C,1,0,0.7296,0.1027,0.7296,0.7296,0.0815,0.08610000000000001,0.7296,0.1027
3531,laya-ml,en,D-lit,C,D,2,B,0,0,0.2994,0.22920000000000001,0.30810000000000004,0.30810000000000004,0.1633,0.30810000000000004,0.2994,0.22920000000000001
3533,laya-ml,en,D-lit,B,C,1,B,1,0,0.6664,0.0859,0.6664,0.6664,0.1637,0.6664,0.0859,0.084
3534,laya-ml,en,D-lit,B,C,1,A,0,0,0.1731,0.053,0.5525,0.5525,0.5525,0.1731,0.053,0.2214
3537,laya-ml,en,D-lit,B,A,1,C,0,0,0.2838,0.1062,0.3718,0.3718,0.1062,0.2838,0.3718,0.2381
3539,laya-ml,en,D-lit,D,C,3,C,0,1,0.0785,0.7294,0.7294,0.7294,0.0332,0.1588,0.7294,0.0785
3540,laya-ml,en,D-lit,D,C,3,B,0,0,0.3367,0.1134,0.3502,0.3502,0.19970000000000002,0.3502,0.1134,0.3367
3541,laya-ml,en,D-lit,B,C,1,B,1,0,0.642,0.0932,0.642,0.642,0.1573,0.642,0.0932,0.1076
3543,laya-ml,en,D-lit,D,C,3,D,1,0,0.8775000000000001,0.0323,0.8775000000000001,0.8775000000000001,0.038900000000000004,0.0514,0.0323,0.8775000000000001
3555,laya-ml,en,D-lit,D,A,3,C,0,0,0.315,0.212,0.3831,0.3831,0.212,0.08990000000000001,0.3831,0.315
3556,laya-ml,en,D-lit,D,A,3,C,0,0,0.0699,0.22840000000000002,0.423,0.423,0.22840000000000002,0.2786,0.423,0.0699
3557,laya-ml,en,D-lit,A,C,0,D,0,0,0.0777,0.0669,0.6704,0.6704,0.0777,0.185,0.0669,0.6704
3558,laya-ml,en,D-lit,D,A,3,D,1,0,0.5605,0.3025,0.5605,0.5605,0.3025,0.0427,0.09430000000000001,0.5605
3559,laya-ml,en,D-lit,C,A,2,A,0,1,0.0604,0.8939,0.8939,0.8939,0.8939,0.0205,0.0604,0.0252
3563,laya-ml,en,D-lit,C,D,2,D,0,1,0.3171,0.5081,0.5081,0.5081,0.061200000000000004,0.1136,0.3171,0.5081
3567,laya-ml,en,D-lit,B,C,1,C,0,1,0.2011,0.6226,0.6226,0.6226,0.10160000000000001,0.2011,0.6226,0.0747
3568,laya-ml,en,D-lit,B,D,1,B,1,0,0.7668,0.12660000000000002,0.7668,0.7668,0.015300000000000001,0.7668,0.0913,0.12660000000000002
3573,laya-ml,en,D-lit,B,D,1,B,1,0,0.4043,0.37020000000000003,0.4043,0.4043,0.1333,0.4043,0.0922,0.37020000000000003
3575,laya-ml,en,D-lit,B,D,1,D,0,1,0.24,0.297,0.297,0.297,0.20470000000000002,0.24,0.25830000000000003,0.297
3580,laya-ml,en,D-lit,D,A,3,A,0,1,0.15410000000000001,0.6518,0.6518,0.6518,0.6518,0.153,0.041100000000000005,0.15410000000000001
3582,laya-ml,en,D-lit,D,C,3,D,1,0,0.9789,0.0195,0.9789,0.9789,0.0007,0.0009000000000000001,0.0195,0.9789
3584,laya-ml,en,D-lit,C,D,2,C,1,0,0.45730000000000004,0.0653,0.45730000000000004,0.45730000000000004,0.061700000000000005,0.4156,0.45730000000000004,0.0653
3589,laya-ml,en,D-lit,D,A,3,D,1,0,0.4238,0.2064,0.4238,0.4238,0.2064,0.0729,0.2969,0.4238
3590,laya-ml,en,D-lit,B,D,1,B,1,0,0.8448,0.1154,0.8448,0.8448,0.0233,0.8448,0.0165,0.1154
3591,laya-ml,en,D-lit,D,A,3,A,0,1,0.1928,0.7556,0.7556,0.7556,0.7556,0.023200000000000002,0.0285,0.1928
3593,laya-ml,en,D-lit,C,D,2,C,1,0,0.44220000000000004,0.10060000000000001,0.44220000000000004,0.44220000000000004,0.17420000000000002,0.28300000000000003,0.44220000000000004,0.10060000000000001
3597,laya-ml,en,D-lit,B,D,1,B,1,0,0.8366,0.1047,0.8366,0.8366,0.013000000000000001,0.8366,0.0458,0.1047
3600,laya-ml,en,D-lit,C,D,2,A,0,0,0.34090000000000004,0.0766,0.485,0.485,0.485,0.0976,0.34090000000000004,0.0766
3601,laya-ml,en,D-lit,C,B,2,B,0,1,0.058800000000000005,0.809,0.809,0.809,0.0874,0.809,0.058800000000000005,0.0449
3602,laya-ml,en,D-lit,C,D,2,D,0,1,0.2596,0.6611,0.6611,0.6611,0.0514,0.0279,0.2596,0.6611
3603,laya-ml,en,D-lit,D,A,3,D,1,0,0.3381,0.1618,0.3381,0.3381,0.1618,0.2761,0.224,0.3381
3605,laya-ml,en,D-lit,A,D,0,D,0,1,0.1515,0.6625,0.6625,0.6625,0.1515,0.1057,0.08030000000000001,0.6625
3606,laya-ml,en,D-lit,B,A,1,B,1,0,0.5173,0.10540000000000001,0.5173,0.5173,0.10540000000000001,0.5173,0.1135,0.2637
3607,laya-ml,en,D-lit,B,D,1,D,0,1,0.0434,0.8742000000000001,0.8742000000000001,0.8742000000000001,0.0523,0.0434,0.030100000000000002,0.8742000000000001
3613,laya-ml,en,D-lit,B,C,1,B,1,0,0.7139,0.1085,0.7139,0.7139,0.0932,0.7139,0.1085,0.0844
3615,laya-ml,en,D-lit,D,B,3,D,1,0,0.49710000000000004,0.2713,0.49710000000000004,0.49710000000000004,0.1841,0.2713,0.0475,0.49710000000000004
3617,laya-ml,en,D-lit,B,A,1,D,0,0,0.2093,0.1922,0.5513,0.5513,0.1922,0.2093,0.0472,0.5513
3620,laya-ml,en,D-lit,B,A,1,A,0,1,0.0189,0.975,0.975,0.975,0.975,0.0189,0.0028,0.0033
3621,laya-ml,en,D-lit,D,A,3,D,1,0,0.5953,0.114,0.5953,0.5953,0.114,0.0603,0.23040000000000002,0.5953
3622,laya-ml,en,D-lit,C,B,2,B,0,1,0.0881,0.9013,0.9013,0.9013,0.0079,0.9013,0.0881,0.0028
3624,laya-ml,en,D-lit,D,C,3,D,1,0,0.7863,0.0446,0.7863,0.7863,0.073,0.0961,0.0446,0.7863
3628,laya-ml,en,D-lit,B,D,1,C,0,0,0.198,0.2093,0.3244,0.3244,0.26830000000000004,0.198,0.3244,0.2093
3645,laya-ml,en,D-lit,B,D,1,B,1,0,0.405,0.146,0.405,0.405,0.06570000000000001,0.405,0.38320000000000004,0.146
3647,laya-ml,en,D-lit,D,B,3,D,1,0,0.6798000000000001,0.1814,0.6798000000000001,0.6798000000000001,0.09770000000000001,0.1814,0.0412,0.6798000000000001
3650,laya-ml,en,D-lit,C,B,2,D,0,0,0.1009,0.23120000000000002,0.5786,0.5786,0.08940000000000001,0.23120000000000002,0.1009,0.5786
3652,laya-ml,en,D-lit,D,A,3,A,0,1,0.3975,0.5394,0.5394,0.5394,0.5394,0.007500000000000001,0.0557,0.3975
3653,laya-ml,en,D-lit,A,B,0,B,0,1,0.3885,0.4178,0.4178,0.4178,0.3885,0.4178,0.0207,0.17300000000000001
3657,laya-ml,en,D-lit,A,C,0,C,0,1,0.27840000000000004,0.3159,0.3159,0.3159,0.27840000000000004,0.24,0.3159,0.16570000000000001
3659,laya-ml,en,D-lit,D,C,3,C,0,1,0.2909,0.4182,0.4182,0.4182,0.17250000000000001,0.1184,0.4182,0.2909
3660,laya-ml,en,D-lit,A,C,0,C,0,1,0.07640000000000001,0.732,0.732,0.732,0.07640000000000001,0.0989,0.732,0.0927
3661,laya-ml,en,D-lit,B,C,1,C,0,1,0.231,0.6869000000000001,0.6869000000000001,0.6869000000000001,0.0692,0.231,0.6869000000000001,0.0129
3663,laya-ml,en,D-lit,D,C,3,C,0,1,0.3906,0.4988,0.4988,0.4988,0.0103,0.1003,0.4988,0.3906
3665,laya-ml,en,D-lit,D,A,3,A,0,1,0.0108,0.8200000000000001,0.8200000000000001,0.8200000000000001,0.8200000000000001,0.0027,0.1665,0.0108
3672,laya-ml,en,D-lit,D,B,3,B,0,1,0.40840000000000004,0.41400000000000003,0.41400000000000003,0.41400000000000003,0.0424,0.41400000000000003,0.13520000000000001,0.40840000000000004
3677,laya-ml,en,D-lit,C,B,2,D,0,0,0.11380000000000001,0.2932,0.39740000000000003,0.39740000000000003,0.1957,0.2932,0.11380000000000001,0.39740000000000003
3681,laya-ml,en,D-lit,A,C,0,B,0,0,0.1253,0.2823,0.3055,0.3055,0.1253,0.3055,0.2823,0.2869
3682,laya-ml,en,D-lit,B,A,1,A,0,1,0.2836,0.45580000000000004,0.45580000000000004,0.45580000000000004,0.45580000000000004,0.2836,0.13440000000000002,0.1262
3687,laya-ml,en,D-lit,A,B,0,A,1,0,0.343,0.2901,0.343,0.343,0.343,0.2901,0.10980000000000001,0.25720000000000004
3692,laya-ml,en,D-lit,C,D,2,C,1,0,0.5279,0.2015,0.5279,0.5279,0.13390000000000002,0.13670000000000002,0.5279,0.2015
3703,laya-ml,en,D-lit,D,A,3,D,1,0,0.3911,0.3831,0.3911,0.3911,0.3831,0.0397,0.1862,0.3911
3705,laya-ml,en,D-lit,C,B,2,D,0,0,0.28240000000000004,0.30010000000000003,0.31420000000000003,0.31420000000000003,0.1033,0.30010000000000003,0.28240000000000004,0.31420000000000003
3708,laya-ml,en,D-lit,C,D,2,C,1,0,0.4642,0.1872,0.4642,0.4642,0.1115,0.23720000000000002,0.4642,0.1872
3711,laya-ml,en,D-lit,B,D,1,C,0,0,0.2026,0.1071,0.6022000000000001,0.6022000000000001,0.0881,0.2026,0.6022000000000001,0.1071
3713,laya-ml,en,D-lit,B,C,1,B,1,0,0.8952,0.0166,0.8952,0.8952,0.055900000000000005,0.8952,0.0166,0.0324
3715,laya-ml,en,D-lit,B,A,1,B,1,0,0.743,0.1791,0.743,0.743,0.1791,0.743,0.0335,0.0444
3716,laya-ml,en,D-lit,D,C,3,D,1,0,0.964,0.0102,0.964,0.964,0.0031000000000000003,0.0227,0.0102,0.964
3721,laya-ml,en,D-lit,D,A,3,A,0,1,0.0303,0.8183,0.8183,0.8183,0.8183,0.1331,0.0183,0.0303
3722,laya-ml,en,D-lit,D,C,3,C,0,1,0.020300000000000002,0.9355,0.9355,0.9355,0.016900000000000002,0.0273,0.9355,0.020300000000000002
3728,laya-ml,en,D-lit,B,D,1,B,1,0,0.5217,0.2883,0.5217,0.5217,0.099,0.5217,0.09090000000000001,0.2883
3739,laya-ml,en,D-lit,C,A,2,C,1,0,0.9659000000000001,0.0315,0.9659000000000001,0.9659000000000001,0.0315,0.0018000000000000002,0.9659000000000001,0.0008
3747,laya-ml,en,D-lit,D,A,3,C,0,0,0.1082,0.3332,0.5071,0.5071,0.3332,0.051500000000000004,0.5071,0.1082
3749,laya-ml,en,D-lit,A,C,0,A,1,0,0.4914,0.1646,0.4914,0.4914,0.4914,0.2864,0.1646,0.057600000000000005
3751,laya-ml,en,D-lit,A,C,0,A,1,0,0.3345,0.32170000000000004,0.3345,0.3345,0.3345,0.0499,0.32170000000000004,0.2939
3752,laya-ml,en,D-lit,D,B,3,B,0,1,0.139,0.838,0.838,0.838,0.0151,0.838,0.0079,0.139
3754,laya-ml,en,D-lit,B,A,1,A,0,1,0.3057,0.5071,0.5071,0.5071,0.5071,0.3057,0.0495,0.13770000000000002
3757,laya-ml,en,D-lit,D,A,3,C,0,0,0.1764,0.1511,0.3543,0.3543,0.1511,0.31820000000000004,0.3543,0.1764
3761,laya-ml,en,D-lit,B,D,1,A,0,0,0.4063,0.073,0.4323,0.4323,0.4323,0.4063,0.0884,0.073
3764,laya-ml,en,D-lit,C,B,2,D,0,0,0.0264,0.0057,0.9128000000000001,0.9128000000000001,0.0551,0.0057,0.0264,0.9128000000000001
3765,laya-ml,en,D-lit,D,B,3,B,0,1,0.28150000000000003,0.383,0.383,0.383,0.18610000000000002,0.383,0.1494,0.28150000000000003
3766,laya-ml,en,D-lit,C,A,2,C,1,0,0.5142,0.4712,0.5142,0.5142,0.4712,0.0077,0.5142,0.006900000000000001
3770,laya-ml,en,D-lit,A,D,0,A,1,0,0.4187,0.3173,0.4187,0.4187,0.4187,0.2374,0.0267,0.3173
3771,laya-ml,en,D-lit,A,C,0,B,0,0,0.13190000000000002,0.09480000000000001,0.7382000000000001,0.7382000000000001,0.13190000000000002,0.7382000000000001,0.09480000000000001,0.035
3774,laya-ml,en,D-lit,B,D,1,B,1,0,0.5441,0.18630000000000002,0.5441,0.5441,0.158,0.5441,0.1116,0.18630000000000002
3778,laya-ml,en,D-lit,C,D,2,C,1,0,0.2792,0.1836,0.2792,0.2792,0.2721,0.2651,0.2792,0.1836
3782,laya-ml,en,D-lit,B,C,1,B,1,0,0.5475,0.1305,0.5475,0.5475,0.2551,0.5475,0.1305,0.067
3783,laya-ml,en,D-lit,B,D,1,D,0,1,0.305,0.4748,0.4748,0.4748,0.0574,0.305,0.16290000000000002,0.4748
3785,laya-ml,en,D-lit,D,C,3,C,0,1,0.1366,0.6381,0.6381,0.6381,0.153,0.0722,0.6381,0.1366
3791,laya-ml,en,D-lit,D,C,3,C,0,1,0.0497,0.45080000000000003,0.45080000000000003,0.45080000000000003,0.0873,0.4122,0.45080000000000003,0.0497
3793,laya-ml,en,D-lit,C,A,2,A,0,1,0.0221,0.96,0.96,0.96,0.96,0.0014,0.0221,0.0165
3795,laya-ml,en,D-lit,B,D,1,D,0,1,0.2822,0.6384000000000001,0.6384000000000001,0.6384000000000001,0.0267,0.2822,0.052700000000000004,0.6384000000000001
3796,laya-ml,en,D-lit,B,D,1,B,1,0,0.8707,0.07980000000000001,0.8707,0.8707,0.0175,0.8707,0.032,0.07980000000000001
3797,laya-ml,en,D-lit,C,D,2,D,0,1,0.137,0.7835000000000001,0.7835000000000001,0.7835000000000001,0.0287,0.050800000000000005,0.137,0.7835000000000001
3798,laya-ml,en,D-lit,B,D,1,C,0,0,0.1557,0.2621,0.5023,0.5023,0.0799,0.1557,0.5023,0.2621
3803,laya-ml,en,D-lit,D,A,3,B,0,0,0.2245,0.2529,0.3005,0.3005,0.2529,0.3005,0.22210000000000002,0.2245
3808,laya-ml,en,D-lit,B,D,1,B,1,0,0.9394,0.0221,0.9394,0.9394,0.0216,0.9394,0.016900000000000002,0.0221
3823,laya-ml,en,D-lit,B,A,1,B,1,0,0.7844,0.1572,0.7844,0.7844,0.1572,0.7844,0.027800000000000002,0.0307
3837,laya-ml,en,D-lit,A,B,0,C,0,0,0.2079,0.17120000000000002,0.5034000000000001,0.5034000000000001,0.2079,0.17120000000000002,0.5034000000000001,0.1174
3838,laya-ml,en,D-lit,C,A,2,A,0,1,0.0952,0.8498,0.8498,0.8498,0.8498,0.0405,0.0952,0.0145
3839,laya-ml,en,D-lit,B,A,1,C,0,0,0.162,0.1432,0.5773,0.5773,0.1432,0.162,0.5773,0.11760000000000001
3847,laya-ml,en,D-lit,B,D,1,B,1,0,0.44070000000000004,0.12350000000000001,0.44070000000000004,0.44070000000000004,0.2832,0.44070000000000004,0.1526,0.12350000000000001
3849,laya-ml,en,D-lit,B,D,1,D,0,1,0.41200000000000003,0.4748,0.4748,0.4748,0.031900000000000005,0.41200000000000003,0.0813,0.4748
3854,laya-ml,en,D-lit,D,C,3,B,0,0,0.2641,0.1194,0.4501,0.4501,0.16640000000000002,0.4501,0.1194,0.2641
3855,laya-ml,en,D-lit,A,D,0,D,0,1,0.334,0.6111,0.6111,0.6111,0.334,0.017400000000000002,0.0376,0.6111
3856,laya-ml,en,D-lit,C,A,2,D,0,0,0.31320000000000003,0.0969,0.3165,0.3165,0.0969,0.27340000000000003,0.31320000000000003,0.3165
3857,laya-ml,en,D-lit,A,C,0,B,0,0,0.10930000000000001,0.4333,0.4348,0.4348,0.10930000000000001,0.4348,0.4333,0.022600000000000002
3858,laya-ml,en,D-lit,B,A,1,D,0,0,0.08990000000000001,0.0636,0.8057000000000001,0.8057000000000001,0.0636,0.08990000000000001,0.0409,0.8057000000000001
3860,laya-ml,en,D-lit,D,A,3,C,0,0,0.317,0.3073,0.3502,0.3502,0.3073,0.025500000000000002,0.3502,0.317
3863,laya-ml,en,D-lit,A,D,0,A,1,0,0.3173,0.2849,0.3173,0.3173,0.3173,0.1569,0.2409,0.2849
3865,laya-ml,en,D-lit,B,C,1,B,1,0,0.6887,0.1855,0.6887,0.6887,0.0356,0.6887,0.1855,0.0902
3868,laya-ml,en,D-lit,A,C,0,D,0,0,0.185,0.2501,0.3088,0.3088,0.185,0.2561,0.2501,0.3088
3869,laya-ml,en,D-lit,B,A,1,B,1,0,0.4363,0.2248,0.4363,0.4363,0.2248,0.4363,0.12760000000000002,0.2114
3870,laya-ml,en,D-lit,D,A,3,A,0,1,0.1857,0.6457,0.6457,0.6457,0.6457,0.0426,0.1259,0.1857
3871,laya-ml,en,D-lit,A,D,0,A,1,0,0.4676,0.1781,0.4676,0.4676,0.4676,0.0172,0.3371,0.1781
3873,laya-ml,en,D-lit,D,A,3,D,1,0,0.44480000000000003,0.07100000000000001,0.44480000000000003,0.44480000000000003,0.07100000000000001,0.39930000000000004,0.0849,0.44480000000000003
3878,laya-ml,en,D-lit,B,A,1,B,1,0,0.2786,0.267,0.2786,0.2786,0.267,0.2786,0.2762,0.1781
3879,laya-ml,en,D-lit,A,C,0,D,0,0,0.0363,0.0235,0.9183,0.9183,0.0363,0.022,0.0235,0.9183
3883,laya-ml,en,D-lit,A,D,0,C,0,0,0.2505,0.1544,0.3638,0.3638,0.2505,0.2313,0.3638,0.1544
3897,laya-ml,en,D-lit,A,C,0,C,0,1,0.28600000000000003,0.46940000000000004,0.46940000000000004,0.46940000000000004,0.28600000000000003,0.0886,0.46940000000000004,0.156
3899,laya-ml,en,D-lit,C,D,2,C,1,0,0.6499,0.1522,0.6499,0.6499,0.0712,0.1268,0.6499,0.1522
3905,laya-ml,en,D-lit,D,B,3,B,0,1,0.3482,0.6134000000000001,0.6134000000000001,0.6134000000000001,0.0213,0.6134000000000001,0.0171,0.3482
3908,laya-ml,en,D-lit,C,A,2,C,1,0,0.8599,0.0526,0.8599,0.8599,0.0526,0.0415,0.8599,0.046
3910,laya-ml,en,D-lit,C,D,2,D,0,1,0.2599,0.3699,0.3699,0.3699,0.2595,0.1107,0.2599,0.3699
3913,laya-ml,en,D-lit,B,C,1,B,1,0,0.8297,0.020300000000000002,0.8297,0.8297,0.0826,0.8297,0.020300000000000002,0.0673
3918,laya-ml,en,D-lit,D,B,3,B,0,1,0.0775,0.8132,0.8132,0.8132,0.0596,0.8132,0.0497,0.0775
3919,laya-ml,en,D-lit,C,D,2,D,0,1,0.3034,0.6577000000000001,0.6577000000000001,0.6577000000000001,0.0201,0.0188,0.3034,0.6577000000000001
3926,laya-ml,en,D-lit,D,C,3,C,0,1,0.37320000000000003,0.4038,0.4038,0.4038,0.15080000000000002,0.0722,0.4038,0.37320000000000003
3929,laya-ml,en,D-lit,B,A,1,A,0,1,0.1203,0.7781,0.7781,0.7781,0.7781,0.1203,0.04,0.061500000000000006
3930,laya-ml,en,D-lit,D,A,3,A,0,1,0.17170000000000002,0.4577,0.4577,0.4577,0.4577,0.18910000000000002,0.18150000000000002,0.17170000000000002
3931,laya-ml,en,D-lit,D,A,3,A,0,1,0.1807,0.7787000000000001,0.7787000000000001,0.7787000000000001,0.7787000000000001,0.0257,0.015,0.1807
3942,laya-ml,en,D-lit,D,A,3,A,0,1,0.2167,0.4752,0.4752,0.4752,0.4752,0.2127,0.0955,0.2167
3944,laya-ml,en,D-lit,D,A,3,A,0,1,0.0227,0.9563,0.9563,0.9563,0.9563,0.0074,0.013600000000000001,0.0227
3950,laya-ml,en,D-lit,C,D,2,C,1,0,0.4228,0.17120000000000002,0.4228,0.4228,0.17370000000000002,0.23240000000000002,0.4228,0.17120000000000002
3952,laya-ml,en,D-lit,B,C,1,C,0,1,0.049600000000000005,0.8495,0.8495,0.8495,0.0041,0.049600000000000005,0.8495,0.09680000000000001
3954,laya-ml,en,D-lit,B,C,1,D,0,0,0.2833,0.245,0.2987,0.2987,0.17300000000000001,0.2833,0.245,0.2987
3961,laya-ml,en,D-lit,B,D,1,B,1,0,0.7293000000000001,0.0858,0.7293000000000001,0.7293000000000001,0.028200000000000003,0.7293000000000001,0.1568,0.0858
3969,laya-ml,en,D-lit,C,D,2,D,0,1,0.2209,0.4888,0.4888,0.4888,0.19790000000000002,0.0925,0.2209,0.4888
3970,laya-ml,en,D-lit,C,B,2,C,1,0,0.4839,0.0971,0.4839,0.4839,0.11670000000000001,0.0971,0.4839,0.3023
3983,laya-ml,en,D-lit,D,A,3,D,1,0,0.9133,0.063,0.9133,0.9133,0.063,0.010100000000000001,0.013600000000000001,0.9133
3986,laya-ml,en,D-lit,B,C,1,B,1,0,0.7593000000000001,0.08360000000000001,0.7593000000000001,0.7593000000000001,0.0234,0.7593000000000001,0.08360000000000001,0.1337
3990,laya-ml,en,D-lit,C,B,2,B,0,1,0.0359,0.9059,0.9059,0.9059,0.0167,0.9059,0.0359,0.0414
3991,laya-ml,en,D-lit,C,B,2,B,0,1,0.09580000000000001,0.6932,0.6932,0.6932,0.1287,0.6932,0.09580000000000001,0.0823
3993,laya-ml,en,D-lit,B,D,1,B,1,0,0.7407,0.11810000000000001,0.7407,0.7407,0.054,0.7407,0.0873,0.11810000000000001
4011,laya-ml,en,D-lit,C,A,2,C,1,0,0.46,0.1008,0.46,0.46,0.1008,0.22410000000000002,0.46,0.2151
4013,laya-ml,en,D-lit,A,D,0,A,1,0,0.4329,0.1766,0.4329,0.4329,0.4329,0.11270000000000001,0.2778,0.1766
4016,laya-ml,en,D-lit,C,D,2,C,1,0,0.27840000000000004,0.2477,0.27840000000000004,0.27840000000000004,0.2654,0.20850000000000002,0.27840000000000004,0.2477
4022,laya-ml,en,D-lit,A,B,0,D,0,0,0.323,0.19690000000000002,0.4102,0.4102,0.323,0.19690000000000002,0.0699,0.4102
4025,laya-ml,en,D-lit,C,A,2,A,0,1,0.2316,0.6503,0.6503,0.6503,0.6503,0.0395,0.2316,0.0786
4027,laya-ml,en,D-lit,A,C,0,C,0,1,0.3859,0.4919,0.4919,0.4919,0.3859,0.0639,0.4919,0.058300000000000005
4029,laya-ml,en,D-lit,B,C,1,B,1,0,0.8109000000000001,0.050800000000000005,0.8109000000000001,0.8109000000000001,0.09630000000000001,0.8109000000000001,0.050800000000000005,0.042
4030,laya-ml,en,D-lit,B,A,1,A,0,1,0.006200000000000001,0.9874,0.9874,0.9874,0.9874,0.006200000000000001,0.002,0.0044
4032,laya-ml,en,D-lit,D,C,3,C,0,1,0.1568,0.794,0.794,0.794,0.0122,0.037,0.794,0.1568
4035,laya-ml,en,D-lit,B,C,1,A,0,0,0.2019,0.0824,0.4757,0.4757,0.4757,0.2019,0.0824,0.24
4038,laya-ml,en,D-lit,C,A,2,A,0,1,0.2117,0.772,0.772,0.772,0.772,0.0058000000000000005,0.2117,0.0106
4041,laya-ml,en,D-lit,B,D,1,B,1,0,0.7035,0.0663,0.7035,0.7035,0.028200000000000003,0.7035,0.202,0.0663
4043,laya-ml,en,D-lit,B,C,1,B,1,0,0.9844,0.0041,0.9844,0.9844,0.009000000000000001,0.9844,0.0041,0.0026000000000000003
4045,laya-ml,en,D-lit,D,A,3,D,1,0,0.5508000000000001,0.3632,0.5508000000000001,0.5508000000000001,0.3632,0.0666,0.0195,0.5508000000000001
4046,laya-ml,en,D-lit,D,B,3,B,0,1,0.1378,0.6211,0.6211,0.6211,0.20770000000000002,0.6211,0.0334,0.1378
4048,laya-ml,en,D-lit,C,D,2,C,1,0,0.4189,0.3005,0.4189,0.4189,0.1694,0.11120000000000001,0.4189,0.3005
4053,laya-ml,en,D-lit,C,B,2,B,0,1,0.1136,0.5018,0.5018,0.5018,0.0748,0.5018,0.1136,0.3098
4056,laya-ml,en,D-lit,B,C,1,B,1,0,0.4298,0.1008,0.4298,0.4298,0.3111,0.4298,0.1008,0.1583
4057,laya-ml,en,D-lit,B,C,1,B,1,0,0.5288,0.4177,0.5288,0.5288,0.0281,0.5288,0.4177,0.025400000000000002
4059,laya-ml,en,D-lit,A,D,0,A,1,0,0.40540000000000004,0.3352,0.40540000000000004,0.40540000000000004,0.40540000000000004,0.14250000000000002,0.1168,0.3352
4062,laya-ml,en,D-lit,D,B,3,D,1,0,0.47600000000000003,0.2959,0.47600000000000003,0.47600000000000003,0.0729,0.2959,0.1552,0.47600000000000003
4070,laya-ml,en,D-lit,B,A,1,B,1,0,0.844,0.0873,0.844,0.844,0.0873,0.844,0.022600000000000002,0.0461
4077,laya-ml,en,D-lit,C,B,2,B,0,1,0.1467,0.5942000000000001,0.5942000000000001,0.5942000000000001,0.1218,0.5942000000000001,0.1467,0.1373
4084,laya-ml,en,D-lit,A,D,0,A,1,0,0.7865000000000001,0.1806,0.7865000000000001,0.7865000000000001,0.7865000000000001,0.0193,0.013600000000000001,0.1806
4090,laya-ml,en,D-lit,C,B,2,C,1,0,0.7457,0.132,0.7457,0.7457,0.0574,0.132,0.7457,0.0648
4091,laya-ml,en,D-lit,D,A,3,A,0,1,0.17550000000000002,0.6846,0.6846,0.6846,0.6846,0.12010000000000001,0.0198,0.17550000000000002
4092,laya-ml,en,D-lit,D,B,3,B,0,1,0.0717,0.9193,0.9193,0.9193,0.007500000000000001,0.9193,0.0015,0.0717
4093,laya-ml,en,D-lit,D,B,3,B,0,1,0.042,0.8897,0.8897,0.8897,0.037,0.8897,0.0313,0.042
4094,laya-ml,en,D-lit,A,D,0,A,1,0,0.37020000000000003,0.33380000000000004,0.37020000000000003,0.37020000000000003,0.37020000000000003,0.10590000000000001,0.19010000000000002,0.33380000000000004
4098,laya-ml,en,D-lit,A,C,0,C,0,1,0.1401,0.5907,0.5907,0.5907,0.1401,0.0881,0.5907,0.181
4101,laya-ml,en,D-lit,C,D,2,D,0,1,0.11720000000000001,0.6642,0.6642,0.6642,0.0611,0.1574,0.11720000000000001,0.6642
4104,laya-ml,en,D-lit,C,A,2,A,0,1,0.41300000000000003,0.5554,0.5554,0.5554,0.5554,0.0122,0.41300000000000003,0.0194
4108,laya-ml,en,D-lit,A,D,0,A,1,0,0.5532,0.05,0.5532,0.5532,0.5532,0.373,0.0238,0.05
4114,laya-ml,en,D-lit,A,D,0,D,0,1,0.13920000000000002,0.7807000000000001,0.7807000000000001,0.7807000000000001,0.13920000000000002,0.0358,0.0442,0.7807000000000001
4116,laya-ml,en,D-lit,B,A,1,A,0,1,0.2202,0.4169,0.4169,0.4169,0.4169,0.2202,0.22690000000000002,0.136
4120,laya-ml,en,D-lit,A,C,0,B,0,0,0.34090000000000004,0.22890000000000002,0.3773,0.3773,0.34090000000000004,0.3773,0.22890000000000002,0.0528
4126,laya-ml,en,D-lit,D,C,3,C,0,1,0.0434,0.5422,0.5422,0.5422,0.231,0.1834,0.5422,0.0434
4127,laya-ml,en,D-lit,D,B,3,D,1,0,0.6089,0.1789,0.6089,0.6089,0.1389,0.1789,0.0733,0.6089
4128,laya-ml,en,D-lit,D,B,3,D,1,0,0.7137,0.16920000000000002,0.7137,0.7137,0.0737,0.16920000000000002,0.0434,0.7137
4142,laya-ml,en,D-lit,B,C,1,B,1,0,0.525,0.4071,0.525,0.525,0.025900000000000003,0.525,0.4071,0.042
4147,laya-ml,en,D-lit,C,A,2,C,1,0,0.7005,0.09290000000000001,0.7005,0.7005,0.09290000000000001,0.13540000000000002,0.7005,0.0713
4158,laya-ml,en,D-lit,C,A,2,A,0,1,0.0095,0.9835,0.9835,0.9835,0.9835,0.003,0.0095,0.0039000000000000003
4159,laya-ml,en,D-lit,D,A,3,A,0,1,0.4162,0.4504,0.4504,0.4504,0.4504,0.0189,0.1144,0.4162
4160,laya-ml,en,D-lit,D,A,3,A,0,1,0.45580000000000004,0.4912,0.4912,0.4912,0.4912,0.0368,0.0162,0.45580000000000004
4164,laya-ml,en,D-lit,B,A,1,A,0,1,0.3315,0.5893,0.5893,0.5893,0.5893,0.3315,0.049600000000000005,0.0296
4166,laya-ml,en,D-lit,A,D,0,D,0,1,0.1807,0.49710000000000004,0.49710000000000004,0.49710000000000004,0.1807,0.196,0.1262,0.49710000000000004
4167,laya-ml,en,D-lit,C,B,2,C,1,0,0.9420000000000001,0.027600000000000003,0.9420000000000001,0.9420000000000001,0.023200000000000002,0.027600000000000003,0.9420000000000001,0.0071
4170,laya-ml,en,D-lit,B,C,1,C,0,1,0.3356,0.5223,0.5223,0.5223,0.060200000000000004,0.3356,0.5223,0.0819
4172,laya-ml,en,D-lit,B,C,1,B,1,0,0.7135,0.07830000000000001,0.7135,0.7135,0.0819,0.7135,0.07830000000000001,0.1263
4177,laya-ml,en,D-lit,A,D,0,D,0,1,0.3241,0.3482,0.3482,0.3482,0.3241,0.11170000000000001,0.21610000000000001,0.3482
4179,laya-ml,en,D-lit,A,B,0,D,0,0,0.09970000000000001,0.24650000000000002,0.5263,0.5263,0.09970000000000001,0.24650000000000002,0.1274,0.5263
4183,laya-ml,en,D-lit,A,D,0,C,0,0,0.2451,0.1506,0.548,0.548,0.2451,0.0563,0.548,0.1506
4184,laya-ml,en,D-lit,D,A,3,A,0,1,0.1714,0.4892,0.4892,0.4892,0.4892,0.13720000000000002,0.20220000000000002,0.1714
4187,laya-ml,en,D-lit,D,B,3,B,0,1,0.0354,0.8948,0.8948,0.8948,0.0148,0.8948,0.055,0.0354
4188,laya-ml,en,D-lit,B,C,1,C,0,1,0.1694,0.4565,0.4565,0.4565,0.1331,0.1694,0.4565,0.2411
4192,laya-ml,en,D-lit,C,A,2,C,1,0,0.7172000000000001,0.06670000000000001,0.7172000000000001,0.7172000000000001,0.06670000000000001,0.101,0.7172000000000001,0.11510000000000001
4211,laya-ml,en,D-lit,D,A,3,B,0,0,0.1625,0.11,0.44060000000000005,0.44060000000000005,0.11,0.44060000000000005,0.28700000000000003,0.1625
4213,laya-ml,en,D-lit,C,D,2,C,1,0,0.8549,0.0307,0.8549,0.8549,0.056900000000000006,0.0574,0.8549,0.0307
4217,laya-ml,en,D-lit,A,B,0,D,0,0,0.1527,0.1436,0.4062,0.4062,0.1527,0.1436,0.2974,0.4062
4223,laya-ml,en,D-lit,A,B,0,B,0,1,0.21150000000000002,0.37270000000000003,0.37270000000000003,0.37270000000000003,0.21150000000000002,0.37270000000000003,0.2761,0.13970000000000002
4225,laya-ml,en,D-lit,B,D,1,B,1,0,0.4197,0.1733,0.4197,0.4197,0.3053,0.4197,0.1018,0.1733
4226,laya-ml,en,D-lit,B,D,1,B,1,0,0.3764,0.1917,0.3764,0.3764,0.31570000000000004,0.3764,0.11620000000000001,0.1917
4231,laya-ml,en,D-lit,B,C,1,B,1,0,0.6718000000000001,0.09230000000000001,0.6718000000000001,0.6718000000000001,0.20070000000000002,0.6718000000000001,0.09230000000000001,0.0352
4233,laya-ml,en,D-lit,B,A,1,B,1,0,0.4403,0.307,0.4403,0.4403,0.307,0.4403,0.1144,0.13820000000000002
4236,laya-ml,en,D-lit,B,D,1,D,0,1,0.2444,0.46340000000000003,0.46340000000000003,0.46340000000000003,0.1718,0.2444,0.12040000000000001,0.46340000000000003
4239,laya-ml,en,D-lit,D,A,3,D,1,0,0.6304000000000001,0.16920000000000002,0.6304000000000001,0.6304000000000001,0.16920000000000002,0.0765,0.12390000000000001,0.6304000000000001
4243,laya-ml,en,D-lit,D,C,3,D,1,0,0.794,0.1206,0.794,0.794,0.049300000000000004,0.0361,0.1206,0.794
4244,laya-ml,en,D-lit,A,D,0,A,1,0,0.6148,0.31070000000000003,0.6148,0.6148,0.6148,0.0415,0.033,0.31070000000000003
4245,laya-ml,en,D-lit,A,D,0,C,0,0,0.0838,0.1605,0.6407,0.6407,0.0838,0.115,0.6407,0.1605
4246,laya-ml,en,D-lit,B,D,1,B,1,0,0.524,0.24730000000000002,0.524,0.524,0.1029,0.524,0.1258,0.24730000000000002
4251,laya-ml,en,D-lit,A,D,0,A,1,0,0.655,0.1756,0.655,0.655,0.655,0.073,0.0964,0.1756
4252,laya-ml,en,D-lit,C,D,2,D,0,1,0.2577,0.3145,0.3145,0.3145,0.262,0.1658,0.2577,0.3145
4253,laya-ml,en,D-lit,A,D,0,C,0,0,0.1486,0.1368,0.6672,0.6672,0.1486,0.047400000000000005,0.6672,0.1368
4255,laya-ml,en,D-lit,A,C,0,C,0,1,0.332,0.5346000000000001,0.5346000000000001,0.5346000000000001,0.332,0.049100000000000005,0.5346000000000001,0.0843
4256,laya-ml,en,D-lit,B,D,1,B,1,0,0.5179,0.25420000000000004,0.5179,0.5179,0.0517,0.5179,0.1762,0.25420000000000004
4259,laya-ml,en,D-lit,C,A,2,C,1,0,0.3718,0.32230000000000003,0.3718,0.3718,0.32230000000000003,0.23440000000000003,0.3718,0.07150000000000001
4260,laya-ml,en,D-lit,A,C,0,D,0,0,0.1446,0.21080000000000002,0.34340000000000004,0.34340000000000004,0.1446,0.3012,0.21080000000000002,0.34340000000000004
4261,laya-ml,en,D-lit,C,A,2,C,1,0,0.9372,0.0268,0.9372,0.9372,0.0268,0.0227,0.9372,0.013300000000000001
4262,laya-ml,en,D-lit,C,B,2,A,0,0,0.27090000000000003,0.23970000000000002,0.2868,0.2868,0.2868,0.23970000000000002,0.27090000000000003,0.2026
4264,laya-ml,en,D-lit,C,A,2,C,1,0,0.9765,0.0154,0.9765,0.9765,0.0154,0.0028,0.9765,0.0053
4266,laya-ml,en,D-lit,C,A,2,D,0,0,0.1844,0.158,0.4058,0.4058,0.158,0.2519,0.1844,0.4058
4270,laya-ml,en,D-lit,A,C,0,A,1,0,0.273,0.2033,0.273,0.273,0.273,0.2539,0.2033,0.26980000000000004
4271,laya-ml,en,D-lit,D,A,3,D,1,0,0.6838000000000001,0.07250000000000001,0.6838000000000001,0.6838000000000001,0.07250000000000001,0.0414,0.2023,0.6838000000000001
4272,laya-ml,en,D-lit,B,D,1,D,0,1,0.0736,0.8142,0.8142,0.8142,0.0852,0.0736,0.027,0.8142
4274,laya-ml,en,D-lit,C,A,2,D,0,0,0.097,0.2594,0.5801000000000001,0.5801000000000001,0.2594,0.0635,0.097,0.5801000000000001
4276,laya-ml,en,D-lit,C,B,2,C,1,0,0.7205,0.10160000000000001,0.7205,0.7205,0.0285,0.10160000000000001,0.7205,0.1494
4278,laya-ml,en,D-lit,D,C,3,D,1,0,0.868,0.0874,0.868,0.868,0.0212,0.0234,0.0874,0.868
4279,laya-ml,en,D-lit,C,B,2,B,0,1,0.0927,0.8768,0.8768,0.8768,0.012400000000000001,0.8768,0.0927,0.0181
4280,laya-ml,en,D-lit,B,A,1,D,0,0,0.11760000000000001,0.1283,0.721,0.721,0.1283,0.11760000000000001,0.033100000000000004,0.721
4283,laya-ml,en,D-lit,C,D,2,D,0,1,0.3624,0.5157,0.5157,0.5157,0.0385,0.0834,0.3624,0.5157
4286,laya-ml,en,D-lit,B,A,1,A,0,1,0.24730000000000002,0.3967,0.3967,0.3967,0.3967,0.24730000000000002,0.08650000000000001,0.2695
4289,laya-ml,en,D-lit,A,B,0,D,0,0,0.33290000000000003,0.1778,0.3458,0.3458,0.33290000000000003,0.1778,0.14350000000000002,0.3458
4292,laya-ml,en,D-lit,D,A,3,D,1,0,0.394,0.21830000000000002,0.394,0.394,0.21830000000000002,0.13470000000000001,0.253,0.394
4293,laya-ml,en,D-lit,C,B,2,B,0,1,0.369,0.3981,0.3981,0.3981,0.09820000000000001,0.3981,0.369,0.13470000000000001
4295,laya-ml,en,D-lit,B,A,1,B,1,0,0.6614,0.0902,0.6614,0.6614,0.0902,0.6614,0.1849,0.0635
4296,laya-ml,en,D-lit,C,A,2,D,0,0,0.24860000000000002,0.1715,0.43710000000000004,0.43710000000000004,0.1715,0.1429,0.24860000000000002,0.43710000000000004
4306,laya-ml,en,D-lit,B,A,1,B,1,0,0.49910000000000004,0.4063,0.49910000000000004,0.49910000000000004,0.4063,0.49910000000000004,0.0789,0.015700000000000002
4308,laya-ml,en,D-lit,C,A,2,C,1,0,0.8280000000000001,0.0522,0.8280000000000001,0.8280000000000001,0.0522,0.06810000000000001,0.8280000000000001,0.0517
4310,laya-ml,en,D-lit,B,C,1,A,0,0,0.199,0.1661,0.5206000000000001,0.5206000000000001,0.5206000000000001,0.199,0.1661,0.1143
4311,laya-ml,en,D-lit,A,C,0,C,0,1,0.1188,0.451,0.451,0.451,0.1188,0.1966,0.451,0.23370000000000002
4312,laya-ml,en,D-lit,D,C,3,C,0,1,0.3008,0.5252,0.5252,0.5252,0.11080000000000001,0.06330000000000001,0.5252,0.3008
4313,laya-ml,en,D-lit,B,D,1,A,0,0,0.2293,0.1988,0.3821,0.3821,0.3821,0.2293,0.1897,0.1988
4314,laya-ml,en,D-lit,D,B,3,B,0,1,0.30660000000000004,0.34450000000000003,0.34450000000000003,0.34450000000000003,0.13970000000000002,0.34450000000000003,0.2093,0.30660000000000004
4315,laya-ml,en,D-lit,B,A,1,A,0,1,0.04,0.7799,0.7799,0.7799,0.7799,0.04,0.08120000000000001,0.0989
4321,laya-ml,en,D-lit,A,D,0,A,1,0,0.9123,0.0308,0.9123,0.9123,0.9123,0.0405,0.0164,0.0308
4323,laya-ml,en,D-lit,A,C,0,C,0,1,0.0699,0.8479,0.8479,0.8479,0.0699,0.0373,0.8479,0.045
4324,laya-ml,en,D-lit,D,C,3,C,0,1,0.1346,0.6161,0.6161,0.6161,0.06420000000000001,0.18510000000000001,0.6161,0.1346
4325,laya-ml,en,D-lit,C,B,2,B,0,1,0.15360000000000001,0.6995,0.6995,0.6995,0.0194,0.6995,0.15360000000000001,0.1275
4328,laya-ml,en,D-lit,C,A,2,A,0,1,0.1986,0.5998,0.5998,0.5998,0.5998,0.152,0.1986,0.0495
4333,laya-ml,en,D-lit,A,C,0,A,1,0,0.8315,0.07980000000000001,0.8315,0.8315,0.8315,0.0152,0.07980000000000001,0.0734
4341,laya-ml,en,D-lit,A,B,0,B,0,1,0.0697,0.8698,0.8698,0.8698,0.0697,0.8698,0.0246,0.0359
4347,laya-ml,en,D-lit,A,B,0,A,1,0,0.6393,0.066,0.6393,0.6393,0.6393,0.066,0.1935,0.1012
4350,laya-ml,en,D-lit,D,B,3,C,0,0,0.1197,0.1071,0.6806,0.6806,0.0926,0.1071,0.6806,0.1197
4353,laya-ml,en,D-lit,A,D,0,A,1,0,0.6918000000000001,0.2394,0.6918000000000001,0.6918000000000001,0.6918000000000001,0.0234,0.0455,0.2394
4362,laya-ml,en,D-lit,B,C,1,C,0,1,0.07930000000000001,0.8216,0.8216,0.8216,0.05,0.07930000000000001,0.8216,0.049100000000000005
4363,laya-ml,en,D-lit,A,D,0,C,0,0,0.19540000000000002,0.1821,0.32230000000000003,0.32230000000000003,0.19540000000000002,0.30010000000000003,0.32230000000000003,0.1821
4365,laya-ml,en,D-lit,C,B,2,C,1,0,0.7163,0.060200000000000004,0.7163,0.7163,0.1202,0.060200000000000004,0.7163,0.1032
4366,laya-ml,en,D-lit,D,C,3,C,0,1,0.06770000000000001,0.8242,0.8242,0.8242,0.038900000000000004,0.0692,0.8242,0.06770000000000001
4375,laya-ml,en,D-lit,C,B,2,B,0,1,0.07640000000000001,0.859,0.859,0.859,0.019,0.859,0.07640000000000001,0.0455
4379,laya-ml,en,D-lit,D,B,3,B,0,1,0.059300000000000005,0.7044,0.7044,0.7044,0.0567,0.7044,0.17950000000000002,0.059300000000000005
4381,laya-ml,en,D-lit,A,D,0,A,1,0,0.39640000000000003,0.12250000000000001,0.39640000000000003,0.39640000000000003,0.39640000000000003,0.2899,0.1912,0.12250000000000001
4389,laya-ml,en,D-lit,B,C,1,B,1,0,0.38270000000000004,0.1015,0.38270000000000004,0.38270000000000004,0.3734,0.38270000000000004,0.1015,0.1424
4393,laya-ml,en,D-lit,C,B,2,C,1,0,0.7391000000000001,0.039400000000000004,0.7391000000000001,0.7391000000000001,0.1272,0.039400000000000004,0.7391000000000001,0.09430000000000001
4398,laya-ml,en,D-lit,A,D,0,A,1,0,0.4363,0.1797,0.4363,0.4363,0.4363,0.106,0.278,0.1797
4399,laya-ml,en,D-lit,B,A,1,A,0,1,0.188,0.5019,0.5019,0.5019,0.5019,0.188,0.2182,0.092
4400,laya-ml,en,D-lit,D,B,3,B,0,1,0.10790000000000001,0.8437,0.8437,0.8437,0.0123,0.8437,0.0361,0.10790000000000001
4402,laya-ml,en,D-lit,C,B,2,B,0,1,0.1278,0.6099,0.6099,0.6099,0.1447,0.6099,0.1278,0.11750000000000001
4403,laya-ml,en,D-lit,C,D,2,B,0,0,0.0878,0.1597,0.6045,0.6045,0.148,0.6045,0.0878,0.1597
4404,laya-ml,en,D-lit,D,C,3,C,0,1,0.24880000000000002,0.40740000000000004,0.40740000000000004,0.40740000000000004,0.16870000000000002,0.1752,0.40740000000000004,0.24880000000000002
4405,laya-ml,en,D-lit,B,C,1,B,1,0,0.3765,0.1932,0.3765,0.3765,0.1223,0.3765,0.1932,0.3079
4406,laya-ml,en,D-lit,D,A,3,C,0,0,0.3352,0.1115,0.5439,0.5439,0.1115,0.0094,0.5439,0.3352
4418,laya-ml,en,D-lit,D,A,3,A,0,1,0.0441,0.8718,0.8718,0.8718,0.8718,0.0653,0.0188,0.0441
4421,laya-ml,en,D-lit,D,B,3,B,0,1,0.2555,0.4107,0.4107,0.4107,0.1265,0.4107,0.2073,0.2555
4422,laya-ml,en,D-lit,D,A,3,A,0,1,0.07880000000000001,0.8887,0.8887,0.8887,0.8887,0.014400000000000001,0.018000000000000002,0.07880000000000001
4423,laya-ml,en,D-lit,C,A,2,C,1,0,0.4058,0.3891,0.4058,0.4058,0.3891,0.1965,0.4058,0.0085
4424,laya-ml,en,D-lit,B,C,1,B,1,0,0.9242,0.0438,0.9242,0.9242,0.0201,0.9242,0.0438,0.0119
4425,laya-ml,en,D-lit,D,A,3,A,0,1,0.255,0.2949,0.2949,0.2949,0.2949,0.2277,0.22240000000000001,0.255
4428,laya-ml,en,D-lit,A,B,0,B,0,1,0.0738,0.6434000000000001,0.6434000000000001,0.6434000000000001,0.0738,0.6434000000000001,0.1985,0.08420000000000001
4429,laya-ml,en,D-lit,D,C,3,C,0,1,0.20850000000000002,0.5211,0.5211,0.5211,0.12860000000000002,0.1418,0.5211,0.20850000000000002
4430,laya-ml,en,D-lit,B,A,1,B,1,0,0.44620000000000004,0.37210000000000004,0.44620000000000004,0.44620000000000004,0.37210000000000004,0.44620000000000004,0.0731,0.1086
4431,laya-ml,en,D-lit,C,D,2,A,0,0,0.1312,0.1125,0.4021,0.4021,0.4021,0.3542,0.1312,0.1125
4434,laya-ml,en,D-lit,C,B,2,D,0,0,0.1268,0.157,0.6721,0.6721,0.0442,0.157,0.1268,0.6721
4444,laya-ml,en,D-lit,C,A,2,D,0,0,0.25670000000000004,0.0912,0.3688,0.3688,0.0912,0.2833,0.25670000000000004,0.3688
4457,laya-ml,en,D-lit,D,A,3,D,1,0,0.4919,0.2281,0.4919,0.4919,0.2281,0.1776,0.1024,0.4919
4458,laya-ml,en,D-lit,D,B,3,D,1,0,0.9128000000000001,0.0381,0.9128000000000001,0.9128000000000001,0.016800000000000002,0.0381,0.0323,0.9128000000000001
4460,laya-ml,en,D-lit,C,B,2,C,1,0,0.8268000000000001,0.0604,0.8268000000000001,0.8268000000000001,0.0558,0.0604,0.8268000000000001,0.057
4464,laya-ml,en,D-lit,C,A,2,C,1,0,0.5259,0.45070000000000005,0.5259,0.5259,0.45070000000000005,0.0076,0.5259,0.0159
4470,laya-ml,en,D-lit,C,B,2,C,1,0,0.9368000000000001,0.043000000000000003,0.9368000000000001,0.9368000000000001,0.0091,0.043000000000000003,0.9368000000000001,0.011
4474,laya-ml,en,D-lit,C,A,2,C,1,0,0.7072,0.08020000000000001,0.7072,0.7072,0.08020000000000001,0.0703,0.7072,0.1423
4475,laya-ml,en,D-lit,D,A,3,D,1,0,0.6891,0.1968,0.6891,0.6891,0.1968,0.0711,0.0431,0.6891
4476,laya-ml,en,D-lit,B,D,1,D,0,1,0.15360000000000001,0.5632,0.5632,0.5632,0.09330000000000001,0.15360000000000001,0.1899,0.5632
4482,laya-ml,en,D-lit,D,B,3,D,1,0,0.2756,0.2137,0.2756,0.2756,0.2654,0.2137,0.24530000000000002,0.2756
4483,laya-ml,en,D-lit,B,C,1,D,0,0,0.219,0.224,0.42560000000000003,0.42560000000000003,0.13140000000000002,0.219,0.224,0.42560000000000003
4496,laya-ml,en,D-lit,D,A,3,A,0,1,0.0145,0.9508000000000001,0.9508000000000001,0.9508000000000001,0.9508000000000001,0.024900000000000002,0.0098,0.0145
4497,laya-ml,en,D-lit,C,D,2,C,1,0,0.6312,0.34700000000000003,0.6312,0.6312,0.010700000000000001,0.0112,0.6312,0.34700000000000003
4498,laya-ml,en,D-lit,C,A,2,C,1,0,0.5487000000000001,0.22970000000000002,0.5487000000000001,0.5487000000000001,0.22970000000000002,0.1364,0.5487000000000001,0.0852
4511,laya-ml,en,D-lit,D,C,3,B,0,0,0.2622,0.1241,0.4948,0.4948,0.1189,0.4948,0.1241,0.2622
4516,laya-ml,en,D-lit,A,D,0,C,0,0,0.26580000000000004,0.2589,0.274,0.274,0.26580000000000004,0.2013,0.274,0.2589
4519,laya-ml,en,D-lit,D,A,3,B,0,0,0.24730000000000002,0.1932,0.2863,0.2863,0.1932,0.2863,0.2732,0.24730000000000002
4520,laya-ml,en,D-lit,D,A,3,B,0,0,0.24750000000000003,0.16840000000000002,0.4358,0.4358,0.16840000000000002,0.4358,0.14830000000000002,0.24750000000000003
4521,laya-ml,en,D-lit,C,A,2,D,0,0,0.0908,0.1241,0.711,0.711,0.1241,0.0741,0.0908,0.711
4523,laya-ml,en,D-lit,C,A,2,C,1,0,0.40240000000000004,0.1689,0.40240000000000004,0.40240000000000004,0.1689,0.21330000000000002,0.40240000000000004,0.2154
4528,laya-ml,en,D-lit,B,D,1,D,0,1,0.48160000000000003,0.493,0.493,0.493,0.0085,0.48160000000000003,0.016900000000000002,0.493
4535,laya-ml,en,D-lit,D,A,3,D,1,0,0.9781000000000001,0.0032,0.9781000000000001,0.9781000000000001,0.0032,0.009600000000000001,0.0092,0.9781000000000001
4538,laya-ml,en,D-lit,A,D,0,A,1,0,0.3332,0.1799,0.3332,0.3332,0.3332,0.21350000000000002,0.27340000000000003,0.1799
4542,laya-ml,en,D-lit,C,B,2,D,0,0,0.22710000000000002,0.2403,0.4385,0.4385,0.0941,0.2403,0.22710000000000002,0.4385
4544,laya-ml,en,D-lit,C,B,2,C,1,0,0.8699,0.074,0.8699,0.8699,0.0189,0.074,0.8699,0.037200000000000004
4546,laya-ml,en,D-lit,B,A,1,A,0,1,0.17930000000000001,0.45170000000000005,0.45170000000000005,0.45170000000000005,0.45170000000000005,0.17930000000000001,0.3252,0.0438
4549,laya-ml,en,D-lit,A,D,0,C,0,0,0.2313,0.09570000000000001,0.3546,0.3546,0.2313,0.3184,0.3546,0.09570000000000001
4550,laya-ml,en,D-lit,D,C,3,C,0,1,0.09480000000000001,0.7463000000000001,0.7463000000000001,0.7463000000000001,0.13090000000000002,0.028,0.7463000000000001,0.09480000000000001
4562,laya-ml,en,D-lit,B,A,1,D,0,0,0.3564,0.1529,0.4481,0.4481,0.1529,0.3564,0.0425,0.4481
4563,laya-ml,en,D-lit,A,C,0,A,1,0,0.9266000000000001,0.0347,0.9266000000000001,0.9266000000000001,0.9266000000000001,0.0076,0.0347,0.031100000000000003
4565,laya-ml,en,D-lit,A,D,0,D,0,1,0.2711,0.6157,0.6157,0.6157,0.2711,0.0352,0.0779,0.6157
4568,laya-ml,en,D-lit,A,C,0,A,1,0,0.9239,0.0357,0.9239,0.9239,0.9239,0.019200000000000002,0.0357,0.0212
4570,laya-ml,en,D-lit,D,B,3,B,0,1,0.3835,0.4988,0.4988,0.4988,0.0874,0.4988,0.0303,0.3835
4571,laya-ml,en,D-lit,B,A,1,A,0,1,0.2197,0.38380000000000003,0.38380000000000003,0.38380000000000003,0.38380000000000003,0.2197,0.1839,0.2126
4574,laya-ml,en,D-lit,D,C,3,C,0,1,0.27790000000000004,0.5394,0.5394,0.5394,0.1105,0.0722,0.5394,0.27790000000000004
4575,laya-ml,en,D-lit,C,B,2,B,0,1,0.0589,0.7973,0.7973,0.7973,0.0843,0.7973,0.0589,0.0594
4580,laya-ml,en,D-lit,D,B,3,B,0,1,0.3165,0.40640000000000004,0.40640000000000004,0.40640000000000004,0.1345,0.40640000000000004,0.1426,0.3165
4589,laya-ml,en,D-lit,D,C,3,C,0,1,0.1978,0.3714,0.3714,0.3714,0.1259,0.3049,0.3714,0.1978
4592,laya-ml,en,D-lit,D,C,3,C,0,1,0.0194,0.8881,0.8881,0.8881,0.0517,0.0408,0.8881,0.0194
4594,laya-ml,en,D-lit,D,B,3,B,0,1,0.0801,0.8,0.8,0.8,0.0981,0.8,0.0218,0.0801
4595,laya-ml,en,D-lit,A,C,0,D,0,0,0.1935,0.31870000000000004,0.37160000000000004,0.37160000000000004,0.1935,0.11620000000000001,0.31870000000000004,0.37160000000000004
4601,laya-ml,en,D-lit,B,C,1,B,1,0,0.5499,0.3458,0.5499,0.5499,0.0658,0.5499,0.3458,0.0385
4602,laya-ml,en,D-lit,B,C,1,A,0,0,0.31670000000000004,0.2348,0.3291,0.3291,0.3291,0.31670000000000004,0.2348,0.1194
4605,laya-ml,en,D-lit,C,A,2,C,1,0,0.7938000000000001,0.12710000000000002,0.7938000000000001,0.7938000000000001,0.12710000000000002,0.0287,0.7938000000000001,0.0504
4608,laya-ml,en,D-lit,A,D,0,A,1,0,0.7123,0.22,0.7123,0.7123,0.7123,0.0451,0.0227,0.22
4614,laya-ml,en,D-lit,B,A,1,D,0,0,0.1057,0.0779,0.7337,0.7337,0.0779,0.1057,0.0826,0.7337
4615,laya-ml,en,D-lit,A,C,0,A,1,0,0.6445000000000001,0.11230000000000001,0.6445000000000001,0.6445000000000001,0.6445000000000001,0.1178,0.11230000000000001,0.1253
4618,laya-ml,en,D-lit,A,D,0,D,0,1,0.1933,0.4515,0.4515,0.4515,0.1933,0.2538,0.1014,0.4515
4619,laya-ml,en,D-lit,B,A,1,A,0,1,0.11710000000000001,0.4665,0.4665,0.4665,0.4665,0.11710000000000001,0.1698,0.2466
4623,laya-ml,en,D-lit,A,C,0,D,0,0,0.2409,0.0714,0.5722,0.5722,0.2409,0.1155,0.0714,0.5722
4628,laya-ml,en,D-lit,A,B,0,A,1,0,0.502,0.0575,0.502,0.502,0.502,0.0575,0.36250000000000004,0.078
4633,laya-ml,en,D-lit,A,D,0,A,1,0,0.8152,0.0413,0.8152,0.8152,0.8152,0.0562,0.0873,0.0413
4635,laya-ml,en,D-lit,B,C,1,B,1,0,0.6778000000000001,0.1351,0.6778000000000001,0.6778000000000001,0.07730000000000001,0.6778000000000001,0.1351,0.10980000000000001
4637,laya-ml,en,D-lit,C,B,2,C,1,0,0.8097000000000001,0.10020000000000001,0.8097000000000001,0.8097000000000001,0.0329,0.10020000000000001,0.8097000000000001,0.0572
4638,laya-ml,en,D-lit,C,A,2,C,1,0,0.7994,0.057800000000000004,0.7994,0.7994,0.057800000000000004,0.0599,0.7994,0.0828
4643,laya-ml,en,D-lit,B,C,1,B,1,0,0.6862,0.21660000000000001,0.6862,0.6862,0.053500000000000006,0.6862,0.21660000000000001,0.0437
4651,laya-ml,en,D-lit,C,B,2,C,1,0,0.3885,0.35000000000000003,0.3885,0.3885,0.2506,0.35000000000000003,0.3885,0.0109
4653,laya-ml,en,D-lit,B,D,1,B,1,0,0.7778,0.1199,0.7778,0.7778,0.051300000000000005,0.7778,0.051000000000000004,0.1199
4655,laya-ml,en,D-lit,D,A,3,A,0,1,0.051500000000000004,0.8931,0.8931,0.8931,0.8931,0.038400000000000004,0.017,0.051500000000000004
4664,laya-ml,en,D-lit,A,D,0,B,0,0,0.18130000000000002,0.2273,0.3719,0.3719,0.18130000000000002,0.3719,0.2195,0.2273
4666,laya-ml,en,D-lit,C,A,2,C,1,0,0.4798,0.0473,0.4798,0.4798,0.0473,0.048100000000000004,0.4798,0.4247
4671,laya-ml,en,D-lit,A,C,0,C,0,1,0.0439,0.9035000000000001,0.9035000000000001,0.9035000000000001,0.0439,0.0119,0.9035000000000001,0.0407
4674,laya-ml,en,D-lit,C,D,2,D,0,1,0.013900000000000001,0.7411,0.7411,0.7411,0.0426,0.2024,0.013900000000000001,0.7411
4675,laya-ml,en,D-lit,C,B,2,B,0,1,0.074,0.6812,0.6812,0.6812,0.0246,0.6812,0.074,0.2202
4677,laya-ml,en,D-lit,D,C,3,C,0,1,0.1048,0.47100000000000003,0.47100000000000003,0.47100000000000003,0.27690000000000003,0.14730000000000001,0.47100000000000003,0.1048
4681,laya-ml,en,D-lit,B,A,1,A,0,1,0.4521,0.4662,0.4662,0.4662,0.4662,0.4521,0.0195,0.062200000000000005
4684,laya-ml,en,D-lit,C,A,2,A,0,1,0.13570000000000002,0.8412000000000001,0.8412000000000001,0.8412000000000001,0.8412000000000001,0.0061,0.13570000000000002,0.017
4686,laya-ml,en,D-lit,A,D,0,D,0,1,0.20140000000000002,0.6396000000000001,0.6396000000000001,0.6396000000000001,0.20140000000000002,0.0777,0.08120000000000001,0.6396000000000001
4687,laya-ml,en,D-lit,D,C,3,C,0,1,0.2606,0.3796,0.3796,0.3796,0.1403,0.2195,0.3796,0.2606
4692,laya-ml,en,D-lit,C,D,2,C,1,0,0.5207,0.0765,0.5207,0.5207,0.1628,0.2399,0.5207,0.0765
4701,laya-ml,en,D-lit,A,B,0,B,0,1,0.2597,0.3556,0.3556,0.3556,0.2597,0.3556,0.1325,0.25220000000000004
4704,laya-ml,en,D-lit,A,B,0,A,1,0,0.4575,0.2454,0.4575,0.4575,0.4575,0.2454,0.14170000000000002,0.1555
4709,laya-ml,en,D-lit,A,D,0,A,1,0,0.5248,0.1933,0.5248,0.5248,0.5248,0.0625,0.2194,0.1933
4711,laya-ml,en,D-lit,D,A,3,D,1,0,0.3473,0.2524,0.3473,0.3473,0.2524,0.1752,0.22510000000000002,0.3473
4720,laya-ml,en,D-lit,B,D,1,B,1,0,0.4454,0.2649,0.4454,0.4454,0.0771,0.4454,0.2126,0.2649
4721,laya-ml,en,D-lit,B,D,1,D,0,1,0.2586,0.39330000000000004,0.39330000000000004,0.39330000000000004,0.2763,0.2586,0.0718,0.39330000000000004
4723,laya-ml,en,D-lit,A,C,0,C,0,1,0.09720000000000001,0.6367,0.6367,0.6367,0.09720000000000001,0.14120000000000002,0.6367,0.12480000000000001
4727,laya-ml,en,D-lit,B,D,1,D,0,1,0.16620000000000001,0.6463,0.6463,0.6463,0.046,0.16620000000000001,0.1416,0.6463
4728,laya-ml,en,D-lit,A,D,0,D,0,1,0.37370000000000003,0.4582,0.4582,0.4582,0.37370000000000003,0.1241,0.044,0.4582
4729,laya-ml,en,D-lit,A,B,0,B,0,1,0.037700000000000004,0.9418000000000001,0.9418000000000001,0.9418000000000001,0.037700000000000004,0.9418000000000001,0.0036000000000000003,0.016900000000000002
4739,laya-ml,en,D-lit,C,B,2,C,1,0,0.4526,0.2882,0.4526,0.4526,0.0663,0.2882,0.4526,0.19290000000000002
4740,laya-ml,en,D-lit,B,A,1,A,0,1,0.0383,0.8953000000000001,0.8953000000000001,0.8953000000000001,0.8953000000000001,0.0383,0.0149,0.0514
4741,laya-ml,en,D-lit,A,C,0,D,0,0,0.0782,0.0649,0.5377000000000001,0.5377000000000001,0.0782,0.31930000000000003,0.0649,0.5377000000000001
4743,laya-ml,en,D-lit,D,B,3,D,1,0,0.7748,0.1305,0.7748,0.7748,0.0475,0.1305,0.0472,0.7748
4744,laya-ml,en,D-lit,B,A,1,D,0,0,0.1257,0.16690000000000002,0.38770000000000004,0.38770000000000004,0.16690000000000002,0.1257,0.31970000000000004,0.38770000000000004
4751,laya-ml,en,D-lit,D,A,3,D,1,0,0.5121,0.1336,0.5121,0.5121,0.1336,0.2499,0.1044,0.5121
4753,laya-ml,en,D-lit,D,A,3,D,1,0,0.3312,0.30960000000000004,0.3312,0.3312,0.30960000000000004,0.25520000000000004,0.1041,0.3312
4754,laya-ml,en,D-lit,C,B,2,B,0,1,0.21430000000000002,0.7062,0.7062,0.7062,0.0165,0.7062,0.21430000000000002,0.0631
4763,laya-ml,en,D-lit,C,D,2,C,1,0,0.4792,0.2591,0.4792,0.4792,0.18730000000000002,0.07440000000000001,0.4792,0.2591
4765,laya-ml,en,D-lit,C,B,2,B,0,1,0.15480000000000002,0.6949000000000001,0.6949000000000001,0.6949000000000001,0.0313,0.6949000000000001,0.15480000000000002,0.11910000000000001
4767,laya-ml,en,D-lit,D,A,3,A,0,1,0.1804,0.5036,0.5036,0.5036,0.5036,0.27040000000000003,0.0456,0.1804
4770,laya-ml,en,D-lit,C,A,2,B,0,0,0.1522,0.0325,0.6796,0.6796,0.0325,0.6796,0.1522,0.13570000000000002
4784,laya-ml,en,D-lit,C,A,2,A,0,1,0.049300000000000004,0.8662000000000001,0.8662000000000001,0.8662000000000001,0.8662000000000001,0.023700000000000002,0.049300000000000004,0.060700000000000004
4787,laya-ml,en,D-lit,D,C,3,D,1,0,0.8309000000000001,0.0926,0.8309000000000001,0.8309000000000001,0.0381,0.0385,0.0926,0.8309000000000001
4792,laya-ml,en,D-lit,B,C,1,C,0,1,0.3054,0.3879,0.3879,0.3879,0.059000000000000004,0.3054,0.3879,0.24760000000000001
4812,laya-ml,en,D-lit,D,B,3,B,0,1,0.1401,0.46640000000000004,0.46640000000000004,0.46640000000000004,0.1777,0.46640000000000004,0.2159,0.1401
4813,laya-ml,en,D-lit,B,D,1,B,1,0,0.539,0.13670000000000002,0.539,0.539,0.13520000000000001,0.539,0.189,0.13670000000000002
4816,laya-ml,en,D-lit,B,A,1,D,0,0,0.24930000000000002,0.1641,0.4379,0.4379,0.1641,0.24930000000000002,0.14880000000000002,0.4379
4817,laya-ml,en,D-lit,D,A,3,D,1,0,0.7582,0.094,0.7582,0.7582,0.094,0.0978,0.0499,0.7582
4821,laya-ml,en,D-lit,D,C,3,D,1,0,0.4559,0.1062,0.4559,0.4559,0.0499,0.388,0.1062,0.4559
4825,laya-ml,en,D-lit,D,B,3,D,1,0,0.4561,0.1134,0.4561,0.4561,0.209,0.1134,0.2214,0.4561
4830,laya-ml,en,D-lit,A,C,0,C,0,1,0.3057,0.461,0.461,0.461,0.3057,0.1012,0.461,0.1321
4838,laya-ml,en,D-lit,A,B,0,A,1,0,0.4682,0.3644,0.4682,0.4682,0.4682,0.3644,0.0651,0.1023
4839,laya-ml,en,D-lit,C,A,2,C,1,0,0.8526,0.046700000000000005,0.8526,0.8526,0.046700000000000005,0.0273,0.8526,0.0733
4840,laya-ml,en,D-lit,D,A,3,D,1,0,0.4058,0.1655,0.4058,0.4058,0.1655,0.3299,0.0988,0.4058
4841,laya-ml,en,D-lit,C,B,2,B,0,1,0.0878,0.8018000000000001,0.8018000000000001,0.8018000000000001,0.029300000000000003,0.8018000000000001,0.0878,0.0811
4844,laya-ml,en,D-lit,D,C,3,D,1,0,0.3826,0.32220000000000004,0.3826,0.3826,0.2629,0.0323,0.32220000000000004,0.3826
4846,laya-ml,en,D-lit,B,C,1,B,1,0,0.5549000000000001,0.0695,0.5549000000000001,0.5549000000000001,0.10010000000000001,0.5549000000000001,0.0695,0.2755
4852,laya-ml,en,D-lit,A,D,0,A,1,0,0.5658000000000001,0.2856,0.5658000000000001,0.5658000000000001,0.5658000000000001,0.0582,0.09040000000000001,0.2856
4857,laya-ml,en,D-lit,C,A,2,C,1,0,0.7652,0.09040000000000001,0.7652,0.7652,0.09040000000000001,0.0427,0.7652,0.1018
4865,laya-ml,en,D-lit,D,B,3,D,1,0,0.5691,0.0204,0.5691,0.5691,0.38720000000000004,0.0204,0.0233,0.5691
4868,laya-ml,en,D-lit,D,C,3,A,0,0,0.3704,0.055,0.5659000000000001,0.5659000000000001,0.5659000000000001,0.0088,0.055,0.3704
4869,laya-ml,en,D-lit,C,A,2,A,0,1,0.1618,0.41440000000000005,0.41440000000000005,0.41440000000000005,0.41440000000000005,0.1288,0.1618,0.295
4872,laya-ml,en,D-lit,A,D,0,B,0,0,0.277,0.1801,0.4081,0.4081,0.277,0.4081,0.13470000000000001,0.1801
4879,laya-ml,en,D-lit,B,A,1,C,0,0,0.4248,0.0524,0.47500000000000003,0.47500000000000003,0.0524,0.4248,0.47500000000000003,0.0478
4883,laya-ml,en,D-lit,B,A,1,A,0,1,0.0444,0.9394,0.9394,0.9394,0.9394,0.0444,0.0059,0.0103
4885,laya-ml,en,D-lit,D,A,3,B,0,0,0.2793,0.18560000000000001,0.326,0.326,0.18560000000000001,0.326,0.2091,0.2793
4886,laya-ml,en,D-lit,A,D,0,B,0,0,0.2363,0.228,0.3151,0.3151,0.2363,0.3151,0.22060000000000002,0.228
4888,laya-ml,en,D-lit,D,B,3,B,0,1,0.2928,0.5335,0.5335,0.5335,0.09240000000000001,0.5335,0.0814,0.2928
4890,laya-ml,en,D-lit,B,D,1,C,0,0,0.2947,0.11220000000000001,0.4922,0.4922,0.1009,0.2947,0.4922,0.11220000000000001
4892,laya-ml,en,D-lit,C,D,2,C,1,0,0.3799,0.2644,0.3799,0.3799,0.1447,0.211,0.3799,0.2644
4893,laya-ml,en,D-lit,A,C,0,C,0,1,0.329,0.5163,0.5163,0.5163,0.329,0.0644,0.5163,0.0903
4897,laya-ml,en,D-lit,C,D,2,C,1,0,0.3738,0.2048,0.3738,0.3738,0.30970000000000003,0.11170000000000001,0.3738,0.2048
4898,laya-ml,en,D-lit,B,C,1,C,0,1,0.2763,0.5218,0.5218,0.5218,0.0425,0.2763,0.5218,0.15940000000000001
4902,laya-ml,en,D-lit,C,D,2,C,1,0,0.7536,0.061900000000000004,0.7536,0.7536,0.1255,0.0589,0.7536,0.061900000000000004
4903,laya-ml,en,D-lit,A,C,0,A,1,0,0.4325,0.0528,0.4325,0.4325,0.4325,0.1406,0.0528,0.37410000000000004
4905,laya-ml,en,D-lit,A,B,0,A,1,0,0.5329,0.2682,0.5329,0.5329,0.5329,0.2682,0.0708,0.128
4906,laya-ml,en,D-lit,B,A,1,B,1,0,0.7481,0.0112,0.7481,0.7481,0.0112,0.7481,0.1145,0.12610000000000002
4907,laya-ml,en,D-lit,B,A,1,B,1,0,0.6187,0.1945,0.6187,0.6187,0.1945,0.6187,0.13290000000000002,0.0539
4909,laya-ml,en,D-lit,D,B,3,B,0,1,0.3098,0.3322,0.3322,0.3322,0.2665,0.3322,0.0916,0.3098
4910,laya-ml,en,D-lit,B,D,1,C,0,0,0.3235,0.0806,0.5518000000000001,0.5518000000000001,0.0441,0.3235,0.5518000000000001,0.0806
4911,laya-ml,en,D-lit,B,A,1,B,1,0,0.6455000000000001,0.0724,0.6455000000000001,0.6455000000000001,0.0724,0.6455000000000001,0.15940000000000001,0.1227
4916,laya-ml,en,D-lit,C,B,2,D,0,0,0.1754,0.0876,0.45080000000000003,0.45080000000000003,0.2863,0.0876,0.1754,0.45080000000000003
4917,laya-ml,en,D-lit,B,C,1,B,1,0,0.3549,0.297,0.3549,0.3549,0.157,0.3549,0.297,0.1912
4919,laya-ml,en,D-lit,C,B,2,C,1,0,0.3548,0.2374,0.3548,0.3548,0.19390000000000002,0.2374,0.3548,0.2139
4925,laya-ml,en,D-lit,D,C,3,B,0,0,0.0915,0.21080000000000002,0.42750000000000005,0.42750000000000005,0.27030000000000004,0.42750000000000005,0.21080000000000002,0.0915
4928,laya-ml,en,D-lit,C,B,2,C,1,0,0.5495,0.1744,0.5495,0.5495,0.2156,0.1744,0.5495,0.0604
4932,laya-ml,en,D-lit,D,C,3,D,1,0,0.3421,0.16590000000000002,0.3421,0.3421,0.3019,0.1902,0.16590000000000002,0.3421
4947,laya-ml,en,D-lit,D,B,3,B,0,1,0.1845,0.5699000000000001,0.5699000000000001,0.5699000000000001,0.1698,0.5699000000000001,0.07590000000000001,0.1845
4953,laya-ml,en,D-lit,A,B,0,B,0,1,0.17070000000000002,0.5387000000000001,0.5387000000000001,0.5387000000000001,0.17070000000000002,0.5387000000000001,0.23970000000000002,0.0509
4960,laya-ml,en,D-lit,A,C,0,C,0,1,0.41960000000000003,0.4333,0.4333,0.4333,0.41960000000000003,0.050100000000000006,0.4333,0.0971
4965,laya-ml,en,D-lit,C,B,2,B,0,1,0.1217,0.6968000000000001,0.6968000000000001,0.6968000000000001,0.07970000000000001,0.6968000000000001,0.1217,0.1018
4966,laya-ml,en,D-lit,C,D,2,C,1,0,0.667,0.1844,0.667,0.667,0.0236,0.125,0.667,0.1844
4969,laya-ml,en,D-lit,D,A,3,D,1,0,0.5876,0.34700000000000003,0.5876,0.5876,0.34700000000000003,0.0461,0.0194,0.5876
4970,laya-ml,en,D-lit,B,D,1,D,0,1,0.32530000000000003,0.3501,0.3501,0.3501,0.1199,0.32530000000000003,0.2046,0.3501
4972,laya-ml,en,D-lit,D,B,3,B,0,1,0.2136,0.3809,0.3809,0.3809,0.061200000000000004,0.3809,0.3443,0.2136
4982,laya-ml,en,D-lit,B,A,1,B,1,0,0.8911,0.0833,0.8911,0.8911,0.0833,0.8911,0.0041,0.021500000000000002
4983,laya-ml,en,D-lit,B,A,1,A,0,1,0.21580000000000002,0.6505000000000001,0.6505000000000001,0.6505000000000001,0.6505000000000001,0.21580000000000002,0.0654,0.0684
4996,laya-ml,en,D-lit,D,B,3,B,0,1,0.0099,0.9749000000000001,0.9749000000000001,0.9749000000000001,0.0079,0.9749000000000001,0.0073,0.0099
4998,laya-ml,en,D-lit,A,D,0,A,1,0,0.7878000000000001,0.1092,0.7878000000000001,0.7878000000000001,0.7878000000000001,0.0505,0.052500000000000005,0.1092
5007,laya-ml,en,D-lit,A,D,0,A,1,0,0.6512,0.1877,0.6512,0.6512,0.6512,0.13190000000000002,0.0292,0.1877
5008,laya-ml,en,D-lit,B,C,1,B,1,0,0.8446,0.1102,0.8446,0.8446,0.025400000000000002,0.8446,0.1102,0.0198
5018,laya-ml,en,D-lit,D,B,3,D,1,0,0.5493,0.1312,0.5493,0.5493,0.097,0.1312,0.2225,0.5493
5027,laya-ml,en,D-lit,D,C,3,B,0,0,0.11120000000000001,0.1221,0.6859000000000001,0.6859000000000001,0.08070000000000001,0.6859000000000001,0.1221,0.11120000000000001
5038,laya-ml,en,D-lit,D,B,3,C,0,0,0.1726,0.26730000000000004,0.4923,0.4923,0.0678,0.26730000000000004,0.4923,0.1726
5040,laya-ml,en,D-lit,A,D,0,D,0,1,0.30310000000000004,0.4685,0.4685,0.4685,0.30310000000000004,0.058300000000000005,0.1701,0.4685
5045,laya-ml,en,D-lit,A,B,0,B,0,1,0.016800000000000002,0.8747,0.8747,0.8747,0.016800000000000002,0.8747,0.0125,0.096
5046,laya-ml,en,D-lit,B,D,1,B,1,0,0.8131,0.128,0.8131,0.8131,0.0478,0.8131,0.0112,0.128
5051,laya-ml,en,D-lit,D,A,3,C,0,0,0.1733,0.1189,0.5245000000000001,0.5245000000000001,0.1189,0.1832,0.5245000000000001,0.1733
5053,laya-ml,en,D-lit,A,C,0,C,0,1,0.0126,0.9656,0.9656,0.9656,0.0126,0.0081,0.9656,0.0137
5054,laya-ml,en,D-lit,C,A,2,A,0,1,0.0164,0.9763000000000001,0.9763000000000001,0.9763000000000001,0.9763000000000001,0.0053,0.0164,0.002
5055,laya-ml,en,D-lit,A,B,0,A,1,0,0.6883,0.2803,0.6883,0.6883,0.6883,0.2803,0.006900000000000001,0.0246
5056,laya-ml,en,D-lit,D,A,3,A,0,1,0.2909,0.49810000000000004,0.49810000000000004,0.49810000000000004,0.49810000000000004,0.1427,0.0683,0.2909
5058,laya-ml,en,D-lit,B,C,1,B,1,0,0.44270000000000004,0.1253,0.44270000000000004,0.44270000000000004,0.2026,0.44270000000000004,0.1253,0.22940000000000002
5063,laya-ml,en,D-lit,D,A,3,D,1,0,0.3443,0.3009,0.3443,0.3443,0.3009,0.0897,0.2652,0.3443
5064,laya-ml,en,D-lit,C,B,2,C,1,0,0.3996,0.20090000000000002,0.3996,0.3996,0.2733,0.20090000000000002,0.3996,0.1262
5075,laya-ml,en,D-lit,C,A,2,C,1,0,0.3694,0.3425,0.3694,0.3694,0.3425,0.1452,0.3694,0.1429
5078,laya-ml,en,D-lit,A,B,0,B,0,1,0.2245,0.4183,0.4183,0.4183,0.2245,0.4183,0.07680000000000001,0.28040000000000004
5084,laya-ml,en,D-lit,D,C,3,D,1,0,0.3528,0.20720000000000002,0.3528,0.3528,0.2712,0.1688,0.20720000000000002,0.3528
5085,laya-ml,en,D-lit,C,D,2,C,1,0,0.5441,0.0441,0.5441,0.5441,0.381,0.0307,0.5441,0.0441
5086,laya-ml,en,D-lit,C,A,2,A,0,1,0.1695,0.33540000000000003,0.33540000000000003,0.33540000000000003,0.33540000000000003,0.21050000000000002,0.1695,0.2846
5087,laya-ml,en,D-lit,C,D,2,D,0,1,0.33790000000000003,0.3391,0.3391,0.3391,0.2165,0.10640000000000001,0.33790000000000003,0.3391
5090,laya-ml,en,D-lit,B,C,1,D,0,0,0.16620000000000001,0.27040000000000003,0.3975,0.3975,0.16590000000000002,0.16620000000000001,0.27040000000000003,0.3975
5091,laya-ml,en,D-lit,D,C,3,D,1,0,0.3845,0.24050000000000002,0.3845,0.3845,0.16110000000000002,0.2139,0.24050000000000002,0.3845
5092,laya-ml,en,D-lit,B,D,1,D,0,1,0.1535,0.428,0.428,0.428,0.09290000000000001,0.1535,0.3256,0.428
5094,laya-ml,en,D-lit,D,A,3,D,1,0,0.5945,0.0682,0.5945,0.5945,0.0682,0.289,0.0483,0.5945
5096,laya-ml,en,D-lit,D,C,3,C,0,1,0.0146,0.9318000000000001,0.9318000000000001,0.9318000000000001,0.0148,0.0388,0.9318000000000001,0.0146
5097,laya-ml,en,D-lit,B,C,1,D,0,0,0.0451,0.0912,0.8459,0.8459,0.0178,0.0451,0.0912,0.8459
5098,laya-ml,en,D-lit,C,A,2,A,0,1,0.20270000000000002,0.7225,0.7225,0.7225,0.7225,0.0395,0.20270000000000002,0.0352
5099,laya-ml,en,D-lit,D,A,3,B,0,0,0.3448,0.14830000000000002,0.45630000000000004,0.45630000000000004,0.14830000000000002,0.45630000000000004,0.0506,0.3448
5100,laya-ml,en,D-lit,B,A,1,A,0,1,0.023700000000000002,0.9107000000000001,0.9107000000000001,0.9107000000000001,0.9107000000000001,0.023700000000000002,0.015700000000000002,0.0499
5101,laya-ml,en,D-lit,C,D,2,C,1,0,0.4031,0.2447,0.4031,0.4031,0.3088,0.0434,0.4031,0.2447
5106,laya-ml,en,D-lit,C,D,2,C,1,0,0.6234000000000001,0.1608,0.6234000000000001,0.6234000000000001,0.1451,0.0707,0.6234000000000001,0.1608
5110,laya-ml,en,D-lit,C,D,2,C,1,0,0.9648,0.0159,0.9648,0.9648,0.0106,0.008700000000000001,0.9648,0.0159
5112,laya-ml,en,D-lit,D,A,3,D,1,0,0.7030000000000001,0.1666,0.7030000000000001,0.7030000000000001,0.1666,0.0703,0.0601,0.7030000000000001
5121,laya-ml,en,D-lit,B,C,1,D,0,0,0.1431,0.1345,0.6682,0.6682,0.054200000000000005,0.1431,0.1345,0.6682
5123,laya-ml,en,D-lit,A,C,0,C,0,1,0.0037,0.9342,0.9342,0.9342,0.0037,0.013000000000000001,0.9342,0.049100000000000005
5125,laya-ml,en,D-lit,A,C,0,C,0,1,0.0126,0.9391,0.9391,0.9391,0.0126,0.033,0.9391,0.015300000000000001
5126,laya-ml,en,D-lit,A,D,0,D,0,1,0.1263,0.598,0.598,0.598,0.1263,0.18660000000000002,0.0891,0.598
5133,laya-ml,en,D-lit,B,C,1,A,0,0,0.1401,0.1197,0.49510000000000004,0.49510000000000004,0.49510000000000004,0.1401,0.1197,0.2451
5135,laya-ml,en,D-lit,B,C,1,C,0,1,0.1613,0.7565000000000001,0.7565000000000001,0.7565000000000001,0.07250000000000001,0.1613,0.7565000000000001,0.009600000000000001
5136,laya-ml,en,D-lit,C,D,2,D,0,1,0.11410000000000001,0.4434,0.4434,0.4434,0.2154,0.22710000000000002,0.11410000000000001,0.4434
5139,laya-ml,en,D-lit,A,D,0,D,0,1,0.3302,0.5263,0.5263,0.5263,0.3302,0.040400000000000005,0.10310000000000001,0.5263
5140,laya-ml,en,D-lit,A,B,0,B,0,1,0.0453,0.917,0.917,0.917,0.0453,0.917,0.0162,0.021400000000000002
5141,laya-ml,en,D-lit,D,B,3,D,1,0,0.9253,0.0429,0.9253,0.9253,0.0238,0.0429,0.008,0.9253
5143,laya-ml,en,D-lit,A,C,0,C,0,1,0.31920000000000004,0.43860000000000005,0.43860000000000005,0.43860000000000005,0.31920000000000004,0.0942,0.43860000000000005,0.1481
5144,laya-ml,en,D-lit,B,C,1,C,0,1,0.0716,0.6897,0.6897,0.6897,0.07590000000000001,0.0716,0.6897,0.1628
5145,laya-ml,en,D-lit,B,A,1,A,0,1,0.2564,0.3306,0.3306,0.3306,0.3306,0.2564,0.2414,0.17170000000000002
5146,laya-ml,en,D-lit,C,D,2,C,1,0,0.9928,0.0036000000000000003,0.9928,0.9928,0.0015,0.0021000000000000003,0.9928,0.0036000000000000003
5148,laya-ml,en,D-lit,B,D,1,D,0,1,0.1395,0.8212,0.8212,0.8212,0.0175,0.1395,0.0218,0.8212
5149,laya-ml,en,D-lit,A,D,0,A,1,0,0.9173,0.0495,0.9173,0.9173,0.9173,0.0148,0.0184,0.0495
5151,laya-ml,en,D-lit,C,D,2,D,0,1,0.2023,0.3582,0.3582,0.3582,0.2974,0.1421,0.2023,0.3582
5152,laya-ml,en,D-lit,B,D,1,B,1,0,0.6663,0.1602,0.6663,0.6663,0.0799,0.6663,0.0936,0.1602
5156,laya-ml,en,D-lit,A,D,0,A,1,0,0.9337000000000001,0.043500000000000004,0.9337000000000001,0.9337000000000001,0.9337000000000001,0.013800000000000002,0.009000000000000001,0.043500000000000004
5158,laya-ml,en,D-lit,A,D,0,A,1,0,0.4072,0.09430000000000001,0.4072,0.4072,0.4072,0.12710000000000002,0.3714,0.09430000000000001
5160,laya-ml,en,D-lit,B,D,1,B,1,0,0.4475,0.2923,0.4475,0.4475,0.061,0.4475,0.19920000000000002,0.2923
5163,laya-ml,en,D-lit,C,A,2,C,1,0,0.3524,0.32130000000000003,0.3524,0.3524,0.32130000000000003,0.19190000000000002,0.3524,0.13440000000000002
5170,laya-ml,en,D-lit,B,D,1,B,1,0,0.3108,0.2432,0.3108,0.3108,0.20420000000000002,0.3108,0.24180000000000001,0.2432
5179,laya-ml,en,D-lit,C,D,2,D,0,1,0.2738,0.6042000000000001,0.6042000000000001,0.6042000000000001,0.0623,0.0597,0.2738,0.6042000000000001
5188,laya-ml,en,D-lit,D,B,3,B,0,1,0.0274,0.9066000000000001,0.9066000000000001,0.9066000000000001,0.015600000000000001,0.9066000000000001,0.0504,0.0274
5189,laya-ml,en,D-lit,C,D,2,C,1,0,0.5175000000000001,0.1628,0.5175000000000001,0.5175000000000001,0.0689,0.25070000000000003,0.5175000000000001,0.1628
5190,laya-ml,en,D-lit,A,D,0,B,0,0,0.15610000000000002,0.12340000000000001,0.46580000000000005,0.46580000000000005,0.15610000000000002,0.46580000000000005,0.25470000000000004,0.12340000000000001
5192,laya-ml,en,D-lit,D,C,3,C,0,1,0.2526,0.31670000000000004,0.31670000000000004,0.31670000000000004,0.2482,0.1825,0.31670000000000004,0.2526
5199,laya-ml,en,D-lit,C,A,2,C,1,0,0.4027,0.20950000000000002,0.4027,0.4027,0.20950000000000002,0.2828,0.4027,0.105
5209,laya-ml,en,D-lit,D,C,3,D,1,0,0.45020000000000004,0.4354,0.45020000000000004,0.45020000000000004,0.0317,0.0826,0.4354,0.45020000000000004
5215,laya-ml,en,D-lit,A,C,0,C,0,1,0.1633,0.7388,0.7388,0.7388,0.1633,0.0292,0.7388,0.0687
5216,laya-ml,en,D-lit,A,D,0,D,0,1,0.06720000000000001,0.6903,0.6903,0.6903,0.06720000000000001,0.0368,0.20570000000000002,0.6903
5217,laya-ml,en,D-lit,C,A,2,C,1,0,0.9234,0.04,0.9234,0.9234,0.04,0.0216,0.9234,0.0151
5221,laya-ml,en,D-lit,A,B,0,A,1,0,0.5519000000000001,0.38120000000000004,0.5519000000000001,0.5519000000000001,0.5519000000000001,0.38120000000000004,0.0219,0.0451
5224,laya-ml,en,D-lit,D,C,3,C,0,1,0.058800000000000005,0.7375,0.7375,0.7375,0.09480000000000001,0.10880000000000001,0.7375,0.058800000000000005
5228,laya-ml,en,D-lit,A,B,0,A,1,0,0.633,0.1318,0.633,0.633,0.633,0.1318,0.1408,0.0944
5229,laya-ml,en,D-lit,A,D,0,C,0,0,0.1676,0.23770000000000002,0.4297,0.4297,0.1676,0.165,0.4297,0.23770000000000002
5230,laya-ml,en,D-lit,B,A,1,B,1,0,0.497,0.29410000000000003,0.497,0.497,0.29410000000000003,0.497,0.1005,0.10840000000000001
5234,laya-ml,en,D-lit,C,B,2,C,1,0,0.49210000000000004,0.1363,0.49210000000000004,0.49210000000000004,0.1337,0.1363,0.49210000000000004,0.2379
5236,laya-ml,en,D-lit,A,C,0,D,0,0,0.2094,0.14150000000000001,0.3367,0.3367,0.2094,0.3123,0.14150000000000001,0.3367
5240,laya-ml,en,D-lit,C,D,2,C,1,0,0.5743,0.12050000000000001,0.5743,0.5743,0.18810000000000002,0.11710000000000001,0.5743,0.12050000000000001
5248,laya-ml,en,D-lit,B,D,1,B,1,0,0.626,0.1768,0.626,0.626,0.1015,0.626,0.09570000000000001,0.1768
5258,laya-ml,en,D-lit,D,A,3,D,1,0,0.7466,0.0815,0.7466,0.7466,0.0815,0.0978,0.074,0.7466
5262,laya-ml,en,D-lit,A,B,0,B,0,1,0.10300000000000001,0.5919,0.5919,0.5919,0.10300000000000001,0.5919,0.148,0.15710000000000002
5264,laya-ml,en,D-lit,C,D,2,C,1,0,0.8312,0.0918,0.8312,0.8312,0.029500000000000002,0.0475,0.8312,0.0918
5266,laya-ml,en,D-lit,B,D,1,C,0,0,0.2589,0.1134,0.40390000000000004,0.40390000000000004,0.2238,0.2589,0.40390000000000004,0.1134
5271,laya-ml,en,D-lit,A,D,0,D,0,1,0.21780000000000002,0.4751,0.4751,0.4751,0.21780000000000002,0.11330000000000001,0.19390000000000002,0.4751
5273,laya-ml,en,D-lit,C,A,2,C,1,0,0.3221,0.1468,0.3221,0.3221,0.1468,0.30510000000000004,0.3221,0.226
5286,laya-ml,en,D-lit,A,D,0,B,0,0,0.2389,0.2119,0.3456,0.3456,0.2389,0.3456,0.2036,0.2119
5287,laya-ml,en,D-lit,A,B,0,A,1,0,0.7815000000000001,0.1085,0.7815000000000001,0.7815000000000001,0.7815000000000001,0.1085,0.0694,0.040600000000000004
5295,laya-ml,en,D-lit,A,D,0,D,0,1,0.24250000000000002,0.3945,0.3945,0.3945,0.24250000000000002,0.1228,0.24020000000000002,0.3945
5296,laya-ml,en,D-lit,A,D,0,A,1,0,0.3704,0.2856,0.3704,0.3704,0.3704,0.148,0.196,0.2856
5299,laya-ml,en,D-lit,A,D,0,D,0,1,0.1617,0.46530000000000005,0.46530000000000005,0.46530000000000005,0.1617,0.09960000000000001,0.2733,0.46530000000000005
5301,laya-ml,en,D-lit,D,B,3,B,0,1,0.2656,0.4446,0.4446,0.4446,0.20950000000000002,0.4446,0.08020000000000001,0.2656
5302,laya-ml,en,D-lit,B,C,1,B,1,0,0.8687,0.029500000000000002,0.8687,0.8687,0.0146,0.8687,0.029500000000000002,0.0872
5305,laya-ml,en,D-lit,A,B,0,A,1,0,0.37120000000000003,0.2104,0.37120000000000003,0.37120000000000003,0.37120000000000003,0.2104,0.2462,0.17220000000000002
5307,laya-ml,en,D-lit,A,C,0,D,0,0,0.2727,0.2975,0.34590000000000004,0.34590000000000004,0.2727,0.0838,0.2975,0.34590000000000004
5321,laya-ml,en,D-lit,B,C,1,C,0,1,0.28,0.3269,0.3269,0.3269,0.2797,0.28,0.3269,0.1135
5322,laya-ml,en,D-lit,D,B,3,D,1,0,0.453,0.3337,0.453,0.453,0.0689,0.3337,0.1444,0.453
5328,laya-ml,en,D-lit,A,B,0,A,1,0,0.6147,0.15860000000000002,0.6147,0.6147,0.6147,0.15860000000000002,0.09970000000000001,0.1269
5329,laya-ml,en,D-lit,A,B,0,D,0,0,0.0398,0.3546,0.4066,0.4066,0.0398,0.3546,0.199,0.4066
5334,laya-ml,en,D-lit,A,C,0,B,0,0,0.3185,0.1343,0.32730000000000004,0.32730000000000004,0.3185,0.32730000000000004,0.1343,0.2199
5345,laya-ml,en,D-lit,A,C,0,D,0,0,0.1728,0.32030000000000003,0.46430000000000005,0.46430000000000005,0.1728,0.0425,0.32030000000000003,0.46430000000000005
5346,laya-ml,en,D-lit,D,B,3,B,0,1,0.3047,0.4219,0.4219,0.4219,0.0483,0.4219,0.22510000000000002,0.3047
5350,laya-ml,en,D-lit,A,C,0,C,0,1,0.382,0.404,0.404,0.404,0.382,0.10940000000000001,0.404,0.1046
5354,laya-ml,en,D-lit,D,A,3,D,1,0,0.5999,0.073,0.5999,0.5999,0.073,0.0811,0.246,0.5999
5363,laya-ml,en,D-lit,B,A,1,B,1,0,0.7695000000000001,0.1957,0.7695000000000001,0.7695000000000001,0.1957,0.7695000000000001,0.013300000000000001,0.021500000000000002
5380,laya-ml,en,D-lit,D,C,3,C,0,1,0.3276,0.5793,0.5793,0.5793,0.0342,0.0589,0.5793,0.3276
5384,laya-ml,en,D-lit,C,B,2,C,1,0,0.6443,0.2112,0.6443,0.6443,0.09190000000000001,0.2112,0.6443,0.052700000000000004
5400,laya-ml,en,D-lit,B,C,1,B,1,0,0.631,0.0473,0.631,0.631,0.0307,0.631,0.0473,0.291
5405,laya-ml,en,D-lit,D,A,3,D,1,0,0.48160000000000003,0.16240000000000002,0.48160000000000003,0.48160000000000003,0.16240000000000002,0.07980000000000001,0.2763,0.48160000000000003
5412,laya-ml,en,D-lit,C,B,2,D,0,0,0.2599,0.1577,0.3734,0.3734,0.209,0.1577,0.2599,0.3734
5416,laya-ml,en,D-lit,D,A,3,A,0,1,0.0349,0.9271,0.9271,0.9271,0.9271,0.029,0.0091,0.0349
5417,laya-ml,en,D-lit,A,C,0,C,0,1,0.242,0.6528,0.6528,0.6528,0.242,0.037200000000000004,0.6528,0.0679
5424,laya-ml,en,D-lit,A,D,0,A,1,0,0.973,0.0111,0.973,0.973,0.973,0.0108,0.005200000000000001,0.0111
5425,laya-ml,en,D-lit,C,B,2,C,1,0,0.9639000000000001,0.0246,0.9639000000000001,0.9639000000000001,0.005,0.0246,0.9639000000000001,0.006500000000000001
5428,laya-ml,en,D-lit,B,A,1,B,1,0,0.5045000000000001,0.3012,0.5045000000000001,0.5045000000000001,0.3012,0.5045000000000001,0.0878,0.10650000000000001
5429,laya-ml,en,D-lit,C,D,2,D,0,1,0.2762,0.3176,0.3176,0.3176,0.16570000000000001,0.2404,0.2762,0.3176
5434,laya-ml,en,D-lit,C,B,2,B,0,1,0.15460000000000002,0.4691,0.4691,0.4691,0.1077,0.4691,0.15460000000000002,0.2686
5446,laya-ml,en,D-lit,C,D,2,D,0,1,0.067,0.39180000000000004,0.39180000000000004,0.39180000000000004,0.19990000000000002,0.3413,0.067,0.39180000000000004
5451,laya-ml,en,D-lit,A,B,0,A,1,0,0.7766000000000001,0.1787,0.7766000000000001,0.7766000000000001,0.7766000000000001,0.1787,0.0195,0.0253
5452,laya-ml,en,D-lit,D,C,3,C,0,1,0.013900000000000001,0.8705,0.8705,0.8705,0.0095,0.1061,0.8705,0.013900000000000001
5458,laya-ml,en,D-lit,C,B,2,B,0,1,0.21910000000000002,0.6134000000000001,0.6134000000000001,0.6134000000000001,0.059800000000000006,0.6134000000000001,0.21910000000000002,0.1077
5461,laya-ml,en,D-lit,C,D,2,C,1,0,0.9612,0.026500000000000003,0.9612,0.9612,0.0039000000000000003,0.008400000000000001,0.9612,0.026500000000000003
5467,laya-ml,en,D-lit,A,C,0,C,0,1,0.064,0.8692000000000001,0.8692000000000001,0.8692000000000001,0.064,0.0333,0.8692000000000001,0.0335
5469,laya-ml,en,D-lit,C,B,2,C,1,0,0.4278,0.1032,0.4278,0.4278,0.15180000000000002,0.1032,0.4278,0.31720000000000004
5470,laya-ml,en,D-lit,D,A,3,A,0,1,0.0898,0.7491,0.7491,0.7491,0.7491,0.0993,0.061700000000000005,0.0898
5474,laya-ml,en,D-lit,C,A,2,A,0,1,0.1134,0.3936,0.3936,0.3936,0.3936,0.1067,0.1134,0.38630000000000003
5481,laya-ml,en,D-lit,B,D,1,D,0,1,0.35960000000000003,0.4687,0.4687,0.4687,0.1222,0.35960000000000003,0.0495,0.4687
5482,laya-ml,en,D-lit,C,D,2,C,1,0,0.7953,0.0728,0.7953,0.7953,0.0489,0.083,0.7953,0.0728
5485,laya-ml,en,D-lit,B,D,1,B,1,0,0.7744000000000001,0.06380000000000001,0.7744000000000001,0.7744000000000001,0.06520000000000001,0.7744000000000001,0.0966,0.06380000000000001
5492,laya-ml,en,D-lit,C,D,2,D,0,1,0.2064,0.5099,0.5099,0.5099,0.06,0.2237,0.2064,0.5099
5500,laya-ml,en,D-lit,B,C,1,B,1,0,0.3905,0.19290000000000002,0.3905,0.3905,0.2544,0.3905,0.19290000000000002,0.1622
5501,laya-ml,en,D-lit,D,C,3,C,0,1,0.22610000000000002,0.4383,0.4383,0.4383,0.0403,0.2954,0.4383,0.22610000000000002
5502,laya-ml,en,D-lit,C,B,2,C,1,0,0.7115,0.1438,0.7115,0.7115,0.0683,0.1438,0.7115,0.07640000000000001
5504,laya-ml,en,D-lit,C,D,2,C,1,0,0.6398,0.1734,0.6398,0.6398,0.0719,0.1148,0.6398,0.1734
5507,laya-ml,en,D-lit,A,C,0,C,0,1,0.3437,0.4213,0.4213,0.4213,0.3437,0.052700000000000004,0.4213,0.1824
5510,laya-ml,en,D-lit,D,A,3,D,1,0,0.5342,0.08170000000000001,0.5342,0.5342,0.08170000000000001,0.0825,0.3015,0.5342
5511,laya-ml,en,D-lit,D,A,3,D,1,0,0.2964,0.2848,0.2964,0.2964,0.2848,0.241,0.1779,0.2964
5516,laya-ml,en,D-lit,A,C,0,A,1,0,0.32320000000000004,0.21250000000000002,0.32320000000000004,0.32320000000000004,0.32320000000000004,0.2516,0.21250000000000002,0.2126
5518,laya-ml,en,D-lit,D,B,3,C,0,0,0.1267,0.1527,0.43470000000000003,0.43470000000000003,0.2859,0.1527,0.43470000000000003,0.1267
5519,laya-ml,en,D-lit,D,B,3,B,0,1,0.1537,0.7925000000000001,0.7925000000000001,0.7925000000000001,0.0434,0.7925000000000001,0.010400000000000001,0.1537
5529,laya-ml,en,D-lit,B,C,1,C,0,1,0.3552,0.35660000000000003,0.35660000000000003,0.35660000000000003,0.1307,0.3552,0.35660000000000003,0.1574
5539,laya-ml,en,D-lit,C,A,2,A,0,1,0.0568,0.7624000000000001,0.7624000000000001,0.7624000000000001,0.7624000000000001,0.124,0.0568,0.056900000000000006
5540,laya-ml,en,D-lit,A,C,0,C,0,1,0.2156,0.37670000000000003,0.37670000000000003,0.37670000000000003,0.2156,0.0529,0.37670000000000003,0.3549
5554,laya-ml,en,D-lit,A,C,0,D,0,0,0.1951,0.2031,0.3895,0.3895,0.1951,0.21230000000000002,0.2031,0.3895
5555,laya-ml,en,D-lit,A,C,0,A,1,0,0.7191000000000001,0.0585,0.7191000000000001,0.7191000000000001,0.7191000000000001,0.17250000000000001,0.0585,0.049800000000000004
5573,laya-ml,en,D-lit,C,A,2,C,1,0,0.7107,0.07730000000000001,0.7107,0.7107,0.07730000000000001,0.0912,0.7107,0.1208
5574,laya-ml,en,D-lit,D,A,3,C,0,0,0.25670000000000004,0.19490000000000002,0.33490000000000003,0.33490000000000003,0.19490000000000002,0.21350000000000002,0.33490000000000003,0.25670000000000004
5575,laya-ml,en,D-lit,A,B,0,D,0,0,0.25780000000000003,0.27990000000000004,0.42160000000000003,0.42160000000000003,0.25780000000000003,0.27990000000000004,0.0408,0.42160000000000003
5576,laya-ml,en,D-lit,D,C,3,B,0,0,0.2716,0.18760000000000002,0.30110000000000003,0.30110000000000003,0.23970000000000002,0.30110000000000003,0.18760000000000002,0.2716
5578,laya-ml,en,D-lit,B,C,1,C,0,1,0.22790000000000002,0.4832,0.4832,0.4832,0.0722,0.22790000000000002,0.4832,0.21680000000000002
5592,laya-ml,en,D-lit,A,C,0,B,0,0,0.18660000000000002,0.1806,0.47850000000000004,0.47850000000000004,0.18660000000000002,0.47850000000000004,0.1806,0.15430000000000002
5604,laya-ml,en,D-lit,D,A,3,D,1,0,0.8035,0.0403,0.8035,0.8035,0.0403,0.0609,0.09530000000000001,0.8035
5605,laya-ml,en,D-lit,D,C,3,D,1,0,0.5507000000000001,0.34090000000000004,0.5507000000000001,0.5507000000000001,0.0811,0.0273,0.34090000000000004,0.5507000000000001
5606,laya-ml,en,D-lit,C,D,2,C,1,0,0.8399000000000001,0.030500000000000003,0.8399000000000001,0.8399000000000001,0.0882,0.0414,0.8399000000000001,0.030500000000000003
5607,laya-ml,en,D-lit,D,B,3,C,0,0,0.11330000000000001,0.2644,0.499,0.499,0.1233,0.2644,0.499,0.11330000000000001
5608,laya-ml,en,D-lit,C,D,2,C,1,0,0.7878000000000001,0.123,0.7878000000000001,0.7878000000000001,0.0492,0.04,0.7878000000000001,0.123
5609,laya-ml,en,D-lit,C,A,2,A,0,1,0.0371,0.9528000000000001,0.9528000000000001,0.9528000000000001,0.9528000000000001,0.0043,0.0371,0.0058000000000000005
5614,laya-ml,en,D-lit,A,C,0,C,0,1,0.4202,0.47000000000000003,0.47000000000000003,0.47000000000000003,0.4202,0.0413,0.47000000000000003,0.0685
5617,laya-ml,en,D-lit,B,C,1,B,1,0,0.6347,0.1373,0.6347,0.6347,0.0824,0.6347,0.1373,0.1456
5618,laya-ml,en,D-lit,B,A,1,B,1,0,0.7588,0.0689,0.7588,0.7588,0.0689,0.7588,0.1315,0.0408
5619,laya-ml,en,D-lit,C,A,2,C,1,0,0.5294,0.192,0.5294,0.5294,0.192,0.1179,0.5294,0.1607
5620,laya-ml,en,D-lit,B,A,1,A,0,1,0.047400000000000005,0.9151,0.9151,0.9151,0.9151,0.047400000000000005,0.016900000000000002,0.0206
5623,laya-ml,en,D-lit,A,D,0,A,1,0,0.37270000000000003,0.34140000000000004,0.37270000000000003,0.37270000000000003,0.37270000000000003,0.058600000000000006,0.2273,0.34140000000000004
5624,laya-ml,en,D-lit,A,C,0,D,0,0,0.2564,0.06670000000000001,0.5865,0.5865,0.2564,0.09050000000000001,0.06670000000000001,0.5865
5625,laya-ml,en,D-lit,C,D,2,C,1,0,0.2891,0.2144,0.2891,0.2891,0.23600000000000002,0.2604,0.2891,0.2144
5627,laya-ml,en,D-lit,B,D,1,B,1,0,0.591,0.1015,0.591,0.591,0.056,0.591,0.2515,0.1015
5637,laya-ml,en,D-lit,A,D,0,C,0,0,0.2046,0.1642,0.3789,0.3789,0.2046,0.25220000000000004,0.3789,0.1642
5638,laya-ml,en,D-lit,B,A,1,B,1,0,0.8477,0.0108,0.8477,0.8477,0.0108,0.8477,0.0422,0.0993
5641,laya-ml,en,D-lit,B,D,1,D,0,1,0.3037,0.4761,0.4761,0.4761,0.18150000000000002,0.3037,0.0386,0.4761
5642,laya-ml,en,D-lit,A,C,0,C,0,1,0.20420000000000002,0.34540000000000004,0.34540000000000004,0.34540000000000004,0.20420000000000002,0.32020000000000004,0.34540000000000004,0.1301
5659,laya-ml,en,D-lit,C,A,2,C,1,0,0.4812,0.3503,0.4812,0.4812,0.3503,0.0646,0.4812,0.1039
5661,laya-ml,en,D-lit,C,D,2,C,1,0,0.773,0.16340000000000002,0.773,0.773,0.0257,0.0379,0.773,0.16340000000000002
5676,laya-ml,en,D-lit,D,C,3,C,0,1,0.0379,0.9457000000000001,0.9457000000000001,0.9457000000000001,0.0058000000000000005,0.0105,0.9457000000000001,0.0379
5683,laya-ml,en,D-lit,D,A,3,A,0,1,0.3496,0.5720000000000001,0.5720000000000001,0.5720000000000001,0.5720000000000001,0.0367,0.0417,0.3496
5684,laya-ml,en,D-lit,D,A,3,A,0,1,0.0659,0.9148000000000001,0.9148000000000001,0.9148000000000001,0.9148000000000001,0.0073,0.012100000000000001,0.0659
5685,laya-ml,en,D-lit,A,D,0,C,0,0,0.08020000000000001,0.0971,0.5086,0.5086,0.08020000000000001,0.3141,0.5086,0.0971
5687,laya-ml,en,D-lit,A,C,0,C,0,1,0.0002,0.9995,0.9995,0.9995,0.0002,0.0001,0.9995,0.0002
5688,laya-ml,en,D-lit,B,D,1,D,0,1,0.33890000000000003,0.5169,0.5169,0.5169,0.0449,0.33890000000000003,0.0993,0.5169
5689,laya-ml,en,D-lit,D,C,3,C,0,1,0.1486,0.66,0.66,0.66,0.1107,0.08080000000000001,0.66,0.1486
5690,laya-ml,en,D-lit,A,B,0,A,1,0,0.7382000000000001,0.1426,0.7382000000000001,0.7382000000000001,0.7382000000000001,0.1426,0.0188,0.1004
5691,laya-ml,en,D-lit,A,C,0,D,0,0,0.1464,0.0371,0.777,0.777,0.1464,0.0395,0.0371,0.777
5695,laya-ml,en,D-lit,B,D,1,C,0,0,0.3562,0.1689,0.3846,0.3846,0.0903,0.3562,0.3846,0.1689
5696,laya-ml,en,D-lit,B,C,1,B,1,0,0.4932,0.057,0.4932,0.4932,0.26030000000000003,0.4932,0.057,0.1895
5697,laya-ml,en,D-lit,C,B,2,B,0,1,0.13140000000000002,0.4223,0.4223,0.4223,0.2974,0.4223,0.13140000000000002,0.149
5699,laya-ml,en,D-lit,B,A,1,B,1,0,0.459,0.1822,0.459,0.459,0.1822,0.459,0.2286,0.1301
5702,laya-ml,en,D-lit,D,B,3,A,0,0,0.1159,0.2611,0.37170000000000003,0.37170000000000003,0.37170000000000003,0.2611,0.2514,0.1159
5704,laya-ml,en,D-lit,D,A,3,A,0,1,0.0154,0.8752000000000001,0.8752000000000001,0.8752000000000001,0.8752000000000001,0.10250000000000001,0.006900000000000001,0.0154
5708,laya-ml,en,D-lit,D,A,3,D,1,0,0.37070000000000003,0.07970000000000001,0.37070000000000003,0.37070000000000003,0.07970000000000001,0.3511,0.1985,0.37070000000000003
5714,laya-ml,en,D-lit,A,C,0,A,1,0,0.7072,0.16740000000000002,0.7072,0.7072,0.7072,0.0482,0.16740000000000002,0.07730000000000001
5716,laya-ml,en,D-lit,B,C,1,D,0,0,0.26330000000000003,0.13140000000000002,0.5185000000000001,0.5185000000000001,0.0868,0.26330000000000003,0.13140000000000002,0.5185000000000001
5717,laya-ml,en,D-lit,B,C,1,B,1,0,0.9708,0.0085,0.9708,0.9708,0.0019,0.9708,0.0085,0.0187
5720,laya-ml,en,D-lit,C,B,2,D,0,0,0.2356,0.1067,0.5121,0.5121,0.1456,0.1067,0.2356,0.5121
5722,laya-ml,en,D-lit,C,D,2,C,1,0,0.4078,0.3744,0.4078,0.4078,0.18580000000000002,0.032,0.4078,0.3744
5723,laya-ml,en,D-lit,C,B,2,D,0,0,0.09140000000000001,0.1756,0.5273,0.5273,0.20570000000000002,0.1756,0.09140000000000001,0.5273
5724,laya-ml,en,D-lit,B,A,1,B,1,0,0.5266000000000001,0.1648,0.5266000000000001,0.5266000000000001,0.1648,0.5266000000000001,0.1542,0.1544
5732,laya-ml,en,D-lit,B,C,1,B,1,0,0.7304,0.1246,0.7304,0.7304,0.061900000000000004,0.7304,0.1246,0.083
5738,laya-ml,en,D-lit,D,A,3,A,0,1,0.139,0.6807000000000001,0.6807000000000001,0.6807000000000001,0.6807000000000001,0.027800000000000002,0.1525,0.139
5742,laya-ml,en,D-lit,B,C,1,C,0,1,0.267,0.6079,0.6079,0.6079,0.0922,0.267,0.6079,0.0329
5743,laya-ml,en,D-lit,A,D,0,A,1,0,0.45020000000000004,0.435,0.45020000000000004,0.45020000000000004,0.45020000000000004,0.0718,0.043000000000000003,0.435
5745,laya-ml,en,D-lit,B,C,1,C,0,1,0.35660000000000003,0.42150000000000004,0.42150000000000004,0.42150000000000004,0.0716,0.35660000000000003,0.42150000000000004,0.15030000000000002
5753,laya-ml,en,D-lit,C,A,2,C,1,0,0.8112,0.051500000000000004,0.8112,0.8112,0.051500000000000004,0.050800000000000005,0.8112,0.08650000000000001
5757,laya-ml,en,D-lit,B,C,1,C,0,1,0.13970000000000002,0.8554,0.8554,0.8554,0.002,0.13970000000000002,0.8554,0.0029000000000000002
5770,laya-ml,en,D-lit,B,A,1,A,0,1,0.033,0.5333,0.5333,0.5333,0.5333,0.033,0.031900000000000005,0.40180000000000005
5774,laya-ml,en,D-lit,C,D,2,D,0,1,0.18030000000000002,0.399,0.399,0.399,0.1408,0.27990000000000004,0.18030000000000002,0.399
5776,laya-ml,en,D-lit,B,A,1,A,0,1,0.12010000000000001,0.5429,0.5429,0.5429,0.5429,0.12010000000000001,0.1741,0.16290000000000002
5777,laya-ml,en,D-lit,B,A,1,B,1,0,0.7085,0.1424,0.7085,0.7085,0.1424,0.7085,0.0766,0.0724
5779,laya-ml,en,D-lit,B,D,1,C,0,0,0.30770000000000003,0.3145,0.31920000000000004,0.31920000000000004,0.058600000000000006,0.30770000000000003,0.31920000000000004,0.3145
5785,laya-ml,en,D-lit,B,A,1,C,0,0,0.24760000000000001,0.2099,0.3594,0.3594,0.2099,0.24760000000000001,0.3594,0.1831
5788,laya-ml,en,D-lit,C,B,2,C,1,0,0.7272000000000001,0.056100000000000004,0.7272000000000001,0.7272000000000001,0.1393,0.056100000000000004,0.7272000000000001,0.07740000000000001
5789,laya-ml,en,D-lit,C,A,2,C,1,0,0.5896,0.054,0.5896,0.5896,0.054,0.0385,0.5896,0.3179
5799,laya-ml,en,D-lit,B,C,1,B,1,0,0.8804000000000001,0.041800000000000004,0.8804000000000001,0.8804000000000001,0.052500000000000005,0.8804000000000001,0.041800000000000004,0.025400000000000002
5800,laya-ml,en,D-lit,A,C,0,B,0,0,0.1105,0.1233,0.4414,0.4414,0.1105,0.4414,0.1233,0.32480000000000003
5802,laya-ml,en,D-lit,B,C,1,C,0,1,0.2763,0.5714,0.5714,0.5714,0.0931,0.2763,0.5714,0.0592
5803,laya-ml,en,D-lit,B,C,1,C,0,1,0.2969,0.3332,0.3332,0.3332,0.2202,0.2969,0.3332,0.1497
5804,laya-ml,en,D-lit,C,A,2,C,1,0,0.3138,0.2884,0.3138,0.3138,0.2884,0.2331,0.3138,0.1646
5806,laya-ml,en,D-lit,C,B,2,C,1,0,0.6455000000000001,0.2516,0.6455000000000001,0.6455000000000001,0.0649,0.2516,0.6455000000000001,0.038
5808,laya-ml,en,D-lit,D,A,3,A,0,1,0.0557,0.9001,0.9001,0.9001,0.9001,0.041,0.0033,0.0557
5809,laya-ml,en,D-lit,B,C,1,B,1,0,0.6156,0.3149,0.6156,0.6156,0.037200000000000004,0.6156,0.3149,0.0322
5811,laya-ml,en,D-lit,D,B,3,C,0,0,0.188,0.2624,0.27640000000000003,0.27640000000000003,0.2732,0.2624,0.27640000000000003,0.188
5812,laya-ml,en,D-lit,C,A,2,D,0,0,0.18230000000000002,0.1491,0.6571,0.6571,0.1491,0.0114,0.18230000000000002,0.6571
5814,laya-ml,en,D-lit,D,A,3,D,1,0,0.908,0.034,0.908,0.908,0.034,0.0268,0.031200000000000002,0.908
5815,laya-ml,en,D-lit,D,C,3,D,1,0,0.6935,0.225,0.6935,0.6935,0.0577,0.0239,0.225,0.6935
5820,laya-ml,en,D-lit,D,A,3,A,0,1,0.0148,0.9819,0.9819,0.9819,0.9819,0.0019,0.0014,0.0148
5821,laya-ml,en,D-lit,C,D,2,C,1,0,0.6937,0.1446,0.6937,0.6937,0.0852,0.07640000000000001,0.6937,0.1446
5822,laya-ml,en,D-lit,B,C,1,C,0,1,0.2626,0.43010000000000004,0.43010000000000004,0.43010000000000004,0.0815,0.2626,0.43010000000000004,0.2258
5825,laya-ml,en,D-lit,B,D,1,D,0,1,0.27690000000000003,0.39880000000000004,0.39880000000000004,0.39880000000000004,0.0483,0.27690000000000003,0.27590000000000003,0.39880000000000004
5826,laya-ml,en,D-lit,D,B,3,B,0,1,0.1291,0.6826,0.6826,0.6826,0.0427,0.6826,0.14550000000000002,0.1291
5828,laya-ml,en,D-lit,D,B,3,B,0,1,0.203,0.7427,0.7427,0.7427,0.0497,0.7427,0.0045000000000000005,0.203
5829,laya-ml,en,D-lit,C,A,2,C,1,0,0.7812,0.1105,0.7812,0.7812,0.1105,0.0142,0.7812,0.0942
5835,laya-ml,en,D-lit,C,D,2,C,1,0,0.40740000000000004,0.1555,0.40740000000000004,0.40740000000000004,0.057800000000000004,0.3793,0.40740000000000004,0.1555
5836,laya-ml,en,D-lit,D,A,3,C,0,0,0.0456,0.049300000000000004,0.8180000000000001,0.8180000000000001,0.049300000000000004,0.08710000000000001,0.8180000000000001,0.0456
5837,laya-ml,en,D-lit,D,C,3,C,0,1,0.1307,0.5942000000000001,0.5942000000000001,0.5942000000000001,0.213,0.062,0.5942000000000001,0.1307
5839,laya-ml,en,D-lit,C,D,2,C,1,0,0.30000000000000004,0.1259,0.30000000000000004,0.30000000000000004,0.2747,0.2994,0.30000000000000004,0.1259
5841,laya-ml,en,D-lit,B,D,1,B,1,0,0.6494,0.046,0.6494,0.6494,0.1714,0.6494,0.1332,0.046
5845,laya-ml,en,D-lit,A,B,0,B,0,1,0.2134,0.36060000000000003,0.36060000000000003,0.36060000000000003,0.2134,0.36060000000000003,0.0873,0.3387
5852,laya-ml,en,D-lit,C,B,2,D,0,0,0.3935,0.0693,0.49150000000000005,0.49150000000000005,0.0458,0.0693,0.3935,0.49150000000000005
5858,laya-ml,en,D-lit,C,B,2,C,1,0,0.5392,0.3144,0.5392,0.5392,0.0477,0.3144,0.5392,0.0988
5861,laya-ml,en,D-lit,D,A,3,C,0,0,0.2388,0.195,0.2893,0.2893,0.195,0.27690000000000003,0.2893,0.2388
5865,laya-ml,en,D-lit,B,D,1,D,0,1,0.2801,0.507,0.507,0.507,0.0683,0.2801,0.1446,0.507
5866,laya-ml,en,D-lit,B,A,1,B,1,0,0.742,0.11380000000000001,0.742,0.742,0.11380000000000001,0.742,0.099,0.045200000000000004
5872,laya-ml,en,D-lit,B,D,1,B,1,0,0.3062,0.1736,0.3062,0.3062,0.2436,0.3062,0.2766,0.1736
5875,laya-ml,en,D-lit,C,A,2,D,0,0,0.2582,0.124,0.42160000000000003,0.42160000000000003,0.124,0.1961,0.2582,0.42160000000000003
5876,laya-ml,en,D-lit,D,A,3,D,1,0,0.8523000000000001,0.0499,0.8523000000000001,0.8523000000000001,0.0499,0.027200000000000002,0.07060000000000001,0.8523000000000001
5878,laya-ml,en,D-lit,B,C,1,D,0,0,0.2005,0.2378,0.512,0.512,0.0497,0.2005,0.2378,0.512
5881,laya-ml,en,D-lit,D,A,3,B,0,0,0.16770000000000002,0.18910000000000002,0.34450000000000003,0.34450000000000003,0.18910000000000002,0.34450000000000003,0.2987,0.16770000000000002
5890,laya-ml,en,D-lit,B,A,1,A,0,1,0.0614,0.8254,0.8254,0.8254,0.8254,0.0614,0.0407,0.0726
5891,laya-ml,en,D-lit,B,C,1,B,1,0,0.3351,0.1486,0.3351,0.3351,0.212,0.3351,0.1486,0.3044
5903,laya-ml,en,D-lit,A,C,0,C,0,1,0.1255,0.6372,0.6372,0.6372,0.1255,0.06760000000000001,0.6372,0.16970000000000002
5904,laya-ml,en,D-lit,B,A,1,B,1,0,0.3549,0.27030000000000004,0.3549,0.3549,0.27030000000000004,0.3549,0.08120000000000001,0.2936
5905,laya-ml,en,D-lit,D,B,3,C,0,0,0.2751,0.2503,0.3594,0.3594,0.11520000000000001,0.2503,0.3594,0.2751
5907,laya-ml,en,D-lit,A,B,0,D,0,0,0.2902,0.256,0.3945,0.3945,0.2902,0.256,0.0592,0.3945
5911,laya-ml,en,D-lit,C,A,2,A,0,1,0.0023,0.9876,0.9876,0.9876,0.9876,0.0074,0.0023,0.0027
5912,laya-ml,en,D-lit,D,B,3,B,0,1,0.1552,0.6578,0.6578,0.6578,0.07250000000000001,0.6578,0.1145,0.1552
5916,laya-ml,en,D-lit,C,B,2,B,0,1,0.0205,0.876,0.876,0.876,0.07010000000000001,0.876,0.0205,0.0334
5918,laya-ml,en,D-lit,B,C,1,C,0,1,0.0024000000000000002,0.9924000000000001,0.9924000000000001,0.9924000000000001,0.0012000000000000001,0.0024000000000000002,0.9924000000000001,0.0039000000000000003
5921,laya-ml,en,D-lit,A,B,0,B,0,1,0.2131,0.5489,0.5489,0.5489,0.2131,0.5489,0.0463,0.1917
5923,laya-ml,en,D-lit,B,C,1,B,1,0,0.3703,0.2237,0.3703,0.3703,0.1373,0.3703,0.2237,0.26880000000000004
5924,laya-ml,en,D-lit,A,B,0,C,0,0,0.0868,0.0427,0.7971,0.7971,0.0868,0.0427,0.7971,0.0734
5926,laya-ml,en,D-lit,B,A,1,C,0,0,0.20550000000000002,0.2368,0.2987,0.2987,0.2368,0.20550000000000002,0.2987,0.259
5927,laya-ml,en,D-lit,D,A,3,A,0,1,0.215,0.549,0.549,0.549,0.549,0.09870000000000001,0.1373,0.215
5928,laya-ml,en,D-lit,C,D,2,C,1,0,0.9736,0.010400000000000001,0.9736,0.9736,0.008400000000000001,0.0077,0.9736,0.010400000000000001
5929,laya-ml,en,D-lit,D,C,3,C,0,1,0.29350000000000004,0.33530000000000004,0.33530000000000004,0.33530000000000004,0.2368,0.13440000000000002,0.33530000000000004,0.29350000000000004
5935,laya-ml,en,D-lit,A,D,0,D,0,1,0.1391,0.4464,0.4464,0.4464,0.1391,0.1885,0.22610000000000002,0.4464
5936,laya-ml,en,D-lit,D,B,3,A,0,0,0.0712,0.3483,0.49110000000000004,0.49110000000000004,0.49110000000000004,0.3483,0.08940000000000001,0.0712
5938,laya-ml,en,D-lit,B,D,1,D,0,1,0.2622,0.5101,0.5101,0.5101,0.0646,0.2622,0.1632,0.5101
5939,laya-ml,en,D-lit,D,A,3,D,1,0,0.46140000000000003,0.2016,0.46140000000000003,0.46140000000000003,0.2016,0.167,0.17,0.46140000000000003
5940,laya-ml,en,D-lit,C,A,2,D,0,0,0.2737,0.2932,0.3247,0.3247,0.2932,0.10830000000000001,0.2737,0.3247
5944,laya-ml,en,D-lit,C,D,2,C,1,0,0.7173,0.168,0.7173,0.7173,0.04,0.0747,0.7173,0.168
5949,laya-ml,en,D-lit,C,B,2,B,0,1,0.09290000000000001,0.3929,0.3929,0.3929,0.15660000000000002,0.3929,0.09290000000000001,0.35760000000000003
5951,laya-ml,en,D-lit,A,B,0,B,0,1,0.025500000000000002,0.9323,0.9323,0.9323,0.025500000000000002,0.9323,0.0246,0.0176
5954,laya-ml,en,D-lit,D,B,3,B,0,1,0.1446,0.6841,0.6841,0.6841,0.1237,0.6841,0.0476,0.1446
5960,laya-ml,en,D-lit,C,B,2,B,0,1,0.127,0.6188,0.6188,0.6188,0.08560000000000001,0.6188,0.127,0.1686
5972,laya-ml,en,D-lit,B,D,1,B,1,0,0.6538,0.1834,0.6538,0.6538,0.0694,0.6538,0.0935,0.1834
5975,laya-ml,en,D-lit,C,D,2,D,0,1,0.2625,0.5711,0.5711,0.5711,0.0562,0.1102,0.2625,0.5711
5978,laya-ml,en,D-lit,B,D,1,D,0,1,0.11810000000000001,0.8402000000000001,0.8402000000000001,0.8402000000000001,0.0218,0.11810000000000001,0.0199,0.8402000000000001
5979,laya-ml,en,D-lit,B,C,1,B,1,0,0.8354,0.12010000000000001,0.8354,0.8354,0.0286,0.8354,0.12010000000000001,0.0159
5983,laya-ml,en,D-lit,C,D,2,D,0,1,0.2462,0.6093000000000001,0.6093000000000001,0.6093000000000001,0.0649,0.0796,0.2462,0.6093000000000001
5993,laya-ml,en,D-lit,D,C,3,C,0,1,0.21960000000000002,0.5109,0.5109,0.5109,0.2506,0.0188,0.5109,0.21960000000000002
5995,laya-ml,en,D-lit,B,C,1,B,1,0,0.486,0.17930000000000001,0.486,0.486,0.21230000000000002,0.486,0.17930000000000001,0.12240000000000001
5997,laya-ml,en,D-lit,D,B,3,C,0,0,0.2791,0.2827,0.3582,0.3582,0.08,0.2827,0.3582,0.2791
5999,laya-ml,en,D-lit,C,B,2,D,0,0,0.23570000000000002,0.2034,0.3739,0.3739,0.1869,0.2034,0.23570000000000002,0.3739
6001,laya-ml,en,D-lit,D,A,3,C,0,0,0.1683,0.1693,0.3426,0.3426,0.1693,0.31980000000000003,0.3426,0.1683
6005,laya-ml,en,D-lit,D,A,3,D,1,0,0.5202,0.1416,0.5202,0.5202,0.1416,0.0112,0.327,0.5202
6007,laya-ml,en,D-lit,C,B,2,B,0,1,0.2417,0.3174,0.3174,0.3174,0.16790000000000002,0.3174,0.2417,0.273
6011,laya-ml,en,D-lit,B,A,1,C,0,0,0.3002,0.051300000000000005,0.3808,0.3808,0.051300000000000005,0.3002,0.3808,0.2677
6014,laya-ml,en,D-lit,C,D,2,C,1,0,0.427,0.2412,0.427,0.427,0.1134,0.2184,0.427,0.2412
6015,laya-ml,en,D-lit,D,A,3,A,0,1,0.2412,0.4464,0.4464,0.4464,0.4464,0.211,0.1015,0.2412
6026,laya-ml,en,D-lit,D,A,3,A,0,1,0.2099,0.5401,0.5401,0.5401,0.5401,0.1666,0.0834,0.2099
6029,laya-ml,en,D-lit,A,D,0,D,0,1,0.32430000000000003,0.331,0.331,0.331,0.32430000000000003,0.1109,0.23370000000000002,0.331
6032,laya-ml,en,D-lit,B,C,1,A,0,0,0.0555,0.0287,0.6397,0.6397,0.6397,0.0555,0.0287,0.2761
6034,laya-ml,en,D-lit,D,A,3,D,1,0,0.6424000000000001,0.25730000000000003,0.6424000000000001,0.6424000000000001,0.25730000000000003,0.008,0.09240000000000001,0.6424000000000001
6036,laya-ml,en,D-lit,A,C,0,C,0,1,0.22990000000000002,0.4243,0.4243,0.4243,0.22990000000000002,0.0756,0.4243,0.2702
6037,laya-ml,en,D-lit,D,C,3,C,0,1,0.2624,0.68,0.68,0.68,0.019100000000000002,0.038400000000000004,0.68,0.2624
6038,laya-ml,en,D-lit,B,A,1,A,0,1,0.22920000000000001,0.39880000000000004,0.39880000000000004,0.39880000000000004,0.39880000000000004,0.22920000000000001,0.12860000000000002,0.24350000000000002
6039,laya-ml,en,D-lit,C,B,2,C,1,0,0.38420000000000004,0.307,0.38420000000000004,0.38420000000000004,0.2666,0.307,0.38420000000000004,0.042300000000000004
6045,laya-ml,en,D-lit,A,C,0,C,0,1,0.2011,0.3806,0.3806,0.3806,0.2011,0.3542,0.3806,0.0641
6052,laya-ml,en,D-lit,B,C,1,B,1,0,0.38280000000000003,0.041800000000000004,0.38280000000000003,0.38280000000000003,0.292,0.38280000000000003,0.041800000000000004,0.2833
6076,laya-ml,en,D-lit,D,C,3,B,0,0,0.21180000000000002,0.2571,0.3511,0.3511,0.1801,0.3511,0.2571,0.21180000000000002
6080,laya-ml,en,D-lit,B,C,1,B,1,0,0.6103000000000001,0.0748,0.6103000000000001,0.6103000000000001,0.0673,0.6103000000000001,0.0748,0.24760000000000001
6093,laya-ml,en,D-lit,D,C,3,C,0,1,0.0694,0.6697000000000001,0.6697000000000001,0.6697000000000001,0.1908,0.07010000000000001,0.6697000000000001,0.0694
6097,laya-ml,en,D-lit,D,B,3,B,0,1,0.0159,0.9146000000000001,0.9146000000000001,0.9146000000000001,0.0244,0.9146000000000001,0.0451,0.0159
6100,laya-ml,en,D-lit,D,A,3,A,0,1,0.0304,0.8526,0.8526,0.8526,0.8526,0.0327,0.0843,0.0304
6103,laya-ml,en,D-lit,C,D,2,C,1,0,0.4788,0.299,0.4788,0.4788,0.1178,0.1044,0.4788,0.299
6104,laya-ml,en,D-lit,A,D,0,C,0,0,0.20550000000000002,0.1588,0.40690000000000004,0.40690000000000004,0.20550000000000002,0.2288,0.40690000000000004,0.1588
6105,laya-ml,en,D-lit,B,C,1,C,0,1,0.11620000000000001,0.8259000000000001,0.8259000000000001,0.8259000000000001,0.029900000000000003,0.11620000000000001,0.8259000000000001,0.0281
6107,laya-ml,en,D-lit,B,C,1,C,0,1,0.2787,0.4384,0.4384,0.4384,0.0732,0.2787,0.4384,0.2097
6111,laya-ml,en,D-lit,A,D,0,B,0,0,0.30260000000000004,0.1315,0.4101,0.4101,0.30260000000000004,0.4101,0.1558,0.1315
6112,laya-ml,en,D-lit,D,B,3,D,1,0,0.5383,0.3088,0.5383,0.5383,0.0877,0.3088,0.06520000000000001,0.5383
6117,laya-ml,en,D-lit,D,A,3,B,0,0,0.159,0.1777,0.38320000000000004,0.38320000000000004,0.1777,0.38320000000000004,0.2801,0.159
6119,laya-ml,en,D-lit,D,C,3,D,1,0,0.498,0.41600000000000004,0.498,0.498,0.0322,0.0538,0.41600000000000004,0.498
6124,laya-ml,en,D-lit,A,C,0,A,1,0,0.8996000000000001,0.0196,0.8996000000000001,0.8996000000000001,0.8996000000000001,0.0344,0.0196,0.046400000000000004
6127,laya-ml,en,D-lit,B,D,1,D,0,1,0.4067,0.4446,0.4446,0.4446,0.08660000000000001,0.4067,0.0621,0.4446
6130,laya-ml,en,D-lit,C,B,2,B,0,1,0.1612,0.7321000000000001,0.7321000000000001,0.7321000000000001,0.07150000000000001,0.7321000000000001,0.1612,0.0352
6135,laya-ml,en,D-lit,D,A,3,D,1,0,0.5047,0.2026,0.5047,0.5047,0.2026,0.2114,0.0813,0.5047
6138,laya-ml,en,D-lit,C,A,2,C,1,0,0.6351,0.1015,0.6351,0.6351,0.1015,0.055200000000000006,0.6351,0.2082
6139,laya-ml,en,D-lit,A,B,0,B,0,1,0.0053,0.9893000000000001,0.9893000000000001,0.9893000000000001,0.0053,0.9893000000000001,0.0031000000000000003,0.0023
6140,laya-ml,en,D-lit,B,D,1,D,0,1,0.3504,0.5148,0.5148,0.5148,0.0682,0.3504,0.0665,0.5148
6145,laya-ml,en,D-lit,A,B,0,B,0,1,0.0998,0.5945,0.5945,0.5945,0.0998,0.5945,0.11470000000000001,0.19090000000000001
6149,laya-ml,en,D-lit,B,A,1,B,1,0,0.8141,0.15810000000000002,0.8141,0.8141,0.15810000000000002,0.8141,0.0083,0.0196
6151,laya-ml,en,D-lit,D,B,3,B,0,1,0.0142,0.9253,0.9253,0.9253,0.047900000000000005,0.9253,0.0126,0.0142
6159,laya-ml,en,D-lit,D,A,3,D,1,0,0.7904,0.083,0.7904,0.7904,0.083,0.048,0.0786,0.7904
6163,laya-ml,en,D-lit,A,C,0,A,1,0,0.3806,0.3385,0.3806,0.3806,0.3806,0.1673,0.3385,0.11370000000000001
6165,laya-ml,en,D-lit,C,D,2,C,1,0,0.8258000000000001,0.0675,0.8258000000000001,0.8258000000000001,0.0611,0.0456,0.8258000000000001,0.0675
6180,laya-ml,en,D-lit,A,B,0,B,0,1,0.2852,0.5945,0.5945,0.5945,0.2852,0.5945,0.0076,0.11270000000000001
6189,laya-ml,en,D-lit,D,C,3,C,0,1,0.1935,0.5863,0.5863,0.5863,0.0466,0.1736,0.5863,0.1935
6197,laya-ml,en,D-lit,B,D,1,B,1,0,0.9560000000000001,0.013900000000000001,0.9560000000000001,0.9560000000000001,0.017400000000000002,0.9560000000000001,0.0128,0.013900000000000001
6214,laya-ml,en,D-lit,C,B,2,C,1,0,0.6745,0.1119,0.6745,0.6745,0.0775,0.1119,0.6745,0.1361
6215,laya-ml,en,D-lit,A,B,0,A,1,0,0.4213,0.2891,0.4213,0.4213,0.4213,0.2891,0.0772,0.21250000000000002
6217,laya-ml,en,D-lit,C,B,2,C,1,0,0.5775,0.1207,0.5775,0.5775,0.12610000000000002,0.1207,0.5775,0.1758
6220,laya-ml,en,D-lit,A,D,0,A,1,0,0.4354,0.30110000000000003,0.4354,0.4354,0.4354,0.19,0.07350000000000001,0.30110000000000003
6226,laya-ml,en,D-lit,A,D,0,D,0,1,0.23820000000000002,0.4274,0.4274,0.4274,0.23820000000000002,0.074,0.2604,0.4274
6227,laya-ml,en,D-lit,D,C,3,C,0,1,0.09040000000000001,0.8552000000000001,0.8552000000000001,0.8552000000000001,0.03,0.0244,0.8552000000000001,0.09040000000000001
6228,laya-ml,en,D-lit,B,A,1,A,0,1,0.1436,0.6515000000000001,0.6515000000000001,0.6515000000000001,0.6515000000000001,0.1436,0.097,0.10790000000000001
6229,laya-ml,en,D-lit,D,C,3,C,0,1,0.0167,0.9399000000000001,0.9399000000000001,0.9399000000000001,0.0362,0.0071,0.9399000000000001,0.0167
6234,laya-ml,en,D-lit,B,C,1,C,0,1,0.2684,0.4762,0.4762,0.4762,0.1163,0.2684,0.4762,0.1391
6235,laya-ml,en,D-lit,D,A,3,A,0,1,0.2676,0.4428,0.4428,0.4428,0.4428,0.1242,0.16540000000000002,0.2676
6238,laya-ml,en,D-lit,C,A,2,A,0,1,0.39480000000000004,0.4969,0.4969,0.4969,0.4969,0.0719,0.39480000000000004,0.0364
6239,laya-ml,en,D-lit,D,C,3,D,1,0,0.2786,0.214,0.2786,0.2786,0.2419,0.2655,0.214,0.2786
6240,laya-ml,en,D-lit,B,A,1,D,0,0,0.07060000000000001,0.0383,0.6211,0.6211,0.0383,0.07060000000000001,0.2701,0.6211
6241,laya-ml,en,D-lit,B,C,1,B,1,0,0.45230000000000004,0.193,0.45230000000000004,0.45230000000000004,0.0867,0.45230000000000004,0.193,0.268
6243,laya-ml,en,D-lit,C,D,2,D,0,1,0.3356,0.44010000000000005,0.44010000000000005,0.44010000000000005,0.1893,0.035,0.3356,0.44010000000000005
6244,laya-ml,en,D-lit,D,B,3,B,0,1,0.08510000000000001,0.8572000000000001,0.8572000000000001,0.8572000000000001,0.0364,0.8572000000000001,0.0212,0.08510000000000001
6253,laya-ml,en,D-lit,B,A,1,B,1,0,0.7362000000000001,0.1325,0.7362000000000001,0.7362000000000001,0.1325,0.7362000000000001,0.0058000000000000005,0.1255
6254,laya-ml,en,D-lit,D,A,3,A,0,1,0.0489,0.5437000000000001,0.5437000000000001,0.5437000000000001,0.5437000000000001,0.0748,0.3325,0.0489
6255,laya-ml,en,D-lit,A,C,0,B,0,0,0.23290000000000002,0.1746,0.3758,0.3758,0.23290000000000002,0.3758,0.1746,0.2167
6269,laya-ml,en,D-lit,B,A,1,C,0,0,0.27640000000000003,0.19970000000000002,0.33,0.33,0.19970000000000002,0.27640000000000003,0.33,0.19390000000000002
6272,laya-ml,en,D-lit,B,C,1,D,0,0,0.0716,0.09960000000000001,0.7373000000000001,0.7373000000000001,0.0916,0.0716,0.09960000000000001,0.7373000000000001
6276,laya-ml,en,D-lit,C,D,2,D,0,1,0.2494,0.4857,0.4857,0.4857,0.2247,0.0402,0.2494,0.4857
6277,laya-ml,en,D-lit,A,B,0,B,0,1,0.3612,0.44110000000000005,0.44110000000000005,0.44110000000000005,0.3612,0.44110000000000005,0.1335,0.06420000000000001
6278,laya-ml,en,D-lit,A,D,0,B,0,0,0.23340000000000002,0.325,0.3776,0.3776,0.23340000000000002,0.3776,0.0641,0.325
6279,laya-ml,en,D-lit,D,A,3,A,0,1,0.012400000000000001,0.9846,0.9846,0.9846,0.9846,0.0009000000000000001,0.0021000000000000003,0.012400000000000001
6280,laya-ml,en,D-lit,C,B,2,D,0,0,0.2479,0.0801,0.6083000000000001,0.6083000000000001,0.0636,0.0801,0.2479,0.6083000000000001
6281,laya-ml,en,D-lit,B,A,1,C,0,0,0.16970000000000002,0.2174,0.3543,0.3543,0.2174,0.16970000000000002,0.3543,0.2586
6284,laya-ml,en,D-lit,A,B,0,C,0,0,0.057100000000000005,0.0918,0.7858,0.7858,0.057100000000000005,0.0918,0.7858,0.0653
6285,laya-ml,en,D-lit,B,C,1,C,0,1,0.0419,0.42610000000000003,0.42610000000000003,0.42610000000000003,0.1273,0.0419,0.42610000000000003,0.4046
6288,laya-ml,en,D-lit,C,B,2,C,1,0,0.3865,0.20020000000000002,0.3865,0.3865,0.1898,0.20020000000000002,0.3865,0.2235
6289,laya-ml,en,D-lit,A,C,0,C,0,1,0.0172,0.9591000000000001,0.9591000000000001,0.9591000000000001,0.0172,0.013000000000000001,0.9591000000000001,0.010700000000000001
6294,laya-ml,en,D-lit,C,D,2,C,1,0,0.5944,0.2466,0.5944,0.5944,0.07100000000000001,0.0879,0.5944,0.2466
6296,laya-ml,en,D-lit,C,A,2,A,0,1,0.0671,0.8071,0.8071,0.8071,0.8071,0.0752,0.0671,0.0506
6300,laya-ml,en,D-lit,D,A,3,D,1,0,0.6629,0.1106,0.6629,0.6629,0.1106,0.0976,0.12890000000000001,0.6629
6309,laya-ml,en,D-lit,B,A,1,A,0,1,0.2082,0.39980000000000004,0.39980000000000004,0.39980000000000004,0.39980000000000004,0.2082,0.1635,0.2286
6313,laya-ml,en,D-lit,D,C,3,D,1,0,0.3955,0.1859,0.3955,0.3955,0.18460000000000001,0.234,0.1859,0.3955
6316,laya-ml,en,D-lit,C,A,2,C,1,0,0.9123,0.0161,0.9123,0.9123,0.0161,0.006900000000000001,0.9123,0.06470000000000001
6318,laya-ml,en,D-lit,C,B,2,C,1,0,0.619,0.1353,0.619,0.619,0.15410000000000001,0.1353,0.619,0.0916
6320,laya-ml,en,D-lit,C,B,2,C,1,0,0.7023,0.193,0.7023,0.7023,0.0364,0.193,0.7023,0.0684
6325,laya-ml,en,D-lit,A,D,0,B,0,0,0.2947,0.21350000000000002,0.3569,0.3569,0.2947,0.3569,0.13490000000000002,0.21350000000000002
6330,laya-ml,en,D-lit,A,B,0,A,1,0,0.3638,0.2015,0.3638,0.3638,0.3638,0.2015,0.31,0.12480000000000001
6332,laya-ml,en,D-lit,C,A,2,B,0,0,0.2485,0.2112,0.43260000000000004,0.43260000000000004,0.2112,0.43260000000000004,0.2485,0.1077
6333,laya-ml,en,D-lit,B,D,1,B,1,0,0.46230000000000004,0.3769,0.46230000000000004,0.46230000000000004,0.1048,0.46230000000000004,0.056,0.3769
6334,laya-ml,en,D-lit,A,B,0,A,1,0,0.3561,0.34550000000000003,0.3561,0.3561,0.3561,0.34550000000000003,0.1477,0.1506
6335,laya-ml,en,D-lit,B,A,1,A,0,1,0.18080000000000002,0.512,0.512,0.512,0.512,0.18080000000000002,0.19410000000000002,0.1131
6339,laya-ml,en,D-lit,B,C,1,B,1,0,0.6431,0.1039,0.6431,0.6431,0.0854,0.6431,0.1039,0.16770000000000002
6340,laya-ml,en,D-lit,A,D,0,C,0,0,0.145,0.2449,0.4012,0.4012,0.145,0.2089,0.4012,0.2449
6349,laya-ml,en,D-lit,A,C,0,D,0,0,0.2218,0.23270000000000002,0.325,0.325,0.2218,0.2205,0.23270000000000002,0.325
6351,laya-ml,en,D-lit,D,A,3,D,1,0,0.534,0.1716,0.534,0.534,0.1716,0.16820000000000002,0.1263,0.534
6353,laya-ml,en,D-lit,C,A,2,C,1,0,0.6821,0.0743,0.6821,0.6821,0.0743,0.052000000000000005,0.6821,0.19160000000000002
6359,laya-ml,en,D-lit,D,A,3,D,1,0,0.5979,0.2646,0.5979,0.5979,0.2646,0.0524,0.08510000000000001,0.5979
6362,laya-ml,en,D-lit,D,B,3,B,0,1,0.1479,0.6208,0.6208,0.6208,0.048600000000000004,0.6208,0.1827,0.1479
6365,laya-ml,en,D-lit,C,A,2,D,0,0,0.1285,0.2157,0.49110000000000004,0.49110000000000004,0.2157,0.1647,0.1285,0.49110000000000004
6369,laya-ml,en,D-lit,A,C,0,C,0,1,0.19440000000000002,0.6464000000000001,0.6464000000000001,0.6464000000000001,0.19440000000000002,0.1013,0.6464000000000001,0.0579
6372,laya-ml,en,D-lit,B,D,1,D,0,1,0.24710000000000001,0.46530000000000005,0.46530000000000005,0.46530000000000005,0.2059,0.24710000000000001,0.08170000000000001,0.46530000000000005
6373,laya-ml,en,D-lit,A,B,0,C,0,0,0.1432,0.1666,0.47840000000000005,0.47840000000000005,0.1432,0.1666,0.47840000000000005,0.2117
6376,laya-ml,en,D-lit,B,C,1,D,0,0,0.3099,0.0742,0.3154,0.3154,0.3004,0.3099,0.0742,0.3154
6377,laya-ml,en,D-lit,B,D,1,C,0,0,0.1723,0.0553,0.7144,0.7144,0.058,0.1723,0.7144,0.0553
6379,laya-ml,en,D-lit,C,D,2,C,1,0,0.543,0.2566,0.543,0.543,0.1497,0.0507,0.543,0.2566
6380,laya-ml,en,D-lit,A,B,0,A,1,0,0.5589000000000001,0.1988,0.5589000000000001,0.5589000000000001,0.5589000000000001,0.1988,0.14850000000000002,0.09390000000000001
6384,laya-ml,en,D-lit,B,D,1,B,1,0,0.6294000000000001,0.0976,0.6294000000000001,0.6294000000000001,0.0529,0.6294000000000001,0.22,0.0976
6387,laya-ml,en,D-lit,A,D,0,A,1,0,0.673,0.0308,0.673,0.673,0.673,0.0129,0.28340000000000004,0.0308
6388,laya-ml,en,D-lit,B,D,1,B,1,0,0.6875,0.2561,0.6875,0.6875,0.0194,0.6875,0.037,0.2561
6389,laya-ml,en,D-lit,B,D,1,B,1,0,0.4591,0.14550000000000002,0.4591,0.4591,0.1135,0.4591,0.28190000000000004,0.14550000000000002
6395,laya-ml,en,D-lit,A,D,0,D,0,1,0.19890000000000002,0.47000000000000003,0.47000000000000003,0.47000000000000003,0.19890000000000002,0.21910000000000002,0.1119,0.47000000000000003
6396,laya-ml,en,D-lit,A,C,0,B,0,0,0.0499,0.0438,0.8427,0.8427,0.0499,0.8427,0.0438,0.0635
6402,laya-ml,en,D-lit,B,A,1,D,0,0,0.22690000000000002,0.18280000000000002,0.5173,0.5173,0.18280000000000002,0.22690000000000002,0.073,0.5173
6410,laya-ml,en,D-lit,B,C,1,B,1,0,0.5088,0.3411,0.5088,0.5088,0.1075,0.5088,0.3411,0.0426
6411,laya-ml,en,D-lit,A,B,0,C,0,0,0.24130000000000001,0.0669,0.5022,0.5022,0.24130000000000001,0.0669,0.5022,0.18960000000000002
6419,laya-ml,en,D-lit,C,B,2,B,0,1,0.2386,0.3941,0.3941,0.3941,0.30770000000000003,0.3941,0.2386,0.0596
6420,laya-ml,en,D-lit,B,C,1,B,1,0,0.905,0.0477,0.905,0.905,0.0261,0.905,0.0477,0.0212
6433,laya-ml,en,D-lit,A,B,0,C,0,0,0.2717,0.1383,0.4842,0.4842,0.2717,0.1383,0.4842,0.1057
6435,laya-ml,en,D-lit,C,A,2,A,0,1,0.4161,0.441,0.441,0.441,0.441,0.0671,0.4161,0.0757
6441,laya-ml,en,D-lit,B,A,1,A,0,1,0.13340000000000002,0.7641,0.7641,0.7641,0.7641,0.13340000000000002,0.0172,0.0853
6450,laya-ml,en,D-lit,B,A,1,C,0,0,0.2499,0.138,0.36210000000000003,0.36210000000000003,0.138,0.2499,0.36210000000000003,0.2499
6451,laya-ml,en,D-lit,D,A,3,D,1,0,0.4194,0.2676,0.4194,0.4194,0.2676,0.2058,0.1072,0.4194
6454,laya-ml,en,D-lit,B,C,1,B,1,0,0.43410000000000004,0.061500000000000006,0.43410000000000004,0.43410000000000004,0.1208,0.43410000000000004,0.061500000000000006,0.3836
6456,laya-ml,en,D-lit,B,C,1,B,1,0,0.8197,0.046,0.8197,0.8197,0.07350000000000001,0.8197,0.046,0.0608
6461,laya-ml,en,D-lit,A,B,0,A,1,0,0.4098,0.1525,0.4098,0.4098,0.4098,0.1525,0.1033,0.3345
6462,laya-ml,en,D-lit,A,D,0,A,1,0,0.5616,0.2555,0.5616,0.5616,0.5616,0.0756,0.1072,0.2555
6463,laya-ml,en,D-lit,D,C,3,C,0,1,0.0001,0.9994000000000001,0.9994000000000001,0.9994000000000001,0.0002,0.0002,0.9994000000000001,0.0001
6467,laya-ml,en,D-lit,D,B,3,C,0,0,0.305,0.2495,0.336,0.336,0.1095,0.2495,0.336,0.305
6468,laya-ml,en,D-lit,B,C,1,B,1,0,0.34690000000000004,0.2755,0.34690000000000004,0.34690000000000004,0.1816,0.34690000000000004,0.2755,0.196
6470,laya-ml,en,D-lit,A,C,0,C,0,1,0.0712,0.8657,0.8657,0.8657,0.0712,0.0298,0.8657,0.0333
6471,laya-ml,en,D-lit,D,A,3,A,0,1,0.11660000000000001,0.6309,0.6309,0.6309,0.6309,0.21,0.0425,0.11660000000000001
6476,laya-ml,en,D-lit,D,C,3,D,1,0,0.4837,0.2891,0.4837,0.4837,0.0719,0.1553,0.2891,0.4837
6477,laya-ml,en,D-lit,A,D,0,A,1,0,0.8537,0.10060000000000001,0.8537,0.8537,0.8537,0.0145,0.031200000000000002,0.10060000000000001
6485,laya-ml,en,D-lit,D,B,3,B,0,1,0.23570000000000002,0.6624,0.6624,0.6624,0.061,0.6624,0.0408,0.23570000000000002
6486,laya-ml,en,D-lit,B,D,1,C,0,0,0.31170000000000003,0.1907,0.4263,0.4263,0.0713,0.31170000000000003,0.4263,0.1907
6487,laya-ml,en,D-lit,A,D,0,D,0,1,0.15130000000000002,0.7597,0.7597,0.7597,0.15130000000000002,0.0253,0.0637,0.7597
6489,laya-ml,en,D-lit,D,A,3,A,0,1,0.0222,0.9357000000000001,0.9357000000000001,0.9357000000000001,0.9357000000000001,0.0292,0.0128,0.0222
6492,laya-ml,en,D-lit,B,D,1,C,0,0,0.2571,0.31170000000000003,0.39630000000000004,0.39630000000000004,0.0349,0.2571,0.39630000000000004,0.31170000000000003
6512,laya-ml,en,D-lit,D,B,3,B,0,1,0.191,0.6118,0.6118,0.6118,0.1345,0.6118,0.0627,0.191
6513,laya-ml,en,D-lit,D,B,3,B,0,1,0.0901,0.5069,0.5069,0.5069,0.1595,0.5069,0.24350000000000002,0.0901
6515,laya-ml,en,D-lit,A,C,0,C,0,1,0.24780000000000002,0.47490000000000004,0.47490000000000004,0.47490000000000004,0.24780000000000002,0.1237,0.47490000000000004,0.15360000000000001
6517,laya-ml,en,D-lit,B,C,1,B,1,0,0.6511,0.1288,0.6511,0.6511,0.0664,0.6511,0.1288,0.1537
6519,laya-ml,en,D-lit,B,A,1,A,0,1,0.0251,0.9437000000000001,0.9437000000000001,0.9437000000000001,0.9437000000000001,0.0251,0.0287,0.0025
6521,laya-ml,en,D-lit,D,C,3,C,0,1,0.12940000000000002,0.7455,0.7455,0.7455,0.0984,0.0267,0.7455,0.12940000000000002
6529,laya-ml,en,D-lit,D,C,3,D,1,0,0.7604000000000001,0.1396,0.7604000000000001,0.7604000000000001,0.0674,0.032600000000000004,0.1396,0.7604000000000001
6531,laya-ml,en,D-lit,D,A,3,C,0,0,0.0171,0.0459,0.9222,0.9222,0.0459,0.0148,0.9222,0.0171
6532,laya-ml,en,D-lit,B,C,1,D,0,0,0.17270000000000002,0.0813,0.4052,0.4052,0.3408,0.17270000000000002,0.0813,0.4052
6533,laya-ml,en,D-lit,B,D,1,D,0,1,0.007,0.9615,0.9615,0.9615,0.0181,0.007,0.0134,0.9615
6534,laya-ml,en,D-lit,C,A,2,C,1,0,0.8139000000000001,0.1374,0.8139000000000001,0.8139000000000001,0.1374,0.027600000000000003,0.8139000000000001,0.0211
6535,laya-ml,en,D-lit,A,D,0,A,1,0,0.502,0.2369,0.502,0.502,0.502,0.09430000000000001,0.1668,0.2369
6540,laya-ml,en,D-lit,D,A,3,D,1,0,0.51,0.09,0.51,0.51,0.09,0.0592,0.3408,0.51
6545,laya-ml,en,D-lit,B,A,1,D,0,0,0.1519,0.0229,0.6985,0.6985,0.0229,0.1519,0.1267,0.6985
6546,laya-ml,en,D-lit,D,A,3,D,1,0,0.5927,0.1812,0.5927,0.5927,0.1812,0.12050000000000001,0.1056,0.5927
6550,laya-ml,en,D-lit,C,A,2,D,0,0,0.10070000000000001,0.2204,0.4348,0.4348,0.2204,0.2441,0.10070000000000001,0.4348
6552,laya-ml,en,D-lit,D,A,3,B,0,0,0.3154,0.1956,0.3317,0.3317,0.1956,0.3317,0.1572,0.3154
6553,laya-ml,en,D-lit,B,A,1,A,0,1,0.1073,0.5036,0.5036,0.5036,0.5036,0.1073,0.0886,0.3004
6554,laya-ml,en,D-lit,B,A,1,B,1,0,0.6939000000000001,0.1827,0.6939000000000001,0.6939000000000001,0.1827,0.6939000000000001,0.0529,0.07060000000000001
6555,laya-ml,en,D-lit,D,A,3,D,1,0,0.5069,0.2667,0.5069,0.5069,0.2667,0.16570000000000001,0.060700000000000004,0.5069
6556,laya-ml,en,D-lit,C,D,2,C,1,0,0.9354,0.046400000000000004,0.9354,0.9354,0.01,0.0083,0.9354,0.046400000000000004
6562,laya-ml,en,D-lit,C,B,2,C,1,0,0.389,0.364,0.389,0.389,0.1791,0.364,0.389,0.0679
6563,laya-ml,en,D-lit,B,D,1,D,0,1,0.19460000000000002,0.38280000000000003,0.38280000000000003,0.38280000000000003,0.11710000000000001,0.19460000000000002,0.3055,0.38280000000000003
6564,laya-ml,en,D-lit,D,A,3,D,1,0,0.41850000000000004,0.2591,0.41850000000000004,0.41850000000000004,0.2591,0.1547,0.1676,0.41850000000000004
6568,laya-ml,en,D-lit,D,C,3,C,0,1,0.0465,0.7888000000000001,0.7888000000000001,0.7888000000000001,0.0838,0.081,0.7888000000000001,0.0465
6569,laya-ml,en,D-lit,C,B,2,B,0,1,0.23920000000000002,0.3735,0.3735,0.3735,0.1991,0.3735,0.23920000000000002,0.1882
6570,laya-ml,en,D-lit,B,C,1,B,1,0,0.4541,0.2079,0.4541,0.4541,0.029900000000000003,0.4541,0.2079,0.308
6574,laya-ml,en,D-lit,C,D,2,C,1,0,0.48610000000000003,0.1312,0.48610000000000003,0.48610000000000003,0.12940000000000002,0.25320000000000004,0.48610000000000003,0.1312
6576,laya-ml,en,D-lit,A,C,0,C,0,1,0.179,0.36910000000000004,0.36910000000000004,0.36910000000000004,0.179,0.2757,0.36910000000000004,0.1763
6577,laya-ml,en,D-lit,B,D,1,A,0,0,0.2199,0.18230000000000002,0.5341,0.5341,0.5341,0.2199,0.0637,0.18230000000000002
6583,laya-ml,en,D-lit,D,A,3,C,0,0,0.1763,0.0935,0.4968,0.4968,0.0935,0.2335,0.4968,0.1763
6584,laya-ml,en,D-lit,D,A,3,D,1,0,0.8136,0.054,0.8136,0.8136,0.054,0.0471,0.0853,0.8136
6587,laya-ml,en,D-lit,D,A,3,C,0,0,0.3544,0.2273,0.3639,0.3639,0.2273,0.054400000000000004,0.3639,0.3544
6589,laya-ml,en,D-lit,B,C,1,D,0,0,0.19920000000000002,0.2073,0.44320000000000004,0.44320000000000004,0.15030000000000002,0.19920000000000002,0.2073,0.44320000000000004
6590,laya-ml,en,D-lit,C,B,2,C,1,0,0.737,0.1379,0.737,0.737,0.050100000000000006,0.1379,0.737,0.0751
6591,laya-ml,en,D-lit,A,D,0,D,0,1,0.1182,0.5561,0.5561,0.5561,0.1182,0.23600000000000002,0.0897,0.5561
6592,laya-ml,en,D-lit,A,B,0,A,1,0,0.8067000000000001,0.0825,0.8067000000000001,0.8067000000000001,0.8067000000000001,0.0825,0.061900000000000004,0.0489
6593,laya-ml,en,D-lit,C,B,2,B,0,1,0.45470000000000005,0.49770000000000003,0.49770000000000003,0.49770000000000003,0.0244,0.49770000000000003,0.45470000000000005,0.023200000000000002
6595,laya-ml,en,D-lit,D,B,3,D,1,0,0.5041,0.0839,0.5041,0.5041,0.2836,0.0839,0.12840000000000001,0.5041
6596,laya-ml,en,D-lit,C,B,2,D,0,0,0.2398,0.0848,0.5557,0.5557,0.11960000000000001,0.0848,0.2398,0.5557
6599,laya-ml,en,D-lit,B,A,1,B,1,0,0.5609000000000001,0.078,0.5609000000000001,0.5609000000000001,0.078,0.5609000000000001,0.045200000000000004,0.3159
6600,laya-ml,en,D-lit,A,C,0,A,1,0,0.7208,0.0434,0.7208,0.7208,0.7208,0.1703,0.0434,0.0655
6601,laya-ml,en,D-lit,A,B,0,D,0,0,0.06810000000000001,0.3583,0.4651,0.4651,0.06810000000000001,0.3583,0.10840000000000001,0.4651
6604,laya-ml,en,D-lit,A,D,0,A,1,0,0.8219000000000001,0.0785,0.8219000000000001,0.8219000000000001,0.8219000000000001,0.0478,0.0519,0.0785
6606,laya-ml,en,D-lit,B,C,1,B,1,0,0.4635,0.1245,0.4635,0.4635,0.1223,0.4635,0.1245,0.2897
6610,laya-ml,en,D-lit,C,D,2,D,0,1,0.2994,0.5718,0.5718,0.5718,0.07540000000000001,0.0534,0.2994,0.5718
6614,laya-ml,en,D-lit,C,B,2,C,1,0,0.9738,0.0063,0.9738,0.9738,0.014100000000000001,0.0063,0.9738,0.0059
6625,laya-ml,en,D-lit,D,B,3,B,0,1,0.1638,0.6134000000000001,0.6134000000000001,0.6134000000000001,0.046,0.6134000000000001,0.1767,0.1638
6638,laya-ml,en,D-lit,D,C,3,C,0,1,0.2316,0.6342,0.6342,0.6342,0.0274,0.1068,0.6342,0.2316
6641,laya-ml,en,D-lit,D,A,3,C,0,0,0.0492,0.1731,0.6292,0.6292,0.1731,0.1486,0.6292,0.0492
6646,laya-ml,en,D-lit,B,C,1,C,0,1,0.1078,0.49760000000000004,0.49760000000000004,0.49760000000000004,0.318,0.1078,0.49760000000000004,0.0766
6647,laya-ml,en,D-lit,B,D,1,D,0,1,0.1034,0.6091,0.6091,0.6091,0.17170000000000002,0.1034,0.11570000000000001,0.6091
6657,laya-ml,en,D-lit,D,C,3,D,1,0,0.3488,0.24760000000000001,0.3488,0.3488,0.254,0.1496,0.24760000000000001,0.3488
6661,laya-ml,en,D-lit,C,A,2,C,1,0,0.4504,0.1427,0.4504,0.4504,0.1427,0.28240000000000004,0.4504,0.1245
6663,laya-ml,en,D-lit,A,B,0,C,0,0,0.2419,0.0368,0.6264000000000001,0.6264000000000001,0.2419,0.0368,0.6264000000000001,0.0949
6665,laya-ml,en,D-lit,D,C,3,D,1,0,0.7699,0.1681,0.7699,0.7699,0.0222,0.0397,0.1681,0.7699
6666,laya-ml,en,D-lit,B,D,1,B,1,0,0.5487000000000001,0.3462,0.5487000000000001,0.5487000000000001,0.057800000000000004,0.5487000000000001,0.047400000000000005,0.3462
6671,laya-ml,en,D-lit,C,B,2,B,0,1,0.0659,0.9164,0.9164,0.9164,0.0014,0.9164,0.0659,0.016300000000000002
6672,laya-ml,en,D-lit,B,C,1,C,0,1,0.1791,0.3282,0.3282,0.3282,0.1802,0.1791,0.3282,0.3125
6674,laya-ml,en,D-lit,B,D,1,B,1,0,0.7211000000000001,0.1965,0.7211000000000001,0.7211000000000001,0.050800000000000005,0.7211000000000001,0.0316,0.1965
6676,laya-ml,en,D-lit,C,D,2,C,1,0,0.4229,0.186,0.4229,0.4229,0.11610000000000001,0.275,0.4229,0.186
6678,laya-ml,en,D-lit,A,D,0,C,0,0,0.10070000000000001,0.0983,0.7668,0.7668,0.10070000000000001,0.0342,0.7668,0.0983
6683,laya-ml,en,D-lit,C,D,2,A,0,0,0.0858,0.3179,0.4853,0.4853,0.4853,0.1111,0.0858,0.3179
6684,laya-ml,en,D-lit,C,D,2,C,1,0,0.614,0.1889,0.614,0.614,0.1009,0.09620000000000001,0.614,0.1889
6686,laya-ml,en,D-lit,A,C,0,B,0,0,0.20420000000000002,0.127,0.46880000000000005,0.46880000000000005,0.20420000000000002,0.46880000000000005,0.127,0.19990000000000002
6694,laya-ml,en,D-lit,A,C,0,C,0,1,0.07930000000000001,0.36860000000000004,0.36860000000000004,0.36860000000000004,0.07930000000000001,0.2639,0.36860000000000004,0.2882
6697,laya-ml,en,D-lit,D,A,3,B,0,0,0.28650000000000003,0.259,0.3196,0.3196,0.259,0.3196,0.13490000000000002,0.28650000000000003
6698,laya-ml,en,D-lit,B,C,1,B,1,0,0.7111000000000001,0.115,0.7111000000000001,0.7111000000000001,0.032,0.7111000000000001,0.115,0.1419
6711,laya-ml,en,D-lit,A,D,0,A,1,0,0.3921,0.2034,0.3921,0.3921,0.3921,0.2144,0.19010000000000002,0.2034
6712,laya-ml,en,D-lit,D,C,3,D,1,0,0.5469,0.23090000000000002,0.5469,0.5469,0.1051,0.117,0.23090000000000002,0.5469
6715,laya-ml,en,D-lit,A,D,0,A,1,0,0.7112,0.20450000000000002,0.7112,0.7112,0.7112,0.0575,0.0268,0.20450000000000002
6721,laya-ml,en,D-lit,A,B,0,B,0,1,0.0917,0.7489,0.7489,0.7489,0.0917,0.7489,0.0603,0.099
6731,laya-ml,en,D-lit,C,D,2,B,0,0,0.2766,0.1621,0.3204,0.3204,0.2409,0.3204,0.2766,0.1621
6732,laya-ml,en,D-lit,C,D,2,A,0,0,0.1757,0.1071,0.40900000000000003,0.40900000000000003,0.40900000000000003,0.30820000000000003,0.1757,0.1071
6733,laya-ml,en,D-lit,C,D,2,D,0,1,0.2474,0.47790000000000005,0.47790000000000005,0.47790000000000005,0.1409,0.1338,0.2474,0.47790000000000005
6735,laya-ml,en,D-lit,A,D,0,A,1,0,0.6393,0.3215,0.6393,0.6393,0.6393,0.0134,0.0258,0.3215
6739,laya-ml,en,D-lit,D,C,3,C,0,1,0.0109,0.9728,0.9728,0.9728,0.009000000000000001,0.0073,0.9728,0.0109
6743,laya-ml,en,D-lit,C,D,2,D,0,1,0.3191,0.47000000000000003,0.47000000000000003,0.47000000000000003,0.14070000000000002,0.0702,0.3191,0.47000000000000003
6744,laya-ml,en,D-lit,D,C,3,C,0,1,0.0068000000000000005,0.8524,0.8524,0.8524,0.013000000000000001,0.1278,0.8524,0.0068000000000000005
6746,laya-ml,en,D-lit,C,B,2,D,0,0,0.15660000000000002,0.1809,0.5678000000000001,0.5678000000000001,0.09480000000000001,0.1809,0.15660000000000002,0.5678000000000001
6747,laya-ml,en,D-lit,B,D,1,B,1,0,0.7469,0.1569,0.7469,0.7469,0.0344,0.7469,0.061900000000000004,0.1569
6748,laya-ml,en,D-lit,C,A,2,D,0,0,0.1308,0.0379,0.7863,0.7863,0.0379,0.045,0.1308,0.7863
6751,laya-ml,en,D-lit,C,A,2,C,1,0,0.6038,0.18050000000000002,0.6038,0.6038,0.18050000000000002,0.07490000000000001,0.6038,0.1408
6752,laya-ml,en,D-lit,D,B,3,B,0,1,0.1766,0.5788,0.5788,0.5788,0.14170000000000002,0.5788,0.1029,0.1766
6753,laya-ml,en,D-lit,A,B,0,D,0,0,0.16490000000000002,0.2988,0.3745,0.3745,0.16490000000000002,0.2988,0.1618,0.3745
6754,laya-ml,en,D-lit,B,D,1,B,1,0,0.5269,0.3405,0.5269,0.5269,0.0599,0.5269,0.0727,0.3405
6757,laya-ml,en,D-lit,A,C,0,C,0,1,0.0879,0.7246,0.7246,0.7246,0.0879,0.0776,0.7246,0.10990000000000001
6758,laya-ml,en,D-lit,B,A,1,A,0,1,0.10300000000000001,0.8319000000000001,0.8319000000000001,0.8319000000000001,0.8319000000000001,0.10300000000000001,0.0526,0.0125
6764,laya-ml,en,D-lit,B,C,1,B,1,0,0.7378,0.1758,0.7378,0.7378,0.0476,0.7378,0.1758,0.0388
6766,laya-ml,en,D-lit,D,A,3,B,0,0,0.2456,0.2812,0.3088,0.3088,0.2812,0.3088,0.1643,0.2456
6767,laya-ml,en,D-lit,C,A,2,A,0,1,0.075,0.6669,0.6669,0.6669,0.6669,0.1247,0.075,0.13340000000000002
6768,laya-ml,en,D-lit,D,A,3,C,0,0,0.24550000000000002,0.2134,0.45070000000000005,0.45070000000000005,0.2134,0.09040000000000001,0.45070000000000005,0.24550000000000002
6769,laya-ml,en,D-lit,A,C,0,C,0,1,0.17020000000000002,0.6131,0.6131,0.6131,0.17020000000000002,0.11620000000000001,0.6131,0.10060000000000001
6770,laya-ml,en,D-lit,C,A,2,A,0,1,0.3704,0.4343,0.4343,0.4343,0.4343,0.09570000000000001,0.3704,0.09970000000000001
6771,laya-ml,en,D-lit,C,B,2,C,1,0,0.7745000000000001,0.068,0.7745000000000001,0.7745000000000001,0.1073,0.068,0.7745000000000001,0.0502
6774,laya-ml,en,D-lit,C,A,2,A,0,1,0.37060000000000004,0.5132,0.5132,0.5132,0.5132,0.07390000000000001,0.37060000000000004,0.042300000000000004
6779,laya-ml,en,D-lit,A,D,0,A,1,0,0.37220000000000003,0.3456,0.37220000000000003,0.37220000000000003,0.37220000000000003,0.21430000000000002,0.0679,0.3456
6783,laya-ml,en,D-lit,C,B,2,C,1,0,0.6631,0.24580000000000002,0.6631,0.6631,0.027,0.24580000000000002,0.6631,0.064
6785,laya-ml,en,D-lit,C,D,2,C,1,0,0.8002,0.08360000000000001,0.8002,0.8002,0.056900000000000006,0.059300000000000005,0.8002,0.08360000000000001
6792,laya-ml,en,D-lit,C,B,2,C,1,0,0.8867,0.08220000000000001,0.8867,0.8867,0.005,0.08220000000000001,0.8867,0.0261
6793,laya-ml,en,D-lit,A,D,0,D,0,1,0.055,0.8316,0.8316,0.8316,0.055,0.0819,0.0316,0.8316
6800,laya-ml,en,D-lit,C,B,2,C,1,0,0.5646,0.19110000000000002,0.5646,0.5646,0.1217,0.19110000000000002,0.5646,0.1227
6801,laya-ml,en,D-lit,C,A,2,A,0,1,0.36210000000000003,0.4671,0.4671,0.4671,0.4671,0.0247,0.36210000000000003,0.146
6806,laya-ml,en,D-lit,A,B,0,A,1,0,0.45940000000000003,0.19,0.45940000000000003,0.45940000000000003,0.45940000000000003,0.19,0.227,0.1236
6808,laya-ml,en,D-lit,B,D,1,D,0,1,0.10640000000000001,0.6301,0.6301,0.6301,0.0451,0.10640000000000001,0.21830000000000002,0.6301
6810,laya-ml,en,D-lit,B,D,1,D,0,1,0.0704,0.8958,0.8958,0.8958,0.0038,0.0704,0.030100000000000002,0.8958
6811,laya-ml,en,D-lit,C,D,2,B,0,0,0.159,0.2278,0.36110000000000003,0.36110000000000003,0.252,0.36110000000000003,0.159,0.2278
6813,laya-ml,en,D-lit,C,B,2,B,0,1,0.2177,0.6437,0.6437,0.6437,0.0604,0.6437,0.2177,0.0782
6816,laya-ml,en,D-lit,D,B,3,B,0,1,0.217,0.5737,0.5737,0.5737,0.1312,0.5737,0.0781,0.217
6820,laya-ml,en,D-lit,D,C,3,A,0,0,0.1995,0.0816,0.3804,0.3804,0.3804,0.3385,0.0816,0.1995
6821,laya-ml,en,D-lit,A,B,0,B,0,1,0.1792,0.5293,0.5293,0.5293,0.1792,0.5293,0.20520000000000002,0.0864
6822,laya-ml,en,D-lit,A,C,0,D,0,0,0.19590000000000002,0.22460000000000002,0.43770000000000003,0.43770000000000003,0.19590000000000002,0.1418,0.22460000000000002,0.43770000000000003
6824,laya-ml,en,D-lit,D,B,3,C,0,0,0.2472,0.2215,0.40540000000000004,0.40540000000000004,0.1259,0.2215,0.40540000000000004,0.2472
6825,laya-ml,en,D-lit,D,C,3,D,1,0,0.4919,0.16340000000000002,0.4919,0.4919,0.196,0.1487,0.16340000000000002,0.4919
6826,laya-ml,en,D-lit,C,B,2,B,0,1,0.16540000000000002,0.34190000000000004,0.34190000000000004,0.34190000000000004,0.1632,0.34190000000000004,0.16540000000000002,0.3295
6828,laya-ml,en,D-lit,B,C,1,D,0,0,0.1082,0.1154,0.39740000000000003,0.39740000000000003,0.3789,0.1082,0.1154,0.39740000000000003
6835,laya-ml,en,D-lit,B,A,1,A,0,1,0.014700000000000001,0.8184,0.8184,0.8184,0.8184,0.014700000000000001,0.1058,0.0611
6854,laya-ml,en,D-lit,C,D,2,C,1,0,0.518,0.1131,0.518,0.518,0.1825,0.18630000000000002,0.518,0.1131
6856,laya-ml,en,D-lit,B,A,1,B,1,0,0.6696000000000001,0.24550000000000002,0.6696000000000001,0.6696000000000001,0.24550000000000002,0.6696000000000001,0.011,0.07390000000000001
6857,laya-ml,en,D-lit,B,D,1,B,1,0,0.3531,0.32280000000000003,0.3531,0.3531,0.21480000000000002,0.3531,0.10930000000000001,0.32280000000000003
6858,laya-ml,en,D-lit,C,D,2,D,0,1,0.18860000000000002,0.7542,0.7542,0.7542,0.0234,0.033800000000000004,0.18860000000000002,0.7542
6866,laya-ml,en,D-lit,A,C,0,D,0,0,0.225,0.10400000000000001,0.5109,0.5109,0.225,0.16010000000000002,0.10400000000000001,0.5109
6870,laya-ml,en,D-lit,D,A,3,A,0,1,0.2112,0.7011000000000001,0.7011000000000001,0.7011000000000001,0.7011000000000001,0.058300000000000005,0.029400000000000003,0.2112
6872,laya-ml,en,D-lit,C,D,2,A,0,0,0.34450000000000003,0.1013,0.4777,0.4777,0.4777,0.0765,0.34450000000000003,0.1013
6873,laya-ml,en,D-lit,A,B,0,A,1,0,0.5352,0.1844,0.5352,0.5352,0.5352,0.1844,0.1453,0.13520000000000001
6874,laya-ml,en,D-lit,A,C,0,C,0,1,0.16040000000000001,0.6525000000000001,0.6525000000000001,0.6525000000000001,0.16040000000000001,0.07690000000000001,0.6525000000000001,0.1102
6876,laya-ml,en,D-lit,C,A,2,A,0,1,0.1521,0.4298,0.4298,0.4298,0.4298,0.22970000000000002,0.1521,0.1884
6880,laya-ml,en,D-lit,A,D,0,A,1,0,0.4,0.19770000000000001,0.4,0.4,0.4,0.3442,0.0582,0.19770000000000001
6881,laya-ml,en,D-lit,C,A,2,C,1,0,0.9136000000000001,0.0304,0.9136000000000001,0.9136000000000001,0.0304,0.0034000000000000002,0.9136000000000001,0.0526
6882,laya-ml,en,D-lit,A,B,0,D,0,0,0.0944,0.2549,0.4888,0.4888,0.0944,0.2549,0.16190000000000002,0.4888
6883,laya-ml,en,D-lit,B,C,1,C,0,1,0.145,0.5786,0.5786,0.5786,0.14070000000000002,0.145,0.5786,0.1358
6887,laya-ml,en,D-lit,B,C,1,C,0,1,0.2612,0.5054000000000001,0.5054000000000001,0.5054000000000001,0.1366,0.2612,0.5054000000000001,0.09680000000000001
6892,laya-ml,en,D-lit,D,B,3,D,1,0,0.3296,0.291,0.3296,0.3296,0.0512,0.291,0.3282,0.3296
6894,laya-ml,en,D-lit,A,D,0,D,0,1,0.3014,0.43170000000000003,0.43170000000000003,0.43170000000000003,0.3014,0.12040000000000001,0.14650000000000002,0.43170000000000003
6896,laya-ml,en,D-lit,C,D,2,C,1,0,0.9015000000000001,0.037,0.9015000000000001,0.9015000000000001,0.0376,0.0239,0.9015000000000001,0.037
6900,laya-ml,en,D-lit,D,A,3,B,0,0,0.2904,0.0654,0.32480000000000003,0.32480000000000003,0.0654,0.32480000000000003,0.31930000000000003,0.2904
6902,laya-ml,en,D-lit,D,C,3,D,1,0,0.7652,0.1472,0.7652,0.7652,0.0388,0.0488,0.1472,0.7652
6903,laya-ml,en,D-lit,D,B,3,D,1,0,0.3226,0.2109,0.3226,0.3226,0.2733,0.2109,0.1932,0.3226
6904,laya-ml,en,D-lit,A,C,0,A,1,0,0.3481,0.20700000000000002,0.3481,0.3481,0.3481,0.1789,0.20700000000000002,0.2659
6906,laya-ml,en,D-lit,B,A,1,B,1,0,0.9748,0.0112,0.9748,0.9748,0.0112,0.9748,0.007200000000000001,0.0068000000000000005
6915,laya-ml,en,D-lit,D,A,3,A,0,1,0.0717,0.561,0.561,0.561,0.561,0.32930000000000004,0.038,0.0717
6916,laya-ml,en,D-lit,D,A,3,A,0,1,0.1369,0.6144000000000001,0.6144000000000001,0.6144000000000001,0.6144000000000001,0.08310000000000001,0.1656,0.1369
6918,laya-ml,en,D-lit,A,C,0,A,1,0,0.4006,0.2602,0.4006,0.4006,0.4006,0.2449,0.2602,0.09430000000000001
6919,laya-ml,en,D-lit,D,A,3,D,1,0,0.36060000000000003,0.1053,0.36060000000000003,0.36060000000000003,0.1053,0.2674,0.2666,0.36060000000000003
6923,laya-ml,en,D-lit,B,A,1,B,1,0,0.35750000000000004,0.27040000000000003,0.35750000000000004,0.35750000000000004,0.27040000000000003,0.35750000000000004,0.1168,0.2553
6924,laya-ml,en,D-lit,C,D,2,A,0,0,0.2503,0.2199,0.3803,0.3803,0.3803,0.1494,0.2503,0.2199
6925,laya-ml,en,D-lit,C,A,2,B,0,0,0.41490000000000005,0.068,0.47090000000000004,0.47090000000000004,0.068,0.47090000000000004,0.41490000000000005,0.046200000000000005
6926,laya-ml,en,D-lit,B,D,1,D,0,1,0.3481,0.3894,0.3894,0.3894,0.10200000000000001,0.3481,0.1605,0.3894
6927,laya-ml,en,D-lit,A,D,0,A,1,0,0.6495000000000001,0.10990000000000001,0.6495000000000001,0.6495000000000001,0.6495000000000001,0.17830000000000001,0.0623,0.10990000000000001
6930,laya-ml,en,D-lit,D,B,3,D,1,0,0.4777,0.24430000000000002,0.4777,0.4777,0.07980000000000001,0.24430000000000002,0.19820000000000002,0.4777
6931,laya-ml,en,D-lit,B,A,1,B,1,0,0.4479,0.2134,0.4479,0.4479,0.2134,0.4479,0.1279,0.2107
6936,laya-ml,en,D-lit,B,A,1,B,1,0,0.6687000000000001,0.1353,0.6687000000000001,0.6687000000000001,0.1353,0.6687000000000001,0.0505,0.14550000000000002
6937,laya-ml,en,D-lit,A,D,0,A,1,0,0.30920000000000003,0.1784,0.30920000000000003,0.30920000000000003,0.30920000000000003,0.2918,0.2207,0.1784
6938,laya-ml,en,D-lit,D,C,3,C,0,1,0.0193,0.9475,0.9475,0.9475,0.024300000000000002,0.0089,0.9475,0.0193
6939,laya-ml,en,D-lit,B,C,1,B,1,0,0.7778,0.0644,0.7778,0.7778,0.10550000000000001,0.7778,0.0644,0.0523
6940,laya-ml,en,D-lit,A,D,0,D,0,1,0.39940000000000003,0.432,0.432,0.432,0.39940000000000003,0.0506,0.11800000000000001,0.432
6941,laya-ml,en,D-lit,A,C,0,B,0,0,0.13570000000000002,0.1457,0.6249,0.6249,0.13570000000000002,0.6249,0.1457,0.0937
6942,laya-ml,en,D-lit,D,B,3,B,0,1,0.33630000000000004,0.34800000000000003,0.34800000000000003,0.34800000000000003,0.155,0.34800000000000003,0.1607,0.33630000000000004
6944,laya-ml,en,D-lit,A,B,0,B,0,1,0.1622,0.7109000000000001,0.7109000000000001,0.7109000000000001,0.1622,0.7109000000000001,0.0685,0.0584
6945,laya-ml,en,D-lit,B,C,1,B,1,0,0.4546,0.1492,0.4546,0.4546,0.2142,0.4546,0.1492,0.1819
6946,laya-ml,en,D-lit,B,C,1,B,1,0,0.5595,0.1423,0.5595,0.5595,0.0334,0.5595,0.1423,0.26480000000000004
6947,laya-ml,en,D-lit,B,C,1,B,1,0,0.8894000000000001,0.045,0.8894000000000001,0.8894000000000001,0.0211,0.8894000000000001,0.045,0.044500000000000005
6948,laya-ml,en,D-lit,B,A,1,A,0,1,0.3685,0.5791000000000001,0.5791000000000001,0.5791000000000001,0.5791000000000001,0.3685,0.0112,0.041100000000000005
6949,laya-ml,en,D-lit,B,D,1,B,1,0,0.3453,0.3063,0.3453,0.3453,0.23220000000000002,0.3453,0.11620000000000001,0.3063
6952,laya-ml,en,D-lit,C,D,2,C,1,0,0.442,0.16690000000000002,0.442,0.442,0.2677,0.12340000000000001,0.442,0.16690000000000002
6953,laya-ml,en,D-lit,A,C,0,A,1,0,0.7864,0.1047,0.7864,0.7864,0.7864,0.0108,0.1047,0.09820000000000001
6954,laya-ml,en,D-lit,B,A,1,C,0,0,0.3276,0.15130000000000002,0.42610000000000003,0.42610000000000003,0.15130000000000002,0.3276,0.42610000000000003,0.0951
6957,laya-ml,en,D-lit,A,B,0,B,0,1,0.1302,0.3975,0.3975,0.3975,0.1302,0.3975,0.3568,0.1155
6959,laya-ml,en,D-lit,B,D,1,C,0,0,0.2644,0.1794,0.32130000000000003,0.32130000000000003,0.23500000000000001,0.2644,0.32130000000000003,0.1794
6960,laya-ml,en,D-lit,B,C,1,B,1,0,0.41950000000000004,0.37620000000000003,0.41950000000000004,0.41950000000000004,0.1323,0.41950000000000004,0.37620000000000003,0.07200000000000001
6961,laya-ml,en,D-lit,D,B,3,B,0,1,0.2306,0.6275000000000001,0.6275000000000001,0.6275000000000001,0.0426,0.6275000000000001,0.0993,0.2306
6962,laya-ml,en,D-lit,D,C,3,D,1,0,0.33580000000000004,0.3242,0.33580000000000004,0.33580000000000004,0.1375,0.2025,0.3242,0.33580000000000004
6965,laya-ml,en,D-lit,C,D,2,D,0,1,0.2713,0.3723,0.3723,0.3723,0.2081,0.1482,0.2713,0.3723
6967,laya-ml,en,D-lit,B,A,1,A,0,1,0.16060000000000002,0.7762,0.7762,0.7762,0.7762,0.16060000000000002,0.020200000000000003,0.0429
6969,laya-ml,en,D-lit,A,C,0,C,0,1,0.334,0.5067,0.5067,0.5067,0.334,0.0845,0.5067,0.07490000000000001
6971,laya-ml,en,D-lit,C,A,2,A,0,1,0.153,0.7367,0.7367,0.7367,0.7367,0.046700000000000005,0.153,0.0637
6972,laya-ml,en,D-lit,B,A,1,B,1,0,0.6413,0.11170000000000001,0.6413,0.6413,0.11170000000000001,0.6413,0.047400000000000005,0.19970000000000002
6973,laya-ml,en,D-lit,C,B,2,B,0,1,0.1119,0.7194,0.7194,0.7194,0.031200000000000002,0.7194,0.1119,0.1375
6974,laya-ml,en,D-lit,A,D,0,C,0,0,0.0155,0.32530000000000003,0.5464,0.5464,0.0155,0.11280000000000001,0.5464,0.32530000000000003
6975,laya-ml,en,D-lit,D,C,3,D,1,0,0.5698,0.131,0.5698,0.5698,0.11520000000000001,0.184,0.131,0.5698
6977,laya-ml,en,D-lit,B,D,1,B,1,0,0.92,0.0391,0.92,0.92,0.0172,0.92,0.0238,0.0391
6978,laya-ml,en,D-lit,B,A,1,A,0,1,0.0557,0.8943000000000001,0.8943000000000001,0.8943000000000001,0.8943000000000001,0.0557,0.033,0.017
6979,laya-ml,en,D-lit,C,D,2,C,1,0,0.2975,0.2164,0.2975,0.2975,0.2215,0.2646,0.2975,0.2164
6980,laya-ml,en,D-lit,B,D,1,B,1,0,0.5752,0.26630000000000004,0.5752,0.5752,0.1022,0.5752,0.0562,0.26630000000000004
6982,laya-ml,en,D-lit,A,C,0,C,0,1,0.1822,0.7137,0.7137,0.7137,0.1822,0.013000000000000001,0.7137,0.0911
6986,laya-ml,en,D-lit,C,A,2,A,0,1,0.022,0.6939000000000001,0.6939000000000001,0.6939000000000001,0.6939000000000001,0.0155,0.022,0.2686
6989,laya-ml,en,D-lit,B,D,1,C,0,0,0.2132,0.2283,0.46380000000000005,0.46380000000000005,0.0947,0.2132,0.46380000000000005,0.2283
6991,laya-ml,en,D-lit,A,B,0,A,1,0,0.4828,0.08220000000000001,0.4828,0.4828,0.4828,0.08220000000000001,0.062200000000000005,0.3728
6995,laya-ml,en,D-lit,A,B,0,B,0,1,0.272,0.6062000000000001,0.6062000000000001,0.6062000000000001,0.272,0.6062000000000001,0.0397,0.082
6996,laya-ml,en,D-lit,A,B,0,A,1,0,0.37060000000000004,0.27,0.37060000000000004,0.37060000000000004,0.37060000000000004,0.27,0.047,0.3124
6999,laya-ml,en,D-lit,C,A,2,C,1,0,0.5815,0.4164,0.5815,0.5815,0.4164,0.0007,0.5815,0.0015
7001,laya-ml,en,D-lit,D,C,3,D,1,0,0.33940000000000003,0.2132,0.33940000000000003,0.33940000000000003,0.2411,0.2063,0.2132,0.33940000000000003
7005,laya-ml,en,D-lit,A,D,0,C,0,0,0.1126,0.24830000000000002,0.4183,0.4183,0.1126,0.22080000000000002,0.4183,0.24830000000000002
7006,laya-ml,en,D-lit,C,A,2,C,1,0,0.5337000000000001,0.21030000000000001,0.5337000000000001,0.5337000000000001,0.21030000000000001,0.15,0.5337000000000001,0.106
7008,laya-ml,en,D-lit,D,C,3,D,1,0,0.6344000000000001,0.267,0.6344000000000001,0.6344000000000001,0.046,0.052500000000000005,0.267,0.6344000000000001
7011,laya-ml,en,D-lit,C,A,2,C,1,0,0.4495,0.1071,0.4495,0.4495,0.1071,0.2429,0.4495,0.2005
7014,laya-ml,en,D-lit,C,B,2,C,1,0,0.33240000000000003,0.21760000000000002,0.33240000000000003,0.33240000000000003,0.187,0.21760000000000002,0.33240000000000003,0.263
7015,laya-ml,en,D-lit,C,B,2,C,1,0,0.45430000000000004,0.1965,0.45430000000000004,0.45430000000000004,0.0193,0.1965,0.45430000000000004,0.3299
7016,laya-ml,en,D-lit,B,A,1,B,1,0,0.7885000000000001,0.049600000000000005,0.7885000000000001,0.7885000000000001,0.049600000000000005,0.7885000000000001,0.06570000000000001,0.0961
7021,laya-ml,en,D-lit,B,D,1,D,0,1,0.028,0.9142,0.9142,0.9142,0.042100000000000005,0.028,0.0158,0.9142
7025,laya-ml,en,D-lit,C,B,2,C,1,0,0.9033,0.019100000000000002,0.9033,0.9033,0.033800000000000004,0.019100000000000002,0.9033,0.0437
7027,laya-ml,en,D-lit,C,A,2,B,0,0,0.1226,0.1562,0.4118,0.4118,0.1562,0.4118,0.1226,0.3094
7028,laya-ml,en,D-lit,C,B,2,C,1,0,0.7005,0.1685,0.7005,0.7005,0.0371,0.1685,0.7005,0.09390000000000001
7031,laya-ml,en,D-lit,B,C,1,D,0,0,0.134,0.2278,0.45570000000000005,0.45570000000000005,0.1826,0.134,0.2278,0.45570000000000005
7032,laya-ml,en,D-lit,D,B,3,C,0,0,0.1711,0.242,0.3181,0.3181,0.2687,0.242,0.3181,0.1711
7036,laya-ml,en,D-lit,A,C,0,A,1,0,0.3443,0.158,0.3443,0.3443,0.3443,0.3413,0.158,0.1564
7038,laya-ml,en,D-lit,A,B,0,A,1,0,0.3262,0.2771,0.3262,0.3262,0.3262,0.2771,0.1237,0.2731
7048,laya-ml,en,D-lit,A,D,0,D,0,1,0.1484,0.7647,0.7647,0.7647,0.1484,0.0284,0.0585,0.7647
7055,laya-ml,en,D-lit,A,D,0,B,0,0,0.0654,0.3068,0.3316,0.3316,0.0654,0.3316,0.2962,0.3068
7058,laya-ml,en,D-lit,C,B,2,C,1,0,0.7794000000000001,0.0317,0.7794000000000001,0.7794000000000001,0.15510000000000002,0.0317,0.7794000000000001,0.033800000000000004
7059,laya-ml,en,D-lit,B,A,1,D,0,0,0.23290000000000002,0.1268,0.3205,0.3205,0.1268,0.23290000000000002,0.31980000000000003,0.3205
7060,laya-ml,en,D-lit,A,D,0,A,1,0,0.9086000000000001,0.0273,0.9086000000000001,0.9086000000000001,0.9086000000000001,0.012100000000000001,0.0521,0.0273
7062,laya-ml,en,D-lit,B,D,1,B,1,0,0.8108000000000001,0.13240000000000002,0.8108000000000001,0.8108000000000001,0.0439,0.8108000000000001,0.0128,0.13240000000000002
7067,laya-ml,en,D-lit,D,A,3,A,0,1,0.0051,0.9761000000000001,0.9761000000000001,0.9761000000000001,0.9761000000000001,0.009600000000000001,0.009300000000000001,0.0051
7075,laya-ml,en,D-lit,D,A,3,B,0,0,0.22840000000000002,0.1588,0.5242,0.5242,0.1588,0.5242,0.08850000000000001,0.22840000000000002
7077,laya-ml,en,D-lit,B,C,1,B,1,0,0.4531,0.09040000000000001,0.4531,0.4531,0.2442,0.4531,0.09040000000000001,0.2124
7078,laya-ml,en,D-lit,A,C,0,B,0,0,0.0927,0.019,0.8231,0.8231,0.0927,0.8231,0.019,0.06520000000000001
7081,laya-ml,en,D-lit,C,B,2,D,0,0,0.25680000000000003,0.23340000000000002,0.3493,0.3493,0.1605,0.23340000000000002,0.25680000000000003,0.3493
7082,laya-ml,en,D-lit,B,D,1,B,1,0,0.4909,0.428,0.4909,0.4909,0.046900000000000004,0.4909,0.0342,0.428
7083,laya-ml,en,D-lit,C,A,2,D,0,0,0.2139,0.0238,0.7222000000000001,0.7222000000000001,0.0238,0.040100000000000004,0.2139,0.7222000000000001
7086,laya-ml,en,D-lit,A,B,0,C,0,0,0.28240000000000004,0.19160000000000002,0.4046,0.4046,0.28240000000000004,0.19160000000000002,0.4046,0.12150000000000001
7088,laya-ml,en,D-lit,D,B,3,B,0,1,0.1978,0.31220000000000003,0.31220000000000003,0.31220000000000003,0.29250000000000004,0.31220000000000003,0.1975,0.1978
7091,laya-ml,en,D-lit,B,C,1,D,0,0,0.13970000000000002,0.13570000000000002,0.6724,0.6724,0.0522,0.13970000000000002,0.13570000000000002,0.6724
7094,laya-ml,en,D-lit,D,C,3,C,0,1,0.3659,0.4582,0.4582,0.4582,0.0727,0.1032,0.4582,0.3659
7096,laya-ml,en,D-lit,C,B,2,C,1,0,0.7204,0.22460000000000002,0.7204,0.7204,0.0342,0.22460000000000002,0.7204,0.020900000000000002
7097,laya-ml,en,D-lit,A,C,0,C,0,1,0.2024,0.621,0.621,0.621,0.2024,0.1154,0.621,0.061200000000000004
7102,laya-ml,en,D-lit,B,A,1,A,0,1,0.0066,0.9318000000000001,0.9318000000000001,0.9318000000000001,0.9318000000000001,0.0066,0.032100000000000004,0.029500000000000002
7107,laya-ml,en,D-lit,D,A,3,D,1,0,0.5193,0.3648,0.5193,0.5193,0.3648,0.0708,0.045,0.5193
7110,laya-ml,en,D-lit,B,C,1,C,0,1,0.1889,0.6921,0.6921,0.6921,0.033100000000000004,0.1889,0.6921,0.0859
7112,laya-ml,en,D-lit,B,D,1,D,0,1,0.0623,0.8263,0.8263,0.8263,0.0693,0.0623,0.042100000000000005,0.8263
7114,laya-ml,en,D-lit,A,C,0,A,1,0,0.3614,0.3609,0.3614,0.3614,0.3614,0.1401,0.3609,0.1376
7116,laya-ml,en,D-lit,B,D,1,C,0,0,0.3084,0.1844,0.4661,0.4661,0.041,0.3084,0.4661,0.1844
7119,laya-ml,en,D-lit,D,A,3,D,1,0,0.437,0.12840000000000001,0.437,0.437,0.12840000000000001,0.2998,0.1348,0.437
7120,laya-ml,en,D-lit,D,C,3,D,1,0,0.35710000000000003,0.2732,0.35710000000000003,0.35710000000000003,0.2359,0.1338,0.2732,0.35710000000000003
7123,laya-ml,en,D-lit,A,D,0,D,0,1,0.1784,0.4486,0.4486,0.4486,0.1784,0.0855,0.28750000000000003,0.4486
7124,laya-ml,en,D-lit,B,C,1,B,1,0,0.7445,0.051000000000000004,0.7445,0.7445,0.1384,0.7445,0.051000000000000004,0.0661
7131,laya-ml,en,D-lit,B,A,1,A,0,1,0.2674,0.2837,0.2837,0.2837,0.2837,0.2674,0.2406,0.2082
7132,laya-ml,en,D-lit,D,B,3,C,0,0,0.1777,0.15760000000000002,0.4585,0.4585,0.20620000000000002,0.15760000000000002,0.4585,0.1777
7139,laya-ml,en,D-lit,D,B,3,B,0,1,0.0682,0.8431000000000001,0.8431000000000001,0.8431000000000001,0.06280000000000001,0.8431000000000001,0.026000000000000002,0.0682
7141,laya-ml,en,D-lit,B,A,1,C,0,0,0.16340000000000002,0.274,0.4002,0.4002,0.274,0.16340000000000002,0.4002,0.1625
7143,laya-ml,en,D-lit,C,D,2,C,1,0,0.7964,0.1285,0.7964,0.7964,0.0359,0.0392,0.7964,0.1285
7144,laya-ml,en,D-lit,D,B,3,C,0,0,0.2197,0.11170000000000001,0.49860000000000004,0.49860000000000004,0.1699,0.11170000000000001,0.49860000000000004,0.2197
7147,laya-ml,en,D-lit,B,A,1,B,1,0,0.40650000000000003,0.2419,0.40650000000000003,0.40650000000000003,0.2419,0.40650000000000003,0.12990000000000002,0.2217
7151,laya-ml,en,D-lit,D,A,3,D,1,0,0.37870000000000004,0.3098,0.37870000000000004,0.37870000000000004,0.3098,0.1714,0.14,0.37870000000000004
7152,laya-ml,en,D-lit,C,D,2,C,1,0,0.49250000000000005,0.40750000000000003,0.49250000000000005,0.49250000000000005,0.051300000000000005,0.0487,0.49250000000000005,0.40750000000000003
7156,laya-ml,en,D-lit,C,A,2,A,0,1,0.24880000000000002,0.4012,0.4012,0.4012,0.4012,0.2248,0.24880000000000002,0.1252
7158,laya-ml,en,D-lit,B,A,1,A,0,1,0.16240000000000002,0.595,0.595,0.595,0.595,0.16240000000000002,0.1034,0.13920000000000002
7164,laya-ml,en,D-lit,D,B,3,B,0,1,0.2753,0.5215000000000001,0.5215000000000001,0.5215000000000001,0.11950000000000001,0.5215000000000001,0.08370000000000001,0.2753
7166,laya-ml,en,D-lit,C,B,2,A,0,0,0.2853,0.2169,0.4315,0.4315,0.4315,0.2169,0.2853,0.0663
7167,laya-ml,en,D-lit,A,D,0,D,0,1,0.1056,0.37310000000000004,0.37310000000000004,0.37310000000000004,0.1056,0.27140000000000003,0.2499,0.37310000000000004
7177,laya-ml,en,D-lit,B,A,1,A,0,1,0.07200000000000001,0.8908,0.8908,0.8908,0.8908,0.07200000000000001,0.0094,0.027800000000000002
7178,laya-ml,en,D-lit,D,C,3,C,0,1,0.1203,0.8068000000000001,0.8068000000000001,0.8068000000000001,0.039400000000000004,0.0335,0.8068000000000001,0.1203
7179,laya-ml,en,D-lit,D,A,3,B,0,0,0.3231,0.10650000000000001,0.43,0.43,0.10650000000000001,0.43,0.1404,0.3231
7184,laya-ml,en,D-lit,A,B,0,A,1,0,0.4354,0.1545,0.4354,0.4354,0.4354,0.1545,0.389,0.021
7185,laya-ml,en,D-lit,B,D,1,A,0,0,0.2791,0.2962,0.3209,0.3209,0.3209,0.2791,0.1037,0.2962
7190,laya-ml,en,D-lit,C,A,2,D,0,0,0.23500000000000001,0.2199,0.43270000000000003,0.43270000000000003,0.2199,0.11230000000000001,0.23500000000000001,0.43270000000000003
7197,laya-ml,en,D-lit,B,D,1,D,0,1,0.2631,0.5730000000000001,0.5730000000000001,0.5730000000000001,0.1042,0.2631,0.0596,0.5730000000000001
7200,laya-ml,en,D-lit,B,D,1,D,0,1,0.2722,0.37070000000000003,0.37070000000000003,0.37070000000000003,0.1489,0.2722,0.2082,0.37070000000000003
7206,laya-ml,en,D-lit,A,B,0,D,0,0,0.0582,0.1077,0.6557000000000001,0.6557000000000001,0.0582,0.1077,0.17830000000000001,0.6557000000000001
7209,laya-ml,en,D-lit,B,C,1,B,1,0,0.4712,0.11460000000000001,0.4712,0.4712,0.18150000000000002,0.4712,0.11460000000000001,0.2328
7215,laya-ml,en,D-lit,C,A,2,B,0,0,0.16040000000000001,0.041800000000000004,0.7757000000000001,0.7757000000000001,0.041800000000000004,0.7757000000000001,0.16040000000000001,0.0221
7220,laya-ml,en,D-lit,A,D,0,D,0,1,0.227,0.5541,0.5541,0.5541,0.227,0.0748,0.1441,0.5541
7222,laya-ml,en,D-lit,A,B,0,B,0,1,0.10840000000000001,0.4747,0.4747,0.4747,0.10840000000000001,0.4747,0.0427,0.37420000000000003
7223,laya-ml,en,D-lit,B,D,1,B,1,0,0.4636,0.1022,0.4636,0.4636,0.3336,0.4636,0.10060000000000001,0.1022
7226,laya-ml,en,D-lit,B,D,1,B,1,0,0.5413,0.11330000000000001,0.5413,0.5413,0.15080000000000002,0.5413,0.1947,0.11330000000000001
7228,laya-ml,en,D-lit,C,A,2,A,0,1,0.243,0.5706,0.5706,0.5706,0.5706,0.0726,0.243,0.11380000000000001
7231,laya-ml,en,D-lit,D,C,3,C,0,1,0.21,0.6515000000000001,0.6515000000000001,0.6515000000000001,0.0375,0.10110000000000001,0.6515000000000001,0.21
7235,laya-ml,en,D-lit,A,D,0,A,1,0,0.5714,0.054900000000000004,0.5714,0.5714,0.5714,0.0538,0.3199,0.054900000000000004
7236,laya-ml,en,D-lit,B,A,1,A,0,1,0.2586,0.6487,0.6487,0.6487,0.6487,0.2586,0.041600000000000005,0.0512
7238,laya-ml,en,D-lit,C,B,2,C,1,0,0.4063,0.2852,0.4063,0.4063,0.09730000000000001,0.2852,0.4063,0.2111
7241,laya-ml,en,D-lit,B,D,1,D,0,1,0.22510000000000002,0.6783,0.6783,0.6783,0.0224,0.22510000000000002,0.0742,0.6783
7242,laya-ml,en,D-lit,B,D,1,C,0,0,0.3181,0.218,0.3362,0.3362,0.1277,0.3181,0.3362,0.218
7244,laya-ml,en,D-lit,C,A,2,C,1,0,0.5945,0.032100000000000004,0.5945,0.5945,0.032100000000000004,0.0562,0.5945,0.3173
7245,laya-ml,en,D-lit,D,C,3,C,0,1,0.0066,0.9706,0.9706,0.9706,0.0091,0.013800000000000002,0.9706,0.0066
7246,laya-ml,en,D-lit,C,A,2,A,0,1,0.0001,0.9998,0.9998,0.9998,0.9998,0.0001,0.0001,0.0001
7247,laya-ml,en,D-lit,A,B,0,D,0,0,0.2119,0.2184,0.2923,0.2923,0.2119,0.2184,0.2775,0.2923
7248,laya-ml,en,D-lit,A,C,0,C,0,1,0.40850000000000003,0.4217,0.4217,0.4217,0.40850000000000003,0.0362,0.4217,0.1336
7249,laya-ml,en,D-lit,A,D,0,D,0,1,0.18150000000000002,0.7023,0.7023,0.7023,0.18150000000000002,0.045700000000000005,0.07050000000000001,0.7023
7252,laya-ml,en,D-lit,A,B,0,C,0,0,0.2597,0.107,0.44720000000000004,0.44720000000000004,0.2597,0.107,0.44720000000000004,0.18610000000000002
7253,laya-ml,en,D-lit,C,A,2,D,0,0,0.1464,0.2263,0.3672,0.3672,0.2263,0.26,0.1464,0.3672
7254,laya-ml,en,D-lit,A,B,0,A,1,0,0.6149,0.22060000000000002,0.6149,0.6149,0.6149,0.22060000000000002,0.031400000000000004,0.1331
7255,laya-ml,en,D-lit,B,D,1,C,0,0,0.3422,0.1736,0.3791,0.3791,0.1052,0.3422,0.3791,0.1736
7258,laya-ml,en,D-lit,C,B,2,B,0,1,0.1222,0.7981,0.7981,0.7981,0.0078000000000000005,0.7981,0.1222,0.0718
7259,laya-ml,en,D-lit,B,A,1,D,0,0,0.2783,0.25420000000000004,0.3955,0.3955,0.25420000000000004,0.2783,0.0721,0.3955
7260,laya-ml,en,D-lit,D,B,3,B,0,1,0.1179,0.5045000000000001,0.5045000000000001,0.5045000000000001,0.1496,0.5045000000000001,0.228,0.1179
7261,laya-ml,en,D-lit,D,B,3,B,0,1,0.06810000000000001,0.879,0.879,0.879,0.0379,0.879,0.0149,0.06810000000000001
7264,laya-ml,en,D-lit,C,B,2,C,1,0,0.3377,0.2585,0.3377,0.3377,0.1655,0.2585,0.3377,0.2383
7265,laya-ml,en,D-lit,B,A,1,B,1,0,0.6339,0.2016,0.6339,0.6339,0.2016,0.6339,0.0236,0.1409
7266,laya-ml,en,D-lit,D,A,3,A,0,1,0.3013,0.6649,0.6649,0.6649,0.6649,0.015,0.0188,0.3013
7268,laya-ml,en,D-lit,C,B,2,B,0,1,0.3304,0.6071000000000001,0.6071000000000001,0.6071000000000001,0.0443,0.6071000000000001,0.3304,0.0182
7271,laya-ml,en,D-lit,D,C,3,C,0,1,0.22820000000000001,0.32930000000000004,0.32930000000000004,0.32930000000000004,0.23140000000000002,0.2111,0.32930000000000004,0.22820000000000001
7272,laya-ml,en,D-lit,B,D,1,B,1,0,0.6278,0.2748,0.6278,0.6278,0.0507,0.6278,0.0468,0.2748
7273,laya-ml,en,D-lit,B,A,1,C,0,0,0.266,0.2346,0.36,0.36,0.2346,0.266,0.36,0.1394
7274,laya-ml,en,D-lit,B,A,1,A,0,1,0.1268,0.6064,0.6064,0.6064,0.6064,0.1268,0.1986,0.06810000000000001
7277,laya-ml,en,D-lit,C,A,2,A,0,1,0.010700000000000001,0.9078,0.9078,0.9078,0.9078,0.0143,0.010700000000000001,0.06720000000000001
7279,laya-ml,en,D-lit,A,B,0,B,0,1,0.10070000000000001,0.43670000000000003,0.43670000000000003,0.43670000000000003,0.10070000000000001,0.43670000000000003,0.0422,0.4204
7281,laya-ml,en,D-lit,C,A,2,C,1,0,0.7348,0.1012,0.7348,0.7348,0.1012,0.0921,0.7348,0.0719
7284,laya-ml,en,D-lit,D,C,3,A,0,0,0.27790000000000004,0.1399,0.38730000000000003,0.38730000000000003,0.38730000000000003,0.19490000000000002,0.1399,0.27790000000000004
7289,laya-ml,en,D-lit,B,D,1,B,1,0,0.36710000000000004,0.0862,0.36710000000000004,0.36710000000000004,0.301,0.36710000000000004,0.2457,0.0862
7293,laya-ml,en,D-lit,A,D,0,A,1,0,0.5750000000000001,0.1516,0.5750000000000001,0.5750000000000001,0.5750000000000001,0.1115,0.16190000000000002,0.1516
7294,laya-ml,en,D-lit,B,C,1,B,1,0,0.5181,0.3417,0.5181,0.5181,0.0151,0.5181,0.3417,0.12510000000000002
7297,laya-ml,en,D-lit,A,C,0,D,0,0,0.1326,0.33940000000000003,0.4203,0.4203,0.1326,0.1076,0.33940000000000003,0.4203
7302,laya-ml,en,D-lit,A,B,0,B,0,1,0.1291,0.7363000000000001,0.7363000000000001,0.7363000000000001,0.1291,0.7363000000000001,0.031900000000000005,0.1028
7304,laya-ml,en,D-lit,A,C,0,A,1,0,0.9692000000000001,0.0073,0.9692000000000001,0.9692000000000001,0.9692000000000001,0.019100000000000002,0.0073,0.0044
7312,laya-ml,en,D-lit,A,B,0,A,1,0,0.4403,0.3663,0.4403,0.4403,0.4403,0.3663,0.0666,0.1268
7324,laya-ml,en,D-lit,C,B,2,C,1,0,0.32030000000000003,0.2371,0.32030000000000003,0.32030000000000003,0.25880000000000003,0.2371,0.32030000000000003,0.18380000000000002
7327,laya-ml,en,D-lit,C,B,2,B,0,1,0.19770000000000001,0.41450000000000004,0.41450000000000004,0.41450000000000004,0.11380000000000001,0.41450000000000004,0.19770000000000001,0.274
7330,laya-ml,en,D-lit,A,C,0,C,0,1,0.0166,0.9316000000000001,0.9316000000000001,0.9316000000000001,0.0166,0.0064,0.9316000000000001,0.0453
7331,laya-ml,en,D-lit,C,A,2,D,0,0,0.2296,0.1943,0.41960000000000003,0.41960000000000003,0.1943,0.15660000000000002,0.2296,0.41960000000000003
7335,laya-ml,en,D-lit,D,B,3,B,0,1,0.1087,0.7693,0.7693,0.7693,0.0882,0.7693,0.033800000000000004,0.1087
7336,laya-ml,en,D-lit,D,A,3,D,1,0,0.31970000000000004,0.316,0.31970000000000004,0.31970000000000004,0.316,0.07690000000000001,0.2874,0.31970000000000004
7342,laya-ml,en,D-lit,C,A,2,A,0,1,0.11230000000000001,0.8849,0.8849,0.8849,0.8849,0.0019,0.11230000000000001,0.001
7343,laya-ml,en,D-lit,B,C,1,C,0,1,0.28240000000000004,0.3705,0.3705,0.3705,0.19190000000000002,0.28240000000000004,0.3705,0.1552
7344,laya-ml,en,D-lit,A,C,0,D,0,0,0.1466,0.18510000000000001,0.6468,0.6468,0.1466,0.021500000000000002,0.18510000000000001,0.6468
7349,laya-ml,en,D-lit,C,B,2,B,0,1,0.0296,0.8774000000000001,0.8774000000000001,0.8774000000000001,0.0366,0.8774000000000001,0.0296,0.056400000000000006
7350,laya-ml,en,D-lit,B,A,1,B,1,0,0.935,0.029400000000000003,0.935,0.935,0.029400000000000003,0.935,0.019100000000000002,0.0164
7354,laya-ml,en,D-lit,A,B,0,A,1,0,0.7145,0.0995,0.7145,0.7145,0.7145,0.0995,0.024900000000000002,0.1612
7357,laya-ml,en,D-lit,A,D,0,D,0,1,0.2016,0.5131,0.5131,0.5131,0.2016,0.2006,0.08460000000000001,0.5131
7360,laya-ml,en,D-lit,D,C,3,B,0,0,0.11510000000000001,0.1046,0.7014,0.7014,0.079,0.7014,0.1046,0.11510000000000001
7364,laya-ml,en,D-lit,A,B,0,C,0,0,0.0976,0.19010000000000002,0.5326000000000001,0.5326000000000001,0.0976,0.19010000000000002,0.5326000000000001,0.1797
7365,laya-ml,en,D-lit,C,A,2,C,1,0,0.8496,0.0395,0.8496,0.8496,0.0395,0.035300000000000005,0.8496,0.0756
7367,laya-ml,en,D-lit,A,B,0,A,1,0,0.7122,0.20350000000000001,0.7122,0.7122,0.7122,0.20350000000000001,0.020800000000000003,0.0635
7369,laya-ml,en,D-lit,B,C,1,D,0,0,0.1178,0.1158,0.7186,0.7186,0.0478,0.1178,0.1158,0.7186
7375,laya-ml,en,D-lit,D,C,3,D,1,0,0.46740000000000004,0.34650000000000003,0.46740000000000004,0.46740000000000004,0.0847,0.1014,0.34650000000000003,0.46740000000000004
7376,laya-ml,en,D-lit,B,A,1,A,0,1,0.2647,0.4123,0.4123,0.4123,0.4123,0.2647,0.1825,0.1405
7377,laya-ml,en,D-lit,D,B,3,D,1,0,0.6758000000000001,0.08080000000000001,0.6758000000000001,0.6758000000000001,0.0173,0.08080000000000001,0.226,0.6758000000000001
7381,laya-ml,en,D-lit,A,C,0,D,0,0,0.0907,0.3798,0.4733,0.4733,0.0907,0.056100000000000004,0.3798,0.4733
7389,laya-ml,en,D-lit,A,D,0,C,0,0,0.268,0.1306,0.5305,0.5305,0.268,0.0709,0.5305,0.1306
7390,laya-ml,en,D-lit,B,C,1,B,1,0,0.38320000000000004,0.2654,0.38320000000000004,0.38320000000000004,0.1348,0.38320000000000004,0.2654,0.21660000000000001
7391,laya-ml,en,D-lit,D,B,3,B,0,1,0.3942,0.44880000000000003,0.44880000000000003,0.44880000000000003,0.10260000000000001,0.44880000000000003,0.054400000000000004,0.3942
7395,laya-ml,en,D-lit,C,D,2,B,0,0,0.17950000000000002,0.3037,0.41200000000000003,0.41200000000000003,0.10490000000000001,0.41200000000000003,0.17950000000000002,0.3037
7396,laya-ml,en,D-lit,A,D,0,B,0,0,0.20320000000000002,0.2844,0.4506,0.4506,0.20320000000000002,0.4506,0.0618,0.2844
7398,laya-ml,en,D-lit,C,A,2,C,1,0,0.5144000000000001,0.4469,0.5144000000000001,0.5144000000000001,0.4469,0.0211,0.5144000000000001,0.0176
7402,laya-ml,en,D-lit,A,C,0,D,0,0,0.1516,0.10300000000000001,0.6255000000000001,0.6255000000000001,0.1516,0.12,0.10300000000000001,0.6255000000000001
7403,laya-ml,en,D-lit,D,C,3,B,0,0,0.2333,0.2805,0.4718,0.4718,0.014400000000000001,0.4718,0.2805,0.2333
7405,laya-ml,en,D-lit,A,D,0,D,0,1,0.3663,0.4333,0.4333,0.4333,0.3663,0.09620000000000001,0.1042,0.4333
7407,laya-ml,en,D-lit,B,A,1,D,0,0,0.2841,0.1633,0.4121,0.4121,0.1633,0.2841,0.1406,0.4121
7408,laya-ml,en,D-lit,C,A,2,D,0,0,0.28140000000000004,0.1257,0.5009,0.5009,0.1257,0.092,0.28140000000000004,0.5009
7412,laya-ml,en,D-lit,C,D,2,A,0,0,0.22920000000000001,0.14300000000000002,0.42550000000000004,0.42550000000000004,0.42550000000000004,0.2023,0.22920000000000001,0.14300000000000002
7413,laya-ml,en,D-lit,A,C,0,C,0,1,0.037700000000000004,0.9585,0.9585,0.9585,0.037700000000000004,0.00030000000000000003,0.9585,0.0036000000000000003
7415,laya-ml,en,D-lit,C,A,2,A,0,1,0.08360000000000001,0.5738,0.5738,0.5738,0.5738,0.0273,0.08360000000000001,0.3154
7416,laya-ml,en,D-lit,A,C,0,C,0,1,0.1073,0.8034,0.8034,0.8034,0.1073,0.0219,0.8034,0.0674
7417,laya-ml,en,D-lit,D,C,3,B,0,0,0.1897,0.2437,0.328,0.328,0.2386,0.328,0.2437,0.1897
7420,laya-ml,en,D-lit,B,A,1,B,1,0,0.5384,0.06960000000000001,0.5384,0.5384,0.06960000000000001,0.5384,0.13570000000000002,0.25630000000000003
7423,laya-ml,en,D-lit,D,A,3,C,0,0,0.2005,0.2757,0.39440000000000003,0.39440000000000003,0.2757,0.12940000000000002,0.39440000000000003,0.2005
7425,laya-ml,en,D-lit,C,D,2,A,0,0,0.1907,0.2664,0.3562,0.3562,0.3562,0.1867,0.1907,0.2664
7428,laya-ml,en,D-lit,A,B,0,B,0,1,0.2288,0.3677,0.3677,0.3677,0.2288,0.3677,0.2369,0.1666
7432,laya-ml,en,D-lit,C,B,2,C,1,0,0.35660000000000003,0.2192,0.35660000000000003,0.35660000000000003,0.13090000000000002,0.2192,0.35660000000000003,0.2933
7436,laya-ml,en,D-lit,B,A,1,A,0,1,0.2154,0.5581,0.5581,0.5581,0.5581,0.2154,0.1014,0.12510000000000002
7437,laya-ml,en,D-lit,D,C,3,A,0,0,0.17370000000000002,0.2001,0.558,0.558,0.558,0.0682,0.2001,0.17370000000000002
7439,laya-ml,en,D-lit,D,C,3,C,0,1,0.1346,0.5179,0.5179,0.5179,0.11320000000000001,0.2343,0.5179,0.1346
7441,laya-ml,en,D-lit,B,D,1,B,1,0,0.3496,0.1819,0.3496,0.3496,0.18560000000000001,0.3496,0.28290000000000004,0.1819
7447,laya-ml,en,D-lit,D,A,3,D,1,0,0.4892,0.1406,0.4892,0.4892,0.1406,0.1883,0.18180000000000002,0.4892
7449,laya-ml,en,D-lit,D,C,3,B,0,0,0.3312,0.3037,0.3569,0.3569,0.0082,0.3569,0.3037,0.3312
7450,laya-ml,en,D-lit,C,A,2,A,0,1,0.17270000000000002,0.5012,0.5012,0.5012,0.5012,0.0562,0.17270000000000002,0.26990000000000003
7451,laya-ml,en,D-lit,C,A,2,B,0,0,0.0855,0.1131,0.42760000000000004,0.42760000000000004,0.1131,0.42760000000000004,0.0855,0.3738
7452,laya-ml,en,D-lit,C,D,2,C,1,0,0.4954,0.1573,0.4954,0.4954,0.19340000000000002,0.1539,0.4954,0.1573
7462,laya-ml,en,D-lit,B,A,1,A,0,1,0.07740000000000001,0.8144,0.8144,0.8144,0.8144,0.07740000000000001,0.016,0.0922
7464,laya-ml,en,D-lit,D,B,3,D,1,0,0.8798,0.0444,0.8798,0.8798,0.020900000000000002,0.0444,0.054900000000000004,0.8798
7466,laya-ml,en,D-lit,D,B,3,B,0,1,0.029300000000000003,0.9545,0.9545,0.9545,0.010400000000000001,0.9545,0.0058000000000000005,0.029300000000000003
7467,laya-ml,en,D-lit,D,A,3,B,0,0,0.1474,0.33630000000000004,0.38,0.38,0.33630000000000004,0.38,0.1363,0.1474
7468,laya-ml,en,D-lit,C,D,2,C,1,0,0.3957,0.3299,0.3957,0.3957,0.2147,0.0597,0.3957,0.3299
7470,laya-ml,en,D-lit,D,B,3,D,1,0,0.9028,0.0211,0.9028,0.9028,0.037700000000000004,0.0211,0.0385,0.9028
7475,laya-ml,en,D-lit,D,A,3,A,0,1,0.1787,0.7688,0.7688,0.7688,0.7688,0.0111,0.0414,0.1787
7476,laya-ml,en,D-lit,B,A,1,C,0,0,0.158,0.211,0.37360000000000004,0.37360000000000004,0.211,0.158,0.37360000000000004,0.2574
7477,laya-ml,en,D-lit,D,A,3,D,1,0,0.48560000000000003,0.14100000000000001,0.48560000000000003,0.48560000000000003,0.14100000000000001,0.08990000000000001,0.28350000000000003,0.48560000000000003
7481,laya-ml,en,D-lit,D,B,3,B,0,1,0.0309,0.9008,0.9008,0.9008,0.0184,0.9008,0.05,0.0309
7482,laya-ml,en,D-lit,B,C,1,B,1,0,0.4698,0.0887,0.4698,0.4698,0.2988,0.4698,0.0887,0.1427
7486,laya-ml,en,D-lit,B,A,1,D,0,0,0.0779,0.2863,0.4969,0.4969,0.2863,0.0779,0.1389,0.4969
7492,laya-ml,en,D-lit,D,C,3,C,0,1,0.1983,0.5458000000000001,0.5458000000000001,0.5458000000000001,0.23140000000000002,0.0244,0.5458000000000001,0.1983
7496,laya-ml,en,D-lit,D,B,3,D,1,0,0.5943,0.0945,0.5943,0.5943,0.1202,0.0945,0.191,0.5943
7498,laya-ml,en,D-lit,C,A,2,C,1,0,0.41300000000000003,0.093,0.41300000000000003,0.41300000000000003,0.093,0.17300000000000001,0.41300000000000003,0.321
7499,laya-ml,en,D-lit,D,C,3,C,0,1,0.0674,0.44430000000000003,0.44430000000000003,0.44430000000000003,0.24280000000000002,0.24550000000000002,0.44430000000000003,0.0674
7501,laya-ml,en,D-lit,A,D,0,D,0,1,0.0439,0.8766,0.8766,0.8766,0.0439,0.0494,0.030100000000000002,0.8766
7503,laya-ml,en,D-lit,D,A,3,A,0,1,0.027100000000000003,0.9687,0.9687,0.9687,0.9687,0.0018000000000000002,0.0024000000000000002,0.027100000000000003
7507,laya-ml,en,D-lit,D,A,3,D,1,0,0.5186000000000001,0.1608,0.5186000000000001,0.5186000000000001,0.1608,0.22690000000000002,0.0937,0.5186000000000001
7515,laya-ml,en,D-lit,A,D,0,A,1,0,0.5777,0.2051,0.5777,0.5777,0.5777,0.0887,0.1285,0.2051
7520,laya-ml,en,D-lit,C,B,2,B,0,1,0.11370000000000001,0.8206,0.8206,0.8206,0.030100000000000002,0.8206,0.11370000000000001,0.0357
7525,laya-ml,en,D-lit,B,C,1,B,1,0,0.5187,0.10540000000000001,0.5187,0.5187,0.10110000000000001,0.5187,0.10540000000000001,0.2748
7526,laya-ml,en,D-lit,A,D,0,A,1,0,0.4433,0.3418,0.4433,0.4433,0.4433,0.08610000000000001,0.1288,0.3418
7530,laya-ml,en,D-lit,B,C,1,D,0,0,0.113,0.16590000000000002,0.6823,0.6823,0.038900000000000004,0.113,0.16590000000000002,0.6823
7532,laya-ml,en,D-lit,B,D,1,B,1,0,0.3678,0.189,0.3678,0.3678,0.1643,0.3678,0.27890000000000004,0.189
7535,laya-ml,en,D-lit,A,C,0,D,0,0,0.11170000000000001,0.23500000000000001,0.6027,0.6027,0.11170000000000001,0.0506,0.23500000000000001,0.6027
7536,laya-ml,en,D-lit,B,D,1,D,0,1,0.001,0.9962000000000001,0.9962000000000001,0.9962000000000001,0.0019,0.001,0.0008,0.9962000000000001
7539,laya-ml,en,D-lit,B,A,1,B,1,0,0.8170000000000001,0.0897,0.8170000000000001,0.8170000000000001,0.0897,0.8170000000000001,0.0216,0.0717
7542,laya-ml,en,D-lit,B,C,1,C,0,1,0.0473,0.7817000000000001,0.7817000000000001,0.7817000000000001,0.0641,0.0473,0.7817000000000001,0.10690000000000001
7544,laya-ml,en,D-lit,A,B,0,B,0,1,0.1153,0.7201000000000001,0.7201000000000001,0.7201000000000001,0.1153,0.7201000000000001,0.09530000000000001,0.0693
7545,laya-ml,en,D-lit,C,A,2,A,0,1,0.0122,0.9796,0.9796,0.9796,0.9796,0.0025,0.0122,0.0057
7551,laya-ml,en,D-lit,B,D,1,D,0,1,0.0429,0.5936,0.5936,0.5936,0.333,0.0429,0.030600000000000002,0.5936
7554,laya-ml,en,D-lit,B,C,1,B,1,0,0.38580000000000003,0.221,0.38580000000000003,0.38580000000000003,0.1767,0.38580000000000003,0.221,0.2165
7556,laya-ml,en,D-lit,C,D,2,B,0,0,0.1865,0.19310000000000002,0.323,0.323,0.2974,0.323,0.1865,0.19310000000000002
7558,laya-ml,en,D-lit,A,D,0,B,0,0,0.2553,0.1206,0.553,0.553,0.2553,0.553,0.0711,0.1206
7560,laya-ml,en,D-lit,D,A,3,B,0,0,0.2218,0.198,0.2926,0.2926,0.198,0.2926,0.2876,0.2218
7561,laya-ml,en,D-lit,A,D,0,D,0,1,0.2272,0.522,0.522,0.522,0.2272,0.17550000000000002,0.07540000000000001,0.522
7563,laya-ml,en,D-lit,A,B,0,A,1,0,0.6454000000000001,0.0502,0.6454000000000001,0.6454000000000001,0.6454000000000001,0.0502,0.10940000000000001,0.19490000000000002
7564,laya-ml,en,D-lit,A,B,0,A,1,0,0.6439,0.1602,0.6439,0.6439,0.6439,0.1602,0.1062,0.0896
7576,laya-ml,en,D-lit,D,A,3,D,1,0,0.37820000000000004,0.3608,0.37820000000000004,0.37820000000000004,0.3608,0.11960000000000001,0.1414,0.37820000000000004
7584,laya-ml,en,D-lit,C,A,2,C,1,0,0.797,0.0333,0.797,0.797,0.0333,0.1277,0.797,0.042
7588,laya-ml,en,D-lit,A,C,0,B,0,0,0.27030000000000004,0.2036,0.3126,0.3126,0.27030000000000004,0.3126,0.2036,0.2134
7592,laya-ml,en,D-lit,B,A,1,B,1,0,0.4061,0.1744,0.4061,0.4061,0.1744,0.4061,0.0357,0.38370000000000004
7594,laya-ml,en,D-lit,C,D,2,C,1,0,0.6841,0.157,0.6841,0.6841,0.0373,0.1216,0.6841,0.157
7598,laya-ml,en,D-lit,D,B,3,B,0,1,0.1273,0.8253,0.8253,0.8253,0.012700000000000001,0.8253,0.0347,0.1273
7605,laya-ml,en,D-lit,C,B,2,C,1,0,0.424,0.159,0.424,0.424,0.2813,0.159,0.424,0.1356
7608,laya-ml,en,D-lit,B,C,1,C,0,1,0.058300000000000005,0.7363000000000001,0.7363000000000001,0.7363000000000001,0.0531,0.058300000000000005,0.7363000000000001,0.15230000000000002
7609,laya-ml,en,D-lit,D,B,3,B,0,1,0.13140000000000002,0.6016,0.6016,0.6016,0.0068000000000000005,0.6016,0.2602,0.13140000000000002
7611,laya-ml,en,D-lit,B,A,1,C,0,0,0.0644,0.10010000000000001,0.7617,0.7617,0.10010000000000001,0.0644,0.7617,0.0737
7619,laya-ml,en,D-lit,B,A,1,B,1,0,0.9508000000000001,0.016,0.9508000000000001,0.9508000000000001,0.016,0.9508000000000001,0.0063,0.0269
7622,laya-ml,en,D-lit,D,B,3,D,1,0,0.6561,0.0728,0.6561,0.6561,0.2099,0.0728,0.061200000000000004,0.6561
7623,laya-ml,en,D-lit,C,A,2,C,1,0,0.8207,0.0346,0.8207,0.8207,0.0346,0.0596,0.8207,0.08510000000000001
7638,laya-ml,en,D-lit,C,A,2,C,1,0,0.3765,0.1567,0.3765,0.3765,0.1567,0.22820000000000001,0.3765,0.2386
7639,laya-ml,en,D-lit,C,A,2,A,0,1,0.13540000000000002,0.3281,0.3281,0.3281,0.3281,0.2379,0.13540000000000002,0.29860000000000003
7642,laya-ml,en,D-lit,C,D,2,B,0,0,0.09870000000000001,0.16110000000000002,0.6638000000000001,0.6638000000000001,0.07640000000000001,0.6638000000000001,0.09870000000000001,0.16110000000000002
7650,laya-ml,en,D-lit,A,C,0,B,0,0,0.3201,0.2571,0.3688,0.3688,0.3201,0.3688,0.2571,0.0541
7655,laya-ml,en,D-lit,D,B,3,B,0,1,0.11720000000000001,0.4847,0.4847,0.4847,0.0743,0.4847,0.32380000000000003,0.11720000000000001
7656,laya-ml,en,D-lit,D,C,3,C,0,1,0.041100000000000005,0.874,0.874,0.874,0.0582,0.0267,0.874,0.041100000000000005
7657,laya-ml,en,D-lit,A,B,0,B,0,1,0.42050000000000004,0.5017,0.5017,0.5017,0.42050000000000004,0.5017,0.0402,0.0376
7658,laya-ml,en,D-lit,B,A,1,B,1,0,0.6968000000000001,0.1058,0.6968000000000001,0.6968000000000001,0.1058,0.6968000000000001,0.0524,0.1451
7659,laya-ml,en,D-lit,B,D,1,B,1,0,0.6879000000000001,0.232,0.6879000000000001,0.6879000000000001,0.0449,0.6879000000000001,0.0352,0.232
7660,laya-ml,en,D-lit,D,C,3,C,0,1,0.225,0.5971000000000001,0.5971000000000001,0.5971000000000001,0.09680000000000001,0.08120000000000001,0.5971000000000001,0.225
7661,laya-ml,en,D-lit,A,B,0,B,0,1,0.2444,0.46430000000000005,0.46430000000000005,0.46430000000000005,0.2444,0.46430000000000005,0.1564,0.13490000000000002
7662,laya-ml,en,D-lit,B,D,1,D,0,1,0.2101,0.6135,0.6135,0.6135,0.1213,0.2101,0.0551,0.6135
7663,laya-ml,en,D-lit,D,C,3,A,0,0,0.2497,0.0256,0.6436000000000001,0.6436000000000001,0.6436000000000001,0.081,0.0256,0.2497
7666,laya-ml,en,D-lit,A,D,0,D,0,1,0.1436,0.5838,0.5838,0.5838,0.1436,0.129,0.14350000000000002,0.5838
7670,laya-ml,en,D-lit,B,D,1,D,0,1,0.22870000000000001,0.4766,0.4766,0.4766,0.25620000000000004,0.22870000000000001,0.038400000000000004,0.4766
7671,laya-ml,en,D-lit,C,A,2,C,1,0,0.39030000000000004,0.2671,0.39030000000000004,0.39030000000000004,0.2671,0.1216,0.39030000000000004,0.22110000000000002
7675,laya-ml,en,D-lit,C,D,2,A,0,0,0.2255,0.12840000000000001,0.369,0.369,0.369,0.2771,0.2255,0.12840000000000001
7677,laya-ml,en,D-lit,C,D,2,C,1,0,0.41200000000000003,0.2137,0.41200000000000003,0.41200000000000003,0.0335,0.3408,0.41200000000000003,0.2137
7680,laya-ml,en,D-lit,B,D,1,B,1,0,0.6164000000000001,0.36810000000000004,0.6164000000000001,0.6164000000000001,0.008400000000000001,0.6164000000000001,0.0071,0.36810000000000004
7681,laya-ml,en,D-lit,D,A,3,D,1,0,0.40850000000000003,0.30010000000000003,0.40850000000000003,0.40850000000000003,0.30010000000000003,0.0848,0.2066,0.40850000000000003
7687,laya-ml,en,D-lit,B,C,1,C,0,1,0.3749,0.5265000000000001,0.5265000000000001,0.5265000000000001,0.027200000000000002,0.3749,0.5265000000000001,0.0714
7692,laya-ml,en,D-lit,A,B,0,A,1,0,0.8422000000000001,0.11720000000000001,0.8422000000000001,0.8422000000000001,0.8422000000000001,0.11720000000000001,0.017400000000000002,0.023200000000000002
7693,laya-ml,en,D-lit,A,B,0,B,0,1,0.1206,0.8312,0.8312,0.8312,0.1206,0.8312,0.0056,0.0426
7696,laya-ml,en,D-lit,C,B,2,C,1,0,0.3241,0.2511,0.3241,0.3241,0.1912,0.2511,0.3241,0.2336
7698,laya-ml,en,D-lit,B,A,1,B,1,0,0.3889,0.18510000000000001,0.3889,0.3889,0.18510000000000001,0.3889,0.1389,0.2871
7700,laya-ml,en,D-lit,B,A,1,B,1,0,0.7051000000000001,0.0965,0.7051000000000001,0.7051000000000001,0.0965,0.7051000000000001,0.13140000000000002,0.0669
7702,laya-ml,en,D-lit,C,B,2,C,1,0,0.507,0.2411,0.507,0.507,0.09480000000000001,0.2411,0.507,0.15710000000000002
7707,laya-ml,en,D-lit,B,C,1,C,0,1,0.0154,0.9652000000000001,0.9652000000000001,0.9652000000000001,0.0053,0.0154,0.9652000000000001,0.0142
7708,laya-ml,en,D-lit,A,B,0,A,1,0,0.8191,0.092,0.8191,0.8191,0.8191,0.092,0.0376,0.0512
7709,laya-ml,en,D-lit,D,B,3,B,0,1,0.31170000000000003,0.3355,0.3355,0.3355,0.11280000000000001,0.3355,0.24,0.31170000000000003
7710,laya-ml,en,D-lit,B,A,1,A,0,1,0.3398,0.34650000000000003,0.34650000000000003,0.34650000000000003,0.34650000000000003,0.3398,0.2165,0.09720000000000001
7719,laya-ml,en,D-lit,D,B,3,B,0,1,0.21660000000000001,0.6576000000000001,0.6576000000000001,0.6576000000000001,0.041800000000000004,0.6576000000000001,0.084,0.21660000000000001
7720,laya-ml,en,D-lit,D,A,3,D,1,0,0.4384,0.08650000000000001,0.4384,0.4384,0.08650000000000001,0.0649,0.4102,0.4384
7721,laya-ml,en,D-lit,B,D,1,D,0,1,0.065,0.7701,0.7701,0.7701,0.035300000000000005,0.065,0.1296,0.7701
7723,laya-ml,en,D-lit,B,D,1,C,0,0,0.3397,0.12340000000000001,0.4904,0.4904,0.0465,0.3397,0.4904,0.12340000000000001
7728,laya-ml,en,D-lit,C,A,2,C,1,0,0.3371,0.156,0.3371,0.3371,0.156,0.3095,0.3371,0.19740000000000002
7732,laya-ml,en,D-lit,A,B,0,C,0,0,0.0162,0.008,0.9567,0.9567,0.0162,0.008,0.9567,0.019100000000000002
7734,laya-ml,en,D-lit,A,B,0,D,0,0,0.2813,0.25830000000000003,0.3138,0.3138,0.2813,0.25830000000000003,0.1466,0.3138
7737,laya-ml,en,D-lit,C,D,2,D,0,1,0.2409,0.577,0.577,0.577,0.111,0.07100000000000001,0.2409,0.577
7740,laya-ml,en,D-lit,A,D,0,D,0,1,0.0772,0.7718,0.7718,0.7718,0.0772,0.0451,0.10590000000000001,0.7718
7743,laya-ml,en,D-lit,A,C,0,C,0,1,0.1449,0.8128000000000001,0.8128000000000001,0.8128000000000001,0.1449,0.027600000000000003,0.8128000000000001,0.014700000000000001
7744,laya-ml,en,D-lit,C,A,2,A,0,1,0.046400000000000004,0.7631,0.7631,0.7631,0.7631,0.048600000000000004,0.046400000000000004,0.1418
7745,laya-ml,en,D-lit,D,C,3,C,0,1,0.097,0.8116,0.8116,0.8116,0.0582,0.0332,0.8116,0.097
7746,laya-ml,en,D-lit,B,D,1,D,0,1,0.0697,0.7361000000000001,0.7361000000000001,0.7361000000000001,0.1292,0.0697,0.065,0.7361000000000001
7747,laya-ml,en,D-lit,D,C,3,C,0,1,0.1405,0.35050000000000003,0.35050000000000003,0.35050000000000003,0.227,0.28200000000000003,0.35050000000000003,0.1405
7749,laya-ml,en,D-lit,B,A,1,A,0,1,0.051000000000000004,0.9208000000000001,0.9208000000000001,0.9208000000000001,0.9208000000000001,0.051000000000000004,0.013900000000000001,0.0142
7751,laya-ml,en,D-lit,D,A,3,D,1,0,0.7736000000000001,0.1376,0.7736000000000001,0.7736000000000001,0.1376,0.055,0.0339,0.7736000000000001
7752,laya-ml,en,D-lit,C,D,2,C,1,0,0.5497000000000001,0.0789,0.5497000000000001,0.5497000000000001,0.0459,0.3254,0.5497000000000001,0.0789
7755,laya-ml,en,D-lit,B,D,1,B,1,0,0.6299,0.2539,0.6299,0.6299,0.0644,0.6299,0.051800000000000006,0.2539
7756,laya-ml,en,D-lit,A,D,0,D,0,1,0.2132,0.5069,0.5069,0.5069,0.2132,0.1716,0.1082,0.5069
7758,laya-ml,en,D-lit,B,A,1,A,0,1,0.0238,0.9398000000000001,0.9398000000000001,0.9398000000000001,0.9398000000000001,0.0238,0.020200000000000003,0.0162
7763,laya-ml,en,D-lit,C,D,2,C,1,0,0.3851,0.3821,0.3851,0.3851,0.10930000000000001,0.12350000000000001,0.3851,0.3821
7768,laya-ml,en,D-lit,D,C,3,B,0,0,0.27440000000000003,0.21180000000000002,0.29350000000000004,0.29350000000000004,0.22030000000000002,0.29350000000000004,0.21180000000000002,0.27440000000000003
7773,laya-ml,en,D-lit,C,D,2,C,1,0,0.7755000000000001,0.15,0.7755000000000001,0.7755000000000001,0.05,0.0245,0.7755000000000001,0.15
7778,laya-ml,en,D-lit,B,A,1,B,1,0,0.7348,0.0304,0.7348,0.7348,0.0304,0.7348,0.1835,0.051300000000000005
7779,laya-ml,en,D-lit,A,C,0,B,0,0,0.33330000000000004,0.07050000000000001,0.40190000000000003,0.40190000000000003,0.33330000000000004,0.40190000000000003,0.07050000000000001,0.1943
7780,laya-ml,en,D-lit,A,D,0,A,1,0,0.6902,0.21680000000000002,0.6902,0.6902,0.6902,0.0488,0.0442,0.21680000000000002
7783,laya-ml,en,D-lit,D,A,3,B,0,0,0.1681,0.1464,0.46290000000000003,0.46290000000000003,0.1464,0.46290000000000003,0.22260000000000002,0.1681
7785,laya-ml,en,D-lit,A,C,0,B,0,0,0.09140000000000001,0.20750000000000002,0.5843,0.5843,0.09140000000000001,0.5843,0.20750000000000002,0.1168
7790,laya-ml,en,D-lit,B,D,1,C,0,0,0.1565,0.225,0.47440000000000004,0.47440000000000004,0.1441,0.1565,0.47440000000000004,0.225
7792,laya-ml,en,D-lit,B,A,1,A,0,1,0.0009000000000000001,0.9932000000000001,0.9932000000000001,0.9932000000000001,0.9932000000000001,0.0009000000000000001,0.0012000000000000001,0.0048000000000000004
7800,laya-ml,en,D-lit,A,D,0,D,0,1,0.3572,0.5896,0.5896,0.5896,0.3572,0.03,0.023200000000000002,0.5896
7804,laya-ml,en,D-lit,D,A,3,A,0,1,0.0558,0.8417,0.8417,0.8417,0.8417,0.057100000000000005,0.0454,0.0558
7805,laya-ml,en,D-lit,C,B,2,D,0,0,0.154,0.122,0.6426000000000001,0.6426000000000001,0.0814,0.122,0.154,0.6426000000000001
7809,laya-ml,en,D-lit,B,A,1,A,0,1,0.3317,0.5452,0.5452,0.5452,0.5452,0.3317,0.0604,0.06280000000000001
7810,laya-ml,en,D-lit,D,A,3,A,0,1,0.3299,0.4174,0.4174,0.4174,0.4174,0.0267,0.226,0.3299
7813,laya-ml,en,D-lit,B,D,1,D,0,1,0.1895,0.792,0.792,0.792,0.010700000000000001,0.1895,0.0078000000000000005,0.792
7814,laya-ml,en,D-lit,A,B,0,A,1,0,0.42250000000000004,0.1477,0.42250000000000004,0.42250000000000004,0.42250000000000004,0.1477,0.21960000000000002,0.2102
7816,laya-ml,en,D-lit,A,D,0,A,1,0,0.6125,0.2807,0.6125,0.6125,0.6125,0.0539,0.0528,0.2807
7818,laya-ml,en,D-lit,C,B,2,B,0,1,0.12250000000000001,0.8166,0.8166,0.8166,0.0033,0.8166,0.12250000000000001,0.057600000000000005
7820,laya-ml,en,D-lit,B,A,1,B,1,0,0.7637,0.07680000000000001,0.7637,0.7637,0.07680000000000001,0.7637,0.0407,0.1188
7822,laya-ml,en,D-lit,C,B,2,C,1,0,0.36050000000000004,0.1917,0.36050000000000004,0.36050000000000004,0.0917,0.1917,0.36050000000000004,0.3562
7824,laya-ml,en,D-lit,D,B,3,B,0,1,0.2592,0.427,0.427,0.427,0.1022,0.427,0.2117,0.2592
7827,laya-ml,en,D-lit,B,D,1,B,1,0,0.5105000000000001,0.4238,0.5105000000000001,0.5105000000000001,0.0356,0.5105000000000001,0.030100000000000002,0.4238
7833,laya-ml,en,D-lit,B,D,1,B,1,0,0.5832,0.3935,0.5832,0.5832,0.0053,0.5832,0.018000000000000002,0.3935
7842,laya-ml,en,D-lit,A,B,0,A,1,0,0.42160000000000003,0.19060000000000002,0.42160000000000003,0.42160000000000003,0.42160000000000003,0.19060000000000002,0.27540000000000003,0.1124
7848,laya-ml,en,D-lit,B,C,1,A,0,0,0.2601,0.2742,0.4037,0.4037,0.4037,0.2601,0.2742,0.062
7851,laya-ml,en,D-lit,B,D,1,B,1,0,0.7252000000000001,0.2503,0.7252000000000001,0.7252000000000001,0.0154,0.7252000000000001,0.0091,0.2503
7852,laya-ml,en,D-lit,A,B,0,B,0,1,0.07,0.6322,0.6322,0.6322,0.07,0.6322,0.1889,0.10890000000000001
7855,laya-ml,en,D-lit,B,C,1,C,0,1,0.0212,0.9352,0.9352,0.9352,0.0182,0.0212,0.9352,0.025400000000000002
7857,laya-ml,en,D-lit,C,B,2,B,0,1,0.1143,0.6267,0.6267,0.6267,0.1733,0.6267,0.1143,0.08560000000000001
7863,laya-ml,en,D-lit,B,A,1,B,1,0,0.5776,0.15230000000000002,0.5776,0.5776,0.15230000000000002,0.5776,0.1904,0.07970000000000001
7872,laya-ml,en,D-lit,C,D,2,C,1,0,0.7188,0.2081,0.7188,0.7188,0.0216,0.051500000000000004,0.7188,0.2081
7874,laya-ml,en,D-lit,A,D,0,A,1,0,0.43010000000000004,0.2762,0.43010000000000004,0.43010000000000004,0.43010000000000004,0.1193,0.1743,0.2762
7878,laya-ml,en,D-lit,A,B,0,D,0,0,0.2944,0.0181,0.5265000000000001,0.5265000000000001,0.2944,0.0181,0.161,0.5265000000000001
7880,laya-ml,en,D-lit,C,A,2,C,1,0,0.3663,0.2232,0.3663,0.3663,0.2232,0.155,0.3663,0.2555
7888,laya-ml,en,D-lit,D,C,3,C,0,1,0.11220000000000001,0.6288,0.6288,0.6288,0.1047,0.1544,0.6288,0.11220000000000001
7890,laya-ml,en,D-lit,A,B,0,B,0,1,0.2665,0.6153000000000001,0.6153000000000001,0.6153000000000001,0.2665,0.6153000000000001,0.07100000000000001,0.0472
7891,laya-ml,en,D-lit,A,D,0,B,0,0,0.3088,0.0886,0.41750000000000004,0.41750000000000004,0.3088,0.41750000000000004,0.18510000000000001,0.0886
7892,laya-ml,en,D-lit,B,C,1,D,0,0,0.223,0.26230000000000003,0.35910000000000003,0.35910000000000003,0.1555,0.223,0.26230000000000003,0.35910000000000003
7901,laya-ml,en,D-lit,B,D,1,A,0,0,0.2682,0.1699,0.34790000000000004,0.34790000000000004,0.34790000000000004,0.2682,0.214,0.1699
7902,laya-ml,en,D-lit,A,B,0,B,0,1,0.2102,0.42550000000000004,0.42550000000000004,0.42550000000000004,0.2102,0.42550000000000004,0.21430000000000002,0.15
7908,laya-ml,en,D-lit,D,C,3,C,0,1,0.24070000000000003,0.3473,0.3473,0.3473,0.21530000000000002,0.1967,0.3473,0.24070000000000003
7909,laya-ml,en,D-lit,D,C,3,B,0,0,0.2504,0.20350000000000001,0.4277,0.4277,0.11850000000000001,0.4277,0.20350000000000001,0.2504
7910,laya-ml,en,D-lit,B,A,1,A,0,1,0.40590000000000004,0.5736,0.5736,0.5736,0.5736,0.40590000000000004,0.0095,0.011
7913,laya-ml,en,D-lit,A,C,0,C,0,1,0.1032,0.8699,0.8699,0.8699,0.1032,0.018000000000000002,0.8699,0.0089
7916,laya-ml,en,D-lit,B,A,1,D,0,0,0.0925,0.2038,0.3956,0.3956,0.2038,0.0925,0.30810000000000004,0.3956
7921,laya-ml,en,D-lit,A,C,0,C,0,1,0.058,0.71,0.71,0.71,0.058,0.09960000000000001,0.71,0.13240000000000002
7927,laya-ml,en,D-lit,B,C,1,C,0,1,0.20620000000000002,0.7029000000000001,0.7029000000000001,0.7029000000000001,0.035500000000000004,0.20620000000000002,0.7029000000000001,0.055400000000000005
7928,laya-ml,en,D-lit,D,C,3,D,1,0,0.4615,0.1226,0.4615,0.4615,0.1262,0.2897,0.1226,0.4615
7931,laya-ml,en,D-lit,D,A,3,A,0,1,0.3543,0.4606,0.4606,0.4606,0.4606,0.0828,0.1023,0.3543
7933,laya-ml,en,D-lit,D,B,3,B,0,1,0.2482,0.308,0.308,0.308,0.29960000000000003,0.308,0.1442,0.2482
7934,laya-ml,en,D-lit,D,A,3,C,0,0,0.28,0.0489,0.5791000000000001,0.5791000000000001,0.0489,0.092,0.5791000000000001,0.28
7935,laya-ml,en,D-lit,C,A,2,A,0,1,0.1482,0.6528,0.6528,0.6528,0.6528,0.1374,0.1482,0.061500000000000006
7936,laya-ml,en,D-lit,B,D,1,C,0,0,0.038,0.29460000000000003,0.6132000000000001,0.6132000000000001,0.054200000000000005,0.038,0.6132000000000001,0.29460000000000003
7939,laya-ml,en,D-lit,D,B,3,B,0,1,0.2177,0.5229,0.5229,0.5229,0.0689,0.5229,0.1905,0.2177
7940,laya-ml,en,D-lit,C,A,2,C,1,0,0.6572,0.2886,0.6572,0.6572,0.2886,0.0354,0.6572,0.0188
7943,laya-ml,en,D-lit,D,C,3,C,0,1,0.0707,0.9183,0.9183,0.9183,0.0051,0.0059,0.9183,0.0707
7944,laya-ml,en,D-lit,B,D,1,A,0,0,0.07540000000000001,0.16110000000000002,0.4002,0.4002,0.4002,0.07540000000000001,0.3633,0.16110000000000002
7945,laya-ml,en,D-lit,A,B,0,A,1,0,0.3819,0.1632,0.3819,0.3819,0.3819,0.1632,0.1986,0.25630000000000003
7952,laya-ml,en,D-lit,D,C,3,C,0,1,0.050100000000000006,0.5825,0.5825,0.5825,0.25370000000000004,0.11370000000000001,0.5825,0.050100000000000006
7958,laya-ml,en,D-lit,C,B,2,D,0,0,0.3269,0.10360000000000001,0.4073,0.4073,0.1622,0.10360000000000001,0.3269,0.4073
7971,laya-ml,en,D-lit,B,A,1,A,0,1,0.38020000000000004,0.3874,0.3874,0.3874,0.3874,0.38020000000000004,0.19310000000000002,0.0393
7973,laya-ml,en,D-lit,C,A,2,C,1,0,0.6281,0.1777,0.6281,0.6281,0.1777,0.1495,0.6281,0.044700000000000004
7978,laya-ml,en,D-lit,B,D,1,B,1,0,0.638,0.33440000000000003,0.638,0.638,0.014,0.638,0.013600000000000001,0.33440000000000003
7983,laya-ml,en,D-lit,D,B,3,C,0,0,0.2705,0.1535,0.43410000000000004,0.43410000000000004,0.14200000000000002,0.1535,0.43410000000000004,0.2705
7985,laya-ml,en,D-lit,C,B,2,B,0,1,0.2907,0.44730000000000003,0.44730000000000003,0.44730000000000003,0.1971,0.44730000000000003,0.2907,0.065
7986,laya-ml,en,D-lit,C,B,2,D,0,0,0.1771,0.17950000000000002,0.5694,0.5694,0.074,0.17950000000000002,0.1771,0.5694
7990,laya-ml,en,D-lit,D,A,3,D,1,0,0.34890000000000004,0.2666,0.34890000000000004,0.34890000000000004,0.2666,0.1545,0.22990000000000002,0.34890000000000004
7992,laya-ml,en,D-lit,D,C,3,D,1,0,0.7971,0.1102,0.7971,0.7971,0.0637,0.0291,0.1102,0.7971
7994,laya-ml,en,D-lit,C,B,2,B,0,1,0.1945,0.44520000000000004,0.44520000000000004,0.44520000000000004,0.1168,0.44520000000000004,0.1945,0.24350000000000002
7996,laya-ml,en,D-lit,A,D,0,A,1,0,0.7556,0.13140000000000002,0.7556,0.7556,0.7556,0.0488,0.06420000000000001,0.13140000000000002
7999,laya-ml,en,D-lit,A,D,0,A,1,0,0.7333000000000001,0.13470000000000001,0.7333000000000001,0.7333000000000001,0.7333000000000001,0.0454,0.08660000000000001,0.13470000000000001
8000,laya-ml,en,D-lit,A,D,0,A,1,0,0.7585000000000001,0.06470000000000001,0.7585000000000001,0.7585000000000001,0.7585000000000001,0.1114,0.0654,0.06470000000000001
8005,laya-ml,en,D-lit,A,D,0,C,0,0,0.2048,0.2528,0.40640000000000004,0.40640000000000004,0.2048,0.136,0.40640000000000004,0.2528
8011,laya-ml,en,D-lit,C,D,2,D,0,1,0.26530000000000004,0.5258,0.5258,0.5258,0.0784,0.1305,0.26530000000000004,0.5258
8012,laya-ml,en,D-lit,D,C,3,C,0,1,0.151,0.6225,0.6225,0.6225,0.0631,0.1635,0.6225,0.151
8015,laya-ml,en,D-lit,C,B,2,B,0,1,0.20070000000000002,0.7031000000000001,0.7031000000000001,0.7031000000000001,0.024200000000000003,0.7031000000000001,0.20070000000000002,0.07200000000000001
8017,laya-ml,en,D-lit,D,B,3,B,0,1,0.2636,0.7016,0.7016,0.7016,0.0145,0.7016,0.020200000000000003,0.2636
8022,laya-ml,en,D-lit,C,B,2,D,0,0,0.07200000000000001,0.17350000000000002,0.4404,0.4404,0.314,0.17350000000000002,0.07200000000000001,0.4404
8025,laya-ml,en,D-lit,C,B,2,B,0,1,0.3849,0.3951,0.3951,0.3951,0.12240000000000001,0.3951,0.3849,0.0976
8026,laya-ml,en,D-lit,A,B,0,A,1,0,0.7414000000000001,0.06,0.7414000000000001,0.7414000000000001,0.7414000000000001,0.06,0.0196,0.179
8041,laya-ml,en,D-lit,A,B,0,D,0,0,0.0727,0.0507,0.8433,0.8433,0.0727,0.0507,0.0333,0.8433
8047,laya-ml,en,D-lit,B,D,1,C,0,0,0.0459,0.11230000000000001,0.6775,0.6775,0.1642,0.0459,0.6775,0.11230000000000001
8048,laya-ml,en,D-lit,D,C,3,C,0,1,0.09050000000000001,0.8323,0.8323,0.8323,0.0298,0.047400000000000005,0.8323,0.09050000000000001
8052,laya-ml,en,D-lit,D,C,3,D,1,0,0.5317000000000001,0.3144,0.5317000000000001,0.5317000000000001,0.09280000000000001,0.0611,0.3144,0.5317000000000001
8055,laya-ml,en,D-lit,C,A,2,C,1,0,0.7422000000000001,0.169,0.7422000000000001,0.7422000000000001,0.169,0.0366,0.7422000000000001,0.0522
8056,laya-ml,en,D-lit,C,D,2,D,0,1,0.2989,0.3947,0.3947,0.3947,0.22030000000000002,0.08610000000000001,0.2989,0.3947
8057,laya-ml,en,D-lit,B,A,1,D,0,0,0.2792,0.15130000000000002,0.47040000000000004,0.47040000000000004,0.15130000000000002,0.2792,0.09920000000000001,0.47040000000000004
8059,laya-ml,en,D-lit,C,D,2,A,0,0,0.23720000000000002,0.297,0.3017,0.3017,0.3017,0.164,0.23720000000000002,0.297
8063,laya-ml,en,D-lit,B,A,1,A,0,1,0.0223,0.6578,0.6578,0.6578,0.6578,0.0223,0.2781,0.041800000000000004
8064,laya-ml,en,D-lit,A,D,0,A,1,0,0.8732000000000001,0.114,0.8732000000000001,0.8732000000000001,0.8732000000000001,0.0059,0.006900000000000001,0.114
8065,laya-ml,en,D-lit,C,D,2,C,1,0,0.3723,0.33280000000000004,0.3723,0.3723,0.1779,0.117,0.3723,0.33280000000000004
8067,laya-ml,en,D-lit,C,D,2,C,1,0,0.5561,0.0342,0.5561,0.5561,0.11960000000000001,0.2902,0.5561,0.0342
8078,laya-ml,en,D-lit,A,B,0,B,0,1,0.1439,0.443,0.443,0.443,0.1439,0.443,0.1422,0.271
8079,laya-ml,en,D-lit,B,A,1,A,0,1,0.1568,0.682,0.682,0.682,0.682,0.1568,0.061900000000000004,0.0993
8081,laya-ml,en,D-lit,B,D,1,D,0,1,0.0688,0.47140000000000004,0.47140000000000004,0.47140000000000004,0.0898,0.0688,0.37,0.47140000000000004
8085,laya-ml,en,D-lit,C,D,2,C,1,0,0.534,0.1363,0.534,0.534,0.0713,0.2585,0.534,0.1363
8087,laya-ml,en,D-lit,B,A,1,A,0,1,0.0279,0.9232,0.9232,0.9232,0.9232,0.0279,0.0179,0.0309
8096,laya-ml,en,D-lit,A,D,0,A,1,0,0.9999,0.0,0.9999,0.9999,0.9999,0.0,0.0001,0.0
8100,laya-ml,en,D-lit,C,D,2,C,1,0,0.5582,0.2295,0.5582,0.5582,0.0993,0.113,0.5582,0.2295
8101,laya-ml,en,D-lit,C,D,2,C,1,0,0.45680000000000004,0.155,0.45680000000000004,0.45680000000000004,0.3612,0.0269,0.45680000000000004,0.155
8102,laya-ml,en,D-lit,C,D,2,C,1,0,0.7195,0.12050000000000001,0.7195,0.7195,0.1274,0.0325,0.7195,0.12050000000000001
8106,laya-ml,en,D-lit,D,C,3,C,0,1,0.0142,0.92,0.92,0.92,0.061200000000000004,0.0046,0.92,0.0142
8107,laya-ml,en,D-lit,B,C,1,B,1,0,0.6699,0.0616,0.6699,0.6699,0.0253,0.6699,0.0616,0.2432
8111,laya-ml,en,D-lit,D,A,3,D,1,0,0.4209,0.1757,0.4209,0.4209,0.1757,0.3574,0.046,0.4209
8113,laya-ml,en,D-lit,A,D,0,A,1,0,0.5221,0.3643,0.5221,0.5221,0.5221,0.039,0.0746,0.3643
8114,laya-ml,en,D-lit,D,A,3,A,0,1,0.1757,0.7687,0.7687,0.7687,0.7687,0.0173,0.0383,0.1757
8115,laya-ml,en,D-lit,A,B,0,A,1,0,0.4137,0.28550000000000003,0.4137,0.4137,0.4137,0.28550000000000003,0.213,0.0877
8122,laya-ml,en,D-lit,D,C,3,D,1,0,0.4912,0.2333,0.4912,0.4912,0.1802,0.0952,0.2333,0.4912
8126,laya-ml,en,D-lit,D,A,3,D,1,0,0.3869,0.2248,0.3869,0.3869,0.2248,0.3058,0.0825,0.3869
8127,laya-ml,en,D-lit,A,C,0,C,0,1,0.3909,0.42360000000000003,0.42360000000000003,0.42360000000000003,0.3909,0.1539,0.42360000000000003,0.0315
8134,laya-ml,en,D-lit,A,C,0,D,0,0,0.18480000000000002,0.2325,0.2928,0.2928,0.18480000000000002,0.2898,0.2325,0.2928
8137,laya-ml,en,D-lit,B,A,1,B,1,0,0.5419,0.3078,0.5419,0.5419,0.3078,0.5419,0.07590000000000001,0.07440000000000001
8138,laya-ml,en,D-lit,A,D,0,D,0,1,0.2374,0.36310000000000003,0.36310000000000003,0.36310000000000003,0.2374,0.24480000000000002,0.1547,0.36310000000000003
8140,laya-ml,en,D-lit,C,A,2,A,0,1,0.11760000000000001,0.8067000000000001,0.8067000000000001,0.8067000000000001,0.8067000000000001,0.020900000000000002,0.11760000000000001,0.054700000000000006
8141,laya-ml,en,D-lit,A,B,0,B,0,1,0.3834,0.4303,0.4303,0.4303,0.3834,0.4303,0.1124,0.07390000000000001
8142,laya-ml,en,D-lit,B,D,1,D,0,1,0.4006,0.46630000000000005,0.46630000000000005,0.46630000000000005,0.06430000000000001,0.4006,0.0688,0.46630000000000005
8143,laya-ml,en,D-lit,B,A,1,D,0,0,0.11420000000000001,0.3231,0.4162,0.4162,0.3231,0.11420000000000001,0.1464,0.4162
8144,laya-ml,en,D-lit,D,A,3,A,0,1,0.3141,0.5473,0.5473,0.5473,0.5473,0.1179,0.0207,0.3141
8152,laya-ml,en,D-lit,D,C,3,D,1,0,0.311,0.19820000000000002,0.311,0.311,0.1942,0.29660000000000003,0.19820000000000002,0.311
8153,laya-ml,en,D-lit,B,D,1,D,0,1,0.17950000000000002,0.2863,0.2863,0.2863,0.28240000000000004,0.17950000000000002,0.2518,0.2863
8162,laya-ml,en,D-lit,D,C,3,B,0,0,0.21180000000000002,0.2087,0.491,0.491,0.0884,0.491,0.2087,0.21180000000000002
8167,laya-ml,en,D-lit,D,A,3,D,1,0,0.668,0.2132,0.668,0.668,0.2132,0.065,0.0538,0.668
8170,laya-ml,en,D-lit,A,B,0,A,1,0,0.3069,0.2841,0.3069,0.3069,0.3069,0.2841,0.2938,0.1153
8180,laya-ml,en,D-lit,A,B,0,B,0,1,0.0119,0.9537,0.9537,0.9537,0.0119,0.9537,0.0158,0.018600000000000002
8185,laya-ml,en,D-lit,C,D,2,A,0,0,0.1096,0.0668,0.7759,0.7759,0.7759,0.0478,0.1096,0.0668
8186,laya-ml,en,D-lit,C,B,2,D,0,0,0.2155,0.229,0.5008,0.5008,0.054700000000000006,0.229,0.2155,0.5008
8189,laya-ml,en,D-lit,A,D,0,D,0,1,0.0114,0.9778,0.9778,0.9778,0.0114,0.006500000000000001,0.0044,0.9778
8194,laya-ml,en,D-lit,B,D,1,B,1,0,0.4606,0.1643,0.4606,0.4606,0.0507,0.4606,0.3245,0.1643
8196,laya-ml,en,D-lit,C,D,2,C,1,0,0.5228,0.3524,0.5228,0.5228,0.054,0.0707,0.5228,0.3524
8197,laya-ml,en,D-lit,C,A,2,C,1,0,0.8325,0.0563,0.8325,0.8325,0.0563,0.0128,0.8325,0.0984
8198,laya-ml,en,D-lit,D,B,3,C,0,0,0.199,0.3398,0.38580000000000003,0.38580000000000003,0.0755,0.3398,0.38580000000000003,0.199
8199,laya-ml,en,D-lit,C,A,2,A,0,1,0.1297,0.7034,0.7034,0.7034,0.7034,0.0915,0.1297,0.07540000000000001
8201,laya-ml,en,D-lit,D,B,3,B,0,1,0.12250000000000001,0.8069000000000001,0.8069000000000001,0.8069000000000001,0.048100000000000004,0.8069000000000001,0.022500000000000003,0.12250000000000001
8203,laya-ml,en,D-lit,D,B,3,B,0,1,0.3662,0.546,0.546,0.546,0.06380000000000001,0.546,0.0239,0.3662
8204,laya-ml,en,D-lit,A,D,0,A,1,0,0.392,0.1993,0.392,0.392,0.392,0.12760000000000002,0.281,0.1993
8207,laya-ml,en,D-lit,A,D,0,A,1,0,0.488,0.27390000000000003,0.488,0.488,0.488,0.039,0.199,0.27390000000000003
8209,laya-ml,en,D-lit,A,C,0,C,0,1,0.3377,0.5418000000000001,0.5418000000000001,0.5418000000000001,0.3377,0.0835,0.5418000000000001,0.0369
8210,laya-ml,en,D-lit,C,A,2,C,1,0,0.5105000000000001,0.1228,0.5105000000000001,0.5105000000000001,0.1228,0.06860000000000001,0.5105000000000001,0.29810000000000003
8211,laya-ml,en,D-lit,C,A,2,A,0,1,0.0281,0.3932,0.3932,0.3932,0.3932,0.1874,0.0281,0.3914
8212,laya-ml,en,D-lit,B,D,1,B,1,0,0.5996,0.1612,0.5996,0.5996,0.1207,0.5996,0.11850000000000001,0.1612
8214,laya-ml,en,D-lit,A,B,0,A,1,0,0.8736,0.068,0.8736,0.8736,0.8736,0.068,0.0105,0.047900000000000005
8223,laya-ml,en,D-lit,A,B,0,C,0,0,0.327,0.1351,0.35950000000000004,0.35950000000000004,0.327,0.1351,0.35950000000000004,0.17830000000000001
8226,laya-ml,en,D-lit,B,D,1,B,1,0,0.4398,0.3529,0.4398,0.4398,0.1673,0.4398,0.040100000000000004,0.3529
8228,laya-ml,en,D-lit,D,B,3,D,1,0,0.4355,0.3375,0.4355,0.4355,0.0976,0.3375,0.12940000000000002,0.4355
8231,laya-ml,en,D-lit,C,A,2,A,0,1,0.37020000000000003,0.5596,0.5596,0.5596,0.5596,0.0409,0.37020000000000003,0.0292
8232,laya-ml,en,D-lit,C,D,2,C,1,0,0.3972,0.1829,0.3972,0.3972,0.2232,0.1966,0.3972,0.1829
8233,laya-ml,en,D-lit,A,C,0,D,0,0,0.2082,0.1452,0.43210000000000004,0.43210000000000004,0.2082,0.21450000000000002,0.1452,0.43210000000000004
8234,laya-ml,en,D-lit,D,A,3,A,0,1,0.1826,0.7107,0.7107,0.7107,0.7107,0.0756,0.031,0.1826
8236,laya-ml,en,D-lit,A,C,0,C,0,1,0.4178,0.425,0.425,0.425,0.4178,0.08270000000000001,0.425,0.07440000000000001
8237,laya-ml,en,D-lit,A,B,0,B,0,1,0.10300000000000001,0.6262,0.6262,0.6262,0.10300000000000001,0.6262,0.1482,0.12250000000000001
8239,laya-ml,en,D-lit,B,D,1,D,0,1,0.1948,0.6449,0.6449,0.6449,0.0097,0.1948,0.1506,0.6449
8240,laya-ml,en,D-lit,D,A,3,C,0,0,0.3869,0.12390000000000001,0.4515,0.4515,0.12390000000000001,0.037700000000000004,0.4515,0.3869
8241,laya-ml,en,D-lit,C,B,2,B,0,1,0.2612,0.404,0.404,0.404,0.17950000000000002,0.404,0.2612,0.1552
8242,laya-ml,en,D-lit,A,B,0,B,0,1,0.2681,0.486,0.486,0.486,0.2681,0.486,0.1363,0.1095
8243,laya-ml,en,D-lit,C,B,2,A,0,0,0.2457,0.2722,0.3302,0.3302,0.3302,0.2722,0.2457,0.1519
8245,laya-ml,en,D-lit,C,A,2,A,0,1,0.1394,0.4762,0.4762,0.4762,0.4762,0.3048,0.1394,0.0796
8247,laya-ml,en,D-lit,C,A,2,A,0,1,0.0849,0.8627,0.8627,0.8627,0.8627,0.0134,0.0849,0.039
8249,laya-ml,en,D-lit,B,A,1,B,1,0,0.7461,0.1076,0.7461,0.7461,0.1076,0.7461,0.0594,0.0868
8252,laya-ml,en,D-lit,A,D,0,C,0,0,0.2605,0.09920000000000001,0.5772,0.5772,0.2605,0.0631,0.5772,0.09920000000000001
8253,laya-ml,en,D-lit,B,D,1,A,0,0,0.278,0.0829,0.37670000000000003,0.37670000000000003,0.37670000000000003,0.278,0.2624,0.0829
8254,laya-ml,en,D-lit,B,D,1,B,1,0,0.45730000000000004,0.22490000000000002,0.45730000000000004,0.45730000000000004,0.1506,0.45730000000000004,0.1671,0.22490000000000002
8255,laya-ml,en,D-lit,C,B,2,C,1,0,0.5402,0.1306,0.5402,0.5402,0.21880000000000002,0.1306,0.5402,0.11040000000000001
8256,laya-ml,en,D-lit,D,A,3,D,1,0,0.48410000000000003,0.3003,0.48410000000000003,0.48410000000000003,0.3003,0.07150000000000001,0.1441,0.48410000000000003
8258,laya-ml,en,D-lit,A,B,0,B,0,1,0.2242,0.395,0.395,0.395,0.2242,0.395,0.241,0.1399
8259,laya-ml,en,D-lit,C,A,2,C,1,0,0.6938000000000001,0.0695,0.6938000000000001,0.6938000000000001,0.0695,0.1301,0.6938000000000001,0.1066
8262,laya-ml,en,D-lit,D,A,3,D,1,0,0.7612,0.091,0.7612,0.7612,0.091,0.0465,0.1013,0.7612
8263,laya-ml,en,D-lit,D,B,3,A,0,0,0.20420000000000002,0.2495,0.34840000000000004,0.34840000000000004,0.34840000000000004,0.2495,0.19790000000000002,0.20420000000000002
8264,laya-ml,en,D-lit,C,B,2,D,0,0,0.165,0.044700000000000004,0.6599,0.6599,0.13040000000000002,0.044700000000000004,0.165,0.6599
8265,laya-ml,en,D-lit,D,A,3,D,1,0,0.48910000000000003,0.4031,0.48910000000000003,0.48910000000000003,0.4031,0.0636,0.0442,0.48910000000000003
8266,laya-ml,en,D-lit,C,A,2,C,1,0,0.46940000000000004,0.048600000000000004,0.46940000000000004,0.46940000000000004,0.048600000000000004,0.4108,0.46940000000000004,0.0713
8267,laya-ml,en,D-lit,B,D,1,C,0,0,0.147,0.38270000000000004,0.388,0.388,0.08220000000000001,0.147,0.388,0.38270000000000004
8269,laya-ml,en,D-lit,B,A,1,A,0,1,0.1752,0.7099000000000001,0.7099000000000001,0.7099000000000001,0.7099000000000001,0.1752,0.0492,0.06570000000000001
8270,laya-ml,en,D-lit,C,D,2,C,1,0,0.8054,0.1353,0.8054,0.8054,0.031100000000000003,0.028200000000000003,0.8054,0.1353
8271,laya-ml,en,D-lit,A,B,0,A,1,0,0.4393,0.2838,0.4393,0.4393,0.4393,0.2838,0.0316,0.24530000000000002
8273,laya-ml,en,D-lit,B,D,1,B,1,0,0.5544,0.39730000000000004,0.5544,0.5544,0.012400000000000001,0.5544,0.0359,0.39730000000000004
8274,laya-ml,en,D-lit,B,D,1,B,1,0,0.5034000000000001,0.21630000000000002,0.5034000000000001,0.5034000000000001,0.16010000000000002,0.5034000000000001,0.1202,0.21630000000000002
8275,laya-ml,en,D-lit,D,B,3,D,1,0,0.7925000000000001,0.046900000000000004,0.7925000000000001,0.7925000000000001,0.11570000000000001,0.046900000000000004,0.0449,0.7925000000000001
8276,laya-ml,en,D-lit,D,A,3,D,1,0,0.5961000000000001,0.2867,0.5961000000000001,0.5961000000000001,0.2867,0.060500000000000005,0.0567,0.5961000000000001
8280,laya-ml,en,D-lit,C,B,2,B,0,1,0.223,0.6356,0.6356,0.6356,0.0536,0.6356,0.223,0.0877
8282,laya-ml,en,D-lit,D,A,3,B,0,0,0.209,0.15610000000000002,0.3291,0.3291,0.15610000000000002,0.3291,0.3059,0.209
8283,laya-ml,en,D-lit,B,C,1,B,1,0,0.38130000000000003,0.2439,0.38130000000000003,0.38130000000000003,0.18730000000000002,0.38130000000000003,0.2439,0.18760000000000002
8285,laya-ml,en,D-lit,C,D,2,C,1,0,0.65,0.2061,0.65,0.65,0.1032,0.0407,0.65,0.2061
8286,laya-ml,en,D-lit,D,C,3,D,1,0,0.5205000000000001,0.2646,0.5205000000000001,0.5205000000000001,0.12610000000000002,0.0889,0.2646,0.5205000000000001
8290,laya-ml,en,D-lit,C,B,2,B,0,1,0.2373,0.2846,0.2846,0.2846,0.2558,0.2846,0.2373,0.2223
8291,laya-ml,en,D-lit,C,A,2,C,1,0,0.3099,0.29860000000000003,0.3099,0.3099,0.29860000000000003,0.1023,0.3099,0.2892
8293,laya-ml,en,D-lit,C,A,2,D,0,0,0.2162,0.3022,0.3025,0.3025,0.3022,0.1792,0.2162,0.3025
8297,laya-ml,en,D-lit,D,B,3,B,0,1,0.2826,0.3009,0.3009,0.3009,0.2247,0.3009,0.1918,0.2826
8301,laya-ml,en,D-lit,A,D,0,A,1,0,0.5128,0.14930000000000002,0.5128,0.5128,0.5128,0.1275,0.2104,0.14930000000000002
8302,laya-ml,en,D-lit,A,C,0,A,1,0,0.6062000000000001,0.1769,0.6062000000000001,0.6062000000000001,0.6062000000000001,0.12610000000000002,0.1769,0.0908
8303,laya-ml,en,D-lit,D,A,3,D,1,0,0.6686000000000001,0.2152,0.6686000000000001,0.6686000000000001,0.2152,0.0565,0.0596,0.6686000000000001
8306,laya-ml,en,D-lit,A,C,0,C,0,1,0.1768,0.38870000000000005,0.38870000000000005,0.38870000000000005,0.1768,0.2223,0.38870000000000005,0.2122
8307,laya-ml,en,D-lit,A,D,0,D,0,1,0.34340000000000004,0.4919,0.4919,0.4919,0.34340000000000004,0.10350000000000001,0.061200000000000004,0.4919
8311,laya-ml,en,D-lit,B,A,1,D,0,0,0.24070000000000003,0.37210000000000004,0.377,0.377,0.37210000000000004,0.24070000000000003,0.0102,0.377
8313,laya-ml,en,D-lit,A,D,0,A,1,0,0.8971,0.0522,0.8971,0.8971,0.8971,0.0393,0.0114,0.0522
8316,laya-ml,en,D-lit,B,D,1,A,0,0,0.377,0.0648,0.5004000000000001,0.5004000000000001,0.5004000000000001,0.377,0.057800000000000004,0.0648
8319,laya-ml,en,D-lit,A,C,0,C,0,1,0.18710000000000002,0.7657,0.7657,0.7657,0.18710000000000002,0.0179,0.7657,0.029300000000000003
8320,laya-ml,en,D-lit,C,B,2,C,1,0,0.7385,0.0917,0.7385,0.7385,0.067,0.0917,0.7385,0.1027
8325,laya-ml,en,D-lit,D,B,3,B,0,1,0.1019,0.7143,0.7143,0.7143,0.1631,0.7143,0.0207,0.1019
8327,laya-ml,en,D-lit,C,A,2,C,1,0,0.386,0.1632,0.386,0.386,0.1632,0.16490000000000002,0.386,0.2859
8335,laya-ml,en,D-lit,D,C,3,C,0,1,0.1799,0.719,0.719,0.719,0.0534,0.0477,0.719,0.1799
8336,laya-ml,en,D-lit,D,A,3,A,0,1,0.1738,0.6777000000000001,0.6777000000000001,0.6777000000000001,0.6777000000000001,0.0722,0.0762,0.1738
8339,laya-ml,en,D-lit,D,C,3,C,0,1,0.2008,0.4912,0.4912,0.4912,0.08460000000000001,0.22340000000000002,0.4912,0.2008
8340,laya-ml,en,D-lit,C,D,2,C,1,0,0.35660000000000003,0.23320000000000002,0.35660000000000003,0.35660000000000003,0.19690000000000002,0.21330000000000002,0.35660000000000003,0.23320000000000002
8345,laya-ml,en,D-lit,D,A,3,A,0,1,0.2127,0.4174,0.4174,0.4174,0.4174,0.3486,0.0213,0.2127
8347,laya-ml,en,D-lit,C,A,2,A,0,1,0.0308,0.9402,0.9402,0.9402,0.9402,0.0076,0.0308,0.021500000000000002
8350,laya-ml,en,D-lit,C,A,2,C,1,0,0.4086,0.2629,0.4086,0.4086,0.2629,0.2086,0.4086,0.1199
8351,laya-ml,en,D-lit,C,A,2,A,0,1,0.06570000000000001,0.7424000000000001,0.7424000000000001,0.7424000000000001,0.7424000000000001,0.0478,0.06570000000000001,0.1442
8352,laya-ml,en,D-lit,A,D,0,C,0,0,0.2872,0.2253,0.37820000000000004,0.37820000000000004,0.2872,0.10930000000000001,0.37820000000000004,0.2253
8357,laya-ml,en,D-lit,D,A,3,A,0,1,0.297,0.5685,0.5685,0.5685,0.5685,0.094,0.040600000000000004,0.297
8362,laya-ml,en,D-lit,C,B,2,C,1,0,0.44470000000000004,0.1526,0.44470000000000004,0.44470000000000004,0.24080000000000001,0.1526,0.44470000000000004,0.1618
8364,laya-ml,en,D-lit,D,B,3,D,1,0,0.4686,0.12440000000000001,0.4686,0.4686,0.33440000000000003,0.12440000000000001,0.0727,0.4686
8371,laya-ml,en,D-lit,A,B,0,C,0,0,0.12240000000000001,0.27840000000000004,0.49470000000000003,0.49470000000000003,0.12240000000000001,0.27840000000000004,0.49470000000000003,0.10450000000000001
8374,laya-ml,en,D-lit,D,B,3,B,0,1,0.2979,0.51,0.51,0.51,0.0743,0.51,0.1178,0.2979
8377,laya-ml,en,D-lit,C,B,2,C,1,0,0.3466,0.2477,0.3466,0.3466,0.184,0.2477,0.3466,0.2217
8380,laya-ml,en,D-lit,B,C,1,C,0,1,0.1452,0.7107,0.7107,0.7107,0.0857,0.1452,0.7107,0.0584
8381,laya-ml,en,D-lit,D,B,3,D,1,0,0.3937,0.38720000000000004,0.3937,0.3937,0.1462,0.38720000000000004,0.0729,0.3937
8384,laya-ml,en,D-lit,D,A,3,D,1,0,0.44980000000000003,0.33890000000000003,0.44980000000000003,0.44980000000000003,0.33890000000000003,0.0917,0.11960000000000001,0.44980000000000003
8387,laya-ml,en,D-lit,B,C,1,A,0,0,0.3149,0.0823,0.3728,0.3728,0.3728,0.3149,0.0823,0.23
8389,laya-ml,en,D-lit,A,C,0,A,1,0,0.9171,0.05,0.9171,0.9171,0.9171,0.0088,0.05,0.0241
8393,laya-ml,en,D-lit,D,C,3,C,0,1,0.27040000000000003,0.44920000000000004,0.44920000000000004,0.44920000000000004,0.12290000000000001,0.1575,0.44920000000000004,0.27040000000000003
8397,laya-ml,en,D-lit,C,A,2,A,0,1,0.2545,0.4405,0.4405,0.4405,0.4405,0.0886,0.2545,0.21630000000000002
8398,laya-ml,en,D-lit,C,A,2,C,1,0,0.38870000000000005,0.2447,0.38870000000000005,0.38870000000000005,0.2447,0.1597,0.38870000000000005,0.2069
8400,laya-ml,en,D-lit,C,A,2,C,1,0,0.8504,0.07100000000000001,0.8504,0.8504,0.07100000000000001,0.0239,0.8504,0.054700000000000006
8405,laya-ml,en,D-lit,D,B,3,D,1,0,0.8073,0.048100000000000004,0.8073,0.8073,0.0645,0.048100000000000004,0.0801,0.8073
8406,laya-ml,en,D-lit,B,D,1,B,1,0,0.5855,0.33,0.5855,0.5855,0.061900000000000004,0.5855,0.022600000000000002,0.33
8408,laya-ml,en,D-lit,C,D,2,D,0,1,0.1471,0.5881000000000001,0.5881000000000001,0.5881000000000001,0.10060000000000001,0.1643,0.1471,0.5881000000000001
8409,laya-ml,en,D-lit,B,A,1,D,0,0,0.2886,0.0692,0.5707,0.5707,0.0692,0.2886,0.07150000000000001,0.5707
8411,laya-ml,en,D-lit,C,D,2,C,1,0,0.3558,0.24050000000000002,0.3558,0.3558,0.22640000000000002,0.1772,0.3558,0.24050000000000002
8412,laya-ml,en,D-lit,D,C,3,A,0,0,0.0791,0.34940000000000004,0.4174,0.4174,0.4174,0.15410000000000001,0.34940000000000004,0.0791
8414,laya-ml,en,D-lit,B,A,1,B,1,0,0.5755,0.1192,0.5755,0.5755,0.1192,0.5755,0.2419,0.0634
8417,laya-ml,en,D-lit,D,A,3,D,1,0,0.38780000000000003,0.2071,0.38780000000000003,0.38780000000000003,0.2071,0.12940000000000002,0.2756,0.38780000000000003
8421,laya-ml,en,D-lit,C,D,2,C,1,0,0.4812,0.1486,0.4812,0.4812,0.16790000000000002,0.20220000000000002,0.4812,0.1486
8422,laya-ml,en,D-lit,D,A,3,D,1,0,0.4496,0.23320000000000002,0.4496,0.4496,0.23320000000000002,0.0531,0.264,0.4496
8423,laya-ml,en,D-lit,D,A,3,A,0,1,0.17550000000000002,0.6361,0.6361,0.6361,0.6361,0.078,0.11030000000000001,0.17550000000000002
8424,laya-ml,en,D-lit,D,C,3,D,1,0,0.5274,0.15510000000000002,0.5274,0.5274,0.0492,0.26830000000000004,0.15510000000000002,0.5274
8427,laya-ml,en,D-lit,A,B,0,B,0,1,0.138,0.6526000000000001,0.6526000000000001,0.6526000000000001,0.138,0.6526000000000001,0.0616,0.14780000000000001
8429,laya-ml,en,D-lit,A,C,0,C,0,1,0.0339,0.5413,0.5413,0.5413,0.0339,0.030600000000000002,0.5413,0.3941
8431,laya-ml,en,D-lit,B,A,1,B,1,0,0.5369,0.1829,0.5369,0.5369,0.1829,0.5369,0.0511,0.2291
8434,laya-ml,en,D-lit,A,C,0,D,0,0,0.1557,0.112,0.6324000000000001,0.6324000000000001,0.1557,0.1,0.112,0.6324000000000001
8436,laya-ml,en,D-lit,D,A,3,A,0,1,0.2601,0.6776,0.6776,0.6776,0.6776,0.0316,0.0308,0.2601
8440,laya-ml,en,D-lit,B,D,1,D,0,1,0.3778,0.5024000000000001,0.5024000000000001,0.5024000000000001,0.08660000000000001,0.3778,0.0332,0.5024000000000001
8442,laya-ml,en,D-lit,C,A,2,C,1,0,0.3728,0.3396,0.3728,0.3728,0.3396,0.0767,0.3728,0.21080000000000002
8443,laya-ml,en,D-lit,C,A,2,A,0,1,0.2378,0.5679000000000001,0.5679000000000001,0.5679000000000001,0.5679000000000001,0.1003,0.2378,0.094
8450,laya-ml,en,D-lit,A,C,0,A,1,0,0.6947,0.10250000000000001,0.6947,0.6947,0.6947,0.0915,0.10250000000000001,0.11130000000000001
8453,laya-ml,en,D-lit,C,B,2,B,0,1,0.1608,0.7647,0.7647,0.7647,0.0361,0.7647,0.1608,0.038400000000000004
8455,laya-ml,en,D-lit,B,A,1,A,0,1,0.27140000000000003,0.4667,0.4667,0.4667,0.4667,0.27140000000000003,0.046700000000000005,0.2152
8456,laya-ml,en,D-lit,D,B,3,B,0,1,0.0349,0.937,0.937,0.937,0.0086,0.937,0.0195,0.0349
8457,laya-ml,en,D-lit,A,B,0,A,1,0,0.40900000000000003,0.2992,0.40900000000000003,0.40900000000000003,0.40900000000000003,0.2992,0.2126,0.0791
8458,laya-ml,en,D-lit,C,B,2,C,1,0,0.3537,0.2268,0.3537,0.3537,0.22590000000000002,0.2268,0.3537,0.19360000000000002
8459,laya-ml,en,D-lit,C,A,2,A,0,1,0.0001,0.9994000000000001,0.9994000000000001,0.9994000000000001,0.9994000000000001,0.0001,0.0001,0.0004
8460,laya-ml,en,D-lit,D,A,3,D,1,0,0.6019,0.1327,0.6019,0.6019,0.1327,0.1004,0.165,0.6019
8461,laya-ml,en,D-lit,C,A,2,A,0,1,0.2914,0.5385,0.5385,0.5385,0.5385,0.0297,0.2914,0.1405
8463,laya-ml,en,D-lit,B,A,1,C,0,0,0.046700000000000005,0.2038,0.5899,0.5899,0.2038,0.046700000000000005,0.5899,0.15960000000000002
8466,laya-ml,en,D-lit,A,B,0,A,1,0,0.4157,0.2001,0.4157,0.4157,0.4157,0.2001,0.2741,0.1102
8468,laya-ml,en,D-lit,B,A,1,A,0,1,0.1603,0.6339,0.6339,0.6339,0.6339,0.1603,0.0252,0.1806
8469,laya-ml,en,D-lit,D,A,3,A,0,1,0.0558,0.8778,0.8778,0.8778,0.8778,0.023,0.0434,0.0558
8470,laya-ml,en,D-lit,C,D,2,D,0,1,0.302,0.5481,0.5481,0.5481,0.0692,0.08080000000000001,0.302,0.5481
8471,laya-ml,en,D-lit,A,D,0,B,0,0,0.1636,0.15960000000000002,0.4612,0.4612,0.1636,0.4612,0.2156,0.15960000000000002
8473,laya-ml,en,D-lit,D,B,3,B,0,1,0.0316,0.9119,0.9119,0.9119,0.045,0.9119,0.0115,0.0316
8475,laya-ml,en,D-lit,B,D,1,C,0,0,0.3219,0.2316,0.38730000000000003,0.38730000000000003,0.0592,0.3219,0.38730000000000003,0.2316
8478,laya-ml,en,D-lit,D,A,3,D,1,0,0.3749,0.21730000000000002,0.3749,0.3749,0.21730000000000002,0.3281,0.07970000000000001,0.3749
8479,laya-ml,en,D-lit,D,B,3,D,1,0,0.49460000000000004,0.2579,0.49460000000000004,0.49460000000000004,0.094,0.2579,0.1535,0.49460000000000004
8481,laya-ml,en,D-lit,B,C,1,B,1,0,0.3796,0.1683,0.3796,0.3796,0.32180000000000003,0.3796,0.1683,0.1303
8483,laya-ml,en,D-lit,C,B,2,B,0,1,0.050100000000000006,0.7927000000000001,0.7927000000000001,0.7927000000000001,0.09050000000000001,0.7927000000000001,0.050100000000000006,0.06670000000000001
8486,laya-ml,en,D-lit,C,A,2,C,1,0,0.6695,0.2346,0.6695,0.6695,0.2346,0.0376,0.6695,0.058300000000000005
8487,laya-ml,en,D-lit,C,B,2,B,0,1,0.02,0.9228000000000001,0.9228000000000001,0.9228000000000001,0.0154,0.9228000000000001,0.02,0.041800000000000004
8493,laya-ml,en,D-lit,A,D,0,D,0,1,0.0655,0.9186000000000001,0.9186000000000001,0.9186000000000001,0.0655,0.0097,0.006200000000000001,0.9186000000000001
8495,laya-ml,en,D-lit,C,B,2,A,0,0,0.1014,0.1072,0.6764,0.6764,0.6764,0.1072,0.1014,0.11510000000000001
8498,laya-ml,en,D-lit,B,D,1,B,1,0,0.4899,0.4546,0.4899,0.4899,0.0229,0.4899,0.0325,0.4546
8500,laya-ml,en,D-lit,A,B,0,B,0,1,0.051500000000000004,0.8714000000000001,0.8714000000000001,0.8714000000000001,0.051500000000000004,0.8714000000000001,0.020900000000000002,0.0562
8501,laya-ml,en,D-lit,A,D,0,A,1,0,0.3351,0.2511,0.3351,0.3351,0.3351,0.14650000000000002,0.26730000000000004,0.2511
8503,laya-ml,en,D-lit,C,D,2,D,0,1,0.0734,0.7174,0.7174,0.7174,0.1845,0.0247,0.0734,0.7174
8507,laya-ml,en,D-lit,B,C,1,B,1,0,0.5935,0.1107,0.5935,0.5935,0.16690000000000002,0.5935,0.1107,0.12890000000000001
8508,laya-ml,en,D-lit,D,B,3,B,0,1,0.0621,0.8359000000000001,0.8359000000000001,0.8359000000000001,0.0753,0.8359000000000001,0.0267,0.0621
8509,laya-ml,en,D-lit,C,A,2,C,1,0,0.4182,0.1623,0.4182,0.4182,0.1623,0.27790000000000004,0.4182,0.14170000000000002
8510,laya-ml,en,D-lit,C,A,2,A,0,1,0.16440000000000002,0.466,0.466,0.466,0.466,0.0414,0.16440000000000002,0.3282
8522,laya-ml,en,D-lit,B,D,1,B,1,0,0.7965,0.0758,0.7965,0.7965,0.09680000000000001,0.7965,0.0309,0.0758
8523,laya-ml,en,D-lit,C,A,2,A,0,1,0.1903,0.3967,0.3967,0.3967,0.3967,0.1668,0.1903,0.2462
8527,laya-ml,en,D-lit,C,B,2,B,0,1,0.0323,0.8494,0.8494,0.8494,0.1075,0.8494,0.0323,0.0108
8530,laya-ml,en,D-lit,D,B,3,C,0,0,0.1912,0.3094,0.34,0.34,0.15940000000000001,0.3094,0.34,0.1912
8537,laya-ml,en,D-lit,C,D,2,C,1,0,0.4172,0.39930000000000004,0.4172,0.4172,0.0829,0.1005,0.4172,0.39930000000000004
8538,laya-ml,en,D-lit,D,B,3,B,0,1,0.0267,0.8181,0.8181,0.8181,0.10840000000000001,0.8181,0.046900000000000004,0.0267
8539,laya-ml,en,D-lit,C,B,2,C,1,0,0.9669000000000001,0.007500000000000001,0.9669000000000001,0.9669000000000001,0.0115,0.007500000000000001,0.9669000000000001,0.014100000000000001
8544,laya-ml,en,D-lit,C,A,2,C,1,0,0.4692,0.1464,0.4692,0.4692,0.1464,0.17250000000000001,0.4692,0.2119
8551,laya-ml,en,D-lit,C,B,2,B,0,1,0.354,0.4559,0.4559,0.4559,0.0688,0.4559,0.354,0.12140000000000001
8552,laya-ml,en,D-lit,C,A,2,D,0,0,0.24430000000000002,0.16190000000000002,0.4363,0.4363,0.16190000000000002,0.1574,0.24430000000000002,0.4363
8556,laya-ml,en,D-lit,B,C,1,B,1,0,0.5454,0.13240000000000002,0.5454,0.5454,0.2167,0.5454,0.13240000000000002,0.10540000000000001
8558,laya-ml,en,D-lit,A,B,0,A,1,0,0.787,0.0346,0.787,0.787,0.787,0.0346,0.10360000000000001,0.0747
8560,laya-ml,en,D-lit,A,C,0,C,0,1,0.3042,0.3264,0.3264,0.3264,0.3042,0.2821,0.3264,0.0873
8561,laya-ml,en,D-lit,D,A,3,B,0,0,0.0771,0.0603,0.47190000000000004,0.47190000000000004,0.0603,0.47190000000000004,0.3907,0.0771
8564,laya-ml,en,D-lit,C,B,2,B,0,1,0.38630000000000003,0.3929,0.3929,0.3929,0.1009,0.3929,0.38630000000000003,0.1199
8572,laya-ml,en,D-lit,B,A,1,A,0,1,0.2001,0.5215000000000001,0.5215000000000001,0.5215000000000001,0.5215000000000001,0.2001,0.1253,0.1531
8574,laya-ml,en,D-lit,B,D,1,D,0,1,0.1835,0.6156,0.6156,0.6156,0.049800000000000004,0.1835,0.1511,0.6156
8577,laya-ml,en,D-lit,A,D,0,D,0,1,0.21280000000000002,0.398,0.398,0.398,0.21280000000000002,0.2192,0.17,0.398
8579,laya-ml,en,D-lit,B,A,1,B,1,0,0.989,0.003,0.989,0.989,0.003,0.989,0.0053,0.0027
8580,laya-ml,en,D-lit,C,A,2,C,1,0,0.8421000000000001,0.1029,0.8421000000000001,0.8421000000000001,0.1029,0.0178,0.8421000000000001,0.0373
8584,laya-ml,en,D-lit,C,D,2,C,1,0,0.4348,0.3264,0.4348,0.4348,0.1953,0.043500000000000004,0.4348,0.3264
8590,laya-ml,en,D-lit,C,A,2,A,0,1,0.2025,0.42610000000000003,0.42610000000000003,0.42610000000000003,0.42610000000000003,0.12840000000000001,0.2025,0.243
8592,laya-ml,en,D-lit,C,D,2,D,0,1,0.2842,0.4219,0.4219,0.4219,0.22610000000000002,0.0679,0.2842,0.4219
8600,laya-ml,en,D-lit,C,A,2,C,1,0,0.9274,0.0193,0.9274,0.9274,0.0193,0.0132,0.9274,0.040100000000000004
8601,laya-ml,en,D-lit,C,D,2,C,1,0,0.7889,0.0391,0.7889,0.7889,0.1066,0.0655,0.7889,0.0391
8605,laya-ml,en,D-lit,A,D,0,A,1,0,0.766,0.0534,0.766,0.766,0.766,0.1145,0.0661,0.0534
8611,laya-ml,en,D-lit,B,D,1,B,1,0,0.3603,0.15380000000000002,0.3603,0.3603,0.1806,0.3603,0.3053,0.15380000000000002
8620,laya-ml,en,D-lit,C,B,2,C,1,0,0.6348,0.2421,0.6348,0.6348,0.0738,0.2421,0.6348,0.049300000000000004
8621,laya-ml,en,D-lit,D,B,3,B,0,1,0.1811,0.6376000000000001,0.6376000000000001,0.6376000000000001,0.1433,0.6376000000000001,0.0381,0.1811
8622,laya-ml,en,D-lit,A,C,0,C,0,1,0.0078000000000000005,0.9868,0.9868,0.9868,0.0078000000000000005,0.0047,0.9868,0.0008
8627,laya-ml,en,D-lit,A,D,0,A,1,0,0.463,0.1937,0.463,0.463,0.463,0.2038,0.1394,0.1937
8629,laya-ml,en,D-lit,D,C,3,C,0,1,0.2827,0.6922,0.6922,0.6922,0.0176,0.0074,0.6922,0.2827
8632,laya-ml,en,D-lit,A,D,0,D,0,1,0.3536,0.4685,0.4685,0.4685,0.3536,0.0631,0.1148,0.4685
8633,laya-ml,en,D-lit,C,D,2,C,1,0,0.5725,0.332,0.5725,0.5725,0.0142,0.08120000000000001,0.5725,0.332
8637,laya-ml,en,D-lit,C,B,2,D,0,0,0.0746,0.0891,0.7881,0.7881,0.0482,0.0891,0.0746,0.7881
8639,laya-ml,en,D-lit,D,C,3,C,0,1,0.21730000000000002,0.376,0.376,0.376,0.0683,0.33840000000000003,0.376,0.21730000000000002
8643,laya-ml,en,D-lit,C,B,2,B,0,1,0.0032,0.9963000000000001,0.9963000000000001,0.9963000000000001,0.0002,0.9963000000000001,0.0032,0.0004
8644,laya-ml,en,D-lit,D,C,3,B,0,0,0.1517,0.2647,0.39740000000000003,0.39740000000000003,0.1862,0.39740000000000003,0.2647,0.1517
8648,laya-ml,en,D-lit,A,B,0,B,0,1,0.0076,0.9774,0.9774,0.9774,0.0076,0.9774,0.0078000000000000005,0.0073
8649,laya-ml,en,D-lit,C,B,2,C,1,0,0.43510000000000004,0.23750000000000002,0.43510000000000004,0.43510000000000004,0.1345,0.23750000000000002,0.43510000000000004,0.19290000000000002
8651,laya-ml,en,D-lit,D,A,3,A,0,1,0.1263,0.4212,0.4212,0.4212,0.4212,0.227,0.2255,0.1263
8653,laya-ml,en,D-lit,A,D,0,D,0,1,0.2716,0.5124000000000001,0.5124000000000001,0.5124000000000001,0.2716,0.0789,0.1371,0.5124000000000001
8654,laya-ml,en,D-lit,A,D,0,A,1,0,0.6325000000000001,0.1345,0.6325000000000001,0.6325000000000001,0.6325000000000001,0.0303,0.2028,0.1345
8655,laya-ml,en,D-lit,C,A,2,B,0,0,0.274,0.11080000000000001,0.39440000000000003,0.39440000000000003,0.11080000000000001,0.39440000000000003,0.274,0.22080000000000002
8656,laya-ml,en,D-lit,C,A,2,A,0,1,0.0451,0.5807,0.5807,0.5807,0.5807,0.028300000000000002,0.0451,0.34590000000000004
8657,laya-ml,en,D-lit,D,B,3,D,1,0,0.7866000000000001,0.0931,0.7866000000000001,0.7866000000000001,0.0766,0.0931,0.0438,0.7866000000000001
8659,laya-ml,en,D-lit,C,A,2,D,0,0,0.3482,0.1744,0.3635,0.3635,0.1744,0.11380000000000001,0.3482,0.3635
8660,laya-ml,en,D-lit,C,A,2,D,0,0,0.3951,0.1411,0.4101,0.4101,0.1411,0.053700000000000005,0.3951,0.4101
8663,laya-ml,en,D-lit,A,D,0,D,0,1,0.3052,0.49710000000000004,0.49710000000000004,0.49710000000000004,0.3052,0.0695,0.1282,0.49710000000000004
8666,laya-ml,en,D-lit,C,A,2,A,0,1,0.33840000000000003,0.3436,0.3436,0.3436,0.3436,0.056100000000000004,0.33840000000000003,0.2619
8667,laya-ml,en,D-lit,B,D,1,B,1,0,0.483,0.2847,0.483,0.483,0.0965,0.483,0.1358,0.2847
8675,laya-ml,en,D-lit,D,B,3,C,0,0,0.16440000000000002,0.1277,0.6787000000000001,0.6787000000000001,0.0292,0.1277,0.6787000000000001,0.16440000000000002
8678,laya-ml,en,D-lit,A,D,0,A,1,0,0.34440000000000004,0.0993,0.34440000000000004,0.34440000000000004,0.34440000000000004,0.27890000000000004,0.27740000000000004,0.0993
8680,laya-ml,en,D-lit,C,D,2,D,0,1,0.30460000000000004,0.3551,0.3551,0.3551,0.11410000000000001,0.2262,0.30460000000000004,0.3551
8687,laya-ml,en,D-lit,B,D,1,A,0,0,0.23340000000000002,0.261,0.3583,0.3583,0.3583,0.23340000000000002,0.14730000000000001,0.261
8689,laya-ml,en,D-lit,D,B,3,B,0,1,0.1847,0.48850000000000005,0.48850000000000005,0.48850000000000005,0.2354,0.48850000000000005,0.09140000000000001,0.1847
8690,laya-ml,en,D-lit,A,B,0,B,0,1,0.28500000000000003,0.5976,0.5976,0.5976,0.28500000000000003,0.5976,0.0886,0.028900000000000002
8693,laya-ml,en,D-lit,A,B,0,D,0,0,0.20500000000000002,0.1341,0.5084000000000001,0.5084000000000001,0.20500000000000002,0.1341,0.1525,0.5084000000000001
8694,laya-ml,en,D-lit,C,A,2,A,0,1,0.06720000000000001,0.7626000000000001,0.7626000000000001,0.7626000000000001,0.7626000000000001,0.1469,0.06720000000000001,0.0233
8702,laya-ml,en,D-lit,D,C,3,C,0,1,0.0688,0.8814000000000001,0.8814000000000001,0.8814000000000001,0.0374,0.012400000000000001,0.8814000000000001,0.0688
8703,laya-ml,en,D-lit,C,B,2,C,1,0,0.5321,0.4188,0.5321,0.5321,0.0273,0.4188,0.5321,0.0218
8705,laya-ml,en,D-lit,A,B,0,A,1,0,0.4541,0.1438,0.4541,0.4541,0.4541,0.1438,0.1213,0.2808
8708,laya-ml,en,D-lit,C,D,2,C,1,0,0.7888000000000001,0.1451,0.7888000000000001,0.7888000000000001,0.0477,0.0184,0.7888000000000001,0.1451
8709,laya-ml,en,D-lit,C,A,2,C,1,0,0.8607,0.0751,0.8607,0.8607,0.0751,0.0196,0.8607,0.0446
8711,laya-ml,en,D-lit,B,A,1,A,0,1,0.19460000000000002,0.7638,0.7638,0.7638,0.7638,0.19460000000000002,0.013600000000000001,0.028
8712,laya-ml,en,D-lit,C,B,2,D,0,0,0.1139,0.22490000000000002,0.5254,0.5254,0.1358,0.22490000000000002,0.1139,0.5254
8713,laya-ml,en,D-lit,A,D,0,A,1,0,0.5399,0.3307,0.5399,0.5399,0.5399,0.030600000000000002,0.0988,0.3307
8715,laya-ml,en,D-lit,D,B,3,D,1,0,0.4995,0.42350000000000004,0.4995,0.4995,0.038900000000000004,0.42350000000000004,0.038200000000000005,0.4995
8716,laya-ml,en,D-lit,C,B,2,C,1,0,0.7081000000000001,0.12290000000000001,0.7081000000000001,0.7081000000000001,0.0634,0.12290000000000001,0.7081000000000001,0.1056
8717,laya-ml,en,D-lit,A,D,0,D,0,1,0.3282,0.5285000000000001,0.5285000000000001,0.5285000000000001,0.3282,0.0645,0.07880000000000001,0.5285000000000001
8722,laya-ml,en,D-lit,B,A,1,A,0,1,0.0898,0.5316000000000001,0.5316000000000001,0.5316000000000001,0.5316000000000001,0.0898,0.2919,0.0867
8726,laya-ml,en,D-lit,A,C,0,A,1,0,0.43360000000000004,0.3589,0.43360000000000004,0.43360000000000004,0.43360000000000004,0.09620000000000001,0.3589,0.11130000000000001
8727,laya-ml,en,D-lit,A,D,0,D,0,1,0.33790000000000003,0.43660000000000004,0.43660000000000004,0.43660000000000004,0.33790000000000003,0.0908,0.1346,0.43660000000000004
8730,laya-ml,en,D-lit,B,C,1,B,1,0,0.4975,0.19890000000000002,0.4975,0.4975,0.279,0.4975,0.19890000000000002,0.0245
8731,laya-ml,en,D-lit,A,D,0,D,0,1,0.1529,0.5132,0.5132,0.5132,0.1529,0.2639,0.07010000000000001,0.5132
8735,laya-ml,en,D-lit,B,A,1,B,1,0,0.3763,0.0999,0.3763,0.3763,0.0999,0.3763,0.2243,0.29960000000000003
8736,laya-ml,en,D-lit,C,B,2,C,1,0,0.6039,0.2605,0.6039,0.6039,0.0422,0.2605,0.6039,0.09340000000000001
8744,laya-ml,en,D-lit,A,D,0,D,0,1,0.4368,0.5354,0.5354,0.5354,0.4368,0.010100000000000001,0.0178,0.5354
8746,laya-ml,en,D-lit,C,D,2,C,1,0,0.49770000000000003,0.30160000000000003,0.49770000000000003,0.49770000000000003,0.0835,0.1173,0.49770000000000003,0.30160000000000003
8748,laya-ml,en,D-lit,A,C,0,C,0,1,0.2713,0.3548,0.3548,0.3548,0.2713,0.21880000000000002,0.3548,0.1552
8762,laya-ml,en,D-lit,A,C,0,A,1,0,0.5745,0.2232,0.5745,0.5745,0.5745,0.10310000000000001,0.2232,0.09920000000000001
8763,laya-ml,en,D-lit,D,C,3,C,0,1,0.1905,0.5371,0.5371,0.5371,0.22030000000000002,0.0521,0.5371,0.1905
8764,laya-ml,en,D-lit,B,A,1,B,1,0,0.5583,0.1593,0.5583,0.5583,0.1593,0.5583,0.09860000000000001,0.18380000000000002
8772,laya-ml,en,D-lit,A,D,0,D,0,1,0.3244,0.5713,0.5713,0.5713,0.3244,0.0748,0.029500000000000002,0.5713
8774,laya-ml,en,D-lit,C,B,2,C,1,0,0.7522000000000001,0.029500000000000002,0.7522000000000001,0.7522000000000001,0.08080000000000001,0.029500000000000002,0.7522000000000001,0.1374
8779,laya-ml,en,D-lit,B,C,1,C,0,1,0.3492,0.5886,0.5886,0.5886,0.0456,0.3492,0.5886,0.0165
8781,laya-ml,en,D-lit,A,B,0,C,0,0,0.0704,0.1887,0.45120000000000005,0.45120000000000005,0.0704,0.1887,0.45120000000000005,0.2898
8783,laya-ml,en,D-lit,C,D,2,C,1,0,0.6535000000000001,0.1842,0.6535000000000001,0.6535000000000001,0.1114,0.0509,0.6535000000000001,0.1842
8784,laya-ml,en,D-lit,C,B,2,C,1,0,0.9480000000000001,0.013000000000000001,0.9480000000000001,0.9480000000000001,0.026500000000000003,0.013000000000000001,0.9480000000000001,0.0125
8785,laya-ml,en,D-lit,A,C,0,A,1,0,0.9224,0.0755,0.9224,0.9224,0.9224,0.0009000000000000001,0.0755,0.0012000000000000001
8788,laya-ml,en,D-lit,A,B,0,D,0,0,0.1462,0.2096,0.3266,0.3266,0.1462,0.2096,0.3176,0.3266
8792,laya-ml,en,D-lit,C,A,2,B,0,0,0.052500000000000005,0.3216,0.5135000000000001,0.5135000000000001,0.3216,0.5135000000000001,0.052500000000000005,0.1124
8799,laya-ml,en,D-lit,A,B,0,B,0,1,0.3728,0.38230000000000003,0.38230000000000003,0.38230000000000003,0.3728,0.38230000000000003,0.0855,0.15940000000000001
8804,laya-ml,en,D-lit,D,B,3,D,1,0,0.5784,0.376,0.5784,0.5784,0.0369,0.376,0.0088,0.5784
8809,laya-ml,en,D-lit,D,B,3,D,1,0,0.36510000000000004,0.27290000000000003,0.36510000000000004,0.36510000000000004,0.3083,0.27290000000000003,0.053700000000000005,0.36510000000000004
8811,laya-ml,en,D-lit,A,C,0,C,0,1,0.3156,0.432,0.432,0.432,0.3156,0.08560000000000001,0.432,0.16690000000000002
8814,laya-ml,en,D-lit,A,C,0,C,0,1,0.0188,0.9558000000000001,0.9558000000000001,0.9558000000000001,0.0188,0.0057,0.9558000000000001,0.0196
8822,laya-ml,en,D-lit,A,C,0,C,0,1,0.1009,0.5843,0.5843,0.5843,0.1009,0.0275,0.5843,0.2873
8823,laya-ml,en,D-lit,C,D,2,D,0,1,0.2686,0.31010000000000004,0.31010000000000004,0.31010000000000004,0.19140000000000001,0.2298,0.2686,0.31010000000000004
8826,laya-ml,en,D-lit,D,A,3,A,0,1,0.0545,0.7709,0.7709,0.7709,0.7709,0.0291,0.14550000000000002,0.0545
8827,laya-ml,en,D-lit,D,C,3,D,1,0,0.5398000000000001,0.1148,0.5398000000000001,0.5398000000000001,0.2539,0.0915,0.1148,0.5398000000000001
8830,laya-ml,en,D-lit,A,B,0,A,1,0,0.514,0.1547,0.514,0.514,0.514,0.1547,0.1976,0.1337
8832,laya-ml,en,D-lit,D,A,3,A,0,1,0.3628,0.4781,0.4781,0.4781,0.4781,0.0342,0.12490000000000001,0.3628
8838,laya-ml,en,D-lit,D,B,3,B,0,1,0.15330000000000002,0.6044,0.6044,0.6044,0.082,0.6044,0.1602,0.15330000000000002
8839,laya-ml,en,D-lit,C,D,2,C,1,0,0.4525,0.165,0.4525,0.4525,0.19360000000000002,0.1889,0.4525,0.165
8841,laya-ml,en,D-lit,A,B,0,A,1,0,0.4828,0.1585,0.4828,0.4828,0.4828,0.1585,0.2654,0.09330000000000001
8842,laya-ml,en,D-lit,D,B,3,A,0,0,0.1787,0.3235,0.449,0.449,0.449,0.3235,0.0488,0.1787
8846,laya-ml,en,D-lit,A,B,0,A,1,0,0.5416000000000001,0.08370000000000001,0.5416000000000001,0.5416000000000001,0.5416000000000001,0.08370000000000001,0.1071,0.2676
8847,laya-ml,en,D-lit,D,B,3,B,0,1,0.0405,0.878,0.878,0.878,0.0161,0.878,0.0654,0.0405
8853,laya-ml,en,D-lit,B,C,1,C,0,1,0.3522,0.38020000000000004,0.38020000000000004,0.38020000000000004,0.0815,0.3522,0.38020000000000004,0.18610000000000002
8858,laya-ml,en,D-lit,C,D,2,C,1,0,0.6425000000000001,0.1121,0.6425000000000001,0.6425000000000001,0.0731,0.1723,0.6425000000000001,0.1121
8860,laya-ml,en,D-lit,B,D,1,D,0,1,0.25020000000000003,0.30160000000000003,0.30160000000000003,0.30160000000000003,0.2686,0.25020000000000003,0.1796,0.30160000000000003
8863,laya-ml,en,D-lit,B,C,1,B,1,0,0.8322,0.0881,0.8322,0.8322,0.0396,0.8322,0.0881,0.040100000000000004
8867,laya-ml,en,D-lit,B,A,1,B,1,0,0.9137000000000001,0.052500000000000005,0.9137000000000001,0.9137000000000001,0.052500000000000005,0.9137000000000001,0.0132,0.0206
8868,laya-ml,en,D-lit,C,B,2,C,1,0,0.9507000000000001,0.0143,0.9507000000000001,0.9507000000000001,0.0036000000000000003,0.0143,0.9507000000000001,0.0313
8869,laya-ml,en,D-lit,B,D,1,D,0,1,0.10840000000000001,0.8529,0.8529,0.8529,0.0315,0.10840000000000001,0.007200000000000001,0.8529
8870,laya-ml,en,D-lit,C,B,2,D,0,0,0.2797,0.2599,0.3063,0.3063,0.15410000000000001,0.2599,0.2797,0.3063
8872,laya-ml,en,D-lit,D,C,3,D,1,0,0.6276,0.26,0.6276,0.6276,0.0458,0.06670000000000001,0.26,0.6276
8877,laya-ml,en,D-lit,A,C,0,D,0,0,0.18860000000000002,0.11410000000000001,0.39480000000000004,0.39480000000000004,0.18860000000000002,0.3025,0.11410000000000001,0.39480000000000004
8886,laya-ml,en,D-lit,C,A,2,C,1,0,0.4451,0.10640000000000001,0.4451,0.4451,0.10640000000000001,0.23870000000000002,0.4451,0.2097
8890,laya-ml,en,D-lit,B,A,1,D,0,0,0.1451,0.254,0.49210000000000004,0.49210000000000004,0.254,0.1451,0.10880000000000001,0.49210000000000004
8893,laya-ml,en,D-lit,C,A,2,C,1,0,0.4363,0.392,0.4363,0.4363,0.392,0.09140000000000001,0.4363,0.0804
8896,laya-ml,en,D-lit,A,B,0,D,0,0,0.3603,0.1675,0.37520000000000003,0.37520000000000003,0.3603,0.1675,0.097,0.37520000000000003
8899,laya-ml,en,D-lit,C,A,2,B,0,0,0.1342,0.1285,0.5720000000000001,0.5720000000000001,0.1285,0.5720000000000001,0.1342,0.1653
8906,laya-ml,en,D-lit,B,C,1,C,0,1,0.1213,0.8505,0.8505,0.8505,0.021500000000000002,0.1213,0.8505,0.0067
8913,laya-ml,en,D-lit,C,D,2,C,1,0,0.544,0.2082,0.544,0.544,0.1351,0.11270000000000001,0.544,0.2082
8920,laya-ml,en,D-lit,D,C,3,C,0,1,0.23900000000000002,0.4325,0.4325,0.4325,0.2432,0.0853,0.4325,0.23900000000000002
8922,laya-ml,en,D-lit,C,A,2,D,0,0,0.19890000000000002,0.2262,0.4848,0.4848,0.2262,0.0901,0.19890000000000002,0.4848
8929,laya-ml,en,D-lit,A,B,0,B,0,1,0.0828,0.4116,0.4116,0.4116,0.0828,0.4116,0.1258,0.3798
8930,laya-ml,en,D-lit,B,C,1,B,1,0,0.8572000000000001,0.06430000000000001,0.8572000000000001,0.8572000000000001,0.0227,0.8572000000000001,0.06430000000000001,0.0558
8934,laya-ml,en,D-lit,C,D,2,D,0,1,0.3665,0.5235000000000001,0.5235000000000001,0.5235000000000001,0.0835,0.026500000000000003,0.3665,0.5235000000000001
8936,laya-ml,en,D-lit,B,A,1,D,0,0,0.3282,0.09340000000000001,0.40340000000000004,0.40340000000000004,0.09340000000000001,0.3282,0.1749,0.40340000000000004
8938,laya-ml,en,D-lit,A,C,0,B,0,0,0.2978,0.2288,0.3164,0.3164,0.2978,0.3164,0.2288,0.15710000000000002
8939,laya-ml,en,D-lit,B,A,1,B,1,0,0.9903000000000001,0.0016,0.9903000000000001,0.9903000000000001,0.0016,0.9903000000000001,0.0032,0.0049
8941,laya-ml,en,D-lit,A,B,0,B,0,1,0.3346,0.47700000000000004,0.47700000000000004,0.47700000000000004,0.3346,0.47700000000000004,0.0796,0.10880000000000001
8942,laya-ml,en,D-lit,A,B,0,A,1,0,0.4208,0.1539,0.4208,0.4208,0.4208,0.1539,0.16970000000000002,0.2555
8943,laya-ml,en,D-lit,B,A,1,D,0,0,0.1504,0.2086,0.5595,0.5595,0.2086,0.1504,0.0816,0.5595
8946,laya-ml,en,D-lit,B,C,1,D,0,0,0.13190000000000002,0.1323,0.5346000000000001,0.5346000000000001,0.2011,0.13190000000000002,0.1323,0.5346000000000001
8949,laya-ml,en,D-lit,A,D,0,C,0,0,0.2107,0.2684,0.457,0.457,0.2107,0.0639,0.457,0.2684
8950,laya-ml,en,D-lit,A,D,0,D,0,1,0.1369,0.377,0.377,0.377,0.1369,0.31670000000000004,0.1695,0.377
8951,laya-ml,en,D-lit,B,D,1,D,0,1,0.0654,0.8017000000000001,0.8017000000000001,0.8017000000000001,0.016,0.0654,0.1169,0.8017000000000001
8952,laya-ml,en,D-lit,D,A,3,A,0,1,0.3367,0.3619,0.3619,0.3619,0.3619,0.089,0.2124,0.3367
8953,laya-ml,en,D-lit,A,B,0,B,0,1,0.0678,0.5888,0.5888,0.5888,0.0678,0.5888,0.08420000000000001,0.2592
8957,laya-ml,en,D-lit,C,B,2,B,0,1,0.0896,0.7327,0.7327,0.7327,0.0801,0.7327,0.0896,0.0975
8968,laya-ml,en,D-lit,A,C,0,C,0,1,0.2204,0.5433,0.5433,0.5433,0.2204,0.07690000000000001,0.5433,0.15940000000000001
8969,laya-ml,en,D-lit,B,A,1,C,0,0,0.12240000000000001,0.1258,0.5995,0.5995,0.1258,0.12240000000000001,0.5995,0.1522
8971,laya-ml,en,D-lit,C,B,2,C,1,0,0.9751000000000001,0.0048000000000000004,0.9751000000000001,0.9751000000000001,0.003,0.0048000000000000004,0.9751000000000001,0.0171
8973,laya-ml,en,D-lit,D,B,3,C,0,0,0.17320000000000002,0.2146,0.4385,0.4385,0.1738,0.2146,0.4385,0.17320000000000002
8974,laya-ml,en,D-lit,C,B,2,D,0,0,0.25670000000000004,0.2655,0.28450000000000003,0.28450000000000003,0.1932,0.2655,0.25670000000000004,0.28450000000000003
8977,laya-ml,en,D-lit,D,C,3,D,1,0,0.38,0.33690000000000003,0.38,0.38,0.1441,0.139,0.33690000000000003,0.38
8979,laya-ml,en,D-lit,A,B,0,D,0,0,0.0712,0.20370000000000002,0.709,0.709,0.0712,0.20370000000000002,0.0161,0.709
8985,laya-ml,en,D-lit,A,D,0,D,0,1,0.1693,0.6938000000000001,0.6938000000000001,0.6938000000000001,0.1693,0.075,0.0618,0.6938000000000001
8999,laya-ml,en,D-lit,B,A,1,B,1,0,0.8606,0.057300000000000004,0.8606,0.8606,0.057300000000000004,0.8606,0.0035,0.0786
9000,laya-ml,en,D-lit,A,D,0,D,0,1,0.277,0.6244000000000001,0.6244000000000001,0.6244000000000001,0.277,0.030100000000000002,0.0685,0.6244000000000001
9001,laya-ml,en,D-lit,A,B,0,A,1,0,0.7507,0.1894,0.7507,0.7507,0.7507,0.1894,0.010700000000000001,0.049100000000000005
9002,laya-ml,en,D-lit,C,D,2,B,0,0,0.2616,0.2112,0.4098,0.4098,0.1174,0.4098,0.2616,0.2112
9003,laya-ml,en,D-lit,C,D,2,D,0,1,0.1905,0.7207,0.7207,0.7207,0.0252,0.0636,0.1905,0.7207
9004,laya-ml,en,D-lit,C,D,2,C,1,0,0.8132,0.047400000000000005,0.8132,0.8132,0.1096,0.0298,0.8132,0.047400000000000005
9009,laya-ml,en,D-lit,A,D,0,A,1,0,0.48360000000000003,0.23900000000000002,0.48360000000000003,0.48360000000000003,0.48360000000000003,0.051000000000000004,0.2265,0.23900000000000002
9011,laya-ml,en,D-lit,D,C,3,C,0,1,0.1136,0.5891000000000001,0.5891000000000001,0.5891000000000001,0.0887,0.2086,0.5891000000000001,0.1136
9012,laya-ml,en,D-lit,B,C,1,C,0,1,0.067,0.8419000000000001,0.8419000000000001,0.8419000000000001,0.0189,0.067,0.8419000000000001,0.0722
9022,laya-ml,en,D-lit,C,B,2,D,0,0,0.14400000000000002,0.1467,0.4037,0.4037,0.3055,0.1467,0.14400000000000002,0.4037
9023,laya-ml,en,D-lit,A,D,0,B,0,0,0.1748,0.1613,0.36510000000000004,0.36510000000000004,0.1748,0.36510000000000004,0.2988,0.1613
9024,laya-ml,en,D-lit,A,D,0,C,0,0,0.0099,0.0115,0.9693,0.9693,0.0099,0.009300000000000001,0.9693,0.0115
9026,laya-ml,en,D-lit,B,A,1,A,0,1,0.0737,0.7513000000000001,0.7513000000000001,0.7513000000000001,0.7513000000000001,0.0737,0.1107,0.0644
9029,laya-ml,en,D-lit,D,A,3,C,0,0,0.105,0.3053,0.4418,0.4418,0.3053,0.14780000000000001,0.4418,0.105
9032,laya-ml,en,D-lit,B,C,1,C,0,1,0.09240000000000001,0.7955,0.7955,0.7955,0.061900000000000004,0.09240000000000001,0.7955,0.050100000000000006
9039,laya-ml,en,D-lit,D,A,3,A,0,1,0.0011,0.9966,0.9966,0.9966,0.9966,0.002,0.00030000000000000003,0.0011
9041,laya-ml,en,D-lit,A,C,0,C,0,1,0.4042,0.5541,0.5541,0.5541,0.4042,0.032600000000000004,0.5541,0.0091
9049,laya-ml,en,D-lit,D,A,3,A,0,1,0.093,0.9014000000000001,0.9014000000000001,0.9014000000000001,0.9014000000000001,0.0038,0.0018000000000000002,0.093
9052,laya-ml,en,D-lit,B,C,1,B,1,0,0.6124,0.18810000000000002,0.6124,0.6124,0.0801,0.6124,0.18810000000000002,0.1194
9054,laya-ml,en,D-lit,B,A,1,B,1,0,0.8214,0.0698,0.8214,0.8214,0.0698,0.8214,0.0747,0.0341
9057,laya-ml,en,D-lit,B,C,1,B,1,0,0.4572,0.25220000000000004,0.4572,0.4572,0.1441,0.4572,0.25220000000000004,0.14650000000000002
9058,laya-ml,en,D-lit,C,A,2,C,1,0,0.5034000000000001,0.2499,0.5034000000000001,0.5034000000000001,0.2499,0.0492,0.5034000000000001,0.1975
9059,laya-ml,en,D-lit,B,A,1,C,0,0,0.2926,0.2462,0.3236,0.3236,0.2462,0.2926,0.3236,0.13770000000000002
9060,laya-ml,en,D-lit,C,D,2,C,1,0,0.8185,0.049300000000000004,0.8185,0.8185,0.0221,0.1101,0.8185,0.049300000000000004
9062,laya-ml,en,D-lit,B,A,1,B,1,0,0.7254,0.1598,0.7254,0.7254,0.1598,0.7254,0.0459,0.0689
9063,laya-ml,en,D-lit,D,B,3,B,0,1,0.20770000000000002,0.4843,0.4843,0.4843,0.0634,0.4843,0.2447,0.20770000000000002
9073,laya-ml,en,D-lit,D,A,3,A,0,1,0.31720000000000004,0.4328,0.4328,0.4328,0.4328,0.1131,0.1369,0.31720000000000004
9076,laya-ml,en,D-lit,B,A,1,C,0,0,0.0442,0.09860000000000001,0.721,0.721,0.09860000000000001,0.0442,0.721,0.13620000000000002
9077,laya-ml,en,D-lit,A,D,0,D,0,1,0.2664,0.2813,0.2813,0.2813,0.2664,0.2038,0.2484,0.2813
9086,laya-ml,en,D-lit,B,A,1,A,0,1,0.0523,0.8353,0.8353,0.8353,0.8353,0.0523,0.0551,0.057300000000000004
9090,laya-ml,en,D-lit,C,D,2,C,1,0,0.3487,0.1865,0.3487,0.3487,0.281,0.18380000000000002,0.3487,0.1865
9091,laya-ml,en,D-lit,A,D,0,A,1,0,0.6904,0.23020000000000002,0.6904,0.6904,0.6904,0.048,0.031400000000000004,0.23020000000000002
9109,laya-ml,en,D-lit,C,B,2,A,0,0,0.1898,0.2995,0.37310000000000004,0.37310000000000004,0.37310000000000004,0.2995,0.1898,0.1375
9113,laya-ml,en,D-lit,A,C,0,A,1,0,0.669,0.2247,0.669,0.669,0.669,0.0568,0.2247,0.0495
9116,laya-ml,en,D-lit,B,D,1,B,1,0,0.35850000000000004,0.2579,0.35850000000000004,0.35850000000000004,0.1804,0.35850000000000004,0.20320000000000002,0.2579
9122,laya-ml,en,D-lit,D,A,3,A,0,1,0.057,0.4168,0.4168,0.4168,0.4168,0.2765,0.2497,0.057
9129,laya-ml,en,D-lit,D,B,3,D,1,0,0.7241000000000001,0.10350000000000001,0.7241000000000001,0.7241000000000001,0.1004,0.10350000000000001,0.07200000000000001,0.7241000000000001
9131,laya-ml,en,D-lit,C,A,2,B,0,0,0.232,0.2245,0.5182,0.5182,0.2245,0.5182,0.232,0.025400000000000002
9134,laya-ml,en,D-lit,A,C,0,C,0,1,0.2635,0.2872,0.2872,0.2872,0.2635,0.2056,0.2872,0.2437
9137,laya-ml,en,D-lit,B,D,1,B,1,0,0.6595000000000001,0.10020000000000001,0.6595000000000001,0.6595000000000001,0.1521,0.6595000000000001,0.0882,0.10020000000000001
9141,laya-ml,en,D-lit,C,A,2,C,1,0,0.7747,0.0952,0.7747,0.7747,0.0952,0.0106,0.7747,0.11950000000000001
9142,laya-ml,en,D-lit,B,C,1,D,0,0,0.1841,0.1379,0.35350000000000004,0.35350000000000004,0.3244,0.1841,0.1379,0.35350000000000004
9145,laya-ml,en,D-lit,B,A,1,A,0,1,0.1106,0.5511,0.5511,0.5511,0.5511,0.1106,0.08,0.25830000000000003
9147,laya-ml,en,D-lit,C,D,2,C,1,0,0.662,0.2238,0.662,0.662,0.0625,0.0517,0.662,0.2238
9148,laya-ml,en,D-lit,B,D,1,B,1,0,0.8160000000000001,0.037,0.8160000000000001,0.8160000000000001,0.0358,0.8160000000000001,0.11120000000000001,0.037
9154,laya-ml,en,D-lit,D,C,3,D,1,0,0.5226000000000001,0.4287,0.5226000000000001,0.5226000000000001,0.0346,0.014,0.4287,0.5226000000000001
9155,laya-ml,en,D-lit,D,A,3,A,0,1,0.15610000000000002,0.8101,0.8101,0.8101,0.8101,0.0176,0.0162,0.15610000000000002
9157,laya-ml,en,D-lit,B,A,1,B,1,0,0.48910000000000003,0.2962,0.48910000000000003,0.48910000000000003,0.2962,0.48910000000000003,0.049,0.16570000000000001
9159,laya-ml,en,D-lit,C,D,2,B,0,0,0.0891,0.33630000000000004,0.4712,0.4712,0.1034,0.4712,0.0891,0.33630000000000004
9160,laya-ml,en,D-lit,C,D,2,C,1,0,0.9471,0.0159,0.9471,0.9471,0.0105,0.0264,0.9471,0.0159
9162,laya-ml,en,D-lit,C,A,2,A,0,1,0.3004,0.343,0.343,0.343,0.343,0.097,0.3004,0.2596
9163,laya-ml,en,D-lit,D,A,3,D,1,0,0.5857,0.1575,0.5857,0.5857,0.1575,0.074,0.18280000000000002,0.5857
9164,laya-ml,en,D-lit,A,C,0,D,0,0,0.1071,0.1953,0.6715,0.6715,0.1071,0.026000000000000002,0.1953,0.6715
9166,laya-ml,en,D-lit,B,C,1,B,1,0,0.31720000000000004,0.24810000000000001,0.31720000000000004,0.31720000000000004,0.14070000000000002,0.31720000000000004,0.24810000000000001,0.294
9173,laya-ml,en,D-lit,C,D,2,C,1,0,0.6915,0.082,0.6915,0.6915,0.08660000000000001,0.1398,0.6915,0.082
9175,laya-ml,en,D-lit,B,C,1,D,0,0,0.19,0.21030000000000001,0.48460000000000003,0.48460000000000003,0.11510000000000001,0.19,0.21030000000000001,0.48460000000000003
9176,laya-ml,en,D-lit,C,D,2,A,0,0,0.0323,0.1462,0.7923,0.7923,0.7923,0.0292,0.0323,0.1462
9191,laya-ml,en,D-lit,A,C,0,C,0,1,0.0029000000000000002,0.9774,0.9774,0.9774,0.0029000000000000002,0.005200000000000001,0.9774,0.0145
9192,laya-ml,en,D-lit,D,B,3,D,1,0,0.6488,0.1766,0.6488,0.6488,0.06960000000000001,0.1766,0.105,0.6488
9194,laya-ml,en,D-lit,A,D,0,A,1,0,0.7343000000000001,0.1704,0.7343000000000001,0.7343000000000001,0.7343000000000001,0.041600000000000005,0.0538,0.1704
9196,laya-ml,en,D-lit,B,C,1,B,1,0,0.49160000000000004,0.234,0.49160000000000004,0.49160000000000004,0.2129,0.49160000000000004,0.234,0.061500000000000006
9211,laya-ml,en,D-lit,B,A,1,B,1,0,0.7211000000000001,0.1268,0.7211000000000001,0.7211000000000001,0.1268,0.7211000000000001,0.029,0.1231
9212,laya-ml,en,D-lit,B,A,1,D,0,0,0.2059,0.1862,0.46730000000000005,0.46730000000000005,0.1862,0.2059,0.1406,0.46730000000000005
9215,laya-ml,en,D-lit,A,C,0,C,0,1,0.32070000000000004,0.4496,0.4496,0.4496,0.32070000000000004,0.13240000000000002,0.4496,0.09730000000000001
9216,laya-ml,en,D-lit,B,A,1,B,1,0,0.7205,0.2094,0.7205,0.7205,0.2094,0.7205,0.0219,0.0482
9218,laya-ml,en,D-lit,D,A,3,D,1,0,0.33480000000000004,0.19390000000000002,0.33480000000000004,0.33480000000000004,0.19390000000000002,0.3302,0.1411,0.33480000000000004
9224,laya-ml,en,D-lit,A,D,0,A,1,0,0.8212,0.1285,0.8212,0.8212,0.8212,0.015,0.035300000000000005,0.1285
9226,laya-ml,en,D-lit,C,D,2,A,0,0,0.13570000000000002,0.2747,0.4193,0.4193,0.4193,0.1703,0.13570000000000002,0.2747
9237,laya-ml,en,D-lit,A,B,0,A,1,0,0.5523,0.0533,0.5523,0.5523,0.5523,0.0533,0.3378,0.056600000000000004
9244,laya-ml,en,D-lit,D,B,3,D,1,0,0.6374000000000001,0.14100000000000001,0.6374000000000001,0.6374000000000001,0.10160000000000001,0.14100000000000001,0.12,0.6374000000000001
9245,laya-ml,en,D-lit,B,D,1,B,1,0,0.3529,0.1544,0.3529,0.3529,0.3403,0.3529,0.1524,0.1544
9249,laya-ml,en,D-lit,B,D,1,B,1,0,0.4324,0.2705,0.4324,0.4324,0.2858,0.4324,0.011300000000000001,0.2705
9256,laya-ml,en,D-lit,B,A,1,D,0,0,0.1325,0.02,0.7882,0.7882,0.02,0.1325,0.059300000000000005,0.7882
9258,laya-ml,en,D-lit,B,C,1,B,1,0,0.48610000000000003,0.36960000000000004,0.48610000000000003,0.48610000000000003,0.061700000000000005,0.48610000000000003,0.36960000000000004,0.08270000000000001
9266,laya-ml,en,D-lit,A,D,0,C,0,0,0.1699,0.2604,0.3119,0.3119,0.1699,0.25780000000000003,0.3119,0.2604
9267,laya-ml,en,D-lit,C,B,2,C,1,0,0.49570000000000003,0.3024,0.49570000000000003,0.49570000000000003,0.113,0.3024,0.49570000000000003,0.0889
9268,laya-ml,en,D-lit,D,C,3,C,0,1,0.1945,0.47600000000000003,0.47600000000000003,0.47600000000000003,0.2159,0.1136,0.47600000000000003,0.1945
9273,laya-ml,en,D-lit,C,B,2,B,0,1,0.0855,0.6045,0.6045,0.6045,0.1605,0.6045,0.0855,0.1494
9274,laya-ml,en,D-lit,B,A,1,B,1,0,0.6312,0.2398,0.6312,0.6312,0.2398,0.6312,0.0763,0.052700000000000004
9275,laya-ml,en,D-lit,A,C,0,A,1,0,0.46540000000000004,0.43060000000000004,0.46540000000000004,0.46540000000000004,0.46540000000000004,0.0882,0.43060000000000004,0.0158
9282,laya-ml,en,D-lit,A,C,0,A,1,0,0.3219,0.24930000000000002,0.3219,0.3219,0.3219,0.17170000000000002,0.24930000000000002,0.2571
9285,laya-ml,en,D-lit,C,D,2,C,1,0,0.6166,0.23550000000000001,0.6166,0.6166,0.0868,0.0611,0.6166,0.23550000000000001
9286,laya-ml,en,D-lit,A,D,0,C,0,0,0.0206,0.0419,0.6669,0.6669,0.0206,0.2705,0.6669,0.0419
9287,laya-ml,en,D-lit,B,A,1,D,0,0,0.1923,0.1028,0.5692,0.5692,0.1028,0.1923,0.13570000000000002,0.5692
9288,laya-ml,en,D-lit,B,A,1,A,0,1,0.3755,0.48510000000000003,0.48510000000000003,0.48510000000000003,0.48510000000000003,0.3755,0.06910000000000001,0.0703
9290,laya-ml,en,D-lit,D,B,3,D,1,0,0.3985,0.22610000000000002,0.3985,0.3985,0.16820000000000002,0.22610000000000002,0.2073,0.3985
9291,laya-ml,en,D-lit,D,C,3,C,0,1,0.035,0.5358,0.5358,0.5358,0.33590000000000003,0.09330000000000001,0.5358,0.035
9292,laya-ml,en,D-lit,A,C,0,C,0,1,0.084,0.5021,0.5021,0.5021,0.084,0.2902,0.5021,0.1237
9293,laya-ml,en,D-lit,A,D,0,D,0,1,0.21330000000000002,0.4526,0.4526,0.4526,0.21330000000000002,0.18460000000000001,0.1495,0.4526
9294,laya-ml,en,D-lit,A,C,0,C,0,1,0.1621,0.6423,0.6423,0.6423,0.1621,0.1376,0.6423,0.0579
9296,laya-ml,en,D-lit,D,B,3,D,1,0,0.9488000000000001,0.0175,0.9488000000000001,0.9488000000000001,0.0179,0.0175,0.0158,0.9488000000000001
9297,laya-ml,en,D-lit,D,B,3,B,0,1,0.2162,0.6439,0.6439,0.6439,0.07980000000000001,0.6439,0.0601,0.2162
9298,laya-ml,en,D-lit,B,D,1,B,1,0,0.5205000000000001,0.2811,0.5205000000000001,0.5205000000000001,0.10690000000000001,0.5205000000000001,0.0915,0.2811
9301,laya-ml,en,D-lit,A,B,0,B,0,1,0.22760000000000002,0.5498000000000001,0.5498000000000001,0.5498000000000001,0.22760000000000002,0.5498000000000001,0.13290000000000002,0.0896
9302,laya-ml,en,D-lit,A,C,0,D,0,0,0.152,0.1492,0.5106,0.5106,0.152,0.1882,0.1492,0.5106
9305,laya-ml,en,D-lit,A,C,0,D,0,0,0.10490000000000001,0.21730000000000002,0.5137,0.5137,0.10490000000000001,0.1641,0.21730000000000002,0.5137
9307,laya-ml,en,D-lit,C,A,2,C,1,0,0.6053000000000001,0.2039,0.6053000000000001,0.6053000000000001,0.2039,0.1434,0.6053000000000001,0.047400000000000005
9308,laya-ml,en,D-lit,D,A,3,C,0,0,0.2863,0.12240000000000001,0.3682,0.3682,0.12240000000000001,0.22310000000000002,0.3682,0.2863
9316,laya-ml,en,D-lit,B,D,1,C,0,0,0.1448,0.121,0.4521,0.4521,0.2821,0.1448,0.4521,0.121
9320,laya-ml,en,D-lit,A,D,0,A,1,0,0.7352000000000001,0.18730000000000002,0.7352000000000001,0.7352000000000001,0.7352000000000001,0.020300000000000002,0.057300000000000004,0.18730000000000002
9321,laya-ml,en,D-lit,C,B,2,B,0,1,0.3109,0.6034,0.6034,0.6034,0.0236,0.6034,0.3109,0.0621
9322,laya-ml,en,D-lit,C,D,2,C,1,0,0.32880000000000004,0.11720000000000001,0.32880000000000004,0.32880000000000004,0.2529,0.30110000000000003,0.32880000000000004,0.11720000000000001
9330,laya-ml,en,D-lit,B,D,1,D,0,1,0.1325,0.6888000000000001,0.6888000000000001,0.6888000000000001,0.10160000000000001,0.1325,0.0771,0.6888000000000001
9332,laya-ml,en,D-lit,C,A,2,C,1,0,0.7773,0.12510000000000002,0.7773,0.7773,0.12510000000000002,0.056600000000000004,0.7773,0.0409
9333,laya-ml,en,D-lit,D,C,3,C,0,1,0.1789,0.6925,0.6925,0.6925,0.0731,0.0555,0.6925,0.1789
9334,laya-ml,en,D-lit,D,B,3,D,1,0,0.46240000000000003,0.2242,0.46240000000000003,0.46240000000000003,0.13340000000000002,0.2242,0.18,0.46240000000000003
9335,laya-ml,en,D-lit,C,B,2,B,0,1,0.0131,0.9252,0.9252,0.9252,0.0358,0.9252,0.0131,0.0258
9336,laya-ml,en,D-lit,D,B,3,B,0,1,0.2018,0.5584,0.5584,0.5584,0.1403,0.5584,0.0994,0.2018
9338,laya-ml,en,D-lit,D,A,3,A,0,1,0.31870000000000004,0.4867,0.4867,0.4867,0.4867,0.1695,0.0251,0.31870000000000004
9339,laya-ml,en,D-lit,B,A,1,D,0,0,0.0703,0.0639,0.4632,0.4632,0.0639,0.0703,0.4026,0.4632
9340,laya-ml,en,D-lit,D,A,3,B,0,0,0.2462,0.2398,0.2657,0.2657,0.2398,0.2657,0.2482,0.2462
9342,laya-ml,en,D-lit,B,D,1,D,0,1,0.259,0.45520000000000005,0.45520000000000005,0.45520000000000005,0.11960000000000001,0.259,0.16620000000000001,0.45520000000000005
9344,laya-ml,en,D-lit,C,D,2,B,0,0,0.24280000000000002,0.2351,0.4259,0.4259,0.09620000000000001,0.4259,0.24280000000000002,0.2351
9345,laya-ml,en,D-lit,C,D,2,D,0,1,0.0514,0.894,0.894,0.894,0.0175,0.0371,0.0514,0.894
9346,laya-ml,en,D-lit,C,B,2,B,0,1,0.0898,0.6296,0.6296,0.6296,0.10200000000000001,0.6296,0.0898,0.1786
9351,laya-ml,en,D-lit,C,D,2,A,0,0,0.1467,0.122,0.39740000000000003,0.39740000000000003,0.39740000000000003,0.33380000000000004,0.1467,0.122
9353,laya-ml,en,D-lit,D,A,3,D,1,0,0.7087,0.2551,0.7087,0.7087,0.2551,0.0114,0.024800000000000003,0.7087
9359,laya-ml,en,D-lit,C,D,2,C,1,0,0.8752000000000001,0.040100000000000004,0.8752000000000001,0.8752000000000001,0.0222,0.0625,0.8752000000000001,0.040100000000000004
9361,laya-ml,en,D-lit,A,D,0,A,1,0,0.6015,0.0709,0.6015,0.6015,0.6015,0.0931,0.2346,0.0709
9362,laya-ml,en,D-lit,D,C,3,C,0,1,0.1078,0.5244,0.5244,0.5244,0.1549,0.2129,0.5244,0.1078
9364,laya-ml,en,D-lit,B,D,1,C,0,0,0.151,0.09290000000000001,0.6905,0.6905,0.0655,0.151,0.6905,0.09290000000000001
9365,laya-ml,en,D-lit,A,C,0,A,1,0,0.38420000000000004,0.1821,0.38420000000000004,0.38420000000000004,0.38420000000000004,0.133,0.1821,0.3008
9366,laya-ml,en,D-lit,A,D,0,A,1,0,0.8351000000000001,0.1267,0.8351000000000001,0.8351000000000001,0.8351000000000001,0.0189,0.0194,0.1267
9368,laya-ml,en,D-lit,D,A,3,A,0,1,0.2485,0.5049,0.5049,0.5049,0.5049,0.1768,0.0697,0.2485
9369,laya-ml,en,D-lit,C,A,2,C,1,0,0.3683,0.1253,0.3683,0.3683,0.1253,0.2139,0.3683,0.29250000000000004
9370,laya-ml,en,D-lit,D,A,3,D,1,0,0.3521,0.33840000000000003,0.3521,0.3521,0.33840000000000003,0.2151,0.09430000000000001,0.3521
9371,laya-ml,en,D-lit,B,D,1,D,0,1,0.1773,0.462,0.462,0.462,0.1336,0.1773,0.227,0.462
9372,laya-ml,en,D-lit,B,C,1,A,0,0,0.146,0.1898,0.432,0.432,0.432,0.146,0.1898,0.2321
9373,laya-ml,en,D-lit,B,D,1,D,0,1,0.37020000000000003,0.5534,0.5534,0.5534,0.0476,0.37020000000000003,0.028800000000000003,0.5534
9375,laya-ml,en,D-lit,A,B,0,B,0,1,0.1973,0.46490000000000004,0.46490000000000004,0.46490000000000004,0.1973,0.46490000000000004,0.0922,0.2456
9376,laya-ml,en,D-lit,B,D,1,D,0,1,0.24580000000000002,0.5293,0.5293,0.5293,0.1588,0.24580000000000002,0.0661,0.5293
9378,laya-ml,en,D-lit,D,A,3,D,1,0,0.7001000000000001,0.2645,0.7001000000000001,0.7001000000000001,0.2645,0.0099,0.025500000000000002,0.7001000000000001
9379,laya-ml,en,D-lit,A,B,0,A,1,0,0.5747,0.3758,0.5747,0.5747,0.5747,0.3758,0.0145,0.035
9381,laya-ml,en,D-lit,D,C,3,D,1,0,0.3457,0.22030000000000002,0.3457,0.3457,0.2936,0.1404,0.22030000000000002,0.3457
9387,laya-ml,en,D-lit,A,C,0,C,0,1,0.0745,0.8417,0.8417,0.8417,0.0745,0.0373,0.8417,0.0465
9388,laya-ml,en,D-lit,D,B,3,D,1,0,0.5862,0.3252,0.5862,0.5862,0.0205,0.3252,0.0682,0.5862
9395,laya-ml,en,D-lit,C,B,2,A,0,0,0.2112,0.2751,0.37170000000000003,0.37170000000000003,0.37170000000000003,0.2751,0.2112,0.14200000000000002
9400,laya-ml,en,D-lit,A,B,0,A,1,0,0.4662,0.136,0.4662,0.4662,0.4662,0.136,0.246,0.1519
9403,laya-ml,en,D-lit,A,D,0,D,0,1,0.20020000000000002,0.3261,0.3261,0.3261,0.20020000000000002,0.22240000000000001,0.2514,0.3261
9404,laya-ml,en,D-lit,D,B,3,C,0,0,0.3239,0.2164,0.37,0.37,0.0898,0.2164,0.37,0.3239
9412,laya-ml,en,D-lit,D,C,3,C,0,1,0.13540000000000002,0.7401,0.7401,0.7401,0.0669,0.057600000000000005,0.7401,0.13540000000000002
9414,laya-ml,en,D-lit,C,A,2,C,1,0,0.664,0.0762,0.664,0.664,0.0762,0.10010000000000001,0.664,0.1597
9415,laya-ml,en,D-lit,B,A,1,B,1,0,0.7293000000000001,0.0969,0.7293000000000001,0.7293000000000001,0.0969,0.7293000000000001,0.0719,0.1018
9417,laya-ml,en,D-lit,D,A,3,A,0,1,0.0621,0.9123,0.9123,0.9123,0.9123,0.022,0.0036000000000000003,0.0621
9421,laya-ml,en,D-lit,D,B,3,B,0,1,0.30970000000000003,0.3643,0.3643,0.3643,0.10450000000000001,0.3643,0.2215,0.30970000000000003
9422,laya-ml,en,D-lit,C,D,2,C,1,0,0.5579000000000001,0.37020000000000003,0.5579000000000001,0.5579000000000001,0.0198,0.0521,0.5579000000000001,0.37020000000000003
9424,laya-ml,en,D-lit,C,B,2,C,1,0,0.40840000000000004,0.2086,0.40840000000000004,0.40840000000000004,0.12990000000000002,0.2086,0.40840000000000004,0.2531
9425,laya-ml,en,D-lit,C,D,2,C,1,0,0.4781,0.1356,0.4781,0.4781,0.2439,0.1424,0.4781,0.1356
9427,laya-ml,en,D-lit,C,A,2,C,1,0,0.9995,0.0001,0.9995,0.9995,0.0001,0.0002,0.9995,0.0002
9429,laya-ml,en,D-lit,D,C,3,A,0,0,0.1275,0.0238,0.6375000000000001,0.6375000000000001,0.6375000000000001,0.2112,0.0238,0.1275
9439,laya-ml,en,D-lit,D,A,3,C,0,0,0.24280000000000002,0.25670000000000004,0.4339,0.4339,0.25670000000000004,0.0666,0.4339,0.24280000000000002
9440,laya-ml,en,D-lit,A,D,0,B,0,0,0.3073,0.2838,0.3687,0.3687,0.3073,0.3687,0.0402,0.2838
9442,laya-ml,en,D-lit,C,A,2,A,0,1,0.0043,0.9924000000000001,0.9924000000000001,0.9924000000000001,0.9924000000000001,0.002,0.0043,0.0013000000000000002
9443,laya-ml,en,D-lit,D,B,3,B,0,1,0.0223,0.9546,0.9546,0.9546,0.0143,0.9546,0.0088,0.0223
9444,laya-ml,en,D-lit,B,D,1,B,1,0,0.34790000000000004,0.15910000000000002,0.34790000000000004,0.34790000000000004,0.27990000000000004,0.34790000000000004,0.2132,0.15910000000000002
9453,laya-ml,en,D-lit,B,C,1,C,0,1,0.1937,0.4051,0.4051,0.4051,0.1816,0.1937,0.4051,0.21960000000000002
9455,laya-ml,en,D-lit,A,C,0,A,1,0,0.9055000000000001,0.0074,0.9055000000000001,0.9055000000000001,0.9055000000000001,0.0142,0.0074,0.0729
9457,laya-ml,en,D-lit,D,A,3,C,0,0,0.14550000000000002,0.33030000000000004,0.38930000000000003,0.38930000000000003,0.33030000000000004,0.1348,0.38930000000000003,0.14550000000000002
9458,laya-ml,en,D-lit,A,C,0,A,1,0,0.5483,0.2034,0.5483,0.5483,0.5483,0.1053,0.2034,0.14300000000000002
9461,laya-ml,en,D-lit,B,D,1,D,0,1,0.2379,0.604,0.604,0.604,0.1466,0.2379,0.0114,0.604
9462,laya-ml,en,D-lit,D,A,3,D,1,0,0.7123,0.2777,0.7123,0.7123,0.2777,0.0044,0.0056,0.7123
9463,laya-ml,en,D-lit,A,B,0,A,1,0,0.37160000000000004,0.15180000000000002,0.37160000000000004,0.37160000000000004,0.37160000000000004,0.15180000000000002,0.2182,0.2584
9466,laya-ml,en,D-lit,A,C,0,C,0,1,0.1466,0.8444,0.8444,0.8444,0.1466,0.005200000000000001,0.8444,0.0038
9467,laya-ml,en,D-lit,C,D,2,C,1,0,0.6067,0.1907,0.6067,0.6067,0.1335,0.06910000000000001,0.6067,0.1907
9468,laya-ml,en,D-lit,B,C,1,C,0,1,0.1595,0.43160000000000004,0.43160000000000004,0.43160000000000004,0.2849,0.1595,0.43160000000000004,0.124
9470,laya-ml,en,D-lit,B,D,1,B,1,0,0.3831,0.2323,0.3831,0.3831,0.31720000000000004,0.3831,0.0674,0.2323
9472,laya-ml,en,D-lit,A,D,0,A,1,0,0.5241,0.1877,0.5241,0.5241,0.5241,0.037700000000000004,0.2505,0.1877
9473,laya-ml,en,D-lit,D,C,3,C,0,1,0.0196,0.6376000000000001,0.6376000000000001,0.6376000000000001,0.33380000000000004,0.0091,0.6376000000000001,0.0196
9474,laya-ml,en,D-lit,B,A,1,A,0,1,0.0085,0.9508000000000001,0.9508000000000001,0.9508000000000001,0.9508000000000001,0.0085,0.0073,0.0334
9478,laya-ml,en,D-lit,B,D,1,B,1,0,0.9187000000000001,0.0698,0.9187000000000001,0.9187000000000001,0.0017000000000000001,0.9187000000000001,0.0098,0.0698
9482,laya-ml,en,D-lit,D,A,3,B,0,0,0.3129,0.1589,0.447,0.447,0.1589,0.447,0.08120000000000001,0.3129
9483,laya-ml,en,D-lit,B,A,1,D,0,0,0.2474,0.2288,0.27090000000000003,0.27090000000000003,0.2288,0.2474,0.253,0.27090000000000003
9490,laya-ml,en,D-lit,A,C,0,C,0,1,0.2511,0.5522,0.5522,0.5522,0.2511,0.0383,0.5522,0.1584
9495,laya-ml,en,D-lit,A,C,0,A,1,0,0.6064,0.16920000000000002,0.6064,0.6064,0.6064,0.0244,0.16920000000000002,0.2
9496,laya-ml,en,D-lit,C,B,2,B,0,1,0.3425,0.5171,0.5171,0.5171,0.0488,0.5171,0.3425,0.0915
9499,laya-ml,en,D-lit,C,B,2,C,1,0,0.8206,0.10990000000000001,0.8206,0.8206,0.031200000000000002,0.10990000000000001,0.8206,0.0383
9501,laya-ml,en,D-lit,A,B,0,B,0,1,0.012,0.9783000000000001,0.9783000000000001,0.9783000000000001,0.012,0.9783000000000001,0.0036000000000000003,0.0061
9502,laya-ml,en,D-lit,C,D,2,C,1,0,0.6116,0.3307,0.6116,0.6116,0.0461,0.011600000000000001,0.6116,0.3307
9503,laya-ml,en,D-lit,B,D,1,D,0,1,0.2495,0.4424,0.4424,0.4424,0.0998,0.2495,0.2083,0.4424
9505,laya-ml,en,D-lit,C,A,2,A,0,1,0.23620000000000002,0.5436,0.5436,0.5436,0.5436,0.060200000000000004,0.23620000000000002,0.16
9507,laya-ml,en,D-lit,C,A,2,A,0,1,0.21380000000000002,0.5675,0.5675,0.5675,0.5675,0.0263,0.21380000000000002,0.1923
9509,laya-ml,en,D-lit,C,B,2,A,0,0,0.315,0.1585,0.4884,0.4884,0.4884,0.1585,0.315,0.0381
9510,laya-ml,en,D-lit,C,B,2,B,0,1,0.0007,0.9976,0.9976,0.9976,0.0007,0.9976,0.0007,0.001
9513,laya-ml,en,D-lit,B,D,1,C,0,0,0.1328,0.26230000000000003,0.4127,0.4127,0.19210000000000002,0.1328,0.4127,0.26230000000000003
9514,laya-ml,en,D-lit,C,A,2,C,1,0,0.8199000000000001,0.10790000000000001,0.8199000000000001,0.8199000000000001,0.10790000000000001,0.0217,0.8199000000000001,0.0505
9516,laya-ml,en,D-lit,A,C,0,C,0,1,0.1617,0.48510000000000003,0.48510000000000003,0.48510000000000003,0.1617,0.13970000000000002,0.48510000000000003,0.2136
9517,laya-ml,en,D-lit,C,D,2,C,1,0,0.4716,0.19010000000000002,0.4716,0.4716,0.0936,0.24480000000000002,0.4716,0.19010000000000002
9521,laya-ml,en,D-lit,A,D,0,D,0,1,0.46890000000000004,0.49820000000000003,0.49820000000000003,0.49820000000000003,0.46890000000000004,0.0074,0.025400000000000002,0.49820000000000003
9522,laya-ml,en,D-lit,B,D,1,B,1,0,0.44720000000000004,0.39780000000000004,0.44720000000000004,0.44720000000000004,0.1024,0.44720000000000004,0.0526,0.39780000000000004
9523,laya-ml,en,D-lit,D,C,3,C,0,1,0.2565,0.5409,0.5409,0.5409,0.064,0.1386,0.5409,0.2565
9531,laya-ml,en,D-lit,B,A,1,B,1,0,0.6198,0.2767,0.6198,0.6198,0.2767,0.6198,0.027,0.0765
9535,laya-ml,en,D-lit,D,B,3,B,0,1,0.1063,0.6434000000000001,0.6434000000000001,0.6434000000000001,0.1124,0.6434000000000001,0.1379,0.1063
9537,laya-ml,en,D-lit,D,A,3,A,0,1,0.07680000000000001,0.803,0.803,0.803,0.803,0.0519,0.0683,0.07680000000000001
9541,laya-ml,en,D-lit,A,B,0,D,0,0,0.3291,0.2233,0.37070000000000003,0.37070000000000003,0.3291,0.2233,0.07690000000000001,0.37070000000000003
9547,laya-ml,en,D-lit,B,C,1,B,1,0,0.6245,0.3027,0.6245,0.6245,0.0489,0.6245,0.3027,0.0238
9548,laya-ml,en,D-lit,B,D,1,B,1,0,0.7416,0.1206,0.7416,0.7416,0.0692,0.7416,0.0685,0.1206
9549,laya-ml,en,D-lit,B,D,1,D,0,1,0.4324,0.49010000000000004,0.49010000000000004,0.49010000000000004,0.034800000000000005,0.4324,0.0427,0.49010000000000004
9550,laya-ml,en,D-lit,B,C,1,B,1,0,0.7593000000000001,0.21880000000000002,0.7593000000000001,0.7593000000000001,0.011,0.7593000000000001,0.21880000000000002,0.0108
9551,laya-ml,en,D-lit,C,B,2,C,1,0,0.5634,0.1009,0.5634,0.5634,0.2023,0.1009,0.5634,0.1333
9552,laya-ml,en,D-lit,D,B,3,C,0,0,0.1905,0.3486,0.4302,0.4302,0.0307,0.3486,0.4302,0.1905
9553,laya-ml,en,D-lit,A,B,0,A,1,0,0.8942,0.0732,0.8942,0.8942,0.8942,0.0732,0.0108,0.0218
9566,laya-ml,en,D-lit,C,A,2,A,0,1,0.0785,0.39740000000000003,0.39740000000000003,0.39740000000000003,0.39740000000000003,0.3115,0.0785,0.2126
9568,laya-ml,en,D-lit,B,D,1,D,0,1,0.20980000000000001,0.6893,0.6893,0.6893,0.0375,0.20980000000000001,0.0634,0.6893
9569,laya-ml,en,D-lit,B,A,1,C,0,0,0.0627,0.3129,0.35150000000000003,0.35150000000000003,0.3129,0.0627,0.35150000000000003,0.27290000000000003
9570,laya-ml,en,D-lit,D,A,3,A,0,1,0.1404,0.5367000000000001,0.5367000000000001,0.5367000000000001,0.5367000000000001,0.1145,0.20850000000000002,0.1404
9580,laya-ml,en,D-lit,D,C,3,D,1,0,0.36410000000000003,0.2144,0.36410000000000003,0.36410000000000003,0.189,0.23240000000000002,0.2144,0.36410000000000003
9582,laya-ml,en,D-lit,B,A,1,B,1,0,0.3934,0.1761,0.3934,0.3934,0.1761,0.3934,0.34450000000000003,0.08610000000000001
9584,laya-ml,en,D-lit,C,D,2,C,1,0,0.49670000000000003,0.14070000000000002,0.49670000000000003,0.49670000000000003,0.1375,0.22510000000000002,0.49670000000000003,0.14070000000000002
9587,laya-ml,en,D-lit,B,C,1,B,1,0,0.36150000000000004,0.1416,0.36150000000000004,0.36150000000000004,0.2451,0.36150000000000004,0.1416,0.2519
9590,laya-ml,en,D-lit,B,C,1,B,1,0,0.5177,0.4164,0.5177,0.5177,0.0325,0.5177,0.4164,0.0334
9594,laya-ml,en,D-lit,B,D,1,D,0,1,0.1376,0.5377000000000001,0.5377000000000001,0.5377000000000001,0.13040000000000002,0.1376,0.1943,0.5377000000000001
9601,laya-ml,en,D-lit,C,D,2,C,1,0,0.789,0.0995,0.789,0.789,0.045700000000000005,0.0658,0.789,0.0995
9604,laya-ml,en,D-lit,B,A,1,A,0,1,0.1821,0.666,0.666,0.666,0.666,0.1821,0.0609,0.091
9607,laya-ml,en,D-lit,A,D,0,A,1,0,0.5381,0.17250000000000001,0.5381,0.5381,0.5381,0.0985,0.1908,0.17250000000000001
9616,laya-ml,en,D-lit,A,D,0,D,0,1,0.20420000000000002,0.5563,0.5563,0.5563,0.20420000000000002,0.12490000000000001,0.11460000000000001,0.5563
9618,laya-ml,en,D-lit,A,B,0,D,0,0,0.19110000000000002,0.2886,0.2938,0.2938,0.19110000000000002,0.2886,0.2265,0.2938
9623,laya-ml,en,D-lit,C,A,2,B,0,0,0.21810000000000002,0.2419,0.3547,0.3547,0.2419,0.3547,0.21810000000000002,0.1852
9624,laya-ml,en,D-lit,A,D,0,B,0,0,0.203,0.25570000000000004,0.41910000000000003,0.41910000000000003,0.203,0.41910000000000003,0.1222,0.25570000000000004
9625,laya-ml,en,D-lit,B,D,1,B,1,0,0.4052,0.1337,0.4052,0.4052,0.1859,0.4052,0.2752,0.1337
9628,laya-ml,en,D-lit,D,A,3,A,0,1,0.4117,0.46530000000000005,0.46530000000000005,0.46530000000000005,0.46530000000000005,0.0364,0.08650000000000001,0.4117
9630,laya-ml,en,D-lit,C,B,2,C,1,0,0.6266,0.1211,0.6266,0.6266,0.11330000000000001,0.1211,0.6266,0.139
9635,laya-ml,en,D-lit,C,D,2,C,1,0,0.7232000000000001,0.0511,0.7232000000000001,0.7232000000000001,0.14400000000000002,0.0816,0.7232000000000001,0.0511
9639,laya-ml,en,D-lit,A,D,0,D,0,1,0.2637,0.6656000000000001,0.6656000000000001,0.6656000000000001,0.2637,0.0262,0.044500000000000005,0.6656000000000001
9640,laya-ml,en,D-lit,A,C,0,C,0,1,0.1406,0.7209,0.7209,0.7209,0.1406,0.0835,0.7209,0.055
9647,laya-ml,en,D-lit,D,C,3,C,0,1,0.0724,0.6017,0.6017,0.6017,0.11170000000000001,0.2141,0.6017,0.0724
9648,laya-ml,en,D-lit,B,D,1,B,1,0,0.4797,0.179,0.4797,0.4797,0.0931,0.4797,0.2482,0.179
9649,laya-ml,en,D-lit,C,A,2,B,0,0,0.19870000000000002,0.1259,0.5258,0.5258,0.1259,0.5258,0.19870000000000002,0.1496
9654,laya-ml,en,D-lit,D,B,3,B,0,1,0.1081,0.8549,0.8549,0.8549,0.0238,0.8549,0.0132,0.1081
9659,laya-ml,en,D-lit,B,D,1,B,1,0,0.7423000000000001,0.153,0.7423000000000001,0.7423000000000001,0.0222,0.7423000000000001,0.0825,0.153
9661,laya-ml,en,D-lit,C,D,2,C,1,0,0.3529,0.1386,0.3529,0.3529,0.24680000000000002,0.2617,0.3529,0.1386
9663,laya-ml,en,D-lit,C,D,2,C,1,0,0.8668,0.1231,0.8668,0.8668,0.0029000000000000002,0.007200000000000001,0.8668,0.1231
9665,laya-ml,en,D-lit,A,B,0,B,0,1,0.31980000000000003,0.3539,0.3539,0.3539,0.31980000000000003,0.3539,0.18,0.1463
9667,laya-ml,en,D-lit,C,A,2,D,0,0,0.156,0.20980000000000001,0.5401,0.5401,0.20980000000000001,0.0941,0.156,0.5401
9669,laya-ml,en,D-lit,D,B,3,B,0,1,0.2369,0.4424,0.4424,0.4424,0.07730000000000001,0.4424,0.24350000000000002,0.2369
9677,laya-ml,en,D-lit,A,C,0,C,0,1,0.15510000000000002,0.6855,0.6855,0.6855,0.15510000000000002,0.1332,0.6855,0.0261
9682,laya-ml,en,D-lit,B,C,1,B,1,0,0.5161,0.3249,0.5161,0.5161,0.0879,0.5161,0.3249,0.0712
9684,laya-ml,en,D-lit,A,C,0,C,0,1,0.3653,0.5533,0.5533,0.5533,0.3653,0.0083,0.5533,0.0731
9685,laya-ml,en,D-lit,B,D,1,D,0,1,0.2343,0.3226,0.3226,0.3226,0.19870000000000002,0.2343,0.2444,0.3226
9687,laya-ml,en,D-lit,C,A,2,C,1,0,0.5461,0.30770000000000003,0.5461,0.5461,0.30770000000000003,0.0279,0.5461,0.1182
9690,laya-ml,en,D-lit,C,A,2,B,0,0,0.1966,0.0853,0.6852,0.6852,0.0853,0.6852,0.1966,0.033
9694,laya-ml,en,D-lit,C,B,2,C,1,0,0.9511000000000001,0.0316,0.9511000000000001,0.9511000000000001,0.0085,0.0316,0.9511000000000001,0.008700000000000001
9697,laya-ml,en,D-lit,A,C,0,C,0,1,0.3657,0.4162,0.4162,0.4162,0.3657,0.047,0.4162,0.1711
9699,laya-ml,en,D-lit,A,C,0,A,1,0,0.5426,0.2126,0.5426,0.5426,0.5426,0.0845,0.2126,0.16040000000000001
9705,laya-ml,en,D-lit,B,D,1,D,0,1,0.2513,0.4607,0.4607,0.4607,0.1484,0.2513,0.1396,0.4607
9706,laya-ml,en,D-lit,C,B,2,C,1,0,0.6763,0.056600000000000004,0.6763,0.6763,0.0663,0.056600000000000004,0.6763,0.2008
9709,laya-ml,en,D-lit,B,A,1,A,0,1,0.0517,0.47750000000000004,0.47750000000000004,0.47750000000000004,0.47750000000000004,0.0517,0.17420000000000002,0.29660000000000003
9712,laya-ml,en,D-lit,D,B,3,B,0,1,0.15610000000000002,0.7982,0.7982,0.7982,0.0129,0.7982,0.0328,0.15610000000000002
9715,laya-ml,en,D-lit,D,A,3,A,0,1,0.0354,0.8098000000000001,0.8098000000000001,0.8098000000000001,0.8098000000000001,0.027800000000000002,0.127,0.0354
9716,laya-ml,en,D-lit,B,A,1,D,0,0,0.22160000000000002,0.088,0.47790000000000005,0.47790000000000005,0.088,0.22160000000000002,0.21250000000000002,0.47790000000000005
9718,laya-ml,en,D-lit,C,D,2,C,1,0,0.526,0.07440000000000001,0.526,0.526,0.0317,0.368,0.526,0.07440000000000001
9720,laya-ml,en,D-lit,A,C,0,A,1,0,0.9265,0.0386,0.9265,0.9265,0.9265,0.011300000000000001,0.0386,0.0236
9721,laya-ml,en,D-lit,B,A,1,B,1,0,0.7137,0.1145,0.7137,0.7137,0.1145,0.7137,0.0256,0.1462
9724,laya-ml,en,D-lit,A,B,0,B,0,1,0.065,0.45680000000000004,0.45680000000000004,0.45680000000000004,0.065,0.45680000000000004,0.0417,0.4365
9725,laya-ml,en,D-lit,C,D,2,C,1,0,0.47940000000000005,0.19920000000000002,0.47940000000000005,0.47940000000000005,0.1474,0.17400000000000002,0.47940000000000005,0.19920000000000002
9730,laya-ml,en,D-lit,C,B,2,B,0,1,0.0035,0.9853000000000001,0.9853000000000001,0.9853000000000001,0.0046,0.9853000000000001,0.0035,0.0066
9739,laya-ml,en,D-lit,B,C,1,D,0,0,0.27490000000000003,0.1114,0.599,0.599,0.014700000000000001,0.27490000000000003,0.1114,0.599
9747,laya-ml,en,D-lit,A,B,0,A,1,0,0.43710000000000004,0.1279,0.43710000000000004,0.43710000000000004,0.43710000000000004,0.1279,0.1802,0.25470000000000004
9748,laya-ml,en,D-lit,A,B,0,A,1,0,0.6175,0.0472,0.6175,0.6175,0.6175,0.0472,0.3054,0.029900000000000003
9750,laya-ml,en,D-lit,B,C,1,D,0,0,0.33590000000000003,0.185,0.3638,0.3638,0.1154,0.33590000000000003,0.185,0.3638
9751,laya-ml,en,D-lit,A,C,0,D,0,0,0.23340000000000002,0.0879,0.6095,0.6095,0.23340000000000002,0.0692,0.0879,0.6095
9753,laya-ml,en,D-lit,C,B,2,A,0,0,0.2871,0.23670000000000002,0.3027,0.3027,0.3027,0.23670000000000002,0.2871,0.17350000000000002
9754,laya-ml,en,D-lit,C,D,2,D,0,1,0.3753,0.4058,0.4058,0.4058,0.07350000000000001,0.1454,0.3753,0.4058
9755,laya-ml,en,D-lit,B,A,1,C,0,0,0.09050000000000001,0.1681,0.5971000000000001,0.5971000000000001,0.1681,0.09050000000000001,0.5971000000000001,0.1443
9757,laya-ml,en,D-lit,C,B,2,B,0,1,0.12760000000000002,0.5721,0.5721,0.5721,0.09860000000000001,0.5721,0.12760000000000002,0.2016
9759,laya-ml,en,D-lit,D,C,3,C,0,1,0.2301,0.7010000000000001,0.7010000000000001,0.7010000000000001,0.053,0.0159,0.7010000000000001,0.2301
9764,laya-ml,en,D-lit,D,B,3,B,0,1,0.2096,0.3685,0.3685,0.3685,0.2894,0.3685,0.1326,0.2096
9770,laya-ml,en,D-lit,D,A,3,D,1,0,0.5991000000000001,0.2099,0.5991000000000001,0.5991000000000001,0.2099,0.0546,0.1363,0.5991000000000001
9774,laya-ml,en,D-lit,D,A,3,A,0,1,0.2076,0.6411,0.6411,0.6411,0.6411,0.11230000000000001,0.039,0.2076
9775,laya-ml,en,D-lit,D,A,3,D,1,0,0.5317000000000001,0.1524,0.5317000000000001,0.5317000000000001,0.1524,0.060200000000000004,0.25570000000000004,0.5317000000000001
9777,laya-ml,en,D-lit,B,D,1,D,0,1,0.06720000000000001,0.8884000000000001,0.8884000000000001,0.8884000000000001,0.023100000000000002,0.06720000000000001,0.0213,0.8884000000000001
9782,laya-ml,en,D-lit,C,B,2,B,0,1,0.146,0.8179000000000001,0.8179000000000001,0.8179000000000001,0.0013000000000000002,0.8179000000000001,0.146,0.034800000000000005
9783,laya-ml,en,D-lit,D,C,3,D,1,0,0.353,0.1343,0.353,0.353,0.2504,0.2622,0.1343,0.353
9786,laya-ml,en,D-lit,B,D,1,D,0,1,0.22360000000000002,0.6068,0.6068,0.6068,0.0888,0.22360000000000002,0.08080000000000001,0.6068
9787,laya-ml,en,D-lit,B,C,1,B,1,0,0.9311,0.014400000000000001,0.9311,0.9311,0.0369,0.9311,0.014400000000000001,0.0175
9792,laya-ml,en,D-lit,B,C,1,B,1,0,0.534,0.2436,0.534,0.534,0.0956,0.534,0.2436,0.1268
9793,laya-ml,en,D-lit,A,B,0,B,0,1,0.005,0.9811000000000001,0.9811000000000001,0.9811000000000001,0.005,0.9811000000000001,0.0119,0.002
9799,laya-ml,en,D-lit,A,D,0,A,1,0,0.4097,0.3748,0.4097,0.4097,0.4097,0.0884,0.12710000000000002,0.3748
9803,laya-ml,en,D-lit,B,D,1,D,0,1,0.16110000000000002,0.6102000000000001,0.6102000000000001,0.6102000000000001,0.0989,0.16110000000000002,0.1298,0.6102000000000001
9808,laya-ml,en,D-lit,B,D,1,B,1,0,0.3753,0.2904,0.3753,0.3753,0.15280000000000002,0.3753,0.18150000000000002,0.2904
9811,laya-ml,en,D-lit,C,D,2,C,1,0,0.747,0.0897,0.747,0.747,0.0553,0.108,0.747,0.0897
9813,laya-ml,en,D-lit,B,C,1,B,1,0,0.8838,0.026600000000000002,0.8838,0.8838,0.0635,0.8838,0.026600000000000002,0.0262
9815,laya-ml,en,D-lit,C,A,2,A,0,1,0.0511,0.6982,0.6982,0.6982,0.6982,0.0142,0.0511,0.23650000000000002
9818,laya-ml,en,D-lit,D,A,3,A,0,1,0.11750000000000001,0.6666000000000001,0.6666000000000001,0.6666000000000001,0.6666000000000001,0.15510000000000002,0.060700000000000004,0.11750000000000001
9822,laya-ml,en,D-lit,C,A,2,B,0,0,0.1173,0.11710000000000001,0.5935,0.5935,0.11710000000000001,0.5935,0.1173,0.1721
9824,laya-ml,en,D-lit,C,B,2,B,0,1,0.2788,0.7079000000000001,0.7079000000000001,0.7079000000000001,0.0085,0.7079000000000001,0.2788,0.0048000000000000004
9825,laya-ml,en,D-lit,A,B,0,B,0,1,0.2124,0.38120000000000004,0.38120000000000004,0.38120000000000004,0.2124,0.38120000000000004,0.2801,0.1264
9828,laya-ml,en,D-lit,B,C,1,C,0,1,0.0882,0.8348,0.8348,0.8348,0.027800000000000002,0.0882,0.8348,0.049100000000000005
9829,laya-ml,en,D-lit,A,D,0,A,1,0,0.7745000000000001,0.196,0.7745000000000001,0.7745000000000001,0.7745000000000001,0.009000000000000001,0.0204,0.196
9830,laya-ml,en,D-lit,C,A,2,A,0,1,0.0076,0.9918,0.9918,0.9918,0.9918,0.0002,0.0076,0.00030000000000000003
9833,laya-ml,en,D-lit,A,D,0,A,1,0,0.6395000000000001,0.3123,0.6395000000000001,0.6395000000000001,0.6395000000000001,0.009300000000000001,0.039,0.3123
9834,laya-ml,en,D-lit,D,C,3,C,0,1,0.1766,0.7562,0.7562,0.7562,0.0393,0.0279,0.7562,0.1766
9838,laya-ml,en,D-lit,B,C,1,B,1,0,0.9109,0.0257,0.9109,0.9109,0.0175,0.9109,0.0257,0.0459
9839,laya-ml,en,D-lit,D,A,3,D,1,0,0.46690000000000004,0.1778,0.46690000000000004,0.46690000000000004,0.1778,0.24050000000000002,0.1148,0.46690000000000004
9840,laya-ml,en,D-lit,A,D,0,A,1,0,0.7445,0.1119,0.7445,0.7445,0.7445,0.042100000000000005,0.1014,0.1119
9843,laya-ml,en,D-lit,C,D,2,C,1,0,0.8101,0.041800000000000004,0.8101,0.8101,0.0577,0.09040000000000001,0.8101,0.041800000000000004
9844,laya-ml,en,D-lit,D,B,3,D,1,0,0.7391000000000001,0.1183,0.7391000000000001,0.7391000000000001,0.081,0.1183,0.061700000000000005,0.7391000000000001
9846,laya-ml,en,D-lit,B,C,1,D,0,0,0.25670000000000004,0.1515,0.353,0.353,0.2388,0.25670000000000004,0.1515,0.353
9847,laya-ml,en,D-lit,D,A,3,C,0,0,0.29510000000000003,0.0806,0.48510000000000003,0.48510000000000003,0.0806,0.13920000000000002,0.48510000000000003,0.29510000000000003
9848,laya-ml,en,D-lit,A,D,0,D,0,1,0.3005,0.42210000000000003,0.42210000000000003,0.42210000000000003,0.3005,0.1345,0.14300000000000002,0.42210000000000003
9851,laya-ml,en,D-lit,C,D,2,D,0,1,0.011300000000000001,0.9672000000000001,0.9672000000000001,0.9672000000000001,0.0137,0.0078000000000000005,0.011300000000000001,0.9672000000000001
9853,laya-ml,en,D-lit,B,C,1,D,0,0,0.0557,0.07490000000000001,0.45380000000000004,0.45380000000000004,0.4156,0.0557,0.07490000000000001,0.45380000000000004
9855,laya-ml,en,D-lit,A,C,0,C,0,1,0.008400000000000001,0.9509000000000001,0.9509000000000001,0.9509000000000001,0.008400000000000001,0.0036000000000000003,0.9509000000000001,0.0371
9856,laya-ml,en,D-lit,D,A,3,A,0,1,0.11180000000000001,0.3241,0.3241,0.3241,0.3241,0.2474,0.31670000000000004,0.11180000000000001
9857,laya-ml,en,D-lit,B,D,1,B,1,0,0.4685,0.26230000000000003,0.4685,0.4685,0.1325,0.4685,0.1366,0.26230000000000003
9858,laya-ml,en,D-lit,C,A,2,A,0,1,0.3254,0.5803,0.5803,0.5803,0.5803,0.0523,0.3254,0.042
9860,laya-ml,en,D-lit,C,A,2,C,1,0,0.6759000000000001,0.0826,0.6759000000000001,0.6759000000000001,0.0826,0.0829,0.6759000000000001,0.15860000000000002
9862,laya-ml,en,D-lit,C,B,2,B,0,1,0.1517,0.3335,0.3335,0.3335,0.3025,0.3335,0.1517,0.21230000000000002
9866,laya-ml,en,D-lit,A,D,0,C,0,0,0.1467,0.1562,0.3911,0.3911,0.1467,0.30610000000000004,0.3911,0.1562
9867,laya-ml,en,D-lit,B,C,1,C,0,1,0.41550000000000004,0.4642,0.4642,0.4642,0.0359,0.41550000000000004,0.4642,0.0843
9868,laya-ml,en,D-lit,C,D,2,C,1,0,0.6048,0.305,0.6048,0.6048,0.0471,0.0431,0.6048,0.305
9869,laya-ml,en,D-lit,D,A,3,A,0,1,0.0751,0.4188,0.4188,0.4188,0.4188,0.3552,0.1509,0.0751
9871,laya-ml,en,D-lit,C,B,2,A,0,0,0.25270000000000004,0.0959,0.47350000000000003,0.47350000000000003,0.47350000000000003,0.0959,0.25270000000000004,0.1778
9873,laya-ml,en,D-lit,D,A,3,A,0,1,0.1121,0.4461,0.4461,0.4461,0.4461,0.08320000000000001,0.35860000000000003,0.1121
9876,laya-ml,en,D-lit,B,C,1,B,1,0,0.8379000000000001,0.1134,0.8379000000000001,0.8379000000000001,0.0088,0.8379000000000001,0.1134,0.039900000000000005
9877,laya-ml,en,D-lit,A,B,0,D,0,0,0.2795,0.0645,0.5672,0.5672,0.2795,0.0645,0.0887,0.5672
9878,laya-ml,en,D-lit,A,D,0,A,1,0,0.8803000000000001,0.063,0.8803000000000001,0.8803000000000001,0.8803000000000001,0.007200000000000001,0.0495,0.063
9880,laya-ml,en,D-lit,D,A,3,A,0,1,0.364,0.46740000000000004,0.46740000000000004,0.46740000000000004,0.46740000000000004,0.007,0.1617,0.364
9881,laya-ml,en,D-lit,A,B,0,A,1,0,0.8448,0.07060000000000001,0.8448,0.8448,0.8448,0.07060000000000001,0.028200000000000003,0.056400000000000006
9882,laya-ml,en,D-lit,C,A,2,C,1,0,0.7123,0.0284,0.7123,0.7123,0.0284,0.036500000000000005,0.7123,0.2228
9885,laya-ml,en,D-lit,B,D,1,A,0,0,0.09090000000000001,0.1771,0.5002,0.5002,0.5002,0.09090000000000001,0.23190000000000002,0.1771
9887,laya-ml,en,D-lit,A,C,0,D,0,0,0.32780000000000004,0.2157,0.35760000000000003,0.35760000000000003,0.32780000000000004,0.099,0.2157,0.35760000000000003
9888,laya-ml,en,D-lit,D,A,3,D,1,0,0.8043,0.0857,0.8043,0.8043,0.0857,0.0641,0.0459,0.8043
9889,laya-ml,en,D-lit,B,A,1,A,0,1,0.2549,0.6659,0.6659,0.6659,0.6659,0.2549,0.046700000000000005,0.032600000000000004
9893,laya-ml,en,D-lit,B,C,1,B,1,0,0.836,0.1315,0.836,0.836,0.0129,0.836,0.1315,0.0196
9895,laya-ml,en,D-lit,C,A,2,C,1,0,0.39880000000000004,0.2664,0.39880000000000004,0.39880000000000004,0.2664,0.21680000000000002,0.39880000000000004,0.11800000000000001
9900,laya-ml,en,D-lit,D,B,3,D,1,0,0.4808,0.2094,0.4808,0.4808,0.11370000000000001,0.2094,0.1961,0.4808
9905,laya-ml,en,D-lit,C,B,2,B,0,1,0.18150000000000002,0.5802,0.5802,0.5802,0.16160000000000002,0.5802,0.18150000000000002,0.0766
9909,laya-ml,en,D-lit,C,A,2,D,0,0,0.2657,0.1258,0.3398,0.3398,0.1258,0.2687,0.2657,0.3398
9913,laya-ml,en,D-lit,A,C,0,A,1,0,0.7333000000000001,0.11510000000000001,0.7333000000000001,0.7333000000000001,0.7333000000000001,0.094,0.11510000000000001,0.0577
9915,laya-ml,en,D-lit,C,B,2,D,0,0,0.1413,0.1018,0.6645,0.6645,0.0925,0.1018,0.1413,0.6645
9918,laya-ml,en,D-lit,A,C,0,D,0,0,0.2907,0.14400000000000002,0.3029,0.3029,0.2907,0.2625,0.14400000000000002,0.3029
9921,laya-ml,en,D-lit,C,A,2,C,1,0,0.3937,0.3158,0.3937,0.3937,0.3158,0.155,0.3937,0.1356
9926,laya-ml,en,D-lit,A,D,0,A,1,0,0.9387000000000001,0.057600000000000005,0.9387000000000001,0.9387000000000001,0.9387000000000001,0.0024000000000000002,0.0012000000000000001,0.057600000000000005
9933,laya-ml,en,D-lit,D,A,3,A,0,1,0.2543,0.3929,0.3929,0.3929,0.3929,0.14980000000000002,0.2031,0.2543
9938,laya-ml,en,D-lit,B,C,1,B,1,0,0.9245000000000001,0.056100000000000004,0.9245000000000001,0.9245000000000001,0.012100000000000001,0.9245000000000001,0.056100000000000004,0.0073
9944,laya-ml,en,D-lit,D,A,3,B,0,0,0.099,0.23190000000000002,0.6091,0.6091,0.23190000000000002,0.6091,0.06,0.099
9952,laya-ml,en,D-lit,D,B,3,D,1,0,0.4922,0.23040000000000002,0.4922,0.4922,0.1072,0.23040000000000002,0.17020000000000002,0.4922
9953,laya-ml,en,D-lit,D,A,3,A,0,1,0.29860000000000003,0.5935,0.5935,0.5935,0.5935,0.0656,0.042300000000000004,0.29860000000000003
9954,laya-ml,en,D-lit,C,D,2,D,0,1,0.24960000000000002,0.4455,0.4455,0.4455,0.0574,0.24750000000000003,0.24960000000000002,0.4455
9958,laya-ml,en,D-lit,C,A,2,D,0,0,0.327,0.11810000000000001,0.37210000000000004,0.37210000000000004,0.11810000000000001,0.18280000000000002,0.327,0.37210000000000004
9960,laya-ml,en,D-lit,D,B,3,D,1,0,0.6929000000000001,0.281,0.6929000000000001,0.6929000000000001,0.0089,0.281,0.0172,0.6929000000000001
9963,laya-ml,en,D-lit,C,B,2,D,0,0,0.0984,0.1522,0.6295000000000001,0.6295000000000001,0.12,0.1522,0.0984,0.6295000000000001
9965,laya-ml,en,D-lit,D,A,3,A,0,1,0.3926,0.5073,0.5073,0.5073,0.5073,0.08600000000000001,0.014,0.3926
9967,laya-ml,en,D-lit,C,B,2,D,0,0,0.2141,0.2543,0.2861,0.2861,0.24550000000000002,0.2543,0.2141,0.2861
9973,laya-ml,en,D-lit,B,D,1,B,1,0,0.7184,0.0711,0.7184,0.7184,0.056900000000000006,0.7184,0.15360000000000001,0.0711
9975,laya-ml,en,D-lit,D,B,3,C,0,0,0.1756,0.3496,0.42310000000000003,0.42310000000000003,0.0517,0.3496,0.42310000000000003,0.1756
9984,laya-ml,en,D-lit,C,B,2,C,1,0,0.49360000000000004,0.2104,0.49360000000000004,0.49360000000000004,0.1683,0.2104,0.49360000000000004,0.1278
9986,laya-ml,en,D-lit,C,B,2,C,1,0,0.42,0.3578,0.42,0.42,0.12250000000000001,0.3578,0.42,0.09970000000000001
9990,laya-ml,en,D-lit,C,B,2,C,1,0,0.9309000000000001,0.027800000000000002,0.9309000000000001,0.9309000000000001,0.02,0.027800000000000002,0.9309000000000001,0.021400000000000002
9991,laya-ml,en,D-lit,B,D,1,B,1,0,0.7692,0.1335,0.7692,0.7692,0.0504,0.7692,0.046900000000000004,0.1335
9995,laya-ml,en,D-lit,C,D,2,C,1,0,0.5207,0.4219,0.5207,0.5207,0.0363,0.0212,0.5207,0.4219
9996,laya-ml,en,D-lit,C,B,2,C,1,0,0.6548,0.19820000000000002,0.6548,0.6548,0.0451,0.19820000000000002,0.6548,0.10200000000000001
9998,laya-ml,en,D-lit,D,C,3,C,0,1,0.0442,0.6363,0.6363,0.6363,0.0125,0.307,0.6363,0.0442
10007,laya-ml,en,D-lit,B,A,1,B,1,0,0.3547,0.13570000000000002,0.3547,0.3547,0.13570000000000002,0.3547,0.24680000000000002,0.26280000000000003
10012,laya-ml,en,D-lit,D,A,3,D,1,0,0.634,0.2692,0.634,0.634,0.2692,0.014100000000000001,0.08270000000000001,0.634
10013,laya-ml,en,D-lit,C,D,2,D,0,1,0.098,0.7817000000000001,0.7817000000000001,0.7817000000000001,0.045700000000000005,0.0746,0.098,0.7817000000000001
10015,laya-ml,en,D-lit,C,B,2,B,0,1,0.0246,0.4766,0.4766,0.4766,0.12,0.4766,0.0246,0.3788
10016,laya-ml,en,D-lit,D,A,3,D,1,0,0.4177,0.1077,0.4177,0.4177,0.1077,0.2364,0.23820000000000002,0.4177
10019,laya-ml,en,D-lit,B,C,1,B,1,0,0.6823,0.09340000000000001,0.6823,0.6823,0.0397,0.6823,0.09340000000000001,0.1845
10020,laya-ml,en,D-lit,A,D,0,D,0,1,0.22840000000000002,0.5271,0.5271,0.5271,0.22840000000000002,0.043500000000000004,0.2011,0.5271
10021,laya-ml,en,D-lit,B,C,1,B,1,0,0.4904,0.10840000000000001,0.4904,0.4904,0.1673,0.4904,0.10840000000000001,0.23390000000000002
10025,laya-ml,en,D-lit,B,D,1,B,1,0,0.7789,0.0363,0.7789,0.7789,0.0523,0.7789,0.1325,0.0363
10026,laya-ml,en,D-lit,B,C,1,C,0,1,0.3438,0.5981000000000001,0.5981000000000001,0.5981000000000001,0.023100000000000002,0.3438,0.5981000000000001,0.0351
10027,laya-ml,en,D-lit,D,A,3,D,1,0,0.37820000000000004,0.2411,0.37820000000000004,0.37820000000000004,0.2411,0.1178,0.26280000000000003,0.37820000000000004
10037,laya-ml,en,D-lit,C,B,2,C,1,0,0.5567,0.2771,0.5567,0.5567,0.09860000000000001,0.2771,0.5567,0.06770000000000001
10038,laya-ml,en,D-lit,D,A,3,A,0,1,0.3441,0.504,0.504,0.504,0.504,0.09240000000000001,0.059500000000000004,0.3441
10041,laya-ml,en,D-lit,C,B,2,D,0,0,0.19790000000000002,0.218,0.4965,0.4965,0.0877,0.218,0.19790000000000002,0.4965
10043,laya-ml,en,D-lit,A,C,0,C,0,1,0.34540000000000004,0.5037,0.5037,0.5037,0.34540000000000004,0.029,0.5037,0.12190000000000001
10044,laya-ml,en,D-lit,A,D,0,D,0,1,0.0724,0.5079,0.5079,0.5079,0.0724,0.31010000000000004,0.1096,0.5079
10045,laya-ml,en,D-lit,B,C,1,B,1,0,0.7025,0.2602,0.7025,0.7025,0.027600000000000003,0.7025,0.2602,0.0097
10047,laya-ml,en,D-lit,D,B,3,B,0,1,0.19460000000000002,0.47050000000000003,0.47050000000000003,0.47050000000000003,0.2076,0.47050000000000003,0.1273,0.19460000000000002
10048,laya-ml,en,D-lit,A,D,0,A,1,0,0.7128,0.22010000000000002,0.7128,0.7128,0.7128,0.0449,0.0222,0.22010000000000002
10050,laya-ml,en,D-lit,B,C,1,B,1,0,0.4368,0.3146,0.4368,0.4368,0.112,0.4368,0.3146,0.1366
10051,laya-ml,en,D-lit,A,B,0,D,0,0,0.35050000000000003,0.061500000000000006,0.527,0.527,0.35050000000000003,0.061500000000000006,0.0611,0.527
10052,laya-ml,en,D-lit,A,C,0,A,1,0,0.516,0.4496,0.516,0.516,0.516,0.0212,0.4496,0.0132
10054,laya-ml,en,D-lit,D,A,3,D,1,0,0.7114,0.1761,0.7114,0.7114,0.1761,0.0497,0.06280000000000001,0.7114
10056,laya-ml,en,D-lit,D,B,3,B,0,1,0.0723,0.7156,0.7156,0.7156,0.1189,0.7156,0.0931,0.0723
10057,laya-ml,en,D-lit,D,C,3,D,1,0,0.5707,0.3289,0.5707,0.5707,0.0631,0.0373,0.3289,0.5707
10058,laya-ml,en,D-lit,B,A,1,B,1,0,0.7289,0.026500000000000003,0.7289,0.7289,0.026500000000000003,0.7289,0.0332,0.2114
10062,laya-ml,en,D-lit,C,A,2,A,0,1,0.18130000000000002,0.36910000000000004,0.36910000000000004,0.36910000000000004,0.36910000000000004,0.233,0.18130000000000002,0.21660000000000001
10064,laya-ml,en,D-lit,D,C,3,D,1,0,0.5911000000000001,0.2212,0.5911000000000001,0.5911000000000001,0.0736,0.11410000000000001,0.2212,0.5911000000000001
10065,laya-ml,en,D-lit,C,D,2,D,0,1,0.2469,0.2898,0.2898,0.2898,0.1955,0.26780000000000004,0.2469,0.2898
10070,laya-ml,en,D-lit,B,C,1,D,0,0,0.29550000000000004,0.1766,0.3763,0.3763,0.1515,0.29550000000000004,0.1766,0.3763
10075,laya-ml,en,D-lit,B,C,1,B,1,0,0.6153000000000001,0.23500000000000001,0.6153000000000001,0.6153000000000001,0.058800000000000005,0.6153000000000001,0.23500000000000001,0.09090000000000001
10078,laya-ml,en,D-lit,B,A,1,B,1,0,0.5498000000000001,0.2117,0.5498000000000001,0.5498000000000001,0.2117,0.5498000000000001,0.1193,0.1193
10079,laya-ml,en,D-lit,A,C,0,C,0,1,0.17300000000000001,0.7229,0.7229,0.7229,0.17300000000000001,0.0582,0.7229,0.0458
10080,laya-ml,en,D-lit,D,C,3,D,1,0,0.3435,0.1883,0.3435,0.3435,0.3224,0.1458,0.1883,0.3435
10082,laya-ml,en,D-lit,A,D,0,A,1,0,0.6599,0.0868,0.6599,0.6599,0.6599,0.0528,0.2005,0.0868
10087,laya-ml,en,D-lit,B,A,1,B,1,0,0.4595,0.23520000000000002,0.4595,0.4595,0.23520000000000002,0.4595,0.1831,0.1221
10089,laya-ml,en,D-lit,A,C,0,C,0,1,0.0661,0.8221,0.8221,0.8221,0.0661,0.057300000000000004,0.8221,0.054400000000000004
10090,laya-ml,en,D-lit,A,C,0,C,0,1,0.3568,0.3811,0.3811,0.3811,0.3568,0.1178,0.3811,0.1443
10092,laya-ml,en,D-lit,C,A,2,A,0,1,0.0969,0.7489,0.7489,0.7489,0.7489,0.0859,0.0969,0.0682
10093,laya-ml,en,D-lit,C,B,2,C,1,0,0.32070000000000004,0.3108,0.32070000000000004,0.32070000000000004,0.1764,0.3108,0.32070000000000004,0.19210000000000002
10094,laya-ml,en,D-lit,C,B,2,B,0,1,0.1884,0.6549,0.6549,0.6549,0.09580000000000001,0.6549,0.1884,0.0609
10097,laya-ml,en,D-lit,A,C,0,C,0,1,0.2421,0.4152,0.4152,0.4152,0.2421,0.2083,0.4152,0.1345
10100,laya-ml,en,D-lit,C,B,2,B,0,1,0.047900000000000005,0.9193,0.9193,0.9193,0.012,0.9193,0.047900000000000005,0.020800000000000003
10102,laya-ml,en,D-lit,A,B,0,B,0,1,0.0707,0.8831,0.8831,0.8831,0.0707,0.8831,0.0329,0.013300000000000001
10103,laya-ml,en,D-lit,B,D,1,B,1,0,0.6991,0.167,0.6991,0.6991,0.0945,0.6991,0.039400000000000004,0.167
10104,laya-ml,en,D-lit,C,A,2,C,1,0,0.5139,0.0456,0.5139,0.5139,0.0456,0.059800000000000006,0.5139,0.38070000000000004
10106,laya-ml,en,D-lit,B,A,1,A,0,1,0.0053,0.9609000000000001,0.9609000000000001,0.9609000000000001,0.9609000000000001,0.0053,0.0317,0.0022
10109,laya-ml,en,D-lit,B,C,1,B,1,0,0.7343000000000001,0.0814,0.7343000000000001,0.7343000000000001,0.08420000000000001,0.7343000000000001,0.0814,0.10010000000000001
10114,laya-ml,en,D-lit,C,A,2,A,0,1,0.0021000000000000003,0.9926,0.9926,0.9926,0.9926,0.001,0.0021000000000000003,0.0043
10119,laya-ml,en,D-lit,A,C,0,A,1,0,0.888,0.0344,0.888,0.888,0.888,0.0577,0.0344,0.0199
10120,laya-ml,en,D-lit,C,B,2,B,0,1,0.18030000000000002,0.33690000000000003,0.33690000000000003,0.33690000000000003,0.15330000000000002,0.33690000000000003,0.18030000000000002,0.3294
10122,laya-ml,en,D-lit,C,A,2,A,0,1,0.0502,0.7978000000000001,0.7978000000000001,0.7978000000000001,0.7978000000000001,0.021400000000000002,0.0502,0.1305
10124,laya-ml,en,D-lit,B,A,1,D,0,0,0.16590000000000002,0.3241,0.36210000000000003,0.36210000000000003,0.3241,0.16590000000000002,0.148,0.36210000000000003
10125,laya-ml,en,D-lit,D,C,3,D,1,0,0.7384000000000001,0.1943,0.7384000000000001,0.7384000000000001,0.029300000000000003,0.038,0.1943,0.7384000000000001
10126,laya-ml,en,D-lit,D,A,3,D,1,0,0.379,0.3431,0.379,0.379,0.3431,0.159,0.1189,0.379
10127,laya-ml,en,D-lit,D,A,3,A,0,1,0.1522,0.8150000000000001,0.8150000000000001,0.8150000000000001,0.8150000000000001,0.009300000000000001,0.0235,0.1522
10131,laya-ml,en,D-lit,C,B,2,C,1,0,0.6091,0.09330000000000001,0.6091,0.6091,0.17550000000000002,0.09330000000000001,0.6091,0.1221
10133,laya-ml,en,D-lit,A,C,0,C,0,1,0.0955,0.8602000000000001,0.8602000000000001,0.8602000000000001,0.0955,0.0164,0.8602000000000001,0.027800000000000002
10135,laya-ml,en,D-lit,C,D,2,B,0,0,0.3215,0.0341,0.5352,0.5352,0.10930000000000001,0.5352,0.3215,0.0341
10137,laya-ml,en,D-lit,B,A,1,D,0,0,0.1812,0.0954,0.5056,0.5056,0.0954,0.1812,0.21780000000000002,0.5056
10142,laya-ml,en,D-lit,D,B,3,B,0,1,0.2929,0.46480000000000005,0.46480000000000005,0.46480000000000005,0.1438,0.46480000000000005,0.0985,0.2929
10144,laya-ml,en,D-lit,C,A,2,A,0,1,0.0078000000000000005,0.9736,0.9736,0.9736,0.9736,0.0123,0.0078000000000000005,0.0063
10146,laya-ml,en,D-lit,A,C,0,A,1,0,0.4999,0.34600000000000003,0.4999,0.4999,0.4999,0.0227,0.34600000000000003,0.13140000000000002
10147,laya-ml,en,D-lit,A,B,0,B,0,1,0.1744,0.39480000000000004,0.39480000000000004,0.39480000000000004,0.1744,0.39480000000000004,0.079,0.3518
10150,laya-ml,en,D-lit,B,C,1,C,0,1,0.2508,0.3645,0.3645,0.3645,0.24050000000000002,0.2508,0.3645,0.1442
10153,laya-ml,en,D-lit,B,A,1,B,1,0,0.5231,0.3244,0.5231,0.5231,0.3244,0.5231,0.0432,0.10930000000000001
10158,laya-ml,en,D-lit,D,C,3,C,0,1,0.0341,0.7197,0.7197,0.7197,0.13920000000000002,0.1071,0.7197,0.0341
10163,laya-ml,en,D-lit,B,A,1,A,0,1,0.0287,0.9197000000000001,0.9197000000000001,0.9197000000000001,0.9197000000000001,0.0287,0.0352,0.016300000000000002
10164,laya-ml,en,D-lit,A,D,0,A,1,0,0.9789,0.010400000000000001,0.9789,0.9789,0.9789,0.0081,0.0026000000000000003,0.010400000000000001
10165,laya-ml,en,D-lit,B,D,1,D,0,1,0.2551,0.39640000000000003,0.39640000000000003,0.39640000000000003,0.2142,0.2551,0.1343,0.39640000000000003
10168,laya-ml,en,D-lit,C,B,2,B,0,1,0.26630000000000004,0.3672,0.3672,0.3672,0.352,0.3672,0.26630000000000004,0.0145
10170,laya-ml,en,D-lit,A,B,0,A,1,0,0.6274000000000001,0.08700000000000001,0.6274000000000001,0.6274000000000001,0.6274000000000001,0.08700000000000001,0.203,0.0826
10171,laya-ml,en,D-lit,B,D,1,D,0,1,0.1769,0.5577,0.5577,0.5577,0.0952,0.1769,0.17020000000000002,0.5577
10177,laya-ml,en,D-lit,B,C,1,B,1,0,0.8536,0.0886,0.8536,0.8536,0.03,0.8536,0.0886,0.027800000000000002
10178,laya-ml,en,D-lit,A,C,0,C,0,1,0.0018000000000000002,0.9922000000000001,0.9922000000000001,0.9922000000000001,0.0018000000000000002,0.0012000000000000001,0.9922000000000001,0.0048000000000000004
10188,laya-ml,en,D-lit,C,B,2,C,1,0,0.8147000000000001,0.0834,0.8147000000000001,0.8147000000000001,0.0726,0.0834,0.8147000000000001,0.029300000000000003
10189,laya-ml,en,D-lit,D,C,3,C,0,1,0.2277,0.5066,0.5066,0.5066,0.1741,0.0915,0.5066,0.2277
10190,laya-ml,en,D-lit,A,D,0,B,0,0,0.293,0.19920000000000002,0.3977,0.3977,0.293,0.3977,0.1101,0.19920000000000002
10192,laya-ml,en,D-lit,B,D,1,D,0,1,0.0794,0.6051000000000001,0.6051000000000001,0.6051000000000001,0.2454,0.0794,0.0702,0.6051000000000001
10193,laya-ml,en,D-lit,C,B,2,C,1,0,0.6104,0.31820000000000004,0.6104,0.6104,0.0356,0.31820000000000004,0.6104,0.0358
10197,laya-ml,en,D-lit,B,C,1,B,1,0,0.3451,0.2777,0.3451,0.3451,0.17470000000000002,0.3451,0.2777,0.2025
10199,laya-ml,en,D-lit,B,D,1,D,0,1,0.2107,0.4335,0.4335,0.4335,0.09390000000000001,0.2107,0.262,0.4335
10200,laya-ml,en,D-lit,D,C,3,C,0,1,0.2831,0.4244,0.4244,0.4244,0.0983,0.1942,0.4244,0.2831
10204,laya-ml,en,D-lit,C,B,2,B,0,1,0.2124,0.6124,0.6124,0.6124,0.12150000000000001,0.6124,0.2124,0.0536
10205,laya-ml,en,D-lit,D,C,3,A,0,0,0.2952,0.1358,0.504,0.504,0.504,0.065,0.1358,0.2952
10211,laya-ml,en,D-lit,B,C,1,B,1,0,0.6786,0.2667,0.6786,0.6786,0.0257,0.6786,0.2667,0.029
10213,laya-ml,en,D-lit,B,D,1,C,0,0,0.1,0.018000000000000002,0.8795000000000001,0.8795000000000001,0.0025,0.1,0.8795000000000001,0.018000000000000002
10214,laya-ml,en,D-lit,C,B,2,B,0,1,0.0245,0.9189,0.9189,0.9189,0.0102,0.9189,0.0245,0.0465
10218,laya-ml,en,D-lit,A,B,0,A,1,0,0.8289000000000001,0.0835,0.8289000000000001,0.8289000000000001,0.8289000000000001,0.0835,0.0253,0.0623
10227,laya-ml,en,D-lit,B,A,1,B,1,0,0.32730000000000004,0.19790000000000002,0.32730000000000004,0.32730000000000004,0.19790000000000002,0.32730000000000004,0.2594,0.21530000000000002
10228,laya-ml,en,D-lit,B,D,1,B,1,0,0.47900000000000004,0.231,0.47900000000000004,0.47900000000000004,0.1116,0.47900000000000004,0.17830000000000001,0.231
10229,laya-ml,en,D-lit,C,A,2,A,0,1,0.19890000000000002,0.5397000000000001,0.5397000000000001,0.5397000000000001,0.5397000000000001,0.1058,0.19890000000000002,0.1557
10230,laya-ml,en,D-lit,C,A,2,D,0,0,0.146,0.215,0.4056,0.4056,0.215,0.23340000000000002,0.146,0.4056
10231,laya-ml,en,D-lit,A,B,0,A,1,0,0.6382,0.2082,0.6382,0.6382,0.6382,0.2082,0.07050000000000001,0.08310000000000001
10233,laya-ml,en,D-lit,C,B,2,C,1,0,0.3547,0.2129,0.3547,0.3547,0.2093,0.2129,0.3547,0.22310000000000002
10234,laya-ml,en,D-lit,B,D,1,A,0,0,0.1563,0.0777,0.6735,0.6735,0.6735,0.1563,0.0925,0.0777
10242,laya-ml,en,D-lit,A,B,0,B,0,1,0.07,0.9036000000000001,0.9036000000000001,0.9036000000000001,0.07,0.9036000000000001,0.006200000000000001,0.020300000000000002
10246,laya-ml,en,D-lit,B,A,1,C,0,0,0.1288,0.126,0.42760000000000004,0.42760000000000004,0.126,0.1288,0.42760000000000004,0.3176
10247,laya-ml,en,D-lit,D,A,3,D,1,0,0.4209,0.2982,0.4209,0.4209,0.2982,0.13920000000000002,0.14170000000000002,0.4209
10250,laya-ml,en,D-lit,C,A,2,C,1,0,0.7703,0.1849,0.7703,0.7703,0.1849,0.0165,0.7703,0.028300000000000002
10251,laya-ml,en,D-lit,A,D,0,A,1,0,0.6559,0.18430000000000002,0.6559,0.6559,0.6559,0.0626,0.09730000000000001,0.18430000000000002
10264,laya-ml,en,D-lit,D,A,3,D,1,0,0.8978,0.034800000000000005,0.8978,0.8978,0.034800000000000005,0.0437,0.0236,0.8978
10267,laya-ml,en,D-lit,C,D,2,D,0,1,0.1216,0.6265000000000001,0.6265000000000001,0.6265000000000001,0.16670000000000001,0.08510000000000001,0.1216,0.6265000000000001
10271,laya-ml,en,D-lit,A,C,0,A,1,0,0.673,0.2777,0.673,0.673,0.673,0.018600000000000002,0.2777,0.0308
10279,laya-ml,en,D-lit,C,B,2,B,0,1,0.2267,0.5833,0.5833,0.5833,0.08320000000000001,0.5833,0.2267,0.1068
10283,laya-ml,en,D-lit,D,B,3,D,1,0,0.49560000000000004,0.184,0.49560000000000004,0.49560000000000004,0.1832,0.184,0.1373,0.49560000000000004
10299,laya-ml,en,D-lit,B,D,1,B,1,0,0.2851,0.2836,0.2851,0.2851,0.17500000000000002,0.2851,0.25630000000000003,0.2836
10306,laya-ml,en,D-lit,C,B,2,C,1,0,0.4736,0.296,0.4736,0.4736,0.1194,0.296,0.4736,0.1109
10307,laya-ml,en,D-lit,C,D,2,C,1,0,0.5421,0.19920000000000002,0.5421,0.5421,0.0639,0.1948,0.5421,0.19920000000000002
10308,laya-ml,en,D-lit,A,C,0,C,0,1,0.19110000000000002,0.792,0.792,0.792,0.19110000000000002,0.012,0.792,0.0049
10323,laya-ml,en,D-lit,B,C,1,C,0,1,0.2444,0.37460000000000004,0.37460000000000004,0.37460000000000004,0.2368,0.2444,0.37460000000000004,0.1442
10324,laya-ml,en,D-lit,D,A,3,A,0,1,0.3015,0.43610000000000004,0.43610000000000004,0.43610000000000004,0.43610000000000004,0.1757,0.0868,0.3015
10329,laya-ml,en,D-lit,B,A,1,B,1,0,0.7925000000000001,0.0432,0.7925000000000001,0.7925000000000001,0.0432,0.7925000000000001,0.0429,0.12140000000000001
10330,laya-ml,en,D-lit,C,B,2,B,0,1,0.1731,0.5954,0.5954,0.5954,0.033600000000000005,0.5954,0.1731,0.19790000000000002
10331,laya-ml,en,D-lit,C,B,2,A,0,0,0.3558,0.1622,0.44070000000000004,0.44070000000000004,0.44070000000000004,0.1622,0.3558,0.0413
10335,laya-ml,en,D-lit,B,A,1,C,0,0,0.0324,0.043000000000000003,0.8911,0.8911,0.043000000000000003,0.0324,0.8911,0.0335
10345,laya-ml,en,D-lit,D,B,3,D,1,0,0.6335000000000001,0.2484,0.6335000000000001,0.6335000000000001,0.0499,0.2484,0.06810000000000001,0.6335000000000001
10347,laya-ml,en,D-lit,C,A,2,C,1,0,0.7916000000000001,0.0738,0.7916000000000001,0.7916000000000001,0.0738,0.0682,0.7916000000000001,0.0665
10349,laya-ml,en,D-lit,C,D,2,C,1,0,0.46230000000000004,0.3829,0.46230000000000004,0.46230000000000004,0.0393,0.1155,0.46230000000000004,0.3829
10352,laya-ml,en,D-lit,B,A,1,A,0,1,0.0907,0.5248,0.5248,0.5248,0.5248,0.0907,0.0519,0.3326
10354,laya-ml,en,D-lit,C,A,2,B,0,0,0.3352,0.0881,0.44820000000000004,0.44820000000000004,0.0881,0.44820000000000004,0.3352,0.12840000000000001
10356,laya-ml,en,D-lit,C,D,2,B,0,0,0.3244,0.1426,0.44820000000000004,0.44820000000000004,0.0848,0.44820000000000004,0.3244,0.1426
10357,laya-ml,en,D-lit,C,A,2,C,1,0,0.33180000000000004,0.23190000000000002,0.33180000000000004,0.33180000000000004,0.23190000000000002,0.1865,0.33180000000000004,0.24980000000000002
10361,laya-ml,en,D-lit,D,B,3,C,0,0,0.0819,0.32370000000000004,0.4278,0.4278,0.1666,0.32370000000000004,0.4278,0.0819
