id,variant,text,idiom,gold_key,pred,correct,p_gold,max_prob,conf_head,jsd_vs_intact,n_words,dropped_word,delete_pos,sub_pos
228,V0_intact,অমরকণ্টক কণ্ঠ হয়ে অমরনাথ যাত্রা,অমরকণ্টক কণ্ঠ হয়ে অমরনাথ যাত্রা,A,C,0,0.009054997004568001,0.9814728498458861,0.8566226959228511,0.0,5,যাত্রা,4,4
228,V1_shuffle,যাত্রা হয়ে অমরনাথ কণ্ঠ অমরকণ্টক,অমরকণ্টক কণ্ঠ হয়ে অমরনাথ যাত্রা,A,C,0,0.008099596947431,0.9805940985679621,0.833434581756591,8.849511226861369e-05,5,যাত্রা,4,4
228,V2_reverse,যাত্রা অমরনাথ হয়ে কণ্ঠ অমরকণ্টক,অমরকণ্টক কণ্ঠ হয়ে অমরনাথ যাত্রা,A,C,0,0.006840500514954001,0.9832385778427121,0.8352007269859311,0.00011605195309,5,যাত্রা,4,4
228,V3_delete1,অমরকণ্টক কণ্ঠ হয়ে অমরনাথ,অমরকণ্টক কণ্ঠ হয়ে অমরনাথ যাত্রা,A,C,0,0.018541986122727002,0.952835142612457,0.7645856142044061,0.0034725073228750003,5,যাত্রা,4,4
228,V4_substitute1,অমরকণ্টক কণ্ঠ হয়ে অমরনাথ রক্তমাংসের,অমরকণ্টক কণ্ঠ হয়ে অমরনাথ যাত্রা,A,C,0,0.036264229565858,0.9177333712577821,0.711658775806427,0.011458350279149002,5,যাত্রা,4,4
228,V5_in_sentence,সে সরাসরি বলার বদলে অমরকণ্টক কণ্ঠ হয়ে অমরনাথ যাত্রা করে উত্তর দিল।,অমরকণ্টক কণ্ঠ হয়ে অমরনাথ যাত্রা,A,C,0,0.007539466489106,0.9836264252662651,0.8281171321868891,5.1217409497536026e-05,5,যাত্রা,4,4
299,V0_intact,আইবুড়ো পথ বদলানো,আইবুড়ো পথ বদলানো,A,C,0,0.372662484645843,0.59418773651123,0.46271231770515403,0.0,3,পথ,1,1
299,V1_shuffle,আইবুড়ো বদলানো পথ,আইবুড়ো পথ বদলানো,A,A,1,0.47465527057647705,0.47465527057647705,0.32273045182228005,0.016472497141091003,3,পথ,1,1
299,V2_reverse,বদলানো পথ আইবুড়ো,আইবুড়ো পথ বদলানো,A,C,0,0.41968512535095204,0.45733547210693304,0.31041696667671204,0.018988609120431002,3,পথ,1,1
299,V3_delete1,আইবুড়ো বদলানো,আইবুড়ো পথ বদলানো,A,C,0,0.260806143283844,0.410696774721145,0.292024046182632,0.08337942760147801,3,পথ,1,1
299,V4_substitute1,আইবুড়ো সিদ্ধির বদলানো,আইবুড়ো পথ বদলানো,A,C,0,0.30263492465019204,0.39594390988349903,0.25009632110595703,0.073720045369027,3,পথ,1,1
299,V5_in_sentence,সে আইবুড়ো পথ বদলে নতুন রাস্তা দিয়ে ফিরে এলো।,আইবুড়ো পথ বদলানো,A,C,0,0.37236356735229403,0.474305182695388,0.24948479235172202,0.024816067319043,3,পথ,1,1
319,V0_intact,আঁত পাওয়া ভার,আঁত পাওয়া ভার,A,B,0,0.016603142023086,0.8993585705757141,0.7499945759773251,0.0,3,পাওয়া,1,1
319,V1_shuffle,ভার পাওয়া আঁত,আঁত পাওয়া ভার,A,B,0,0.032465446740388,0.7748121619224541,0.61691004037857,0.014694261219450002,3,পাওয়া,1,1
319,V2_reverse,ভার পাওয়া আঁত,আঁত পাওয়া ভার,A,B,0,0.032465446740388,0.7748121619224541,0.61691004037857,0.014694261219450002,3,পাওয়া,1,1
319,V3_delete1,আঁত ভার,আঁত পাওয়া ভার,A,B,0,0.014934707432985,0.9469735622406,0.818469583988189,0.0051899337995850005,3,পাওয়া,1,1
319,V4_substitute1,আঁত টকাটক ভার,আঁত পাওয়া ভার,A,B,0,0.056730560958385,0.7928025126457211,0.614915370941162,0.013100822482227001,3,পাওয়া,1,1
319,V5_in_sentence,"সে আঁত পাওয়া ভার, কখনো তার মনের কথা বোঝা যায় না।",আঁত পাওয়া ভার,A,B,0,0.193349584937095,0.49706074595451305,0.329234182834625,0.109047815697555,3,পাওয়া,1,1
365,V0_intact,আকাশপাতাল এক করা,আকাশপাতাল এক করা,B,C,0,0.0071594412438570005,0.9394113421440121,0.8707593083381651,0.0,3,করা,2,1
365,V1_shuffle,করা এক আকাশপাতাল,আকাশপাতাল এক করা,B,C,0,0.003360261442139,0.928246259689331,0.873212456703186,0.0009239253854870001,3,করা,2,1
365,V2_reverse,করা এক আকাশপাতাল,আকাশপাতাল এক করা,B,C,0,0.003360261442139,0.928246259689331,0.873212456703186,0.0009239253854870001,3,করা,2,1
365,V3_delete1,আকাশপাতাল এক,আকাশপাতাল এক করা,B,C,0,0.001993431476876,0.9782246351242061,0.9232534766197201,0.005944209373657,3,করা,2,1
365,V4_substitute1,আকাশপাতাল হালকা করা,আকাশপাতাল এক করা,B,C,0,0.007247849367558,0.9429999589920041,0.8663249611854551,0.000144585627937,3,করা,2,1
365,V5_in_sentence,তার স্বপ্ন পূরণ করতে সে আকাশপাতাল এক করে ফেলেছে।,আকাশপাতাল এক করা,B,C,0,0.015584656037390001,0.7013639211654661,0.6212555766105651,0.059648112032025004,3,করা,2,1
379,V0_intact,আকাশ হাতে পাওয়া,আকাশ হাতে পাওয়া,C,A,0,0.28981730341911305,0.60687655210495,0.6419628262519831,0.0,3,আকাশ,0,0
379,V1_shuffle,পাওয়া আকাশ হাতে,আকাশ হাতে পাওয়া,C,A,0,0.233465611934661,0.7082644104957581,0.711949110031127,0.006656336191327001,3,আকাশ,0,0
379,V2_reverse,পাওয়া হাতে আকাশ,আকাশ হাতে পাওয়া,C,A,0,0.284288674592971,0.643493771553039,0.6510568261146541,0.001752028259008,3,আকাশ,0,0
379,V3_delete1,হাতে পাওয়া,আকাশ হাতে পাওয়া,C,C,1,0.696174204349517,0.696174204349517,0.708515286445617,0.12696972897785602,3,আকাশ,0,0
379,V4_substitute1,জুড়ে হাতে পাওয়া,আকাশ হাতে পাওয়া,C,C,1,0.6887103319168091,0.6887103319168091,0.6457167267799371,0.108173159577957,3,আকাশ,0,0
379,V5_in_sentence,চাকরির পরীক্ষায় প্রথম হয়ে তার মনে হলো আকাশ হাতে পাওয়া।,আকাশ হাতে পাওয়া,C,A,0,0.181576579809188,0.5758478641510011,0.46990823745727506,0.020910330506326003,3,আকাশ,0,0
434,V0_intact,আজ গেলে দুদিন হবে,আজ গেলে দুদিন হবে,A,C,0,0.11696866899728701,0.532145738601684,0.30932879447937,0.0,4,দুদিন,2,3
434,V1_shuffle,দুদিন গেলে আজ হবে,আজ গেলে দুদিন হবে,A,B,0,0.173199474811553,0.36010205745697005,0.196311697363853,0.02121016672631,4,দুদিন,2,3
434,V2_reverse,হবে দুদিন গেলে আজ,আজ গেলে দুদিন হবে,A,B,0,0.15212836861610401,0.40771391987800604,0.23036500811576802,0.027843583763229002,4,দুদিন,2,3
434,V3_delete1,আজ গেলে হবে,আজ গেলে দুদিন হবে,A,C,0,0.13270616531372,0.42322060465812605,0.24604542553424802,0.007933252859284,4,দুদিন,2,3
434,V4_substitute1,আজ গেলে দুদিন টঙ,আজ গেলে দুদিন হবে,A,C,0,0.187052622437477,0.41318884491920405,0.21672683954238803,0.015639722771044,4,দুদিন,2,3
434,V5_in_sentence,এই অসহ্য ব্যথায় আজ গেলে দুদিন হবে মনে হচ্ছে।,আজ গেলে দুদিন হবে,A,A,1,0.317657232284545,0.317657232284545,0.16506278514862002,0.057846922447355,4,দুদিন,2,3
565,V0_intact,আবাগের বেটা ভূত,আবাগের বেটা ভূত,B,D,0,0.272022485733032,0.6386252641677851,0.39362460374832103,0.0,3,ভূত,2,1
565,V1_shuffle,বেটা ভূত আবাগের,আবাগের বেটা ভূত,B,D,0,0.140523120760917,0.772169351577758,0.5479389429092401,0.013914109316259,3,ভূত,2,1
565,V2_reverse,ভূত বেটা আবাগের,আবাগের বেটা ভূত,B,D,0,0.150790616869926,0.733561933040618,0.487537384033203,0.011309666838012001,3,ভূত,2,1
565,V3_delete1,আবাগের বেটা,আবাগের বেটা ভূত,B,D,0,0.387166738510131,0.44061470031738204,0.22743986546993203,0.020878524878417,3,ভূত,2,1
565,V4_substitute1,আবাগের স্বর ভূত,আবাগের বেটা ভূত,B,D,0,0.06451671570539401,0.738830387592315,0.431896835565567,0.046624904206396006,3,ভূত,2,1
565,V5_in_sentence,"সে তো আবাগের বেটা ভূত, কোনো কাজেই লাগে না।",আবাগের বেটা ভূত,B,D,0,0.36290416121482805,0.44761839509010304,0.22039376199245403,0.021058881098494003,3,ভূত,2,1
635,V0_intact,আসতে কাটে যেতে কাটে,আসতে কাটে যেতে কাটে,A,D,0,0.116027064621448,0.72245842218399,0.532652556896209,0.0,4,কাটে,3,2
635,V1_shuffle,কাটে কাটে যেতে আসতে,আসতে কাটে যেতে কাটে,A,D,0,0.08984524756669901,0.6777599453926081,0.48495942354202204,0.008350794140177,4,কাটে,3,2
635,V2_reverse,কাটে যেতে কাটে আসতে,আসতে কাটে যেতে কাটে,A,D,0,0.10639261454343701,0.702031254768371,0.527970671653747,0.001001804166643,4,কাটে,3,2
635,V3_delete1,আসতে কাটে যেতে,আসতে কাটে যেতে কাটে,A,D,0,0.05505246296525,0.8295212388038631,0.6712814569473261,0.010213817499921,4,কাটে,3,2
635,V4_substitute1,আসতে কাটে ধর্মকর্ম কাটে,আসতে কাটে যেতে কাটে,A,D,0,0.115352176129817,0.732737243175506,0.51256263256073,0.00011059248995700001,4,কাটে,3,2
635,V5_in_sentence,"এই ব্যবসায় আসতে কাটে যেতে কাটে, তবু ছাড়তে ইচ্ছে করে না।",আসতে কাটে যেতে কাটে,A,A,1,0.344233661890029,0.344233661890029,0.187602490186691,0.13378572254200202,4,কাটে,3,2
639,V0_intact,আসমান-জমিন ফারাক,আসমান-জমিন ফারাক,A,B,0,0.042073916643857005,0.861462831497192,0.7260108590126031,0.0,3,আসমান,0,0
639,V1_shuffle,আসমান ফারাক জমিন,আসমান-জমিন ফারাক,A,B,0,0.06221404671669001,0.7933689951896661,0.672484517097473,0.004119527862096,3,আসমান,0,0
639,V2_reverse,ফারাক জমিন আসমান,আসমান-জমিন ফারাক,A,B,0,0.048516936600208005,0.846113443374633,0.692134618759155,0.000314513548436,3,আসমান,0,0
639,V3_delete1,জমিন ফারাক,আসমান-জমিন ফারাক,A,B,0,0.035055868327617,0.8819170594215391,0.747007966041564,0.000513635969401,3,আসমান,0,0
639,V4_substitute1,খানকতক জমিন ফারাক,আসমান-জমিন ফারাক,A,B,0,0.071439832448959,0.783898949623107,0.6326553225517271,0.00543587894974,3,আসমান,0,0
639,V5_in_sentence,দুই ভাইয়ের মধ্যে আসমান-জমিন ফারাক।,আসমান-জমিন ফারাক,A,B,0,0.077891573309898,0.793650448322296,0.6776600480079651,0.006025230356325,3,আসমান,0,0
658,V0_intact,"আহামরি নয়, হ্যাক-থুও নয়","আহামরি নয়, হ্যাক-থুও নয়",D,A,0,0.06636593490839,0.594099342823028,0.40428352355957003,0.0,5,হ্যাক,2,4
658,V1_shuffle,নয় নয় আহামরি হ্যাক থুও,"আহামরি নয়, হ্যাক-থুও নয়",D,A,0,0.043181523680686,0.7370607852935791,0.56736022233963,0.011602190319170001,5,হ্যাক,2,4
658,V2_reverse,নয় থুও হ্যাক নয় আহামরি,"আহামরি নয়, হ্যাক-থুও নয়",D,A,0,0.040428284555673,0.744261980056762,0.517147541046142,0.013423991653792001,5,হ্যাক,2,4
658,V3_delete1,আহামরি নয় থুও নয়,"আহামরি নয়, হ্যাক-থুও নয়",D,A,0,0.07669395953416801,0.5443868637084961,0.34966105222702004,0.0012695335717500002,5,হ্যাক,2,4
658,V4_substitute1,আহামরি নয় হ্যাক থুও খড়মপেয়ে,"আহামরি নয়, হ্যাক-থুও নয়",D,A,0,0.082692764699459,0.562363386154174,0.33759155869483903,0.002268541292276,5,হ্যাক,2,4
658,V5_in_sentence,"এই বাড়িটা আহামরি নয়, হ্যাক-থুও নয়—সাধারণ মানের।","আহামরি নয়, হ্যাক-থুও নয়",D,A,0,0.075055174529552,0.681514680385589,0.48111578822135903,0.00564430580835,5,হ্যাক,2,4
671,V0_intact,ইঁদুর কলে পড়া,ইঁদুর কলে পড়া,D,A,0,0.042933978140354004,0.924141108989715,0.764985978603363,0.0,3,পড়া,2,1
671,V1_shuffle,কলে ইঁদুর পড়া,ইঁদুর কলে পড়া,D,A,0,0.025267230346798,0.9587289690971371,0.8116204142570491,0.0028097938954560002,3,পড়া,2,1
671,V2_reverse,পড়া কলে ইঁদুর,ইঁদুর কলে পড়া,D,A,0,0.02472149580717,0.9627988338470451,0.8459588885307311,0.0038738825905070004,3,পড়া,2,1
671,V3_delete1,ইঁদুর কলে,ইঁদুর কলে পড়া,D,A,0,0.058458350598812006,0.780644953250885,0.6399159431457521,0.026809939485728,3,পড়া,2,1
671,V4_substitute1,ইঁদুর কথান্তর পড়া,ইঁদুর কলে পড়া,D,A,0,0.06552766263484901,0.797165751457214,0.6576629281044001,0.020733177630815003,3,পড়া,2,1
671,V5_in_sentence,সে লোভে ইঁদুর কলে পড়ে গেল এবং সবকিছু হারাল।,ইঁদুর কলে পড়া,D,D,1,0.5361062288284301,0.5361062288284301,0.37923806905746404,0.180377841628187,3,পড়া,2,1
739,V0_intact,উক্তস্য পুনঃ কথনং,উক্তস্য পুনঃ কথনং,D,D,1,0.456165343523025,0.456165343523025,0.23827563226222903,0.0,3,উক্তস্য,0,2
739,V1_shuffle,উক্তস্য কথনং পুনঃ,উক্তস্য পুনঃ কথনং,D,A,0,0.35311266779899503,0.41374415159225403,0.226381957530975,0.0059383763652460005,3,উক্তস্য,0,2
739,V2_reverse,কথনং পুনঃ উক্তস্য,উক্তস্য পুনঃ কথনং,D,D,1,0.40963935852050704,0.40963935852050704,0.23058006167411801,0.003278681245891,3,উক্তস্য,0,2
739,V3_delete1,পুনঃ কথনং,উক্তস্য পুনঃ কথনং,D,D,1,0.44334045052528304,0.44334045052528304,0.273994922637939,0.0027134739389360002,3,উক্তস্য,0,2
739,V4_substitute1,উক্তস্য পুনঃ কাফের,উক্তস্য পুনঃ কথনং,D,A,0,0.330704808235168,0.504987657070159,0.25395953655242903,0.017396636604597,3,উক্তস্য,0,2
739,V5_in_sentence,"সভায় সেই বিষয়টি আলোচনা হয়েছে, এখন আবার উক্তস্য পুনঃ কথনং করার কোনো প্রয়োজন নেই।",উক্তস্য পুনঃ কথনং,D,D,1,0.412200331687927,0.412200331687927,0.20877031981945002,0.0011849228670700001,3,উক্তস্য,0,2
781,V0_intact,উড়ো খই গোবিন্দায় নমঃ,উড়ো খই গোবিন্দায় নমঃ,B,D,0,0.005138551350682001,0.9800370931625361,0.843167006969451,0.0,4,গোবিন্দায়,2,1
781,V1_shuffle,গোবিন্দায় নমঃ উড়ো খই,উড়ো খই গোবিন্দায় নমঃ,B,D,0,0.0041188476607200005,0.9854793548583981,0.8761983513832091,0.00022677315379800002,4,গোবিন্দায়,2,1
781,V2_reverse,নমঃ গোবিন্দায় খই উড়ো,উড়ো খই গোবিন্দায় নমঃ,B,D,0,0.006166019011288,0.9771815538406371,0.8581267595291131,5.1187499575564364e-05,4,গোবিন্দায়,2,1
781,V3_delete1,উড়ো খই নমঃ,উড়ো খই গোবিন্দায় নমঃ,B,D,0,0.015847476199269,0.947114467620849,0.7621526718139641,0.004040715778188,4,গোবিন্দায়,2,1
781,V4_substitute1,উড়ো যায় গোবিন্দায় নমঃ,উড়ো খই গোবিন্দায় নমঃ,B,D,0,0.017332537099719002,0.9404271245002741,0.7896769046783441,0.005385225915602,4,গোবিন্দায়,2,1
781,V5_in_sentence,"সে অনিচ্ছায় দান করল, যেন উড়ো খই গোবিন্দায় নমঃ।",উড়ো খই গোবিন্দায় নমঃ,B,D,0,0.401175439357757,0.5287260413169861,0.409770220518112,0.172104318207791,4,গোবিন্দায়,2,1
863,V0_intact,উস্তম পুস্তম করা,উস্তম পুস্তম করা,A,B,0,0.06947387009859,0.8783386349678041,0.7726643085479731,0.0,3,উস্তম,0,1
863,V1_shuffle,পুস্তম করা উস্তম,উস্তম পুস্তম করা,A,B,0,0.04480156302452001,0.924113392829895,0.821673929691314,0.0029845889615490004,3,উস্তম,0,1
863,V2_reverse,করা পুস্তম উস্তম,উস্তম পুস্তম করা,A,B,0,0.06892443448305101,0.8716633915901181,0.7853984236717221,0.000147840501643,3,উস্তম,0,1
863,V3_delete1,পুস্তম করা,উস্তম পুস্তম করা,A,B,0,0.12098010629415501,0.7747535109519951,0.6890515089035031,0.009637409506727,3,উস্তম,0,1
863,V4_substitute1,উস্তম একবোতলের করা,উস্তম পুস্তম করা,A,B,0,0.22280830144882202,0.644871890544891,0.47416079044342,0.039237720418777,3,উস্তম,0,1
863,V5_in_sentence,সে সারাদিন উস্তম পুস্তম করে সবাইকে বিরক্ত করল।,উস্তম পুস্তম করা,A,A,1,0.552199125289917,0.552199125289917,0.433195084333419,0.154666962286505,3,উস্তম,0,1
924,V0_intact,এককড়াই দুধে একফোঁটা চোনা,এককড়াই দুধে একফোঁটা চোনা,D,C,0,0.12352966517210001,0.72753894329071,0.47697082161903304,0.0,4,চোনা,3,2
924,V1_shuffle,এককড়াই একফোঁটা চোনা দুধে,এককড়াই দুধে একফোঁটা চোনা,D,C,0,0.025883741676807,0.9377133250236511,0.7777330279350281,0.042351690852816,4,চোনা,3,2
924,V2_reverse,চোনা একফোঁটা দুধে এককড়াই,এককড়াই দুধে একফোঁটা চোনা,D,C,0,0.076676994562149,0.8455610871315,0.60403037071228,0.010664734091052001,4,চোনা,3,2
924,V3_delete1,এককড়াই দুধে একফোঁটা,এককড়াই দুধে একফোঁটা চোনা,D,C,0,0.17316177487373302,0.6687818169593811,0.45965051651000904,0.0028447125732330002,4,চোনা,3,2
924,V4_substitute1,এককড়াই দুধে ঢেঁড়া চোনা,এককড়াই দুধে একফোঁটা চোনা,D,C,0,0.032660920172929,0.920778095722198,0.7641854882240291,0.033879916410724,4,চোনা,3,2
924,V5_in_sentence,"তার সব ভালো গুণ একটা ছোট ভুলে নষ্ট হয়ে গেল, এককড়াই দুধে একফোঁটা চোনার মতো।",এককড়াই দুধে একফোঁটা চোনা,D,D,1,0.45801925659179604,0.45801925659179604,0.24311581254005402,0.08946045050093701,4,চোনা,3,2
946,V0_intact,এক কাপড়ে বেরিয়ে পড়া,এক কাপড়ে বেরিয়ে পড়া,D,C,0,0.012161700986325,0.962406575679779,0.8243355751037591,0.0,4,পড়া,3,0
946,V1_shuffle,বেরিয়ে পড়া কাপড়ে এক,এক কাপড়ে বেরিয়ে পড়া,D,C,0,0.006246384233236001,0.9786217808723451,0.866215705871582,0.0011802711093570001,4,পড়া,3,0
946,V2_reverse,পড়া বেরিয়ে কাপড়ে এক,এক কাপড়ে বেরিয়ে পড়া,D,C,0,0.016211444512009,0.9444746971130371,0.803773760795593,0.000937115959922,4,পড়া,3,0
946,V3_delete1,এক কাপড়ে বেরিয়ে,এক কাপড়ে বেরিয়ে পড়া,D,C,0,0.014906130731105001,0.9570186138153071,0.818880021572113,0.00012672318462,4,পড়া,3,0
946,V4_substitute1,রোজনামচা কাপড়ে বেরিয়ে পড়া,এক কাপড়ে বেরিয়ে পড়া,D,C,0,0.021613078191876002,0.945009589195251,0.7800819277763361,0.000979139516707,4,পড়া,3,0
946,V5_in_sentence,সে দারিদ্র্যের কারণে সব ছেড়ে এক কাপড়ে বেরিয়ে পড়ল।,এক কাপড়ে বেরিয়ে পড়া,D,C,0,0.151908680796623,0.6424895524978631,0.46180218458175604,0.09127293478976001,4,পড়া,3,0
980,V0_intact,একঘাটে জল খাওয়া,একঘাটে জল খাওয়া,A,D,0,0.016138510778546,0.9557713270187371,0.813465058803558,0.0,3,একঘাটে,0,1
980,V1_shuffle,একঘাটে খাওয়া জল,একঘাটে জল খাওয়া,A,D,0,0.03172268345952,0.9078375697135921,0.7206934094429011,0.004625519906034,3,একঘাটে,0,1
980,V2_reverse,খাওয়া জল একঘাটে,একঘাটে জল খাওয়া,A,D,0,0.052788574248552,0.855889201164245,0.68776535987854,0.015366758938199,3,একঘাটে,0,1
980,V3_delete1,জল খাওয়া,একঘাটে জল খাওয়া,A,D,0,0.041049368679523,0.8879594802856441,0.683082520961761,0.008261693465031,3,একঘাটে,0,1
980,V4_substitute1,একঘাটে স্বর্ণগর্ভা খাওয়া,একঘাটে জল খাওয়া,A,C,0,0.22783188521862002,0.304003059864044,0.174295410513877,0.27920449397240005,3,একঘাটে,0,1
980,V5_in_sentence,কড়া শাসনের ফলে বাঘ আর গরু একঘাটে জল খাচ্ছে।,একঘাটে জল খাওয়া,A,D,0,0.14887669682502702,0.6155518293380731,0.392391830682754,0.09621623379584,3,একঘাটে,0,1
1015,V0_intact,একটা-না-একটা,একটা-না-একটা,A,A,1,0.5069757103919981,0.5069757103919981,0.33148676156997603,0.0,3,একটা,2,1
1015,V1_shuffle,না একটা একটা,একটা-না-একটা,A,A,1,0.45444306731224005,0.45444306731224005,0.28668972849845803,0.0028002436535910003,3,একটা,2,1
1015,V2_reverse,একটা না একটা,একটা-না-একটা,A,A,1,0.5142303109169001,0.5142303109169001,0.39233416318893405,0.0009872113139030002,3,একটা,2,1
1015,V3_delete1,একটা না,একটা-না-একটা,A,A,1,0.46335664391517606,0.46335664391517606,0.29451712965965204,0.001737596758636,3,একটা,2,1
1015,V4_substitute1,একটা দোষ একটা,একটা-না-একটা,A,A,1,0.34995362162590005,0.34995362162590005,0.234914422035217,0.035319107969335004,3,একটা,2,1
1015,V5_in_sentence,তার সবসময় একটা-না-একটা অজুহাত থাকে কাজ না করার জন্য।,একটা-না-একটা,A,A,1,0.40866652131080605,0.40866652131080605,0.244166851043701,0.030165294461375003,3,একটা,2,1
1050,V0_intact,একপয়সা মা-বাপ,একপয়সা মা-বাপ,B,A,0,0.039635710418224,0.8966484665870661,0.7741976976394651,0.0,3,মা,1,0
1050,V1_shuffle,মা বাপ একপয়সা,একপয়সা মা-বাপ,B,A,0,0.029106721282005,0.9164258837699891,0.7836694121360771,0.000640084201108,3,মা,1,0
1050,V2_reverse,বাপ মা একপয়সা,একপয়সা মা-বাপ,B,A,0,0.031439125537872,0.9123463630676271,0.783571302890777,0.000400627695606,3,মা,1,0
1050,V3_delete1,একপয়সা বাপ,একপয়সা মা-বাপ,B,A,0,0.046402130275964,0.8785731196403501,0.735567331314086,0.00040992885002,3,মা,1,0
1050,V4_substitute1,লঘু মা বাপ,একপয়সা মা-বাপ,B,A,0,0.130194783210754,0.659950971603393,0.5008387565612791,0.04232694607681901,3,মা,1,0
1050,V5_in_sentence,"সে একপয়সা মা-বাপ, কখনো কাউকে সাহায্য করে না।",একপয়সা মা-বাপ,B,A,0,0.146962955594062,0.5851148962974541,0.41806483268737704,0.06672642172957101,3,মা,1,0
1081,V0_intact,একমুখে দুই কথা,একমুখে দুই কথা,A,C,0,0.169656842947006,0.723726749420166,0.5861989855766291,0.0,3,একমুখে,0,1
1081,V1_shuffle,কথা একমুখে দুই,একমুখে দুই কথা,A,C,0,0.11139303445816001,0.797137975692749,0.687365889549255,0.004820031732969,3,একমুখে,0,1
1081,V2_reverse,কথা দুই একমুখে,একমুখে দুই কথা,A,C,0,0.185453712940216,0.6364170312881471,0.518735349178314,0.006943037065401001,3,একমুখে,0,1
1081,V3_delete1,দুই কথা,একমুখে দুই কথা,A,C,0,0.34025874733924805,0.539889395236969,0.453080117702484,0.021469076206354,3,একমুখে,0,1
1081,V4_substitute1,একমুখে কৃপা কথা,একমুখে দুই কথা,A,C,0,0.229026600718498,0.532459676265716,0.363469690084457,0.022792590212551003,3,একমুখে,0,1
1081,V5_in_sentence,"সে একমুখে দুই কথা বলে, কখনো বিশ্বাস করা যায় না।",একমুখে দুই কথা,A,C,0,0.324974417686462,0.34423851966857905,0.22467613220214802,0.077164754546393,3,একমুখে,0,1
1176,V0_intact,এ-টু-জেড,এ-টু-জেড,D,B,0,0.209476649761199,0.390612363815307,0.19420856237411502,0.0,3,টু,1,2
1176,V1_shuffle,টু এ জেড,এ-টু-জেড,D,A,0,0.24602535367012002,0.329146802425384,0.162883222103118,0.0049434617613680005,3,টু,1,2
1176,V2_reverse,জেড টু এ,এ-টু-জেড,D,A,0,0.22526074945926602,0.33594182133674605,0.154408976435661,0.0027470833531020003,3,টু,1,2
1176,V3_delete1,এ জেড,এ-টু-জেড,D,B,0,0.20356437563896101,0.41421526670455905,0.208520174026489,0.00029497966071500003,3,টু,1,2
1176,V4_substitute1,এ টু কচলি,এ-টু-জেড,D,A,0,0.25021708011627203,0.36694392561912503,0.169120490550994,0.012392115976084,3,টু,1,2
1176,V5_in_sentence,এই বইটির এ-টু-জেড আমি পড়েছি।,এ-টু-জেড,D,A,0,0.232024818658828,0.46108362078666604,0.23102015256881703,0.022761537190707,3,টু,1,2
1194,V0_intact,এদিক সেদিক করা,এদিক সেদিক করা,D,A,0,0.156854569911956,0.6388700604438781,0.475901663303375,0.0,3,করা,2,2
1194,V1_shuffle,এদিক করা সেদিক,এদিক সেদিক করা,D,A,0,0.150647699832916,0.601878941059112,0.44686192274093606,0.0025381926774680004,3,করা,2,2
1194,V2_reverse,করা সেদিক এদিক,এদিক সেদিক করা,D,A,0,0.20078033208847001,0.47987014055252003,0.35794675350189203,0.018644502569522003,3,করা,2,2
1194,V3_delete1,এদিক সেদিক,এদিক সেদিক করা,D,A,0,0.15708054602146101,0.57660961151123,0.407238483428955,0.002851691344519,3,করা,2,2
1194,V4_substitute1,এদিক সেদিক দাগ,এদিক সেদিক করা,D,A,0,0.13850051164627,0.715728104114532,0.5360280871391291,0.0038865485572790004,3,করা,2,2
1194,V5_in_sentence,"তুমি এদিক সেদিক করো না, পুরো টাকা দাও।",এদিক সেদিক করা,D,A,0,0.147238671779632,0.6765612363815301,0.46263638138771,0.0008818885886550001,3,করা,2,2
1199,V0_intact,এনাফ ইজ এনাফ,এনাফ ইজ এনাফ,D,D,1,0.32984957098960804,0.32984957098960804,0.15560735762119202,0.0,3,ইজ,1,2
1199,V1_shuffle,ইজ এনাফ এনাফ,এনাফ ইজ এনাফ,D,D,1,0.327129811048507,0.327129811048507,0.17219761013984602,0.000151190447585,3,ইজ,1,2
1199,V2_reverse,এনাফ ইজ এনাফ,এনাফ ইজ এনাফ,D,D,1,0.32984957098960804,0.32984957098960804,0.15560735762119202,0.0,3,ইজ,1,2
1199,V3_delete1,এনাফ এনাফ,এনাফ ইজ এনাফ,D,D,1,0.33203747868537903,0.33203747868537903,0.166546821594238,9.98886555098527e-05,3,ইজ,1,2
1199,V4_substitute1,এনাফ ইজ ধরাকে,এনাফ ইজ এনাফ,D,D,1,0.31706687808036804,0.31706687808036804,0.16934376955032301,0.00034073020903700003,3,ইজ,1,2
1199,V5_in_sentence,"তোমার এই অত্যাচার এনাফ ইজ এনাফ, আর সহ্য করব না।",এনাফ ইজ এনাফ,D,D,1,0.5836606621742241,0.5836606621742241,0.28899353742599404,0.035037194440597004,3,ইজ,1,2
1250,V0_intact,ওঝার ঘাড়ে ভূতের বোঝা,ওঝার ঘাড়ে ভূতের বোঝা,A,C,0,0.11534857749938901,0.738061189651489,0.6128876805305481,0.0,4,ঘাড়ে,1,1
1250,V1_shuffle,ওঝার ঘাড়ে বোঝা ভূতের,ওঝার ঘাড়ে ভূতের বোঝা,A,C,0,0.122360855340957,0.709214150905609,0.5838710665702821,0.000791649906371,4,ঘাড়ে,1,1
1250,V2_reverse,বোঝা ভূতের ঘাড়ে ওঝার,ওঝার ঘাড়ে ভূতের বোঝা,A,C,0,0.031447123736143,0.9284925460815431,0.817224085330963,0.035508960963698,4,ঘাড়ে,1,1
1250,V3_delete1,ওঝার ভূতের বোঝা,ওঝার ঘাড়ে ভূতের বোঝা,A,C,0,0.096644632518291,0.7979102134704591,0.6321775317192071,0.0027099300568260002,4,ঘাড়ে,1,1
1250,V4_substitute1,ওঝার অন্নপ্রাসন ভূতের বোঝা,ওঝার ঘাড়ে ভূতের বোঝা,A,C,0,0.171847224235534,0.604554891586303,0.43834823369979803,0.010472434894541001,4,ঘাড়ে,1,1
1250,V5_in_sentence,সে সবাইকে সাহায্য করতে গিয়ে ওঝার ঘাড়ে ভূতের বোঝা হয়ে পড়ল।,ওঝার ঘাড়ে ভূতের বোঝা,A,C,0,0.064437016844749,0.8659210205078121,0.734408259391784,0.013277326379471,4,ঘাড়ে,1,1
1301,V0_intact,কংস রাজার বদ ফরমাশ,কংস রাজার বদ ফরমাশ,D,B,0,0.125396117568016,0.673463344573974,0.494724154472351,0.0,4,কংস,0,3
1301,V1_shuffle,বদ ফরমাশ কংস রাজার,কংস রাজার বদ ফরমাশ,D,B,0,0.12488220632076201,0.684115350246429,0.49633926153182906,0.00046090899436400005,4,কংস,0,3
1301,V2_reverse,ফরমাশ বদ রাজার কংস,কংস রাজার বদ ফরমাশ,D,B,0,0.062288228422403,0.8272564411163331,0.600288152694702,0.016533121160173,4,কংস,0,3
1301,V3_delete1,রাজার বদ ফরমাশ,কংস রাজার বদ ফরমাশ,D,B,0,0.189143493771553,0.5017904043197631,0.312060087919235,0.016043121333271,4,কংস,0,3
1301,V4_substitute1,কংস রাজার বদ কানামামা,কংস রাজার বদ ফরমাশ,D,B,0,0.10839603841304701,0.6755233407020561,0.47329214215278603,0.0011242247406090002,4,কংস,0,3
1301,V5_in_sentence,বসের এই কংস রাজার বদ ফরমাশ মেনে নেওয়া অসম্ভব।,কংস রাজার বদ ফরমাশ,D,B,0,0.21958112716674802,0.691621422767639,0.475188553333282,0.018098952523393,4,কংস,0,3
1439,V0_intact,কথা নেই বার্তা নেই,কথা নেই বার্তা নেই,A,C,0,0.026279227808117003,0.782744288444519,0.5351457595825191,0.0,4,কথা,0,0
1439,V1_shuffle,কথা বার্তা নেই নেই,কথা নেই বার্তা নেই,A,C,0,0.061125341802835007,0.529043316841125,0.283099889755249,0.036712779399492,4,কথা,0,0
1439,V2_reverse,নেই বার্তা নেই কথা,কথা নেই বার্তা নেই,A,C,0,0.032500509172677,0.722904682159423,0.474425733089447,0.0026384301144280003,4,কথা,0,0
1439,V3_delete1,নেই বার্তা নেই,কথা নেই বার্তা নেই,A,C,0,0.015536586754024001,0.9132939577102661,0.6933680772781371,0.017437374512496003,4,কথা,0,0
1439,V4_substitute1,এধার নেই বার্তা নেই,কথা নেই বার্তা নেই,A,C,0,0.045538999140262,0.7839717864990231,0.49191200733184803,0.0016257716733510002,4,কথা,0,0
1439,V5_in_sentence,কথা নেই বার্তা নেই সে বাড়িতে চলে এলো।,কথা নেই বার্তা নেই,A,C,0,0.036180417984724,0.765432476997375,0.510868966579437,0.0007061918970170001,4,কথা,0,0
1576,V0_intact,ক বলতে হ,ক বলতে হ,A,D,0,0.029700379818677004,0.9404962658882141,0.7561900019645691,0.0,3,হ,2,1
1576,V1_shuffle,ক হ বলতে,ক বলতে হ,A,D,0,0.035520762205123,0.93389755487442,0.729915618896484,0.000158865035016,3,হ,2,1
1576,V2_reverse,হ বলতে ক,ক বলতে হ,A,D,0,0.034180216491222,0.9311313629150391,0.728146493434906,0.000183027883253,3,হ,2,1
1576,V3_delete1,ক বলতে,ক বলতে হ,A,D,0,0.039401650428771,0.9253456592559811,0.721038281917572,0.0004887054240710001,3,হ,2,1
1576,V4_substitute1,ক নামাই হ,ক বলতে হ,A,D,0,0.223434135317802,0.424440920352935,0.20007051527500103,0.172214447096896,3,হ,2,1
1576,V5_in_sentence,সে এতটাই ক বলতে হ যে সাধারণ চিঠিও পড়তে পারে না।,ক বলতে হ,A,A,1,0.365990310907363,0.365990310907363,0.15743713080883,0.284241206377008,3,হ,2,1
1616,V0_intact,কর্জ নেই কষ্ট নেই,কর্জ নেই কষ্ট নেই,D,B,0,0.027488104999065004,0.7864166498184201,0.559633195400238,0.0,4,নেই,3,3
1616,V1_shuffle,নেই নেই কষ্ট কর্জ,কর্জ নেই কষ্ট নেই,D,B,0,0.030291968956589,0.760624945163726,0.575802147388458,0.000490729456082,4,নেই,3,3
1616,V2_reverse,নেই কষ্ট নেই কর্জ,কর্জ নেই কষ্ট নেই,D,B,0,0.045096836984157,0.666231632232666,0.46545827388763406,0.009262463128518,4,নেই,3,3
1616,V3_delete1,কর্জ নেই কষ্ট,কর্জ নেই কষ্ট নেই,D,B,0,0.022201750427484002,0.8372123837471,0.6472394466400141,0.0021330775821260003,4,নেই,3,3
1616,V4_substitute1,কর্জ নেই কষ্ট লঘু,কর্জ নেই কষ্ট নেই,D,B,0,0.09098441153764701,0.5098500251770021,0.296939522027969,0.045441864827512,4,নেই,3,3
1616,V5_in_sentence,"আমার কর্জ নেই কষ্ট নেই, তাই জীবনটা শান্তিপূর্ণ।",কর্জ নেই কষ্ট নেই,D,A,0,0.042769208550453006,0.686606049537658,0.43616762757301303,0.18808538657415003,4,নেই,3,3
1781,V0_intact,কাঁচে কাঞ্চনে সমান,কাঁচে কাঞ্চনে সমান,C,B,0,0.303615927696228,0.468641400337219,0.37682047486305204,0.0,3,কাঁচে,0,1
1781,V1_shuffle,কাঞ্চনে সমান কাঁচে,কাঁচে কাঞ্চনে সমান,C,B,0,0.116593651473522,0.7771494388580321,0.651511490345001,0.05309050266376401,3,কাঁচে,0,1
1781,V2_reverse,সমান কাঞ্চনে কাঁচে,কাঁচে কাঞ্চনে সমান,C,B,0,0.086035154759883,0.781756341457366,0.6613221764564511,0.058767068345470005,3,কাঁচে,0,1
1781,V3_delete1,কাঞ্চনে সমান,কাঁচে কাঞ্চনে সমান,C,B,0,0.351376622915267,0.416870892047882,0.319506585597991,0.0017297978451610001,3,কাঁচে,0,1
1781,V4_substitute1,কাঁচে গাঁক সমান,কাঁচে কাঞ্চনে সমান,C,B,0,0.25073829293251004,0.433467060327529,0.378234267234802,0.00526591242638,3,কাঁচে,0,1
1781,V5_in_sentence,সে এতটাই অজ্ঞান যে কাঁচে কাঞ্চনে সমান করে ফেলে।,কাঁচে কাঞ্চনে সমান,C,B,0,0.17570674419403,0.6258248090744011,0.45418334007263106,0.021383610600325002,3,কাঁচে,0,1
1785,V0_intact,কাঁটাগাছের তলায় থাকা,কাঁটাগাছের তলায় থাকা,A,D,0,0.054697148501873,0.454499006271362,0.32054468989372203,0.0,3,তলায়,1,2
1785,V1_shuffle,কাঁটাগাছের থাকা তলায়,কাঁটাগাছের তলায় থাকা,A,C,0,0.08778604865074101,0.537790894508361,0.379685789346694,0.009981669357207,3,তলায়,1,2
1785,V2_reverse,থাকা তলায় কাঁটাগাছের,কাঁটাগাছের তলায় থাকা,A,D,0,0.045494299381971005,0.46258795261383,0.33122980594635004,0.00023242528495900003,3,তলায়,1,2
1785,V3_delete1,কাঁটাগাছের থাকা,কাঁটাগাছের তলায় থাকা,A,D,0,0.09571358561515801,0.44827339053153903,0.323537081480026,0.003365100932187,3,তলায়,1,2
1785,V4_substitute1,কাঁটাগাছের তলায় বিধাতা,কাঁটাগাছের তলায় থাকা,A,C,0,0.054707746952772,0.7613445520401001,0.590983510017395,0.086342035172959,3,তলায়,1,2
1785,V5_in_sentence,সে কাঁটাগাছের তলায় থাকার মতো সর্বদা বিপদের ভয়ে কাঁপে।,কাঁটাগাছের তলায় থাকা,A,A,1,0.438588410615921,0.438588410615921,0.382355511188507,0.23107098518392102,3,তলায়,1,2
1798,V0_intact,কাঁড়ানো চালে তিন ঘা পাড়,কাঁড়ানো চালে তিন ঘা পাড়,C,D,0,0.12604349851608201,0.685121595859527,0.48815137147903404,0.0,5,তিন,2,2
1798,V1_shuffle,পাড় কাঁড়ানো ঘা চালে তিন,কাঁড়ানো চালে তিন ঘা পাড়,C,D,0,0.05173072963953,0.862861573696136,0.6885767579078671,0.023563587333948,5,তিন,2,2
1798,V2_reverse,পাড় ঘা তিন চালে কাঁড়ানো,কাঁড়ানো চালে তিন ঘা পাড়,C,D,0,0.146490290760993,0.665221810340881,0.46609285473823503,0.0008197640945390001,5,তিন,2,2
1798,V3_delete1,কাঁড়ানো চালে ঘা পাড়,কাঁড়ানো চালে তিন ঘা পাড়,C,D,0,0.247411981225013,0.368251204490661,0.22686386108398401,0.051383877904906006,5,তিন,2,2
1798,V4_substitute1,কাঁড়ানো চালে পাগল ঘা পাড়,কাঁড়ানো চালে তিন ঘা পাড়,C,D,0,0.26699325442314104,0.340267598628997,0.21547316014766602,0.06100909889832801,5,তিন,2,2
1798,V5_in_sentence,"পরীক্ষা শেষ হয়ে গেছে, এখন কাঁড়ানো চালে তিন ঘা পাড়ার কী দরকার?",কাঁড়ানো চালে তিন ঘা পাড়,C,D,0,0.26475715637207003,0.42687013745307906,0.22960945963859503,0.036339420793887,5,তিন,2,2
1802,V0_intact,কাঁধে কাঁধ মেলানো,কাঁধে কাঁধ মেলানো,A,D,0,0.161016732454299,0.6766114234924311,0.617070198059082,0.0,3,কাঁধ,1,2
1802,V1_shuffle,কাঁধে মেলানো কাঁধ,কাঁধে কাঁধ মেলানো,A,D,0,0.11977069824934002,0.6973667740821831,0.593772113323211,0.002058000242545,3,কাঁধ,1,2
1802,V2_reverse,মেলানো কাঁধ কাঁধে,কাঁধে কাঁধ মেলানো,A,D,0,0.267230063676834,0.42531704902648904,0.37505602836608803,0.037019168954863006,3,কাঁধ,1,2
1802,V3_delete1,কাঁধে মেলানো,কাঁধে কাঁধ মেলানো,A,D,0,0.121873572468757,0.579295575618743,0.502920031547546,0.017763953227743,3,কাঁধ,1,2
1802,V4_substitute1,কাঁধে কাঁধ কপোলকল্পনা,কাঁধে কাঁধ মেলানো,A,D,0,0.15292921662330602,0.5785636901855461,0.47082543373107905,0.014178410955450001,3,কাঁধ,1,2
1802,V5_in_sentence,আমরা সবাই কাঁধে কাঁধ মেলিয়ে এই প্রকল্পটি সম্পন্ন করব।,কাঁধে কাঁধ মেলানো,A,D,0,0.29290747642517,0.545964539051055,0.38112503290176303,0.013746874738146002,3,কাঁধ,1,2
1807,V0_intact,কার কস্য পরিবেদনা,কার কস্য পরিবেদনা,D,A,0,0.132002145051956,0.644092798233032,0.563127219676971,0.0,3,কস্য,1,2
1807,V1_shuffle,কস্য কার পরিবেদনা,কার কস্য পরিবেদনা,D,A,0,0.09974159300327301,0.662894427776336,0.530234038829803,0.004238520075256,3,কস্য,1,2
1807,V2_reverse,পরিবেদনা কস্য কার,কার কস্য পরিবেদনা,D,A,0,0.019373565912246,0.9348695874214171,0.8717020750045771,0.069615197713058,3,কস্য,1,2
1807,V3_delete1,কার পরিবেদনা,কার কস্য পরিবেদনা,D,A,0,0.11229876428842502,0.6867707967758171,0.574373960494995,0.001175024307725,3,কস্য,1,2
1807,V4_substitute1,কার কস্য কচরকচর,কার কস্য পরিবেদনা,D,A,0,0.15416885912418302,0.46126779913902205,0.34010770916938704,0.022864203900473,3,কস্য,1,2
1807,V5_in_sentence,এখন কার কস্য পরিবেদনা করছ? সব ঠিক হয়ে যাবে।,কার কস্য পরিবেদনা,D,A,0,0.288272529840469,0.48949539661407404,0.37803095579147306,0.024034528069046,3,কস্য,1,2
1810,V0_intact,কাক-কোকিলে ভেদ,কাক-কোকিলে ভেদ,B,C,0,0.22468577325344002,0.5388633608818051,0.52910965681076,0.0,3,কাক,0,2
1810,V1_shuffle,ভেদ কোকিলে কাক,কাক-কোকিলে ভেদ,B,C,0,0.208860605955123,0.535837650299072,0.5220488309860231,0.000690951868262,3,কাক,0,2
1810,V2_reverse,ভেদ কোকিলে কাক,কাক-কোকিলে ভেদ,B,C,0,0.208860605955123,0.535837650299072,0.5220488309860231,0.000690951868262,3,কাক,0,2
1810,V3_delete1,কোকিলে ভেদ,কাক-কোকিলে ভেদ,B,C,0,0.15666164457798,0.720105588436126,0.6811553239822381,0.018666981926772002,3,কাক,0,2
1810,V4_substitute1,কাক কোকিলে ছোঁ,কাক-কোকিলে ভেদ,B,C,0,0.06269636005163101,0.5679023861885071,0.5080136060714721,0.033158551466959,3,কাক,0,2
1810,V5_in_sentence,"তার কাক-কোকিলে ভেদ নেই, সবকিছুতে সে ভুল করে।",কাক-কোকিলে ভেদ,B,C,0,0.23784852027893003,0.349840730428695,0.275730222463607,0.028856648632590003,3,কাক,0,2
1811,V0_intact,কাক-কোকিলের সমান দর,কাক-কোকিলের সমান দর,B,C,0,0.023118413984775002,0.8912836313247681,0.7570774555206291,0.0,4,কাক,0,3
1811,V1_shuffle,দর কোকিলের কাক সমান,কাক-কোকিলের সমান দর,B,C,0,0.085989393293857,0.533877551555633,0.36234945058822604,0.082720000214484,4,কাক,0,3
1811,V2_reverse,দর সমান কোকিলের কাক,কাক-কোকিলের সমান দর,B,C,0,0.024791084229946,0.871797561645507,0.700355410575866,0.0005019546993180001,4,কাক,0,3
1811,V3_delete1,কোকিলের সমান দর,কাক-কোকিলের সমান দর,B,C,0,0.007138838525861,0.967849850654602,0.8632954359054561,0.011795471409107,4,কাক,0,3
1811,V4_substitute1,কাক কোকিলের সমান তুষানল,কাক-কোকিলের সমান দর,B,C,0,0.062992699444293,0.738869071006774,0.572615385055542,0.020304432132341,4,কাক,0,3
1811,V5_in_sentence,"এখন বাজারে সব ফলের কাক-কোকিলের সমান দর, কেউ ভালো-খারাপ বোঝে না।",কাক-কোকিলের সমান দর,B,C,0,0.22875733673572501,0.46732151508331304,0.248233139514923,0.11479458051046001,4,কাক,0,3
1925,V0_intact,কাটা কান চুল দিয়ে ঢাকা,কাটা কান চুল দিয়ে ঢাকা,A,D,0,0.170683220028877,0.41647499799728305,0.248150661587715,0.0,5,দিয়ে,3,2
1925,V1_shuffle,দিয়ে কান চুল ঢাকা কাটা,কাটা কান চুল দিয়ে ঢাকা,A,D,0,0.050046470016241004,0.822189688682556,0.638734459877014,0.09090867769581101,5,দিয়ে,3,2
1925,V2_reverse,ঢাকা দিয়ে চুল কান কাটা,কাটা কান চুল দিয়ে ঢাকা,A,D,0,0.025080565363168,0.9090520739555351,0.749588131904602,0.147738011662641,5,দিয়ে,3,2
1925,V3_delete1,কাটা কান চুল ঢাকা,কাটা কান চুল দিয়ে ঢাকা,A,D,0,0.13321433961391402,0.5543497204780571,0.33843368291854803,0.009591036545692001,5,দিয়ে,3,2
1925,V4_substitute1,কাটা কান মারমার দিয়ে ঢাকা,কাটা কান চুল দিয়ে ঢাকা,A,D,0,0.107726231217384,0.6401091217994691,0.454578101634979,0.025326990349613002,5,দিয়ে,3,2
1925,V5_in_sentence,সে তার অপমান কাটা কান চুল দিয়ে ঢাকার চেষ্টা করল।,কাটা কান চুল দিয়ে ঢাকা,A,D,0,0.31463673710823004,0.40527394413948004,0.26950269937515203,0.017276652179181,5,দিয়ে,3,2
1969,V0_intact,কাদা ওড়ানীর কাছে ধুলা উড়ানী,কাদা ওড়ানীর কাছে ধুলা উড়ানী,A,C,0,0.088400639593601,0.820714235305786,0.715653181076049,0.0,5,উড়ানী,4,4
1969,V1_shuffle,ওড়ানীর কাছে ধুলা কাদা উড়ানী,কাদা ওড়ানীর কাছে ধুলা উড়ানী,A,C,0,0.10820117592811501,0.781404972076416,0.690362453460693,0.001224039475037,5,উড়ানী,4,4
1969,V2_reverse,উড়ানী ধুলা কাছে ওড়ানীর কাদা,কাদা ওড়ানীর কাছে ধুলা উড়ানী,A,C,0,0.09396792203187901,0.787552177906036,0.6781684160232541,0.0014129722587160002,5,উড়ানী,4,4
1969,V3_delete1,কাদা ওড়ানীর কাছে ধুলা,কাদা ওড়ানীর কাছে ধুলা উড়ানী,A,C,0,0.10137191414833001,0.822539150714874,0.7352827191352841,0.000551454206504,5,উড়ানী,4,4
1969,V4_substitute1,কাদা ওড়ানীর কাছে ধুলা গুঁজা,কাদা ওড়ানীর কাছে ধুলা উড়ানী,A,C,0,0.083759330213069,0.840076208114624,0.74095207452774,0.0005887145309200001,5,উড়ানী,4,4
1969,V5_in_sentence,সে কাদা ওড়ানীর কাছে ধুলা উড়ানী করতে গিয়ে নিজেই ধরা পড়ে গেল।,কাদা ওড়ানীর কাছে ধুলা উড়ানী,A,C,0,0.122809581458568,0.7429015040397641,0.6333873867988581,0.0050681456332350005,5,উড়ানী,4,4
2046,V0_intact,কানে ফুঁ দেওয়া,কানে ফুঁ দেওয়া,C,B,0,0.11506966501474301,0.7601402401924131,0.576853275299072,0.0,3,কানে,0,1
2046,V1_shuffle,ফুঁ দেওয়া কানে,কানে ফুঁ দেওয়া,C,B,0,0.15695348381996102,0.568181872367858,0.33805894851684504,0.023238461519234,3,কানে,0,1
2046,V2_reverse,দেওয়া ফুঁ কানে,কানে ফুঁ দেওয়া,C,B,0,0.10840093344449901,0.7396665215492241,0.532613813877105,0.0009050890737380001,3,কানে,0,1
2046,V3_delete1,ফুঁ দেওয়া,কানে ফুঁ দেওয়া,C,B,0,0.078932590782642,0.8943023681640621,0.7343763709068291,0.022135957851077002,3,কানে,0,1
2046,V4_substitute1,কানে খিলাফ দেওয়া,কানে ফুঁ দেওয়া,C,B,0,0.207830116152763,0.560985505580902,0.369159668684005,0.02275030797946,3,কানে,0,1
2046,V5_in_sentence,সে তার ভাইয়ের কানে ফুঁ দিয়ে তাকে পরিবারের বিরুদ্ধে উসকান দিয়েছে।,কানে ফুঁ দেওয়া,C,B,0,0.10634787380695301,0.6656090617179871,0.41472303867340005,0.009584917548002002,3,কানে,0,1
2075,V0_intact,কাম নাই কামাইও নাই,কাম নাই কামাইও নাই,B,B,1,0.386708527803421,0.386708527803421,0.16934645175933802,0.0,4,নাই,1,3
2075,V1_shuffle,নাই নাই কাম কামাইও,কাম নাই কামাইও নাই,B,A,0,0.31841924786567605,0.5470094084739681,0.289111793041229,0.023276515381722002,4,নাই,1,3
2075,V2_reverse,নাই কামাইও নাই কাম,কাম নাই কামাইও নাই,B,A,0,0.35399577021598805,0.471236705780029,0.20519967377185802,0.009429884149525001,4,নাই,1,3
2075,V3_delete1,কাম কামাইও নাই,কাম নাই কামাইও নাই,B,B,1,0.432089507579803,0.432089507579803,0.20098006725311202,0.004422158221455,4,নাই,1,3
2075,V4_substitute1,কাম নাই কামাইও জিন,কাম নাই কামাইও নাই,B,A,0,0.331226199865341,0.480619400739669,0.209753960371017,0.00957109676253,4,নাই,1,3
2075,V5_in_sentence,"গ্রামে তার কাম নাই কামাইও নাই, তাই যা পায় তাই করে।",কাম নাই কামাইও নাই,B,B,1,0.365196913480758,0.365196913480758,0.165020376443862,0.003391138994453,4,নাই,1,3
2218,V0_intact,কুঁচকি-কণ্ঠা খাওয়া,কুঁচকি-কণ্ঠা খাওয়া,B,A,0,0.10653101652860601,0.7512495517730711,0.43292152881622303,0.0,3,খাওয়া,2,2
2218,V1_shuffle,কণ্ঠা কুঁচকি খাওয়া,কুঁচকি-কণ্ঠা খাওয়া,B,A,0,0.057207386940717,0.8685452342033381,0.577761590480804,0.011355180268703,3,খাওয়া,2,2
2218,V2_reverse,খাওয়া কণ্ঠা কুঁচকি,কুঁচকি-কণ্ঠা খাওয়া,B,A,0,0.042641714215278,0.8758769631385801,0.575538098812103,0.013939730864941002,3,খাওয়া,2,2
2218,V3_delete1,কুঁচকি কণ্ঠা,কুঁচকি-কণ্ঠা খাওয়া,B,A,0,0.093635782599449,0.7790646553039551,0.459523350000381,0.0005920860846940001,3,খাওয়া,2,2
2218,V4_substitute1,কুঁচকি কণ্ঠা ঔষধ,কুঁচকি-কণ্ঠা খাওয়া,B,A,0,0.106923758983612,0.760300815105438,0.42525607347488403,9.644087435875961e-05,3,খাওয়া,2,2
2218,V5_in_sentence,পার্টিতে সে কুঁচকি-কণ্ঠা খেয়ে পরে খুব অস্বস্তি বোধ করল।,কুঁচকি-কণ্ঠা খাওয়া,B,A,0,0.16007184982299802,0.5647145509719841,0.24731324613094302,0.022855648405780003,3,খাওয়া,2,2
2237,V0_intact,কুছ পরোয়া নেই,কুছ পরোয়া নেই,C,C,1,0.37355652451515203,0.37355652451515203,0.23938953876495303,0.0,3,নেই,2,1
2237,V1_shuffle,পরোয়া কুছ নেই,কুছ পরোয়া নেই,C,A,0,0.28588649630546503,0.382663488388061,0.25907686352729803,0.005421304634951001,3,নেই,2,1
2237,V2_reverse,নেই পরোয়া কুছ,কুছ পরোয়া নেই,C,A,0,0.269082903861999,0.36598715186119,0.25493314862251204,0.008697938209213,3,নেই,2,1
2237,V3_delete1,কুছ পরোয়া,কুছ পরোয়া নেই,C,A,0,0.24655702710151603,0.335361838340759,0.279560506343841,0.016081304834352002,3,নেই,2,1
2237,V4_substitute1,কুছ কূপমণ্ডুক নেই,কুছ পরোয়া নেই,C,A,0,0.255727648735046,0.42583990097045904,0.266116827726364,0.008526188497959001,3,নেই,2,1
2237,V5_in_sentence,"কুছ পরোয়া নেই, আমি তো তোমার পাশে আছি।",কুছ পরোয়া নেই,C,A,0,0.252395302057266,0.41165181994438105,0.296765089035034,0.00898025479534,3,নেই,2,1
2278,V0_intact,কুল রাখা কি শ্যাম রাখা,কুল রাখা কি শ্যাম রাখা,D,B,0,0.20728662610054002,0.530302643775939,0.36864322423934903,0.0,5,কুল,0,2
2278,V1_shuffle,কি রাখা কুল রাখা শ্যাম,কুল রাখা কি শ্যাম রাখা,D,B,0,0.162666991353034,0.5933071374893181,0.42314174771308904,0.0027545450858280003,5,কুল,0,2
2278,V2_reverse,রাখা শ্যাম কি রাখা কুল,কুল রাখা কি শ্যাম রাখা,D,B,0,0.281245529651641,0.34237039089202803,0.21447542309761003,0.018363002138657002,5,কুল,0,2
2278,V3_delete1,রাখা কি শ্যাম রাখা,কুল রাখা কি শ্যাম রাখা,D,D,1,0.340199828147888,0.340199828147888,0.20966337621212003,0.028963801969118002,5,কুল,0,2
2278,V4_substitute1,কুল রাখা আরম্ভসদৃশোদয়ঃ শ্যাম রাখা,কুল রাখা কি শ্যাম রাখা,D,B,0,0.153049826622009,0.7291349172592161,0.596162736415863,0.02406087509051,5,কুল,0,2
2278,V5_in_sentence,তার জীবনে এখন কুল রাখা কি শ্যাম রাখা-এর মতো দ্বন্দ্ব চলছে।,কুল রাখা কি শ্যাম রাখা,D,D,1,0.6356765031814571,0.6356765031814571,0.435339570045471,0.105560590335825,5,কুল,0,2
2330,V0_intact,কেঁচো খুঁড়তে সাপ,কেঁচো খুঁড়তে সাপ,C,D,0,0.23531427979469302,0.507601618766784,0.292573422193527,0.0,3,কেঁচো,0,0
2330,V1_shuffle,সাপ খুঁড়তে কেঁচো,কেঁচো খুঁড়তে সাপ,C,D,0,0.065462991595268,0.8672636747360231,0.659445166587829,0.07887078550416801,3,কেঁচো,0,0
2330,V2_reverse,সাপ খুঁড়তে কেঁচো,কেঁচো খুঁড়তে সাপ,C,D,0,0.065462991595268,0.8672636747360231,0.659445166587829,0.07887078550416801,3,কেঁচো,0,0
2330,V3_delete1,খুঁড়তে সাপ,কেঁচো খুঁড়তে সাপ,C,D,0,0.225002437829971,0.49550163745880105,0.26308006048202504,0.000330019178609,3,কেঁচো,0,0
2330,V4_substitute1,যোগ খুঁড়তে সাপ,কেঁচো খুঁড়তে সাপ,C,D,0,0.22124214470386502,0.51210069656372,0.298492282629013,0.00043816101865,3,কেঁচো,0,0
2330,V5_in_sentence,"সে ছোট একটা ভুল ঠিক করতে গিয়ে কেঁচো খুঁড়তে সাপ পেয়েছে, এখন পুরো প্রকল্পটাই বিপদে পড়েছে।",কেঁচো খুঁড়তে সাপ,C,C,1,0.33466058969497603,0.33466058969497603,0.14460849761962802,0.033453785558459,3,কেঁচো,0,0
2756,V0_intact,খোদার উপর খোদকারি,খোদার উপর খোদকারি,B,C,0,0.11540369689464501,0.6178238987922661,0.34237146377563404,0.0,3,উপর,1,1
2756,V1_shuffle,খোদকারি উপর খোদার,খোদার উপর খোদকারি,B,C,0,0.087502062320709,0.6776928901672361,0.41305017471313404,0.002195855721215,3,উপর,1,1
2756,V2_reverse,খোদকারি উপর খোদার,খোদার উপর খোদকারি,B,C,0,0.087502062320709,0.6776928901672361,0.41305017471313404,0.002195855721215,3,উপর,1,1
2756,V3_delete1,খোদার খোদকারি,খোদার উপর খোদকারি,B,C,0,0.089624106884002,0.700183570384979,0.46488973498344405,0.0037890037933280005,3,উপর,1,1
2756,V4_substitute1,খোদার জেনেশুনে খোদকারি,খোদার উপর খোদকারি,B,C,0,0.05970225483179,0.823160886764526,0.596173584461212,0.026917958757432,3,উপর,1,1
2756,V5_in_sentence,সে খোদার উপর খোদকারি করার মতো বিশেষজ্ঞের কাজে হস্তক্ষেপ করছে।,খোদার উপর খোদকারি,B,B,1,0.6363782286643981,0.6363782286643981,0.36921143531799305,0.15955592861880402,3,উপর,1,1
2907,V0_intact,গণ্ডে-পিণ্ডে গেলা,গণ্ডে-পিণ্ডে গেলা,C,B,0,0.061940509825944005,0.883088827133178,0.8020697236061091,0.0,3,পিণ্ডে,1,1
2907,V1_shuffle,গণ্ডে গেলা পিণ্ডে,গণ্ডে-পিণ্ডে গেলা,C,B,0,0.042066011577844,0.912324666976928,0.82181578874588,0.0013566687097850002,3,পিণ্ডে,1,1
2907,V2_reverse,গেলা পিণ্ডে গণ্ডে,গণ্ডে-পিণ্ডে গেলা,C,B,0,0.02302767522633,0.9470945596694941,0.842056572437286,0.007437577523209,3,পিণ্ডে,1,1
2907,V3_delete1,গণ্ডে গেলা,গণ্ডে-পিণ্ডে গেলা,C,B,0,0.093603521585464,0.8208575248718261,0.6907222270965571,0.004059781102892001,3,পিণ্ডে,1,1
2907,V4_substitute1,গণ্ডে চর্বণে গেলা,গণ্ডে-পিণ্ডে গেলা,C,B,0,0.155595168471336,0.6486906409263611,0.47582617402076705,0.040457304778704004,3,পিণ্ডে,1,1
2907,V5_in_sentence,"নেমন্তন্নে গিয়ে সে গণ্ডে পিণ্ডে গিললো, আর উঠতেই পারল না।",গণ্ডে-পিণ্ডে গেলা,C,B,0,0.069368936121463,0.8138629198074341,0.618371069431304,0.007839431541755001,3,পিণ্ডে,1,1
2999,V0_intact,গলা ঠাণ্ডা করা,গলা ঠাণ্ডা করা,C,D,0,0.004315786063671,0.979213774204254,0.840428054332733,0.0,3,করা,2,1
2999,V1_shuffle,করা ঠাণ্ডা গলা,গলা ঠাণ্ডা করা,C,D,0,0.008660037070512001,0.959077954292297,0.8113569617271421,0.0018186006946660001,3,করা,2,1
2999,V2_reverse,করা ঠাণ্ডা গলা,গলা ঠাণ্ডা করা,C,D,0,0.008660037070512001,0.959077954292297,0.8113569617271421,0.0018186006946660001,3,করা,2,1
2999,V3_delete1,গলা ঠাণ্ডা,গলা ঠাণ্ডা করা,C,D,0,0.011070244014263,0.9487611055374141,0.7622406482696531,0.0035251447256060002,3,করা,2,1
2999,V4_substitute1,গলা ডানা করা,গলা ঠাণ্ডা করা,C,D,0,0.037060223519802,0.80800461769104,0.583206713199615,0.043948816803753,3,করা,2,1
2999,V5_in_sentence,সন্ধ্যায় বন্ধুরা মিলে গলা ঠাণ্ডা করলো।,গলা ঠাণ্ডা করা,C,D,0,0.009697675704956001,0.9392813444137571,0.760349750518798,0.005376962392060001,3,করা,2,1
3064,V0_intact,গা এলিয়ে দেওয়া,গা এলিয়ে দেওয়া,A,C,0,0.10860475152730902,0.48432376980781505,0.31726408004760703,0.0,3,এলিয়ে,1,2
3064,V1_shuffle,দেওয়া গা এলিয়ে,গা এলিয়ে দেওয়া,A,C,0,0.11205254495143802,0.499446243047714,0.37253919243812506,0.000239298657271,3,এলিয়ে,1,2
3064,V2_reverse,দেওয়া এলিয়ে গা,গা এলিয়ে দেওয়া,A,C,0,0.109657809138298,0.49586677551269503,0.367583692073822,8.942186877895601e-05,3,এলিয়ে,1,2
3064,V3_delete1,গা দেওয়া,গা এলিয়ে দেওয়া,A,C,0,0.11209151893854101,0.45001286268234203,0.319467514753341,0.0010897339114780001,3,এলিয়ে,1,2
3064,V4_substitute1,গা এলিয়ে চুনকালি,গা এলিয়ে দেওয়া,A,D,0,0.22583153843879702,0.44389665126800504,0.252730786800384,0.0764568853237,3,এলিয়ে,1,2
3064,V5_in_sentence,কঠিন পরিশ্রমের পর সে গা এলিয়ে দিয়ে বিশ্রাম নিল।,গা এলিয়ে দেওয়া,A,D,0,0.145673379302024,0.395709663629531,0.20474185049533802,0.037153075793428005,3,এলিয়ে,1,2
3136,V0_intact,গাড়ুর দামে খাড়ু যাওয়া,গাড়ুর দামে খাড়ু যাওয়া,C,A,0,0.112591668963432,0.5260215401649471,0.46470704674720703,0.0,4,যাওয়া,3,3
3136,V1_shuffle,দামে খাড়ু গাড়ুর যাওয়া,গাড়ুর দামে খাড়ু যাওয়া,C,D,0,0.05870296433568001,0.518404006958007,0.443599104881286,0.038179508289095006,4,যাওয়া,3,3
3136,V2_reverse,যাওয়া খাড়ু দামে গাড়ুর,গাড়ুর দামে খাড়ু যাওয়া,C,A,0,0.278495818376541,0.413425326347351,0.36121454834938005,0.028494803209847003,4,যাওয়া,3,3
3136,V3_delete1,গাড়ুর দামে খাড়ু,গাড়ুর দামে খাড়ু যাওয়া,C,A,0,0.24299030005931802,0.552140474319458,0.47761699557304305,0.042053596519543004,4,যাওয়া,3,3
3136,V4_substitute1,গাড়ুর দামে খাড়ু খিচানো,গাড়ুর দামে খাড়ু যাওয়া,C,A,0,0.148440897464752,0.634920299053192,0.5610913038253781,0.025851790592109004,4,যাওয়া,3,3
3136,V5_in_sentence,"সে গাড়ুর দামে খাড়ু যাওয়া করল, একটা ছোট লাভের জন্য পুরো সম্পত্তি বিক্রি করে দিল।",গাড়ুর দামে খাড়ু যাওয়া,C,A,0,0.104872234165668,0.6018962860107421,0.479798108339309,0.006472416617142001,4,যাওয়া,3,3
3158,V0_intact,গায়ে গু মাখলে যমও ছাড়ে না,গায়ে গু মাখলে যমও ছাড়ে না,A,C,0,0.226611584424972,0.379929304122924,0.24982464313507002,0.0,6,যমও,3,4
3158,V1_shuffle,মাখলে ছাড়ে যমও গু গায়ে না,গায়ে গু মাখলে যমও ছাড়ে না,A,C,0,0.22679843008518202,0.39126580953598006,0.28981503844261103,0.001680417128687,6,যমও,3,4
3158,V2_reverse,না ছাড়ে যমও মাখলে গু গায়ে,গায়ে গু মাখলে যমও ছাড়ে না,A,D,0,0.12721374630928,0.48692631721496504,0.42238011956214905,0.036781856266928,6,যমও,3,4
3158,V3_delete1,গায়ে গু মাখলে ছাড়ে না,গায়ে গু মাখলে যমও ছাড়ে না,A,C,0,0.228594601154327,0.39917823672294606,0.26466006040573103,0.000269113294619,6,যমও,3,4
3158,V4_substitute1,গায়ে গু মাখলে যমও আহাম্মকের না,গায়ে গু মাখলে যমও ছাড়ে না,A,D,0,0.21669557690620403,0.351350963115692,0.22642375528812403,0.0021473158014280003,6,যমও,3,4
3158,V5_in_sentence,"ওর মতো দুষ্টু লোককে গায়ে গু মাখলে যমও ছাড়ে না, সে কখনো শান্তি পাবে না।",গায়ে গু মাখলে যমও ছাড়ে না,A,A,1,0.34951972961425704,0.34951972961425704,0.19550646841526,0.015383853259341001,6,যমও,3,4
3160,V0_intact,গায়ে তেল হওয়া,গায়ে তেল হওয়া,B,C,0,0.041497875005006006,0.9027826786041261,0.7642359733581541,0.0,3,হওয়া,2,2
3160,V1_shuffle,গায়ে হওয়া তেল,গায়ে তেল হওয়া,B,C,0,0.033170200884342,0.920436799526214,0.760444343090057,0.000488750924981,3,হওয়া,2,2
3160,V2_reverse,হওয়া তেল গায়ে,গায়ে তেল হওয়া,B,C,0,0.034716349095106,0.940009832382202,0.815842270851135,0.0037080485223490002,3,হওয়া,2,2
3160,V3_delete1,গায়ে তেল,গায়ে তেল হওয়া,B,C,0,0.031872868537902,0.9045798778533931,0.754005789756774,0.00044700120357800004,3,হওয়া,2,2
3160,V4_substitute1,গায়ে তেল ভুজুংভাজুং,গায়ে তেল হওয়া,B,C,0,0.04462344199419,0.8761288523674011,0.722538650035858,0.001160600715003,3,হওয়া,2,2
3160,V5_in_sentence,সে পরীক্ষায় ভালো ফল করার পর গায়ে তেল হয়ে গেছে।,গায়ে তেল হওয়া,B,C,0,0.052759334444999,0.8832189440727231,0.7630677223205561,0.0005712511952700001,3,হওয়া,2,2
3165,V0_intact,গায়ে ফুঁ দিয়ে বেড়ানো,গায়ে ফুঁ দিয়ে বেড়ানো,C,A,0,0.21822299063205702,0.39476850628852805,0.45292434096336304,0.0,4,দিয়ে,2,2
3165,V1_shuffle,গায়ে বেড়ানো ফুঁ দিয়ে,গায়ে ফুঁ দিয়ে বেড়ানো,C,D,0,0.32644414901733404,0.34151300787925704,0.45683476328849704,0.007825082975221,4,দিয়ে,2,2
3165,V2_reverse,বেড়ানো দিয়ে ফুঁ গায়ে,গায়ে ফুঁ দিয়ে বেড়ানো,C,C,1,0.345627844333648,0.345627844333648,0.4954314827919,0.010563422163491001,4,দিয়ে,2,2
3165,V3_delete1,গায়ে ফুঁ বেড়ানো,গায়ে ফুঁ দিয়ে বেড়ানো,C,D,0,0.289592057466506,0.35789492726325906,0.439530581235885,0.0035429630706530005,4,দিয়ে,2,2
3165,V4_substitute1,গায়ে ফুঁ উল্কামুখী বেড়ানো,গায়ে ফুঁ দিয়ে বেড়ানো,C,D,0,0.30861213803291304,0.387905627489089,0.39857777953147805,0.008293539890657,4,দিয়ে,2,2
3165,V5_in_sentence,সে চাকরি না করে গায়ে ফুঁ দিয়ে বেড়ায়।,গায়ে ফুঁ দিয়ে বেড়ানো,C,C,1,0.462399005889892,0.462399005889892,0.44359242916107106,0.035283571580551,4,দিয়ে,2,2
3168,V0_intact,গায়ে বিষ ছড়ানো,গায়ে বিষ ছড়ানো,B,A,0,0.060459341853857006,0.785122215747833,0.648351550102233,0.0,3,ছড়ানো,2,0
3168,V1_shuffle,ছড়ানো গায়ে বিষ,গায়ে বিষ ছড়ানো,B,A,0,0.054000116884708,0.8009422421455381,0.606816947460174,0.00022351189359100002,3,ছড়ানো,2,0
3168,V2_reverse,ছড়ানো বিষ গায়ে,গায়ে বিষ ছড়ানো,B,A,0,0.028583265841007004,0.8905750513076781,0.753742337226867,0.010428332990264001,3,ছড়ানো,2,0
3168,V3_delete1,গায়ে বিষ,গায়ে বিষ ছড়ানো,B,A,0,0.12222776561975401,0.5518061518669121,0.34855166077613803,0.031427172162128,3,ছড়ানো,2,0
3168,V4_substitute1,বুর্বাক বিষ ছড়ানো,গায়ে বিষ ছড়ানো,B,A,0,0.044496119022369,0.840908586978912,0.7016502618789671,0.002662656542851,3,ছড়ানো,2,0
3168,V5_in_sentence,তার কথা শুনে আমার গায়ে বিষ ছড়ানো লাগল।,গায়ে বিষ ছড়ানো,B,A,0,0.183302223682403,0.45695409178733803,0.305936932563781,0.059370024636589004,3,ছড়ানো,2,0
3297,V0_intact,গোঙ্গা ছেলের নাম তর্কবাগিশ,গোঙ্গা ছেলের নাম তর্কবাগিশ,B,D,0,0.037632174789905,0.9401143193244931,0.8165091872215271,0.0,4,গোঙ্গা,0,1
3297,V1_shuffle,ছেলের গোঙ্গা তর্কবাগিশ নাম,গোঙ্গা ছেলের নাম তর্কবাগিশ,B,D,0,0.007729759439826,0.986191272735595,0.8700621724128721,0.008122070911172001,4,গোঙ্গা,0,1
3297,V2_reverse,তর্কবাগিশ নাম ছেলের গোঙ্গা,গোঙ্গা ছেলের নাম তর্কবাগিশ,B,D,0,0.007088929880410001,0.9873470067977901,0.89763730764389,0.008693576010625,4,গোঙ্গা,0,1
3297,V3_delete1,ছেলের নাম তর্কবাগিশ,গোঙ্গা ছেলের নাম তর্কবাগিশ,B,D,0,0.089236073195934,0.8596114516258241,0.684372782707214,0.009226678993867001,4,গোঙ্গা,0,1
3297,V4_substitute1,গোঙ্গা চৈতন্যোদয় নাম তর্কবাগিশ,গোঙ্গা ছেলের নাম তর্কবাগিশ,B,D,0,0.073630578815937,0.8750371336936951,0.709923565387725,0.006501797087538,4,গোঙ্গা,0,1
3297,V5_in_sentence,এই প্রস্তাব তো গোঙ্গা ছেলের নাম তর্কবাগিশের মতো অসম্ভব।,গোঙ্গা ছেলের নাম তর্কবাগিশ,B,D,0,0.243631422519683,0.647826015949249,0.372874677181243,0.07186865956879,4,গোঙ্গা,0,1
3551,V0_intact,ঘুঘু চরা (ভিটেয়),ঘুঘু চরা (ভিটেয়),B,A,0,0.003904243698343,0.9852002859115601,0.8876987695693971,0.0,3,ঘুঘু,0,1
3551,V1_shuffle,ভিটেয় চরা ঘুঘু,ঘুঘু চরা (ভিটেয়),B,A,0,0.022042704746127,0.9256089925765991,0.7725366950035091,0.011351988981672001,3,ঘুঘু,0,1
3551,V2_reverse,ভিটেয় চরা ঘুঘু,ঘুঘু চরা (ভিটেয়),B,A,0,0.022042704746127,0.9256089925765991,0.7725366950035091,0.011351988981672001,3,ঘুঘু,0,1
3551,V3_delete1,চরা ভিটেয়,ঘুঘু চরা (ভিটেয়),B,A,0,0.037399239838123,0.8549200296401971,0.6343915462493891,0.033146568793984005,3,ঘুঘু,0,1
3551,V4_substitute1,ঘুঘু আশমানের ভিটেয়,ঘুঘু চরা (ভিটেয়),B,A,0,0.018041156232357,0.936222910881042,0.78945243358612,0.008555353124716001,3,ঘুঘু,0,1
3551,V5_in_sentence,"তার পরিকল্পনা ঘুঘু চরা (ভিটেয়) হয়ে গেল, সবকিছু ধ্বংস হয়ে গেল।",ঘুঘু চরা (ভিটেয়),B,A,0,0.20207302272319702,0.682567119598388,0.502823650836944,0.10111207276282501,3,ঘুঘু,0,1
3652,V0_intact,চক্ষু থেকেও অন্ধ,চক্ষু থেকেও অন্ধ,A,D,0,0.072910912334918,0.7947391271591181,0.528231024742126,0.0,3,থেকেও,1,2
3652,V1_shuffle,থেকেও অন্ধ চক্ষু,চক্ষু থেকেও অন্ধ,A,D,0,0.09162212163209901,0.7210594415664671,0.47370806336402804,0.0038131637635700003,3,থেকেও,1,2
3652,V2_reverse,অন্ধ থেকেও চক্ষু,চক্ষু থেকেও অন্ধ,A,D,0,0.06871361285448001,0.768235146999359,0.552834093570709,0.0010456014010230001,3,থেকেও,1,2
3652,V3_delete1,চক্ষু অন্ধ,চক্ষু থেকেও অন্ধ,A,D,0,0.069340735673904,0.7788927555084221,0.485629796981811,0.0007128462032770001,3,থেকেও,1,2
3652,V4_substitute1,চক্ষু থেকেও জুজুবুড়ি,চক্ষু থেকেও অন্ধ,A,D,0,0.140325129032135,0.5565050244331361,0.293377429246902,0.033207209595544004,3,থেকেও,1,2
3652,V5_in_sentence,"সে চক্ষু থেকেও অন্ধ, তার সামনেই বিপদ দেখেও বুঝতে পারে না।",চক্ষু থেকেও অন্ধ,A,D,0,0.154636532068252,0.463876396417617,0.18243858218193001,0.061064051056833005,3,থেকেও,1,2
3857,V0_intact,চারহাত এক করা,চারহাত এক করা,B,A,0,0.0066482592374080005,0.93055510520935,0.708052039146423,0.0,3,করা,2,0
3857,V1_shuffle,এক চারহাত করা,চারহাত এক করা,B,A,0,0.004363171756267,0.9591063857078551,0.7706027626991271,0.002075162488423,3,করা,2,0
3857,V2_reverse,করা এক চারহাত,চারহাত এক করা,B,A,0,0.0064068390056490005,0.9396541118621821,0.7422823905944821,0.00018114352924500002,3,করা,2,0
3857,V3_delete1,চারহাত এক,চারহাত এক করা,B,A,0,0.005677897017449,0.9525933861732481,0.746675372123718,0.003278696620238,3,করা,2,0
3857,V4_substitute1,গোটা এক করা,চারহাত এক করা,B,A,0,0.028820535168051,0.6530159711837761,0.37663304805755604,0.065832269330789,3,করা,2,0
3857,V5_in_sentence,তার কন্যাকে চারহাত এক করে দিয়েছেন।,চারহাত এক করা,B,A,0,0.036571957170963,0.8575026392936701,0.63462096452713,0.014557579813510002,3,করা,2,0
3868,V0_intact,চাল-চিঁড়ে বেঁধে যাওয়া,চাল-চিঁড়ে বেঁধে যাওয়া,D,A,0,0.13997666537761602,0.817434608936309,0.543423652648925,0.0,4,চিঁড়ে,1,3
3868,V1_shuffle,বেঁধে চিঁড়ে যাওয়া চাল,চাল-চিঁড়ে বেঁধে যাওয়া,D,A,0,0.08157397061586301,0.897587835788726,0.6730238199234001,0.006810861176717001,4,চিঁড়ে,1,3
3868,V2_reverse,যাওয়া বেঁধে চিঁড়ে চাল,চাল-চিঁড়ে বেঁধে যাওয়া,D,A,0,0.09667187929153401,0.8774005174636841,0.606211066246032,0.003621899464341,4,চিঁড়ে,1,3
3868,V3_delete1,চাল বেঁধে যাওয়া,চাল-চিঁড়ে বেঁধে যাওয়া,D,A,0,0.262032061815261,0.694090545177459,0.41457056999206504,0.011967289664038,4,চিঁড়ে,1,3
3868,V4_substitute1,চাল চিঁড়ে বেঁধে পিছন,চাল-চিঁড়ে বেঁধে যাওয়া,D,A,0,0.14194577932357702,0.7112931609153741,0.42669674754142706,0.017081779551741002,4,চিঁড়ে,1,3
3868,V5_in_sentence,চাল-চিঁড়ে বেঁধে সকালেই রওয়ানা হয়ে গেল।,চাল-চিঁড়ে বেঁধে যাওয়া,D,A,0,0.14504411816596902,0.6799631118774411,0.358483850955963,0.024855820490230003,4,চিঁড়ে,1,3
4119,V0_intact,চোখে ভেলকি লাগা,চোখে ভেলকি লাগা,C,D,0,0.018035946413874,0.6555299162864681,0.41180670261383,0.0,3,লাগা,2,2
4119,V1_shuffle,লাগা ভেলকি চোখে,চোখে ভেলকি লাগা,C,D,0,0.00615526176989,0.753669559955596,0.5612719058990471,0.006628902506364,3,লাগা,2,2
4119,V2_reverse,লাগা ভেলকি চোখে,চোখে ভেলকি লাগা,C,D,0,0.00615526176989,0.753669559955596,0.5612719058990471,0.006628902506364,3,লাগা,2,2
4119,V3_delete1,চোখে ভেলকি,চোখে ভেলকি লাগা,C,D,0,0.015603243373334002,0.579675793647766,0.35957512259483304,0.003378268986877,3,লাগা,2,2
4119,V4_substitute1,চোখে ভেলকি মিলন,চোখে ভেলকি লাগা,C,D,0,0.01847568899393,0.6954075098037721,0.43881285190582203,0.0011930789286780001,3,লাগা,2,2
4119,V5_in_sentence,সেই সুন্দর ছবি দেখে তার চোখে ভেলকি লেগে গেল।,চোখে ভেলকি লাগা,C,D,0,0.020583570003509,0.5394271612167351,0.342025279998779,0.008093826784685001,3,লাগা,2,2
4179,V0_intact,চোরে চোরে খালাতো মাসতুতো ভাই,চোরে চোরে খালাতো মাসতুতো ভাই,C,A,0,0.053882557898759,0.75270015001297,0.46056175231933505,0.0,5,চোরে,1,0
4179,V1_shuffle,চোরে মাসতুতো চোরে খালাতো ভাই,চোরে চোরে খালাতো মাসতুতো ভাই,C,A,0,0.030756145715713,0.859648585319519,0.5852497816085811,0.009250710125938,5,চোরে,1,0
4179,V2_reverse,ভাই মাসতুতো খালাতো চোরে চোরে,চোরে চোরে খালাতো মাসতুতো ভাই,C,A,0,0.047068785876035,0.8576364517211911,0.6025896072387691,0.010820162404436002,5,চোরে,1,0
4179,V3_delete1,চোরে খালাতো মাসতুতো ভাই,চোরে চোরে খালাতো মাসতুতো ভাই,C,A,0,0.028744185343384004,0.8581387996673581,0.602057993412017,0.009181240555869,5,চোরে,1,0
4179,V4_substitute1,জানাজানি চোরে খালাতো মাসতুতো ভাই,চোরে চোরে খালাতো মাসতুতো ভাই,C,A,0,0.051488768309354005,0.760156631469726,0.459957480430603,0.000106676045461,5,চোরে,1,0
4179,V5_in_sentence,"ওরা সবাই চোরে চোরে খালাতো ভাই, একই ধরনের প্রতারণায় লিপ্ত।",চোরে চোরে খালাতো মাসতুতো ভাই,C,A,0,0.10973333567380901,0.7356846332550041,0.43486714363098106,0.007220908824689001,5,চোরে,1,0
4180,V0_intact,চোরের উপর বাটপাড়ি,চোরের উপর বাটপাড়ি,B,D,0,0.36016184091567904,0.549815356731414,0.254215508699417,0.0,3,চোরের,0,0
4180,V1_shuffle,চোরের বাটপাড়ি উপর,চোরের উপর বাটপাড়ি,B,D,0,0.24893769621849002,0.676077365875244,0.36388811469078003,0.009128893782951,3,চোরের,0,0
4180,V2_reverse,বাটপাড়ি উপর চোরের,চোরের উপর বাটপাড়ি,B,D,0,0.171085625886917,0.757007181644439,0.47542774677276606,0.025970885372277003,3,চোরের,0,0
4180,V3_delete1,উপর বাটপাড়ি,চোরের উপর বাটপাড়ি,B,D,0,0.075981378555297,0.6978622078895561,0.414446234703063,0.071011374236986,3,চোরের,0,0
4180,V4_substitute1,ডুমুরের উপর বাটপাড়ি,চোরের উপর বাটপাড়ি,B,D,0,0.09277696907520201,0.691805303096771,0.41323751211166304,0.059892734879674,3,চোরের,0,0
4180,V5_in_sentence,সে চোরের উপর বাটপাড়ি করে নিজের লাভ করল।,চোরের উপর বাটপাড়ি,B,D,0,0.24195507168769803,0.637173473834991,0.352493077516555,0.008596153182612,3,চোরের,0,0
4183,V0_intact,চোরের মায়ের বড় গলা,চোরের মায়ের বড় গলা,D,C,0,0.038411241024732,0.637936174869537,0.482407331466674,0.0,4,গলা,3,1
4183,V1_shuffle,চোরের মায়ের গলা বড়,চোরের মায়ের বড় গলা,D,C,0,0.03830873966217,0.7531527876853941,0.610597372055053,0.009436926559136001,4,গলা,3,1
4183,V2_reverse,গলা বড় মায়ের চোরের,চোরের মায়ের বড় গলা,D,C,0,0.032385293394327004,0.8119958639144891,0.63857215642929,0.023651087046083003,4,গলা,3,1
4183,V3_delete1,চোরের মায়ের বড়,চোরের মায়ের বড় গলা,D,C,0,0.08658371865749301,0.595666766166687,0.48401185870170504,0.018819347321248,4,গলা,3,1
4183,V4_substitute1,চোরের ঠিকা বড় গলা,চোরের মায়ের বড় গলা,D,C,0,0.027623122557997003,0.7831068038940431,0.600551486015319,0.013131525871346,4,গলা,3,1
4183,V5_in_sentence,"সে চোরের মায়ের বড় গলা করে বলছে যে সবাই দুর্নীতিগ্রস্ত, কিন্তু নিজের হাত তো কালো দুধে ডুবে আছে।",চোরের মায়ের বড় গলা,D,C,0,0.15383805334568001,0.365729451179504,0.18612901866436002,0.049826936171382,4,গলা,3,1
4315,V0_intact,ছায়ার পিছনে ছোটা,ছায়ার পিছনে ছোটা,D,B,0,0.18173153698444303,0.40446379780769304,0.258697211742401,0.0,3,ছোটা,2,2
4315,V1_shuffle,ছায়ার ছোটা পিছনে,ছায়ার পিছনে ছোটা,D,B,0,0.08696611970663001,0.5469484925270081,0.37484946846961903,0.016152789285654,3,ছোটা,2,2
4315,V2_reverse,ছোটা পিছনে ছায়ার,ছায়ার পিছনে ছোটা,D,B,0,0.096669144928455,0.641598165035247,0.503517150878906,0.029093559743138,3,ছোটা,2,2
4315,V3_delete1,ছায়ার পিছনে,ছায়ার পিছনে ছোটা,D,B,0,0.141324594616889,0.6239570975303651,0.47111013531684803,0.027197907606534,3,ছোটা,2,2
4315,V4_substitute1,ছায়ার পিছনে কাশা,ছায়ার পিছনে ছোটা,D,B,0,0.16469094157218903,0.569407403469085,0.37531259655952404,0.024972532929467002,3,ছোটা,2,2
4315,V5_in_sentence,"সে অর্থের লোভে ছায়ার পিছনে ছোটা করছে, কিন্তু কিছু পাবে না।",ছায়ার পিছনে ছোটা,D,B,0,0.25451290607452304,0.37690073251724204,0.213443323969841,0.014154823450521001,3,ছোটা,2,2
4323,V0_intact,ছাল নেই কুত্তা নাম তার বাঘা,ছাল নেই কুত্তা নাম তার বাঘা,B,D,0,0.078743249177932,0.8630868792533871,0.7172390222549431,0.0,6,তার,4,3
4323,V1_shuffle,কুত্তা নেই নাম ছাল তার বাঘা,ছাল নেই কুত্তা নাম তার বাঘা,B,D,0,0.067542612552642,0.879571020603179,0.7213118672370911,0.000349042884863,6,তার,4,3
4323,V2_reverse,বাঘা তার নাম কুত্তা নেই ছাল,ছাল নেই কুত্তা নাম তার বাঘা,B,D,0,0.09159229695796901,0.8517071604728691,0.672639787197113,0.0009717525499590001,6,তার,4,3
4323,V3_delete1,ছাল নেই কুত্তা নাম বাঘা,ছাল নেই কুত্তা নাম তার বাঘা,B,D,0,0.051171779632568005,0.918536365032196,0.786864876747131,0.004158704612321,6,তার,4,3
4323,V4_substitute1,ছাল নেই কুত্তা আকার তার বাঘা,ছাল নেই কুত্তা নাম তার বাঘা,B,D,0,0.07293227314949001,0.822892248630523,0.6819688677787781,0.003616828588413,6,তার,4,3
4323,V5_in_sentence,"সেই দুর্বল ছেলেটির নাম রাখলেন 'সিংহ', কিন্তু ছাল নেই কুত্তা নাম তার বাঘা।",ছাল নেই কুত্তা নাম তার বাঘা,B,D,0,0.199559196829795,0.6290650367736811,0.360746830701828,0.038290132505000005,6,তার,4,3
4399,V0_intact,ছেড়ে মা কেঁদে বাঁচি,ছেড়ে মা কেঁদে বাঁচি,D,C,0,0.008787445724010001,0.964571118354797,0.7968559861183161,0.0,4,বাঁচি,3,0
4399,V1_shuffle,কেঁদে মা বাঁচি ছেড়ে,ছেড়ে মা কেঁদে বাঁচি,D,C,0,0.024103565141558002,0.9039227962493891,0.6989089250564571,0.0077568385369130004,4,বাঁচি,3,0
4399,V2_reverse,বাঁচি কেঁদে মা ছেড়ে,ছেড়ে মা কেঁদে বাঁচি,D,C,0,0.028777698054909002,0.888504922389984,0.66862553358078,0.011146711436287001,4,বাঁচি,3,0
4399,V3_delete1,ছেড়ে মা কেঁদে,ছেড়ে মা কেঁদে বাঁচি,D,C,0,0.020393287762999,0.936980128288269,0.7587842345237731,0.0022184476252430003,4,বাঁচি,3,0
4399,V4_substitute1,নাড়ি মা কেঁদে বাঁচি,ছেড়ে মা কেঁদে বাঁচি,D,C,0,0.062122836709022,0.7973863482475281,0.550605237483978,0.036536363957788004,4,বাঁচি,3,0
4399,V5_in_sentence,এই অসহ্য যন্ত্রণায় ছেড়ে মা কেঁদে বাঁচি।,ছেড়ে মা কেঁদে বাঁচি,D,C,0,0.044417046010494,0.8875493407249451,0.689103603363037,0.012428683913829001,4,বাঁচি,3,0
4572,V0_intact,জলের ছিটে দিয়ে লগির গুঁতো খাওয়া,জলের ছিটে দিয়ে লগির গুঁতো খাওয়া,D,C,0,0.020125452429056,0.794020056724548,0.5828363299369811,0.0,6,খাওয়া,5,5
4572,V1_shuffle,গুঁতো জলের দিয়ে লগির খাওয়া ছিটে,জলের ছিটে দিয়ে লগির গুঁতো খাওয়া,D,C,0,0.012413263320922002,0.8331637978553771,0.6732690334320061,0.001624595383266,6,খাওয়া,5,5
4572,V2_reverse,খাওয়া গুঁতো লগির দিয়ে ছিটে জলের,জলের ছিটে দিয়ে লগির গুঁতো খাওয়া,D,C,0,0.030382186174392003,0.612551748752594,0.39166986942291204,0.020654738572842002,6,খাওয়া,5,5
4572,V3_delete1,জলের ছিটে দিয়ে লগির গুঁতো,জলের ছিটে দিয়ে লগির গুঁতো খাওয়া,D,C,0,0.031312763690948,0.873063206672668,0.697386860847473,0.017391182409183,6,খাওয়া,5,5
4572,V4_substitute1,জলের ছিটে দিয়ে লগির গুঁতো খোঁটা,জলের ছিটে দিয়ে লগির গুঁতো খাওয়া,D,C,0,0.046248320490121,0.816302776336669,0.6150293350219721,0.010362577385786002,6,খাওয়া,5,5
4572,V5_in_sentence,সে অপ্রয়োজনে বিরক্তিকর লোকের সাথে কথা বলে জলের ছিটে দিয়ে লগির গুঁতো খেলো।,জলের ছিটে দিয়ে লগির গুঁতো খাওয়া,D,C,0,0.09743170440196901,0.672163009643554,0.45692074298858604,0.02608749741655,6,খাওয়া,5,5
4695,V0_intact,জুতা সেলাই থেকে চণ্ডীপাঠ,জুতা সেলাই থেকে চণ্ডীপাঠ,A,D,0,0.05746823549270601,0.828409671783447,0.5375564694404601,0.0,4,চণ্ডীপাঠ,3,1
4695,V1_shuffle,জুতা চণ্ডীপাঠ থেকে সেলাই,জুতা সেলাই থেকে চণ্ডীপাঠ,A,D,0,0.004274614155292,0.9858273267745971,0.8395970463752741,0.042774582542340005,4,চণ্ডীপাঠ,3,1
4695,V2_reverse,চণ্ডীপাঠ থেকে সেলাই জুতা,জুতা সেলাই থেকে চণ্ডীপাঠ,A,D,0,0.0031997675541780004,0.9883787631988521,0.850116789340972,0.045422235923324006,4,চণ্ডীপাঠ,3,1
4695,V3_delete1,জুতা সেলাই থেকে,জুতা সেলাই থেকে চণ্ডীপাঠ,A,D,0,0.043837446719408,0.8488641381263731,0.5500131249427791,0.000583896767847,4,চণ্ডীপাঠ,3,1
4695,V4_substitute1,জুতা ধনুর্ধর থেকে চণ্ডীপাঠ,জুতা সেলাই থেকে চণ্ডীপাঠ,A,D,0,0.044848416000604005,0.8662667274475091,0.591952145099639,0.00141155243283,4,চণ্ডীপাঠ,3,1
4695,V5_in_sentence,সে জুতা সেলাই থেকে চণ্ডীপাঠ পর্যন্ত সব কাজ করে।,জুতা সেলাই থেকে চণ্ডীপাঠ,A,D,0,0.11971908062696401,0.6455972790718071,0.403820782899856,0.027135003393255003,4,চণ্ডীপাঠ,3,1
4700,V0_intact,জেগে স্বপ্ন দেখা,জেগে স্বপ্ন দেখা,D,B,0,0.021467961370944002,0.9335659146308891,0.816158831119537,0.0,3,দেখা,2,1
4700,V1_shuffle,স্বপ্ন জেগে দেখা,জেগে স্বপ্ন দেখা,D,B,0,0.010616764426231001,0.9691869616508481,0.8771764039993281,0.0035167025733880003,3,দেখা,2,1
4700,V2_reverse,দেখা স্বপ্ন জেগে,জেগে স্বপ্ন দেখা,D,B,0,0.012992375530302,0.9608803987503051,0.8736240267753601,0.0018980379786020002,3,দেখা,2,1
4700,V3_delete1,জেগে স্বপ্ন,জেগে স্বপ্ন দেখা,D,B,0,0.015725528821349,0.9454300403594971,0.8367006182670591,0.0004947575665840001,3,দেখা,2,1
4700,V4_substitute1,জেগে সদর দেখা,জেগে স্বপ্ন দেখা,D,B,0,0.041471436619758,0.877646267414093,0.719880938529968,0.004801553699341,3,দেখা,2,1
4700,V5_in_sentence,সে সবসময় জেগে স্বপ্ন দেখে যে একদিন লটারিতে জিতবে।,জেগে স্বপ্ন দেখা,D,B,0,0.061057727783918006,0.8595778346061701,0.7462971806526181,0.008265389447204001,3,দেখা,2,1
4815,V0_intact,পরের মুখে ঝাল খাওয়া,পরের মুখে ঝাল খাওয়া,A,D,0,0.09464955329895,0.8456613421440121,0.7791167497634881,0.0,4,খাওয়া,3,0
4815,V1_shuffle,পরের মুখে খাওয়া ঝাল,পরের মুখে ঝাল খাওয়া,A,D,0,0.151184484362602,0.7525801658630371,0.677444756031036,0.006847884609484001,4,খাওয়া,3,0
4815,V2_reverse,খাওয়া ঝাল মুখে পরের,পরের মুখে ঝাল খাওয়া,A,D,0,0.191132217645645,0.7074946761131281,0.592001557350158,0.014411086700045001,4,খাওয়া,3,0
4815,V3_delete1,পরের মুখে ঝাল,পরের মুখে ঝাল খাওয়া,A,D,0,0.244208291172981,0.5952769517898561,0.5384472012519831,0.040018283231205,4,খাওয়া,3,0
4815,V4_substitute1,অর্জুন মুখে ঝাল খাওয়া,পরের মুখে ঝাল খাওয়া,A,D,0,0.034051761031150006,0.9399814605712891,0.8443312048912041,0.012671665386673001,4,খাওয়া,3,0
4815,V5_in_sentence,"পরের মুখে ঝাল খেয়ো না, নিজে খোঁজ নাও।",পরের মুখে ঝাল খাওয়া,A,A,1,0.476140439510345,0.476140439510345,0.33171799778938205,0.149277177433448,4,খাওয়া,3,0
4819,V0_intact,ঝোলে ঝালে অম্বলে,ঝোলে ঝালে অম্বলে,B,A,0,0.010338940657675,0.976717233657836,0.8526867032051081,0.0,3,অম্বলে,2,1
4819,V1_shuffle,ঝালে ঝোলে অম্বলে,ঝোলে ঝালে অম্বলে,B,A,0,0.014307882636785,0.9683423042297361,0.842741966247558,0.000332018465596,3,অম্বলে,2,1
4819,V2_reverse,অম্বলে ঝালে ঝোলে,ঝোলে ঝালে অম্বলে,B,A,0,0.049177914857864005,0.8874073028564451,0.7323637604713441,0.017044777001926,3,অম্বলে,2,1
4819,V3_delete1,ঝোলে ঝালে,ঝোলে ঝালে অম্বলে,B,A,0,0.024834839627146003,0.9466277360916131,0.8069884181022641,0.0031658844525190005,3,অম্বলে,2,1
4819,V4_substitute1,ঝোলে মিত্র অম্বলে,ঝোলে ঝালে অম্বলে,B,A,0,0.027202129364013002,0.9324892759323121,0.739634215831756,0.005928146008125,3,অম্বলে,2,1
4819,V5_in_sentence,"সে ঝোলে ঝালে অম্বলে থাকে, কোনো কাজই তার হাতে আসে না।",ঝোলে ঝালে অম্বলে,B,A,0,0.038053099066019,0.9243693947792051,0.7367531657218931,0.007816017946477,3,অম্বলে,2,1
5021,V0_intact,ট্যাঁঙ্ ট্যাঁঙ্ করে চলা,ট্যাঁঙ্ ট্যাঁঙ্ করে চলা,B,D,0,0.10683318227529501,0.8721312880516051,0.712867975234985,0.0,4,ট্যাঁঙ্,1,1
5021,V1_shuffle,ট্যাঁঙ্ চলা ট্যাঁঙ্ করে,ট্যাঁঙ্ ট্যাঁঙ্ করে চলা,B,D,0,0.14315472543239502,0.827994287014007,0.631355881690979,0.001988351415114,4,ট্যাঁঙ্,1,1
5021,V2_reverse,চলা করে ট্যাঁঙ্ ট্যাঁঙ্,ট্যাঁঙ্ ট্যাঁঙ্ করে চলা,B,D,0,0.276293337345123,0.6726028323173521,0.45948278903961104,0.029195393143531003,4,ট্যাঁঙ্,1,1
5021,V3_delete1,ট্যাঁঙ্ করে চলা,ট্যাঁঙ্ ট্যাঁঙ্ করে চলা,B,D,0,0.16232953965663902,0.8121920824050901,0.6587641835212701,0.003616037592682,4,ট্যাঁঙ্,1,1
5021,V4_substitute1,ট্যাঁঙ্ চুপিচুপি করে চলা,ট্যাঁঙ্ ট্যাঁঙ্ করে চলা,B,D,0,0.23120424151420502,0.71234393119812,0.44341900944709706,0.02006800466654,4,ট্যাঁঙ্,1,1
5021,V5_in_sentence,"সে ট্যাঁঙ্ ট্যাঁঙ্ করে চলছে, যেন সবাইকে অবজ্ঞা করছে।",ট্যাঁঙ্ ট্যাঁঙ্ করে চলা,B,D,0,0.329005867242813,0.6341058015823361,0.401709228754043,0.040244189988613004,4,ট্যাঁঙ্,1,1
5026,V0_intact,ট্যারা বনে যাওয়া,ট্যারা বনে যাওয়া,A,D,0,0.20491112768650002,0.778172612190246,0.703987836837768,0.0,3,যাওয়া,2,2
5026,V1_shuffle,যাওয়া বনে ট্যারা,ট্যারা বনে যাওয়া,A,D,0,0.20309656858444203,0.7896933555603021,0.71321964263916,0.001037837987842,3,যাওয়া,2,2
5026,V2_reverse,যাওয়া বনে ট্যারা,ট্যারা বনে যাওয়া,A,D,0,0.20309656858444203,0.7896933555603021,0.71321964263916,0.001037837987842,3,যাওয়া,2,2
5026,V3_delete1,ট্যারা বনে,ট্যারা বনে যাওয়া,A,D,0,0.210179910063743,0.7625511884689331,0.6489540338516231,0.0006684988222040001,3,যাওয়া,2,2
5026,V4_substitute1,ট্যারা বনে কুঠুরি,ট্যারা বনে যাওয়া,A,D,0,0.21024687588214802,0.7369109988212581,0.56089299917221,0.0052629665933670005,3,যাওয়া,2,2
5026,V5_in_sentence,তার অভিনয় দেখে দর্শকরা ট্যারা বনে গেছে।,ট্যারা বনে যাওয়া,A,D,0,0.213319137692451,0.763520956039428,0.615621447563171,0.00032125221663900004,3,যাওয়া,2,2
5058,V0_intact,ঘরে টায় বসা,ঘরে টায় বসা,B,A,0,0.012624131515622,0.9402305483818051,0.7850880026817321,0.0,3,টায়,1,0
5058,V1_shuffle,টায় ঘরে বসা,ঘরে টায় বসা,B,A,0,0.024429723620414002,0.890626966953277,0.708647429943084,0.004202980518010001,3,টায়,1,0
5058,V2_reverse,বসা টায় ঘরে,ঘরে টায় বসা,B,A,0,0.026610592380166,0.8921286463737481,0.6995022296905511,0.0041513407266630005,3,টায়,1,0
5058,V3_delete1,ঘরে বসা,ঘরে টায় বসা,B,A,0,0.018767219036817002,0.917915523052215,0.757589638233184,0.0011352408702760002,3,টায়,1,0
5058,V4_substitute1,জুতো টায় বসা,ঘরে টায় বসা,B,A,0,0.08636600524187,0.63875138759613,0.374925881624221,0.074562779485596,3,টায়,1,0
5058,V5_in_sentence,সে সারাদিন ঘরে টায় বসে সময় কাটায়।,ঘরে টায় বসা,B,A,0,0.11255545169115001,0.5850535035133361,0.36551043391227706,0.096457973789331,3,টায়,1,0
5209,V0_intact,প্রণয়ের ডোরে বাঁধা,প্রণয়ের ডোরে বাঁধা,A,D,0,0.020703364163637,0.961280226707458,0.842243015766143,0.0,3,ডোরে,1,0
5209,V1_shuffle,ডোরে বাঁধা প্রণয়ের,প্রণয়ের ডোরে বাঁধা,A,D,0,0.05307476595044101,0.926982045173645,0.80531620979309,0.003878225335819,3,ডোরে,1,0
5209,V2_reverse,বাঁধা ডোরে প্রণয়ের,প্রণয়ের ডোরে বাঁধা,A,D,0,0.01939857378602,0.9724211096763611,0.877981722354888,0.000977975704747,3,ডোরে,1,0
5209,V3_delete1,প্রণয়ের বাঁধা,প্রণয়ের ডোরে বাঁধা,A,D,0,0.034570939838886004,0.931361973285675,0.7943291068077081,0.0022892291663300004,3,ডোরে,1,0
5209,V4_substitute1,খরচপত্র ডোরে বাঁধা,প্রণয়ের ডোরে বাঁধা,A,D,0,0.030268359929323002,0.9373368620872491,0.7537411451339721,0.0015666409501340001,3,ডোরে,1,0
5209,V5_in_sentence,তারা প্রণয়ের ডোরে বাঁধা হয়ে একসাথে থাকে।,প্রণয়ের ডোরে বাঁধা,A,D,0,0.030469836667180002,0.9349097013473511,0.8207658529281611,0.0018957662336650002,3,ডোরে,1,0
5253,V0_intact,ঢিলা দিয়ে টেনে আনা,ঢিলা দিয়ে টেনে আনা,D,C,0,0.17262135446071603,0.7640419006347651,0.6137422919273371,0.0,4,আনা,3,1
5253,V1_shuffle,টেনে আনা ঢিলা দিয়ে,ঢিলা দিয়ে টেনে আনা,D,C,0,0.091052561998367,0.8588989377021791,0.7018051147460931,0.008230278146039001,4,আনা,3,1
5253,V2_reverse,আনা টেনে দিয়ে ঢিলা,ঢিলা দিয়ে টেনে আনা,D,C,0,0.10635532438755001,0.8447886109352111,0.712906539440155,0.0056248071593310005,4,আনা,3,1
5253,V3_delete1,ঢিলা দিয়ে টেনে,ঢিলা দিয়ে টেনে আনা,D,C,0,0.11663158982992101,0.832584798336029,0.664713740348815,0.004191043491468,4,আনা,3,1
5253,V4_substitute1,ঢিলা চাঁদে টেনে আনা,ঢিলা দিয়ে টেনে আনা,D,C,0,0.067380331456661,0.9064061045646661,0.7828149795532221,0.018947015097878002,4,আনা,3,1
5253,V5_in_sentence,পিতা তার ছেলেকে প্রথমে ঢিলা দিয়ে টেনে আনার চেষ্টা করছেন।,ঢিলা দিয়ে টেনে আনা,D,C,0,0.26742613315582203,0.6101695299148561,0.39464524388313205,0.015562828037246,4,আনা,3,1
5273,V0_intact,ঢেঁকি স্বর্গে গিয়ে ধান ভানে,ঢেঁকি স্বর্গে গিয়ে ধান ভানে,A,D,0,0.200940862298011,0.602873623371124,0.45765674114227206,0.0,5,স্বর্গে,1,0
5273,V1_shuffle,গিয়ে স্বর্গে ঢেঁকি ধান ভানে,ঢেঁকি স্বর্গে গিয়ে ধান ভানে,A,D,0,0.23572678864002203,0.514758646488189,0.379223644733428,0.004050625239092,5,স্বর্গে,1,0
5273,V2_reverse,ভানে ধান গিয়ে স্বর্গে ঢেঁকি,ঢেঁকি স্বর্গে গিয়ে ধান ভানে,A,D,0,0.093586921691894,0.7741007208824151,0.6244603395462031,0.018965494508826,5,স্বর্গে,1,0
5273,V3_delete1,ঢেঁকি গিয়ে ধান ভানে,ঢেঁকি স্বর্গে গিয়ে ধান ভানে,A,D,0,0.16035136580467202,0.643901050090789,0.5157980918884271,0.0014842165629400002,5,স্বর্গে,1,0
5273,V4_substitute1,জ্বলে স্বর্গে গিয়ে ধান ভানে,ঢেঁকি স্বর্গে গিয়ে ধান ভানে,A,D,0,0.24397076666355103,0.5204056501388551,0.32013601064682,0.0037545146794990005,5,স্বর্গে,1,0
5273,V5_in_sentence,"তার ভাগ্য এমন যে, ঢেঁকি স্বর্গে গিয়ে ধান ভানে।",ঢেঁকি স্বর্গে গিয়ে ধান ভানে,A,D,0,0.22533935308456401,0.583076298236846,0.42203342914581304,0.000454273892603,5,স্বর্গে,1,0
5274,V0_intact,ঢেঁকি স্বর্গে গিয়েও ধান ভানে,ঢেঁকি স্বর্গে গিয়েও ধান ভানে,D,C,0,0.268686562776565,0.5140170454978941,0.413962453603744,0.0,5,ভানে,4,0
5274,V1_shuffle,স্বর্গে গিয়েও ধান ঢেঁকি ভানে,ঢেঁকি স্বর্গে গিয়েও ধান ভানে,D,C,0,0.16505049169063502,0.694532394409179,0.583251774311065,0.017252460226835003,5,ভানে,4,0
5274,V2_reverse,ভানে ধান গিয়েও স্বর্গে ঢেঁকি,ঢেঁকি স্বর্গে গিয়েও ধান ভানে,D,C,0,0.20092248916625902,0.652850091457366,0.531193494796752,0.010686509294321,5,ভানে,4,0
5274,V3_delete1,ঢেঁকি স্বর্গে গিয়েও ধান,ঢেঁকি স্বর্গে গিয়েও ধান ভানে,D,C,0,0.19981414079666102,0.627030372619628,0.542275249958038,0.006600153250592,5,ভানে,4,0
5274,V4_substitute1,সর্দি স্বর্গে গিয়েও ধান ভানে,ঢেঁকি স্বর্গে গিয়েও ধান ভানে,D,C,0,0.163767546415328,0.704519748687744,0.6025090813636781,0.019285661451704003,5,ভানে,4,0
5274,V5_in_sentence,"সে সারাজীবন অলস ছিল, ঢেঁকি স্বর্গে গিয়ে গেলেও ধান ভানে।",ঢেঁকি স্বর্গে গিয়েও ধান ভানে,D,C,0,0.323166817426681,0.37181854248046803,0.21815444529056502,0.010701775593840002,5,ভানে,4,0
5360,V0_intact,তাঁতীকুলও গেল বৈষ্ণবকুলও গেল,তাঁতীকুলও গেল বৈষ্ণবকুলও গেল,B,C,0,0.018616572022438,0.9153053760528561,0.797878563404083,0.0,4,গেল,3,3
5360,V1_shuffle,তাঁতীকুলও বৈষ্ণবকুলও গেল গেল,তাঁতীকুলও গেল বৈষ্ণবকুলও গেল,B,C,0,0.021315928548574,0.897854030132293,0.7787564396858211,0.000496137099109,4,গেল,3,3
5360,V2_reverse,গেল বৈষ্ণবকুলও গেল তাঁতীকুলও,তাঁতীকুলও গেল বৈষ্ণবকুলও গেল,B,C,0,0.038514863699674,0.843560874462127,0.6906084418296811,0.006360330538220001,4,গেল,3,3
5360,V3_delete1,তাঁতীকুলও গেল বৈষ্ণবকুলও,তাঁতীকুলও গেল বৈষ্ণবকুলও গেল,B,C,0,0.018000477924942002,0.9330624341964721,0.8180469870567321,0.0007186606790700001,4,গেল,3,3
5360,V4_substitute1,তাঁতীকুলও গেল বৈষ্ণবকুলও হাঁসের,তাঁতীকুলও গেল বৈষ্ণবকুলও গেল,B,C,0,0.031566891819238004,0.8859999775886531,0.7118426561355591,0.0014614480015990002,4,গেল,3,3
5360,V5_in_sentence,"বিবাদে তাঁতীকুলও গেল বৈষ্ণবকুলও গেল, কেউ লাভবান হল না।",তাঁতীকুলও গেল বৈষ্ণবকুলও গেল,B,C,0,0.090500563383102,0.77191412448883,0.593604803085327,0.023019012712567,4,গেল,3,3
5375,V0_intact,তা না না,তা না না,A,B,0,0.10321881622076001,0.5928962230682371,0.39744877815246504,0.0,3,না,2,1
5375,V1_shuffle,না তা না,তা না না,A,B,0,0.08362457901239301,0.605327308177948,0.39044049382209706,0.000568506756352,3,না,2,1
5375,V2_reverse,না না তা,তা না না,A,B,0,0.077324151992797,0.6098513007164,0.37701424956321705,0.001085336346866,3,না,2,1
5375,V3_delete1,তা না,তা না না,A,B,0,0.140135243535041,0.413762599229812,0.254164278507232,0.016787200834683002,3,না,2,1
5375,V4_substitute1,তা উনিশ না,তা না না,A,C,0,0.21053823828697202,0.331822961568832,0.172492757439613,0.043086920513966,3,না,2,1
5375,V5_in_sentence,সে আমার প্রস্তাবে তা না না করে উঠল।,তা না না,A,B,0,0.10312524437904301,0.566740751266479,0.27437031269073403,0.0015752935742790002,3,না,2,1
5514,V0_intact,তৈরী ছেলের বাপ,তৈরী ছেলের বাপ,B,A,0,0.08319580554962101,0.515258371829986,0.46010804176330505,0.0,3,তৈরী,0,0
5514,V1_shuffle,বাপ ছেলের তৈরী,তৈরী ছেলের বাপ,B,A,0,0.074885301291942,0.5292503237724301,0.48869937658309903,0.0016282756137840002,3,তৈরী,0,0
5514,V2_reverse,বাপ ছেলের তৈরী,তৈরী ছেলের বাপ,B,A,0,0.074885301291942,0.5292503237724301,0.48869937658309903,0.0016282756137840002,3,তৈরী,0,0
5514,V3_delete1,ছেলের বাপ,তৈরী ছেলের বাপ,B,A,0,0.044816046953201,0.521488726139068,0.46830254793167103,0.006384622551595,3,তৈরী,0,0
5514,V4_substitute1,দৈনন্দিন ছেলের বাপ,তৈরী ছেলের বাপ,B,C,0,0.14574603736400601,0.44023826718330306,0.397053033113479,0.019691667125802,3,তৈরী,0,0
5514,V5_in_sentence,সে তৈরী ছেলের বাপের মতো সব কাজে রাজি হয়ে যায়।,তৈরী ছেলের বাপ,B,A,0,0.24577212333679202,0.392509907484054,0.328292250633239,0.025745065455325,3,তৈরী,0,0
5594,V0_intact,থুম মেরে যাওয়া,থুম মেরে যাওয়া,A,C,0,0.025432894006371002,0.9278905987739561,0.8367142081260681,0.0,3,থুম,0,1
5594,V1_shuffle,যাওয়া থুম মেরে,থুম মেরে যাওয়া,A,C,0,0.023637646809220002,0.9352424740791321,0.846399009227752,0.00014239835209800002,3,থুম,0,1
5594,V2_reverse,যাওয়া মেরে থুম,থুম মেরে যাওয়া,A,C,0,0.03280172124505,0.9096150994300841,0.8228440284729001,0.000684551177013,3,থুম,0,1
5594,V3_delete1,মেরে যাওয়া,থুম মেরে যাওয়া,A,C,0,0.049459367990493004,0.8505395650863641,0.7595448493957521,0.007789244414831001,3,থুম,0,1
5594,V4_substitute1,থুম তালকানা যাওয়া,থুম মেরে যাওয়া,A,C,0,0.029133135452866003,0.9180080294609071,0.830776035785675,0.000187321709177,3,থুম,0,1
5594,V5_in_sentence,খবরটা শুনে সে থুম মেরে চুপ করে গেল।,থুম মেরে যাওয়া,A,C,0,0.07163707166910101,0.766878366470336,0.5816379189491271,0.026526253512258003,3,থুম,0,1
5599,V0_intact,থোঁতা মুখ ভোঁতা করা,থোঁতা মুখ ভোঁতা করা,D,C,0,0.012673540972173,0.9737939834594721,0.882487475872039,0.0,4,মুখ,1,2
5599,V1_shuffle,মুখ করা ভোঁতা থোঁতা,থোঁতা মুখ ভোঁতা করা,D,C,0,0.034196469932794,0.924717307090759,0.8336352705955501,0.006665821502157001,4,মুখ,1,2
5599,V2_reverse,করা ভোঁতা মুখ থোঁতা,থোঁতা মুখ ভোঁতা করা,D,C,0,0.08443808555603001,0.816078007221221,0.730317771434783,0.036803538741809,4,মুখ,1,2
5599,V3_delete1,থোঁতা ভোঁতা করা,থোঁতা মুখ ভোঁতা করা,D,C,0,0.011789527721703,0.9544774293899531,0.8514691591262811,0.0022971062672470003,4,মুখ,1,2
5599,V4_substitute1,থোঁতা মুখ কাঠখোট্টা করা,থোঁতা মুখ ভোঁতা করা,D,C,0,0.045626632869243004,0.939094066619873,0.8460447192192071,0.005136143940733,4,মুখ,1,2
5599,V5_in_sentence,"সে সবসময় বড় বড় কথা বলে, কিন্তু আজ তার থোঁতা মুখ ভোঁতা হয়ে গেল।",থোঁতা মুখ ভোঁতা করা,D,C,0,0.055316895246505,0.8045969009399411,0.588014125823974,0.042444862263406005,4,মুখ,1,2
5706,V0_intact,দশ আনা-ছয় আনা,দশ আনা-ছয় আনা,A,B,0,0.118471898138523,0.5990417599678041,0.42444136738777105,0.0,4,আনা,3,3
5706,V1_shuffle,দশ ছয় আনা আনা,দশ আনা-ছয় আনা,A,B,0,0.093472175300121,0.694970488548278,0.520415008068084,0.005075644852584001,4,আনা,3,3
5706,V2_reverse,আনা ছয় আনা দশ,দশ আনা-ছয় আনা,A,B,0,0.18732529878616302,0.5629032850265501,0.36425557732582003,0.004813396519326001,4,আনা,3,3
5706,V3_delete1,দশ আনা ছয়,দশ আনা-ছয় আনা,A,B,0,0.045396901667118,0.8548592329025261,0.69348669052124,0.043893258885382,4,আনা,3,3
5706,V4_substitute1,দশ আনা ছয় যোগাড়যন্ত্র,দশ আনা-ছয় আনা,A,B,0,0.19763563573360401,0.43782770633697504,0.32099005579948403,0.015017512366229,4,আনা,3,3
5706,V5_in_sentence,"তার চুল দশ আনা-ছয় আনা স্টাইলে কাটা, যা খুবই অদ্ভুত লাগছে।",দশ আনা-ছয় আনা,A,B,0,0.09406181424856101,0.82145208120346,0.6401925683021541,0.037638923753648,4,আনা,3,3
5712,V0_intact,দশচক্রে ভগবান ভূত,দশচক্রে ভগবান ভূত,A,B,0,0.010262840427458,0.9728651046752931,0.871243000030517,0.0,3,ভগবান,1,0
5712,V1_shuffle,দশচক্রে ভূত ভগবান,দশচক্রে ভগবান ভূত,A,B,0,0.007022873964160001,0.981968581676483,0.8925336599349971,0.00048196459906400005,3,ভগবান,1,0
5712,V2_reverse,ভূত ভগবান দশচক্রে,দশচক্রে ভগবান ভূত,A,B,0,0.009052665904164,0.980667233467102,0.871398389339447,0.00044689957671100003,3,ভগবান,1,0
5712,V3_delete1,দশচক্রে ভূত,দশচক্রে ভগবান ভূত,A,B,0,0.008450384251773,0.97939133644104,0.8747040629386901,0.00024181093466800002,3,ভগবান,1,0
5712,V4_substitute1,নিদানকালে ভগবান ভূত,দশচক্রে ভগবান ভূত,A,B,0,0.158390820026397,0.5691180229187011,0.433623850345611,0.133981925972814,3,ভগবান,1,0
5712,V5_in_sentence,রাজনৈতিক ষড়যন্ত্রে দশচক্রে ভগবান ভূত হয়ে গেল সেই নির্দোষ নেতা।,দশচক্রে ভগবান ভূত,A,B,0,0.054643537849187004,0.9064356684684751,0.7521200180053711,0.011257669628305001,3,ভগবান,1,0
5729,V0_intact,দহলা-নহলা করা,দহলা-নহলা করা,A,B,0,0.298963397741317,0.305234789848327,0.140532746911048,0.0,3,নহলা,1,2
5729,V1_shuffle,নহলা করা দহলা,দহলা-নহলা করা,A,B,0,0.23990787565708102,0.321738004684448,0.13750752806663502,0.0025116011210500003,3,নহলা,1,2
5729,V2_reverse,করা নহলা দহলা,দহলা-নহলা করা,A,B,0,0.207422122359275,0.29980227351188604,0.130618453025817,0.011389432436916001,3,নহলা,1,2
5729,V3_delete1,দহলা করা,দহলা-নহলা করা,A,A,1,0.43439459800720204,0.43439459800720204,0.208998665213584,0.011192849591706001,3,নহলা,1,2
5729,V4_substitute1,দহলা নহলা ঝুটঝামেলা,দহলা-নহলা করা,A,B,0,0.178137063980102,0.35897591710090604,0.171376213431358,0.015024920237419002,3,নহলা,1,2
5729,V5_in_sentence,কাজের কথায় সে খুব দহলা-নহলা করছে।,দহলা-নহলা করা,A,C,0,0.21546536684036202,0.378895074129104,0.181191086769104,0.009062255917722,3,নহলা,1,2
5805,V0_intact,দিনকে রাত করা,দিনকে রাত করা,A,B,0,0.043927725404500004,0.8869498968124391,0.7815803289413451,0.0,3,করা,2,1
5805,V1_shuffle,করা দিনকে রাত,দিনকে রাত করা,A,B,0,0.084847897291183,0.7416970133781431,0.5708737969398491,0.018684855706147002,3,করা,2,1
5805,V2_reverse,করা রাত দিনকে,দিনকে রাত করা,A,B,0,0.12329613417387,0.6752552390098571,0.5163497328758241,0.035355173275911006,3,করা,2,1
5805,V3_delete1,দিনকে রাত,দিনকে রাত করা,A,B,0,0.07207781821489301,0.77056884765625,0.623676478862762,0.013001333178664,3,করা,2,1
5805,V4_substitute1,দিনকে বুকের করা,দিনকে রাত করা,A,B,0,0.17265608906745902,0.5126215219497681,0.38443544507026606,0.092761033551533,3,করা,2,1
5805,V5_in_sentence,সে তার অপরাধকে ঢাকতে দিনকে রাত করে দিল।,দিনকে রাত করা,A,B,0,0.106177203357219,0.616121172904968,0.47223904728889404,0.053050196721136006,3,করা,2,1
5843,V0_intact,দুইয়ে দুইয়ে চার,দুইয়ে দুইয়ে চার,D,A,0,0.067007780075073,0.889023602008819,0.8095209002494811,0.0,3,চার,2,0
5843,V1_shuffle,চার দুইয়ে দুইয়ে,দুইয়ে দুইয়ে চার,D,A,0,0.22652108967304202,0.7222825288772581,0.5424622297286981,0.027587891204197003,3,চার,2,0
5843,V2_reverse,চার দুইয়ে দুইয়ে,দুইয়ে দুইয়ে চার,D,A,0,0.22652108967304202,0.7222825288772581,0.5424622297286981,0.027587891204197003,3,চার,2,0
5843,V3_delete1,দুইয়ে দুইয়ে,দুইয়ে দুইয়ে চার,D,A,0,0.24578535556793202,0.68635493516922,0.5743864178657531,0.035058116272969,3,চার,2,0
5843,V4_substitute1,দো দুইয়ে চার,দুইয়ে দুইয়ে চার,D,A,0,0.13083869218826202,0.820367097854614,0.6942420601844781,0.006141066074642001,3,চার,2,0
5843,V5_in_sentence,তার দেরি হওয়া এবং আবহাওয়ার খারাপের মধ্যে দুইয়ে দুইয়ে চার করে ফেলল।,দুইয়ে দুইয়ে চার,D,A,0,0.30917966365814203,0.574132919311523,0.35218578577041604,0.068982003765094,3,চার,2,0
5871,V0_intact,দুধে আলতা রঙ,দুধে আলতা রঙ,B,A,0,0.04321165382862,0.7485518455505371,0.542019486427307,0.0,3,রঙ,2,2
5871,V1_shuffle,আলতা দুধে রঙ,দুধে আলতা রঙ,B,A,0,0.045530464500188,0.7578546404838561,0.531462967395782,0.00019487180690600002,3,রঙ,2,2
5871,V2_reverse,রঙ আলতা দুধে,দুধে আলতা রঙ,B,A,0,0.022670585662126003,0.8998864293098451,0.7597447633743281,0.020772136142407003,3,রঙ,2,2
5871,V3_delete1,দুধে আলতা,দুধে আলতা রঙ,B,A,0,0.12061342597007702,0.324914664030075,0.201731517910957,0.09904693567333601,3,রঙ,2,2
5871,V4_substitute1,দুধে আলতা বড়োদিন,দুধে আলতা রঙ,B,A,0,0.174067825078964,0.352879643440246,0.187560945749282,0.100624456825408,3,রঙ,2,2
5871,V5_in_sentence,তার মুখমণ্ডল দুধে আলতা রঙের মতো উজ্জ্বল।,দুধে আলতা রঙ,B,A,0,0.210171654820442,0.710936784744262,0.551358163356781,0.045379207566788,3,রঙ,2,2
5874,V0_intact,দুধে ভাতে থাকা,দুধে ভাতে থাকা,C,B,0,0.027725985273718,0.9553513526916501,0.8623799681663511,0.0,3,থাকা,2,1
5874,V1_shuffle,থাকা দুধে ভাতে,দুধে ভাতে থাকা,C,B,0,0.032979294657707,0.9357972145080561,0.816846311092376,0.0013139319036960001,3,থাকা,2,1
5874,V2_reverse,থাকা ভাতে দুধে,দুধে ভাতে থাকা,C,B,0,0.039044160395860006,0.9170283079147331,0.800660967826843,0.0038256080398930002,3,থাকা,2,1
5874,V3_delete1,দুধে ভাতে,দুধে ভাতে থাকা,C,B,0,0.054533213376998006,0.8763217926025391,0.7779570221900941,0.011631979459393002,3,থাকা,2,1
5874,V4_substitute1,দুধে কড়খড়ে থাকা,দুধে ভাতে থাকা,C,B,0,0.045296866446733,0.9266139268875121,0.8068088889122,0.001882376791372,3,থাকা,2,1
5874,V5_in_sentence,সে ব্যবসায় সফল হয়ে এখন দুধে ভাতে থাকে।,দুধে ভাতে থাকা,C,B,0,0.074414193630218,0.8306642770767211,0.647229373455047,0.022992670875918,3,থাকা,2,1
6134,V0_intact,ধোপে টিকবে না,ধোপে টিকবে না,B,A,0,0.22450746595859503,0.46584308147430403,0.28759139776229803,0.0,3,টিকবে,1,1
6134,V1_shuffle,ধোপে না টিকবে,ধোপে টিকবে না,B,A,0,0.22135417163372,0.49435347318649203,0.320713430643081,0.000495535155793,3,টিকবে,1,1
6134,V2_reverse,না টিকবে ধোপে,ধোপে টিকবে না,B,A,0,0.21198505163192702,0.52776426076889,0.39455208182334905,0.002131968435662,3,টিকবে,1,1
6134,V3_delete1,ধোপে না,ধোপে টিকবে না,B,A,0,0.20901028811931602,0.55368024110794,0.371617972850799,0.004445676149349,3,টিকবে,1,1
6134,V4_substitute1,ধোপে আটেকাটে না,ধোপে টিকবে না,B,A,0,0.21088305115699701,0.440669238567352,0.282378554344177,0.0009770946137490002,3,টিকবে,1,1
6134,V5_in_sentence,"এই যুক্তি ধোপে টিকবে না, সবাই বুঝে যাবে।",ধোপে টিকবে না,B,A,0,0.25665757060050903,0.318674206733703,0.196623086929321,0.013779859727291002,3,টিকবে,1,1
6285,V0_intact,নাক-কান মলা,নাক-কান মলা,A,C,0,0.007982558570802,0.9702311754226681,0.8432005047798151,0.0,3,কান,1,1
6285,V1_shuffle,মলা নাক কান,নাক-কান মলা,A,C,0,0.021739395335316002,0.92406553030014,0.7601776123046871,0.00552877426194,3,কান,1,1
6285,V2_reverse,মলা কান নাক,নাক-কান মলা,A,C,0,0.071970894932746,0.7601996660232541,0.558285474777221,0.05306925389639,3,কান,1,1
6285,V3_delete1,নাক মলা,নাক-কান মলা,A,C,0,0.007142525166273001,0.9735609292984001,0.8376142382621761,5.520785788751378e-05,3,কান,1,1
6285,V4_substitute1,নাক চাট মলা,নাক-কান মলা,A,C,0,0.005059740971773001,0.9828910827636711,0.8384718298912041,0.0009087602884690001,3,কান,1,1
6285,V5_in_sentence,সে তার ভুল স্বীকার করে নাক-কান মলল এবং আর কখনো তা না করার প্রতিজ্ঞা করল।,নাক-কান মলা,A,C,0,0.254175424575805,0.6244539022445671,0.34034335613250705,0.11097292803272,3,কান,1,1
6315,V0_intact,নাকে সরষের তেল দিয়ে ঘুমানো,নাকে সরষের তেল দিয়ে ঘুমানো,A,B,0,0.019238058477640003,0.954253554344177,0.8614527583122251,0.0,5,সরষের,1,2
6315,V1_shuffle,তেল ঘুমানো সরষের নাকে দিয়ে,নাকে সরষের তেল দিয়ে ঘুমানো,A,B,0,0.023652689531445,0.93844199180603,0.8278424739837641,0.0006837098041120001,5,সরষের,1,2
6315,V2_reverse,ঘুমানো দিয়ে তেল সরষের নাকে,নাকে সরষের তেল দিয়ে ঘুমানো,A,B,0,0.02328204922378,0.9427904486656181,0.833370387554168,0.00048586544176800004,5,সরষের,1,2
6315,V3_delete1,নাকে তেল দিয়ে ঘুমানো,নাকে সরষের তেল দিয়ে ঘুমানো,A,B,0,0.011139519512653,0.9737944602966301,0.892008423805236,0.0013995750982680002,5,সরষের,1,2
6315,V4_substitute1,নাকে সরষের ত্রিভুবন দিয়ে ঘুমানো,নাকে সরষের তেল দিয়ে ঘুমানো,A,B,0,0.02751737460494,0.933057188987731,0.8318238854408261,0.001065623118285,5,সরষের,1,2
6315,V5_in_sentence,পরীক্ষায় ফেল করার পর সে নাকে সরষের তেল দিয়ে ঘুমাল।,নাকে সরষের তেল দিয়ে ঘুমানো,A,B,0,0.078201554715633,0.843760430812835,0.739510118961334,0.017908812402853,5,সরষের,1,2
6319,V0_intact,নাকের বদলে নরুণ,নাকের বদলে নরুণ,B,D,0,0.027937477454543003,0.9000630974769591,0.7843858599662781,0.0,3,বদলে,1,0
6319,V1_shuffle,নাকের নরুণ বদলে,নাকের বদলে নরুণ,B,D,0,0.051743634045124005,0.840464234352111,0.714143633842468,0.004190924069246,3,বদলে,1,0
6319,V2_reverse,নরুণ বদলে নাকের,নাকের বদলে নরুণ,B,D,0,0.086886309087276,0.7203844189643861,0.5748302936553951,0.027703953844166,3,বদলে,1,0
6319,V3_delete1,নাকের নরুণ,নাকের বদলে নরুণ,B,D,0,0.071986384689807,0.7492131590843201,0.6416026353836061,0.020235802587026,3,বদলে,1,0
6319,V4_substitute1,ব্রহ্মচুল বদলে নরুণ,নাকের বদলে নরুণ,B,D,0,0.054175611585378,0.7868165969848631,0.634926676750183,0.012439091108841002,3,বদলে,1,0
6319,V5_in_sentence,"ব্যবসায়ে সে নাকের বদলে নরুণ পেয়েছে, অনেক টাকা লাগল কিন্তু লাভ সামান্য।",নাকের বদলে নরুণ,B,D,0,0.175904020667076,0.47389212250709506,0.34746354818344105,0.11342776499047401,3,বদলে,1,0
6323,V0_intact,নাচতে এসে ঘোমটা টানা,নাচতে এসে ঘোমটা টানা,A,D,0,0.012511873617768001,0.960123658180236,0.8660956025123591,0.0,4,টানা,3,0
6323,V1_shuffle,এসে টানা নাচতে ঘোমটা,নাচতে এসে ঘোমটা টানা,A,D,0,0.026124490424990002,0.913975596427917,0.790046572685241,0.004643765974897,4,টানা,3,0
6323,V2_reverse,টানা ঘোমটা এসে নাচতে,নাচতে এসে ঘোমটা টানা,A,D,0,0.026993477717041,0.9077536463737481,0.775595068931579,0.005859382430412,4,টানা,3,0
6323,V3_delete1,নাচতে এসে ঘোমটা,নাচতে এসে ঘোমটা টানা,A,D,0,0.008919885382056,0.9687278866767881,0.881610095500946,0.00042144985696700003,4,টানা,3,0
6323,V4_substitute1,পড়তে এসে ঘোমটা টানা,নাচতে এসে ঘোমটা টানা,A,D,0,0.06123405322432501,0.848354279994964,0.732304334640502,0.019742534708183,4,টানা,3,0
6323,V5_in_sentence,"সে নাচতে এসে ঘোমটা টানছে, কিন্তু সবাই জানে তার আসল উদ্দেশ্য।",নাচতে এসে ঘোমটা টানা,A,D,0,0.105745464563369,0.689856827259063,0.483880758285522,0.07043525225083701,4,টানা,3,0
6354,V0_intact,নাতন কাচ কাচা,নাতন কাচ কাচা,C,A,0,0.028196312487125,0.915532350540161,0.774385333061218,0.0,3,কাচা,2,1
6354,V1_shuffle,কাচ নাতন কাচা,নাতন কাচ কাচা,C,A,0,0.029439467936754,0.9309304952621461,0.7755798697471611,0.0010057006980370002,3,কাচা,2,1
6354,V2_reverse,কাচা কাচ নাতন,নাতন কাচ কাচা,C,A,0,0.043340396136045005,0.8945366740226741,0.7158075571060181,0.001321883635808,3,কাচা,2,1
6354,V3_delete1,নাতন কাচ,নাতন কাচ কাচা,C,A,0,0.027527967467904,0.93056583404541,0.801263511180877,0.000564565119282,3,কাচা,2,1
6354,V4_substitute1,নাতন চুটকি কাচা,নাতন কাচ কাচা,C,A,0,0.017259290441870002,0.9459016919136041,0.79421466588974,0.0020030415484880004,3,কাচা,2,1
6354,V5_in_sentence,"সে নাতন কাচ কাচা করে খরচ করতে চায় না, যদিও তার কাছে টাকা আছে।",নাতন কাচ কাচা,C,A,0,0.105341084301471,0.6713092923164361,0.399178087711334,0.04836922992488701,3,কাচা,2,1
6430,V0_intact,নিবেদনের আগে প্রসাদ,নিবেদনের আগে প্রসাদ,B,D,0,0.028845319524407,0.950715541839599,0.870072126388549,0.0,3,প্রসাদ,2,0
6430,V1_shuffle,প্রসাদ নিবেদনের আগে,নিবেদনের আগে প্রসাদ,B,D,0,0.06128030642867,0.839959442615509,0.750063061714172,0.020580773327239,3,প্রসাদ,2,0
6430,V2_reverse,প্রসাদ আগে নিবেদনের,নিবেদনের আগে প্রসাদ,B,D,0,0.035894371569156,0.929408848285675,0.8359051942825311,0.001369840849372,3,প্রসাদ,2,0
6430,V3_delete1,নিবেদনের আগে,নিবেদনের আগে প্রসাদ,B,D,0,0.12019053101539601,0.7261799573898311,0.636796474456787,0.052496983497403005,3,প্রসাদ,2,0
6430,V4_substitute1,পুরাদস্তুর আগে প্রসাদ,নিবেদনের আগে প্রসাদ,B,D,0,0.175419107079505,0.7055054306983941,0.562036216259002,0.057781279989085006,3,প্রসাদ,2,0
6430,V5_in_sentence,"সে নিবেদনের আগে প্রসাদ ভেবে উচ্ছ্বসিত হয়ে উঠেছে, পরীক্ষার ফল না জেনেই পার্টির পরিকল্পনা করছে।",নিবেদনের আগে প্রসাদ,B,D,0,0.18457864224910703,0.6962846517562861,0.46924981474876404,0.060878741977985006,3,প্রসাদ,2,0
6585,V0_intact,পথে হেঁটে চোখ রাঙানি,পথে হেঁটে চোখ রাঙানি,C,A,0,0.23186385631561202,0.381381690502166,0.231277272105216,0.0,4,পথে,0,1
6585,V1_shuffle,রাঙানি চোখ পথে হেঁটে,পথে হেঁটে চোখ রাঙানি,C,D,0,0.186994850635528,0.41588118672370905,0.24350282549858002,0.024117592604906,4,পথে,0,1
6585,V2_reverse,রাঙানি চোখ হেঁটে পথে,পথে হেঁটে চোখ রাঙানি,C,D,0,0.170813038945198,0.43958675861358604,0.259270191192626,0.029811622315274,4,পথে,0,1
6585,V3_delete1,হেঁটে চোখ রাঙানি,পথে হেঁটে চোখ রাঙানি,C,D,0,0.22408881783485401,0.33074560761451705,0.202171146869659,0.009169661123797001,4,পথে,0,1
6585,V4_substitute1,পথে চিনেছে চোখ রাঙানি,পথে হেঁটে চোখ রাঙানি,C,A,0,0.16096365451812703,0.48059141635894703,0.257716447114944,0.009991161285281,4,পথে,0,1
6585,V5_in_sentence,সে তার ভুল স্বীকার করার বদলে পথে হেঁটে চোখ রাঙানি করতে শুরু করল।,পথে হেঁটে চোখ রাঙানি,C,D,0,0.195630624890327,0.41170209646224903,0.20447571575641602,0.023771615922839003,4,পথে,0,1
6649,V0_intact,পরের ঘাড়ে বন্দুক রেখে শিকার করা,পরের ঘাড়ে বন্দুক রেখে শিকার করা,C,A,0,0.086894646286964,0.752357184886932,0.551288247108459,0.0,6,রেখে,3,0
6649,V1_shuffle,ঘাড়ে বন্দুক পরের করা রেখে শিকার,পরের ঘাড়ে বন্দুক রেখে শিকার করা,C,A,0,0.053527064621448,0.825845956802368,0.6357259154319761,0.004315703116657001,6,রেখে,3,0
6649,V2_reverse,করা শিকার রেখে বন্দুক ঘাড়ে পরের,পরের ঘাড়ে বন্দুক রেখে শিকার করা,C,A,0,0.030852343887090003,0.9207622408866881,0.7182627916336061,0.027477764063555003,6,রেখে,3,0
6649,V3_delete1,পরের ঘাড়ে বন্দুক শিকার করা,পরের ঘাড়ে বন্দুক রেখে শিকার করা,C,A,0,0.040843736380338,0.8955577611923211,0.6911523938179011,0.018551894151991002,6,রেখে,3,0
6649,V4_substitute1,বাক্যনবাব ঘাড়ে বন্দুক রেখে শিকার করা,পরের ঘাড়ে বন্দুক রেখে শিকার করা,C,A,0,0.09588529914617501,0.7583369612693781,0.61458820104599,0.00033832333660700005,6,রেখে,3,0
6649,V5_in_sentence,সে সবসময় পরের ঘাড়ে বন্দুক রেখে শিকার করা করে লাভ করে।,পরের ঘাড়ে বন্দুক রেখে শিকার করা,C,A,0,0.12149343639612101,0.683132171630859,0.46250772476196206,0.003225680953875,6,রেখে,3,0
6812,V0_intact,পাথরে মাথা কোটা,পাথরে মাথা কোটা,A,C,0,0.043476145714521006,0.832773625850677,0.676614999771118,0.0,3,মাথা,1,2
6812,V1_shuffle,মাথা পাথরে কোটা,পাথরে মাথা কোটা,A,C,0,0.059565670788288005,0.7797446250915521,0.577630043029785,0.002274812023102,3,মাথা,1,2
6812,V2_reverse,কোটা মাথা পাথরে,পাথরে মাথা কোটা,A,C,0,0.06990127265453301,0.7393784523010251,0.534750819206237,0.006601639207106,3,মাথা,1,2
6812,V3_delete1,পাথরে কোটা,পাথরে মাথা কোটা,A,C,0,0.056870695203542,0.8078116178512571,0.622244358062744,0.001171091394986,3,মাথা,1,2
6812,V4_substitute1,পাথরে মাথা খুইয়ে,পাথরে মাথা কোটা,A,C,0,0.050220277160406,0.8177655339241021,0.663029611110687,0.00022385905988600002,3,মাথা,1,2
6812,V5_in_sentence,"সে তার বাবার কাছে পাথরে মাথা কোটল, কিন্তু কোনো সাড়া পেল না।",পাথরে মাথা কোটা,A,C,0,0.128766104578971,0.42513796687126104,0.23752543330192502,0.094663258346678,3,মাথা,1,2
6877,V0_intact,পিঁপড়ের গর্তে লুকানো,পিঁপড়ের গর্তে লুকানো,C,B,0,0.012085276655852,0.9640480279922481,0.8069235682487481,0.0,3,লুকানো,2,2
6877,V1_shuffle,গর্তে পিঁপড়ের লুকানো,পিঁপড়ের গর্তে লুকানো,C,B,0,0.005770835559815,0.9842761754989621,0.8560824394226071,0.002109365088895,3,লুকানো,2,2
6877,V2_reverse,লুকানো গর্তে পিঁপড়ের,পিঁপড়ের গর্তে লুকানো,C,B,0,0.005531429778784001,0.9839591383934021,0.847452759742736,0.0020460354578110003,3,লুকানো,2,2
6877,V3_delete1,পিঁপড়ের গর্তে,পিঁপড়ের গর্তে লুকানো,C,B,0,0.063267357647418,0.8069192171096801,0.577219367027282,0.033170791357787,3,লুকানো,2,2
6877,V4_substitute1,পিঁপড়ের গর্তে জানে,পিঁপড়ের গর্তে লুকানো,C,B,0,0.092906109988689,0.765988051891326,0.5160979032516481,0.04641681188407901,3,লুকানো,2,2
6877,V5_in_sentence,সে অন্ধকার দেখে পিঁপড়ের গর্তে লুকানোর মতো ভয় পেয়েছে।,পিঁপড়ের গর্তে লুকানো,C,C,1,0.41210809350013705,0.41210809350013705,0.32720124721527105,0.34158655361252904,3,লুকানো,2,2
6952,V0_intact,পেটে এক মুখে আরেক,পেটে এক মুখে আরেক,D,A,0,0.048561748117208,0.8434149026870721,0.7006985545158381,0.0,4,মুখে,2,3
6952,V1_shuffle,এক আরেক মুখে পেটে,পেটে এক মুখে আরেক,D,A,0,0.031091865152120004,0.8928372859954831,0.7541503310203551,0.002711760213274,4,মুখে,2,3
6952,V2_reverse,আরেক মুখে এক পেটে,পেটে এক মুখে আরেক,D,A,0,0.016001781448721,0.9461322426795961,0.8192649483680721,0.014586783950474,4,মুখে,2,3
6952,V3_delete1,পেটে এক আরেক,পেটে এক মুখে আরেক,D,A,0,0.048140067607164,0.867039918899536,0.723926246166229,0.003268399253145,4,মুখে,2,3
6952,V4_substitute1,পেটে এক মুখে রা,পেটে এক মুখে আরেক,D,A,0,0.039864543825387004,0.816053569316864,0.6837882995605461,0.0022689593913520004,4,মুখে,2,3
6952,V5_in_sentence,"সে পেটে এক মুখে আরেক, কখনো তার কথায় বিশ্বাস করা যায় না।",পেটে এক মুখে আরেক,D,A,0,0.07997697591781601,0.752224326133728,0.5303185582160951,0.011646243264217001,4,মুখে,2,3
6954,V0_intact,পেটে খিদে মুখে লাজ,পেটে খিদে মুখে লাজ,A,D,0,0.035538781434297,0.8507418632507321,0.636030554771423,0.0,4,পেটে,0,1
6954,V1_shuffle,মুখে লাজ পেটে খিদে,পেটে খিদে মুখে লাজ,A,D,0,0.039357010275125004,0.8420882821083061,0.6062570214271541,0.00012905275251500002,4,পেটে,0,1
6954,V2_reverse,লাজ মুখে খিদে পেটে,পেটে খিদে মুখে লাজ,A,D,0,0.020765522494912002,0.924055159091949,0.691069424152374,0.007130402575137001,4,পেটে,0,1
6954,V3_delete1,খিদে মুখে লাজ,পেটে খিদে মুখে লাজ,A,D,0,0.03147604316473,0.8742706179618831,0.6032665967941281,0.0006214406585780001,4,পেটে,0,1
6954,V4_substitute1,পেটে যোগানো মুখে লাজ,পেটে খিদে মুখে লাজ,A,D,0,0.037676453590393004,0.8333222866058351,0.638283252716064,0.00044768611817500004,4,পেটে,0,1
6954,V5_in_sentence,সে পেটে খিদে মুখে লাজ নিয়ে চুপচাপ বসে রইল।,পেটে খিদে মুখে লাজ,A,D,0,0.043481823056936,0.8497522473335261,0.5756953358650201,0.0016289466059320001,4,পেটে,0,1
6966,V0_intact,পেটে বোমা মারলেও কিছু বের না হওয়া,পেটে বোমা মারলেও কিছু বের না হওয়া,A,A,1,0.31770649552345204,0.31770649552345204,0.282384574413299,0.0,7,বোমা,1,3
6966,V1_shuffle,কিছু না হওয়া বোমা পেটে বের মারলেও,পেটে বোমা মারলেও কিছু বের না হওয়া,A,C,0,0.32157945632934504,0.327336460351943,0.294774830341339,0.0032232188271580004,7,বোমা,1,3
6966,V2_reverse,হওয়া না বের কিছু মারলেও বোমা পেটে,পেটে বোমা মারলেও কিছু বের না হওয়া,A,C,0,0.18774721026420502,0.550408840179443,0.45332461595535206,0.041621400778888006,7,বোমা,1,3
6966,V3_delete1,পেটে মারলেও কিছু বের না হওয়া,পেটে বোমা মারলেও কিছু বের না হওয়া,A,A,1,0.34018236398696905,0.34018236398696905,0.319375783205032,0.001489804283228,7,বোমা,1,3
6966,V4_substitute1,পেটে বোমা মারলেও শত্রুমিত্র বের না হওয়া,পেটে বোমা মারলেও কিছু বের না হওয়া,A,C,0,0.262501209974288,0.342026621103286,0.242589637637138,0.0036199444110490003,7,বোমা,1,3
6966,V5_in_sentence,"ওর পেটে বোমা মারলেও কিছু বের হবে না, একদম বিদ্যাহীন।",পেটে বোমা মারলেও কিছু বের না হওয়া,A,A,1,0.485212236642837,0.485212236642837,0.44788575172424305,0.018769100205717003,7,বোমা,1,3
6996,V0_intact,লোক না পোকা,লোক না পোকা,C,D,0,0.13697899878025002,0.519326210021972,0.27074384689331005,0.0,3,পোকা,2,0
6996,V1_shuffle,পোকা লোক না,লোক না পোকা,C,D,0,0.028656726703047003,0.9082028269767761,0.72416740655899,0.09945270074328401,3,পোকা,2,0
6996,V2_reverse,পোকা না লোক,লোক না পোকা,C,D,0,0.057493451982736005,0.82397323846817,0.641311764717102,0.05444993640947501,3,পোকা,2,0
6996,V3_delete1,লোক না,লোক না পোকা,C,D,0,0.138340964913368,0.58294653892517,0.330493599176406,0.002761752853548,3,পোকা,2,0
6996,V4_substitute1,বিবাদভঞ্জন না পোকা,লোক না পোকা,C,D,0,0.16903002560138702,0.40013691782951305,0.187861785292625,0.010019187485787001,3,পোকা,2,0
6996,V5_in_sentence,"সে তো লোক না পোকা, কোনো মর্যাদা নেই তার।",লোক না পোকা,C,D,0,0.24225614964962003,0.40431132912635803,0.23489995300769803,0.012620841598226,3,পোকা,2,0
6998,V0_intact,পোকার মত পড়ে থাকা,পোকার মত পড়ে থাকা,C,A,0,0.017652636393904002,0.9542513489723201,0.8301680088043211,0.0,4,পড়ে,2,2
6998,V1_shuffle,পোকার থাকা পড়ে মত,পোকার মত পড়ে থাকা,C,A,0,0.013553185388445,0.9699511528015131,0.8433563709259031,0.0009308916198230001,4,পড়ে,2,2
6998,V2_reverse,থাকা পড়ে মত পোকার,পোকার মত পড়ে থাকা,C,A,0,0.042068045586347004,0.938209474086761,0.768826425075531,0.002982837441149,4,পড়ে,2,2
6998,V3_delete1,পোকার মত থাকা,পোকার মত পড়ে থাকা,C,A,0,0.13904620707035,0.727347254753112,0.554889857769012,0.053113734720966005,4,পড়ে,2,2
6998,V4_substitute1,পোকার মত একগাছি থাকা,পোকার মত পড়ে থাকা,C,A,0,0.19661295413970903,0.6191913485527031,0.441443234682083,0.09390117054890501,4,পড়ে,2,2
6998,V5_in_sentence,"শিশুটি পোকার মত পড়ে থাকল, কোনো হাওয়াই নেই।",পোকার মত পড়ে থাকা,C,D,0,0.054840013384819,0.49187284708023005,0.24782094359397802,0.22349452365215702,4,পড়ে,2,2
7170,V0_intact,ফুসফুস গুজগুজ করা,ফুসফুস গুজগুজ করা,C,A,0,0.023016368970274002,0.927841424942016,0.72061687707901,0.0,3,গুজগুজ,1,0
7170,V1_shuffle,করা ফুসফুস গুজগুজ,ফুসফুস গুজগুজ করা,C,A,0,0.04978248104453,0.8722761273384091,0.693993985652923,0.004605000707702,3,গুজগুজ,1,0
7170,V2_reverse,করা গুজগুজ ফুসফুস,ফুসফুস গুজগুজ করা,C,A,0,0.041860029101371,0.907123386859893,0.716552436351776,0.001463603848997,3,গুজগুজ,1,0
7170,V3_delete1,ফুসফুস করা,ফুসফুস গুজগুজ করা,C,A,0,0.068017832934856,0.788947463035583,0.5320082306861871,0.020601197710263003,3,গুজগুজ,1,0
7170,V4_substitute1,কোস্তাকুস্তি গুজগুজ করা,ফুসফুস গুজগুজ করা,C,A,0,0.05491640046238801,0.87611699104309,0.6340566873550411,0.004690525882374,3,গুজগুজ,1,0
7170,V5_in_sentence,বন্ধুরা ফুসফুস গুজগুজ করে পরীক্ষার প্রস্তুতির গোপন টিপস শেয়ার করছিল।,ফুসফুস গুজগুজ করা,C,A,0,0.18774875998497,0.727587819099426,0.49091500043869,0.04519701068156,3,গুজগুজ,1,0
7289,V0_intact,বত্রিশ নাড়ি ছেঁড়া ধন,বত্রিশ নাড়ি ছেঁড়া ধন,C,A,0,0.029683049768209003,0.893382310867309,0.745110750198364,0.0,4,ছেঁড়া,2,1
7289,V1_shuffle,নাড়ি ছেঁড়া বত্রিশ ধন,বত্রিশ নাড়ি ছেঁড়া ধন,C,A,0,0.033317528665065,0.8914907574653621,0.7433086037635801,0.000627342373259,4,ছেঁড়া,2,1
7289,V2_reverse,ধন ছেঁড়া নাড়ি বত্রিশ,বত্রিশ নাড়ি ছেঁড়া ধন,C,A,0,0.030176196247339002,0.903558075428009,0.7441161274909971,0.000427802557637,4,ছেঁড়া,2,1
7289,V3_delete1,বত্রিশ নাড়ি ধন,বত্রিশ নাড়ি ছেঁড়া ধন,C,A,0,0.029902592301368002,0.8988659381866451,0.741334795951843,6.748951474288851e-05,4,ছেঁড়া,2,1
7289,V4_substitute1,বত্রিশ ধারাপাতের ছেঁড়া ধন,বত্রিশ নাড়ি ছেঁড়া ধন,C,A,0,0.055223379284143004,0.8364077210426331,0.661299169063568,0.0038953983000120005,4,ছেঁড়া,2,1
7289,V5_in_sentence,তার একমাত্র ছেলে তার বত্রিশ নাড়ি ছেঁড়া ধন।,বত্রিশ নাড়ি ছেঁড়া ধন,C,A,0,0.07194353640079401,0.816344320774078,0.6542473435401911,0.007984040926346001,4,ছেঁড়া,2,1
7469,V0_intact,বাঘে ছুঁলে আঠারো ঘা,বাঘে ছুঁলে আঠারো ঘা,A,D,0,0.12459185719490001,0.803102493286132,0.692968189716339,0.0,4,ছুঁলে,1,3
7469,V1_shuffle,আঠারো বাঘে ঘা ছুঁলে,বাঘে ছুঁলে আঠারো ঘা,A,D,0,0.253062933683395,0.600179851055145,0.44645676016807506,0.024984901958452002,4,ছুঁলে,1,3
7469,V2_reverse,ঘা আঠারো ছুঁলে বাঘে,বাঘে ছুঁলে আঠারো ঘা,A,D,0,0.147138193249702,0.774962067604064,0.646056056022644,0.0007046488748630001,4,ছুঁলে,1,3
7469,V3_delete1,বাঘে আঠারো ঘা,বাঘে ছুঁলে আঠারো ঘা,A,D,0,0.12993095815181702,0.7733683586120601,0.6649200916290281,0.0011039268694340001,4,ছুঁলে,1,3
7469,V4_substitute1,বাঘে ছুঁলে আঠারো বেবাক,বাঘে ছুঁলে আঠারো ঘা,A,D,0,0.193696230649948,0.68571799993515,0.5672314763069151,0.0091546615416,4,ছুঁলে,1,3
7469,V5_in_sentence,"সেই বিতর্কে জড়িয়ো না, বাঘে ছুঁলে আঠারো ঘা হয়ে যাবে।",বাঘে ছুঁলে আঠারো ঘা,A,D,0,0.232160881161689,0.6366201639175411,0.45454829931259105,0.017434157353767,4,ছুঁলে,1,3
7485,V0_intact,বাংলা করে বলা,বাংলা করে বলা,C,B,0,0.054016564041376,0.9236092567443841,0.7804604768753051,0.0,3,বাংলা,0,1
7485,V1_shuffle,বলা করে বাংলা,বাংলা করে বলা,C,B,0,0.029134245589375003,0.9616515636444091,0.8478261232376091,0.0035104510039760005,3,বাংলা,0,1
7485,V2_reverse,বলা করে বাংলা,বাংলা করে বলা,C,B,0,0.029134245589375003,0.9616515636444091,0.8478261232376091,0.0035104510039760005,3,বাংলা,0,1
7485,V3_delete1,করে বলা,বাংলা করে বলা,C,B,0,0.13378240168094602,0.8413642048835751,0.673094511032104,0.009828176194292,3,বাংলা,0,1
7485,V4_substitute1,বাংলা ত্রাহি বলা,বাংলা করে বলা,C,B,0,0.086842596530914,0.875978171825408,0.6810538172721861,0.0031760220125850004,3,বাংলা,0,1
7485,V5_in_sentence,"কী বলতে চাইছো বুঝতে পারছি না, একটু বাংলা করে বলো।",বাংলা করে বলা,C,B,0,0.032841224223375,0.941776990890502,0.8053421974182121,0.0014305660938410002,3,বাংলা,0,1
7508,V0_intact,বাজারে বাজার বসে,বাজারে বাজার বসে,A,C,0,0.156459897756576,0.631674587726593,0.6761763095855711,0.0,3,বসে,2,2
7508,V1_shuffle,বসে বাজারে বাজার,বাজারে বাজার বসে,A,C,0,0.21474143862724301,0.503273248672485,0.546067535877227,0.008689093151084001,3,বসে,2,2
7508,V2_reverse,বসে বাজার বাজারে,বাজারে বাজার বসে,A,C,0,0.21461011469364102,0.48379999399185103,0.553849458694458,0.011583026492043002,3,বসে,2,2
7508,V3_delete1,বাজারে বাজার,বাজারে বাজার বসে,A,C,0,0.17814180254936202,0.61106389760971,0.678929567337036,0.0007358831849980001,3,বসে,2,2
7508,V4_substitute1,বাজারে বাজার তিরোধান,বাজারে বাজার বসে,A,C,0,0.15315805375576,0.432975977659225,0.45848205685615506,0.025965766919912002,3,বসে,2,2
7508,V5_in_sentence,তোমার ফসল বিক্রি করতে চাইলে বাজারে বাজার বসে।,বাজারে বাজার বসে,A,A,1,0.5185671448707581,0.5185671448707581,0.557783424854278,0.07784890873314601,3,বসে,2,2
7535,V0_intact,বাড়া ভাতে নেড়া গিন্নী,বাড়া ভাতে নেড়া গিন্নী,A,B,0,0.08086678385734501,0.7490382790565491,0.570380628108978,0.0,4,নেড়া,2,1
7535,V1_shuffle,গিন্নী নেড়া বাড়া ভাতে,বাড়া ভাতে নেড়া গিন্নী,A,B,0,0.062168683856725006,0.7849819064140321,0.6241821050643921,0.001673007596268,4,নেড়া,2,1
7535,V2_reverse,গিন্নী নেড়া ভাতে বাড়া,বাড়া ভাতে নেড়া গিন্নী,A,B,0,0.08935372531414,0.6888883113861081,0.5213969349861141,0.003099797703005,4,নেড়া,2,1
7535,V3_delete1,বাড়া ভাতে গিন্নী,বাড়া ভাতে নেড়া গিন্নী,A,B,0,0.114012524485588,0.6701747179031371,0.46682906150817804,0.004105270273461001,4,নেড়া,2,1
7535,V4_substitute1,বাড়া খাটো নেড়া গিন্নী,বাড়া ভাতে নেড়া গিন্নী,A,B,0,0.13664498925209,0.533943235874176,0.36340200901031405,0.026035810447949,4,নেড়া,2,1
7535,V5_in_sentence,"সে একটা বাড়া ভাতে নেড়া গিন্নী, স্বামীর সব কাজের ফল পায় কিন্তু নিজে কিছু করে না।",বাড়া ভাতে নেড়া গিন্নী,A,B,0,0.19058991968631703,0.359253734350204,0.20015302300453103,0.08340449024686701,4,নেড়া,2,1
7563,V0_intact,বানরের সম্পত্তি গালে,বানরের সম্পত্তি গালে,A,D,0,0.036614522337913,0.9161183238029481,0.7635279893875121,0.0,3,গালে,2,1
7563,V1_shuffle,গালে সম্পত্তি বানরের,বানরের সম্পত্তি গালে,A,D,0,0.023737678304314003,0.944515347480773,0.7916049957275391,0.001568833214731,3,গালে,2,1
7563,V2_reverse,গালে সম্পত্তি বানরের,বানরের সম্পত্তি গালে,A,D,0,0.023737678304314003,0.944515347480773,0.7916049957275391,0.001568833214731,3,গালে,2,1
7563,V3_delete1,বানরের সম্পত্তি,বানরের সম্পত্তি গালে,A,D,0,0.06993391364812801,0.8426126837730401,0.6506333351135251,0.006474828780320001,3,গালে,2,1
7563,V4_substitute1,বানরের গজকচ্ছপের গালে,বানরের সম্পত্তি গালে,A,D,0,0.031930819153785005,0.924781501293182,0.7391251921653741,0.00015323892305700002,3,গালে,2,1
7563,V5_in_sentence,"সে বানরের সম্পত্তি গালে, মাসের বেতন আসার সাথে সাথে শেষ হয়ে যায়।",বানরের সম্পত্তি গালে,A,D,0,0.17461137473583202,0.602060616016387,0.405336916446685,0.072722907590217,3,গালে,2,1
7575,V0_intact,বাপ-ঠাকুরদার আমল,বাপ-ঠাকুরদার আমল,B,A,0,0.018611496314406003,0.9454045891761781,0.8682672977447511,0.0,3,আমল,2,0
7575,V1_shuffle,বাপ আমল ঠাকুরদার,বাপ-ঠাকুরদার আমল,B,A,0,0.022821838036179,0.933118462562561,0.8483360409736631,0.000395550871998,3,আমল,2,0
7575,V2_reverse,আমল ঠাকুরদার বাপ,বাপ-ঠাকুরদার আমল,B,A,0,0.026625599712133,0.922817349433898,0.833792448043823,0.001243583809896,3,আমল,2,0
7575,V3_delete1,বাপ ঠাকুরদার,বাপ-ঠাকুরদার আমল,B,A,0,0.033811181783676,0.8896387219429011,0.8190311789512631,0.005282597215006001,3,আমল,2,0
7575,V4_substitute1,সাফ ঠাকুরদার আমল,বাপ-ঠাকুরদার আমল,B,A,0,0.015687972307205002,0.9513244628906251,0.86290043592453,0.00026971055257700004,3,আমল,2,0
7575,V5_in_sentence,এই রীতি বাপ-ঠাকুরদার আমলের।,বাপ-ঠাকুরদার আমল,B,A,0,0.018586710095405003,0.9504310488700861,0.83125364780426,0.00043443891773300004,3,আমল,2,0
7585,V0_intact,বাপের বিয়ে দেওয়া,বাপের বিয়ে দেওয়া,B,A,0,0.065658211708068,0.8488188982009881,0.772565245628356,0.0,3,দেওয়া,2,1
7585,V1_shuffle,বিয়ে বাপের দেওয়া,বাপের বিয়ে দেওয়া,B,A,0,0.042775128036737005,0.8944327235221861,0.813688993453979,0.002566168327943,3,দেওয়া,2,1
7585,V2_reverse,দেওয়া বিয়ে বাপের,বাপের বিয়ে দেওয়া,B,A,0,0.061491247266530005,0.875229358673095,0.7854782938957211,0.001034172848399,3,দেওয়া,2,1
7585,V3_delete1,বাপের বিয়ে,বাপের বিয়ে দেওয়া,B,A,0,0.012522337026894,0.931628882884979,0.8440089225769041,0.012501425355371002,3,দেওয়া,2,1
7585,V4_substitute1,বাপের বাঁটুল দেওয়া,বাপের বিয়ে দেওয়া,B,A,0,0.071098707616329,0.7345117926597591,0.5956506729125971,0.012994345046154002,3,দেওয়া,2,1
7585,V5_in_sentence,ঝগড়ায় সে আমাকে বাপের বিয়ে দেওয়া বলে গালি দিল।,বাপের বিয়ে দেওয়া,B,A,0,0.06780843436717901,0.49703323841094904,0.31869852542877203,0.097595039462675,3,দেওয়া,2,1
7589,V0_intact,"বাবাজীকি বাবাজী, তরকারীকি তরকারী","বাবাজীকি বাবাজী, তরকারীকি তরকারী",C,C,1,0.46233475208282404,0.46233475208282404,0.38982316851615906,0.0,4,তরকারী,3,2
7589,V1_shuffle,বাবাজীকি বাবাজী তরকারী তরকারীকি,"বাবাজীকি বাবাজী, তরকারীকি তরকারী",C,B,0,0.24326597154140403,0.669995665550231,0.618365228176116,0.05809135471567801,4,তরকারী,3,2
7589,V2_reverse,তরকারী তরকারীকি বাবাজী বাবাজীকি,"বাবাজীকি বাবাজী, তরকারীকি তরকারী",C,B,0,0.273431569337844,0.6394852995872491,0.5415709018707271,0.048732866499708004,4,তরকারী,3,2
7589,V3_delete1,বাবাজীকি বাবাজী তরকারীকি,"বাবাজীকি বাবাজী, তরকারীকি তরকারী",C,B,0,0.20485161244869202,0.7310798764228821,0.678835391998291,0.082575253133985,4,তরকারী,3,2
7589,V4_substitute1,বাবাজীকি বাবাজী আফসোস তরকারী,"বাবাজীকি বাবাজী, তরকারীকি তরকারী",C,B,0,0.18144528567790902,0.7744922041893001,0.733856081962585,0.10459226335228901,4,তরকারী,3,2
7589,V5_in_sentence,"সে বাবাজীকি বাবাজী, তরকারীকি তরকারী – বাইরে পবিত্র দেখায় কিন্তু ভিতরে সাধারণ মানুষ।","বাবাজীকি বাবাজী, তরকারীকি তরকারী",C,B,0,0.233982220292091,0.40052652359008706,0.275641709566116,0.034184349045589,4,তরকারী,3,2
7592,V0_intact,বামণ গেল ঘর তো লাঙল তুলে ধর,বামণ গেল ঘর তো লাঙল তুলে ধর,C,B,0,0.040178962051868,0.8656679987907411,0.695686817169189,0.0,7,গেল,1,1
7592,V1_shuffle,গেল তো ঘর ধর লাঙল বামণ তুলে,বামণ গেল ঘর তো লাঙল তুলে ধর,C,B,0,0.017074605450034003,0.947680473327636,0.8010816574096681,0.010286027602591001,7,গেল,1,1
7592,V2_reverse,ধর তুলে লাঙল তো ঘর গেল বামণ,বামণ গেল ঘর তো লাঙল তুলে ধর,C,B,0,0.010829058475792,0.963363945484161,0.8082026243209831,0.016152087470639002,7,গেল,1,1
7592,V3_delete1,বামণ ঘর তো লাঙল তুলে ধর,বামণ গেল ঘর তো লাঙল তুলে ধর,C,B,0,0.043878257274627006,0.8499463796615601,0.674562454223632,0.000260010276309,7,গেল,1,1
7592,V4_substitute1,বামণ মলয়পবন ঘর তো লাঙল তুলে ধর,বামণ গেল ঘর তো লাঙল তুলে ধর,C,B,0,0.047267615795135005,0.8622422218322751,0.673161625862121,0.000244924182399,7,গেল,1,1
7592,V5_in_sentence,মালিকের ছুটিতে অফিসে সবাই বামণ গেল ঘর তো লাঙল তুলে ধরের মতো কাজ বন্ধ করে বসে আছে।,বামণ গেল ঘর তো লাঙল তুলে ধর,C,B,0,0.31340730190277105,0.46544495224952703,0.22024765610694802,0.10370487066091001,7,গেল,1,1
7624,V0_intact,বারো মাসে তেরো পার্বণ,বারো মাসে তেরো পার্বণ,A,D,0,0.12326370924711201,0.8306695818901061,0.775708675384521,0.0,4,তেরো,2,1
7624,V1_shuffle,মাসে পার্বণ বারো তেরো,বারো মাসে তেরো পার্বণ,A,D,0,0.030115351080894002,0.9343371391296381,0.8694468736648561,0.017041719218885,4,তেরো,2,1
7624,V2_reverse,পার্বণ তেরো মাসে বারো,বারো মাসে তেরো পার্বণ,A,D,0,0.06325024366378701,0.8888382911682121,0.772876441478729,0.005530377343447,4,তেরো,2,1
7624,V3_delete1,বারো মাসে পার্বণ,বারো মাসে তেরো পার্বণ,A,D,0,0.12182585895061401,0.8470208048820491,0.757168531417846,0.000984122474911,4,তেরো,2,1
7624,V4_substitute1,বারো কণ্ঠা তেরো পার্বণ,বারো মাসে তেরো পার্বণ,A,D,0,0.27741476893424905,0.5046724081039421,0.340942293405532,0.066508794665548,4,তেরো,2,1
7624,V5_in_sentence,"এই পরিবারে বারো মাসে তেরো পার্বণ, কোনোদিন শান্তি পাওয়া যায় না।",বারো মাসে তেরো পার্বণ,A,D,0,0.275761008262634,0.428399592638015,0.27519258856773304,0.103666008878631,4,তেরো,2,1
7652,V0_intact,"বিচারে এড়া, আচারে বাড়া","বিচারে এড়া, আচারে বাড়া",A,B,0,0.061550766229629,0.8937855958938591,0.741559982299804,0.0,4,এড়া,1,1
7652,V1_shuffle,বাড়া আচারে এড়া বিচারে,"বিচারে এড়া, আচারে বাড়া",A,B,0,0.080347880721092,0.8758889436721801,0.676165699958801,0.00068939443741,4,এড়া,1,1
7652,V2_reverse,বাড়া আচারে এড়া বিচারে,"বিচারে এড়া, আচারে বাড়া",A,B,0,0.080347880721092,0.8758889436721801,0.676165699958801,0.00068939443741,4,এড়া,1,1
7652,V3_delete1,বিচারে আচারে বাড়া,"বিচারে এড়া, আচারে বাড়া",A,B,0,0.08577084541320801,0.8837931156158441,0.7163394689559931,0.001692696552386,4,এড়া,1,1
7652,V4_substitute1,বিচারে ভাঙাচোরা আচারে বাড়া,"বিচারে এড়া, আচারে বাড়া",A,B,0,0.08645227551460201,0.864959061145782,0.695347964763641,0.0013646777609620001,4,এড়া,1,1
7652,V5_in_sentence,"তার জীবনযাপন বিচারে এড়া, আচারে বাড়া এই নিয়মে চলে, কোনো যুক্তি ছাড়াই রীতি মেনে নেয়।","বিচারে এড়া, আচারে বাড়া",A,B,0,0.053380329161882005,0.9203199744224541,0.682982087135314,0.0015210152359690001,4,এড়া,1,1
7667,V0_intact,বিড়ালের গলায় ঘণ্টা বাঁধা,বিড়ালের গলায় ঘণ্টা বাঁধা,B,D,0,0.033830393105745,0.903283596038818,0.8320774435997,0.0,4,ঘণ্টা,2,2
7667,V1_shuffle,বাঁধা বিড়ালের গলায় ঘণ্টা,বিড়ালের গলায় ঘণ্টা বাঁধা,B,D,0,0.005600044503808001,0.981921195983886,0.9170674681663511,0.015644748841688,4,ঘণ্টা,2,2
7667,V2_reverse,বাঁধা ঘণ্টা গলায় বিড়ালের,বিড়ালের গলায় ঘণ্টা বাঁধা,B,D,0,0.0030296468175940003,0.9913274645805351,0.9340968132019041,0.022569699832821002,4,ঘণ্টা,2,2
7667,V3_delete1,বিড়ালের গলায় বাঁধা,বিড়ালের গলায় ঘণ্টা বাঁধা,B,D,0,0.038920219987630005,0.8978464603424071,0.8089016675949091,0.000102815282452,4,ঘণ্টা,2,2
7667,V4_substitute1,বিড়ালের গলায় ভেবেভেবে বাঁধা,বিড়ালের গলায় ঘণ্টা বাঁধা,B,D,0,0.049590293318033,0.8664037585258481,0.768151223659515,0.0017526702085650001,4,ঘণ্টা,2,2
7667,V5_in_sentence,সেই চোর ধরতে হলে বিড়ালের গলায় ঘণ্টা বাঁধার মতো সাহস লাগবে।,বিড়ালের গলায় ঘণ্টা বাঁধা,B,D,0,0.12527760863304102,0.666491985321044,0.519139349460601,0.043559856385839,4,ঘণ্টা,2,2
7833,V0_intact,বেঁচে বর্তে থাকা,বেঁচে বর্তে থাকা,B,B,1,0.7966674566268921,0.7966674566268921,0.607587933540344,0.0,3,বেঁচে,0,2
7833,V1_shuffle,বর্তে বেঁচে থাকা,বেঁচে বর্তে থাকা,B,B,1,0.816388309001922,0.816388309001922,0.637292444705963,0.001084198829107,3,বেঁচে,0,2
7833,V2_reverse,থাকা বর্তে বেঁচে,বেঁচে বর্তে থাকা,B,B,1,0.668423473834991,0.668423473834991,0.468226641416549,0.012112287489870002,3,বেঁচে,0,2
7833,V3_delete1,বর্তে থাকা,বেঁচে বর্তে থাকা,B,C,0,0.239779263734817,0.3770192861557,0.22250708937644903,0.166589512773302,3,বেঁচে,0,2
7833,V4_substitute1,বেঁচে বর্তে ফিচেল,বেঁচে বর্তে থাকা,B,B,1,0.708379209041595,0.708379209041595,0.47740763425827004,0.008906867787605001,3,বেঁচে,0,2
7833,V5_in_sentence,তার দাদু বেঁচে বর্তে থাকার জন্য সকলের আদর্শ।,বেঁচে বর্তে থাকা,B,B,1,0.416485428810119,0.416485428810119,0.272513180971145,0.07919034365567401,3,বেঁচে,0,2
7851,V0_intact,বেড়া-আগুনে পোড়ানো,বেড়া-আগুনে পোড়ানো,B,D,0,0.34403312206268305,0.633932173252105,0.605109512805938,0.0,3,বেড়া,0,0
7851,V1_shuffle,পোড়ানো বেড়া আগুনে,বেড়া-আগুনে পোড়ানো,B,D,0,0.038471117615699005,0.95756846666336,0.9032042622566221,0.090188674367353,3,বেড়া,0,0
7851,V2_reverse,পোড়ানো আগুনে বেড়া,বেড়া-আগুনে পোড়ানো,B,D,0,0.018537474796175003,0.9795239567756651,0.9269974231719971,0.11266483216052602,3,বেড়া,0,0
7851,V3_delete1,আগুনে পোড়ানো,বেড়া-আগুনে পোড়ানো,B,B,1,0.5360506176948541,0.5360506176948541,0.44729653000831604,0.019435279746734,3,বেড়া,0,0
7851,V4_substitute1,ঘণ্টা আগুনে পোড়ানো,বেড়া-আগুনে পোড়ানো,B,D,0,0.37646362185478205,0.6058638691902161,0.5658718943595881,0.000647159382626,3,বেড়া,0,0
7851,V5_in_sentence,শত্রুদের বেড়া-আগুনে পোড়ানো হয়েছে যুদ্ধক্ষেত্রে।,বেড়া-আগুনে পোড়ানো,B,D,0,0.08631096035242,0.8961222767829891,0.851403832435607,0.052787689505857,3,বেড়া,0,0
7871,V0_intact,বেনোজল ঢুকিয়ে ঘরোজল বার করা,বেনোজল ঢুকিয়ে ঘরোজল বার করা,C,C,1,0.694829583168029,0.694829583168029,0.5068871378898621,0.0,5,ঢুকিয়ে,1,0
7871,V1_shuffle,ঘরোজল ঢুকিয়ে বেনোজল বার করা,বেনোজল ঢুকিয়ে ঘরোজল বার করা,C,C,1,0.593835294246673,0.593835294246673,0.373239547014236,0.005794793337505001,5,ঢুকিয়ে,1,0
7871,V2_reverse,করা বার ঘরোজল ঢুকিয়ে বেনোজল,বেনোজল ঢুকিয়ে ঘরোজল বার করা,C,C,1,0.543831527233123,0.543831527233123,0.392100512981414,0.013388702837440002,5,ঢুকিয়ে,1,0
7871,V3_delete1,বেনোজল ঘরোজল বার করা,বেনোজল ঢুকিয়ে ঘরোজল বার করা,C,C,1,0.41261342167854304,0.41261342167854304,0.24107246100902502,0.040961170074237004,5,ঢুকিয়ে,1,0
7871,V4_substitute1,পাপ ঢুকিয়ে ঘরোজল বার করা,বেনোজল ঢুকিয়ে ঘরোজল বার করা,C,C,1,0.7316762804985041,0.7316762804985041,0.5676199197769161,0.000848478393851,5,ঢুকিয়ে,1,0
7871,V5_in_sentence,"সে কোম্পানিতে বাইরের খারাপ লোক ঢুকিয়ে নিজের ব্যবসা নষ্ট করে ফেলল, বেনোজল ঢুকিয়ে ঘরোজল বার করার মতো।",বেনোজল ঢুকিয়ে ঘরোজল বার করা,C,C,1,0.682095229625701,0.682095229625701,0.54436045885086,0.001030081712636,5,ঢুকিয়ে,1,0
7960,V0_intact,ভবি ভোলবার নয়,ভবি ভোলবার নয়,C,D,0,0.291701734066009,0.41446790099143904,0.238378763198852,0.0,3,ভোলবার,1,2
7960,V1_shuffle,নয় ভোলবার ভবি,ভবি ভোলবার নয়,C,D,0,0.14130276441574002,0.6843374967575071,0.472571343183517,0.038933484470929,3,ভোলবার,1,2
7960,V2_reverse,নয় ভোলবার ভবি,ভবি ভোলবার নয়,C,D,0,0.14130276441574002,0.6843374967575071,0.472571343183517,0.038933484470929,3,ভোলবার,1,2
7960,V3_delete1,ভবি নয়,ভবি ভোলবার নয়,C,D,0,0.133367776870727,0.6239691972732541,0.391505718231201,0.026969750452285002,3,ভোলবার,1,2
7960,V4_substitute1,ভবি ভোলবার মেলামেশা,ভবি ভোলবার নয়,C,D,0,0.131174683570861,0.6884964704513551,0.49988833069801303,0.040809286729287006,3,ভোলবার,1,2
7960,V5_in_sentence,তার কথা ভবি ভোলবার নয়।,ভবি ভোলবার নয়,C,D,0,0.21943661570549003,0.377739518880844,0.22566245496273002,0.009417246284171,3,ভোলবার,1,2
7979,V0_intact,ভাঁড়ে মা ভবানী,ভাঁড়ে মা ভবানী,D,A,0,0.049686197191476,0.8721511363983151,0.7372308969497681,0.0,3,ভবানী,2,0
7979,V1_shuffle,ভবানী ভাঁড়ে মা,ভাঁড়ে মা ভবানী,D,A,0,0.12150362133979702,0.7576225399971,0.590511322021484,0.012095742707471002,3,ভবানী,2,0
7979,V2_reverse,ভবানী মা ভাঁড়ে,ভাঁড়ে মা ভবানী,D,A,0,0.146365508437156,0.7098064422607421,0.550958216190338,0.02156386715735,3,ভবানী,2,0
7979,V3_delete1,ভাঁড়ে মা,ভাঁড়ে মা ভবানী,D,A,0,0.08563689887523601,0.7869321107864381,0.645213067531585,0.006510498259795001,3,ভবানী,2,0
7979,V4_substitute1,ধর্মপত্নী মা ভবানী,ভাঁড়ে মা ভবানী,D,A,0,0.10100775957107501,0.6991642117500301,0.49753493070602406,0.023002703771544,3,ভবানী,2,0
7979,V5_in_sentence,"তার ভাঁড়ে মা ভবানী, কোনো টাকা-পয়সা নেই।",ভাঁড়ে মা ভবানী,D,A,0,0.16671288013458202,0.55988597869873,0.384924888610839,0.063636945109249,3,ভবানী,2,0
7996,V0_intact,ভাগ্যে শিকে ছেঁড়া,ভাগ্যে শিকে ছেঁড়া,C,D,0,0.046461950987577,0.43902644515037503,0.36039400100708,0.0,3,ছেঁড়া,2,2
7996,V1_shuffle,ভাগ্যে ছেঁড়া শিকে,ভাগ্যে শিকে ছেঁড়া,C,B,0,0.051122404634952004,0.42792907357215804,0.35572037100791903,0.0010843608250390002,3,ছেঁড়া,2,2
7996,V2_reverse,ছেঁড়া শিকে ভাগ্যে,ভাগ্যে শিকে ছেঁড়া,C,B,0,0.05098241567611601,0.509098827838897,0.38078188896179205,0.008689785380607001,3,ছেঁড়া,2,2
7996,V3_delete1,ভাগ্যে শিকে,ভাগ্যে শিকে ছেঁড়া,C,D,0,0.070206701755523,0.640149235725402,0.526658117771148,0.060620386484916,3,ছেঁড়া,2,2
7996,V4_substitute1,ভাগ্যে শিকে চোখাচোখা,ভাগ্যে শিকে ছেঁড়া,C,D,0,0.11669071763753801,0.45792445540428106,0.277160465717315,0.052919744353162004,3,ছেঁড়া,2,2
7996,V5_in_sentence,"ভাগ্যে শিকে ছেঁড়া হয়েছে, তাই চাকরিটা পেয়েছি।",ভাগ্যে শিকে ছেঁড়া,C,B,0,0.093522422015666,0.405844420194625,0.328872323036193,0.0049207833418900004,3,ছেঁড়া,2,2
8015,V0_intact,ভাঙা রেকর্ড বাজানো,ভাঙা রেকর্ড বাজানো,B,D,0,0.002996359486132,0.993678987026214,0.9353888034820551,0.0,3,ভাঙা,0,0
8015,V1_shuffle,রেকর্ড ভাঙা বাজানো,ভাঙা রেকর্ড বাজানো,B,D,0,0.0063603506423530005,0.9873380661010741,0.8863146901130671,0.0005502992339710001,3,ভাঙা,0,0
8015,V2_reverse,বাজানো রেকর্ড ভাঙা,ভাঙা রেকর্ড বাজানো,B,D,0,0.002935339929535,0.993626236915588,0.901949167251586,6.359042003821262e-07,3,ভাঙা,0,0
8015,V3_delete1,রেকর্ড বাজানো,ভাঙা রেকর্ড বাজানো,B,D,0,0.005921866279095,0.9871994853019711,0.8808985352516171,0.000569468196212,3,ভাঙা,0,0
8015,V4_substitute1,ধুয়ে রেকর্ড বাজানো,ভাঙা রেকর্ড বাজানো,B,D,0,0.016660699620842,0.962715148925781,0.812049686908721,0.006219493776895,3,ভাঙা,0,0
8015,V5_in_sentence,তিনি ভাঙা রেকর্ড বাজানোর মতো একই প্রতিশ্রুতি দিয়ে গেলেন।,ভাঙা রেকর্ড বাজানো,B,D,0,0.038939792662858005,0.9418170452117921,0.8130446672439571,0.012596858328614001,3,ভাঙা,0,0
8069,V0_intact,ভাসুর-ভাবড়বৌ সম্পর্ক,ভাসুর-ভাবড়বৌ সম্পর্ক,C,A,0,0.059947568923234,0.813648104667663,0.718840718269348,0.0,3,ভাবড়বৌ,1,0
8069,V1_shuffle,ভাসুর সম্পর্ক ভাবড়বৌ,ভাসুর-ভাবড়বৌ সম্পর্ক,C,A,0,0.095083378255367,0.702780604362487,0.5863123536109921,0.008506448344218001,3,ভাবড়বৌ,1,0
8069,V2_reverse,সম্পর্ক ভাবড়বৌ ভাসুর,ভাসুর-ভাবড়বৌ সম্পর্ক,C,A,0,0.106593318283557,0.7232901453971861,0.6580210924148561,0.0064786679757530006,3,ভাবড়বৌ,1,0
8069,V3_delete1,ভাসুর সম্পর্ক,ভাসুর-ভাবড়বৌ সম্পর্ক,C,A,0,0.18328933417797003,0.48383608460426303,0.38089588284492404,0.06163752563892601,3,ভাবড়বৌ,1,0
8069,V4_substitute1,রোশনচৌকি ভাবড়বৌ সম্পর্ক,ভাসুর-ভাবড়বৌ সম্পর্ক,C,A,0,0.066149860620498,0.8009626269340511,0.671397149562835,0.00027452107901700004,3,ভাবড়বৌ,1,0
8069,V5_in_sentence,"তাদের সম্পর্ক ভাসুর-ভাবড়বৌ সম্পর্কের মতো, কখনো কথা বলে না।",ভাসুর-ভাবড়বৌ সম্পর্ক,C,A,0,0.310586601495742,0.38440400362014704,0.24655587971210402,0.10479490616334501,3,ভাবড়বৌ,1,0
8193,V0_intact,মক-মক করা,মক-মক করা,C,D,0,0.21744535863399503,0.358790606260299,0.179553627967834,0.0,3,মক,1,0
8193,V1_shuffle,করা মক মক,মক-মক করা,C,D,0,0.22058041393756803,0.385055094957351,0.204330325126647,0.0005096986358,3,মক,1,0
8193,V2_reverse,করা মক মক,মক-মক করা,C,D,0,0.22058041393756803,0.385055094957351,0.204330325126647,0.0005096986358,3,মক,1,0
8193,V3_delete1,মক করা,মক-মক করা,C,D,0,0.231984063982963,0.35400861501693703,0.19174276292324002,0.000512407351691,3,মক,1,0
8193,V4_substitute1,যোগনিদ্রা মক করা,মক-মক করা,C,D,0,0.21149109303951202,0.323905020952224,0.17360901832580503,0.0026563783929760003,3,মক,1,0
8193,V5_in_sentence,তোমার এই মক-মক করা শুনতে পারছি না আর।,মক-মক করা,C,D,0,0.17645357549190502,0.380660772323608,0.173204407095909,0.002082810295853,3,মক,1,0
8197,V0_intact,মগজ খালি করা,মগজ খালি করা,C,D,0,0.070487946271896,0.810593605041503,0.569539964199066,0.0,3,মগজ,0,0
8197,V1_shuffle,খালি মগজ করা,মগজ খালি করা,C,D,0,0.065482631325721,0.7908946275711061,0.5413438081741331,0.0006955421012720001,3,মগজ,0,0
8197,V2_reverse,করা খালি মগজ,মগজ খালি করা,C,D,0,0.07624093443155201,0.8034204244613641,0.5973795652389521,8.444871552179978e-05,3,মগজ,0,0
8197,V3_delete1,খালি করা,মগজ খালি করা,C,D,0,0.08743260055780401,0.742644250392913,0.521612346172332,0.00359485845047,3,মগজ,0,0
8197,V4_substitute1,মঘর্হিতম্ খালি করা,মগজ খালি করা,C,D,0,0.06697134673595401,0.799201488494873,0.558432579040527,0.00047460091104400005,3,মগজ,0,0
8197,V5_in_sentence,"সে মগজ খালি করে বকতে থাকলো, কিন্তু কোনো কাজের কথা বলল না।",মগজ খালি করা,C,C,1,0.319887965917587,0.319887965917587,0.169794782996177,0.15531304330499002,3,মগজ,0,0
8364,V0_intact,মরার সময় নেই,মরার সময় নেই,C,A,0,0.104155734181404,0.727404773235321,0.445051372051239,0.0,3,নেই,2,0
8364,V1_shuffle,নেই মরার সময়,মরার সময় নেই,C,A,0,0.100060783326625,0.7474034428596491,0.503301680088043,0.000558093420118,3,নেই,2,0
8364,V2_reverse,নেই সময় মরার,মরার সময় নেই,C,A,0,0.10473775118589401,0.733988761901855,0.50676429271698,0.000619918989655,3,নেই,2,0
8364,V3_delete1,মরার সময়,মরার সময় নেই,C,A,0,0.088461369276046,0.7412751317024231,0.490312874317169,0.000425412465498,3,নেই,2,0
8364,V4_substitute1,এলাহিকাণ্ড সময় নেই,মরার সময় নেই,C,A,0,0.19220399856567302,0.40917852520942605,0.189409166574478,0.05548993040690801,3,নেই,2,0
8364,V5_in_sentence,অফিসের কাজে এত ব্যস্ত যে মরার সময় নেই।,মরার সময় নেই,C,C,1,0.49587774276733404,0.49587774276733404,0.265820384025573,0.13467779079453102,3,নেই,2,0
8388,V0_intact,মহাভারত অশুদ্ধ হওয়া,মহাভারত অশুদ্ধ হওয়া,D,A,0,0.022210802882909,0.9160404205322261,0.7802175283432,0.0,3,হওয়া,2,1
8388,V1_shuffle,হওয়া মহাভারত অশুদ্ধ,মহাভারত অশুদ্ধ হওয়া,D,A,0,0.026946300640702,0.9254317879676811,0.8063637018203731,0.0006155877503060001,3,হওয়া,2,1
8388,V2_reverse,হওয়া অশুদ্ধ মহাভারত,মহাভারত অশুদ্ধ হওয়া,D,A,0,0.015517819672822002,0.9619153738021851,0.8439423441886901,0.0053166481549,3,হওয়া,2,1
8388,V3_delete1,মহাভারত অশুদ্ধ,মহাভারত অশুদ্ধ হওয়া,D,A,0,0.008218987844884,0.9683867692947381,0.871265411376953,0.006778447868756,3,হওয়া,2,1
8388,V4_substitute1,মহাভারত চাপাচুপি হওয়া,মহাভারত অশুদ্ধ হওয়া,D,A,0,0.036442182958126006,0.7848848700523371,0.582873582839965,0.018541676773737,3,হওয়া,2,1
8388,V5_in_sentence,তুমি গেলে তাতে মহাভারত অশুদ্ধ হবে না।,মহাভারত অশুদ্ধ হওয়া,D,A,0,0.18429715931415502,0.47087144851684504,0.36821267008781405,0.128237580193379,3,হওয়া,2,1
8484,V0_intact,মাথা চাড়া দেওয়া,মাথা চাড়া দেওয়া,A,C,0,0.276185542345047,0.557671666145324,0.38685920834541304,0.0,3,মাথা,0,2
8484,V1_shuffle,চাড়া মাথা দেওয়া,মাথা চাড়া দেওয়া,A,C,0,0.251299440860748,0.49767494201660106,0.275303035974502,0.0060071012677950005,3,মাথা,0,2
8484,V2_reverse,দেওয়া চাড়া মাথা,মাথা চাড়া দেওয়া,A,C,0,0.216404810547828,0.43887197971343905,0.30176675319671603,0.021308496367403,3,মাথা,0,2
8484,V3_delete1,চাড়া দেওয়া,মাথা চাড়া দেওয়া,A,B,0,0.14927214384078902,0.373493075370788,0.18894162774085901,0.148890990670107,3,মাথা,0,2
8484,V4_substitute1,মাথা চাড়া হতচ্ছাড়া,মাথা চাড়া দেওয়া,A,C,0,0.250529736280441,0.38790252804756103,0.266217082738876,0.026665759322435003,3,মাথা,0,2
8484,V5_in_sentence,"সে সবসময় মাথা চাড়া দিয়ে হাঁটে, যেন সবাই তার কাছে নিচু।",মাথা চাড়া দেওয়া,A,C,0,0.275075256824493,0.327655613422393,0.193638786673545,0.040212437878832004,3,মাথা,0,2
8511,V0_intact,মাথা মুড়িয়ে ঘোল ঢালা,মাথা মুড়িয়ে ঘোল ঢালা,B,D,0,0.029066313058137002,0.900675237178802,0.787055313587188,0.0,4,ঘোল,2,2
8511,V1_shuffle,ঢালা মুড়িয়ে ঘোল মাথা,মাথা মুড়িয়ে ঘোল ঢালা,B,D,0,0.050733391195535,0.8357498049736021,0.7142736315727231,0.004759947514012,4,ঘোল,2,2
8511,V2_reverse,ঢালা ঘোল মুড়িয়ে মাথা,মাথা মুড়িয়ে ঘোল ঢালা,B,D,0,0.034401852637529005,0.8660483360290521,0.7500756978988641,0.0015686537866870002,4,ঘোল,2,2
8511,V3_delete1,মাথা মুড়িয়ে ঢালা,মাথা মুড়িয়ে ঘোল ঢালা,B,D,0,0.030729427933692002,0.8885341286659241,0.7761401534080501,0.00026591925054900004,4,ঘোল,2,2
8511,V4_substitute1,মাথা মুড়িয়ে সার্জন ঢালা,মাথা মুড়িয়ে ঘোল ঢালা,B,D,0,0.042061287909746004,0.8252493143081661,0.6802680492401121,0.006341023911121,4,ঘোল,2,2
8511,V5_in_sentence,সে তার প্রতিদ্বন্দ্বীকে মাথা মুড়িয়ে ঘোল ঢালার মতো অপমান করল।,মাথা মুড়িয়ে ঘোল ঢালা,B,B,1,0.557862818241119,0.557862818241119,0.47221916913986206,0.20569125634536803,4,ঘোল,2,2
8525,V0_intact,মাথায় খুন চড়া,মাথায় খুন চড়া,D,B,0,0.006249051075428001,0.983478128910064,0.8703444600105281,0.0,3,মাথায়,0,0
8525,V1_shuffle,মাথায় চড়া খুন,মাথায় খুন চড়া,D,B,0,0.007631589192897001,0.9802332520484921,0.8420719504356381,7.749211840217433e-05,3,মাথায়,0,0
8525,V2_reverse,চড়া খুন মাথায়,মাথায় খুন চড়া,D,B,0,0.004286501556634,0.98868328332901,0.853642642498016,0.0002513374785,3,মাথায়,0,0
8525,V3_delete1,খুন চড়া,মাথায় খুন চড়া,D,B,0,0.011245788075029002,0.9649140834808351,0.81343388557434,0.0018381501458230001,3,মাথায়,0,0
8525,V4_substitute1,খাস খুন চড়া,মাথায় খুন চড়া,D,B,0,0.015069540590047002,0.947844862937927,0.7625022530555721,0.005161880633694001,3,মাথায়,0,0
8525,V5_in_sentence,তার মাথায় খুন চেড়ে গেল যখন বন্ধু তার কথা অস্বীকার করল।,মাথায় খুন চড়া,D,B,0,0.056200843304395,0.837706625461578,0.589370846748352,0.037473003911773,3,মাথায়,0,0
8654,V0_intact,মুখ উজ্জ্বল করা,মুখ উজ্জ্বল করা,A,B,0,0.11244582384824701,0.526862442493438,0.27637758851051303,0.0,3,মুখ,0,2
8654,V1_shuffle,করা মুখ উজ্জ্বল,মুখ উজ্জ্বল করা,A,B,0,0.13283134996891002,0.48009467124938904,0.28337964415550204,0.0019151074632840002,3,মুখ,0,2
8654,V2_reverse,করা উজ্জ্বল মুখ,মুখ উজ্জ্বল করা,A,B,0,0.112265467643737,0.41990700364112804,0.21467889845371202,0.012211917442004,3,মুখ,0,2
8654,V3_delete1,উজ্জ্বল করা,মুখ উজ্জ্বল করা,A,C,0,0.08726508915424301,0.41920343041419905,0.19246746599674203,0.06316073641823501,3,মুখ,0,2
8654,V4_substitute1,মুখ উজ্জ্বল পাক,মুখ উজ্জ্বল করা,A,B,0,0.20168611407279902,0.39661958813667303,0.21145562827587103,0.011712912524514,3,মুখ,0,2
8654,V5_in_sentence,তার সন্তানের সাফল্যে পরিবারের মুখ উজ্জ্বল হয়েছে।,মুখ উজ্জ্বল করা,A,D,0,0.24314889311790402,0.28390559554100003,0.183071196079254,0.039358174639808,3,মুখ,0,2
8686,V0_intact,মুখ ঝামটা দেওয়া,মুখ ঝামটা দেওয়া,B,D,0,0.15849196910858102,0.731666922569274,0.6033192873001091,0.0,3,মুখ,0,2
8686,V1_shuffle,দেওয়া ঝামটা মুখ,মুখ ঝামটা দেওয়া,B,D,0,0.12121314555406501,0.7612171769142151,0.66521006822586,0.0016154907762490002,3,মুখ,0,2
8686,V2_reverse,দেওয়া ঝামটা মুখ,মুখ ঝামটা দেওয়া,B,D,0,0.12121314555406501,0.7612171769142151,0.66521006822586,0.0016154907762490002,3,মুখ,0,2
8686,V3_delete1,ঝামটা দেওয়া,মুখ ঝামটা দেওয়া,B,B,1,0.402114629745483,0.402114629745483,0.298880338668823,0.070894682562905,3,মুখ,0,2
8686,V4_substitute1,মুখ ঝামটা অস্ত্র,মুখ ঝামটা দেওয়া,B,D,0,0.132982924580574,0.506788790225982,0.389073997735977,0.046994607673054,3,মুখ,0,2
8686,V5_in_sentence,"বাবা ছেলেকে মুখ ঝামটা দিয়ে বললেন, 'এভাবে কাজ করবি না!'",মুখ ঝামটা দেওয়া,B,D,0,0.16280804574489502,0.353081166744232,0.20172472298145203,0.09954849417558101,3,মুখ,0,2
8771,V0_intact,মুখে চূণকালি দেওয়া,মুখে চূণকালি দেওয়া,D,B,0,0.035745486617088006,0.859180390834808,0.6827312111854551,0.0,3,মুখে,0,2
8771,V1_shuffle,চূণকালি দেওয়া মুখে,মুখে চূণকালি দেওয়া,D,B,0,0.035251919180154,0.8909673094749451,0.7073594927787781,0.0017629398368560001,3,মুখে,0,2
8771,V2_reverse,দেওয়া চূণকালি মুখে,মুখে চূণকালি দেওয়া,D,B,0,0.045520156621932005,0.8872047662734981,0.7410117983818051,0.0028303138974890003,3,মুখে,0,2
8771,V3_delete1,চূণকালি দেওয়া,মুখে চূণকালি দেওয়া,D,B,0,0.052437141537666,0.6365865468978881,0.38683420419692904,0.03718766387104,3,মুখে,0,2
8771,V4_substitute1,মুখে চূণকালি গেঁড়া,মুখে চূণকালি দেওয়া,D,B,0,0.008546208962798,0.973484814167022,0.875375986099243,0.023750715716011003,3,মুখে,0,2
8771,V5_in_sentence,তার অসৎ কাজের জন্য পরিবারের মুখে চূণকালি লেগেছে।,মুখে চূণকালি দেওয়া,D,B,0,0.138988852500915,0.8011944890022271,0.6286463737487791,0.024758175127417,3,মুখে,0,2
8784,V0_intact,মুখে ফুলচন্দন পড়া,মুখে ফুলচন্দন পড়া,B,C,0,0.0045100976713,0.9365991353988641,0.8015940785408021,0.0,3,ফুলচন্দন,1,0
8784,V1_shuffle,ফুলচন্দন পড়া মুখে,মুখে ফুলচন্দন পড়া,B,C,0,0.004554878454655,0.949781417846679,0.8071133494377131,0.000515274277161,3,ফুলচন্দন,1,0
8784,V2_reverse,পড়া ফুলচন্দন মুখে,মুখে ফুলচন্দন পড়া,B,C,0,0.008048703894019,0.9198564887046811,0.7906465530395501,0.000693627748759,3,ফুলচন্দন,1,0
8784,V3_delete1,মুখে পড়া,মুখে ফুলচন্দন পড়া,B,C,0,0.044796258211135004,0.534817576408386,0.295513570308685,0.11414111202692301,3,ফুলচন্দন,1,0
8784,V4_substitute1,গুরুপাক ফুলচন্দন পড়া,মুখে ফুলচন্দন পড়া,B,C,0,0.012224985286593002,0.8510243892669671,0.7219853997230531,0.009915561466711001,3,ফুলচন্দন,1,0
8784,V5_in_sentence,"বাবা, তোমার মুখে ফুলচন্দন পড়ুক! এত ভালো খবর বললে কী আনন্দ!",মুখে ফুলচন্দন পড়া,B,C,0,0.15143823623657202,0.775970339775085,0.679999768733978,0.05292822602451901,3,ফুলচন্দন,1,0
8799,V0_intact,মুখে হাসি ফোটা,মুখে হাসি ফোটা,A,B,0,0.29157102108001703,0.44635602831840504,0.553276896476745,0.0,3,হাসি,1,0
8799,V1_shuffle,মুখে ফোটা হাসি,মুখে হাসি ফোটা,A,B,0,0.149794772267341,0.55297440290451,0.5769268274307251,0.015078164947505001,3,হাসি,1,0
8799,V2_reverse,ফোটা হাসি মুখে,মুখে হাসি ফোটা,A,B,0,0.13991604745388,0.709963381290435,0.673577189445495,0.03671721441923,3,হাসি,1,0
8799,V3_delete1,মুখে ফোটা,মুখে হাসি ফোটা,A,B,0,0.06898678094148601,0.6307078003883361,0.44938814640045105,0.056081213732331006,3,হাসি,1,0
8799,V4_substitute1,যাই হাসি ফোটা,মুখে হাসি ফোটা,A,B,0,0.35898414254188504,0.5165271759033201,0.552725136280059,0.016546311098247002,3,হাসি,1,0
8799,V5_in_sentence,তার মুখে হাসি ফুটে উঠল যখন সে পুরনো স্মৃতি মনে করল।,মুখে হাসি ফোটা,A,A,1,0.32663011550903304,0.32663011550903304,0.25259706377983004,0.062748536739507,3,হাসি,1,0
8823,V0_intact,মুণ্ডু ঘুরে যাওয়া,মুণ্ডু ঘুরে যাওয়া,D,C,0,0.117701716721057,0.8373855948448181,0.6494485735893251,0.0,3,ঘুরে,1,2
8823,V1_shuffle,যাওয়া ঘুরে মুণ্ডু,মুণ্ডু ঘুরে যাওয়া,D,C,0,0.063069634139537,0.9061952829360961,0.7365253567695611,0.005540392176999,3,ঘুরে,1,2
8823,V2_reverse,যাওয়া ঘুরে মুণ্ডু,মুণ্ডু ঘুরে যাওয়া,D,C,0,0.063069634139537,0.9061952829360961,0.7365253567695611,0.005540392176999,3,ঘুরে,1,2
8823,V3_delete1,মুণ্ডু যাওয়া,মুণ্ডু ঘুরে যাওয়া,D,C,0,0.27182537317276,0.611153304576873,0.395541816949844,0.032876274251993,3,ঘুরে,1,2
8823,V4_substitute1,মুণ্ডু ঘুরে হেলাফেলা,মুণ্ডু ঘুরে যাওয়া,D,C,0,0.22743876278400402,0.604816854000091,0.34952381253242404,0.037195445180194006,3,ঘুরে,1,2
8823,V5_in_sentence,তার সৌন্দর্য দেখে আমার মুণ্ডু ঘুরে গেল।,মুণ্ডু ঘুরে যাওয়া,D,C,0,0.26142945885658203,0.5970383286476131,0.381963342428207,0.037233120510601,3,ঘুরে,1,2
8837,V0_intact,মুসলমানের মুরগি পোষা,মুসলমানের মুরগি পোষা,A,B,0,0.044220492243766,0.8376252055168151,0.653522491455078,0.0,3,মুরগি,1,1
8837,V1_shuffle,পোষা মুরগি মুসলমানের,মুসলমানের মুরগি পোষা,A,B,0,0.037096746265888006,0.860422492027282,0.705487668514251,0.0007544120752720001,3,মুরগি,1,1
8837,V2_reverse,পোষা মুরগি মুসলমানের,মুসলমানের মুরগি পোষা,A,B,0,0.037096746265888006,0.860422492027282,0.705487668514251,0.0007544120752720001,3,মুরগি,1,1
8837,V3_delete1,মুসলমানের পোষা,মুসলমানের মুরগি পোষা,A,B,0,0.049361933022737,0.8092631101608271,0.6527660489082331,0.000725672482411,3,মুরগি,1,1
8837,V4_substitute1,মুসলমানের খেঁচাখিঁচি পোষা,মুসলমানের মুরগি পোষা,A,B,0,0.101727493107318,0.613973498344421,0.371363908052444,0.032149915126168,3,মুরগি,1,1
8837,V5_in_sentence,"সে তার বন্ধুর প্রতি মুসলমানের মুরগি পোষা করে, শুধু সাহায্য চাইতে গেলে।",মুসলমানের মুরগি পোষা,A,B,0,0.10294043272733601,0.6362306475639341,0.394761145114898,0.026691051841777003,3,মুরগি,1,1
8959,V0_intact,যাহা বাহান্ন তাহা তিপ্পান্ন,যাহা বাহান্ন তাহা তিপ্পান্ন,D,C,0,0.191175103187561,0.5740832090377801,0.398414880037307,0.0,4,বাহান্ন,1,1
8959,V1_shuffle,তাহা তিপ্পান্ন বাহান্ন যাহা,যাহা বাহান্ন তাহা তিপ্পান্ন,D,C,0,0.192435234785079,0.527748167514801,0.385773509740829,0.0029151950396030003,4,বাহান্ন,1,1
8959,V2_reverse,তিপ্পান্ন তাহা বাহান্ন যাহা,যাহা বাহান্ন তাহা তিপ্পান্ন,D,C,0,0.207871094346046,0.470450311899185,0.306532382965087,0.006628173191330001,4,বাহান্ন,1,1
8959,V3_delete1,যাহা তাহা তিপ্পান্ন,যাহা বাহান্ন তাহা তিপ্পান্ন,D,C,0,0.204604789614677,0.531208276748657,0.383135557174682,0.001010946384989,4,বাহান্ন,1,1
8959,V4_substitute1,যাহা দ্বিচারিণী তাহা তিপ্পান্ন,যাহা বাহান্ন তাহা তিপ্পান্ন,D,C,0,0.20108807086944502,0.5037984848022461,0.34764489531517,0.0036063954755860004,4,বাহান্ন,1,1
8959,V5_in_sentence,"দুটো প্রস্তাব যাহা বাহান্ন তাহা তিপ্পান্ন, কোনোটাই আলাদা নয়।",যাহা বাহান্ন তাহা তিপ্পান্ন,D,C,0,0.25758266448974604,0.41447439789772006,0.254208385944366,0.012950886591154,4,বাহান্ন,1,1
8996,V0_intact,যে হুকুমের দল,যে হুকুমের দল,C,A,0,0.035736344754695004,0.8976277709007261,0.731714189052581,0.0,3,হুকুমের,1,1
8996,V1_shuffle,দল যে হুকুমের,যে হুকুমের দল,C,A,0,0.06774672120809501,0.8291692137718201,0.6435105800628661,0.005321556156794,3,হুকুমের,1,1
8996,V2_reverse,দল হুকুমের যে,যে হুকুমের দল,C,A,0,0.081948935985565,0.7437689900398251,0.5467902421951291,0.02092540816621,3,হুকুমের,1,1
8996,V3_delete1,যে দল,যে হুকুমের দল,C,A,0,0.12497302144765801,0.684719741344451,0.43200796842575,0.036359144818314,3,হুকুমের,1,1
8996,V4_substitute1,যে কলাবধূ দল,যে হুকুমের দল,C,A,0,0.13791748881340002,0.636224091053009,0.39257988333702004,0.050246832121119,3,হুকুমের,1,1
8996,V5_in_sentence,"সে যে হুকুমের দলের সদস্য, সবসময় বসের কথা মেনে চলে।",যে হুকুমের দল,C,A,0,0.107057258486747,0.657494783401489,0.36362826824188205,0.043624025512893,3,হুকুমের,1,1
9010,V0_intact,রক্তের অক্ষরে লেখা,রক্তের অক্ষরে লেখা,C,B,0,0.013252242468297001,0.9162522554397581,0.7554168701171871,0.0,3,লেখা,2,2
9010,V1_shuffle,লেখা রক্তের অক্ষরে,রক্তের অক্ষরে লেখা,C,B,0,0.016204677522182,0.9349873065948481,0.7659915685653681,0.0016111241306590001,3,লেখা,2,2
9010,V2_reverse,লেখা অক্ষরে রক্তের,রক্তের অক্ষরে লেখা,C,B,0,0.012043240480124002,0.9640530347824091,0.804081320762634,0.006593251912241,3,লেখা,2,2
9010,V3_delete1,রক্তের অক্ষরে,রক্তের অক্ষরে লেখা,C,B,0,0.026203943416476003,0.920232117176055,0.7692521214485161,0.0031695056059400004,3,লেখা,2,2
9010,V4_substitute1,রক্তের অক্ষরে অতিথি,রক্তের অক্ষরে লেখা,C,B,0,0.152293011546134,0.730753242969512,0.501264572143554,0.044500301285514,3,লেখা,2,2
9010,V5_in_sentence,বাংলাদেশের মুক্তিযুদ্ধের ইতিহাস রক্তের অক্ষরে লেখা।,রক্তের অক্ষরে লেখা,C,B,0,0.23900391161441803,0.6275778412818901,0.37922585010528503,0.081312168834494,3,লেখা,2,2
9043,V0_intact,রত্নগর্ভের পেতন সন্তান,রত্নগর্ভের পেতন সন্তান,A,C,0,0.028689315542578003,0.9438379406929011,0.810539960861206,0.0,3,সন্তান,2,1
9043,V1_shuffle,সন্তান পেতন রত্নগর্ভের,রত্নগর্ভের পেতন সন্তান,A,C,0,0.019853768870234,0.9594377279281611,0.845419883728027,0.0006799512597210001,3,সন্তান,2,1
9043,V2_reverse,সন্তান পেতন রত্নগর্ভের,রত্নগর্ভের পেতন সন্তান,A,C,0,0.019853768870234,0.9594377279281611,0.845419883728027,0.0006799512597210001,3,সন্তান,2,1
9043,V3_delete1,রত্নগর্ভের পেতন,রত্নগর্ভের পেতন সন্তান,A,C,0,0.026349525898694003,0.8647550940513611,0.671242475509643,0.013902625042658,3,সন্তান,2,1
9043,V4_substitute1,রত্নগর্ভের দাতাকর্ণ সন্তান,রত্নগর্ভের পেতন সন্তান,A,C,0,0.06511208415031401,0.876980125904083,0.693766593933105,0.007170325009138,3,সন্তান,2,1
9043,V5_in_sentence,"সেই কুৎসিত মহিলার ছেলেকে দেখে মনে হলো, রত্নগর্ভের পেতন সন্তান।",রত্নগর্ভের পেতন সন্তান,A,C,0,0.175943285226821,0.7831287980079651,0.547104954719543,0.033954782782409,3,সন্তান,2,1
9108,V0_intact,রাবণের পুরী ছারখার,রাবণের পুরী ছারখার,B,A,0,0.036559209227561,0.9021974205970761,0.741482734680175,0.0,3,রাবণের,0,0
9108,V1_shuffle,পুরী রাবণের ছারখার,রাবণের পুরী ছারখার,B,A,0,0.009990101680159002,0.9736630916595451,0.8451959490776061,0.011653306442105,3,রাবণের,0,0
9108,V2_reverse,ছারখার পুরী রাবণের,রাবণের পুরী ছারখার,B,A,0,0.006532303057610001,0.9837452173233031,0.880132019519805,0.0170729256163,3,রাবণের,0,0
9108,V3_delete1,পুরী ছারখার,রাবণের পুরী ছারখার,B,A,0,0.066944323480129,0.8282114863395691,0.68094128370285,0.005992196543754,3,রাবণের,0,0
9108,V4_substitute1,ঢোকা পুরী ছারখার,রাবণের পুরী ছারখার,B,A,0,0.094386950135231,0.7706243991851801,0.612994611263275,0.016468135676962002,3,রাবণের,0,0
9108,V5_in_sentence,"আমাদের পরিবারটা এখন রাবণের পুরী ছারখার হয়ে গেছে, সবাই আলাদা আলাদা থাকে।",রাবণের পুরী ছারখার,B,A,0,0.113298453390598,0.6448320150375361,0.419850617647171,0.05679041069326601,3,রাবণের,0,0
9226,V0_intact,লঙ্কায় সোনা সস্তা,লঙ্কায় সোনা সস্তা,C,A,0,0.321179091930389,0.62362116575241,0.41619935631752003,0.0,3,লঙ্কায়,0,2
9226,V1_shuffle,সোনা সস্তা লঙ্কায়,লঙ্কায় সোনা সস্তা,C,A,0,0.143080040812492,0.8304255008697511,0.67759221792221,0.027773843181825002,3,লঙ্কায়,0,2
9226,V2_reverse,সস্তা সোনা লঙ্কায়,লঙ্কায় সোনা সস্তা,C,A,0,0.15405976772308302,0.8157079219818111,0.674726903438568,0.023315582630774,3,লঙ্কায়,0,2
9226,V3_delete1,সোনা সস্তা,লঙ্কায় সোনা সস্তা,C,C,1,0.564255714416503,0.564255714416503,0.40587368607521,0.030942296186055002,3,লঙ্কায়,0,2
9226,V4_substitute1,লঙ্কায় সোনা আঁতের,লঙ্কায় সোনা সস্তা,C,A,0,0.07102873921394301,0.838466823101043,0.656798481941223,0.054057843164539,3,লঙ্কায়,0,2
9226,V5_in_sentence,এই গ্রামে তাজা দুধ লঙ্কায় সোনা সস্তা।,লঙ্কায় সোনা সস্তা,C,A,0,0.18940620124340002,0.6299285292625421,0.46596348285675004,0.026718298674636,3,লঙ্কায়,0,2
9228,V0_intact,লজ্জার মাথা খাওয়া,লজ্জার মাথা খাওয়া,B,C,0,0.10483916103839801,0.7943118214607231,0.5712175965309141,0.0,3,মাথা,1,1
9228,V1_shuffle,লজ্জার খাওয়া মাথা,লজ্জার মাথা খাওয়া,B,C,0,0.050343975424766006,0.899404764175415,0.7123610377311701,0.010838089327570001,3,মাথা,1,1
9228,V2_reverse,খাওয়া মাথা লজ্জার,লজ্জার মাথা খাওয়া,B,C,0,0.07904480397701201,0.813675045967102,0.599406719207763,0.002585980906439,3,মাথা,1,1
9228,V3_delete1,লজ্জার খাওয়া,লজ্জার মাথা খাওয়া,B,C,0,0.03740844130516,0.928246557712554,0.72927850484848,0.01947694627535,3,মাথা,1,1
9228,V4_substitute1,লজ্জার ষণ্ডামার্কা খাওয়া,লজ্জার মাথা খাওয়া,B,C,0,0.049878884106874,0.891914725303649,0.678610682487487,0.00950696472069,3,মাথা,1,1
9228,V5_in_sentence,সে লজ্জার মাথা খেয়ে সকলের সামনে মিথ্যা কথা বলল।,লজ্জার মাথা খাওয়া,B,C,0,0.107991889119148,0.753284513950347,0.5370973944664,0.00215473080702,3,মাথা,1,1
9253,V0_intact,লাখ কথার এক কথা,লাখ কথার এক কথা,B,A,0,0.13072235882282202,0.7449379563331601,0.44367849826812705,0.0,4,কথা,3,2
9253,V1_shuffle,এক লাখ কথার কথা,লাখ কথার এক কথা,B,A,0,0.288351833820343,0.44135418534278803,0.22766965627670202,0.049056220586042004,4,কথা,3,2
9253,V2_reverse,কথা এক কথার লাখ,লাখ কথার এক কথা,B,B,1,0.448075115680694,0.448075115680694,0.24022145569324402,0.119111722449609,4,কথা,3,2
9253,V3_delete1,লাখ কথার এক,লাখ কথার এক কথা,B,A,0,0.10465739667415601,0.8036944270133971,0.507082760334014,0.0025416107569650004,4,কথা,3,2
9253,V4_substitute1,লাখ কথার ডাঙার কথা,লাখ কথার এক কথা,B,A,0,0.28154754638671803,0.42692446708679205,0.19342894852161402,0.053256708647872006,4,কথা,3,2
9253,V5_in_sentence,"সভায় অনেক কথা হলো, কিন্তু লাখ কথার এক কথা হলো যে পরিকল্পনা বাস্তবায়ন করতে হবে।",লাখ কথার এক কথা,B,A,0,0.22169797122478402,0.42403113842010504,0.20420426130294803,0.057883700943905006,4,কথা,3,2
9300,V0_intact,লেখ-রে-লেখ,লেখ-রে-লেখ,B,C,0,0.128760337829589,0.631188750267028,0.36991348862648005,0.0,3,রে,1,0
9300,V1_shuffle,রে লেখ লেখ,লেখ-রে-লেখ,B,C,0,0.059410378336906,0.8415501713752741,0.636138975620269,0.029211620630367002,3,রে,1,0
9300,V2_reverse,লেখ রে লেখ,লেখ-রে-লেখ,B,C,0,0.07012909650802601,0.8132081627845761,0.5794824957847591,0.021030050655533,3,রে,1,0
9300,V3_delete1,লেখ লেখ,লেখ-রে-লেখ,B,C,0,0.05281655490398401,0.850693106651306,0.636662900447845,0.032232833710537,3,রে,1,0
9300,V4_substitute1,গাড়িঘোড়া রে লেখ,লেখ-রে-লেখ,B,C,0,0.064738132059574,0.8043186664581291,0.6186832189559931,0.018804160639502,3,রে,1,0
9300,V5_in_sentence,"স্কুলে শিক্ষকরা শুধু লেখ-রে-লেখ বলে সময় কাটান, কিন্তু কোনো সত্যিকারের শিক্ষা দেন না।",লেখ-রে-লেখ,B,B,1,0.524166941642761,0.524166941642761,0.24977941811084703,0.145354758434829,3,রে,1,0
9386,V0_intact,শ-কার ব-কার,শ-কার ব-কার,B,A,0,0.235567674040794,0.5987440943717951,0.46874013543128906,0.0,4,কার,1,3
9386,V1_shuffle,ব শ কার কার,শ-কার ব-কার,B,A,0,0.23718084394931702,0.592942774295806,0.47018584609031605,0.00040666307805000004,4,কার,1,3
9386,V2_reverse,কার ব কার শ,শ-কার ব-কার,B,A,0,0.176079496741294,0.71220463514328,0.56745171546936,0.007334870423653001,4,কার,1,3
9386,V3_delete1,শ ব কার,শ-কার ব-কার,B,A,0,0.15323327481746601,0.7904973030090331,0.6976491212844841,0.025166511012638,4,কার,1,3
9386,V4_substitute1,শ কার ব হুঁয়া,শ-কার ব-কার,B,A,0,0.20040835440158802,0.6611086130142211,0.5685770511627191,0.002176420410037,4,কার,1,3
9386,V5_in_sentence,সে রাগের মাথায়  শ-কার ব-কার বলে উঠল।,শ-কার ব-কার,B,A,0,0.35705482959747303,0.432526528835296,0.28985521197319003,0.016869858349217,4,কার,1,3
9404,V0_intact,শত্রুর মুখে ছাই,শত্রুর মুখে ছাই,C,D,0,0.175507739186286,0.6918951869010921,0.481491804122924,0.0,3,মুখে,1,1
9404,V1_shuffle,শত্রুর ছাই মুখে,শত্রুর মুখে ছাই,C,D,0,0.083595179021358,0.8546698689460751,0.656099140644073,0.019668460880950003,3,মুখে,1,1
9404,V2_reverse,ছাই মুখে শত্রুর,শত্রুর মুখে ছাই,C,D,0,0.12289398163557001,0.8000448346138,0.579283356666564,0.00818235884853,3,মুখে,1,1
9404,V3_delete1,শত্রুর ছাই,শত্রুর মুখে ছাই,C,D,0,0.125401630997657,0.805299758911132,0.583138048648834,0.010091262746253,3,মুখে,1,1
9404,V4_substitute1,শত্রুর দা ছাই,শত্রুর মুখে ছাই,C,D,0,0.09696283936500501,0.8347148299217221,0.6337201595306391,0.014326106033487001,3,মুখে,1,1
9404,V5_in_sentence,"শত্রুর মুখে ছাই, আমার ছেলের কোনো অমঙ্গল হোক না।",শত্রুর মুখে ছাই,C,D,0,0.28578388690948403,0.38590762019157404,0.19719521701335901,0.059620369257915,3,মুখে,1,1
9415,V0_intact,শরীর পাত করা,শরীর পাত করা,B,D,0,0.025323977693915003,0.9713336229324341,0.862991869449615,0.0,3,পাত,1,1
9415,V1_shuffle,শরীর করা পাত,শরীর পাত করা,B,D,0,0.048159737139940005,0.9480844736099241,0.833419919013977,0.0018808725787590002,3,পাত,1,1
9415,V2_reverse,করা পাত শরীর,শরীর পাত করা,B,D,0,0.064472809433937,0.9311159253120421,0.815237760543823,0.0046864423395700005,3,পাত,1,1
9415,V3_delete1,শরীর করা,শরীর পাত করা,B,D,0,0.15796285867691,0.8310220837593071,0.666326344013214,0.03053496257431,3,পাত,1,1
9415,V4_substitute1,শরীর ইষ্টমন্ত্র করা,শরীর পাত করা,B,D,0,0.296744614839553,0.6450118422508241,0.374892711639404,0.098714785425523,3,পাত,1,1
9415,V5_in_sentence,শরীর পাত করে দুমুঠো অন্ন জোগাড় করছি।,শরীর পাত করা,B,D,0,0.12441231310367501,0.8403295278549191,0.69431847333908,0.027951753214886,3,পাত,1,1
9424,V0_intact,শাক দিয়ে মাছ ঢাকা,শাক দিয়ে মাছ ঢাকা,C,A,0,0.32889795303344704,0.332121402025222,0.16108599305152801,0.0,4,ঢাকা,3,0
9424,V1_shuffle,ঢাকা মাছ দিয়ে শাক,শাক দিয়ে মাছ ঢাকা,C,A,0,0.26675659418106,0.5369579195976251,0.29415923357009804,0.023469617511603,4,ঢাকা,3,0
9424,V2_reverse,ঢাকা মাছ দিয়ে শাক,শাক দিয়ে মাছ ঢাকা,C,A,0,0.26675659418106,0.5369579195976251,0.29415923357009804,0.023469617511603,4,ঢাকা,3,0
9424,V3_delete1,শাক দিয়ে মাছ,শাক দিয়ে মাছ ঢাকা,C,C,1,0.391173988580703,0.391173988580703,0.203415349125862,0.01099087521295,4,ঢাকা,3,0
9424,V4_substitute1,বাচস্পতি দিয়ে মাছ ঢাকা,শাক দিয়ে মাছ ঢাকা,C,C,1,0.40681886672973605,0.40681886672973605,0.231779292225837,0.010710000087104,4,ঢাকা,3,0
9424,V5_in_sentence,সে তার ভুলটি শাক দিয়ে মাছ ঢাকার মতো লুকাতে চাইছে।,শাক দিয়ে মাছ ঢাকা,C,C,1,0.602422297000885,0.602422297000885,0.311519294977188,0.044359980755661006,4,ঢাকা,3,0
9436,V0_intact,শালগ্রামের শোয়া-বসা,শালগ্রামের শোয়া-বসা,B,D,0,0.00089604477398,0.9974529147148131,0.9640173316001891,0.0,3,শোয়া,1,0
9436,V1_shuffle,শালগ্রামের বসা শোয়া,শালগ্রামের শোয়া-বসা,B,D,0,0.00023810075072100003,0.9993876218795771,0.980102002620697,0.000319441425487,3,শোয়া,1,0
9436,V2_reverse,বসা শোয়া শালগ্রামের,শালগ্রামের শোয়া-বসা,B,D,0,0.00047822494525400004,0.9984412789344781,0.9704897999763481,6.592964375045035e-05,3,শোয়া,1,0
9436,V3_delete1,শালগ্রামের বসা,শালগ্রামের শোয়া-বসা,B,D,0,0.0033034845255310004,0.991184890270233,0.9546015858650201,0.000923649602112,3,শোয়া,1,0
9436,V4_substitute1,লাগা শোয়া বসা,শালগ্রামের শোয়া-বসা,B,D,0,0.013084755279123,0.945483565330505,0.84350448846817,0.015010208992167002,3,শোয়া,1,0
9436,V5_in_sentence,"তার জীবনযাপন শালগ্রামের শোয়া-বসার মতো, কোনো পরিবর্তন নেই।",শালগ্রামের শোয়া-বসা,B,D,0,0.14372333884239102,0.794571161270141,0.7441274523735041,0.071296999676128,3,শোয়া,1,0
9448,V0_intact,শিকেয় তুলে রাখা,শিকেয় তুলে রাখা,B,C,0,0.003944016061723001,0.9836875200271601,0.8823304772377011,0.0,3,রাখা,2,2
9448,V1_shuffle,রাখা তুলে শিকেয়,শিকেয় তুলে রাখা,B,C,0,0.0037564176600420004,0.9851942658424371,0.8891918063163751,2.089599732849674e-05,3,রাখা,2,2
9448,V2_reverse,রাখা তুলে শিকেয়,শিকেয় তুলে রাখা,B,C,0,0.0037564176600420004,0.9851942658424371,0.8891918063163751,2.089599732849674e-05,3,রাখা,2,2
9448,V3_delete1,শিকেয় তুলে,শিকেয় তুলে রাখা,B,C,0,0.007275241892784,0.969090580940246,0.851534008979797,0.0012034463676780002,3,রাখা,2,2
9448,V4_substitute1,শিকেয় তুলে বিবেচনা,শিকেয় তুলে রাখা,B,C,0,0.05578216165304101,0.674521386623382,0.47412434220314004,0.10112413380225001,3,রাখা,2,2
9448,V5_in_sentence,সরকারের সেই প্রতিশ্রুতি শিকেয় তুলে রাখা হয়েছে।,শিকেয় তুলে রাখা,B,C,0,0.013419212773442001,0.9467527270317071,0.8078094720840451,0.005522843551029001,3,রাখা,2,2
9462,V0_intact,শিমুল গাছে গা ঘষা,শিমুল গাছে গা ঘষা,B,A,0,0.044783312827348,0.8884894251823421,0.707493782043457,0.0,4,ঘষা,3,3
9462,V1_shuffle,গা গাছে শিমুল ঘষা,শিমুল গাছে গা ঘষা,B,A,0,0.034323506057262004,0.916641592979431,0.766531348228454,0.001135201965367,4,ঘষা,3,3
9462,V2_reverse,ঘষা গা গাছে শিমুল,শিমুল গাছে গা ঘষা,B,A,0,0.028094388544559003,0.9351333379745481,0.800214886665344,0.003524437829196,4,ঘষা,3,3
9462,V3_delete1,শিমুল গাছে গা,শিমুল গাছে গা ঘষা,B,A,0,0.086172617971897,0.818464577198028,0.6228113770484921,0.005384962054904001,4,ঘষা,3,3
9462,V4_substitute1,শিমুল গাছে গা খানখান,শিমুল গাছে গা ঘষা,B,A,0,0.14578282833099301,0.6895564794540401,0.46932914853096,0.031154156773523,4,ঘষা,3,3
9462,V5_in_sentence,সে শিমুল গাছে গা ঘষার মতো একটা ভুল করে নিজেরই চাকরি হারাল।,শিমুল গাছে গা ঘষা,B,A,0,0.25480580329895003,0.66755998134613,0.41141867637634205,0.048742931476276,4,ঘষা,3,3
9473,V0_intact,শিরদাঁড়াতে ঠাণ্ডাস্রোত বয়ে যাওয়া,শিরদাঁড়াতে ঠাণ্ডাস্রোত বয়ে যাওয়া,B,A,0,0.006344683934003,0.975399374961853,0.848881661891937,0.0,4,বয়ে,2,2
9473,V1_shuffle,বয়ে শিরদাঁড়াতে যাওয়া ঠাণ্ডাস্রোত,শিরদাঁড়াতে ঠাণ্ডাস্রোত বয়ে যাওয়া,B,A,0,0.002003531670197,0.9927906990051271,0.9009330868721,0.0025538783108580002,4,বয়ে,2,2
9473,V2_reverse,যাওয়া বয়ে ঠাণ্ডাস্রোত শিরদাঁড়াতে,শিরদাঁড়াতে ঠাণ্ডাস্রোত বয়ে যাওয়া,B,A,0,0.003975307103246,0.983660638332366,0.852341413497924,0.00044160648484600003,4,বয়ে,2,2
9473,V3_delete1,শিরদাঁড়াতে ঠাণ্ডাস্রোত যাওয়া,শিরদাঁড়াতে ঠাণ্ডাস্রোত বয়ে যাওয়া,B,A,0,0.003201957559213,0.9870722889900201,0.8781020641326901,0.0009435684502240001,4,বয়ে,2,2
9473,V4_substitute1,শিরদাঁড়াতে ঠাণ্ডাস্রোত চাগাড় যাওয়া,শিরদাঁড়াতে ঠাণ্ডাস্রোত বয়ে যাওয়া,B,A,0,0.008078888058662,0.970488190650939,0.8298873901367181,0.00012769255802000002,4,বয়ে,2,2
9473,V5_in_sentence,ভূতের গল্প শুনে তার শিরদাঁড়াতে ঠাণ্ডাস্রোত বয়ে গেল।,শিরদাঁড়াতে ঠাণ্ডাস্রোত বয়ে যাওয়া,B,A,0,0.07019395381212201,0.7345247864723201,0.48493519425392106,0.066932296369738,4,বয়ে,2,2
9485,V0_intact,শুকনো কথায় চিঁড়ে ভেজে না,শুকনো কথায় চিঁড়ে ভেজে না,B,B,1,0.36785894632339405,0.36785894632339405,0.145953133702278,0.0,5,চিঁড়ে,2,1
9485,V1_shuffle,না ভেজে শুকনো কথায় চিঁড়ে,শুকনো কথায় চিঁড়ে ভেজে না,B,A,0,0.252625644207,0.40610086917877203,0.194704845547676,0.015696364754722,5,চিঁড়ে,2,1
9485,V2_reverse,না ভেজে চিঁড়ে কথায় শুকনো,শুকনো কথায় চিঁড়ে ভেজে না,B,A,0,0.095775216817855,0.8057221770286561,0.534592926502227,0.151120385264659,5,চিঁড়ে,2,1
9485,V3_delete1,শুকনো কথায় ভেজে না,শুকনো কথায় চিঁড়ে ভেজে না,B,B,1,0.402602970600128,0.402602970600128,0.180807501077651,0.003972034916573,5,চিঁড়ে,2,1
9485,V4_substitute1,শুকনো কবর চিঁড়ে ভেজে না,শুকনো কথায় চিঁড়ে ভেজে না,B,A,0,0.24512134492397303,0.43083670735359103,0.182145252823829,0.015062637158031002,5,চিঁড়ে,2,1
9485,V5_in_sentence,সে অনেক কথা বলল কিন্তু কিছু করল না; শুকনো কথায় চিঁড়ে ভেজে না।,শুকনো কথায় চিঁড়ে ভেজে না,B,D,0,0.30526489019393904,0.305320918560028,0.16304028034210202,0.010110433926017001,5,চিঁড়ে,2,1
9518,V0_intact,শ্যাম রাখি কি কুল রাখি,শ্যাম রাখি কি কুল রাখি,C,C,1,0.59777295589447,0.59777295589447,0.38761100172996504,0.0,5,রাখি,1,1
9518,V1_shuffle,রাখি কুল শ্যাম কি রাখি,শ্যাম রাখি কি কুল রাখি,C,C,1,0.492447614669799,0.492447614669799,0.33010739088058405,0.007108129534947,5,রাখি,1,1
9518,V2_reverse,রাখি কুল কি রাখি শ্যাম,শ্যাম রাখি কি কুল রাখি,C,C,1,0.48625743389129605,0.48625743389129605,0.32676160335540705,0.007742971864685,5,রাখি,1,1
9518,V3_delete1,শ্যাম কি কুল রাখি,শ্যাম রাখি কি কুল রাখি,C,C,1,0.595089435577392,0.595089435577392,0.38339987397193903,0.000157243169174,5,রাখি,1,1
9518,V4_substitute1,শ্যাম ছলাকলা কি কুল রাখি,শ্যাম রাখি কি কুল রাখি,C,C,1,0.5911482572555541,0.5911482572555541,0.36323082447052,0.0016854036496360002,5,রাখি,1,1
9518,V5_in_sentence,তার জীবনে শ্যাম রাখি কি কুল রাখি এমন এক দোটানা দেখা দিয়েছে।,শ্যাম রাখি কি কুল রাখি,C,C,1,0.686222970485687,0.686222970485687,0.525385081768035,0.020736914346055003,5,রাখি,1,1
9622,V0_intact,সবুরে মেওয়া ফলে,সবুরে মেওয়া ফলে,A,C,0,0.272950440645217,0.430928379297256,0.31882566213607705,0.0,3,মেওয়া,1,2
9622,V1_shuffle,সবুরে ফলে মেওয়া,সবুরে মেওয়া ফলে,A,C,0,0.198143362998962,0.540032804012298,0.369316428899765,0.0068583295506800005,3,মেওয়া,1,2
9622,V2_reverse,ফলে মেওয়া সবুরে,সবুরে মেওয়া ফলে,A,C,0,0.14082230627536702,0.599523365497589,0.38973876833915705,0.018378404614510003,3,মেওয়া,1,2
9622,V3_delete1,সবুরে ফলে,সবুরে মেওয়া ফলে,A,C,0,0.32401531934738104,0.40778556466102606,0.34023401141166604,0.001954386032428,3,মেওয়া,1,2
9622,V4_substitute1,সবুরে মেওয়া বরাহতনয়,সবুরে মেওয়া ফলে,A,D,0,0.254932314157485,0.34966814517974804,0.22055773437023102,0.045051733611495004,3,মেওয়া,1,2
9622,V5_in_sentence,"ব্যবসায় সাফল্য পেতে সবুরে মেওয়া ফলে, তাই হাল ছাড়ো না।",সবুরে মেওয়া ফলে,A,A,1,0.30082455277442904,0.30082455277442904,0.23333814740180903,0.011135254630359,3,মেওয়া,1,2
9623,V0_intact,সবে ধন নীলমণি,সবে ধন নীলমণি,D,C,0,0.025429675355553003,0.9181497097015381,0.7674783468246461,0.0,3,নীলমণি,2,1
9623,V1_shuffle,ধন সবে নীলমণি,সবে ধন নীলমণি,D,C,0,0.041060034185647,0.899297058582305,0.731649518013,0.001251720248446,3,নীলমণি,2,1
9623,V2_reverse,নীলমণি ধন সবে,সবে ধন নীলমণি,D,C,0,0.047852687537670004,0.8623725175857541,0.7495008111000061,0.0041193927229620005,3,নীলমণি,2,1
9623,V3_delete1,সবে ধন,সবে ধন নীলমণি,D,C,0,0.10562270134687402,0.5182728171348571,0.40042677521705605,0.10758876006796801,3,নীলমণি,2,1
9623,V4_substitute1,সবে মুক্তকচ্ছ নীলমণি,সবে ধন নীলমণি,D,C,0,0.060974955558776,0.842927753925323,0.627593517303466,0.007734041172221001,3,নীলমণি,2,1
9623,V5_in_sentence,তার সবে ধন নীলমণি তার একমাত্র ছেলে।,সবে ধন নীলমণি,D,C,0,0.40456274151802,0.41921868920326205,0.24160687625408103,0.164604367457714,3,নীলমণি,2,1
9668,V0_intact,সস্তার তিন অবস্থা,সস্তার তিন অবস্থা,D,C,0,0.11833345890045101,0.7674033045768731,0.6628621220588681,0.0,3,অবস্থা,2,1
9668,V1_shuffle,অবস্থা তিন সস্তার,সস্তার তিন অবস্থা,D,C,0,0.060355305671691006,0.911234140396118,0.8342933654785151,0.021729713213553003,3,অবস্থা,2,1
9668,V2_reverse,অবস্থা তিন সস্তার,সস্তার তিন অবস্থা,D,C,0,0.060355305671691006,0.911234140396118,0.8342933654785151,0.021729713213553003,3,অবস্থা,2,1
9668,V3_delete1,সস্তার তিন,সস্তার তিন অবস্থা,D,C,0,0.10276723653078,0.8511111140251161,0.728226125240325,0.009334632883978,3,অবস্থা,2,1
9668,V4_substitute1,সস্তার কলাবধূ অবস্থা,সস্তার তিন অবস্থা,D,C,0,0.29773801565170205,0.53000658750534,0.34075382351875305,0.033971941100605,3,অবস্থা,2,1
9668,V5_in_sentence,ওই সস্তার তিন অবস্থা দেখে আর কখনো সস্তা জিনিস কিনব না।,সস্তার তিন অবস্থা,D,C,0,0.303197294473648,0.37614330649375904,0.23748444020748102,0.08132066677101801,3,অবস্থা,2,1
9710,V0_intact,সাত চড়ে রা কাড়ে না,সাত চড়ে রা কাড়ে না,A,C,0,0.11878795921802501,0.6519784927368161,0.526788711547851,0.0,5,না,4,2
9710,V1_shuffle,সাত চড়ে কাড়ে না রা,সাত চড়ে রা কাড়ে না,A,C,0,0.11170063167810401,0.68654727935791,0.575231492519378,0.0007295935077660001,5,না,4,2
9710,V2_reverse,না কাড়ে রা চড়ে সাত,সাত চড়ে রা কাড়ে না,A,C,0,0.090142622590065,0.7536235451698301,0.614243328571319,0.006313818085195001,5,না,4,2
9710,V3_delete1,সাত চড়ে রা কাড়ে,সাত চড়ে রা কাড়ে না,A,C,0,0.11248290538787802,0.678646385669708,0.590720176696777,0.002572128198548,5,না,4,2
9710,V4_substitute1,সাত চড়ে অকালকুষ্মাণ্ড কাড়ে না,সাত চড়ে রা কাড়ে না,A,C,0,0.12347589433193201,0.636443078517913,0.47801533341407704,0.00029251228310200005,5,না,4,2
9710,V5_in_sentence,"চাকরটি আমার অত্যন্ত ভালো, সাত চড়ে রা কাড়ে না।",সাত চড়ে রা কাড়ে না,A,C,0,0.22181142866611403,0.471854001283645,0.258889973163604,0.019118848005139,5,না,4,2
9721,V0_intact,সাত সতীনের ঘর,সাত সতীনের ঘর,B,A,0,0.015288289636373001,0.9393429756164551,0.775650680065155,0.0,3,ঘর,2,1
9721,V1_shuffle,সাত ঘর সতীনের,সাত সতীনের ঘর,B,A,0,0.0272709839046,0.918569684028625,0.76234233379364,0.001950091660611,3,ঘর,2,1
9721,V2_reverse,ঘর সতীনের সাত,সাত সতীনের ঘর,B,A,0,0.040972765535116,0.870394110679626,0.6767283082008361,0.007790646895570001,3,ঘর,2,1
9721,V3_delete1,সাত সতীনের,সাত সতীনের ঘর,B,A,0,0.062383070588111,0.8176834583282471,0.6564233899116511,0.020207375473856003,3,ঘর,2,1
9721,V4_substitute1,সাত ঝিরকুটে ঘর,সাত সতীনের ঘর,B,A,0,0.037045937031507006,0.8707058429718011,0.698044598102569,0.007255630930017001,3,ঘর,2,1
9721,V5_in_sentence,"এই পরিবারটি সাত সতীনের ঘরের মতো, সর্বদা বিবাদে জর্জরিত।",সাত সতীনের ঘর,B,A,0,0.07388659566640801,0.7760788202285761,0.557901740074157,0.030474800832321004,3,ঘর,2,1
9738,V0_intact,সাদা হাতী পোষা,সাদা হাতী পোষা,D,A,0,0.033387430012226,0.892119884490966,0.794782757759094,0.0,3,পোষা,2,0
9738,V1_shuffle,হাতী পোষা সাদা,সাদা হাতী পোষা,D,A,0,0.039040505886077,0.8920380473136901,0.8069634437561031,0.000192135620225,3,পোষা,2,0
9738,V2_reverse,পোষা হাতী সাদা,সাদা হাতী পোষা,D,A,0,0.026133077219128,0.916574716567993,0.819027006626129,0.0008751131468690001,3,পোষা,2,0
9738,V3_delete1,সাদা হাতী,সাদা হাতী পোষা,D,A,0,0.031327623873949,0.894572138786315,0.8165099620819091,1.7615518184253654e-05,3,পোষা,2,0
9738,V4_substitute1,ধনে হাতী পোষা,সাদা হাতী পোষা,D,A,0,0.07373063266277301,0.693793773651123,0.540444016456604,0.03256601731854,3,পোষা,2,0
9738,V5_in_sentence,"সরকারি অফিসগুলোতে অনেক সাদা হাতী পোষা হয়, যা বাজেটের উপর চাপ সৃষ্টি করে।",সাদা হাতী পোষা,D,A,0,0.073627099394798,0.826021552085876,0.667433142662048,0.006097175873034001,3,পোষা,2,0
9758,V0_intact,সাপের হাঁচি বেদেয় চেনে,সাপের হাঁচি বেদেয় চেনে,C,A,0,0.027479276061058003,0.93665862083435,0.8339210748672481,0.0,4,হাঁচি,1,3
9758,V1_shuffle,হাঁচি চেনে সাপের বেদেয়,সাপের হাঁচি বেদেয় চেনে,C,A,0,0.006173828151077001,0.985706090927124,0.898827910423278,0.008681033048577001,4,হাঁচি,1,3
9758,V2_reverse,চেনে বেদেয় হাঁচি সাপের,সাপের হাঁচি বেদেয় চেনে,C,A,0,0.0037396899424490004,0.9917833805084221,0.8947976231575011,0.012446104464895,4,হাঁচি,1,3
9758,V3_delete1,সাপের বেদেয় চেনে,সাপের হাঁচি বেদেয় চেনে,C,A,0,0.038307134062051,0.8963768482208251,0.7932522892951961,0.0032181243189530005,4,হাঁচি,1,3
9758,V4_substitute1,সাপের হাঁচি বেদেয় বুর্জোয়া,সাপের হাঁচি বেদেয় চেনে,C,A,0,0.08774229139089501,0.8082610368728631,0.759171485900878,0.019432807252256,4,হাঁচি,1,3
9758,V5_in_sentence,"ওকে সাপের হাঁচি বেদেয় চেনে বলে, তার ধোঁকায় পড়ব না।",সাপের হাঁচি বেদেয় চেনে,C,A,0,0.282622039318084,0.43450328707695,0.290374189615249,0.16253662630854201,4,হাঁচি,1,3
9796,V0_intact,সুন্দ-উপসুন্দের লড়াই,সুন্দ-উপসুন্দের লড়াই,B,A,0,0.072059132158756,0.9015843868255611,0.8865270614624021,0.0,3,সুন্দ,0,2
9796,V1_shuffle,লড়াই উপসুন্দের সুন্দ,সুন্দ-উপসুন্দের লড়াই,B,A,0,0.233854562044143,0.6631704568862911,0.662787914276123,0.043820611477807005,3,সুন্দ,0,2
9796,V2_reverse,লড়াই উপসুন্দের সুন্দ,সুন্দ-উপসুন্দের লড়াই,B,A,0,0.233854562044143,0.6631704568862911,0.662787914276123,0.043820611477807005,3,সুন্দ,0,2
9796,V3_delete1,উপসুন্দের লড়াই,সুন্দ-উপসুন্দের লড়াই,B,A,0,0.18063722550868902,0.754846096038818,0.7375002503395081,0.019439012846603,3,সুন্দ,0,2
9796,V4_substitute1,সুন্দ উপসুন্দের পড়ানো,সুন্দ-উপসুন্দের লড়াই,B,A,0,0.03519108518958,0.9078787565231321,0.840079009532928,0.008690849658155001,3,সুন্দ,0,2
9796,V5_in_sentence,"দুই ভাইয়ের মধ্যে সুন্দ-উপসুন্দের লড়াই শুরু হয়ে গেছে, কেউ জিতবে না।",সুন্দ-উপসুন্দের লড়াই,B,A,0,0.025582455098628002,0.961588561534881,0.8607789278030391,0.00745572125431,3,সুন্দ,0,2
9835,V0_intact,"সোনা ছেড়ে বাইরে, আঁচলে গেরো","সোনা ছেড়ে বাইরে, আঁচলে গেরো",D,A,0,0.050758223980665006,0.7070563435554501,0.564907431602478,0.0,5,আঁচলে,3,3
9835,V1_shuffle,বাইরে গেরো সোনা ছেড়ে আঁচলে,"সোনা ছেড়ে বাইরে, আঁচলে গেরো",D,A,0,0.06008106842637,0.616588294506073,0.43421444296836803,0.005059108008971001,5,আঁচলে,3,3
9835,V2_reverse,গেরো আঁচলে বাইরে ছেড়ে সোনা,"সোনা ছেড়ে বাইরে, আঁচলে গেরো",D,A,0,0.010998816229403002,0.9081257581710811,0.781080245971679,0.037764734178902006,5,আঁচলে,3,3
9835,V3_delete1,সোনা ছেড়ে বাইরে গেরো,"সোনা ছেড়ে বাইরে, আঁচলে গেরো",D,A,0,0.038869462907314,0.7125052809715271,0.5730593800544731,0.0006777113177380001,5,আঁচলে,3,3
9835,V4_substitute1,সোনা ছেড়ে বাইরে তত্ত্বতালাশ গেরো,"সোনা ছেড়ে বাইরে, আঁচলে গেরো",D,A,0,0.034194611012935,0.7207317352294921,0.567093849182128,0.00296076461755,5,আঁচলে,3,3
9835,V5_in_sentence,"মা চলে যাওয়ার সময় বললেন, 'সোনা ছেড়ে বাইরে, আঁচলে গেরো, সব সময় সুস্থ থেকো।'","সোনা ছেড়ে বাইরে, আঁচলে গেরো",D,A,0,0.10345112532377201,0.6061522364616391,0.35016882419586104,0.011725121098479,5,আঁচলে,3,3
9879,V0_intact,স্বর্গের সিঁড়ি করা,স্বর্গের সিঁড়ি করা,B,C,0,0.024403888732194002,0.8366003632545471,0.764642477035522,0.0,3,করা,2,2
9879,V1_shuffle,সিঁড়ি স্বর্গের করা,স্বর্গের সিঁড়ি করা,B,C,0,0.00337868114002,0.9754727482795711,0.902852952480316,0.031405484396407,3,করা,2,2
9879,V2_reverse,করা সিঁড়ি স্বর্গের,স্বর্গের সিঁড়ি করা,B,C,0,0.004406378138810001,0.9744121432304381,0.882595539093017,0.030796242424329004,3,করা,2,2
9879,V3_delete1,স্বর্গের সিঁড়ি,স্বর্গের সিঁড়ি করা,B,C,0,0.05899655073881101,0.7528393864631651,0.6556203961372371,0.008353901034276,3,করা,2,2
9879,V4_substitute1,স্বর্গের সিঁড়ি উঠি,স্বর্গের সিঁড়ি করা,B,C,0,0.037235744297504,0.792859256267547,0.672238409519195,0.002280868824768,3,করা,2,2
9879,V5_in_sentence,"সে প্রতিজ্ঞা করেছে ব্যবসা শুরু করবে, কিন্তু স্বর্গের সিঁড়ি করার মতো করে সবকিছু টেনে নিয়ে যাচ্ছে।",স্বর্গের সিঁড়ি করা,B,C,0,0.177818804979324,0.43822306394577004,0.25310331583023005,0.097157567629519,3,করা,2,2
9922,V0_intact,হয়কে নয় করা,হয়কে নয় করা,D,C,0,0.21308270096778803,0.5783756971359251,0.32693362236022905,0.0,3,নয়,1,1
9922,V1_shuffle,হয়কে করা নয়,হয়কে নয় করা,D,C,0,0.23681499063968603,0.48655283451080306,0.27505809068679804,0.004765743243184,3,নয়,1,1
9922,V2_reverse,করা নয় হয়কে,হয়কে নয় করা,D,C,0,0.24408821761608102,0.389990746974945,0.20773519575595803,0.020960698065959002,3,নয়,1,1
9922,V3_delete1,হয়কে করা,হয়কে নয় করা,D,B,0,0.15890949964523302,0.392633199691772,0.22233547270298,0.047850986206499004,3,নয়,1,1
9922,V4_substitute1,হয়কে ঘটিচোর করা,হয়কে নয় করা,D,D,1,0.42560550570487904,0.42560550570487904,0.257104486227035,0.066806085235507,3,নয়,1,1
9922,V5_in_sentence,সে তার অপরাধকে হয়কে নয় করে দিয়েছে।,হয়কে নয় করা,D,D,1,0.41930803656578003,0.41930803656578003,0.25467225909233004,0.038061716716764005,3,নয়,1,1
10033,V0_intact,হাটে কলা নৈবিদ্যায় নমঃ,হাটে কলা নৈবিদ্যায় নমঃ,B,C,0,0.08188458532094901,0.798352420330047,0.677949726581573,0.0,4,হাটে,0,2
10033,V1_shuffle,নৈবিদ্যায় হাটে নমঃ কলা,হাটে কলা নৈবিদ্যায় নমঃ,B,C,0,0.10619819164276101,0.749189674854278,0.5855476856231691,0.002068867221877,4,হাটে,0,2
10033,V2_reverse,নমঃ নৈবিদ্যায় কলা হাটে,হাটে কলা নৈবিদ্যায় নমঃ,B,C,0,0.141690090298652,0.667618870735168,0.526852905750274,0.011124481968911,4,হাটে,0,2
10033,V3_delete1,কলা নৈবিদ্যায় নমঃ,হাটে কলা নৈবিদ্যায় নমঃ,B,C,0,0.08874659240245801,0.7888931632041931,0.6709796786308281,9.776897441657037e-05,4,হাটে,0,2
10033,V4_substitute1,হাটে কলা থমথম নমঃ,হাটে কলা নৈবিদ্যায় নমঃ,B,C,0,0.15522298216819702,0.6131796836853021,0.45935365557670504,0.020926411655399,4,হাটে,0,2
10033,V5_in_sentence,পূজার জন্য বিশেষ ফল না পেয়ে হাটে কলা নৈবিদ্যায় নমঃ করে উপবাস শেষ করলাম।,হাটে কলা নৈবিদ্যায় নমঃ,B,B,1,0.575758635997772,0.575758635997772,0.32723605632781905,0.16164974118588102,4,হাটে,0,2
10075,V0_intact,হাড়ে নাড়ে জ্বালানো,হাড়ে নাড়ে জ্বালানো,D,A,0,0.42029088735580405,0.52794724702835,0.35400551557540805,0.0,3,জ্বালানো,2,2
10075,V1_shuffle,নাড়ে জ্বালানো হাড়ে,হাড়ে নাড়ে জ্বালানো,D,A,0,0.272305577993392,0.65009582042694,0.424013406038284,0.012466217146205001,3,জ্বালানো,2,2
10075,V2_reverse,জ্বালানো নাড়ে হাড়ে,হাড়ে নাড়ে জ্বালানো,D,A,0,0.202351570129394,0.694809675216674,0.445625334978103,0.029533311680332002,3,জ্বালানো,2,2
10075,V3_delete1,হাড়ে নাড়ে,হাড়ে নাড়ে জ্বালানো,D,A,0,0.075650602579116,0.826695501804351,0.6873704195022581,0.08616373022953601,3,জ্বালানো,2,2
10075,V4_substitute1,হাড়ে নাড়ে আড়ংহাটা,হাড়ে নাড়ে জ্বালানো,D,A,0,0.153284937143325,0.5771830677986141,0.40572437644004805,0.07329320585235301,3,জ্বালানো,2,2
10075,V5_in_sentence,তার শাশুড়ি তাকে হাড়ে নাড়ে জ্বালাতন করে।,হাড়ে নাড়ে জ্বালানো,D,A,0,0.22292058169841703,0.623251378536224,0.40931868553161604,0.031037947844252,3,জ্বালানো,2,2
10117,V0_intact,হাত ছাড়ালে সতের হাত,হাত ছাড়ালে সতের হাত,A,C,0,0.07567507773637701,0.8469908237457271,0.6758241057395931,0.0,4,ছাড়ালে,1,0
10117,V1_shuffle,হাত হাত সতের ছাড়ালে,হাত ছাড়ালে সতের হাত,A,C,0,0.07700010389089501,0.8476505279541011,0.647720515727996,2.501702451400357e-05,4,ছাড়ালে,1,0
10117,V2_reverse,হাত সতের ছাড়ালে হাত,হাত ছাড়ালে সতের হাত,A,C,0,0.08142130821943201,0.838436067104339,0.6421070098876951,7.647025650476886e-05,4,ছাড়ালে,1,0
10117,V3_delete1,হাত সতের হাত,হাত ছাড়ালে সতের হাত,A,C,0,0.083008475601673,0.8260176181793211,0.6242402791976921,0.00042775568710800004,4,ছাড়ালে,1,0
10117,V4_substitute1,মই ছাড়ালে সতের হাত,হাত ছাড়ালে সতের হাত,A,C,0,0.12038696557283401,0.7921376824378961,0.5844878554344171,0.0032071684784500004,4,ছাড়ালে,1,0
10117,V5_in_sentence,"সে চাকরিটা ছেড়ে দিয়েছে, এখন হাত ছাড়ালে সতের হাত, আবার পাওয়া যাবে না।",হাত ছাড়ালে সতের হাত,A,C,0,0.24310059845447501,0.583809852600097,0.28795298933982805,0.044716686702439,4,ছাড়ালে,1,0
10144,V0_intact,হাত নিসপিস করা,হাত নিসপিস করা,D,B,0,0.100061871111392,0.745513498783111,0.581355929374694,0.0,3,করা,2,0
10144,V1_shuffle,নিসপিস হাত করা,হাত নিসপিস করা,D,B,0,0.12782534956932,0.6870349645614621,0.50344181060791,0.002150812594115,3,করা,2,0
10144,V2_reverse,করা নিসপিস হাত,হাত নিসপিস করা,D,B,0,0.26253509521484303,0.549854457378387,0.348599374294281,0.027259605155987004,3,করা,2,0
10144,V3_delete1,হাত নিসপিস,হাত নিসপিস করা,D,B,0,0.09508420526981301,0.652670085430145,0.490290641784667,0.007600497030541001,3,করা,2,0
10144,V4_substitute1,কূপমণ্ডুক নিসপিস করা,হাত নিসপিস করা,D,D,1,0.281989187002182,0.281989187002182,0.19238869845867101,0.150305758988789,3,করা,2,0
10144,V5_in_sentence,নতুন প্রকল্প শুরু হওয়ার খবর শুনে সে হাত নিসপিস করতে লাগল।,হাত নিসপিস করা,D,B,0,0.252748101949691,0.27344334125518804,0.158194527029991,0.116452219634134,3,করা,2,0
10153,V0_intact,হাত পা ছেড়ে দেওয়া,হাত পা ছেড়ে দেওয়া,A,B,0,0.009021420963108,0.972552418708801,0.83175253868103,0.0,4,পা,1,1
10153,V1_shuffle,ছেড়ে হাত পা দেওয়া,হাত পা ছেড়ে দেওয়া,A,B,0,0.0033650635741650004,0.990477323532104,0.8754251003265381,0.0023493084537940002,4,পা,1,1
10153,V2_reverse,দেওয়া ছেড়ে পা হাত,হাত পা ছেড়ে দেওয়া,A,B,0,0.0037158485502000005,0.9846924543380731,0.878810822963714,0.001081539285173,4,পা,1,1
10153,V3_delete1,হাত ছেড়ে দেওয়া,হাত পা ছেড়ে দেওয়া,A,B,0,0.006179281044751001,0.9782140254974361,0.8269605040550231,0.00027253669682200004,4,পা,1,1
10153,V4_substitute1,হাত ছাতু ছেড়ে দেওয়া,হাত পা ছেড়ে দেওয়া,A,B,0,0.0059783738106480005,0.9805130958557121,0.824384272098541,0.000378800718869,4,পা,1,1
10153,V5_in_sentence,ভয়ে তার হাত পা ছেড়ে গেল।,হাত পা ছেড়ে দেওয়া,A,B,0,0.012972433120012,0.8987315297126771,0.7320120334625241,0.016984246429234,4,পা,1,1
10212,V0_intact,হাতে জল না গলা,হাতে জল না গলা,B,C,0,0.23371845483779902,0.281211137771606,0.176697209477424,0.0,4,হাতে,0,2
10212,V1_shuffle,না জল হাতে গলা,হাতে জল না গলা,B,A,0,0.074524879455566,0.775453686714172,0.598213732242584,0.129327741269632,4,হাতে,0,2
10212,V2_reverse,গলা না জল হাতে,হাতে জল না গলা,B,A,0,0.21031260490417403,0.37601456046104403,0.232898786664009,0.006172573750777,4,হাতে,0,2
10212,V3_delete1,জল না গলা,হাতে জল না গলা,B,A,0,0.145632699131965,0.5647810697555541,0.344303011894226,0.042618299252024004,4,হাতে,0,2
10212,V4_substitute1,হাতে জল খড়্গহস্ত গলা,হাতে জল না গলা,B,A,0,0.164606988430023,0.5365308523178101,0.35063502192497203,0.036883346009730006,4,হাতে,0,2
10212,V5_in_sentence,"সে এতটাই কৃপণ যে হাতে জল গলে না, কাউকে কিছু দিতে চায় না।",হাতে জল না গলা,B,D,0,0.22485159337520602,0.562291979789733,0.31077763438224704,0.08413227934004301,4,হাতে,0,2
10314,V0_intact,হিং টিং ছট্,হিং টিং ছট্,C,C,1,0.388484507799148,0.388484507799148,0.20854629576206202,0.0,3,হিং,0,2
10314,V1_shuffle,হিং ছট্ টিং,হিং টিং ছট্,C,C,1,0.38248112797737105,0.38248112797737105,0.205248698592185,3.9713170189390396e-05,3,হিং,0,2
10314,V2_reverse,ছট্ টিং হিং,হিং টিং ছট্,C,C,1,0.37779688835144004,0.37779688835144004,0.18917243182659102,0.00045621636546000006,3,হিং,0,2
10314,V3_delete1,টিং ছট্,হিং টিং ছট্,C,B,0,0.333759069442749,0.33634173870086603,0.17499087750911702,0.0017158383846640002,3,হিং,0,2
10314,V4_substitute1,হিং টিং কোলপোঁছা,হিং টিং ছট্,C,C,1,0.36037811636924705,0.36037811636924705,0.191565707325935,0.0009207213729760001,3,হিং,0,2
10314,V5_in_sentence,সে হিং টিং ছট্ বলে মন্ত্র পড়ে ভাবছে সব সমস্যা সমাধান হবে।,হিং টিং ছট্,C,C,1,0.42428901791572504,0.42428901791572504,0.22510340809822002,0.0009942510340360002,3,হিং,0,2
10330,V0_intact,হুঁকো নাপিত বন্ধ করা,হুঁকো নাপিত বন্ধ করা,D,C,0,0.002435018774121,0.99333655834198,0.891221106052398,0.0,4,নাপিত,1,0
10330,V1_shuffle,বন্ধ হুঁকো নাপিত করা,হুঁকো নাপিত বন্ধ করা,D,C,0,0.006215375382453,0.9798928499221801,0.8672987222671501,0.0018172050334100001,4,নাপিত,1,0
10330,V2_reverse,করা বন্ধ নাপিত হুঁকো,হুঁকো নাপিত বন্ধ করা,D,C,0,0.013017594814300001,0.9526033401489251,0.8222668170928951,0.008971188797104,4,নাপিত,1,0
10330,V3_delete1,হুঁকো বন্ধ করা,হুঁকো নাপিত বন্ধ করা,D,C,0,0.010857483372092,0.9713048338890071,0.8339207172393791,0.003773804205874,4,নাপিত,1,0
10330,V4_substitute1,আঁধারের নাপিত বন্ধ করা,হুঁকো নাপিত বন্ধ করা,D,C,0,0.034630868583917,0.9161718487739561,0.724583625793457,0.02032268270267,4,নাপিত,1,0
10330,V5_in_sentence,গ্রামবাসীরা তার হুঁকো নাপিত বন্ধ করে দিয়েছে চুরির অভিযোগে।,হুঁকো নাপিত বন্ধ করা,D,C,0,0.028448231518268002,0.934550464153289,0.758652031421661,0.014363358307336002,4,নাপিত,1,0
10340,V0_intact,হুপ করে আসা,হুপ করে আসা,B,C,0,0.029303956776857,0.8415171504020691,0.6924780607223511,0.0,3,করে,1,2
10340,V1_shuffle,আসা হুপ করে,হুপ করে আসা,B,C,0,0.021459957584738003,0.91002482175827,0.759213328361511,0.005720755202355,3,করে,1,2
10340,V2_reverse,আসা করে হুপ,হুপ করে আসা,B,C,0,0.014361801557242001,0.9561322331428521,0.8156391382217401,0.020797420485265002,3,করে,1,2
10340,V3_delete1,হুপ আসা,হুপ করে আসা,B,C,0,0.062108889222145004,0.8430628180503841,0.6800988912582391,0.00477093844602,3,করে,1,2
10340,V4_substitute1,হুপ করে পাটকেল,হুপ করে আসা,B,C,0,0.045412551611661,0.716121613979339,0.501165270805358,0.011686345264372,3,করে,1,2
10340,V5_in_sentence,সে হুপ করে এসে সবাইকে অবাক করে দিল।,হুপ করে আসা,B,C,0,0.09730059653520501,0.6031004786491391,0.373582035303115,0.037095849111551005,3,করে,1,2
10341,V0_intact,হুমড়ি খেয়ে পড়া,হুমড়ি খেয়ে পড়া,B,B,1,0.37433287501335105,0.37433287501335105,0.22348234057426403,0.0,3,হুমড়ি,0,2
10341,V1_shuffle,পড়া খেয়ে হুমড়ি,হুমড়ি খেয়ে পড়া,B,B,1,0.39174604415893505,0.39174604415893505,0.262525558471679,0.0017959495262590002,3,হুমড়ি,0,2
10341,V2_reverse,পড়া খেয়ে হুমড়ি,হুমড়ি খেয়ে পড়া,B,B,1,0.39174604415893505,0.39174604415893505,0.262525558471679,0.0017959495262590002,3,হুমড়ি,0,2
10341,V3_delete1,খেয়ে পড়া,হুমড়ি খেয়ে পড়া,B,B,1,0.506061434745788,0.506061434745788,0.27994230389595004,0.018371092888633003,3,হুমড়ি,0,2
10341,V4_substitute1,হুমড়ি খেয়ে ধরিত্রীপুত্র,হুমড়ি খেয়ে পড়া,B,A,0,0.216920852661132,0.35184958577156,0.24096955358982003,0.05770047960330701,3,হুমড়ি,0,2
10341,V5_in_sentence,বাজারে সস্তা দামে ইলিশ মাছ দেখে সবাই হুমড়ি খেয়ে পড়ল।,হুমড়ি খেয়ে পড়া,B,B,1,0.440057337284088,0.440057337284088,0.28588926792144703,0.048211899892951,3,হুমড়ি,0,2
