id,gold_key,gold_pos,pred,max_prob,conf_head,p_A,p_B,p_C,p_D,input_tokens,cost,correct,p_gold,family,confidence
6,A,0,A,0.99,0.98,0.99,0.0,0.01,0.0,475,1.9950000000000004e-05,1,0.99,D-rand,0.99
7,A,0,A,0.85,0.81,0.85,0.05,0.02,0.08,499,2.0958e-05,1,0.85,D-rand,0.85
9,A,0,A,0.75,0.67,0.75,0.19,0.03,0.03,450,1.89e-05,1,0.75,D-rand,0.75
8,D,3,D,0.77,0.6900000000000001,0.02,0.04,0.17,0.77,409,1.7178e-05,1,0.77,D-rand,0.77
10,A,0,A,0.92,0.89,0.92,0.06,0.02,0.0,470,1.974e-05,1,0.92,D-rand,0.92
4,D,3,D,0.99,0.98,0.01,0.0,0.0,0.99,464,1.9488000000000004e-05,1,0.99,D-rand,0.99
1,D,3,D,0.58,0.45,0.03,0.21,0.18,0.58,491,2.0622e-05,1,0.58,D-rand,0.58
5,D,3,A,0.35,0.12,0.35,0.19,0.28,0.18,421,1.7682e-05,0,0.18,D-rand,0.35
13,C,2,C,0.96,0.95,0.01,0.02,0.96,0.01,494,2.0748000000000005e-05,1,0.96,D-rand,0.96
14,A,0,A,0.74,0.66,0.74,0.05,0.2,0.01,480,2.016e-05,1,0.74,D-rand,0.74
17,D,3,D,0.94,0.92,0.03,0.01,0.02,0.94,428,1.7976000000000002e-05,1,0.94,D-rand,0.94
19,A,0,A,0.6000000000000001,0.48,0.6000000000000001,0.03,0.06,0.31,476,1.9992e-05,1,0.6000000000000001,D-rand,0.6000000000000001
11,D,3,D,0.88,0.85,0.04,0.07,0.01,0.88,480,2.016e-05,1,0.88,D-rand,0.88
21,C,2,C,0.99,0.98,0.0,0.0,0.99,0.01,479,2.0118000000000003e-05,1,0.99,D-rand,0.99
22,A,0,A,0.98,0.97,0.98,0.0,0.01,0.01,437,1.8354e-05,1,0.98,D-rand,0.98
27,D,3,D,0.7000000000000001,0.6000000000000001,0.03,0.26,0.01,0.7000000000000001,483,2.0286e-05,1,0.7000000000000001,D-rand,0.7000000000000001
20,C,2,C,0.52,0.36,0.11,0.04,0.52,0.33,508,2.1336e-05,1,0.52,D-rand,0.52
15,B,1,B,0.91,0.89,0.01,0.91,0.01,0.07,458,1.9236e-05,1,0.91,D-rand,0.91
28,D,3,D,0.63,0.52,0.29,0.02,0.06,0.63,441,1.8522000000000003e-05,1,0.63,D-rand,0.63
26,C,2,D,0.71,0.61,0.07,0.05,0.17,0.71,437,1.8354e-05,0,0.17,D-rand,0.71
24,A,0,A,0.95,0.94,0.95,0.01,0.03,0.01,447,1.8774000000000004e-05,1,0.95,D-rand,0.95
23,D,3,D,1.0,1.0,0.0,0.0,0.0,1.0,500,2.1e-05,1,1.0,D-rand,1.0
25,C,2,C,1.0,1.0,0.0,0.0,1.0,0.0,432,1.8144e-05,1,1.0,D-rand,1.0
16,D,3,D,1.0,1.0,0.0,0.0,0.0,1.0,443,1.8606e-05,1,1.0,D-rand,1.0
29,C,2,C,0.75,0.67,0.11,0.11,0.75,0.03,445,1.869e-05,1,0.75,D-rand,0.75
35,B,1,A,0.8200000000000001,0.77,0.8200000000000001,0.06,0.08,0.04,480,2.016e-05,0,0.06,D-rand,0.8200000000000001
36,B,1,B,0.91,0.87,0.09,0.91,0.0,0.0,482,2.0244e-05,1,0.91,D-rand,0.91
33,A,0,A,1.0,1.0,1.0,0.0,0.0,0.0,468,1.9656000000000003e-05,1,1.0,D-rand,1.0
37,C,2,C,0.97,0.95,0.02,0.01,0.97,0.0,560,2.352e-05,1,0.97,D-rand,0.97
41,D,3,D,0.89,0.85,0.01,0.07,0.03,0.89,466,1.9572e-05,1,0.89,D-rand,0.89
40,B,1,B,0.96,0.95,0.02,0.96,0.01,0.01,496,2.0832000000000003e-05,1,0.96,D-rand,0.96
30,B,1,B,0.75,0.66,0.15,0.75,0.07,0.03,448,1.8816000000000004e-05,1,0.75,D-rand,0.75
32,A,0,A,0.92,0.9,0.92,0.06,0.01,0.01,435,1.827e-05,1,0.92,D-rand,0.92
31,C,2,C,0.73,0.65,0.22,0.04,0.73,0.01,454,1.9068e-05,1,0.73,D-rand,0.73
34,C,2,C,1.0,0.99,0.0,0.0,1.0,0.0,467,1.9614e-05,1,1.0,D-rand,1.0
43,B,1,B,0.96,0.95,0.02,0.96,0.01,0.01,506,2.1252000000000003e-05,1,0.96,D-rand,0.96
45,A,0,A,0.93,0.9,0.93,0.01,0.02,0.04,518,2.1756000000000003e-05,1,0.93,D-rand,0.93
42,B,1,B,0.86,0.81,0.11,0.86,0.01,0.02,495,2.0790000000000003e-05,1,0.86,D-rand,0.86
47,A,0,A,0.97,0.95,0.97,0.0,0.01,0.02,544,2.2848e-05,1,0.97,D-rand,0.97
51,C,2,C,0.99,0.99,0.01,0.0,0.99,0.0,517,2.1714000000000003e-05,1,0.99,D-rand,0.99
53,D,3,D,0.96,0.94,0.03,0.0,0.01,0.96,481,2.0202e-05,1,0.96,D-rand,0.96
50,A,0,A,0.98,0.97,0.98,0.0,0.02,0.0,450,1.89e-05,1,0.98,D-rand,0.98
52,A,0,A,0.99,0.98,0.99,0.0,0.0,0.01,465,1.953e-05,1,0.99,D-rand,0.99
58,D,3,B,0.32,0.09,0.31,0.32,0.11,0.26,438,1.8396e-05,0,0.26,D-rand,0.32
57,B,1,B,0.97,0.96,0.03,0.97,0.0,0.0,433,1.8186e-05,1,0.97,D-rand,0.97
59,A,0,A,0.89,0.85,0.89,0.1,0.01,0.0,395,1.6590000000000002e-05,1,0.89,D-rand,0.89
62,A,0,A,1.0,1.0,1.0,0.0,0.0,0.0,458,1.9236e-05,1,1.0,D-rand,1.0
64,A,0,A,0.55,0.4,0.55,0.01,0.01,0.43,454,1.9068e-05,1,0.55,D-rand,0.55
55,C,2,C,1.0,1.0,0.0,0.0,1.0,0.0,530,2.226e-05,1,1.0,D-rand,1.0
65,A,0,A,0.98,0.97,0.98,0.01,0.01,0.0,449,1.8858e-05,1,0.98,D-rand,0.98
46,B,1,B,0.79,0.72,0.2,0.79,0.0,0.01,461,1.9362e-05,1,0.79,D-rand,0.79
56,C,2,C,0.75,0.66,0.16,0.04,0.75,0.05,449,1.8858e-05,1,0.75,D-rand,0.75
48,D,3,D,0.96,0.95,0.02,0.0,0.02,0.96,445,1.869e-05,1,0.96,D-rand,0.96
63,D,3,D,0.98,0.97,0.01,0.0,0.01,0.98,454,1.9068e-05,1,0.98,D-rand,0.98
61,C,2,B,0.5,0.34,0.04,0.5,0.43,0.03,483,2.0286e-05,0,0.43,D-rand,0.5
66,D,3,D,0.91,0.89,0.01,0.01,0.07,0.91,473,1.9866000000000003e-05,1,0.91,D-rand,0.91
67,D,3,D,0.98,0.98,0.01,0.01,0.0,0.98,456,1.9152e-05,1,0.98,D-rand,0.98
68,D,3,D,0.97,0.96,0.01,0.02,0.0,0.97,474,1.9908000000000003e-05,1,0.97,D-rand,0.97
71,B,1,B,0.78,0.7000000000000001,0.0,0.78,0.22,0.0,470,1.974e-05,1,0.78,D-rand,0.78
69,C,2,A,0.85,0.8,0.85,0.03,0.11,0.01,433,1.8186e-05,0,0.11,D-rand,0.85
70,A,0,A,1.0,1.0,1.0,0.0,0.0,0.0,475,1.9950000000000004e-05,1,1.0,D-rand,1.0
75,B,1,B,0.96,0.96,0.02,0.96,0.01,0.01,500,2.1e-05,1,0.96,D-rand,0.96
78,A,0,A,0.49,0.31,0.49,0.37,0.07,0.07,463,1.9446e-05,1,0.49,D-rand,0.49
73,A,0,A,0.86,0.8,0.86,0.13,0.01,0.0,473,1.9866000000000003e-05,1,0.86,D-rand,0.86
77,B,1,B,0.87,0.8200000000000001,0.09,0.87,0.03,0.01,472,1.9824e-05,1,0.87,D-rand,0.87
79,D,3,A,0.32,0.08,0.32,0.18,0.22,0.28,497,2.0874000000000004e-05,0,0.28,D-rand,0.32
80,C,2,C,0.53,0.38,0.29,0.06,0.53,0.12,471,1.9782000000000005e-05,1,0.53,D-rand,0.53
82,C,2,C,1.0,1.0,0.0,0.0,1.0,0.0,442,1.8564e-05,1,1.0,D-rand,1.0
83,D,3,D,0.99,0.98,0.0,0.01,0.0,0.99,444,1.8648e-05,1,0.99,D-rand,0.99
85,C,2,C,0.64,0.52,0.09,0.17,0.64,0.1,437,1.8354e-05,1,0.64,D-rand,0.64
90,C,2,B,0.67,0.56,0.17,0.67,0.1,0.06,480,2.016e-05,0,0.1,D-rand,0.67
84,D,3,D,0.94,0.93,0.02,0.03,0.01,0.94,513,2.1546e-05,1,0.94,D-rand,0.94
81,B,1,A,0.679999999999999,0.58,0.679999999999999,0.25,0.04,0.03,461,1.9362e-05,0,0.25,D-rand,0.679999999999999
86,D,3,A,0.33,0.11,0.33,0.33,0.03,0.31,435,1.827e-05,0,0.31,D-rand,0.33
89,A,0,A,0.87,0.8300000000000001,0.87,0.02,0.07,0.04,452,1.8984000000000003e-05,1,0.87,D-rand,0.87
93,D,3,D,0.8,0.73,0.06,0.13,0.01,0.8,532,2.2344e-05,1,0.8,D-rand,0.8
91,A,0,A,0.8,0.73,0.8,0.01,0.17,0.02,503,2.1126e-05,1,0.8,D-rand,0.8
92,D,3,D,0.98,0.98,0.01,0.0,0.01,0.98,494,2.0748000000000005e-05,1,0.98,D-rand,0.98
95,C,2,C,0.84,0.78,0.12,0.02,0.84,0.02,421,1.7682e-05,1,0.84,D-rand,0.84
94,C,2,D,0.86,0.8200000000000001,0.06,0.02,0.06,0.86,458,1.9236e-05,0,0.06,D-rand,0.86
97,A,0,B,0.6000000000000001,0.47,0.32,0.6000000000000001,0.03,0.05,429,1.8018000000000003e-05,0,0.32,D-rand,0.6000000000000001
96,B,1,B,0.88,0.84,0.03,0.88,0.01,0.08,489,2.0538e-05,1,0.88,D-rand,0.88
100,A,0,A,0.99,0.98,0.99,0.0,0.0,0.01,454,1.9068e-05,1,0.99,D-rand,0.99
99,D,3,D,0.8300000000000001,0.78,0.02,0.06,0.09,0.8300000000000001,446,1.8732000000000003e-05,1,0.8300000000000001,D-rand,0.8300000000000001
103,A,0,A,0.87,0.8300000000000001,0.87,0.08,0.03,0.02,500,2.1e-05,1,0.87,D-rand,0.87
101,A,0,A,0.98,0.97,0.98,0.01,0.01,0.0,497,2.0874000000000004e-05,1,0.98,D-rand,0.98
106,D,3,D,1.0,1.0,0.0,0.0,0.0,1.0,487,2.0454e-05,1,1.0,D-rand,1.0
104,C,2,A,0.58,0.44,0.58,0.27,0.13,0.02,524,2.2008000000000003e-05,0,0.13,D-rand,0.58
108,B,1,B,0.76,0.67,0.14,0.76,0.03,0.07,508,2.1336e-05,1,0.76,D-rand,0.76
109,A,0,A,0.64,0.53,0.64,0.18,0.08,0.1,485,2.037e-05,1,0.64,D-rand,0.64
107,D,3,D,0.92,0.88,0.05,0.01,0.02,0.92,476,1.9992e-05,1,0.92,D-rand,0.92
111,B,1,B,1.0,1.0,0.0,1.0,0.0,0.0,460,1.932e-05,1,1.0,D-rand,1.0
105,D,3,D,0.99,0.99,0.0,0.01,0.0,0.99,510,2.142e-05,1,0.99,D-rand,0.99
113,C,2,A,0.53,0.37,0.53,0.33,0.08,0.06,496,2.0832000000000003e-05,0,0.08,D-rand,0.53
110,A,0,A,0.58,0.44,0.58,0.32,0.03,0.07,437,1.8354e-05,1,0.58,D-rand,0.58
112,A,0,A,0.38,0.18,0.38,0.36,0.23,0.03,496,2.0832000000000003e-05,1,0.38,D-rand,0.38
115,D,3,D,1.0,1.0,0.0,0.0,0.0,1.0,437,1.8354e-05,1,1.0,D-rand,1.0
114,B,1,B,0.99,0.99,0.01,0.99,0.0,0.0,447,1.8774000000000004e-05,1,0.99,D-rand,0.99
117,D,3,D,1.0,1.0,0.0,0.0,0.0,1.0,470,1.974e-05,1,1.0,D-rand,1.0
116,B,1,B,1.0,1.0,0.0,1.0,0.0,0.0,465,1.953e-05,1,1.0,D-rand,1.0
121,A,0,A,1.0,0.99,1.0,0.0,0.0,0.0,488,2.0496e-05,1,1.0,D-rand,1.0
119,B,1,B,0.8,0.73,0.09,0.8,0.06,0.05,435,1.827e-05,1,0.8,D-rand,0.8
118,A,0,A,1.0,0.99,1.0,0.0,0.0,0.0,427,1.7934e-05,1,1.0,D-rand,1.0
122,A,0,A,0.99,0.98,0.99,0.0,0.0,0.01,470,1.974e-05,1,0.99,D-rand,0.99
120,A,0,A,0.96,0.94,0.96,0.02,0.02,0.0,499,2.0958e-05,1,0.96,D-rand,0.96
125,A,0,A,0.95,0.94,0.95,0.01,0.02,0.02,435,1.827e-05,1,0.95,D-rand,0.95
127,B,1,B,0.99,0.98,0.01,0.99,0.0,0.0,529,2.2218000000000003e-05,1,0.99,D-rand,0.99
131,A,0,A,0.56,0.42,0.56,0.4,0.01,0.03,520,2.1840000000000004e-05,1,0.56,D-rand,0.56
132,A,0,A,1.0,1.0,1.0,0.0,0.0,0.0,432,1.8144e-05,1,1.0,D-rand,1.0
124,D,3,D,1.0,1.0,0.0,0.0,0.0,1.0,490,2.058e-05,1,1.0,D-rand,1.0
126,B,1,B,1.0,1.0,0.0,1.0,0.0,0.0,487,2.0454e-05,1,1.0,D-rand,1.0
123,A,0,A,1.0,1.0,1.0,0.0,0.0,0.0,487,2.0454e-05,1,1.0,D-rand,1.0
135,D,3,D,0.6900000000000001,0.59,0.15,0.1,0.06,0.6900000000000001,439,1.8438e-05,1,0.6900000000000001,D-rand,0.6900000000000001
136,A,0,A,0.97,0.97,0.97,0.0,0.02,0.01,451,1.8942000000000003e-05,1,0.97,D-rand,0.97
139,B,1,B,0.75,0.66,0.03,0.75,0.21,0.01,491,2.0622e-05,1,0.75,D-rand,0.75
143,C,2,C,0.8200000000000001,0.77,0.1,0.02,0.8200000000000001,0.06,512,2.1504e-05,1,0.8200000000000001,D-rand,0.8200000000000001
144,D,3,D,0.42,0.22,0.16,0.4,0.02,0.42,484,2.0328000000000003e-05,1,0.42,D-rand,0.42
141,C,2,C,0.96,0.94,0.03,0.0,0.96,0.01,521,2.1882e-05,1,0.96,D-rand,0.96
145,D,3,D,0.93,0.91,0.02,0.02,0.02,0.93,446,1.8732000000000003e-05,1,0.93,D-rand,0.93
146,B,1,A,0.47,0.29,0.47,0.3,0.07,0.16,529,2.2218000000000003e-05,0,0.3,D-rand,0.47
148,D,3,D,0.81,0.75,0.02,0.11,0.06,0.81,459,1.9278e-05,1,0.81,D-rand,0.81
137,C,2,B,0.53,0.38,0.18,0.53,0.16,0.13,516,2.1672000000000005e-05,0,0.16,D-rand,0.53
140,A,0,A,1.0,0.99,1.0,0.0,0.0,0.0,597,2.5074000000000004e-05,1,1.0,D-rand,1.0
134,C,2,C,0.99,0.99,0.0,0.0,0.99,0.01,457,1.9194000000000003e-05,1,0.99,D-rand,0.99
147,C,2,C,1.0,1.0,0.0,0.0,1.0,0.0,483,2.0286e-05,1,1.0,D-rand,1.0
149,D,3,D,0.96,0.95,0.01,0.02,0.01,0.96,505,2.121e-05,1,0.96,D-rand,0.96
142,B,1,B,1.0,0.98,0.0,1.0,0.0,0.0,431,1.8102e-05,1,1.0,D-rand,1.0
153,C,2,C,0.5,0.32,0.23,0.24,0.5,0.03,536,2.2512e-05,1,0.5,D-rand,0.5
156,A,0,A,0.97,0.97,0.97,0.01,0.0,0.02,459,1.9278e-05,1,0.97,D-rand,0.97
152,B,1,B,0.89,0.85,0.04,0.89,0.03,0.04,480,2.016e-05,1,0.89,D-rand,0.89
157,D,3,D,0.97,0.96,0.02,0.01,0.0,0.97,539,2.2638e-05,1,0.97,D-rand,0.97
150,C,2,D,0.59,0.45,0.02,0.11,0.28,0.59,538,2.2596e-05,0,0.28,D-rand,0.59
155,B,1,B,1.0,0.99,0.0,1.0,0.0,0.0,623,2.6166000000000003e-05,1,1.0,D-rand,1.0
151,D,3,D,0.99,0.98,0.01,0.0,0.0,0.99,467,1.9614e-05,1,0.99,D-rand,0.99
159,D,3,D,0.64,0.52,0.18,0.13,0.05,0.64,461,1.9362e-05,1,0.64,D-rand,0.64
160,B,1,B,0.95,0.93,0.02,0.95,0.03,0.0,455,1.911e-05,1,0.95,D-rand,0.95
158,C,2,C,0.62,0.5,0.29,0.03,0.62,0.06,463,1.9446e-05,1,0.62,D-rand,0.62
166,C,2,C,1.0,1.0,0.0,0.0,1.0,0.0,448,1.8816000000000004e-05,1,1.0,D-rand,1.0
162,B,1,C,0.72,0.63,0.03,0.24,0.72,0.01,498,2.0916000000000004e-05,0,0.24,D-rand,0.72
163,B,1,B,0.74,0.66,0.22,0.74,0.01,0.03,503,2.1126e-05,1,0.74,D-rand,0.74
165,D,3,D,0.77,0.7000000000000001,0.2,0.02,0.01,0.77,490,2.058e-05,1,0.77,D-rand,0.77
164,A,0,A,0.64,0.52,0.64,0.07,0.01,0.28,438,1.8396e-05,1,0.64,D-rand,0.64
161,C,2,C,1.0,1.0,0.0,0.0,1.0,0.0,455,1.911e-05,1,1.0,D-rand,1.0
169,A,0,A,1.0,0.99,1.0,0.0,0.0,0.0,511,2.1462e-05,1,1.0,D-rand,1.0
167,A,0,A,0.95,0.92,0.95,0.0,0.05,0.0,481,2.0202e-05,1,0.95,D-rand,0.95
176,C,2,B,0.64,0.51,0.1,0.64,0.21,0.05,534,2.2428e-05,0,0.21,D-rand,0.64
174,B,1,B,0.41,0.23,0.32,0.41,0.25,0.02,464,1.9488000000000004e-05,1,0.41,D-rand,0.41
173,A,0,A,1.0,1.0,1.0,0.0,0.0,0.0,454,1.9068e-05,1,1.0,D-rand,1.0
175,C,2,C,0.94,0.92,0.03,0.02,0.94,0.01,526,2.2092e-05,1,0.94,D-rand,0.94
177,D,3,D,0.85,0.8,0.06,0.01,0.08,0.85,501,2.1042000000000003e-05,1,0.85,D-rand,0.85
178,A,0,A,0.6000000000000001,0.48,0.6000000000000001,0.03,0.18,0.19,535,2.247e-05,1,0.6000000000000001,D-rand,0.6000000000000001
171,A,0,A,1.0,0.99,1.0,0.0,0.0,0.0,510,2.142e-05,1,1.0,D-rand,1.0
179,D,3,D,1.0,1.0,0.0,0.0,0.0,1.0,505,2.121e-05,1,1.0,D-rand,1.0
180,A,0,A,1.0,1.0,1.0,0.0,0.0,0.0,475,1.9950000000000004e-05,1,1.0,D-rand,1.0
183,A,0,A,1.0,1.0,1.0,0.0,0.0,0.0,598,2.5116e-05,1,1.0,D-rand,1.0
187,B,1,B,0.99,0.98,0.0,0.99,0.01,0.0,500,2.1e-05,1,0.99,D-rand,0.99
181,D,3,D,0.96,0.96,0.02,0.01,0.01,0.96,472,1.9824e-05,1,0.96,D-rand,0.96
188,C,2,C,1.0,1.0,0.0,0.0,1.0,0.0,507,2.1294e-05,1,1.0,D-rand,1.0
191,B,1,B,0.99,0.98,0.01,0.99,0.0,0.0,469,1.9698e-05,1,0.99,D-rand,0.99
194,B,1,B,0.91,0.88,0.04,0.91,0.02,0.03,534,2.2428e-05,1,0.91,D-rand,0.91
196,D,3,B,0.73,0.65,0.06,0.73,0.04,0.17,560,2.352e-05,0,0.17,D-rand,0.73
186,B,1,B,0.78,0.7000000000000001,0.21,0.78,0.01,0.0,467,1.9614e-05,1,0.78,D-rand,0.78
197,D,3,D,0.56,0.41,0.24,0.09,0.11,0.56,432,1.8144e-05,1,0.56,D-rand,0.56
198,C,2,C,0.93,0.91,0.03,0.03,0.93,0.01,460,1.932e-05,1,0.93,D-rand,0.93
184,C,2,B,0.42,0.22,0.32,0.42,0.19,0.07,485,2.037e-05,0,0.19,D-rand,0.42
200,D,3,D,0.61,0.48,0.07,0.21,0.11,0.61,446,1.8732000000000003e-05,1,0.61,D-rand,0.61
202,A,0,A,0.96,0.95,0.96,0.01,0.02,0.01,451,1.8942000000000003e-05,1,0.96,D-rand,0.96
203,A,0,A,0.8,0.72,0.8,0.03,0.06,0.11,502,2.1084000000000003e-05,1,0.8,D-rand,0.8
189,D,3,B,0.55,0.4,0.1,0.55,0.04,0.31,468,1.9656000000000003e-05,0,0.31,D-rand,0.55
195,C,2,D,0.66,0.56,0.14,0.02,0.18,0.66,491,2.0622e-05,0,0.18,D-rand,0.66
204,D,3,D,0.97,0.97,0.01,0.01,0.01,0.97,430,1.8060000000000003e-05,1,0.97,D-rand,0.97
193,C,2,C,0.62,0.5,0.06,0.04,0.62,0.28,496,2.0832000000000003e-05,1,0.62,D-rand,0.62
205,B,1,B,1.0,1.0,0.0,1.0,0.0,0.0,430,1.8060000000000003e-05,1,1.0,D-rand,1.0
206,C,2,C,0.92,0.88,0.02,0.01,0.92,0.05,460,1.932e-05,1,0.92,D-rand,0.92
199,A,0,A,1.0,0.99,1.0,0.0,0.0,0.0,474,1.9908000000000003e-05,1,1.0,D-rand,1.0
201,B,1,A,0.36,0.16,0.36,0.23,0.34,0.07,471,1.9782000000000005e-05,0,0.23,D-rand,0.36
207,A,0,A,0.88,0.85,0.88,0.01,0.1,0.01,415,1.743e-05,1,0.88,D-rand,0.88
212,D,3,D,0.51,0.34,0.32,0.1,0.07,0.51,450,1.89e-05,1,0.51,D-rand,0.51
213,A,0,A,0.63,0.5,0.63,0.27,0.03,0.07,459,1.9278e-05,1,0.63,D-rand,0.63
217,D,3,D,0.49,0.31,0.36,0.07,0.08,0.49,448,1.8816000000000004e-05,1,0.49,D-rand,0.49
211,A,0,A,0.87,0.8200000000000001,0.87,0.1,0.02,0.01,518,2.1756000000000003e-05,1,0.87,D-rand,0.87
215,D,3,D,0.64,0.52,0.31,0.02,0.03,0.64,496,2.0832000000000003e-05,1,0.64,D-rand,0.64
209,A,0,A,1.0,0.99,1.0,0.0,0.0,0.0,477,2.0034e-05,1,1.0,D-rand,1.0
214,D,3,D,0.42,0.23,0.34,0.06,0.18,0.42,452,1.8984000000000003e-05,1,0.42,D-rand,0.42
216,B,1,B,0.63,0.51,0.14,0.63,0.01,0.22,455,1.911e-05,1,0.63,D-rand,0.63
219,A,0,A,1.0,1.0,1.0,0.0,0.0,0.0,483,2.0286e-05,1,1.0,D-rand,1.0
222,D,3,B,0.32,0.09,0.31,0.32,0.27,0.1,468,1.9656000000000003e-05,0,0.1,D-rand,0.32
220,A,0,A,1.0,1.0,1.0,0.0,0.0,0.0,467,1.9614e-05,1,1.0,D-rand,1.0
210,B,1,B,1.0,0.99,0.0,1.0,0.0,0.0,436,1.8312e-05,1,1.0,D-rand,1.0
223,D,3,D,0.86,0.8200000000000001,0.03,0.08,0.03,0.86,461,1.9362e-05,1,0.86,D-rand,0.86
224,D,3,D,0.89,0.85,0.01,0.05,0.05,0.89,478,2.0076e-05,1,0.89,D-rand,0.89
227,B,1,B,0.88,0.84,0.08,0.88,0.02,0.02,503,2.1126e-05,1,0.88,D-rand,0.88
228,D,3,A,0.38,0.17,0.38,0.26,0.27,0.09,508,2.1336e-05,0,0.09,D-rand,0.38
230,A,0,A,0.95,0.94,0.95,0.01,0.01,0.03,481,2.0202e-05,1,0.95,D-rand,0.95
218,A,0,A,0.94,0.92,0.94,0.0,0.05,0.01,554,2.3268e-05,1,0.94,D-rand,0.94
225,A,0,A,0.98,0.98,0.98,0.01,0.01,0.0,424,1.7808000000000003e-05,1,0.98,D-rand,0.98
232,A,0,A,1.0,1.0,1.0,0.0,0.0,0.0,431,1.8102e-05,1,1.0,D-rand,1.0
221,C,2,B,0.45,0.28,0.23,0.45,0.24,0.08,528,2.2176e-05,0,0.24,D-rand,0.45
229,B,1,B,0.95,0.93,0.0,0.95,0.0,0.05,478,2.0076e-05,1,0.95,D-rand,0.95
234,C,2,C,0.97,0.97,0.01,0.01,0.97,0.01,561,2.3562e-05,1,0.97,D-rand,0.97
235,C,2,B,0.72,0.63,0.12,0.72,0.14,0.02,432,1.8144e-05,0,0.14,D-rand,0.72
231,D,3,D,1.0,1.0,0.0,0.0,0.0,1.0,481,2.0202e-05,1,1.0,D-rand,1.0
226,D,3,D,0.72,0.64,0.04,0.21,0.03,0.72,464,1.9488000000000004e-05,1,0.72,D-rand,0.72
240,D,3,D,0.78,0.72,0.13,0.04,0.05,0.78,458,1.9236e-05,1,0.78,D-rand,0.78
233,D,3,D,0.6000000000000001,0.47,0.38,0.01,0.01,0.6000000000000001,443,1.8606e-05,1,0.6000000000000001,D-rand,0.6000000000000001
237,C,2,C,0.99,0.98,0.01,0.0,0.99,0.0,455,1.911e-05,1,0.99,D-rand,0.99
239,B,1,B,0.91,0.87,0.06,0.91,0.0,0.03,460,1.932e-05,1,0.91,D-rand,0.91
236,A,0,A,0.87,0.8300000000000001,0.87,0.07,0.02,0.04,490,2.058e-05,1,0.87,D-rand,0.87
241,B,1,B,0.54,0.39,0.32,0.54,0.05,0.09,532,2.2344e-05,1,0.54,D-rand,0.54
242,D,3,D,0.89,0.86,0.07,0.02,0.02,0.89,494,2.0748000000000005e-05,1,0.89,D-rand,0.89
238,A,0,A,1.0,1.0,1.0,0.0,0.0,0.0,468,1.9656000000000003e-05,1,1.0,D-rand,1.0
243,A,0,A,0.71,0.63,0.71,0.02,0.19,0.08,457,1.9194000000000003e-05,1,0.71,D-rand,0.71
249,A,0,A,0.92,0.9,0.92,0.04,0.02,0.02,435,1.827e-05,1,0.92,D-rand,0.92
246,D,3,D,0.92,0.89,0.03,0.02,0.03,0.92,477,2.0034e-05,1,0.92,D-rand,0.92
244,D,3,D,0.6000000000000001,0.47,0.02,0.35,0.03,0.6000000000000001,470,1.974e-05,1,0.6000000000000001,D-rand,0.6000000000000001
250,C,2,C,0.51,0.35,0.13,0.33,0.51,0.03,488,2.0496e-05,1,0.51,D-rand,0.51
251,A,0,A,1.0,0.99,1.0,0.0,0.0,0.0,521,2.1882e-05,1,1.0,D-rand,1.0
253,A,0,A,1.0,0.99,1.0,0.0,0.0,0.0,465,1.953e-05,1,1.0,D-rand,1.0
245,C,2,C,0.96,0.94,0.02,0.02,0.96,0.0,474,1.9908000000000003e-05,1,0.96,D-rand,0.96
247,C,2,C,1.0,1.0,0.0,0.0,1.0,0.0,476,1.9992e-05,1,1.0,D-rand,1.0
256,A,0,A,0.52,0.36,0.52,0.06,0.28,0.14,463,1.9446e-05,1,0.52,D-rand,0.52
252,C,2,A,0.559999999999999,0.42,0.559999999999999,0.06,0.02,0.36,556,2.3352000000000003e-05,0,0.02,D-rand,0.559999999999999
263,A,0,A,0.88,0.84,0.88,0.05,0.02,0.05,479,2.0118000000000003e-05,1,0.88,D-rand,0.88
254,A,0,A,1.0,1.0,1.0,0.0,0.0,0.0,502,2.1084000000000003e-05,1,1.0,D-rand,1.0
259,A,0,A,0.71,0.6000000000000001,0.71,0.01,0.08,0.2,542,2.2764000000000004e-05,1,0.71,D-rand,0.71
261,B,1,B,0.96,0.94,0.04,0.96,0.0,0.0,468,1.9656000000000003e-05,1,0.96,D-rand,0.96
260,D,3,A,0.48,0.31,0.48,0.05,0.39,0.08,454,1.9068e-05,0,0.08,D-rand,0.48
262,C,2,C,0.54,0.39,0.35,0.02,0.54,0.09,458,1.9236e-05,1,0.54,D-rand,0.54
269,D,3,D,0.72,0.63,0.05,0.15,0.08,0.72,481,2.0202e-05,1,0.72,D-rand,0.72
266,B,1,B,1.0,0.99,0.0,1.0,0.0,0.0,452,1.8984000000000003e-05,1,1.0,D-rand,1.0
257,D,3,A,0.77,0.68,0.77,0.03,0.05,0.15,489,2.0538e-05,0,0.15,D-rand,0.77
255,C,2,C,0.85,0.79,0.01,0.06,0.85,0.08,542,2.2764000000000004e-05,1,0.85,D-rand,0.85
274,B,1,B,0.58,0.43,0.07,0.58,0.12,0.23,459,1.9278e-05,1,0.58,D-rand,0.58
270,A,0,A,1.0,1.0,1.0,0.0,0.0,0.0,484,2.0328000000000003e-05,1,1.0,D-rand,1.0
268,C,2,C,0.93,0.91,0.06,0.01,0.93,0.0,479,2.0118000000000003e-05,1,0.93,D-rand,0.93
271,C,2,C,0.68,0.5700000000000001,0.09,0.03,0.68,0.2,550,2.31e-05,1,0.68,D-rand,0.68
272,A,0,D,0.64,0.51,0.36,0.0,0.0,0.64,482,2.0244e-05,0,0.36,D-rand,0.64
273,B,1,B,0.4,0.19,0.37,0.4,0.13,0.1,469,1.9698e-05,1,0.4,D-rand,0.4
275,D,3,D,0.88,0.8300000000000001,0.0,0.01,0.11,0.88,457,1.9194000000000003e-05,1,0.88,D-rand,0.88
284,C,2,C,0.49,0.32,0.19,0.06,0.49,0.26,446,1.8732000000000003e-05,1,0.49,D-rand,0.49
283,D,3,D,0.45,0.26,0.37,0.14,0.04,0.45,469,1.9698e-05,1,0.45,D-rand,0.45
279,B,1,B,0.87,0.8200000000000001,0.05,0.87,0.07,0.01,478,2.0076e-05,1,0.87,D-rand,0.87
276,B,1,B,0.77,0.7000000000000001,0.06,0.77,0.15,0.02,429,1.8018000000000003e-05,1,0.77,D-rand,0.77
277,B,1,C,0.56,0.42,0.17,0.09,0.56,0.18,454,1.9068e-05,0,0.09,D-rand,0.56
288,A,0,A,0.96,0.95,0.96,0.01,0.0,0.03,454,1.9068e-05,1,0.96,D-rand,0.96
289,D,3,D,0.91,0.88,0.02,0.03,0.04,0.91,431,1.8102e-05,1,0.91,D-rand,0.91
290,A,0,A,0.99,0.98,0.99,0.01,0.0,0.0,526,2.2092e-05,1,0.99,D-rand,0.99
294,A,0,A,0.98,0.98,0.98,0.01,0.01,0.0,507,2.1294e-05,1,0.98,D-rand,0.98
287,A,0,A,0.99,0.99,0.99,0.01,0.0,0.0,489,2.0538e-05,1,0.99,D-rand,0.99
285,B,1,B,0.86,0.8200000000000001,0.07,0.86,0.01,0.06,454,1.9068e-05,1,0.86,D-rand,0.86
278,C,2,C,0.98,0.98,0.01,0.01,0.98,0.0,501,2.1042000000000003e-05,1,0.98,D-rand,0.98
293,D,3,D,1.0,1.0,0.0,0.0,0.0,1.0,417,1.7514000000000002e-05,1,1.0,D-rand,1.0
291,D,3,D,0.93,0.9,0.0,0.0,0.07,0.93,444,1.8648e-05,1,0.93,D-rand,0.93
292,D,3,C,0.47,0.31,0.05,0.02,0.47,0.46,453,1.9026000000000004e-05,0,0.46,D-rand,0.47
286,B,1,B,0.93,0.91,0.05,0.93,0.01,0.01,478,2.0076e-05,1,0.93,D-rand,0.93
296,B,1,B,1.0,0.99,0.0,1.0,0.0,0.0,442,1.8564e-05,1,1.0,D-rand,1.0
297,A,0,A,0.71,0.61,0.71,0.07,0.2,0.02,471,1.9782000000000005e-05,1,0.71,D-rand,0.71
299,C,2,C,0.94,0.93,0.01,0.03,0.94,0.02,450,1.89e-05,1,0.94,D-rand,0.94
301,D,3,D,0.65,0.52,0.23,0.01,0.11,0.65,443,1.8606e-05,1,0.65,D-rand,0.65
295,D,3,D,0.79,0.72,0.05,0.05,0.11,0.79,489,2.0538e-05,1,0.79,D-rand,0.79
303,A,0,A,0.47,0.3,0.47,0.05,0.39,0.09,466,1.9572e-05,1,0.47,D-rand,0.47
305,A,0,A,0.46,0.27,0.46,0.28,0.13,0.13,480,2.016e-05,1,0.46,D-rand,0.46
304,A,0,A,0.99,0.99,0.99,0.01,0.0,0.0,471,1.9782000000000005e-05,1,0.99,D-rand,0.99
307,D,3,D,0.74,0.66,0.08,0.04,0.14,0.74,460,1.932e-05,1,0.74,D-rand,0.74
309,B,1,A,0.37,0.16,0.37,0.1,0.38,0.15,445,1.869e-05,0,0.1,D-rand,0.37
302,C,2,C,0.98,0.98,0.01,0.01,0.98,0.0,470,1.974e-05,1,0.98,D-rand,0.98
300,B,1,B,0.84,0.79,0.07,0.84,0.08,0.01,441,1.8522000000000003e-05,1,0.84,D-rand,0.84
310,C,2,B,0.36,0.14,0.29,0.36,0.25,0.1,474,1.9908000000000003e-05,0,0.25,D-rand,0.36
311,C,2,A,0.47,0.29,0.47,0.1,0.32,0.11,422,1.7724000000000002e-05,0,0.32,D-rand,0.47
298,D,3,D,0.5700000000000001,0.43,0.22,0.06,0.15,0.5700000000000001,456,1.9152e-05,1,0.5700000000000001,D-rand,0.5700000000000001
313,B,1,C,0.49,0.32,0.01,0.48,0.49,0.02,499,2.0958e-05,0,0.48,D-rand,0.49
308,C,2,C,0.73,0.65,0.16,0.08,0.73,0.03,426,1.7892000000000004e-05,1,0.73,D-rand,0.73
320,A,0,A,0.99,0.99,0.99,0.01,0.0,0.0,411,1.7262000000000002e-05,1,0.99,D-rand,0.99
312,C,2,C,1.0,0.99,0.0,0.0,1.0,0.0,508,2.1336e-05,1,1.0,D-rand,1.0
316,A,0,A,0.74,0.65,0.74,0.1,0.06,0.1,493,2.0706000000000005e-05,1,0.74,D-rand,0.74
314,A,0,A,0.31,0.09,0.31,0.2,0.32,0.17,570,2.3940000000000005e-05,1,0.31,D-rand,0.31
315,D,3,B,0.68,0.5700000000000001,0.1,0.68,0.01,0.21,496,2.0832000000000003e-05,0,0.21,D-rand,0.68
318,D,3,D,0.54,0.37,0.06,0.38,0.02,0.54,436,1.8312e-05,1,0.54,D-rand,0.54
317,B,1,B,0.79,0.73,0.01,0.79,0.02,0.18,450,1.89e-05,1,0.79,D-rand,0.79
319,D,3,D,0.95,0.94,0.03,0.01,0.01,0.95,491,2.0622e-05,1,0.95,D-rand,0.95
323,C,2,C,0.98,0.97,0.02,0.0,0.98,0.0,476,1.9992e-05,1,0.98,D-rand,0.98
328,D,3,D,0.5700000000000001,0.43,0.14,0.13,0.16,0.5700000000000001,439,1.8438e-05,1,0.5700000000000001,D-rand,0.5700000000000001
321,B,1,C,0.38,0.17,0.24,0.24,0.38,0.14,458,1.9236e-05,0,0.24,D-rand,0.38
324,B,1,A,0.42,0.22,0.42,0.29,0.27,0.02,482,2.0244e-05,0,0.29,D-rand,0.42
322,B,1,B,0.47,0.28,0.46,0.47,0.04,0.03,476,1.9992e-05,1,0.47,D-rand,0.47
325,C,2,D,0.5,0.34,0.2,0.02,0.28,0.5,496,2.0832000000000003e-05,0,0.28,D-rand,0.5
326,A,0,A,0.84,0.77,0.84,0.01,0.15,0.0,509,2.1378e-05,1,0.84,D-rand,0.84
330,C,2,C,0.67,0.56,0.02,0.05,0.67,0.26,464,1.9488000000000004e-05,1,0.67,D-rand,0.67
329,C,2,C,0.43,0.23,0.27,0.17,0.43,0.13,471,1.9782000000000005e-05,1,0.43,D-rand,0.43
327,D,3,D,0.59,0.45,0.33,0.07,0.01,0.59,464,1.9488000000000004e-05,1,0.59,D-rand,0.59
336,C,2,C,0.5,0.33,0.36,0.06,0.5,0.08,490,2.058e-05,1,0.5,D-rand,0.5
332,C,2,C,0.98,0.97,0.0,0.01,0.98,0.01,532,2.2344e-05,1,0.98,D-rand,0.98
338,A,0,A,0.58,0.44,0.58,0.14,0.26,0.02,636,2.6712e-05,1,0.58,D-rand,0.58
335,D,3,D,0.65,0.52,0.3,0.02,0.03,0.65,484,2.0328000000000003e-05,1,0.65,D-rand,0.65
333,A,0,A,0.9,0.87,0.9,0.06,0.01,0.03,506,2.1252000000000003e-05,1,0.9,D-rand,0.9
339,C,2,A,0.5,0.33,0.5,0.08,0.36,0.06,484,2.0328000000000003e-05,0,0.36,D-rand,0.5
341,A,0,D,0.63,0.51,0.24,0.02,0.11,0.63,448,1.8816000000000004e-05,0,0.24,D-rand,0.63
334,A,0,A,0.58,0.44,0.58,0.06,0.04,0.32,483,2.0286e-05,1,0.58,D-rand,0.58
345,A,0,A,0.96,0.95,0.96,0.03,0.0,0.01,473,1.9866000000000003e-05,1,0.96,D-rand,0.96
340,D,3,D,0.78,0.7000000000000001,0.11,0.09,0.02,0.78,538,2.2596e-05,1,0.78,D-rand,0.78
344,D,3,D,0.95,0.94,0.03,0.01,0.01,0.95,462,1.9404e-05,1,0.95,D-rand,0.95
342,C,2,C,1.0,0.99,0.0,0.0,1.0,0.0,501,2.1042000000000003e-05,1,1.0,D-rand,1.0
346,D,3,D,0.93,0.9,0.06,0.0,0.01,0.93,507,2.1294e-05,1,0.93,D-rand,0.93
343,A,0,A,0.76,0.6900000000000001,0.76,0.14,0.06,0.04,432,1.8144e-05,1,0.76,D-rand,0.76
348,D,3,D,0.73,0.65,0.13,0.03,0.11,0.73,448,1.8816000000000004e-05,1,0.73,D-rand,0.73
349,B,1,B,0.89,0.86,0.02,0.89,0.08,0.01,432,1.8144e-05,1,0.89,D-rand,0.89
347,A,0,A,0.89,0.86,0.89,0.01,0.1,0.0,456,1.9152e-05,1,0.89,D-rand,0.89
359,A,0,A,0.98,0.96,0.98,0.0,0.02,0.0,522,2.1924e-05,1,0.98,D-rand,0.98
352,B,1,B,0.97,0.95,0.02,0.97,0.0,0.01,458,1.9236e-05,1,0.97,D-rand,0.97
350,B,1,B,1.0,0.99,0.0,1.0,0.0,0.0,510,2.142e-05,1,1.0,D-rand,1.0
357,C,2,C,0.78,0.71,0.1,0.08,0.78,0.04,487,2.0454e-05,1,0.78,D-rand,0.78
353,B,1,B,1.0,1.0,0.0,1.0,0.0,0.0,423,1.7766000000000002e-05,1,1.0,D-rand,1.0
351,A,0,A,0.54,0.39,0.54,0.43,0.01,0.02,485,2.037e-05,1,0.54,D-rand,0.54
361,A,0,A,0.51,0.35,0.51,0.42,0.01,0.06,468,1.9656000000000003e-05,1,0.51,D-rand,0.51
362,C,2,A,0.59,0.44,0.59,0.13,0.23,0.05,465,1.953e-05,0,0.23,D-rand,0.59
371,D,3,D,0.9,0.87,0.08,0.01,0.01,0.9,441,1.8522000000000003e-05,1,0.9,D-rand,0.9
365,D,3,D,0.67,0.5700000000000001,0.15,0.06,0.12,0.67,437,1.8354e-05,1,0.67,D-rand,0.67
368,C,2,C,1.0,1.0,0.0,0.0,1.0,0.0,463,1.9446e-05,1,1.0,D-rand,1.0
363,C,2,A,0.55,0.39,0.55,0.29,0.07,0.09,443,1.8606e-05,0,0.07,D-rand,0.55
364,A,0,A,0.95,0.93,0.95,0.01,0.01,0.03,456,1.9152e-05,1,0.95,D-rand,0.95
367,D,3,D,1.0,1.0,0.0,0.0,0.0,1.0,559,2.3478e-05,1,1.0,D-rand,1.0
366,D,3,D,0.98,0.96,0.02,0.0,0.0,0.98,450,1.89e-05,1,0.98,D-rand,0.98
372,B,1,B,0.99,0.98,0.01,0.99,0.0,0.0,459,1.9278e-05,1,0.99,D-rand,0.99
375,D,3,D,0.929999999999999,0.91,0.04,0.01,0.02,0.929999999999999,455,1.911e-05,1,0.929999999999999,D-rand,0.929999999999999
376,B,1,B,0.99,0.98,0.01,0.99,0.0,0.0,478,2.0076e-05,1,0.99,D-rand,0.99
378,B,1,B,0.9,0.86,0.07,0.9,0.02,0.01,463,1.9446e-05,1,0.9,D-rand,0.9
377,C,2,C,0.44,0.26,0.02,0.42,0.44,0.12,451,1.8942000000000003e-05,1,0.44,D-rand,0.44
373,D,3,D,0.95,0.93,0.03,0.01,0.01,0.95,447,1.8774000000000004e-05,1,0.95,D-rand,0.95
369,A,0,A,0.76,0.68,0.76,0.01,0.07,0.16,471,1.9782000000000005e-05,1,0.76,D-rand,0.76
384,A,0,A,0.96,0.95,0.96,0.01,0.01,0.02,457,1.9194000000000003e-05,1,0.96,D-rand,0.96
379,D,3,D,1.0,0.99,0.0,0.0,0.0,1.0,507,2.1294e-05,1,1.0,D-rand,1.0
383,B,1,B,1.0,0.99,0.0,1.0,0.0,0.0,522,2.1924e-05,1,1.0,D-rand,1.0
385,A,0,A,0.41,0.22,0.41,0.36,0.21,0.02,457,1.9194000000000003e-05,1,0.41,D-rand,0.41
381,B,1,B,0.87,0.8300000000000001,0.05,0.87,0.01,0.07,504,2.1168e-05,1,0.87,D-rand,0.87
382,B,1,A,0.67,0.55,0.67,0.09,0.06,0.18,494,2.0748000000000005e-05,0,0.09,D-rand,0.67
380,D,3,D,0.97,0.97,0.01,0.01,0.01,0.97,454,1.9068e-05,1,0.97,D-rand,0.97
374,A,0,A,0.62,0.49,0.62,0.33,0.03,0.02,521,2.1882e-05,1,0.62,D-rand,0.62
387,B,1,B,0.81,0.74,0.03,0.81,0.06,0.1,456,1.9152e-05,1,0.81,D-rand,0.81
388,A,0,A,0.98,0.96,0.98,0.0,0.0,0.02,530,2.226e-05,1,0.98,D-rand,0.98
391,B,1,B,0.81,0.75,0.04,0.81,0.03,0.12,488,2.0496e-05,1,0.81,D-rand,0.81
393,B,1,B,0.95,0.93,0.02,0.95,0.02,0.01,477,2.0034e-05,1,0.95,D-rand,0.95
395,D,3,D,1.0,0.99,0.0,0.0,0.0,1.0,470,1.974e-05,1,1.0,D-rand,1.0
386,B,1,B,1.0,1.0,0.0,1.0,0.0,0.0,478,2.0076e-05,1,1.0,D-rand,1.0
397,C,2,C,1.0,1.0,0.0,0.0,1.0,0.0,507,2.1294e-05,1,1.0,D-rand,1.0
392,C,2,B,0.39,0.19,0.18,0.39,0.38,0.05,459,1.9278e-05,0,0.38,D-rand,0.39
389,C,2,C,0.85,0.8,0.01,0.13,0.85,0.01,520,2.1840000000000004e-05,1,0.85,D-rand,0.85
398,D,3,D,0.98,0.98,0.01,0.01,0.0,0.98,498,2.0916000000000004e-05,1,0.98,D-rand,0.98
390,A,0,A,1.0,1.0,1.0,0.0,0.0,0.0,486,2.0412e-05,1,1.0,D-rand,1.0
394,D,3,D,0.67,0.5700000000000001,0.05,0.01,0.27,0.67,436,1.8312e-05,1,0.67,D-rand,0.67
396,B,1,B,0.96,0.94,0.0,0.96,0.03,0.01,451,1.8942000000000003e-05,1,0.96,D-rand,0.96
399,C,2,C,0.77,0.7000000000000001,0.22,0.01,0.77,0.0,572,2.4024e-05,1,0.77,D-rand,0.77
404,A,0,A,1.0,1.0,1.0,0.0,0.0,0.0,497,2.0874000000000004e-05,1,1.0,D-rand,1.0
400,A,0,A,1.0,0.99,1.0,0.0,0.0,0.0,476,1.9992e-05,1,1.0,D-rand,1.0
401,A,0,A,0.43,0.24,0.43,0.31,0.08,0.18,467,1.9614e-05,1,0.43,D-rand,0.43
405,D,3,A,0.76,0.67,0.76,0.06,0.08,0.1,476,1.9992e-05,0,0.1,D-rand,0.76
402,C,2,B,0.46,0.28,0.08,0.46,0.28,0.17,461,1.9362e-05,0,0.28,D-rand,0.46
403,D,3,D,0.99,0.98,0.01,0.0,0.0,0.99,513,2.1546e-05,1,0.99,D-rand,0.99
408,D,3,D,0.88,0.84,0.03,0.08,0.01,0.88,429,1.8018000000000003e-05,1,0.88,D-rand,0.88
406,D,3,D,0.87,0.8200000000000001,0.1,0.02,0.01,0.87,484,2.0328000000000003e-05,1,0.87,D-rand,0.87
413,A,0,A,0.94,0.93,0.94,0.01,0.04,0.01,529,2.2218000000000003e-05,1,0.94,D-rand,0.94
410,C,2,C,1.0,0.99,0.0,0.0,1.0,0.0,437,1.8354e-05,1,1.0,D-rand,1.0
412,C,2,C,0.62,0.5,0.32,0.03,0.62,0.03,452,1.8984000000000003e-05,1,0.62,D-rand,0.62
414,D,3,D,0.8,0.74,0.09,0.04,0.07,0.8,465,1.953e-05,1,0.8,D-rand,0.8
409,A,0,A,0.96,0.94,0.96,0.01,0.03,0.0,503,2.1126e-05,1,0.96,D-rand,0.96
411,C,2,C,0.81,0.74,0.03,0.16,0.81,0.0,494,2.0748000000000005e-05,1,0.81,D-rand,0.81
419,D,3,C,0.459999999999999,0.29,0.04,0.18,0.459999999999999,0.32,481,2.0202e-05,0,0.32,D-rand,0.459999999999999
415,B,1,B,0.67,0.56,0.16,0.67,0.05,0.12,405,1.701e-05,1,0.67,D-rand,0.67
416,A,0,A,0.87,0.84,0.87,0.02,0.04,0.07,500,2.1e-05,1,0.87,D-rand,0.87
420,A,0,A,0.35,0.13,0.35,0.09,0.23,0.33,481,2.0202e-05,1,0.35,D-rand,0.35
417,D,3,D,0.63,0.5,0.05,0.29,0.03,0.63,441,1.8522000000000003e-05,1,0.63,D-rand,0.63
422,B,1,A,0.42,0.22,0.42,0.41,0.09,0.08,461,1.9362e-05,0,0.41,D-rand,0.42
418,B,1,B,0.96,0.94,0.03,0.96,0.0,0.01,463,1.9446e-05,1,0.96,D-rand,0.96
423,A,0,A,0.98,0.98,0.98,0.01,0.01,0.0,519,2.1798000000000004e-05,1,0.98,D-rand,0.98
426,D,3,A,0.45,0.27,0.45,0.23,0.09,0.23,423,1.7766000000000002e-05,0,0.23,D-rand,0.45
427,D,3,D,0.44,0.26,0.08,0.21,0.27,0.44,523,2.1966000000000003e-05,1,0.44,D-rand,0.44
425,A,0,A,0.96,0.93,0.96,0.01,0.01,0.02,447,1.8774000000000004e-05,1,0.96,D-rand,0.96
424,B,1,D,0.8300000000000001,0.79,0.03,0.12,0.02,0.8300000000000001,517,2.1714000000000003e-05,0,0.12,D-rand,0.8300000000000001
428,B,1,B,1.0,0.99,0.0,1.0,0.0,0.0,479,2.0118000000000003e-05,1,1.0,D-rand,1.0
430,C,2,C,0.6000000000000001,0.47,0.2,0.09,0.6000000000000001,0.11,475,1.9950000000000004e-05,1,0.6000000000000001,D-rand,0.6000000000000001
429,C,2,C,0.86,0.81,0.08,0.01,0.86,0.05,486,2.0412e-05,1,0.86,D-rand,0.86
431,B,1,B,0.97,0.96,0.01,0.97,0.02,0.0,486,2.0412e-05,1,0.97,D-rand,0.97
432,B,1,B,0.68,0.58,0.04,0.68,0.05,0.22,467,1.9614e-05,1,0.68,D-rand,0.68
434,B,1,B,0.81,0.74,0.05,0.81,0.02,0.12,505,2.121e-05,1,0.81,D-rand,0.81
435,B,1,B,1.0,0.99,0.0,1.0,0.0,0.0,449,1.8858e-05,1,1.0,D-rand,1.0
438,D,3,A,0.39,0.19,0.39,0.25,0.12,0.24,436,1.8312e-05,0,0.24,D-rand,0.39
433,C,2,C,0.78,0.71,0.0,0.2,0.78,0.02,417,1.7514000000000002e-05,1,0.78,D-rand,0.78
436,B,1,B,1.0,0.99,0.0,1.0,0.0,0.0,471,1.9782000000000005e-05,1,1.0,D-rand,1.0
437,D,3,D,0.91,0.89,0.01,0.07,0.01,0.91,439,1.8438e-05,1,0.91,D-rand,0.91
440,D,3,D,0.92,0.9,0.02,0.05,0.01,0.92,477,2.0034e-05,1,0.92,D-rand,0.92
441,B,1,C,0.53,0.37,0.11,0.1,0.53,0.26,446,1.8732000000000003e-05,0,0.1,D-rand,0.53
442,C,2,B,0.68,0.5700000000000001,0.11,0.68,0.13,0.08,551,2.3142000000000003e-05,0,0.13,D-rand,0.68
446,B,1,B,0.87,0.84,0.04,0.87,0.02,0.07,476,1.9992e-05,1,0.87,D-rand,0.87
444,D,3,A,0.62,0.5,0.62,0.08,0.04,0.26,552,2.3184000000000004e-05,0,0.26,D-rand,0.62
448,A,0,A,1.0,0.99,1.0,0.0,0.0,0.0,490,2.058e-05,1,1.0,D-rand,1.0
449,C,2,A,0.49,0.32,0.49,0.06,0.05,0.4,496,2.0832000000000003e-05,0,0.05,D-rand,0.49
447,B,1,B,0.67,0.5700000000000001,0.02,0.67,0.29,0.02,468,1.9656000000000003e-05,1,0.67,D-rand,0.67
451,D,3,D,0.97,0.96,0.01,0.01,0.01,0.97,458,1.9236e-05,1,0.97,D-rand,0.97
450,D,3,D,0.52,0.36,0.03,0.43,0.02,0.52,517,2.1714000000000003e-05,1,0.52,D-rand,0.52
453,B,1,B,0.47,0.29,0.3,0.47,0.06,0.17,423,1.7766000000000002e-05,1,0.47,D-rand,0.47
458,D,3,D,0.51,0.34,0.13,0.19,0.17,0.51,475,1.9950000000000004e-05,1,0.51,D-rand,0.51
455,D,3,B,0.54,0.4,0.05,0.54,0.08,0.33,448,1.8816000000000004e-05,0,0.33,D-rand,0.54
452,B,1,D,0.55,0.4,0.12,0.26,0.07,0.55,453,1.9026000000000004e-05,0,0.26,D-rand,0.55
456,B,1,A,0.62,0.5,0.62,0.06,0.17,0.15,444,1.8648e-05,0,0.06,D-rand,0.62
454,B,1,B,0.399999999999999,0.21,0.16,0.399999999999999,0.16,0.28,511,2.1462e-05,1,0.399999999999999,D-rand,0.399999999999999
460,A,0,A,0.8200000000000001,0.75,0.8200000000000001,0.03,0.09,0.06,530,2.226e-05,1,0.8200000000000001,D-rand,0.8200000000000001
462,C,2,B,0.59,0.46,0.23,0.59,0.09,0.09,450,1.89e-05,0,0.09,D-rand,0.59
461,A,0,C,0.8,0.73,0.08,0.0,0.8,0.12,452,1.8984000000000003e-05,0,0.08,D-rand,0.8
463,B,1,B,0.39,0.19,0.39,0.39,0.09,0.13,469,1.9698e-05,1,0.39,D-rand,0.39
464,A,0,A,0.6000000000000001,0.46,0.6000000000000001,0.26,0.1,0.04,457,1.9194000000000003e-05,1,0.6000000000000001,D-rand,0.6000000000000001
459,C,2,B,0.67,0.55,0.07,0.67,0.22,0.04,465,1.953e-05,0,0.22,D-rand,0.67
465,A,0,A,0.5,0.33,0.5,0.03,0.2,0.27,479,2.0118000000000003e-05,1,0.5,D-rand,0.5
467,A,0,A,0.93,0.9,0.93,0.01,0.04,0.02,446,1.8732000000000003e-05,1,0.93,D-rand,0.93
473,A,0,B,0.53,0.38,0.32,0.53,0.09,0.06,494,2.0748000000000005e-05,0,0.32,D-rand,0.53
475,C,2,D,0.65,0.53,0.1,0.16,0.09,0.65,448,1.8816000000000004e-05,0,0.09,D-rand,0.65
466,A,0,D,0.84,0.78,0.09,0.05,0.02,0.84,435,1.827e-05,0,0.09,D-rand,0.84
476,B,1,C,0.52,0.37,0.14,0.32,0.52,0.02,449,1.8858e-05,0,0.32,D-rand,0.52
468,B,1,B,0.96,0.95,0.01,0.96,0.02,0.01,463,1.9446e-05,1,0.96,D-rand,0.96
470,B,1,B,0.91,0.88,0.04,0.91,0.04,0.01,475,1.9950000000000004e-05,1,0.91,D-rand,0.91
471,A,0,A,0.61,0.49,0.61,0.1,0.05,0.24,446,1.8732000000000003e-05,1,0.61,D-rand,0.61
469,A,0,C,0.46,0.28,0.21,0.31,0.46,0.02,520,2.1840000000000004e-05,0,0.21,D-rand,0.46
478,C,2,C,0.94,0.93,0.01,0.04,0.94,0.01,459,1.9278e-05,1,0.94,D-rand,0.94
474,B,1,A,0.55,0.4,0.55,0.08,0.13,0.24,479,2.0118000000000003e-05,0,0.08,D-rand,0.55
477,C,2,C,0.79,0.71,0.11,0.04,0.79,0.06,471,1.9782000000000005e-05,1,0.79,D-rand,0.79
479,D,3,B,0.51,0.35,0.29,0.51,0.06,0.14,527,2.2134e-05,0,0.14,D-rand,0.51
480,A,0,A,0.98,0.97,0.98,0.01,0.0,0.01,452,1.8984000000000003e-05,1,0.98,D-rand,0.98
481,A,0,A,0.74,0.64,0.74,0.03,0.03,0.2,468,1.9656000000000003e-05,1,0.74,D-rand,0.74
483,D,3,D,0.89,0.85,0.09,0.01,0.01,0.89,445,1.869e-05,1,0.89,D-rand,0.89
484,B,1,C,0.64,0.52,0.06,0.26,0.64,0.04,509,2.1378e-05,0,0.26,D-rand,0.64
485,D,3,B,0.93,0.91,0.01,0.93,0.01,0.05,504,2.1168e-05,0,0.05,D-rand,0.93
482,C,2,B,0.53,0.37,0.18,0.53,0.16,0.13,517,2.1714000000000003e-05,0,0.16,D-rand,0.53
487,D,3,D,0.39,0.19,0.36,0.22,0.03,0.39,461,1.9362e-05,1,0.39,D-rand,0.39
489,D,3,D,0.67,0.54,0.06,0.23,0.04,0.67,457,1.9194000000000003e-05,1,0.67,D-rand,0.67
491,B,1,B,0.98,0.97,0.01,0.98,0.01,0.0,456,1.9152e-05,1,0.98,D-rand,0.98
490,D,3,D,0.99,0.99,0.0,0.0,0.01,0.99,480,2.016e-05,1,0.99,D-rand,0.99
488,A,0,A,0.99,0.99,0.99,0.01,0.0,0.0,492,2.0664e-05,1,0.99,D-rand,0.99
496,C,2,C,0.94,0.92,0.01,0.04,0.94,0.01,467,1.9614e-05,1,0.94,D-rand,0.94
497,D,3,D,0.97,0.97,0.01,0.01,0.01,0.97,454,1.9068e-05,1,0.97,D-rand,0.97
498,B,1,B,0.96,0.95,0.03,0.96,0.01,0.0,505,2.121e-05,1,0.96,D-rand,0.96
495,D,3,D,0.51,0.35,0.04,0.02,0.43,0.51,501,2.1042000000000003e-05,1,0.51,D-rand,0.51
493,A,0,A,0.85,0.8,0.85,0.14,0.01,0.0,428,1.7976000000000002e-05,1,0.85,D-rand,0.85
486,D,3,D,0.55,0.41,0.13,0.11,0.21,0.55,451,1.8942000000000003e-05,1,0.55,D-rand,0.55
494,C,2,C,0.6000000000000001,0.46,0.11,0.24,0.6000000000000001,0.05,501,2.1042000000000003e-05,1,0.6000000000000001,D-rand,0.6000000000000001
492,D,3,D,1.0,1.0,0.0,0.0,0.0,1.0,465,1.953e-05,1,1.0,D-rand,1.0
500,B,1,B,0.97,0.95,0.02,0.97,0.01,0.0,506,2.1252000000000003e-05,1,0.97,D-rand,0.97
499,B,1,B,0.71,0.61,0.1,0.71,0.09,0.1,482,2.0244e-05,1,0.71,D-rand,0.71
505,A,0,A,0.78,0.71,0.78,0.14,0.07,0.01,455,1.911e-05,1,0.78,D-rand,0.78
506,C,2,D,0.81,0.75,0.02,0.04,0.13,0.81,467,1.9614e-05,0,0.13,D-rand,0.81
507,A,0,A,0.95,0.93,0.95,0.01,0.04,0.0,472,1.9824e-05,1,0.95,D-rand,0.95
508,A,0,A,0.79,0.71,0.79,0.09,0.08,0.04,472,1.9824e-05,1,0.79,D-rand,0.79
511,A,0,A,0.97,0.96,0.97,0.01,0.01,0.01,513,2.1546e-05,1,0.97,D-rand,0.97
512,B,1,B,0.91,0.87,0.08,0.91,0.0,0.01,498,2.0916000000000004e-05,1,0.91,D-rand,0.91
503,A,0,A,0.78,0.6900000000000001,0.78,0.01,0.12,0.09,481,2.0202e-05,1,0.78,D-rand,0.78
504,B,1,B,0.8300000000000001,0.78,0.08,0.8300000000000001,0.07,0.02,431,1.8102e-05,1,0.8300000000000001,D-rand,0.8300000000000001
501,B,1,B,0.98,0.97,0.02,0.98,0.0,0.0,463,1.9446e-05,1,0.98,D-rand,0.98
502,C,2,C,1.0,1.0,0.0,0.0,1.0,0.0,513,2.1546e-05,1,1.0,D-rand,1.0
509,A,0,A,0.85,0.8,0.85,0.05,0.02,0.08,460,1.932e-05,1,0.85,D-rand,0.85
510,C,2,C,0.49,0.32,0.33,0.03,0.49,0.15,499,2.0958e-05,1,0.49,D-rand,0.49
514,B,1,B,0.99,0.98,0.01,0.99,0.0,0.0,501,2.1042000000000003e-05,1,0.99,D-rand,0.99
515,B,1,B,0.56,0.41,0.36,0.56,0.06,0.02,501,2.1042000000000003e-05,1,0.56,D-rand,0.56
513,B,1,B,0.8300000000000001,0.77,0.07,0.8300000000000001,0.07,0.03,484,2.0328000000000003e-05,1,0.8300000000000001,D-rand,0.8300000000000001
520,C,2,C,0.95,0.93,0.01,0.04,0.95,0.0,459,1.9278e-05,1,0.95,D-rand,0.95
516,B,1,B,0.5,0.33,0.28,0.5,0.02,0.2,462,1.9404e-05,1,0.5,D-rand,0.5
521,D,3,D,0.96,0.95,0.01,0.02,0.01,0.96,500,2.1e-05,1,0.96,D-rand,0.96
517,C,2,D,0.68,0.5700000000000001,0.16,0.12,0.04,0.68,514,2.1588e-05,0,0.04,D-rand,0.68
523,D,3,D,0.6000000000000001,0.47,0.05,0.18,0.17,0.6000000000000001,448,1.8816000000000004e-05,1,0.6000000000000001,D-rand,0.6000000000000001
524,D,3,B,0.73,0.64,0.04,0.73,0.11,0.12,476,1.9992e-05,0,0.12,D-rand,0.73
525,A,0,A,0.66,0.55,0.66,0.08,0.12,0.14,460,1.932e-05,1,0.66,D-rand,0.66
518,D,3,D,0.85,0.81,0.13,0.01,0.01,0.85,478,2.0076e-05,1,0.85,D-rand,0.85
522,D,3,B,0.36,0.15,0.15,0.36,0.29,0.2,455,1.911e-05,0,0.2,D-rand,0.36
527,B,1,B,0.51,0.35,0.07,0.51,0.4,0.02,506,2.1252000000000003e-05,1,0.51,D-rand,0.51
528,A,0,A,0.99,0.98,0.99,0.01,0.0,0.0,489,2.0538e-05,1,0.99,D-rand,0.99
529,D,3,B,0.89,0.86,0.07,0.89,0.03,0.01,466,1.9572e-05,0,0.01,D-rand,0.89
530,B,1,B,0.56,0.4,0.06,0.56,0.31,0.07,535,2.247e-05,1,0.56,D-rand,0.56
531,A,0,D,0.46,0.27,0.35,0.12,0.07,0.46,488,2.0496e-05,0,0.35,D-rand,0.46
533,C,2,B,0.49,0.32,0.12,0.49,0.29,0.1,422,1.7724000000000002e-05,0,0.29,D-rand,0.49
532,A,0,D,0.39,0.18,0.34,0.2,0.07,0.39,487,2.0454e-05,0,0.34,D-rand,0.39
534,C,2,C,0.92,0.9,0.04,0.01,0.92,0.03,473,1.9866000000000003e-05,1,0.92,D-rand,0.92
535,A,0,D,0.68,0.58,0.07,0.03,0.22,0.68,460,1.932e-05,0,0.07,D-rand,0.68
536,C,2,C,0.76,0.67,0.01,0.03,0.76,0.2,519,2.1798000000000004e-05,1,0.76,D-rand,0.76
537,B,1,B,1.0,0.99,0.0,1.0,0.0,0.0,481,2.0202e-05,1,1.0,D-rand,1.0
538,C,2,C,0.34,0.11,0.29,0.07,0.34,0.3,471,1.9782000000000005e-05,1,0.34,D-rand,0.34
544,D,3,D,0.98,0.98,0.0,0.0,0.02,0.98,534,2.2428e-05,1,0.98,D-rand,0.98
545,B,1,B,0.98,0.97,0.01,0.98,0.0,0.01,505,2.121e-05,1,0.98,D-rand,0.98
542,D,3,A,0.53,0.37,0.53,0.04,0.14,0.29,491,2.0622e-05,0,0.29,D-rand,0.53
540,C,2,C,0.56,0.41,0.21,0.07,0.56,0.16,487,2.0454e-05,1,0.56,D-rand,0.56
543,C,2,C,0.5700000000000001,0.44,0.2,0.08,0.5700000000000001,0.15,475,1.9950000000000004e-05,1,0.5700000000000001,D-rand,0.5700000000000001
546,C,2,D,0.71,0.61,0.06,0.01,0.22,0.71,513,2.1546e-05,0,0.22,D-rand,0.71
547,A,0,B,0.52,0.37,0.21,0.52,0.2,0.07,515,2.163e-05,0,0.21,D-rand,0.52
548,B,1,B,0.97,0.95,0.01,0.97,0.01,0.01,433,1.8186e-05,1,0.97,D-rand,0.97
551,C,2,B,0.67,0.55,0.11,0.67,0.07,0.15,484,2.0328000000000003e-05,0,0.07,D-rand,0.67
553,B,1,B,0.84,0.79,0.03,0.84,0.07,0.06,461,1.9362e-05,1,0.84,D-rand,0.84
552,B,1,B,0.93,0.9,0.02,0.93,0.04,0.01,456,1.9152e-05,1,0.93,D-rand,0.93
549,A,0,A,1.0,1.0,1.0,0.0,0.0,0.0,469,1.9698e-05,1,1.0,D-rand,1.0
554,C,2,A,0.53,0.36,0.53,0.11,0.21,0.15,453,1.9026000000000004e-05,0,0.21,D-rand,0.53
556,D,3,D,0.93,0.9,0.06,0.01,0.0,0.93,506,2.1252000000000003e-05,1,0.93,D-rand,0.93
555,B,1,B,0.99,0.98,0.01,0.99,0.0,0.0,496,2.0832000000000003e-05,1,0.99,D-rand,0.99
557,C,2,C,0.95,0.94,0.02,0.02,0.95,0.01,483,2.0286e-05,1,0.95,D-rand,0.95
560,A,0,A,0.73,0.65,0.73,0.09,0.14,0.04,452,1.8984000000000003e-05,1,0.73,D-rand,0.73
558,B,1,B,1.0,1.0,0.0,1.0,0.0,0.0,470,1.974e-05,1,1.0,D-rand,1.0
561,D,3,D,0.9,0.87,0.06,0.03,0.01,0.9,434,1.8228e-05,1,0.9,D-rand,0.9
562,D,3,D,0.94,0.92,0.01,0.03,0.02,0.94,430,1.8060000000000003e-05,1,0.94,D-rand,0.94
563,C,2,C,0.99,0.99,0.0,0.01,0.99,0.0,428,1.7976000000000002e-05,1,0.99,D-rand,0.99
564,D,3,D,0.9,0.86,0.06,0.01,0.03,0.9,483,2.0286e-05,1,0.9,D-rand,0.9
566,D,3,B,0.72,0.62,0.12,0.72,0.03,0.13,498,2.0916000000000004e-05,0,0.13,D-rand,0.72
571,D,3,C,0.39,0.19,0.21,0.21,0.39,0.19,496,2.0832000000000003e-05,0,0.19,D-rand,0.39
569,C,2,C,1.0,0.99,0.0,0.0,1.0,0.0,512,2.1504e-05,1,1.0,D-rand,1.0
568,A,0,A,0.81,0.74,0.81,0.01,0.16,0.02,469,1.9698e-05,1,0.81,D-rand,0.81
565,B,1,B,0.7000000000000001,0.59,0.19,0.7000000000000001,0.05,0.06,486,2.0412e-05,1,0.7000000000000001,D-rand,0.7000000000000001
559,D,3,D,0.79,0.72,0.1,0.09,0.02,0.79,473,1.9866000000000003e-05,1,0.79,D-rand,0.79
572,B,1,C,0.76,0.68,0.02,0.2,0.76,0.02,496,2.0832000000000003e-05,0,0.2,D-rand,0.76
573,D,3,B,0.86,0.81,0.03,0.86,0.05,0.06,439,1.8438e-05,0,0.06,D-rand,0.86
574,A,0,A,0.43,0.23,0.43,0.33,0.14,0.1,448,1.8816000000000004e-05,1,0.43,D-rand,0.43
577,C,2,B,0.59,0.44,0.18,0.59,0.18,0.05,516,2.1672000000000005e-05,0,0.18,D-rand,0.59
575,A,0,A,0.95,0.93,0.95,0.02,0.01,0.02,572,2.4024e-05,1,0.95,D-rand,0.95
584,A,0,A,0.71,0.62,0.71,0.24,0.02,0.03,523,2.1966000000000003e-05,1,0.71,D-rand,0.71
580,A,0,B,0.51,0.34,0.41,0.51,0.03,0.05,456,1.9152e-05,0,0.41,D-rand,0.51
582,D,3,D,0.87,0.8300000000000001,0.06,0.03,0.04,0.87,483,2.0286e-05,1,0.87,D-rand,0.87
585,B,1,B,0.66,0.55,0.28,0.66,0.02,0.04,534,2.2428e-05,1,0.66,D-rand,0.66
583,A,0,A,1.0,0.99,1.0,0.0,0.0,0.0,540,2.268e-05,1,1.0,D-rand,1.0
581,B,1,B,0.98,0.98,0.02,0.98,0.0,0.0,484,2.0328000000000003e-05,1,0.98,D-rand,0.98
588,D,3,C,0.59,0.45,0.11,0.09,0.59,0.21,484,2.0328000000000003e-05,0,0.21,D-rand,0.59
589,B,1,B,0.67,0.5700000000000001,0.04,0.67,0.08,0.21,461,1.9362e-05,1,0.67,D-rand,0.67
586,C,2,C,0.41,0.21,0.31,0.13,0.41,0.15,426,1.7892000000000004e-05,1,0.41,D-rand,0.41
587,B,1,B,0.94,0.92,0.05,0.94,0.0,0.01,485,2.037e-05,1,0.94,D-rand,0.94
592,A,0,C,0.66,0.55,0.15,0.07,0.66,0.12,499,2.0958e-05,0,0.15,D-rand,0.66
595,B,1,B,0.59,0.46,0.12,0.59,0.1,0.19,453,1.9026000000000004e-05,1,0.59,D-rand,0.59
594,C,2,C,0.8200000000000001,0.76,0.12,0.05,0.8200000000000001,0.01,508,2.1336e-05,1,0.8200000000000001,D-rand,0.8200000000000001
593,B,1,B,0.92,0.89,0.06,0.92,0.01,0.01,467,1.9614e-05,1,0.92,D-rand,0.92
596,D,3,B,0.66,0.55,0.07,0.66,0.05,0.22,437,1.8354e-05,0,0.22,D-rand,0.66
598,C,2,A,0.38,0.18,0.38,0.37,0.11,0.14,458,1.9236e-05,0,0.11,D-rand,0.38
600,A,0,A,0.66,0.54,0.66,0.02,0.21,0.11,443,1.8606e-05,1,0.66,D-rand,0.66
601,D,3,D,0.5,0.33,0.11,0.25,0.14,0.5,429,1.8018000000000003e-05,1,0.5,D-rand,0.5
599,C,2,C,0.5700000000000001,0.44,0.25,0.07,0.5700000000000001,0.11,441,1.8522000000000003e-05,1,0.5700000000000001,D-rand,0.5700000000000001
603,C,2,A,0.48,0.3,0.48,0.28,0.12,0.12,508,2.1336e-05,0,0.12,D-rand,0.48
605,C,2,C,0.98,0.98,0.0,0.01,0.98,0.01,486,2.0412e-05,1,0.98,D-rand,0.98
602,C,2,C,0.93,0.91,0.03,0.01,0.93,0.03,478,2.0076e-05,1,0.93,D-rand,0.93
606,D,3,D,0.71,0.62,0.02,0.02,0.25,0.71,436,1.8312e-05,1,0.71,D-rand,0.71
604,B,1,C,0.43,0.23,0.38,0.16,0.43,0.03,478,2.0076e-05,0,0.16,D-rand,0.43
607,C,2,C,0.93,0.91,0.03,0.04,0.93,0.0,467,1.9614e-05,1,0.93,D-rand,0.93
608,A,0,A,0.73,0.64,0.73,0.07,0.18,0.02,437,1.8354e-05,1,0.73,D-rand,0.73
609,A,0,A,0.4,0.2,0.4,0.19,0.25,0.16,601,2.5242000000000003e-05,1,0.4,D-rand,0.4
610,B,1,B,1.0,0.99,0.0,1.0,0.0,0.0,484,2.0328000000000003e-05,1,1.0,D-rand,1.0
612,D,3,C,0.3,0.07,0.3,0.23,0.3,0.17,481,2.0202e-05,0,0.17,D-rand,0.3
611,D,3,D,0.97,0.96,0.02,0.0,0.01,0.97,439,1.8438e-05,1,0.97,D-rand,0.97
613,C,2,C,0.97,0.96,0.02,0.0,0.97,0.01,479,2.0118000000000003e-05,1,0.97,D-rand,0.97
614,C,2,C,0.77,0.68,0.05,0.05,0.77,0.13,464,1.9488000000000004e-05,1,0.77,D-rand,0.77
615,A,0,A,1.0,0.99,1.0,0.0,0.0,0.0,462,1.9404e-05,1,1.0,D-rand,1.0
616,B,1,B,0.5700000000000001,0.42,0.03,0.5700000000000001,0.29,0.11,489,2.0538e-05,1,0.5700000000000001,D-rand,0.5700000000000001
618,B,1,B,0.87,0.8200000000000001,0.07,0.87,0.02,0.04,461,1.9362e-05,1,0.87,D-rand,0.87
620,A,0,A,0.65,0.53,0.65,0.23,0.06,0.06,474,1.9908000000000003e-05,1,0.65,D-rand,0.65
619,B,1,A,0.6900000000000001,0.59,0.6900000000000001,0.26,0.03,0.02,474,1.9908000000000003e-05,0,0.26,D-rand,0.6900000000000001
623,C,2,C,0.99,0.98,0.01,0.0,0.99,0.0,500,2.1e-05,1,0.99,D-rand,0.99
617,C,2,C,0.96,0.95,0.01,0.01,0.96,0.02,476,1.9992e-05,1,0.96,D-rand,0.96
622,C,2,C,0.78,0.7000000000000001,0.04,0.13,0.78,0.05,465,1.953e-05,1,0.78,D-rand,0.78
624,B,1,C,0.56,0.41,0.22,0.1,0.56,0.12,493,2.0706000000000005e-05,0,0.1,D-rand,0.56
626,A,0,A,0.94,0.93,0.94,0.01,0.04,0.01,498,2.0916000000000004e-05,1,0.94,D-rand,0.94
625,D,3,A,0.64,0.51,0.64,0.06,0.1,0.2,443,1.8606e-05,0,0.2,D-rand,0.64
631,C,2,C,0.86,0.8200000000000001,0.05,0.07,0.86,0.02,477,2.0034e-05,1,0.86,D-rand,0.86
635,A,0,A,0.93,0.91,0.93,0.03,0.02,0.02,504,2.1168e-05,1,0.93,D-rand,0.93
627,D,3,D,1.0,1.0,0.0,0.0,0.0,1.0,484,2.0328000000000003e-05,1,1.0,D-rand,1.0
636,A,0,C,0.75,0.67,0.09,0.03,0.75,0.13,515,2.163e-05,0,0.09,D-rand,0.75
630,C,2,C,0.89,0.86,0.06,0.03,0.89,0.02,458,1.9236e-05,1,0.89,D-rand,0.89
628,D,3,D,1.0,0.99,0.0,0.0,0.0,1.0,513,2.1546e-05,1,1.0,D-rand,1.0
633,B,1,B,0.88,0.84,0.03,0.88,0.08,0.01,464,1.9488000000000004e-05,1,0.88,D-rand,0.88
629,B,1,B,0.93,0.9,0.07,0.93,0.0,0.0,438,1.8396e-05,1,0.93,D-rand,0.93
634,A,0,A,0.76,0.68,0.76,0.11,0.09,0.04,483,2.0286e-05,1,0.76,D-rand,0.76
637,B,1,B,0.92,0.91,0.06,0.92,0.01,0.01,422,1.7724000000000002e-05,1,0.92,D-rand,0.92
638,D,3,D,0.95,0.93,0.04,0.0,0.01,0.95,429,1.8018000000000003e-05,1,0.95,D-rand,0.95
645,D,3,B,0.47,0.29,0.3,0.47,0.13,0.1,487,2.0454e-05,0,0.1,D-rand,0.47
643,A,0,A,0.6000000000000001,0.47,0.6000000000000001,0.14,0.22,0.04,446,1.8732000000000003e-05,1,0.6000000000000001,D-rand,0.6000000000000001
640,C,2,C,1.0,0.99,0.0,0.0,1.0,0.0,511,2.1462e-05,1,1.0,D-rand,1.0
639,B,1,B,1.0,1.0,0.0,1.0,0.0,0.0,533,2.2386e-05,1,1.0,D-rand,1.0
644,D,3,D,0.8200000000000001,0.77,0.1,0.03,0.05,0.8200000000000001,482,2.0244e-05,1,0.8200000000000001,D-rand,0.8200000000000001
642,B,1,B,0.89,0.85,0.1,0.89,0.0,0.01,511,2.1462e-05,1,0.89,D-rand,0.89
648,C,2,D,0.54,0.39,0.06,0.09,0.31,0.54,484,2.0328000000000003e-05,0,0.31,D-rand,0.54
641,D,3,D,0.47,0.29,0.26,0.17,0.1,0.47,522,2.1924e-05,1,0.47,D-rand,0.47
650,D,3,B,0.67,0.56,0.22,0.67,0.07,0.04,488,2.0496e-05,0,0.04,D-rand,0.67
651,C,2,C,0.58,0.44,0.27,0.11,0.58,0.04,442,1.8564e-05,1,0.58,D-rand,0.58
649,B,1,B,0.81,0.75,0.03,0.81,0.05,0.11,422,1.7724000000000002e-05,1,0.81,D-rand,0.81
653,B,1,B,0.96,0.94,0.02,0.96,0.02,0.0,446,1.8732000000000003e-05,1,0.96,D-rand,0.96
655,C,2,C,0.81,0.74,0.02,0.1,0.81,0.07,464,1.9488000000000004e-05,1,0.81,D-rand,0.81
652,D,3,B,0.45,0.27,0.33,0.45,0.04,0.18,469,1.9698e-05,0,0.18,D-rand,0.45
657,B,1,B,0.86,0.8200000000000001,0.08,0.86,0.03,0.03,456,1.9152e-05,1,0.86,D-rand,0.86
656,C,2,C,0.48,0.32,0.22,0.04,0.48,0.26,445,1.869e-05,1,0.48,D-rand,0.48
659,D,3,D,0.8300000000000001,0.77,0.1,0.06,0.01,0.8300000000000001,471,1.9782000000000005e-05,1,0.8300000000000001,D-rand,0.8300000000000001
658,C,2,A,0.399999999999999,0.21,0.399999999999999,0.14,0.38,0.08,428,1.7976000000000002e-05,0,0.38,D-rand,0.399999999999999
660,D,3,D,0.79,0.73,0.12,0.05,0.04,0.79,433,1.8186e-05,1,0.79,D-rand,0.79
661,C,2,C,0.97,0.97,0.01,0.01,0.97,0.01,422,1.7724000000000002e-05,1,0.97,D-rand,0.97
654,B,1,A,0.41,0.23,0.41,0.18,0.35,0.06,460,1.932e-05,0,0.18,D-rand,0.41
662,C,2,C,0.63,0.51,0.28,0.04,0.63,0.05,440,1.848e-05,1,0.63,D-rand,0.63
664,A,0,A,0.97,0.96,0.97,0.0,0.02,0.01,467,1.9614e-05,1,0.97,D-rand,0.97
669,B,1,B,0.97,0.95,0.01,0.97,0.0,0.02,487,2.0454e-05,1,0.97,D-rand,0.97
668,A,0,A,0.47,0.29,0.47,0.38,0.11,0.04,451,1.8942000000000003e-05,1,0.47,D-rand,0.47
665,B,1,A,0.4,0.2,0.4,0.28,0.27,0.04,506,2.1252000000000003e-05,0,0.28,D-rand,0.4
667,D,3,D,0.78,0.7000000000000001,0.01,0.01,0.2,0.78,414,1.7388e-05,1,0.78,D-rand,0.78
670,B,1,B,0.9,0.87,0.05,0.9,0.03,0.02,433,1.8186e-05,1,0.9,D-rand,0.9
671,C,2,D,0.77,0.7000000000000001,0.09,0.02,0.12,0.77,531,2.2302e-05,0,0.12,D-rand,0.77
672,D,3,D,0.99,0.99,0.0,0.0,0.01,0.99,524,2.2008000000000003e-05,1,0.99,D-rand,0.99
666,A,0,A,0.86,0.81,0.86,0.02,0.03,0.09,442,1.8564e-05,1,0.86,D-rand,0.86
673,B,1,B,0.99,0.98,0.01,0.99,0.0,0.0,513,2.1546e-05,1,0.99,D-rand,0.99
676,C,2,C,1.0,1.0,0.0,0.0,1.0,0.0,467,1.9614e-05,1,1.0,D-rand,1.0
675,A,0,A,0.8200000000000001,0.77,0.8200000000000001,0.16,0.01,0.01,481,2.0202e-05,1,0.8200000000000001,D-rand,0.8200000000000001
677,B,1,B,0.74,0.65,0.13,0.74,0.08,0.05,593,2.4906000000000005e-05,1,0.74,D-rand,0.74
674,D,3,D,1.0,1.0,0.0,0.0,0.0,1.0,525,2.2050000000000004e-05,1,1.0,D-rand,1.0
683,C,2,D,0.42,0.23,0.09,0.4,0.09,0.42,499,2.0958e-05,0,0.09,D-rand,0.42
680,A,0,A,0.52,0.36,0.52,0.05,0.41,0.02,542,2.2764000000000004e-05,1,0.52,D-rand,0.52
679,B,1,B,0.89,0.86,0.05,0.89,0.05,0.01,467,1.9614e-05,1,0.89,D-rand,0.89
678,D,3,D,0.77,0.6900000000000001,0.22,0.01,0.0,0.77,500,2.1e-05,1,0.77,D-rand,0.77
684,A,0,A,0.79,0.71,0.79,0.06,0.04,0.11,478,2.0076e-05,1,0.79,D-rand,0.79
681,C,2,D,0.38,0.18,0.13,0.11,0.38,0.38,623,2.6166000000000003e-05,0,0.38,D-rand,0.38
682,B,1,B,1.0,1.0,0.0,1.0,0.0,0.0,452,1.8984000000000003e-05,1,1.0,D-rand,1.0
685,B,1,B,0.68,0.5700000000000001,0.07,0.68,0.02,0.23,454,1.9068e-05,1,0.68,D-rand,0.68
689,A,0,A,1.0,1.0,1.0,0.0,0.0,0.0,477,2.0034e-05,1,1.0,D-rand,1.0
688,A,0,A,0.98,0.98,0.98,0.01,0.01,0.0,486,2.0412e-05,1,0.98,D-rand,0.98
686,A,0,A,0.86,0.81,0.86,0.03,0.07,0.04,453,1.9026000000000004e-05,1,0.86,D-rand,0.86
690,C,2,C,0.99,0.98,0.0,0.0,0.99,0.01,457,1.9194000000000003e-05,1,0.99,D-rand,0.99
687,D,3,D,0.94,0.92,0.01,0.04,0.01,0.94,441,1.8522000000000003e-05,1,0.94,D-rand,0.94
691,B,1,B,0.97,0.96,0.01,0.97,0.02,0.0,435,1.827e-05,1,0.97,D-rand,0.97
694,C,2,C,1.0,1.0,0.0,0.0,1.0,0.0,437,1.8354e-05,1,1.0,D-rand,1.0
696,C,2,B,0.5,0.33,0.06,0.5,0.31,0.13,470,1.974e-05,0,0.31,D-rand,0.5
697,C,2,D,0.3,0.07,0.17,0.25,0.28,0.3,488,2.0496e-05,0,0.28,D-rand,0.3
699,D,3,D,0.92,0.9,0.06,0.01,0.01,0.92,499,2.0958e-05,1,0.92,D-rand,0.92
692,C,2,C,0.87,0.8200000000000001,0.1,0.01,0.87,0.02,441,1.8522000000000003e-05,1,0.87,D-rand,0.87
693,B,1,C,0.89,0.85,0.06,0.03,0.89,0.02,453,1.9026000000000004e-05,0,0.03,D-rand,0.89
695,A,0,A,0.97,0.97,0.97,0.01,0.01,0.01,453,1.9026000000000004e-05,1,0.97,D-rand,0.97
700,D,3,D,0.459999999999999,0.29,0.35,0.14,0.05,0.459999999999999,567,2.3814000000000003e-05,1,0.459999999999999,D-rand,0.459999999999999
701,D,3,D,0.92,0.89,0.04,0.02,0.02,0.92,494,2.0748000000000005e-05,1,0.92,D-rand,0.92
698,C,2,A,0.32,0.1,0.32,0.28,0.29,0.11,433,1.8186e-05,0,0.29,D-rand,0.32
704,D,3,D,0.97,0.96,0.01,0.01,0.01,0.97,444,1.8648e-05,1,0.97,D-rand,0.97
703,C,2,C,0.97,0.96,0.01,0.02,0.97,0.0,444,1.8648e-05,1,0.97,D-rand,0.97
705,C,2,C,0.86,0.8200000000000001,0.06,0.05,0.86,0.03,481,2.0202e-05,1,0.86,D-rand,0.86
702,C,2,C,0.929999999999999,0.92,0.04,0.02,0.929999999999999,0.01,438,1.8396e-05,1,0.929999999999999,D-rand,0.929999999999999
707,A,0,A,0.8300000000000001,0.78,0.8300000000000001,0.02,0.05,0.1,458,1.9236e-05,1,0.8300000000000001,D-rand,0.8300000000000001
709,C,2,A,0.74,0.64,0.74,0.02,0.23,0.01,502,2.1084000000000003e-05,0,0.23,D-rand,0.74
708,A,0,A,0.75,0.67,0.75,0.08,0.15,0.02,433,1.8186e-05,1,0.75,D-rand,0.75
706,C,2,C,0.68,0.5700000000000001,0.04,0.07,0.68,0.21,515,2.163e-05,1,0.68,D-rand,0.68
711,C,2,C,1.0,1.0,0.0,0.0,1.0,0.0,451,1.8942000000000003e-05,1,1.0,D-rand,1.0
713,A,0,D,0.62,0.5,0.15,0.04,0.19,0.62,505,2.121e-05,0,0.15,D-rand,0.62
712,D,3,D,0.71,0.61,0.16,0.07,0.06,0.71,534,2.2428e-05,1,0.71,D-rand,0.71
715,A,0,C,0.32,0.11,0.28,0.18,0.32,0.22,422,1.7724000000000002e-05,0,0.28,D-rand,0.32
710,A,0,A,0.61,0.48,0.61,0.33,0.03,0.03,470,1.974e-05,1,0.61,D-rand,0.61
716,A,0,A,0.89,0.86,0.89,0.07,0.03,0.01,456,1.9152e-05,1,0.89,D-rand,0.89
717,B,1,A,0.8200000000000001,0.75,0.8200000000000001,0.03,0.06,0.09,490,2.058e-05,0,0.03,D-rand,0.8200000000000001
714,C,2,C,0.68,0.5700000000000001,0.06,0.13,0.68,0.13,442,1.8564e-05,1,0.68,D-rand,0.68
718,B,1,C,0.42,0.23,0.09,0.37,0.42,0.12,449,1.8858e-05,0,0.37,D-rand,0.42
719,B,1,B,1.0,0.99,0.0,1.0,0.0,0.0,413,1.7346e-05,1,1.0,D-rand,1.0
722,A,0,D,0.68,0.5700000000000001,0.11,0.13,0.08,0.68,460,1.932e-05,0,0.11,D-rand,0.68
724,A,0,A,0.81,0.74,0.81,0.03,0.1,0.06,428,1.7976000000000002e-05,1,0.81,D-rand,0.81
725,B,1,B,0.76,0.6900000000000001,0.03,0.76,0.1,0.11,448,1.8816000000000004e-05,1,0.76,D-rand,0.76
726,D,3,B,0.62,0.5,0.12,0.62,0.05,0.21,490,2.058e-05,0,0.21,D-rand,0.62
721,D,3,D,0.39,0.2,0.27,0.19,0.15,0.39,425,1.7850000000000004e-05,1,0.39,D-rand,0.39
728,D,3,D,0.61,0.47,0.25,0.02,0.12,0.61,430,1.8060000000000003e-05,1,0.61,D-rand,0.61
720,C,2,C,0.46,0.28,0.12,0.35,0.46,0.07,489,2.0538e-05,1,0.46,D-rand,0.46
731,D,3,D,0.99,0.98,0.01,0.0,0.0,0.99,468,1.9656000000000003e-05,1,0.99,D-rand,0.99
733,A,0,A,0.76,0.67,0.76,0.02,0.14,0.08,447,1.8774000000000004e-05,1,0.76,D-rand,0.76
723,D,3,D,0.78,0.71,0.16,0.01,0.05,0.78,445,1.869e-05,1,0.78,D-rand,0.78
727,D,3,D,0.66,0.55,0.08,0.16,0.1,0.66,497,2.0874000000000004e-05,1,0.66,D-rand,0.66
729,C,2,A,0.48,0.31,0.48,0.09,0.4,0.03,439,1.8438e-05,0,0.4,D-rand,0.48
730,C,2,C,0.89,0.84,0.07,0.02,0.89,0.02,455,1.911e-05,1,0.89,D-rand,0.89
734,C,2,B,0.81,0.75,0.07,0.81,0.06,0.06,430,1.8060000000000003e-05,0,0.06,D-rand,0.81
735,C,2,B,0.54,0.38,0.06,0.54,0.39,0.01,433,1.8186e-05,0,0.39,D-rand,0.54
736,D,3,B,0.44,0.24,0.18,0.44,0.09,0.29,445,1.869e-05,0,0.29,D-rand,0.44
732,C,2,C,0.96,0.93,0.01,0.01,0.96,0.02,472,1.9824e-05,1,0.96,D-rand,0.96
740,A,0,A,0.98,0.98,0.98,0.01,0.01,0.0,483,2.0286e-05,1,0.98,D-rand,0.98
738,A,0,A,0.53,0.38,0.53,0.03,0.43,0.01,467,1.9614e-05,1,0.53,D-rand,0.53
742,B,1,D,0.59,0.46,0.05,0.14,0.22,0.59,492,2.0664e-05,0,0.14,D-rand,0.59
741,B,1,B,0.99,0.98,0.01,0.99,0.0,0.0,453,1.9026000000000004e-05,1,0.99,D-rand,0.99
745,B,1,B,1.0,0.99,0.0,1.0,0.0,0.0,508,2.1336e-05,1,1.0,D-rand,1.0
744,B,1,C,0.67,0.56,0.11,0.09,0.67,0.13,421,1.7682e-05,0,0.09,D-rand,0.67
743,C,2,C,0.98,0.97,0.0,0.0,0.98,0.02,443,1.8606e-05,1,0.98,D-rand,0.98
746,B,1,D,0.56,0.41,0.24,0.14,0.06,0.56,450,1.89e-05,0,0.14,D-rand,0.56
752,A,0,B,0.68,0.5700000000000001,0.13,0.68,0.01,0.18,449,1.8858e-05,0,0.13,D-rand,0.68
751,A,0,A,0.99,0.99,0.99,0.01,0.0,0.0,450,1.89e-05,1,0.99,D-rand,0.99
739,B,1,B,0.99,0.99,0.0,0.99,0.01,0.0,465,1.953e-05,1,0.99,D-rand,0.99
753,D,3,D,0.78,0.7000000000000001,0.06,0.07,0.09,0.78,463,1.9446e-05,1,0.78,D-rand,0.78
754,C,2,B,0.559999999999999,0.42,0.28,0.559999999999999,0.07,0.09,502,2.1084000000000003e-05,0,0.07,D-rand,0.559999999999999
749,A,0,A,0.99,0.99,0.99,0.0,0.0,0.01,477,2.0034e-05,1,0.99,D-rand,0.99
748,D,3,A,0.74,0.66,0.74,0.04,0.09,0.13,497,2.0874000000000004e-05,0,0.13,D-rand,0.74
756,D,3,D,0.74,0.65,0.15,0.05,0.06,0.74,488,2.0496e-05,1,0.74,D-rand,0.74
755,C,2,C,0.46,0.27,0.34,0.19,0.46,0.01,484,2.0328000000000003e-05,1,0.46,D-rand,0.46
757,B,1,C,0.46,0.28,0.05,0.45,0.46,0.04,440,1.848e-05,0,0.45,D-rand,0.46
750,C,2,C,0.93,0.9,0.01,0.01,0.93,0.05,463,1.9446e-05,1,0.93,D-rand,0.93
759,A,0,A,0.98,0.97,0.98,0.0,0.02,0.0,476,1.9992e-05,1,0.98,D-rand,0.98
758,A,0,A,0.86,0.81,0.86,0.05,0.06,0.03,444,1.8648e-05,1,0.86,D-rand,0.86
760,A,0,A,0.92,0.89,0.92,0.05,0.01,0.02,445,1.869e-05,1,0.92,D-rand,0.92
762,B,1,B,0.97,0.96,0.01,0.97,0.01,0.01,485,2.037e-05,1,0.97,D-rand,0.97
761,A,0,A,0.85,0.81,0.85,0.07,0.07,0.01,453,1.9026000000000004e-05,1,0.85,D-rand,0.85
767,D,3,D,0.54,0.39,0.08,0.17,0.21,0.54,533,2.2386e-05,1,0.54,D-rand,0.54
764,D,3,D,0.66,0.55,0.23,0.09,0.02,0.66,458,1.9236e-05,1,0.66,D-rand,0.66
766,D,3,A,0.53,0.36,0.53,0.26,0.08,0.13,512,2.1504e-05,0,0.13,D-rand,0.53
763,C,2,D,0.38,0.16,0.31,0.09,0.22,0.38,469,1.9698e-05,0,0.22,D-rand,0.38
765,A,0,A,0.99,0.98,0.99,0.01,0.0,0.0,496,2.0832000000000003e-05,1,0.99,D-rand,0.99
768,B,1,B,0.64,0.51,0.21,0.64,0.14,0.01,432,1.8144e-05,1,0.64,D-rand,0.64
769,D,3,C,0.68,0.5700000000000001,0.02,0.01,0.68,0.29,444,1.8648e-05,0,0.29,D-rand,0.68
770,A,0,D,0.49,0.33,0.19,0.07,0.25,0.49,448,1.8816000000000004e-05,0,0.19,D-rand,0.49
774,A,0,A,0.85,0.8,0.85,0.01,0.07,0.07,483,2.0286e-05,1,0.85,D-rand,0.85
772,C,2,D,0.34,0.12,0.31,0.17,0.18,0.34,461,1.9362e-05,0,0.18,D-rand,0.34
771,B,1,B,0.98,0.97,0.01,0.98,0.0,0.01,548,2.3016e-05,1,0.98,D-rand,0.98
776,B,1,B,0.91,0.87,0.01,0.91,0.07,0.01,494,2.0748000000000005e-05,1,0.91,D-rand,0.91
775,B,1,B,0.89,0.85,0.06,0.89,0.04,0.01,461,1.9362e-05,1,0.89,D-rand,0.89
777,D,3,A,0.399999999999999,0.21,0.399999999999999,0.15,0.16,0.29,526,2.2092e-05,0,0.29,D-rand,0.399999999999999
778,A,0,C,0.459999999999999,0.29,0.13,0.3,0.459999999999999,0.11,447,1.8774000000000004e-05,0,0.13,D-rand,0.459999999999999
786,A,0,A,0.79,0.72,0.79,0.13,0.05,0.03,430,1.8060000000000003e-05,1,0.79,D-rand,0.79
781,B,1,D,0.42,0.23,0.4,0.11,0.07,0.42,459,1.9278e-05,0,0.11,D-rand,0.42
779,A,0,A,1.0,1.0,1.0,0.0,0.0,0.0,458,1.9236e-05,1,1.0,D-rand,1.0
785,C,2,C,0.42,0.23,0.08,0.36,0.42,0.14,470,1.974e-05,1,0.42,D-rand,0.42
788,C,2,C,0.68,0.5700000000000001,0.04,0.18,0.68,0.1,457,1.9194000000000003e-05,1,0.68,D-rand,0.68
784,D,3,D,0.89,0.84,0.06,0.02,0.03,0.89,489,2.0538e-05,1,0.89,D-rand,0.89
780,D,3,D,0.99,0.97,0.01,0.0,0.0,0.99,473,1.9866000000000003e-05,1,0.99,D-rand,0.99
787,B,1,A,0.67,0.56,0.67,0.1,0.11,0.12,462,1.9404e-05,0,0.1,D-rand,0.67
790,A,0,A,0.77,0.68,0.77,0.1,0.11,0.02,491,2.0622e-05,1,0.77,D-rand,0.77
792,A,0,A,0.98,0.97,0.98,0.0,0.01,0.01,466,1.9572e-05,1,0.98,D-rand,0.98
789,C,2,C,0.97,0.96,0.01,0.02,0.97,0.0,492,2.0664e-05,1,0.97,D-rand,0.97
791,B,1,B,0.8300000000000001,0.77,0.1,0.8300000000000001,0.04,0.03,515,2.163e-05,1,0.8300000000000001,D-rand,0.8300000000000001
795,B,1,B,0.95,0.95,0.02,0.95,0.01,0.02,477,2.0034e-05,1,0.95,D-rand,0.95
793,D,3,D,0.91,0.89,0.05,0.03,0.01,0.91,499,2.0958e-05,1,0.91,D-rand,0.91
796,D,3,C,0.5,0.34,0.06,0.31,0.5,0.13,485,2.037e-05,0,0.13,D-rand,0.5
797,B,1,A,0.39,0.18,0.39,0.28,0.28,0.05,466,1.9572e-05,0,0.28,D-rand,0.39
798,D,3,D,0.98,0.97,0.01,0.01,0.0,0.98,472,1.9824e-05,1,0.98,D-rand,0.98
800,D,3,D,0.73,0.64,0.25,0.01,0.01,0.73,487,2.0454e-05,1,0.73,D-rand,0.73
799,C,2,C,0.79,0.72,0.02,0.17,0.79,0.02,459,1.9278e-05,1,0.79,D-rand,0.79
804,B,1,B,0.8300000000000001,0.77,0.08,0.8300000000000001,0.02,0.07,489,2.0538e-05,1,0.8300000000000001,D-rand,0.8300000000000001
805,D,3,D,0.96,0.95,0.0,0.01,0.03,0.96,494,2.0748000000000005e-05,1,0.96,D-rand,0.96
803,C,2,C,0.72,0.63,0.05,0.17,0.72,0.06,477,2.0034e-05,1,0.72,D-rand,0.72
801,C,2,C,0.66,0.56,0.15,0.08,0.66,0.11,484,2.0328000000000003e-05,1,0.66,D-rand,0.66
802,B,1,B,1.0,0.99,0.0,1.0,0.0,0.0,516,2.1672000000000005e-05,1,1.0,D-rand,1.0
806,B,1,C,0.44,0.24,0.41,0.11,0.44,0.04,435,1.827e-05,0,0.11,D-rand,0.44
809,C,2,C,0.49,0.31,0.04,0.44,0.49,0.03,446,1.8732000000000003e-05,1,0.49,D-rand,0.49
807,A,0,A,0.37,0.16,0.37,0.23,0.24,0.16,459,1.9278e-05,1,0.37,D-rand,0.37
808,C,2,C,0.6000000000000001,0.47,0.05,0.02,0.6000000000000001,0.33,502,2.1084000000000003e-05,1,0.6000000000000001,D-rand,0.6000000000000001
812,B,1,B,0.43,0.24,0.35,0.43,0.07,0.15,546,2.2932000000000003e-05,1,0.43,D-rand,0.43
811,C,2,C,0.54,0.38,0.14,0.2,0.54,0.12,523,2.1966000000000003e-05,1,0.54,D-rand,0.54
810,A,0,A,0.55,0.4,0.55,0.19,0.18,0.08,449,1.8858e-05,1,0.55,D-rand,0.55
813,B,1,B,0.56,0.42,0.34,0.56,0.05,0.05,468,1.9656000000000003e-05,1,0.56,D-rand,0.56
817,A,0,A,0.559999999999999,0.43,0.559999999999999,0.14,0.12,0.18,445,1.869e-05,1,0.559999999999999,D-rand,0.559999999999999
814,C,2,C,0.99,0.98,0.01,0.0,0.99,0.0,449,1.8858e-05,1,0.99,D-rand,0.99
820,B,1,B,0.8300000000000001,0.79,0.03,0.8300000000000001,0.09,0.05,457,1.9194000000000003e-05,1,0.8300000000000001,D-rand,0.8300000000000001
822,B,1,A,0.66,0.55,0.66,0.27,0.03,0.04,448,1.8816000000000004e-05,0,0.27,D-rand,0.66
819,C,2,C,0.36,0.15,0.2,0.34,0.36,0.1,499,2.0958e-05,1,0.36,D-rand,0.36
818,B,1,B,0.67,0.56,0.26,0.67,0.01,0.06,647,2.7174e-05,1,0.67,D-rand,0.67
824,D,3,D,0.92,0.88,0.02,0.01,0.05,0.92,461,1.9362e-05,1,0.92,D-rand,0.92
815,B,1,B,0.97,0.97,0.01,0.97,0.01,0.01,468,1.9656000000000003e-05,1,0.97,D-rand,0.97
816,D,3,D,0.76,0.67,0.18,0.02,0.04,0.76,468,1.9656000000000003e-05,1,0.76,D-rand,0.76
823,D,3,D,0.58,0.44,0.02,0.04,0.36,0.58,468,1.9656000000000003e-05,1,0.58,D-rand,0.58
827,B,1,B,0.86,0.81,0.11,0.86,0.01,0.02,488,2.0496e-05,1,0.86,D-rand,0.86
826,C,2,C,0.84,0.78,0.06,0.03,0.84,0.07,473,1.9866000000000003e-05,1,0.84,D-rand,0.84
829,D,3,C,0.55,0.41,0.16,0.18,0.55,0.11,444,1.8648e-05,0,0.11,D-rand,0.55
825,D,3,D,0.35,0.14,0.25,0.08,0.32,0.35,504,2.1168e-05,1,0.35,D-rand,0.35
828,D,3,D,0.43,0.24,0.1,0.09,0.38,0.43,467,1.9614e-05,1,0.43,D-rand,0.43
831,A,0,C,0.63,0.49,0.35,0.01,0.63,0.01,451,1.8942000000000003e-05,0,0.35,D-rand,0.63
835,B,1,B,0.99,0.99,0.01,0.99,0.0,0.0,466,1.9572e-05,1,0.99,D-rand,0.99
833,D,3,D,0.88,0.84,0.1,0.01,0.01,0.88,438,1.8396e-05,1,0.88,D-rand,0.88
836,D,3,D,0.92,0.9,0.02,0.03,0.03,0.92,491,2.0622e-05,1,0.92,D-rand,0.92
839,A,0,B,0.65,0.54,0.29,0.65,0.03,0.03,445,1.869e-05,0,0.29,D-rand,0.65
838,D,3,D,0.7000000000000001,0.6000000000000001,0.05,0.09,0.16,0.7000000000000001,436,1.8312e-05,1,0.7000000000000001,D-rand,0.7000000000000001
830,C,2,C,0.8,0.74,0.16,0.02,0.8,0.02,483,2.0286e-05,1,0.8,D-rand,0.8
832,B,1,B,0.97,0.96,0.02,0.97,0.01,0.0,452,1.8984000000000003e-05,1,0.97,D-rand,0.97
834,A,0,A,0.8300000000000001,0.78,0.8300000000000001,0.06,0.1,0.01,433,1.8186e-05,1,0.8300000000000001,D-rand,0.8300000000000001
840,C,2,C,0.44,0.26,0.4,0.09,0.44,0.07,456,1.9152e-05,1,0.44,D-rand,0.44
841,D,3,D,0.96,0.94,0.01,0.01,0.02,0.96,454,1.9068e-05,1,0.96,D-rand,0.96
847,C,2,A,0.35,0.13,0.35,0.12,0.32,0.21,502,2.1084000000000003e-05,0,0.32,D-rand,0.35
846,B,1,C,0.8,0.73,0.08,0.08,0.8,0.04,449,1.8858e-05,0,0.08,D-rand,0.8
842,C,2,C,0.86,0.8200000000000001,0.12,0.01,0.86,0.01,476,1.9992e-05,1,0.86,D-rand,0.86
848,B,1,B,0.89,0.85,0.04,0.89,0.02,0.05,523,2.1966000000000003e-05,1,0.89,D-rand,0.89
849,A,0,A,0.8200000000000001,0.76,0.8200000000000001,0.07,0.09,0.02,485,2.037e-05,1,0.8200000000000001,D-rand,0.8200000000000001
844,B,1,B,0.76,0.68,0.23,0.76,0.01,0.0,417,1.7514000000000002e-05,1,0.76,D-rand,0.76
850,C,2,C,0.47,0.3,0.29,0.19,0.47,0.05,494,2.0748000000000005e-05,1,0.47,D-rand,0.47
856,D,3,D,0.9,0.86,0.08,0.01,0.01,0.9,449,1.8858e-05,1,0.9,D-rand,0.9
853,A,0,A,1.0,1.0,1.0,0.0,0.0,0.0,484,2.0328000000000003e-05,1,1.0,D-rand,1.0
851,C,2,C,0.88,0.8300000000000001,0.05,0.04,0.88,0.03,446,1.8732000000000003e-05,1,0.88,D-rand,0.88
860,A,0,A,0.74,0.66,0.74,0.09,0.07,0.1,409,1.7178e-05,1,0.74,D-rand,0.74
854,C,2,A,0.58,0.45,0.58,0.04,0.35,0.03,471,1.9782000000000005e-05,0,0.35,D-rand,0.58
857,B,1,B,0.88,0.84,0.03,0.88,0.07,0.02,458,1.9236e-05,1,0.88,D-rand,0.88
855,D,3,B,0.75,0.67,0.05,0.75,0.09,0.11,615,2.5830000000000005e-05,0,0.11,D-rand,0.75
861,B,1,B,0.9,0.87,0.06,0.9,0.03,0.01,467,1.9614e-05,1,0.9,D-rand,0.9
858,C,2,C,0.6000000000000001,0.46,0.36,0.01,0.6000000000000001,0.03,483,2.0286e-05,1,0.6000000000000001,D-rand,0.6000000000000001
864,C,2,C,0.8300000000000001,0.77,0.03,0.01,0.8300000000000001,0.13,452,1.8984000000000003e-05,1,0.8300000000000001,D-rand,0.8300000000000001
867,B,1,C,0.71,0.62,0.06,0.17,0.71,0.06,447,1.8774000000000004e-05,0,0.17,D-rand,0.71
866,D,3,D,0.6000000000000001,0.47,0.05,0.03,0.32,0.6000000000000001,514,2.1588e-05,1,0.6000000000000001,D-rand,0.6000000000000001
865,D,3,D,0.9,0.87,0.01,0.04,0.05,0.9,489,2.0538e-05,1,0.9,D-rand,0.9
869,A,0,A,0.68,0.56,0.68,0.18,0.08,0.06,460,1.932e-05,1,0.68,D-rand,0.68
870,B,1,C,0.67,0.5700000000000001,0.07,0.22,0.67,0.04,514,2.1588e-05,0,0.22,D-rand,0.67
872,C,2,C,0.89,0.85,0.02,0.02,0.89,0.07,448,1.8816000000000004e-05,1,0.89,D-rand,0.89
873,B,1,B,0.95,0.93,0.01,0.95,0.02,0.02,457,1.9194000000000003e-05,1,0.95,D-rand,0.95
876,A,0,B,0.41,0.21,0.4,0.41,0.04,0.15,423,1.7766000000000002e-05,0,0.4,D-rand,0.41
862,B,1,A,0.48,0.3,0.48,0.16,0.2,0.16,474,1.9908000000000003e-05,0,0.16,D-rand,0.48
875,D,3,D,0.92,0.89,0.0,0.01,0.07,0.92,485,2.037e-05,1,0.92,D-rand,0.92
863,C,2,B,0.48,0.31,0.05,0.48,0.46,0.01,492,2.0664e-05,0,0.46,D-rand,0.48
877,C,2,C,0.96,0.95,0.03,0.0,0.96,0.01,448,1.8816000000000004e-05,1,0.96,D-rand,0.96
868,B,1,A,0.46,0.28,0.46,0.37,0.08,0.09,496,2.0832000000000003e-05,0,0.37,D-rand,0.46
880,D,3,B,0.559999999999999,0.42,0.15,0.559999999999999,0.09,0.2,469,1.9698e-05,0,0.2,D-rand,0.559999999999999
879,D,3,D,0.73,0.65,0.25,0.01,0.01,0.73,478,2.0076e-05,1,0.73,D-rand,0.73
874,D,3,B,0.54,0.39,0.06,0.54,0.14,0.26,563,2.3646000000000004e-05,0,0.26,D-rand,0.54
882,D,3,D,0.86,0.8,0.09,0.04,0.01,0.86,430,1.8060000000000003e-05,1,0.86,D-rand,0.86
884,B,1,A,0.55,0.42,0.55,0.21,0.17,0.07,494,2.0748000000000005e-05,0,0.21,D-rand,0.55
885,C,2,D,0.47,0.31,0.03,0.07,0.43,0.47,491,2.0622e-05,0,0.43,D-rand,0.47
887,B,1,B,0.97,0.95,0.01,0.97,0.02,0.0,485,2.037e-05,1,0.97,D-rand,0.97
891,C,2,C,0.48,0.3,0.44,0.01,0.48,0.07,481,2.0202e-05,1,0.48,D-rand,0.48
890,B,1,C,0.67,0.55,0.02,0.29,0.67,0.02,464,1.9488000000000004e-05,0,0.29,D-rand,0.67
878,C,2,C,0.5,0.34,0.11,0.37,0.5,0.02,478,2.0076e-05,1,0.5,D-rand,0.5
881,A,0,A,0.72,0.62,0.72,0.07,0.12,0.09,420,1.764e-05,1,0.72,D-rand,0.72
892,B,1,A,0.59,0.45,0.59,0.26,0.05,0.1,485,2.037e-05,0,0.26,D-rand,0.59
893,B,1,D,0.36,0.14,0.21,0.33,0.1,0.36,518,2.1756000000000003e-05,0,0.33,D-rand,0.36
894,B,1,B,0.74,0.66,0.1,0.74,0.07,0.09,450,1.89e-05,1,0.74,D-rand,0.74
883,A,0,A,0.79,0.71,0.79,0.03,0.09,0.09,463,1.9446e-05,1,0.79,D-rand,0.79
888,D,3,A,0.8300000000000001,0.77,0.8300000000000001,0.01,0.08,0.08,539,2.2638e-05,0,0.08,D-rand,0.8300000000000001
886,D,3,D,0.74,0.65,0.11,0.04,0.11,0.74,526,2.2092e-05,1,0.74,D-rand,0.74
889,A,0,B,0.35,0.13,0.26,0.35,0.1,0.29,446,1.8732000000000003e-05,0,0.26,D-rand,0.35
896,D,3,D,0.74,0.65,0.06,0.06,0.14,0.74,426,1.7892000000000004e-05,1,0.74,D-rand,0.74
903,C,2,A,0.45,0.26,0.45,0.24,0.18,0.13,453,1.9026000000000004e-05,0,0.18,D-rand,0.45
902,A,0,A,0.92,0.9,0.92,0.02,0.02,0.04,446,1.8732000000000003e-05,1,0.92,D-rand,0.92
900,A,0,A,0.9,0.88,0.9,0.03,0.03,0.04,472,1.9824e-05,1,0.9,D-rand,0.9
895,D,3,A,0.74,0.66,0.74,0.01,0.01,0.24,447,1.8774000000000004e-05,0,0.24,D-rand,0.74
907,A,0,A,0.78,0.71,0.78,0.07,0.11,0.04,448,1.8816000000000004e-05,1,0.78,D-rand,0.78
908,B,1,B,0.89,0.85,0.07,0.89,0.03,0.01,486,2.0412e-05,1,0.89,D-rand,0.89
906,B,1,C,0.77,0.6900000000000001,0.11,0.07,0.77,0.05,477,2.0034e-05,0,0.07,D-rand,0.77
897,C,2,C,0.59,0.45,0.2,0.09,0.59,0.12,512,2.1504e-05,1,0.59,D-rand,0.59
898,C,2,C,0.99,0.98,0.0,0.01,0.99,0.0,454,1.9068e-05,1,0.99,D-rand,0.99
901,B,1,A,0.56,0.42,0.56,0.23,0.13,0.08,482,2.0244e-05,0,0.23,D-rand,0.56
911,B,1,B,0.99,0.97,0.01,0.99,0.0,0.0,473,1.9866000000000003e-05,1,0.99,D-rand,0.99
910,C,2,C,0.99,0.98,0.0,0.0,0.99,0.01,455,1.911e-05,1,0.99,D-rand,0.99
914,C,2,C,0.63,0.51,0.13,0.05,0.63,0.19,519,2.1798000000000004e-05,1,0.63,D-rand,0.63
913,B,1,B,0.98,0.98,0.01,0.98,0.0,0.01,484,2.0328000000000003e-05,1,0.98,D-rand,0.98
899,D,3,D,0.99,0.98,0.0,0.0,0.01,0.99,538,2.2596e-05,1,0.99,D-rand,0.99
915,A,0,B,0.4,0.19,0.39,0.4,0.17,0.04,490,2.058e-05,0,0.39,D-rand,0.4
919,B,1,B,0.87,0.8300000000000001,0.08,0.87,0.02,0.03,483,2.0286e-05,1,0.87,D-rand,0.87
921,A,0,A,0.97,0.97,0.97,0.02,0.0,0.01,441,1.8522000000000003e-05,1,0.97,D-rand,0.97
920,C,2,C,0.86,0.8200000000000001,0.04,0.06,0.86,0.04,451,1.8942000000000003e-05,1,0.86,D-rand,0.86
909,C,2,C,1.0,1.0,0.0,0.0,1.0,0.0,524,2.2008000000000003e-05,1,1.0,D-rand,1.0
922,B,1,B,0.48,0.3,0.02,0.48,0.43,0.07,447,1.8774000000000004e-05,1,0.48,D-rand,0.48
925,D,3,D,0.7000000000000001,0.61,0.22,0.04,0.04,0.7000000000000001,449,1.8858e-05,1,0.7000000000000001,D-rand,0.7000000000000001
916,B,1,B,0.79,0.72,0.11,0.79,0.04,0.06,460,1.932e-05,1,0.79,D-rand,0.79
912,D,3,D,0.94,0.93,0.02,0.02,0.02,0.94,428,1.7976000000000002e-05,1,0.94,D-rand,0.94
929,B,1,B,0.84,0.78,0.01,0.84,0.0,0.15,510,2.142e-05,1,0.84,D-rand,0.84
927,B,1,A,0.91,0.88,0.91,0.06,0.01,0.02,445,1.869e-05,0,0.06,D-rand,0.91
924,C,2,C,0.89,0.86,0.02,0.07,0.89,0.02,490,2.058e-05,1,0.89,D-rand,0.89
933,B,1,B,0.39,0.18,0.28,0.39,0.14,0.19,454,1.9068e-05,1,0.39,D-rand,0.39
934,D,3,D,0.36,0.14,0.19,0.12,0.33,0.36,453,1.9026000000000004e-05,1,0.36,D-rand,0.36
928,A,0,A,0.59,0.45,0.59,0.07,0.05,0.29,430,1.8060000000000003e-05,1,0.59,D-rand,0.59
936,D,3,D,1.0,0.99,0.0,0.0,0.0,1.0,485,2.037e-05,1,1.0,D-rand,1.0
931,D,3,A,0.63,0.5,0.63,0.14,0.07,0.16,434,1.8228e-05,0,0.16,D-rand,0.63
939,C,2,C,0.7000000000000001,0.6000000000000001,0.07,0.19,0.7000000000000001,0.04,471,1.9782000000000005e-05,1,0.7000000000000001,D-rand,0.7000000000000001
940,A,0,A,0.94,0.92,0.94,0.03,0.02,0.01,450,1.89e-05,1,0.94,D-rand,0.94
932,B,1,B,0.85,0.8,0.1,0.85,0.01,0.04,468,1.9656000000000003e-05,1,0.85,D-rand,0.85
941,B,1,B,0.75,0.66,0.23,0.75,0.01,0.01,464,1.9488000000000004e-05,1,0.75,D-rand,0.75
935,C,2,C,0.98,0.98,0.01,0.0,0.98,0.01,547,2.2974000000000004e-05,1,0.98,D-rand,0.98
943,B,1,C,0.47,0.3,0.24,0.21,0.47,0.08,453,1.9026000000000004e-05,0,0.21,D-rand,0.47
945,C,2,C,0.99,0.98,0.0,0.0,0.99,0.01,476,1.9992e-05,1,0.99,D-rand,0.99
937,A,0,A,0.71,0.62,0.71,0.14,0.02,0.13,492,2.0664e-05,1,0.71,D-rand,0.71
938,A,0,B,0.64,0.53,0.15,0.64,0.05,0.16,480,2.016e-05,0,0.15,D-rand,0.64
949,D,3,D,0.98,0.97,0.0,0.0,0.02,0.98,435,1.827e-05,1,0.98,D-rand,0.98
950,C,2,C,0.46,0.28,0.38,0.09,0.46,0.07,445,1.869e-05,1,0.46,D-rand,0.46
946,C,2,C,0.33,0.1,0.28,0.07,0.33,0.32,464,1.9488000000000004e-05,1,0.33,D-rand,0.33
944,C,2,C,0.98,0.96,0.02,0.0,0.98,0.0,472,1.9824e-05,1,0.98,D-rand,0.98
942,B,1,A,0.7000000000000001,0.6000000000000001,0.7000000000000001,0.12,0.14,0.04,465,1.953e-05,0,0.12,D-rand,0.7000000000000001
948,A,0,A,0.97,0.96,0.97,0.0,0.02,0.01,440,1.848e-05,1,0.97,D-rand,0.97
958,D,3,D,0.87,0.8200000000000001,0.05,0.02,0.06,0.87,452,1.8984000000000003e-05,1,0.87,D-rand,0.87
957,D,3,D,0.54,0.39,0.14,0.3,0.02,0.54,473,1.9866000000000003e-05,1,0.54,D-rand,0.54
959,D,3,A,0.52,0.35,0.52,0.15,0.23,0.1,495,2.0790000000000003e-05,0,0.1,D-rand,0.52
960,B,1,C,0.73,0.65,0.13,0.07,0.73,0.07,501,2.1042000000000003e-05,0,0.07,D-rand,0.73
951,D,3,D,0.61,0.47,0.26,0.1,0.03,0.61,491,2.0622e-05,1,0.61,D-rand,0.61
954,D,3,C,0.36,0.14,0.32,0.22,0.36,0.1,436,1.8312e-05,0,0.1,D-rand,0.36
953,A,0,A,0.87,0.8300000000000001,0.87,0.02,0.07,0.04,487,2.0454e-05,1,0.87,D-rand,0.87
955,B,1,B,0.34,0.11,0.25,0.34,0.11,0.3,492,2.0664e-05,1,0.34,D-rand,0.34
961,B,1,A,0.73,0.64,0.73,0.12,0.07,0.08,467,1.9614e-05,0,0.12,D-rand,0.73
964,D,3,C,0.8300000000000001,0.78,0.02,0.01,0.8300000000000001,0.14,446,1.8732000000000003e-05,0,0.14,D-rand,0.8300000000000001
965,D,3,D,0.9,0.87,0.05,0.01,0.04,0.9,481,2.0202e-05,1,0.9,D-rand,0.9
962,A,0,A,0.9,0.87,0.9,0.06,0.03,0.01,465,1.953e-05,1,0.9,D-rand,0.9
967,A,0,D,0.51,0.34,0.4,0.05,0.04,0.51,480,2.016e-05,0,0.4,D-rand,0.51
969,A,0,A,0.54,0.39,0.54,0.41,0.02,0.03,425,1.7850000000000004e-05,1,0.54,D-rand,0.54
966,C,2,D,0.7000000000000001,0.6000000000000001,0.04,0.2,0.06,0.7000000000000001,465,1.953e-05,0,0.06,D-rand,0.7000000000000001
970,B,1,B,1.0,0.99,0.0,1.0,0.0,0.0,493,2.0706000000000005e-05,1,1.0,D-rand,1.0
973,C,2,A,0.77,0.7000000000000001,0.77,0.06,0.14,0.03,533,2.2386e-05,0,0.14,D-rand,0.77
976,C,2,C,0.51,0.34,0.31,0.04,0.51,0.14,507,2.1294e-05,1,0.51,D-rand,0.51
968,C,2,D,0.63,0.5,0.24,0.02,0.11,0.63,446,1.8732000000000003e-05,0,0.11,D-rand,0.63
974,D,3,D,0.8300000000000001,0.77,0.07,0.08,0.02,0.8300000000000001,486,2.0412e-05,1,0.8300000000000001,D-rand,0.8300000000000001
975,D,3,D,0.91,0.89,0.04,0.03,0.02,0.91,472,1.9824e-05,1,0.91,D-rand,0.91
971,B,1,B,0.73,0.64,0.17,0.73,0.08,0.02,572,2.4024e-05,1,0.73,D-rand,0.73
977,C,2,D,0.63,0.5,0.05,0.25,0.07,0.63,421,1.7682e-05,0,0.07,D-rand,0.63
980,B,1,B,0.54,0.39,0.39,0.54,0.02,0.05,472,1.9824e-05,1,0.54,D-rand,0.54
982,C,2,C,1.0,1.0,0.0,0.0,1.0,0.0,564,2.3688000000000004e-05,1,1.0,D-rand,1.0
972,B,1,C,0.52,0.36,0.04,0.34,0.52,0.1,531,2.2302e-05,0,0.34,D-rand,0.52
985,B,1,B,1.0,1.0,0.0,1.0,0.0,0.0,463,1.9446e-05,1,1.0,D-rand,1.0
986,C,2,C,0.42,0.23,0.35,0.05,0.42,0.18,495,2.0790000000000003e-05,1,0.42,D-rand,0.42
984,A,0,A,0.9,0.86,0.9,0.09,0.01,0.0,480,2.016e-05,1,0.9,D-rand,0.9
988,C,2,C,1.0,0.99,0.0,0.0,1.0,0.0,437,1.8354e-05,1,1.0,D-rand,1.0
987,D,3,D,0.84,0.79,0.06,0.06,0.04,0.84,463,1.9446e-05,1,0.84,D-rand,0.84
989,D,3,D,0.47,0.28,0.19,0.28,0.06,0.47,468,1.9656000000000003e-05,1,0.47,D-rand,0.47
993,B,1,B,0.84,0.8,0.11,0.84,0.03,0.02,429,1.8018000000000003e-05,1,0.84,D-rand,0.84
995,C,2,C,1.0,0.99,0.0,0.0,1.0,0.0,502,2.1084000000000003e-05,1,1.0,D-rand,1.0
978,B,1,A,0.58,0.44,0.58,0.3,0.09,0.03,439,1.8438e-05,0,0.3,D-rand,0.58
997,A,0,A,0.8,0.74,0.8,0.07,0.11,0.02,455,1.911e-05,1,0.8,D-rand,0.8
998,D,3,B,0.51,0.34,0.19,0.51,0.09,0.21,458,1.9236e-05,0,0.21,D-rand,0.51
981,D,3,D,0.58,0.44,0.28,0.08,0.06,0.58,432,1.8144e-05,1,0.58,D-rand,0.58
983,A,0,A,0.6000000000000001,0.46,0.6000000000000001,0.27,0.09,0.04,427,1.7934e-05,1,0.6000000000000001,D-rand,0.6000000000000001
999,A,0,A,0.91,0.88,0.91,0.01,0.08,0.0,450,1.89e-05,1,0.91,D-rand,0.91
996,C,2,C,0.95,0.94,0.02,0.01,0.95,0.02,467,1.9614e-05,1,0.95,D-rand,0.95
1000,A,0,A,0.559999999999999,0.42,0.559999999999999,0.21,0.11,0.12,438,1.8396e-05,1,0.559999999999999,D-rand,0.559999999999999
994,C,2,C,0.52,0.38,0.08,0.05,0.52,0.35,502,2.1084000000000003e-05,1,0.52,D-rand,0.52
1002,D,3,D,0.5700000000000001,0.42,0.17,0.19,0.07,0.5700000000000001,489,2.0538e-05,1,0.5700000000000001,D-rand,0.5700000000000001
1003,B,1,C,0.76,0.68,0.07,0.05,0.76,0.12,530,2.226e-05,0,0.05,D-rand,0.76
1005,C,2,C,0.99,0.98,0.01,0.0,0.99,0.0,496,2.0832000000000003e-05,1,0.99,D-rand,0.99
1004,D,3,A,0.67,0.5700000000000001,0.67,0.19,0.06,0.08,449,1.8858e-05,0,0.08,D-rand,0.67
1008,B,1,B,0.61,0.48,0.07,0.61,0.22,0.1,416,1.7472e-05,1,0.61,D-rand,0.61
1006,B,1,B,0.9,0.86,0.08,0.9,0.01,0.01,472,1.9824e-05,1,0.9,D-rand,0.9
1001,A,0,A,0.97,0.98,0.97,0.01,0.01,0.01,448,1.8816000000000004e-05,1,0.97,D-rand,0.97
1016,D,3,D,1.0,1.0,0.0,0.0,0.0,1.0,505,2.121e-05,1,1.0,D-rand,1.0
1018,B,1,B,0.48,0.32,0.44,0.48,0.04,0.04,504,2.1168e-05,1,0.48,D-rand,0.48
1019,A,0,A,0.52,0.37,0.52,0.23,0.17,0.08,530,2.226e-05,1,0.52,D-rand,0.52
1013,C,2,C,0.79,0.71,0.09,0.08,0.79,0.04,434,1.8228e-05,1,0.79,D-rand,0.79
1014,B,1,B,0.92,0.9,0.03,0.92,0.02,0.03,451,1.8942000000000003e-05,1,0.92,D-rand,0.92
1011,D,3,D,0.94,0.92,0.02,0.01,0.03,0.94,482,2.0244e-05,1,0.94,D-rand,0.94
1007,A,0,A,0.929999999999999,0.92,0.929999999999999,0.02,0.04,0.01,505,2.121e-05,1,0.929999999999999,D-rand,0.929999999999999
1020,B,1,B,0.94,0.93,0.03,0.94,0.02,0.01,502,2.1084000000000003e-05,1,0.94,D-rand,0.94
1017,A,0,A,0.97,0.95,0.97,0.0,0.03,0.0,471,1.9782000000000005e-05,1,0.97,D-rand,0.97
1015,C,2,C,0.96,0.95,0.01,0.01,0.96,0.02,443,1.8606e-05,1,0.96,D-rand,0.96
1023,A,0,A,0.5,0.32,0.5,0.24,0.22,0.04,464,1.9488000000000004e-05,1,0.5,D-rand,0.5
1021,B,1,B,1.0,0.99,0.0,1.0,0.0,0.0,477,2.0034e-05,1,1.0,D-rand,1.0
1026,D,3,D,0.89,0.85,0.03,0.03,0.05,0.89,493,2.0706000000000005e-05,1,0.89,D-rand,0.89
1027,A,0,A,0.91,0.87,0.91,0.0,0.0,0.09,464,1.9488000000000004e-05,1,0.91,D-rand,0.91
1024,C,2,C,1.0,1.0,0.0,0.0,1.0,0.0,440,1.848e-05,1,1.0,D-rand,1.0
1029,B,1,B,0.7000000000000001,0.6000000000000001,0.17,0.7000000000000001,0.04,0.09,466,1.9572e-05,1,0.7000000000000001,D-rand,0.7000000000000001
1022,A,0,A,1.0,1.0,1.0,0.0,0.0,0.0,474,1.9908000000000003e-05,1,1.0,D-rand,1.0
1030,D,3,D,0.67,0.56,0.05,0.01,0.26,0.67,441,1.8522000000000003e-05,1,0.67,D-rand,0.67
1033,A,0,A,0.98,0.97,0.98,0.01,0.0,0.01,524,2.2008000000000003e-05,1,0.98,D-rand,0.98
1035,D,3,D,0.98,0.97,0.01,0.0,0.01,0.98,500,2.1e-05,1,0.98,D-rand,0.98
1034,A,0,A,0.559999999999999,0.42,0.559999999999999,0.11,0.29,0.04,446,1.8732000000000003e-05,1,0.559999999999999,D-rand,0.559999999999999
1028,B,1,B,0.93,0.91,0.01,0.93,0.05,0.01,469,1.9698e-05,1,0.93,D-rand,0.93
1036,D,3,D,0.95,0.93,0.01,0.04,0.0,0.95,463,1.9446e-05,1,0.95,D-rand,0.95
1040,C,2,C,1.0,1.0,0.0,0.0,1.0,0.0,575,2.415e-05,1,1.0,D-rand,1.0
1041,B,1,B,0.99,0.99,0.01,0.99,0.0,0.0,496,2.0832000000000003e-05,1,0.99,D-rand,0.99
1042,B,1,B,0.92,0.89,0.05,0.92,0.01,0.02,456,1.9152e-05,1,0.92,D-rand,0.92
1044,A,0,A,1.0,0.99,1.0,0.0,0.0,0.0,498,2.0916000000000004e-05,1,1.0,D-rand,1.0
1046,A,0,A,0.99,0.99,0.99,0.01,0.0,0.0,474,1.9908000000000003e-05,1,0.99,D-rand,0.99
1031,A,0,A,0.62,0.49,0.62,0.31,0.04,0.03,464,1.9488000000000004e-05,1,0.62,D-rand,0.62
1039,C,2,C,1.0,1.0,0.0,0.0,1.0,0.0,466,1.9572e-05,1,1.0,D-rand,1.0
1047,B,1,B,1.0,0.99,0.0,1.0,0.0,0.0,466,1.9572e-05,1,1.0,D-rand,1.0
1048,B,1,B,0.96,0.95,0.01,0.96,0.02,0.01,463,1.9446e-05,1,0.96,D-rand,0.96
1050,B,1,B,0.58,0.44,0.35,0.58,0.05,0.02,455,1.911e-05,1,0.58,D-rand,0.58
1051,C,2,C,0.9,0.87,0.02,0.04,0.9,0.04,486,2.0412e-05,1,0.9,D-rand,0.9
1049,A,0,A,0.74,0.65,0.74,0.0,0.02,0.24,505,2.121e-05,1,0.74,D-rand,0.74
1052,D,3,D,0.97,0.96,0.01,0.0,0.02,0.97,468,1.9656000000000003e-05,1,0.97,D-rand,0.97
1055,B,1,B,0.66,0.55,0.27,0.66,0.02,0.04,483,2.0286e-05,1,0.66,D-rand,0.66
1054,D,3,D,0.85,0.79,0.11,0.02,0.02,0.85,460,1.932e-05,1,0.85,D-rand,0.85
1056,C,2,A,0.85,0.81,0.85,0.03,0.1,0.02,502,2.1084000000000003e-05,0,0.1,D-rand,0.85
1045,C,2,B,0.48,0.3,0.12,0.48,0.32,0.08,495,2.0790000000000003e-05,0,0.32,D-rand,0.48
1060,D,3,B,0.52,0.36,0.23,0.52,0.03,0.22,437,1.8354e-05,0,0.22,D-rand,0.52
1057,D,3,A,0.41,0.23,0.41,0.16,0.24,0.19,435,1.827e-05,0,0.19,D-rand,0.41
1062,C,2,A,0.63,0.51,0.63,0.09,0.18,0.1,446,1.8732000000000003e-05,0,0.18,D-rand,0.63
1063,D,3,D,0.45,0.26,0.14,0.17,0.24,0.45,468,1.9656000000000003e-05,1,0.45,D-rand,0.45
1064,A,0,A,0.99,0.98,0.99,0.0,0.0,0.01,488,2.0496e-05,1,0.99,D-rand,0.99
1065,A,0,C,0.56,0.41,0.41,0.01,0.56,0.02,496,2.0832000000000003e-05,0,0.41,D-rand,0.56
1058,D,3,D,0.96,0.95,0.02,0.0,0.02,0.96,451,1.8942000000000003e-05,1,0.96,D-rand,0.96
1069,B,1,B,1.0,1.0,0.0,1.0,0.0,0.0,450,1.89e-05,1,1.0,D-rand,1.0
1067,C,2,C,0.43,0.23,0.25,0.29,0.43,0.03,485,2.037e-05,1,0.43,D-rand,0.43
1070,D,3,A,0.76,0.67,0.76,0.01,0.02,0.21,497,2.0874000000000004e-05,0,0.21,D-rand,0.76
1066,C,2,A,0.76,0.67,0.76,0.05,0.17,0.02,479,2.0118000000000003e-05,0,0.17,D-rand,0.76
1074,D,3,D,0.67,0.56,0.01,0.0,0.32,0.67,598,2.5116e-05,1,0.67,D-rand,0.67
1075,C,2,C,1.0,1.0,0.0,0.0,1.0,0.0,459,1.9278e-05,1,1.0,D-rand,1.0
1071,A,0,A,0.95,0.93,0.95,0.04,0.01,0.0,451,1.8942000000000003e-05,1,0.95,D-rand,0.95
1076,A,0,A,0.99,0.98,0.99,0.0,0.01,0.0,448,1.8816000000000004e-05,1,0.99,D-rand,0.99
1073,D,3,D,0.92,0.89,0.03,0.02,0.03,0.92,456,1.9152e-05,1,0.92,D-rand,0.92
1084,C,2,C,0.8200000000000001,0.77,0.12,0.01,0.8200000000000001,0.05,508,2.1336e-05,1,0.8200000000000001,D-rand,0.8200000000000001
1080,D,3,D,0.92,0.89,0.02,0.02,0.04,0.92,469,1.9698e-05,1,0.92,D-rand,0.92
1078,C,2,C,0.85,0.81,0.11,0.0,0.85,0.04,538,2.2596e-05,1,0.85,D-rand,0.85
1081,B,1,B,0.86,0.8200000000000001,0.03,0.86,0.01,0.1,442,1.8564e-05,1,0.86,D-rand,0.86
1086,C,2,A,0.35,0.14,0.35,0.23,0.23,0.19,449,1.8858e-05,0,0.23,D-rand,0.35
1090,D,3,D,1.0,1.0,0.0,0.0,0.0,1.0,444,1.8648e-05,1,1.0,D-rand,1.0
1091,D,3,D,1.0,0.99,0.0,0.0,0.0,1.0,520,2.1840000000000004e-05,1,1.0,D-rand,1.0
1092,B,1,B,0.7000000000000001,0.6000000000000001,0.19,0.7000000000000001,0.02,0.09,480,2.016e-05,1,0.7000000000000001,D-rand,0.7000000000000001
1093,B,1,C,0.38,0.16,0.22,0.2,0.38,0.2,512,2.1504e-05,0,0.2,D-rand,0.38
1083,D,3,D,0.84,0.79,0.07,0.07,0.02,0.84,466,1.9572e-05,1,0.84,D-rand,0.84
1082,D,3,D,0.8200000000000001,0.76,0.01,0.03,0.14,0.8200000000000001,510,2.142e-05,1,0.8200000000000001,D-rand,0.8200000000000001
1085,C,2,C,0.72,0.63,0.07,0.18,0.72,0.03,443,1.8606e-05,1,0.72,D-rand,0.72
1095,A,0,A,0.96,0.94,0.96,0.02,0.01,0.01,423,1.7766000000000002e-05,1,0.96,D-rand,0.96
1096,C,2,C,0.8200000000000001,0.76,0.12,0.03,0.8200000000000001,0.03,474,1.9908000000000003e-05,1,0.8200000000000001,D-rand,0.8200000000000001
1097,C,2,C,0.55,0.4,0.28,0.1,0.55,0.07,478,2.0076e-05,1,0.55,D-rand,0.55
1098,A,0,A,0.39,0.19,0.39,0.24,0.12,0.25,475,1.9950000000000004e-05,1,0.39,D-rand,0.39
1100,C,2,C,0.52,0.36,0.12,0.33,0.52,0.03,473,1.9866000000000003e-05,1,0.52,D-rand,0.52
1094,B,1,B,0.61,0.49,0.14,0.61,0.02,0.23,470,1.974e-05,1,0.61,D-rand,0.61
1105,D,3,B,0.42,0.23,0.26,0.42,0.01,0.31,471,1.9782000000000005e-05,0,0.31,D-rand,0.42
1107,D,3,D,0.47,0.29,0.06,0.42,0.05,0.47,474,1.9908000000000003e-05,1,0.47,D-rand,0.47
1109,D,3,D,0.96,0.94,0.02,0.0,0.02,0.96,454,1.9068e-05,1,0.96,D-rand,0.96
1111,B,1,B,0.97,0.97,0.01,0.97,0.01,0.01,456,1.9152e-05,1,0.97,D-rand,0.97
1101,C,2,C,0.38,0.17,0.36,0.15,0.38,0.11,465,1.953e-05,1,0.38,D-rand,0.38
1104,C,2,C,0.98,0.98,0.01,0.01,0.98,0.0,486,2.0412e-05,1,0.98,D-rand,0.98
1102,A,0,A,0.89,0.85,0.89,0.07,0.02,0.02,479,2.0118000000000003e-05,1,0.89,D-rand,0.89
1099,A,0,A,0.6900000000000001,0.59,0.6900000000000001,0.05,0.25,0.01,463,1.9446e-05,1,0.6900000000000001,D-rand,0.6900000000000001
1108,C,2,C,0.79,0.72,0.15,0.01,0.79,0.05,457,1.9194000000000003e-05,1,0.79,D-rand,0.79
1113,A,0,B,0.59,0.45,0.31,0.59,0.04,0.06,518,2.1756000000000003e-05,0,0.31,D-rand,0.59
1110,D,3,D,0.65,0.54,0.02,0.29,0.04,0.65,443,1.8606e-05,1,0.65,D-rand,0.65
1114,C,2,D,0.339999999999999,0.13,0.19,0.2,0.27,0.339999999999999,447,1.8774000000000004e-05,0,0.27,D-rand,0.339999999999999
1115,D,3,D,0.38,0.17,0.08,0.18,0.36,0.38,491,2.0622e-05,1,0.38,D-rand,0.38
1119,B,1,C,0.78,0.7000000000000001,0.15,0.02,0.78,0.05,459,1.9278e-05,0,0.02,D-rand,0.78
1122,B,1,B,0.96,0.95,0.03,0.96,0.0,0.01,452,1.8984000000000003e-05,1,0.96,D-rand,0.96
1118,C,2,C,0.97,0.96,0.02,0.01,0.97,0.0,471,1.9782000000000005e-05,1,0.97,D-rand,0.97
1130,D,3,B,0.85,0.79,0.07,0.85,0.03,0.05,444,1.8648e-05,0,0.05,D-rand,0.85
1126,A,0,A,0.87,0.8300000000000001,0.87,0.01,0.06,0.06,479,2.0118000000000003e-05,1,0.87,D-rand,0.87
1132,C,2,C,0.89,0.84,0.02,0.09,0.89,0.0,543,2.2806000000000005e-05,1,0.89,D-rand,0.89
1125,A,0,A,1.0,1.0,1.0,0.0,0.0,0.0,479,2.0118000000000003e-05,1,1.0,D-rand,1.0
1124,D,3,D,0.8,0.73,0.03,0.07,0.1,0.8,491,2.0622e-05,1,0.8,D-rand,0.8
1129,D,3,D,0.98,0.98,0.01,0.0,0.01,0.98,488,2.0496e-05,1,0.98,D-rand,0.98
1123,C,2,C,1.0,0.99,0.0,0.0,1.0,0.0,452,1.8984000000000003e-05,1,1.0,D-rand,1.0
1127,C,2,C,0.66,0.53,0.14,0.17,0.66,0.03,483,2.0286e-05,1,0.66,D-rand,0.66
1133,D,3,D,0.67,0.55,0.21,0.1,0.02,0.67,427,1.7934e-05,1,0.67,D-rand,0.67
1134,A,0,A,0.78,0.72,0.78,0.08,0.02,0.12,457,1.9194000000000003e-05,1,0.78,D-rand,0.78
1131,D,3,D,0.39,0.18,0.15,0.21,0.25,0.39,442,1.8564e-05,1,0.39,D-rand,0.39
1139,C,2,B,0.45,0.28,0.06,0.45,0.45,0.04,471,1.9782000000000005e-05,0,0.45,D-rand,0.45
1135,B,1,B,1.0,1.0,0.0,1.0,0.0,0.0,462,1.9404e-05,1,1.0,D-rand,1.0
1140,D,3,B,0.48,0.3,0.06,0.48,0.14,0.32,464,1.9488000000000004e-05,0,0.32,D-rand,0.48
1136,C,2,D,0.68,0.5700000000000001,0.07,0.02,0.23,0.68,449,1.8858e-05,0,0.23,D-rand,0.68
1137,A,0,A,0.67,0.5700000000000001,0.67,0.29,0.01,0.03,453,1.9026000000000004e-05,1,0.67,D-rand,0.67
1141,C,2,C,0.8,0.73,0.08,0.05,0.8,0.07,436,1.8312e-05,1,0.8,D-rand,0.8
1144,C,2,C,0.73,0.63,0.13,0.09,0.73,0.05,452,1.8984000000000003e-05,1,0.73,D-rand,0.73
1142,C,2,C,0.71,0.62,0.05,0.09,0.71,0.15,447,1.8774000000000004e-05,1,0.71,D-rand,0.71
1143,A,0,A,0.35,0.13,0.35,0.24,0.27,0.14,455,1.911e-05,1,0.35,D-rand,0.35
1150,A,0,A,0.73,0.64,0.73,0.16,0.08,0.03,460,1.932e-05,1,0.73,D-rand,0.73
1147,C,2,B,0.71,0.61,0.13,0.71,0.09,0.07,459,1.9278e-05,0,0.09,D-rand,0.71
1151,B,1,B,0.95,0.94,0.02,0.95,0.02,0.01,449,1.8858e-05,1,0.95,D-rand,0.95
1148,A,0,D,0.8,0.74,0.07,0.01,0.12,0.8,461,1.9362e-05,0,0.07,D-rand,0.8
1152,A,0,A,0.86,0.8200000000000001,0.86,0.04,0.07,0.03,499,2.0958e-05,1,0.86,D-rand,0.86
1155,C,2,C,0.97,0.96,0.01,0.01,0.97,0.01,455,1.911e-05,1,0.97,D-rand,0.97
1158,C,2,A,0.5,0.34,0.5,0.18,0.17,0.15,494,2.0748000000000005e-05,0,0.17,D-rand,0.5
1159,C,2,C,0.7000000000000001,0.6000000000000001,0.12,0.05,0.7000000000000001,0.13,488,2.0496e-05,1,0.7000000000000001,D-rand,0.7000000000000001
1161,C,2,C,0.98,0.98,0.01,0.0,0.98,0.01,502,2.1084000000000003e-05,1,0.98,D-rand,0.98
1160,B,1,B,0.92,0.9,0.02,0.92,0.05,0.01,481,2.0202e-05,1,0.92,D-rand,0.92
1145,D,3,D,0.56,0.42,0.13,0.04,0.27,0.56,508,2.1336e-05,1,0.56,D-rand,0.56
1163,B,1,C,0.8,0.73,0.18,0.01,0.8,0.01,444,1.8648e-05,0,0.01,D-rand,0.8
1154,B,1,B,0.98,0.98,0.01,0.98,0.01,0.0,534,2.2428e-05,1,0.98,D-rand,0.98
1165,D,3,D,1.0,0.99,0.0,0.0,0.0,1.0,469,1.9698e-05,1,1.0,D-rand,1.0
1166,B,1,B,0.47,0.29,0.09,0.47,0.02,0.42,491,2.0622e-05,1,0.47,D-rand,0.47
1162,C,2,C,0.96,0.95,0.02,0.02,0.96,0.0,427,1.7934e-05,1,0.96,D-rand,0.96
1164,C,2,C,0.51,0.34,0.15,0.33,0.51,0.01,513,2.1546e-05,1,0.51,D-rand,0.51
1168,C,2,C,0.97,0.96,0.01,0.0,0.97,0.02,484,2.0328000000000003e-05,1,0.97,D-rand,0.97
1170,A,0,A,0.63,0.51,0.63,0.22,0.04,0.11,469,1.9698e-05,1,0.63,D-rand,0.63
1175,D,3,D,0.95,0.94,0.03,0.01,0.01,0.95,504,2.1168e-05,1,0.95,D-rand,0.95
1173,B,1,B,0.66,0.55,0.11,0.66,0.14,0.09,431,1.8102e-05,1,0.66,D-rand,0.66
1177,D,3,A,0.53,0.38,0.53,0.23,0.05,0.19,482,2.0244e-05,0,0.19,D-rand,0.53
1178,A,0,A,0.89,0.85,0.89,0.04,0.05,0.02,468,1.9656000000000003e-05,1,0.89,D-rand,0.89
1180,A,0,A,0.72,0.63,0.72,0.03,0.18,0.07,502,2.1084000000000003e-05,1,0.72,D-rand,0.72
1181,B,1,B,0.99,0.98,0.0,0.99,0.01,0.0,450,1.89e-05,1,0.99,D-rand,0.99
1172,B,1,A,0.53,0.38,0.53,0.23,0.11,0.13,482,2.0244e-05,0,0.23,D-rand,0.53
1174,A,0,A,0.9,0.86,0.9,0.1,0.0,0.0,530,2.226e-05,1,0.9,D-rand,0.9
1184,D,3,A,0.34,0.12,0.34,0.34,0.12,0.2,460,1.932e-05,0,0.2,D-rand,0.34
1182,A,0,A,0.98,0.98,0.98,0.0,0.01,0.01,445,1.869e-05,1,0.98,D-rand,0.98
1183,D,3,D,0.93,0.91,0.04,0.0,0.02,0.93,493,2.0706000000000005e-05,1,0.93,D-rand,0.93
1187,B,1,B,0.99,0.98,0.0,0.99,0.0,0.01,416,1.7472e-05,1,0.99,D-rand,0.99
1194,D,3,B,0.47,0.29,0.13,0.47,0.03,0.37,459,1.9278e-05,0,0.37,D-rand,0.47
1176,C,2,C,0.98,0.97,0.01,0.01,0.98,0.0,455,1.911e-05,1,0.98,D-rand,0.98
1196,C,2,C,0.98,0.97,0.01,0.01,0.98,0.0,423,1.7766000000000002e-05,1,0.98,D-rand,0.98
1195,C,2,C,0.89,0.85,0.04,0.01,0.89,0.06,493,2.0706000000000005e-05,1,0.89,D-rand,0.89
1197,B,1,B,0.99,0.99,0.01,0.99,0.0,0.0,495,2.0790000000000003e-05,1,0.99,D-rand,0.99
1198,A,0,A,0.61,0.48,0.61,0.14,0.22,0.03,470,1.974e-05,1,0.61,D-rand,0.61
1179,D,3,B,0.63,0.51,0.14,0.63,0.06,0.17,453,1.9026000000000004e-05,0,0.17,D-rand,0.63
1199,B,1,B,1.0,0.99,0.0,1.0,0.0,0.0,445,1.869e-05,1,1.0,D-rand,1.0
1200,B,1,B,0.95,0.94,0.01,0.95,0.01,0.03,435,1.827e-05,1,0.95,D-rand,0.95
1185,B,1,B,0.679999999999999,0.58,0.14,0.679999999999999,0.14,0.04,449,1.8858e-05,1,0.679999999999999,D-rand,0.679999999999999
1192,C,2,A,0.47,0.3,0.47,0.09,0.37,0.07,476,1.9992e-05,0,0.37,D-rand,0.47
1190,D,3,D,0.99,0.99,0.0,0.01,0.0,0.99,444,1.8648e-05,1,0.99,D-rand,0.99
1205,D,3,D,0.77,0.6900000000000001,0.13,0.04,0.06,0.77,532,2.2344e-05,1,0.77,D-rand,0.77
1201,C,2,C,0.49,0.33,0.1,0.34,0.49,0.07,432,1.8144e-05,1,0.49,D-rand,0.49
1206,B,1,D,0.59,0.46,0.04,0.34,0.03,0.59,471,1.9782000000000005e-05,0,0.34,D-rand,0.59
1208,B,1,B,0.43,0.24,0.11,0.43,0.44,0.02,508,2.1336e-05,1,0.43,D-rand,0.43
1209,C,2,C,0.98,0.98,0.01,0.0,0.98,0.01,431,1.8102e-05,1,0.98,D-rand,0.98
1210,A,0,B,0.36,0.14,0.32,0.36,0.16,0.16,513,2.1546e-05,0,0.32,D-rand,0.36
1212,D,3,D,0.96,0.95,0.01,0.02,0.01,0.96,455,1.911e-05,1,0.96,D-rand,0.96
1214,C,2,C,0.84,0.8,0.13,0.02,0.84,0.01,436,1.8312e-05,1,0.84,D-rand,0.84
1213,D,3,D,0.8300000000000001,0.77,0.01,0.15,0.01,0.8300000000000001,456,1.9152e-05,1,0.8300000000000001,D-rand,0.8300000000000001
1216,B,1,D,0.63,0.51,0.18,0.18,0.01,0.63,491,2.0622e-05,0,0.18,D-rand,0.63
1215,A,0,A,0.93,0.9,0.93,0.03,0.01,0.03,435,1.827e-05,1,0.93,D-rand,0.93
1218,C,2,C,0.84,0.79,0.09,0.02,0.84,0.05,434,1.8228e-05,1,0.84,D-rand,0.84
1219,A,0,B,0.59,0.46,0.2,0.59,0.11,0.1,472,1.9824e-05,0,0.2,D-rand,0.59
1223,D,3,D,0.91,0.88,0.03,0.05,0.01,0.91,439,1.8438e-05,1,0.91,D-rand,0.91
1224,D,3,C,0.78,0.72,0.08,0.04,0.78,0.1,466,1.9572e-05,0,0.1,D-rand,0.78
1225,D,3,D,0.88,0.84,0.06,0.04,0.02,0.88,486,2.0412e-05,1,0.88,D-rand,0.88
1228,B,1,A,0.47,0.3,0.47,0.08,0.22,0.23,473,1.9866000000000003e-05,0,0.08,D-rand,0.47
1211,D,3,D,0.99,0.97,0.0,0.0,0.01,0.99,410,1.722e-05,1,0.99,D-rand,0.99
1221,D,3,D,0.87,0.84,0.01,0.1,0.02,0.87,537,2.2554e-05,1,0.87,D-rand,0.87
1226,A,0,A,0.75,0.66,0.75,0.1,0.11,0.04,441,1.8522000000000003e-05,1,0.75,D-rand,0.75
1230,A,0,C,0.42,0.22,0.34,0.12,0.42,0.12,480,2.016e-05,0,0.34,D-rand,0.42
1229,B,1,B,0.79,0.73,0.11,0.79,0.05,0.05,489,2.0538e-05,1,0.79,D-rand,0.79
1227,D,3,D,0.53,0.38,0.09,0.31,0.07,0.53,475,1.9950000000000004e-05,1,0.53,D-rand,0.53
1222,B,1,B,0.99,0.98,0.01,0.99,0.0,0.0,475,1.9950000000000004e-05,1,0.99,D-rand,0.99
1232,A,0,A,0.97,0.96,0.97,0.01,0.02,0.0,501,2.1042000000000003e-05,1,0.97,D-rand,0.97
1233,D,3,C,0.8300000000000001,0.77,0.02,0.02,0.8300000000000001,0.13,506,2.1252000000000003e-05,0,0.13,D-rand,0.8300000000000001
1231,B,1,B,0.68,0.5700000000000001,0.14,0.68,0.1,0.08,468,1.9656000000000003e-05,1,0.68,D-rand,0.68
1234,C,2,C,1.0,1.0,0.0,0.0,1.0,0.0,478,2.0076e-05,1,1.0,D-rand,1.0
1237,A,0,A,1.0,1.0,1.0,0.0,0.0,0.0,477,2.0034e-05,1,1.0,D-rand,1.0
1235,C,2,C,1.0,1.0,0.0,0.0,1.0,0.0,459,1.9278e-05,1,1.0,D-rand,1.0
1236,C,2,C,1.0,1.0,0.0,0.0,1.0,0.0,506,2.1252000000000003e-05,1,1.0,D-rand,1.0
1240,C,2,D,0.3,0.06,0.2,0.26,0.24,0.3,456,1.9152e-05,0,0.24,D-rand,0.3
1239,C,2,A,0.84,0.77,0.84,0.01,0.08,0.07,481,2.0202e-05,0,0.08,D-rand,0.84
1241,B,1,A,0.5700000000000001,0.43,0.5700000000000001,0.41,0.01,0.01,598,2.5116e-05,0,0.41,D-rand,0.5700000000000001
1238,C,2,C,0.93,0.9,0.01,0.03,0.93,0.03,515,2.163e-05,1,0.93,D-rand,0.93
1242,B,1,B,0.87,0.8200000000000001,0.11,0.87,0.01,0.01,414,1.7388e-05,1,0.87,D-rand,0.87
1246,D,3,D,0.92,0.89,0.05,0.01,0.02,0.92,474,1.9908000000000003e-05,1,0.92,D-rand,0.92
1244,B,1,B,0.95,0.93,0.01,0.95,0.03,0.01,443,1.8606e-05,1,0.95,D-rand,0.95
1247,D,3,B,0.56,0.41,0.11,0.56,0.14,0.19,448,1.8816000000000004e-05,0,0.19,D-rand,0.56
1245,A,0,B,0.5,0.34,0.24,0.5,0.14,0.12,470,1.974e-05,0,0.24,D-rand,0.5
1250,B,1,B,0.91,0.87,0.06,0.91,0.02,0.01,469,1.9698e-05,1,0.91,D-rand,0.91
1248,B,1,B,1.0,0.99,0.0,1.0,0.0,0.0,440,1.848e-05,1,1.0,D-rand,1.0
1249,B,1,B,0.96,0.95,0.02,0.96,0.01,0.01,475,1.9950000000000004e-05,1,0.96,D-rand,0.96
1251,B,1,B,0.47,0.3,0.36,0.47,0.15,0.02,430,1.8060000000000003e-05,1,0.47,D-rand,0.47
1255,C,2,C,0.87,0.8200000000000001,0.09,0.02,0.87,0.02,437,1.8354e-05,1,0.87,D-rand,0.87
1256,A,0,A,0.98,0.97,0.98,0.0,0.0,0.02,442,1.8564e-05,1,0.98,D-rand,0.98
1253,D,3,D,0.63,0.5,0.23,0.07,0.07,0.63,462,1.9404e-05,1,0.63,D-rand,0.63
1257,D,3,D,0.98,0.97,0.0,0.0,0.02,0.98,482,2.0244e-05,1,0.98,D-rand,0.98
1252,A,0,A,0.37,0.16,0.37,0.01,0.26,0.36,476,1.9992e-05,1,0.37,D-rand,0.37
1258,D,3,A,0.53,0.38,0.53,0.18,0.15,0.14,431,1.8102e-05,0,0.14,D-rand,0.53
1259,D,3,D,0.67,0.56,0.16,0.11,0.06,0.67,498,2.0916000000000004e-05,1,0.67,D-rand,0.67
1261,C,2,C,1.0,0.99,0.0,0.0,1.0,0.0,447,1.8774000000000004e-05,1,1.0,D-rand,1.0
1260,A,0,A,1.0,1.0,1.0,0.0,0.0,0.0,459,1.9278e-05,1,1.0,D-rand,1.0
1262,A,0,A,0.85,0.8,0.85,0.06,0.02,0.07,434,1.8228e-05,1,0.85,D-rand,0.85
1263,C,2,C,0.97,0.96,0.01,0.01,0.97,0.01,470,1.974e-05,1,0.97,D-rand,0.97
1265,B,1,B,0.92,0.9,0.03,0.92,0.02,0.03,424,1.7808000000000003e-05,1,0.92,D-rand,0.92
1264,B,1,B,0.46,0.28,0.02,0.46,0.31,0.21,507,2.1294e-05,1,0.46,D-rand,0.46
1266,C,2,B,0.31,0.08,0.29,0.31,0.17,0.23,470,1.974e-05,0,0.17,D-rand,0.31
1269,A,0,A,0.99,0.97,0.99,0.01,0.0,0.0,457,1.9194000000000003e-05,1,0.99,D-rand,0.99
1271,B,1,A,0.66,0.55,0.66,0.24,0.03,0.07,463,1.9446e-05,0,0.24,D-rand,0.66
1273,B,1,B,0.52,0.36,0.36,0.52,0.05,0.07,427,1.7934e-05,1,0.52,D-rand,0.52
1272,A,0,A,0.93,0.91,0.93,0.02,0.02,0.03,411,1.7262000000000002e-05,1,0.93,D-rand,0.93
1275,D,3,D,0.71,0.62,0.16,0.07,0.06,0.71,499,2.0958e-05,1,0.71,D-rand,0.71
1270,B,1,B,0.97,0.95,0.0,0.97,0.03,0.0,447,1.8774000000000004e-05,1,0.97,D-rand,0.97
1274,A,0,D,0.54,0.39,0.3,0.08,0.08,0.54,470,1.974e-05,0,0.3,D-rand,0.54
1276,C,2,C,0.85,0.8,0.06,0.05,0.85,0.04,459,1.9278e-05,1,0.85,D-rand,0.85
1277,C,2,C,1.0,1.0,0.0,0.0,1.0,0.0,444,1.8648e-05,1,1.0,D-rand,1.0
1279,A,0,B,0.459999999999999,0.29,0.09,0.459999999999999,0.02,0.43,462,1.9404e-05,0,0.09,D-rand,0.459999999999999
1283,C,2,C,0.59,0.46,0.31,0.08,0.59,0.02,477,2.0034e-05,1,0.59,D-rand,0.59
1281,C,2,C,0.96,0.95,0.01,0.02,0.96,0.01,463,1.9446e-05,1,0.96,D-rand,0.96
1287,C,2,A,0.6900000000000001,0.59,0.6900000000000001,0.17,0.13,0.01,466,1.9572e-05,0,0.13,D-rand,0.6900000000000001
1290,C,2,C,0.64,0.52,0.04,0.25,0.64,0.07,445,1.869e-05,1,0.64,D-rand,0.64
1291,B,1,B,0.79,0.73,0.13,0.79,0.03,0.05,405,1.701e-05,1,0.79,D-rand,0.79
1293,B,1,D,0.46,0.28,0.24,0.22,0.08,0.46,437,1.8354e-05,0,0.22,D-rand,0.46
1289,B,1,B,0.4,0.21,0.28,0.4,0.03,0.29,443,1.8606e-05,1,0.4,D-rand,0.4
1285,D,3,D,0.42,0.24,0.43,0.07,0.08,0.42,437,1.8354e-05,1,0.42,D-rand,0.42
1295,A,0,A,0.6000000000000001,0.46,0.6000000000000001,0.26,0.1,0.04,480,2.016e-05,1,0.6000000000000001,D-rand,0.6000000000000001
1300,B,1,B,0.52,0.36,0.13,0.52,0.3,0.05,457,1.9194000000000003e-05,1,0.52,D-rand,0.52
1297,A,0,A,0.75,0.67,0.75,0.08,0.12,0.05,442,1.8564e-05,1,0.75,D-rand,0.75
1294,C,2,C,0.74,0.65,0.23,0.02,0.74,0.01,466,1.9572e-05,1,0.74,D-rand,0.74
1301,A,0,A,0.97,0.96,0.97,0.0,0.01,0.02,443,1.8606e-05,1,0.97,D-rand,0.97
1304,C,2,C,0.48,0.31,0.09,0.4,0.48,0.03,432,1.8144e-05,1,0.48,D-rand,0.48
1296,D,3,B,0.55,0.41,0.1,0.55,0.25,0.1,462,1.9404e-05,0,0.1,D-rand,0.55
1305,A,0,A,0.93,0.9,0.93,0.03,0.03,0.01,554,2.3268e-05,1,0.93,D-rand,0.93
1307,A,0,A,0.95,0.93,0.95,0.04,0.01,0.0,494,2.0748000000000005e-05,1,0.95,D-rand,0.95
1306,C,2,A,0.41,0.22,0.41,0.35,0.21,0.03,472,1.9824e-05,0,0.21,D-rand,0.41
1308,D,3,D,0.36,0.14,0.28,0.28,0.08,0.36,435,1.827e-05,1,0.36,D-rand,0.36
1311,D,3,D,0.58,0.44,0.29,0.02,0.11,0.58,434,1.8228e-05,1,0.58,D-rand,0.58
1310,C,2,C,0.93,0.9,0.03,0.01,0.93,0.03,444,1.8648e-05,1,0.93,D-rand,0.93
1302,A,0,B,0.77,0.6900000000000001,0.17,0.77,0.01,0.05,463,1.9446e-05,0,0.17,D-rand,0.77
1303,A,0,B,0.47,0.29,0.18,0.47,0.32,0.03,519,2.1798000000000004e-05,0,0.18,D-rand,0.47
1314,C,2,D,0.72,0.62,0.05,0.1,0.13,0.72,510,2.142e-05,0,0.13,D-rand,0.72
1322,D,3,B,0.58,0.45,0.12,0.58,0.2,0.1,452,1.8984000000000003e-05,0,0.1,D-rand,0.58
1324,A,0,A,0.9,0.86,0.9,0.04,0.05,0.01,456,1.9152e-05,1,0.9,D-rand,0.9
1325,D,3,C,0.81,0.75,0.08,0.02,0.81,0.09,496,2.0832000000000003e-05,0,0.09,D-rand,0.81
1313,C,2,C,0.7000000000000001,0.6000000000000001,0.19,0.05,0.7000000000000001,0.06,449,1.8858e-05,1,0.7000000000000001,D-rand,0.7000000000000001
1316,B,1,B,0.92,0.89,0.03,0.92,0.03,0.02,484,2.0328000000000003e-05,1,0.92,D-rand,0.92
1326,D,3,C,0.37,0.16,0.08,0.37,0.37,0.18,455,1.911e-05,0,0.18,D-rand,0.37
1327,C,2,A,0.41,0.22,0.41,0.06,0.16,0.37,444,1.8648e-05,0,0.16,D-rand,0.41
1317,C,2,C,0.47,0.29,0.2,0.21,0.47,0.12,442,1.8564e-05,1,0.47,D-rand,0.47
1320,C,2,B,0.679999999999999,0.58,0.04,0.679999999999999,0.23,0.05,477,2.0034e-05,0,0.23,D-rand,0.679999999999999
1318,A,0,D,0.51,0.35,0.31,0.15,0.03,0.51,517,2.1714000000000003e-05,0,0.31,D-rand,0.51
1328,C,2,C,0.94,0.93,0.04,0.01,0.94,0.01,418,1.7556000000000003e-05,1,0.94,D-rand,0.94
1330,B,1,C,0.67,0.5700000000000001,0.12,0.01,0.67,0.2,494,2.0748000000000005e-05,0,0.01,D-rand,0.67
1329,C,2,C,0.8300000000000001,0.77,0.06,0.04,0.8300000000000001,0.07,472,1.9824e-05,1,0.8300000000000001,D-rand,0.8300000000000001
1334,C,2,C,0.5,0.33,0.1,0.22,0.5,0.18,441,1.8522000000000003e-05,1,0.5,D-rand,0.5
1333,D,3,A,0.86,0.81,0.86,0.01,0.01,0.12,471,1.9782000000000005e-05,0,0.12,D-rand,0.86
1332,B,1,C,0.39,0.18,0.16,0.33,0.39,0.12,477,2.0034e-05,0,0.33,D-rand,0.39
1335,B,1,B,0.74,0.66,0.01,0.74,0.01,0.24,459,1.9278e-05,1,0.74,D-rand,0.74
1337,A,0,A,1.0,0.98,1.0,0.0,0.0,0.0,436,1.8312e-05,1,1.0,D-rand,1.0
1340,B,1,B,0.99,0.98,0.01,0.99,0.0,0.0,480,2.016e-05,1,0.99,D-rand,0.99
1341,B,1,B,1.0,1.0,0.0,1.0,0.0,0.0,480,2.016e-05,1,1.0,D-rand,1.0
1339,A,0,A,0.84,0.78,0.84,0.04,0.11,0.01,434,1.8228e-05,1,0.84,D-rand,0.84
1342,D,3,D,0.88,0.84,0.03,0.02,0.07,0.88,434,1.8228e-05,1,0.88,D-rand,0.88
1345,C,2,C,0.67,0.5700000000000001,0.04,0.01,0.67,0.28,434,1.8228e-05,1,0.67,D-rand,0.67
1343,C,2,C,0.91,0.88,0.01,0.06,0.91,0.02,412,1.7304000000000002e-05,1,0.91,D-rand,0.91
1347,D,3,D,0.6000000000000001,0.47,0.02,0.01,0.37,0.6000000000000001,437,1.8354e-05,1,0.6000000000000001,D-rand,0.6000000000000001
1348,A,0,A,0.72,0.63,0.72,0.06,0.1,0.12,437,1.8354e-05,1,0.72,D-rand,0.72
1350,D,3,B,0.47,0.3,0.11,0.47,0.31,0.11,472,1.9824e-05,0,0.11,D-rand,0.47
1351,A,0,A,0.45,0.27,0.45,0.03,0.4,0.12,455,1.911e-05,1,0.45,D-rand,0.45
1344,A,0,A,0.94,0.91,0.94,0.0,0.06,0.0,434,1.8228e-05,1,0.94,D-rand,0.94
1349,D,3,D,0.97,0.95,0.01,0.02,0.0,0.97,480,2.016e-05,1,0.97,D-rand,0.97
1354,D,3,A,0.84,0.77,0.84,0.02,0.03,0.11,436,1.8312e-05,0,0.11,D-rand,0.84
1352,B,1,B,0.99,0.98,0.01,0.99,0.0,0.0,447,1.8774000000000004e-05,1,0.99,D-rand,0.99
1357,C,2,D,0.39,0.18,0.37,0.19,0.05,0.39,447,1.8774000000000004e-05,0,0.05,D-rand,0.39
1356,C,2,C,1.0,1.0,0.0,0.0,1.0,0.0,446,1.8732000000000003e-05,1,1.0,D-rand,1.0
1359,B,1,C,0.55,0.4,0.13,0.28,0.55,0.04,487,2.0454e-05,0,0.28,D-rand,0.55
1353,C,2,C,0.92,0.89,0.04,0.01,0.92,0.03,503,2.1126e-05,1,0.92,D-rand,0.92
1361,A,0,A,0.99,0.98,0.99,0.0,0.0,0.01,469,1.9698e-05,1,0.99,D-rand,0.99
1358,B,1,B,0.96,0.95,0.01,0.96,0.02,0.01,547,2.2974000000000004e-05,1,0.96,D-rand,0.96
1362,B,1,B,0.99,0.98,0.01,0.99,0.0,0.0,499,2.0958e-05,1,0.99,D-rand,0.99
1367,A,0,A,0.74,0.65,0.74,0.02,0.13,0.11,487,2.0454e-05,1,0.74,D-rand,0.74
1366,A,0,A,1.0,1.0,1.0,0.0,0.0,0.0,448,1.8816000000000004e-05,1,1.0,D-rand,1.0
1364,B,1,D,0.55,0.4,0.04,0.4,0.01,0.55,487,2.0454e-05,0,0.4,D-rand,0.55
1363,A,0,A,1.0,1.0,1.0,0.0,0.0,0.0,498,2.0916000000000004e-05,1,1.0,D-rand,1.0
1365,C,2,C,0.98,0.97,0.01,0.01,0.98,0.0,444,1.8648e-05,1,0.98,D-rand,0.98
1369,C,2,A,0.85,0.8,0.85,0.09,0.01,0.05,435,1.827e-05,0,0.01,D-rand,0.85
1368,D,3,D,1.0,0.99,0.0,0.0,0.0,1.0,535,2.247e-05,1,1.0,D-rand,1.0
1371,D,3,D,0.94,0.91,0.05,0.0,0.01,0.94,406,1.7052000000000002e-05,1,0.94,D-rand,0.94
1375,C,2,C,0.78,0.7000000000000001,0.05,0.05,0.78,0.12,434,1.8228e-05,1,0.78,D-rand,0.78
1374,C,2,D,0.62,0.5,0.04,0.03,0.31,0.62,428,1.7976000000000002e-05,0,0.31,D-rand,0.62
1372,A,0,A,0.78,0.7000000000000001,0.78,0.15,0.04,0.03,424,1.7808000000000003e-05,1,0.78,D-rand,0.78
1377,D,3,B,0.44,0.26,0.08,0.44,0.05,0.43,479,2.0118000000000003e-05,0,0.43,D-rand,0.44
1376,D,3,D,0.84,0.78,0.02,0.08,0.06,0.84,425,1.7850000000000004e-05,1,0.84,D-rand,0.84
1380,D,3,C,0.43,0.24,0.11,0.07,0.43,0.39,423,1.7766000000000002e-05,0,0.39,D-rand,0.43
1378,A,0,C,0.54,0.39,0.42,0.02,0.54,0.02,422,1.7724000000000002e-05,0,0.42,D-rand,0.54
1379,A,0,A,0.74,0.65,0.74,0.22,0.02,0.02,455,1.911e-05,1,0.74,D-rand,0.74
1382,B,1,D,0.339999999999999,0.13,0.17,0.26,0.23,0.339999999999999,418,1.7556000000000003e-05,0,0.26,D-rand,0.339999999999999
1381,A,0,A,0.47,0.29,0.47,0.03,0.07,0.43,446,1.8732000000000003e-05,1,0.47,D-rand,0.47
1383,C,2,A,0.42,0.23,0.42,0.15,0.36,0.07,446,1.8732000000000003e-05,0,0.36,D-rand,0.42
1385,C,2,C,0.92,0.9,0.02,0.01,0.92,0.05,495,2.0790000000000003e-05,1,0.92,D-rand,0.92
1384,B,1,B,0.53,0.38,0.18,0.53,0.15,0.14,445,1.869e-05,1,0.53,D-rand,0.53
1386,C,2,C,0.78,0.71,0.07,0.02,0.78,0.13,468,1.9656000000000003e-05,1,0.78,D-rand,0.78
1388,A,0,A,0.96,0.94,0.96,0.0,0.01,0.03,443,1.8606e-05,1,0.96,D-rand,0.96
1392,D,3,D,0.94,0.93,0.03,0.01,0.02,0.94,424,1.7808000000000003e-05,1,0.94,D-rand,0.94
1391,B,1,B,1.0,0.99,0.0,1.0,0.0,0.0,503,2.1126e-05,1,1.0,D-rand,1.0
1387,A,0,C,0.8300000000000001,0.77,0.13,0.01,0.8300000000000001,0.03,490,2.058e-05,0,0.13,D-rand,0.8300000000000001
1394,C,2,A,0.4,0.2,0.4,0.03,0.31,0.26,505,2.121e-05,0,0.31,D-rand,0.4
1390,B,1,B,0.65,0.54,0.07,0.65,0.24,0.04,478,2.0076e-05,1,0.65,D-rand,0.65
1393,C,2,C,0.86,0.81,0.12,0.01,0.86,0.01,490,2.058e-05,1,0.86,D-rand,0.86
1395,A,0,C,0.5700000000000001,0.43,0.34,0.06,0.5700000000000001,0.03,454,1.9068e-05,0,0.34,D-rand,0.5700000000000001
1397,D,3,A,0.58,0.44,0.58,0.22,0.07,0.13,435,1.827e-05,0,0.13,D-rand,0.58
1396,B,1,B,0.59,0.45,0.14,0.59,0.03,0.24,513,2.1546e-05,1,0.59,D-rand,0.59
1398,A,0,A,0.62,0.49,0.62,0.25,0.06,0.07,463,1.9446e-05,1,0.62,D-rand,0.62
1399,D,3,D,0.78,0.71,0.08,0.12,0.02,0.78,511,2.1462e-05,1,0.78,D-rand,0.78
1403,A,0,A,0.97,0.96,0.97,0.0,0.01,0.02,469,1.9698e-05,1,0.97,D-rand,0.97
1402,A,0,D,0.63,0.51,0.34,0.02,0.01,0.63,416,1.7472e-05,0,0.34,D-rand,0.63
1400,A,0,A,0.6000000000000001,0.46,0.6000000000000001,0.2,0.07,0.13,482,2.0244e-05,1,0.6000000000000001,D-rand,0.6000000000000001
1404,A,0,A,0.95,0.94,0.95,0.01,0.01,0.03,433,1.8186e-05,1,0.95,D-rand,0.95
1406,D,3,D,0.96,0.95,0.01,0.02,0.01,0.96,473,1.9866000000000003e-05,1,0.96,D-rand,0.96
1405,A,0,A,0.93,0.9,0.93,0.06,0.01,0.0,431,1.8102e-05,1,0.93,D-rand,0.93
1408,C,2,C,0.99,0.98,0.0,0.01,0.99,0.0,465,1.953e-05,1,0.99,D-rand,0.99
1407,A,0,A,0.96,0.95,0.96,0.01,0.02,0.01,469,1.9698e-05,1,0.96,D-rand,0.96
1412,D,3,D,1.0,0.99,0.0,0.0,0.0,1.0,468,1.9656000000000003e-05,1,1.0,D-rand,1.0
1410,A,0,A,0.95,0.94,0.95,0.01,0.02,0.02,448,1.8816000000000004e-05,1,0.95,D-rand,0.95
1414,B,1,B,0.49,0.33,0.44,0.49,0.02,0.05,497,2.0874000000000004e-05,1,0.49,D-rand,0.49
1416,A,0,A,1.0,0.99,1.0,0.0,0.0,0.0,541,2.2722e-05,1,1.0,D-rand,1.0
1418,D,3,D,0.68,0.5700000000000001,0.21,0.07,0.04,0.68,426,1.7892000000000004e-05,1,0.68,D-rand,0.68
1417,C,2,C,1.0,1.0,0.0,0.0,1.0,0.0,526,2.2092e-05,1,1.0,D-rand,1.0
1420,B,1,B,0.98,0.96,0.01,0.98,0.01,0.0,442,1.8564e-05,1,0.98,D-rand,0.98
1419,A,0,D,0.59,0.45,0.37,0.02,0.02,0.59,544,2.2848e-05,0,0.37,D-rand,0.59
1425,D,3,D,0.86,0.8,0.01,0.12,0.01,0.86,463,1.9446e-05,1,0.86,D-rand,0.86
1426,B,1,A,0.84,0.78,0.84,0.04,0.0,0.12,466,1.9572e-05,0,0.04,D-rand,0.84
1428,A,0,A,0.8,0.73,0.8,0.03,0.15,0.02,469,1.9698e-05,1,0.8,D-rand,0.8
1429,C,2,C,0.73,0.64,0.12,0.14,0.73,0.01,428,1.7976000000000002e-05,1,0.73,D-rand,0.73
1430,C,2,C,0.8300000000000001,0.77,0.04,0.1,0.8300000000000001,0.03,457,1.9194000000000003e-05,1,0.8300000000000001,D-rand,0.8300000000000001
1431,A,0,A,0.99,0.98,0.99,0.01,0.0,0.0,480,2.016e-05,1,0.99,D-rand,0.99
1433,A,0,A,0.46,0.28,0.46,0.1,0.33,0.11,440,1.848e-05,1,0.46,D-rand,0.46
1435,A,0,A,0.93,0.89,0.93,0.02,0.01,0.04,427,1.7934e-05,1,0.93,D-rand,0.93
1434,D,3,D,0.9,0.87,0.07,0.02,0.01,0.9,430,1.8060000000000003e-05,1,0.9,D-rand,0.9
1439,D,3,D,0.96,0.95,0.01,0.01,0.02,0.96,472,1.9824e-05,1,0.96,D-rand,0.96
1427,C,2,C,0.77,0.68,0.06,0.03,0.77,0.14,530,2.226e-05,1,0.77,D-rand,0.77
1440,A,0,A,0.76,0.68,0.76,0.11,0.05,0.08,428,1.7976000000000002e-05,1,0.76,D-rand,0.76
1442,A,0,A,0.8,0.75,0.8,0.04,0.06,0.1,447,1.8774000000000004e-05,1,0.8,D-rand,0.8
1444,A,0,A,1.0,0.99,1.0,0.0,0.0,0.0,497,2.0874000000000004e-05,1,1.0,D-rand,1.0
1441,D,3,D,0.62,0.49,0.24,0.03,0.11,0.62,465,1.953e-05,1,0.62,D-rand,0.62
1448,B,1,B,0.98,0.97,0.01,0.98,0.0,0.01,495,2.0790000000000003e-05,1,0.98,D-rand,0.98
1447,B,1,B,0.559999999999999,0.42,0.05,0.559999999999999,0.01,0.38,476,1.9992e-05,1,0.559999999999999,D-rand,0.559999999999999
1454,C,2,C,1.0,1.0,0.0,0.0,1.0,0.0,448,1.8816000000000004e-05,1,1.0,D-rand,1.0
1451,D,3,D,1.0,0.99,0.0,0.0,0.0,1.0,482,2.0244e-05,1,1.0,D-rand,1.0
1455,B,1,B,1.0,1.0,0.0,1.0,0.0,0.0,461,1.9362e-05,1,1.0,D-rand,1.0
1457,B,1,B,0.93,0.91,0.0,0.93,0.0,0.07,486,2.0412e-05,1,0.93,D-rand,0.93
1458,A,0,A,0.68,0.5700000000000001,0.68,0.28,0.03,0.01,455,1.911e-05,1,0.68,D-rand,0.68
1456,C,2,C,0.98,0.97,0.02,0.0,0.98,0.0,538,2.2596e-05,1,0.98,D-rand,0.98
1464,A,0,A,0.99,0.98,0.99,0.01,0.0,0.0,502,2.1084000000000003e-05,1,0.99,D-rand,0.99
1465,D,3,D,0.8,0.72,0.03,0.13,0.04,0.8,418,1.7556000000000003e-05,1,0.8,D-rand,0.8
1463,C,2,C,0.87,0.8300000000000001,0.02,0.09,0.87,0.02,501,2.1042000000000003e-05,1,0.87,D-rand,0.87
1466,B,1,B,0.929999999999999,0.92,0.05,0.929999999999999,0.01,0.01,512,2.1504e-05,1,0.929999999999999,D-rand,0.929999999999999
1468,A,0,A,0.68,0.58,0.68,0.23,0.05,0.04,472,1.9824e-05,1,0.68,D-rand,0.68
1470,C,2,C,0.97,0.96,0.01,0.0,0.97,0.02,498,2.0916000000000004e-05,1,0.97,D-rand,0.97
1472,C,2,C,0.62,0.49,0.25,0.04,0.62,0.09,448,1.8816000000000004e-05,1,0.62,D-rand,0.62
1475,D,3,D,0.66,0.55,0.09,0.11,0.14,0.66,495,2.0790000000000003e-05,1,0.66,D-rand,0.66
1477,B,1,B,0.8,0.74,0.03,0.8,0.03,0.14,506,2.1252000000000003e-05,1,0.8,D-rand,0.8
1478,B,1,B,1.0,1.0,0.0,1.0,0.0,0.0,472,1.9824e-05,1,1.0,D-rand,1.0
1479,D,3,D,0.74,0.64,0.02,0.08,0.16,0.74,473,1.9866000000000003e-05,1,0.74,D-rand,0.74
1469,A,0,A,0.98,0.97,0.98,0.02,0.0,0.0,445,1.869e-05,1,0.98,D-rand,0.98
1481,B,1,B,0.8,0.74,0.18,0.8,0.01,0.01,483,2.0286e-05,1,0.8,D-rand,0.8
1480,A,0,A,0.95,0.94,0.95,0.01,0.01,0.03,436,1.8312e-05,1,0.95,D-rand,0.95
1476,B,1,B,0.98,0.97,0.01,0.98,0.01,0.0,469,1.9698e-05,1,0.98,D-rand,0.98
1484,B,1,D,0.41,0.21,0.16,0.36,0.07,0.41,480,2.016e-05,0,0.36,D-rand,0.41
1482,D,3,D,0.54,0.39,0.02,0.18,0.26,0.54,443,1.8606e-05,1,0.54,D-rand,0.54
1487,B,1,B,0.95,0.93,0.03,0.95,0.02,0.0,443,1.8606e-05,1,0.95,D-rand,0.95
1490,A,0,A,1.0,0.99,1.0,0.0,0.0,0.0,470,1.974e-05,1,1.0,D-rand,1.0
1485,B,1,B,0.87,0.8200000000000001,0.01,0.87,0.07,0.05,460,1.932e-05,1,0.87,D-rand,0.87
1483,A,0,A,0.9,0.86,0.9,0.04,0.02,0.04,494,2.0748000000000005e-05,1,0.9,D-rand,0.9
1486,D,3,D,0.95,0.94,0.01,0.04,0.0,0.95,440,1.848e-05,1,0.95,D-rand,0.95
1491,B,1,B,0.59,0.46,0.01,0.59,0.22,0.18,427,1.7934e-05,1,0.59,D-rand,0.59
1492,B,1,B,0.74,0.64,0.22,0.74,0.02,0.02,417,1.7514000000000002e-05,1,0.74,D-rand,0.74
1493,C,2,C,0.94,0.92,0.01,0.02,0.94,0.03,435,1.827e-05,1,0.94,D-rand,0.94
1494,B,1,B,0.98,0.97,0.01,0.98,0.0,0.01,468,1.9656000000000003e-05,1,0.98,D-rand,0.98
1497,C,2,C,0.99,0.98,0.01,0.0,0.99,0.0,510,2.142e-05,1,0.99,D-rand,0.99
1496,A,0,A,0.76,0.68,0.76,0.03,0.08,0.13,503,2.1126e-05,1,0.76,D-rand,0.76
1488,D,3,D,0.8300000000000001,0.78,0.12,0.03,0.02,0.8300000000000001,461,1.9362e-05,1,0.8300000000000001,D-rand,0.8300000000000001
1499,D,3,B,0.8300000000000001,0.78,0.03,0.8300000000000001,0.02,0.12,435,1.827e-05,0,0.12,D-rand,0.8300000000000001
1498,B,1,B,1.0,1.0,0.0,1.0,0.0,0.0,441,1.8522000000000003e-05,1,1.0,D-rand,1.0
1502,B,1,B,0.91,0.89,0.03,0.91,0.05,0.01,479,2.0118000000000003e-05,1,0.91,D-rand,0.91
1503,D,3,D,0.56,0.42,0.03,0.35,0.06,0.56,464,1.9488000000000004e-05,1,0.56,D-rand,0.56
1506,B,1,B,0.93,0.9,0.07,0.93,0.0,0.0,496,2.0832000000000003e-05,1,0.93,D-rand,0.93
1504,D,3,D,0.93,0.91,0.03,0.01,0.03,0.93,424,1.7808000000000003e-05,1,0.93,D-rand,0.93
1501,D,3,D,0.99,0.99,0.01,0.0,0.0,0.99,437,1.8354e-05,1,0.99,D-rand,0.99
1508,D,3,D,0.7000000000000001,0.6000000000000001,0.03,0.25,0.02,0.7000000000000001,480,2.016e-05,1,0.7000000000000001,D-rand,0.7000000000000001
1507,B,1,B,1.0,1.0,0.0,1.0,0.0,0.0,455,1.911e-05,1,1.0,D-rand,1.0
1509,D,3,D,0.52,0.38,0.05,0.41,0.02,0.52,493,2.0706000000000005e-05,1,0.52,D-rand,0.52
1514,B,1,B,0.85,0.81,0.04,0.85,0.03,0.08,430,1.8060000000000003e-05,1,0.85,D-rand,0.85
1513,C,2,A,0.66,0.55,0.66,0.05,0.2,0.09,485,2.037e-05,0,0.2,D-rand,0.66
1515,A,0,A,0.93,0.9,0.93,0.06,0.01,0.0,460,1.932e-05,1,0.93,D-rand,0.93
1516,A,0,A,0.97,0.97,0.97,0.01,0.01,0.01,438,1.8396e-05,1,0.97,D-rand,0.97
1519,A,0,B,0.65,0.52,0.32,0.65,0.02,0.01,440,1.848e-05,0,0.32,D-rand,0.65
1510,B,1,B,0.97,0.95,0.02,0.97,0.0,0.01,426,1.7892000000000004e-05,1,0.97,D-rand,0.97
1512,A,0,A,0.97,0.95,0.97,0.01,0.01,0.01,441,1.8522000000000003e-05,1,0.97,D-rand,0.97
1522,A,0,C,0.37,0.16,0.18,0.25,0.37,0.2,535,2.247e-05,0,0.18,D-rand,0.37
1523,D,3,D,0.64,0.52,0.21,0.02,0.13,0.64,487,2.0454e-05,1,0.64,D-rand,0.64
1520,D,3,D,0.45,0.27,0.2,0.28,0.07,0.45,461,1.9362e-05,1,0.45,D-rand,0.45
1525,A,0,B,0.53,0.38,0.19,0.53,0.08,0.2,466,1.9572e-05,0,0.19,D-rand,0.53
1527,C,2,A,0.53,0.37,0.53,0.02,0.29,0.16,459,1.9278e-05,0,0.29,D-rand,0.53
1528,C,2,A,0.66,0.56,0.66,0.19,0.12,0.03,448,1.8816000000000004e-05,0,0.12,D-rand,0.66
1526,B,1,A,0.42,0.24,0.42,0.37,0.15,0.06,468,1.9656000000000003e-05,0,0.37,D-rand,0.42
1521,C,2,B,0.71,0.6000000000000001,0.15,0.71,0.09,0.05,523,2.1966000000000003e-05,0,0.09,D-rand,0.71
1518,B,1,D,0.62,0.49,0.06,0.17,0.15,0.62,486,2.0412e-05,0,0.17,D-rand,0.62
1532,A,0,A,0.65,0.53,0.65,0.15,0.15,0.05,446,1.8732000000000003e-05,1,0.65,D-rand,0.65
1529,B,1,C,0.54,0.37,0.04,0.41,0.54,0.01,563,2.3646000000000004e-05,0,0.41,D-rand,0.54
1531,C,2,C,0.52,0.36,0.29,0.03,0.52,0.16,413,1.7346e-05,1,0.52,D-rand,0.52
1533,A,0,D,0.35,0.13,0.3,0.22,0.13,0.35,440,1.848e-05,0,0.3,D-rand,0.35
1534,C,2,C,0.7000000000000001,0.6000000000000001,0.18,0.06,0.7000000000000001,0.06,505,2.121e-05,1,0.7000000000000001,D-rand,0.7000000000000001
1536,A,0,A,0.8,0.73,0.8,0.04,0.1,0.06,460,1.932e-05,1,0.8,D-rand,0.8
1537,B,1,B,0.91,0.88,0.04,0.91,0.04,0.01,446,1.8732000000000003e-05,1,0.91,D-rand,0.91
1530,A,0,A,0.92,0.9,0.92,0.04,0.02,0.02,546,2.2932000000000003e-05,1,0.92,D-rand,0.92
1535,B,1,B,0.98,0.97,0.01,0.98,0.0,0.01,454,1.9068e-05,1,0.98,D-rand,0.98
1540,C,2,C,0.99,0.98,0.0,0.0,0.99,0.01,447,1.8774000000000004e-05,1,0.99,D-rand,0.99
1543,A,0,A,0.68,0.5700000000000001,0.68,0.06,0.25,0.01,428,1.7976000000000002e-05,1,0.68,D-rand,0.68
1542,C,2,C,0.91,0.88,0.08,0.0,0.91,0.01,422,1.7724000000000002e-05,1,0.91,D-rand,0.91
1541,C,2,C,0.96,0.95,0.01,0.02,0.96,0.01,448,1.8816000000000004e-05,1,0.96,D-rand,0.96
1545,D,3,D,0.9,0.86,0.02,0.03,0.05,0.9,443,1.8606e-05,1,0.9,D-rand,0.9
1544,A,0,A,0.88,0.85,0.88,0.01,0.02,0.09,449,1.8858e-05,1,0.88,D-rand,0.88
1549,A,0,A,0.53,0.37,0.53,0.41,0.03,0.03,489,2.0538e-05,1,0.53,D-rand,0.53
1548,B,1,B,0.96,0.95,0.02,0.96,0.01,0.01,480,2.016e-05,1,0.96,D-rand,0.96
1546,B,1,B,0.68,0.5700000000000001,0.01,0.68,0.21,0.1,463,1.9446e-05,1,0.68,D-rand,0.68
1551,D,3,D,0.93,0.91,0.03,0.03,0.01,0.93,480,2.016e-05,1,0.93,D-rand,0.93
1550,B,1,B,0.95,0.93,0.04,0.95,0.0,0.01,455,1.911e-05,1,0.95,D-rand,0.95
1554,D,3,D,1.0,0.99,0.0,0.0,0.0,1.0,522,2.1924e-05,1,1.0,D-rand,1.0
1556,B,1,B,0.67,0.55,0.0,0.67,0.0,0.33,476,1.9992e-05,1,0.67,D-rand,0.67
1552,A,0,A,0.58,0.44,0.58,0.04,0.29,0.09,438,1.8396e-05,1,0.58,D-rand,0.58
1557,D,3,D,0.93,0.91,0.02,0.04,0.0,0.93,521,2.1882e-05,1,0.93,D-rand,0.93
1555,C,2,C,1.0,1.0,0.0,0.0,1.0,0.0,431,1.8102e-05,1,1.0,D-rand,1.0
1559,C,2,C,0.9,0.88,0.0,0.01,0.9,0.09,539,2.2638e-05,1,0.9,D-rand,0.9
1558,C,2,C,1.0,1.0,0.0,0.0,1.0,0.0,498,2.0916000000000004e-05,1,1.0,D-rand,1.0
1561,D,3,D,0.95,0.92,0.02,0.0,0.03,0.95,468,1.9656000000000003e-05,1,0.95,D-rand,0.95
1560,B,1,B,0.72,0.62,0.24,0.72,0.02,0.02,495,2.0790000000000003e-05,1,0.72,D-rand,0.72
1563,C,2,C,0.85,0.79,0.01,0.11,0.85,0.03,473,1.9866000000000003e-05,1,0.85,D-rand,0.85
1562,B,1,B,0.64,0.51,0.29,0.64,0.0,0.07,482,2.0244e-05,1,0.64,D-rand,0.64
1564,C,2,B,0.8,0.72,0.03,0.8,0.16,0.01,428,1.7976000000000002e-05,0,0.16,D-rand,0.8
1566,C,2,C,0.87,0.8300000000000001,0.01,0.12,0.87,0.0,481,2.0202e-05,1,0.87,D-rand,0.87
1568,C,2,C,0.679999999999999,0.58,0.03,0.01,0.679999999999999,0.28,479,2.0118000000000003e-05,1,0.679999999999999,D-rand,0.679999999999999
1565,C,2,C,0.91,0.87,0.07,0.0,0.91,0.02,455,1.911e-05,1,0.91,D-rand,0.91
1567,B,1,B,0.97,0.95,0.0,0.97,0.03,0.0,453,1.9026000000000004e-05,1,0.97,D-rand,0.97
1569,C,2,C,0.46,0.28,0.08,0.44,0.46,0.02,462,1.9404e-05,1,0.46,D-rand,0.46
1572,A,0,C,0.48,0.3,0.15,0.36,0.48,0.01,456,1.9152e-05,0,0.15,D-rand,0.48
1570,D,3,D,1.0,1.0,0.0,0.0,0.0,1.0,449,1.8858e-05,1,1.0,D-rand,1.0
1571,B,1,B,0.96,0.93,0.01,0.96,0.0,0.03,482,2.0244e-05,1,0.96,D-rand,0.96
1574,A,0,A,0.78,0.71,0.78,0.02,0.06,0.14,425,1.7850000000000004e-05,1,0.78,D-rand,0.78
1573,A,0,A,0.99,0.99,0.99,0.0,0.01,0.0,431,1.8102e-05,1,0.99,D-rand,0.99
1577,C,2,C,0.95,0.93,0.01,0.01,0.95,0.03,440,1.848e-05,1,0.95,D-rand,0.95
1576,B,1,B,0.52,0.35,0.29,0.52,0.11,0.08,485,2.037e-05,1,0.52,D-rand,0.52
1575,A,0,D,0.44,0.26,0.31,0.01,0.24,0.44,527,2.2134e-05,0,0.31,D-rand,0.44
1580,D,3,D,0.96,0.95,0.01,0.02,0.01,0.96,483,2.0286e-05,1,0.96,D-rand,0.96
1579,D,3,D,0.9,0.85,0.01,0.0,0.09,0.9,437,1.8354e-05,1,0.9,D-rand,0.9
1578,B,1,D,0.77,0.7000000000000001,0.07,0.13,0.03,0.77,454,1.9068e-05,0,0.13,D-rand,0.77
1586,D,3,D,0.71,0.61,0.27,0.01,0.01,0.71,434,1.8228e-05,1,0.71,D-rand,0.71
1584,C,2,C,0.96,0.94,0.04,0.0,0.96,0.0,468,1.9656000000000003e-05,1,0.96,D-rand,0.96
1583,D,3,D,0.96,0.95,0.02,0.01,0.01,0.96,433,1.8186e-05,1,0.96,D-rand,0.96
1585,D,3,D,0.74,0.65,0.15,0.02,0.09,0.74,445,1.869e-05,1,0.74,D-rand,0.74
1582,B,1,B,0.97,0.96,0.03,0.97,0.0,0.0,430,1.8060000000000003e-05,1,0.97,D-rand,0.97
1588,A,0,A,0.99,0.98,0.99,0.0,0.0,0.01,482,2.0244e-05,1,0.99,D-rand,0.99
1593,D,3,B,0.39,0.19,0.11,0.39,0.16,0.34,455,1.911e-05,0,0.34,D-rand,0.39
1590,D,3,D,0.95,0.94,0.02,0.02,0.01,0.95,461,1.9362e-05,1,0.95,D-rand,0.95
1591,B,1,A,0.61,0.48,0.61,0.18,0.07,0.14,442,1.8564e-05,0,0.18,D-rand,0.61
1596,A,0,A,0.53,0.36,0.53,0.02,0.19,0.26,482,2.0244e-05,1,0.53,D-rand,0.53
1595,B,1,B,0.99,0.98,0.01,0.99,0.0,0.0,420,1.764e-05,1,0.99,D-rand,0.99
1599,C,2,C,0.99,0.97,0.0,0.0,0.99,0.01,423,1.7766000000000002e-05,1,0.99,D-rand,0.99
1597,C,2,A,0.39,0.17,0.39,0.18,0.37,0.06,478,2.0076e-05,0,0.37,D-rand,0.39
1598,D,3,D,0.97,0.95,0.01,0.0,0.02,0.97,434,1.8228e-05,1,0.97,D-rand,0.97
1600,C,2,B,0.36,0.16,0.25,0.36,0.27,0.12,465,1.953e-05,0,0.27,D-rand,0.36
1594,C,2,C,0.99,0.99,0.01,0.0,0.99,0.0,463,1.9446e-05,1,0.99,D-rand,0.99
1603,C,2,B,0.46,0.28,0.43,0.46,0.07,0.04,472,1.9824e-05,0,0.07,D-rand,0.46
1605,D,3,A,0.42,0.22,0.42,0.1,0.32,0.16,476,1.9992e-05,0,0.16,D-rand,0.42
1606,A,0,A,0.86,0.81,0.86,0.03,0.1,0.01,481,2.0202e-05,1,0.86,D-rand,0.86
1604,D,3,A,0.84,0.77,0.84,0.02,0.08,0.06,454,1.9068e-05,0,0.06,D-rand,0.84
1608,A,0,C,0.67,0.56,0.13,0.05,0.67,0.15,426,1.7892000000000004e-05,0,0.13,D-rand,0.67
1610,B,1,A,0.47,0.28,0.47,0.45,0.05,0.03,433,1.8186e-05,0,0.45,D-rand,0.47
1609,C,2,C,0.89,0.85,0.07,0.03,0.89,0.01,468,1.9656000000000003e-05,1,0.89,D-rand,0.89
1607,C,2,C,0.39,0.18,0.23,0.05,0.39,0.33,519,2.1798000000000004e-05,1,0.39,D-rand,0.39
1611,C,2,B,0.44,0.25,0.14,0.44,0.36,0.06,466,1.9572e-05,0,0.36,D-rand,0.44
1613,C,2,C,0.42,0.22,0.3,0.05,0.42,0.23,518,2.1756000000000003e-05,1,0.42,D-rand,0.42
1615,A,0,A,0.95,0.93,0.95,0.03,0.0,0.02,521,2.1882e-05,1,0.95,D-rand,0.95
1612,C,2,C,0.65,0.53,0.02,0.28,0.65,0.05,492,2.0664e-05,1,0.65,D-rand,0.65
1614,B,1,B,0.45,0.28,0.27,0.45,0.2,0.08,465,1.953e-05,1,0.45,D-rand,0.45
1617,D,3,D,0.95,0.92,0.01,0.03,0.01,0.95,531,2.2302e-05,1,0.95,D-rand,0.95
1619,B,1,D,0.59,0.45,0.06,0.06,0.29,0.59,498,2.0916000000000004e-05,0,0.06,D-rand,0.59
1618,A,0,D,0.4,0.21,0.36,0.09,0.15,0.4,433,1.8186e-05,0,0.36,D-rand,0.4
1616,B,1,B,0.9,0.86,0.02,0.9,0.08,0.0,473,1.9866000000000003e-05,1,0.9,D-rand,0.9
1620,A,0,A,0.48,0.3,0.48,0.2,0.15,0.17,481,2.0202e-05,1,0.48,D-rand,0.48
1621,A,0,A,0.59,0.46,0.59,0.2,0.04,0.17,454,1.9068e-05,1,0.59,D-rand,0.59
1623,C,2,C,1.0,1.0,0.0,0.0,1.0,0.0,489,2.0538e-05,1,1.0,D-rand,1.0
1628,C,2,B,0.67,0.55,0.16,0.67,0.06,0.11,445,1.869e-05,0,0.06,D-rand,0.67
1627,B,1,B,1.0,1.0,0.0,1.0,0.0,0.0,485,2.037e-05,1,1.0,D-rand,1.0
1626,B,1,D,0.48,0.3,0.24,0.25,0.03,0.48,496,2.0832000000000003e-05,0,0.25,D-rand,0.48
1631,A,0,C,0.5700000000000001,0.43,0.38,0.04,0.5700000000000001,0.01,481,2.0202e-05,0,0.38,D-rand,0.5700000000000001
1629,D,3,D,0.72,0.62,0.21,0.04,0.03,0.72,448,1.8816000000000004e-05,1,0.72,D-rand,0.72
1632,A,0,A,0.43,0.25,0.43,0.08,0.31,0.18,409,1.7178e-05,1,0.43,D-rand,0.43
1633,B,1,C,0.64,0.53,0.05,0.14,0.64,0.17,464,1.9488000000000004e-05,0,0.14,D-rand,0.64
1634,C,2,A,0.47,0.3,0.47,0.25,0.13,0.15,452,1.8984000000000003e-05,0,0.13,D-rand,0.47
1641,A,0,A,0.86,0.8,0.86,0.02,0.09,0.03,514,2.1588e-05,1,0.86,D-rand,0.86
1643,D,3,D,0.8,0.73,0.06,0.08,0.06,0.8,463,1.9446e-05,1,0.8,D-rand,0.8
1638,A,0,A,0.8,0.75,0.8,0.17,0.01,0.02,430,1.8060000000000003e-05,1,0.8,D-rand,0.8
1636,B,1,A,0.49,0.31,0.49,0.38,0.1,0.03,459,1.9278e-05,0,0.38,D-rand,0.49
1637,D,3,D,0.84,0.79,0.04,0.09,0.03,0.84,487,2.0454e-05,1,0.84,D-rand,0.84
1642,D,3,D,0.87,0.8300000000000001,0.01,0.01,0.11,0.87,486,2.0412e-05,1,0.87,D-rand,0.87
1644,B,1,B,0.36,0.15,0.17,0.36,0.19,0.28,426,1.7892000000000004e-05,1,0.36,D-rand,0.36
1650,B,1,B,0.98,0.97,0.01,0.98,0.01,0.0,506,2.1252000000000003e-05,1,0.98,D-rand,0.98
1646,D,3,D,0.64,0.51,0.09,0.21,0.06,0.64,453,1.9026000000000004e-05,1,0.64,D-rand,0.64
1649,D,3,B,0.67,0.56,0.12,0.67,0.07,0.14,423,1.7766000000000002e-05,0,0.14,D-rand,0.67
1647,D,3,D,0.68,0.58,0.03,0.03,0.26,0.68,494,2.0748000000000005e-05,1,0.68,D-rand,0.68
1645,D,3,D,0.6900000000000001,0.59,0.21,0.04,0.06,0.6900000000000001,466,1.9572e-05,1,0.6900000000000001,D-rand,0.6900000000000001
1648,B,1,A,0.51,0.36,0.51,0.24,0.05,0.2,457,1.9194000000000003e-05,0,0.24,D-rand,0.51
1651,B,1,B,0.66,0.54,0.19,0.66,0.08,0.07,424,1.7808000000000003e-05,1,0.66,D-rand,0.66
1652,D,3,D,0.77,0.7000000000000001,0.11,0.03,0.09,0.77,527,2.2134e-05,1,0.77,D-rand,0.77
1656,C,2,C,0.35,0.14,0.1,0.29,0.35,0.26,436,1.8312e-05,1,0.35,D-rand,0.35
1659,A,0,A,0.42,0.23,0.42,0.35,0.08,0.15,463,1.9446e-05,1,0.42,D-rand,0.42
1661,A,0,A,0.86,0.8200000000000001,0.86,0.08,0.05,0.01,470,1.974e-05,1,0.86,D-rand,0.86
1654,C,2,C,1.0,1.0,0.0,0.0,1.0,0.0,426,1.7892000000000004e-05,1,1.0,D-rand,1.0
1657,A,0,A,0.97,0.96,0.97,0.02,0.01,0.0,447,1.8774000000000004e-05,1,0.97,D-rand,0.97
1658,C,2,D,0.86,0.81,0.05,0.05,0.04,0.86,476,1.9992e-05,0,0.04,D-rand,0.86
1655,C,2,B,0.4,0.19,0.37,0.4,0.1,0.13,451,1.8942000000000003e-05,0,0.1,D-rand,0.4
1660,D,3,D,0.47,0.29,0.12,0.35,0.06,0.47,445,1.869e-05,1,0.47,D-rand,0.47
1667,D,3,A,0.45,0.26,0.45,0.07,0.14,0.34,496,2.0832000000000003e-05,0,0.34,D-rand,0.45
1662,C,2,C,0.64,0.53,0.3,0.05,0.64,0.01,475,1.9950000000000004e-05,1,0.64,D-rand,0.64
1665,A,0,C,0.5,0.33,0.3,0.19,0.5,0.01,467,1.9614e-05,0,0.3,D-rand,0.5
1666,D,3,A,0.42,0.24,0.42,0.12,0.31,0.15,456,1.9152e-05,0,0.15,D-rand,0.42
1664,A,0,A,0.96,0.94,0.96,0.01,0.01,0.02,458,1.9236e-05,1,0.96,D-rand,0.96
1670,A,0,A,0.59,0.45,0.59,0.06,0.14,0.21,458,1.9236e-05,1,0.59,D-rand,0.59
1673,D,3,D,0.55,0.39,0.16,0.07,0.22,0.55,439,1.8438e-05,1,0.55,D-rand,0.55
1676,C,2,D,0.76,0.68,0.02,0.02,0.2,0.76,472,1.9824e-05,0,0.2,D-rand,0.76
1671,B,1,A,0.55,0.41,0.55,0.05,0.35,0.05,533,2.2386e-05,0,0.05,D-rand,0.55
1679,C,2,C,1.0,0.99,0.0,0.0,1.0,0.0,474,1.9908000000000003e-05,1,1.0,D-rand,1.0
1678,D,3,D,0.89,0.85,0.03,0.04,0.04,0.89,488,2.0496e-05,1,0.89,D-rand,0.89
1680,C,2,C,0.94,0.92,0.01,0.03,0.94,0.02,444,1.8648e-05,1,0.94,D-rand,0.94
1675,B,1,B,0.93,0.91,0.05,0.93,0.01,0.01,473,1.9866000000000003e-05,1,0.93,D-rand,0.93
1677,A,0,A,0.95,0.93,0.95,0.03,0.01,0.01,497,2.0874000000000004e-05,1,0.95,D-rand,0.95
1682,D,3,B,0.51,0.34,0.16,0.51,0.21,0.12,507,2.1294e-05,0,0.12,D-rand,0.51
1689,D,3,D,0.73,0.64,0.15,0.06,0.06,0.73,462,1.9404e-05,1,0.73,D-rand,0.73
1684,D,3,B,0.71,0.62,0.06,0.71,0.13,0.1,489,2.0538e-05,0,0.1,D-rand,0.71
1685,A,0,A,0.84,0.77,0.84,0.02,0.01,0.13,430,1.8060000000000003e-05,1,0.84,D-rand,0.84
1687,A,0,A,0.7000000000000001,0.6000000000000001,0.7000000000000001,0.03,0.08,0.19,481,2.0202e-05,1,0.7000000000000001,D-rand,0.7000000000000001
1686,B,1,A,0.61,0.48,0.61,0.1,0.22,0.07,512,2.1504e-05,0,0.1,D-rand,0.61
1690,B,1,D,0.36,0.15,0.13,0.28,0.23,0.36,434,1.8228e-05,0,0.28,D-rand,0.36
1694,D,3,D,0.97,0.96,0.02,0.0,0.01,0.97,622,2.6124000000000003e-05,1,0.97,D-rand,0.97
1692,D,3,D,0.88,0.84,0.08,0.02,0.02,0.88,525,2.2050000000000004e-05,1,0.88,D-rand,0.88
1693,C,2,C,0.59,0.46,0.26,0.14,0.59,0.01,507,2.1294e-05,1,0.59,D-rand,0.59
1695,B,1,A,0.59,0.45,0.59,0.25,0.09,0.07,411,1.7262000000000002e-05,0,0.25,D-rand,0.59
1696,A,0,A,0.44,0.25,0.44,0.42,0.06,0.08,464,1.9488000000000004e-05,1,0.44,D-rand,0.44
1703,B,1,B,0.98,0.97,0.01,0.98,0.0,0.01,449,1.8858e-05,1,0.98,D-rand,0.98
1699,B,1,B,0.95,0.94,0.04,0.95,0.0,0.01,506,2.1252000000000003e-05,1,0.95,D-rand,0.95
1697,A,0,B,0.73,0.65,0.19,0.73,0.02,0.06,443,1.8606e-05,0,0.19,D-rand,0.73
1701,D,3,D,0.72,0.62,0.11,0.05,0.12,0.72,480,2.016e-05,1,0.72,D-rand,0.72
1704,B,1,A,0.51,0.36,0.51,0.11,0.09,0.29,465,1.953e-05,0,0.11,D-rand,0.51
1702,B,1,B,1.0,0.99,0.0,1.0,0.0,0.0,508,2.1336e-05,1,1.0,D-rand,1.0
1706,A,0,A,0.6000000000000001,0.47,0.6000000000000001,0.16,0.19,0.05,431,1.8102e-05,1,0.6000000000000001,D-rand,0.6000000000000001
1691,C,2,C,0.67,0.5700000000000001,0.08,0.23,0.67,0.02,503,2.1126e-05,1,0.67,D-rand,0.67
1708,B,1,A,0.46,0.28,0.46,0.17,0.07,0.3,534,2.2428e-05,0,0.17,D-rand,0.46
1709,A,0,A,0.99,0.98,0.99,0.0,0.0,0.01,439,1.8438e-05,1,0.99,D-rand,0.99
1707,C,2,A,0.61,0.49,0.61,0.12,0.08,0.19,458,1.9236e-05,0,0.08,D-rand,0.61
1710,A,0,A,0.59,0.46,0.59,0.01,0.02,0.38,502,2.1084000000000003e-05,1,0.59,D-rand,0.59
1711,C,2,D,0.58,0.43,0.06,0.12,0.24,0.58,511,2.1462e-05,0,0.24,D-rand,0.58
1712,A,0,A,0.98,0.98,0.98,0.01,0.0,0.01,465,1.953e-05,1,0.98,D-rand,0.98
1714,C,2,C,0.91,0.88,0.02,0.02,0.91,0.05,449,1.8858e-05,1,0.91,D-rand,0.91
1713,D,3,D,0.45,0.26,0.25,0.21,0.09,0.45,526,2.2092e-05,1,0.45,D-rand,0.45
1718,A,0,A,0.61,0.49,0.61,0.03,0.26,0.1,489,2.0538e-05,1,0.61,D-rand,0.61
1717,B,1,B,0.49,0.33,0.28,0.49,0.21,0.02,482,2.0244e-05,1,0.49,D-rand,0.49
1715,A,0,A,0.81,0.74,0.81,0.03,0.15,0.01,476,1.9992e-05,1,0.81,D-rand,0.81
1716,A,0,A,0.98,0.97,0.98,0.0,0.0,0.02,523,2.1966000000000003e-05,1,0.98,D-rand,0.98
1720,C,2,C,0.85,0.8,0.01,0.01,0.85,0.13,442,1.8564e-05,1,0.85,D-rand,0.85
1719,D,3,D,1.0,1.0,0.0,0.0,0.0,1.0,522,2.1924e-05,1,1.0,D-rand,1.0
1721,C,2,C,0.92,0.89,0.01,0.01,0.92,0.06,470,1.974e-05,1,0.92,D-rand,0.92
1722,D,3,D,0.87,0.8300000000000001,0.01,0.12,0.0,0.87,458,1.9236e-05,1,0.87,D-rand,0.87
1723,C,2,C,0.77,0.6900000000000001,0.14,0.06,0.77,0.03,462,1.9404e-05,1,0.77,D-rand,0.77
1724,B,1,D,0.8,0.74,0.03,0.15,0.02,0.8,468,1.9656000000000003e-05,0,0.15,D-rand,0.8
1730,C,2,B,0.6900000000000001,0.59,0.11,0.6900000000000001,0.12,0.08,479,2.0118000000000003e-05,0,0.12,D-rand,0.6900000000000001
1726,A,0,A,0.62,0.5,0.62,0.06,0.18,0.14,443,1.8606e-05,1,0.62,D-rand,0.62
1732,A,0,A,0.459999999999999,0.29,0.459999999999999,0.15,0.1,0.29,440,1.848e-05,1,0.459999999999999,D-rand,0.459999999999999
1735,A,0,A,0.62,0.5,0.62,0.07,0.23,0.08,455,1.911e-05,1,0.62,D-rand,0.62
1736,D,3,C,0.41,0.22,0.29,0.19,0.41,0.11,525,2.2050000000000004e-05,0,0.11,D-rand,0.41
1731,B,1,D,0.66,0.54,0.15,0.11,0.08,0.66,480,2.016e-05,0,0.11,D-rand,0.66
1734,C,2,A,0.43,0.24,0.43,0.18,0.13,0.26,449,1.8858e-05,0,0.13,D-rand,0.43
1737,A,0,C,0.66,0.56,0.13,0.18,0.66,0.03,482,2.0244e-05,0,0.13,D-rand,0.66
1740,B,1,B,0.54,0.39,0.4,0.54,0.05,0.01,505,2.121e-05,1,0.54,D-rand,0.54
1742,D,3,D,0.89,0.85,0.01,0.07,0.03,0.89,478,2.0076e-05,1,0.89,D-rand,0.89
1747,D,3,A,0.61,0.48,0.61,0.04,0.32,0.03,478,2.0076e-05,0,0.03,D-rand,0.61
1744,C,2,C,0.77,0.7000000000000001,0.1,0.04,0.77,0.09,495,2.0790000000000003e-05,1,0.77,D-rand,0.77
1749,B,1,A,0.8300000000000001,0.77,0.8300000000000001,0.08,0.04,0.05,441,1.8522000000000003e-05,0,0.08,D-rand,0.8300000000000001
1748,C,2,A,0.5700000000000001,0.43,0.5700000000000001,0.26,0.13,0.04,483,2.0286e-05,0,0.13,D-rand,0.5700000000000001
1745,B,1,B,0.88,0.85,0.07,0.88,0.01,0.04,425,1.7850000000000004e-05,1,0.88,D-rand,0.88
1750,A,0,B,0.48,0.3,0.45,0.48,0.03,0.04,435,1.827e-05,0,0.45,D-rand,0.48
1751,C,2,C,0.95,0.93,0.02,0.03,0.95,0.0,467,1.9614e-05,1,0.95,D-rand,0.95
1746,A,0,C,0.5,0.32,0.36,0.1,0.5,0.04,456,1.9152e-05,0,0.36,D-rand,0.5
1752,B,1,B,0.53,0.37,0.12,0.53,0.21,0.14,443,1.8606e-05,1,0.53,D-rand,0.53
1755,B,1,B,0.59,0.45,0.25,0.59,0.13,0.03,530,2.226e-05,1,0.59,D-rand,0.59
1758,B,1,B,0.97,0.97,0.01,0.97,0.01,0.01,470,1.974e-05,1,0.97,D-rand,0.97
1760,A,0,A,1.0,0.99,1.0,0.0,0.0,0.0,455,1.911e-05,1,1.0,D-rand,1.0
1757,B,1,B,0.399999999999999,0.21,0.03,0.399999999999999,0.25,0.32,484,2.0328000000000003e-05,1,0.399999999999999,D-rand,0.399999999999999
1761,A,0,A,0.75,0.67,0.75,0.16,0.06,0.03,468,1.9656000000000003e-05,1,0.75,D-rand,0.75
1763,C,2,C,0.96,0.95,0.0,0.01,0.96,0.03,481,2.0202e-05,1,0.96,D-rand,0.96
1764,B,1,D,0.78,0.71,0.03,0.16,0.03,0.78,464,1.9488000000000004e-05,0,0.16,D-rand,0.78
1756,D,3,D,0.99,0.98,0.0,0.0,0.01,0.99,455,1.911e-05,1,0.99,D-rand,0.99
1765,C,2,B,0.68,0.5700000000000001,0.16,0.68,0.14,0.02,466,1.9572e-05,0,0.14,D-rand,0.68
1766,A,0,A,0.73,0.62,0.73,0.05,0.2,0.02,460,1.932e-05,1,0.73,D-rand,0.73
1770,C,2,A,0.38,0.18,0.38,0.03,0.25,0.34,518,2.1756000000000003e-05,0,0.25,D-rand,0.38
1768,B,1,B,0.54,0.38,0.08,0.54,0.01,0.37,510,2.142e-05,1,0.54,D-rand,0.54
1771,B,1,A,0.47,0.29,0.47,0.33,0.1,0.1,543,2.2806000000000005e-05,0,0.33,D-rand,0.47
1774,D,3,A,0.4,0.2,0.4,0.12,0.14,0.34,429,1.8018000000000003e-05,0,0.34,D-rand,0.4
1775,B,1,B,1.0,1.0,0.0,1.0,0.0,0.0,452,1.8984000000000003e-05,1,1.0,D-rand,1.0
1780,B,1,B,0.45,0.26,0.23,0.45,0.18,0.14,446,1.8732000000000003e-05,1,0.45,D-rand,0.45
1776,C,2,C,0.93,0.91,0.01,0.06,0.93,0.0,473,1.9866000000000003e-05,1,0.93,D-rand,0.93
1781,C,2,C,0.73,0.64,0.01,0.21,0.73,0.05,563,2.3646000000000004e-05,1,0.73,D-rand,0.73
1778,B,1,B,0.47,0.29,0.18,0.47,0.03,0.32,481,2.0202e-05,1,0.47,D-rand,0.47
1782,A,0,A,0.92,0.9,0.92,0.02,0.01,0.05,504,2.1168e-05,1,0.92,D-rand,0.92
1777,A,0,A,0.8200000000000001,0.76,0.8200000000000001,0.01,0.16,0.01,429,1.8018000000000003e-05,1,0.8200000000000001,D-rand,0.8200000000000001
1783,D,3,D,0.99,0.98,0.01,0.0,0.0,0.99,419,1.7598000000000003e-05,1,0.99,D-rand,0.99
1784,D,3,D,0.95,0.94,0.0,0.01,0.04,0.95,454,1.9068e-05,1,0.95,D-rand,0.95
1785,D,3,D,0.85,0.8,0.12,0.0,0.03,0.85,471,1.9782000000000005e-05,1,0.85,D-rand,0.85
1786,C,2,C,0.99,0.99,0.0,0.01,0.99,0.0,456,1.9152e-05,1,0.99,D-rand,0.99
1790,B,1,B,0.76,0.68,0.08,0.76,0.06,0.1,427,1.7934e-05,1,0.76,D-rand,0.76
1788,D,3,D,0.9,0.87,0.01,0.02,0.07,0.9,431,1.8102e-05,1,0.9,D-rand,0.9
1787,B,1,C,0.53,0.39,0.28,0.17,0.53,0.02,465,1.953e-05,0,0.17,D-rand,0.53
1791,D,3,D,0.74,0.65,0.14,0.1,0.02,0.74,443,1.8606e-05,1,0.74,D-rand,0.74
1792,B,1,D,0.92,0.89,0.01,0.07,0.0,0.92,473,1.9866000000000003e-05,0,0.07,D-rand,0.92
1793,A,0,A,0.35,0.14,0.35,0.3,0.23,0.12,532,2.2344e-05,1,0.35,D-rand,0.35
1794,D,3,D,0.92,0.89,0.01,0.04,0.03,0.92,439,1.8438e-05,1,0.92,D-rand,0.92
1798,C,2,A,0.68,0.5700000000000001,0.68,0.07,0.13,0.12,490,2.058e-05,0,0.13,D-rand,0.68
1795,D,3,D,0.6000000000000001,0.47,0.16,0.23,0.01,0.6000000000000001,546,2.2932000000000003e-05,1,0.6000000000000001,D-rand,0.6000000000000001
1799,B,1,B,0.4,0.19,0.32,0.4,0.23,0.05,434,1.8228e-05,1,0.4,D-rand,0.4
1797,C,2,C,0.41,0.21,0.24,0.26,0.41,0.09,428,1.7976000000000002e-05,1,0.41,D-rand,0.41
1800,D,3,D,0.9,0.86,0.0,0.0,0.1,0.9,508,2.1336e-05,1,0.9,D-rand,0.9
1802,C,2,C,1.0,1.0,0.0,0.0,1.0,0.0,420,1.764e-05,1,1.0,D-rand,1.0
1803,C,2,C,0.8300000000000001,0.76,0.05,0.07,0.8300000000000001,0.05,452,1.8984000000000003e-05,1,0.8300000000000001,D-rand,0.8300000000000001
1801,C,2,C,0.98,0.98,0.01,0.01,0.98,0.0,470,1.974e-05,1,0.98,D-rand,0.98
1806,A,0,A,0.72,0.63,0.72,0.02,0.25,0.01,499,2.0958e-05,1,0.72,D-rand,0.72
1805,C,2,C,0.84,0.79,0.02,0.11,0.84,0.03,462,1.9404e-05,1,0.84,D-rand,0.84
1804,C,2,A,0.53,0.37,0.53,0.08,0.26,0.13,465,1.953e-05,0,0.26,D-rand,0.53
1807,B,1,B,0.81,0.75,0.05,0.81,0.02,0.12,446,1.8732000000000003e-05,1,0.81,D-rand,0.81
1808,C,2,D,0.78,0.7000000000000001,0.07,0.01,0.14,0.78,503,2.1126e-05,0,0.14,D-rand,0.78
1809,D,3,D,0.93,0.9,0.01,0.01,0.05,0.93,423,1.7766000000000002e-05,1,0.93,D-rand,0.93
1810,C,2,C,0.8300000000000001,0.78,0.13,0.02,0.8300000000000001,0.02,466,1.9572e-05,1,0.8300000000000001,D-rand,0.8300000000000001
1811,C,2,C,0.97,0.95,0.01,0.01,0.97,0.01,493,2.0706000000000005e-05,1,0.97,D-rand,0.97
1812,C,2,A,0.55,0.4,0.55,0.35,0.04,0.06,489,2.0538e-05,0,0.04,D-rand,0.55
1816,D,3,D,1.0,1.0,0.0,0.0,0.0,1.0,500,2.1e-05,1,1.0,D-rand,1.0
1814,B,1,B,0.96,0.93,0.03,0.96,0.0,0.01,434,1.8228e-05,1,0.96,D-rand,0.96
1813,C,2,C,0.63,0.5,0.09,0.07,0.63,0.21,509,2.1378e-05,1,0.63,D-rand,0.63
1817,A,0,A,1.0,1.0,1.0,0.0,0.0,0.0,597,2.5074000000000004e-05,1,1.0,D-rand,1.0
1818,D,3,A,0.65,0.52,0.65,0.07,0.19,0.09,522,2.1924e-05,0,0.09,D-rand,0.65
1819,D,3,B,0.62,0.49,0.22,0.62,0.14,0.02,441,1.8522000000000003e-05,0,0.02,D-rand,0.62
1824,B,1,B,0.56,0.42,0.31,0.56,0.05,0.08,431,1.8102e-05,1,0.56,D-rand,0.56
1823,B,1,B,0.73,0.64,0.14,0.73,0.06,0.07,443,1.8606e-05,1,0.73,D-rand,0.73
1826,D,3,B,0.78,0.6900000000000001,0.15,0.78,0.02,0.05,466,1.9572e-05,0,0.05,D-rand,0.78
1829,D,3,D,0.9,0.86,0.04,0.01,0.05,0.9,466,1.9572e-05,1,0.9,D-rand,0.9
1827,D,3,B,0.41,0.21,0.24,0.41,0.28,0.07,459,1.9278e-05,0,0.07,D-rand,0.41
1828,D,3,D,0.74,0.64,0.23,0.01,0.02,0.74,542,2.2764000000000004e-05,1,0.74,D-rand,0.74
1831,C,2,C,0.45,0.26,0.13,0.32,0.45,0.1,429,1.8018000000000003e-05,1,0.45,D-rand,0.45
1830,B,1,A,0.3,0.06,0.3,0.15,0.27,0.28,457,1.9194000000000003e-05,0,0.15,D-rand,0.3
1834,D,3,D,0.6900000000000001,0.58,0.12,0.03,0.16,0.6900000000000001,482,2.0244e-05,1,0.6900000000000001,D-rand,0.6900000000000001
1835,D,3,D,0.62,0.49,0.05,0.11,0.22,0.62,485,2.037e-05,1,0.62,D-rand,0.62
1833,C,2,A,0.63,0.5,0.63,0.06,0.23,0.08,494,2.0748000000000005e-05,0,0.23,D-rand,0.63
1836,C,2,C,1.0,0.99,0.0,0.0,1.0,0.0,458,1.9236e-05,1,1.0,D-rand,1.0
1838,D,3,D,0.88,0.8300000000000001,0.07,0.04,0.01,0.88,471,1.9782000000000005e-05,1,0.88,D-rand,0.88
1837,B,1,D,0.85,0.8,0.04,0.09,0.02,0.85,479,2.0118000000000003e-05,0,0.09,D-rand,0.85
1840,A,0,A,0.74,0.65,0.74,0.2,0.03,0.03,520,2.1840000000000004e-05,1,0.74,D-rand,0.74
1841,A,0,A,1.0,1.0,1.0,0.0,0.0,0.0,466,1.9572e-05,1,1.0,D-rand,1.0
1843,B,1,B,0.97,0.96,0.01,0.97,0.02,0.0,524,2.2008000000000003e-05,1,0.97,D-rand,0.97
1839,C,2,D,0.55,0.4,0.15,0.06,0.24,0.55,495,2.0790000000000003e-05,0,0.24,D-rand,0.55
1845,B,1,B,0.81,0.75,0.09,0.81,0.07,0.03,496,2.0832000000000003e-05,1,0.81,D-rand,0.81
1846,C,2,C,0.46,0.28,0.13,0.29,0.46,0.12,520,2.1840000000000004e-05,1,0.46,D-rand,0.46
1847,C,2,C,1.0,0.99,0.0,0.0,1.0,0.0,468,1.9656000000000003e-05,1,1.0,D-rand,1.0
1844,A,0,A,0.75,0.65,0.75,0.23,0.01,0.01,471,1.9782000000000005e-05,1,0.75,D-rand,0.75
1848,D,3,D,0.97,0.96,0.01,0.02,0.0,0.97,465,1.953e-05,1,0.97,D-rand,0.97
1849,C,2,B,0.48,0.31,0.13,0.48,0.32,0.07,464,1.9488000000000004e-05,0,0.32,D-rand,0.48
1850,C,2,B,0.45,0.27,0.12,0.45,0.36,0.07,416,1.7472e-05,0,0.36,D-rand,0.45
1851,C,2,C,0.85,0.81,0.05,0.04,0.85,0.06,486,2.0412e-05,1,0.85,D-rand,0.85
1852,C,2,A,0.62,0.5,0.62,0.23,0.1,0.05,469,1.9698e-05,0,0.1,D-rand,0.62
1854,B,1,B,0.87,0.8200000000000001,0.05,0.87,0.07,0.01,438,1.8396e-05,1,0.87,D-rand,0.87
1856,C,2,C,0.98,0.96,0.0,0.02,0.98,0.0,570,2.3940000000000005e-05,1,0.98,D-rand,0.98
1853,B,1,B,0.73,0.63,0.03,0.73,0.17,0.07,472,1.9824e-05,1,0.73,D-rand,0.73
1857,D,3,A,0.89,0.86,0.89,0.03,0.06,0.02,440,1.848e-05,0,0.02,D-rand,0.89
1862,D,3,D,0.52,0.36,0.09,0.05,0.34,0.52,456,1.9152e-05,1,0.52,D-rand,0.52
1861,B,1,B,0.87,0.8200000000000001,0.04,0.87,0.07,0.02,448,1.8816000000000004e-05,1,0.87,D-rand,0.87
1860,C,2,C,0.91,0.88,0.07,0.0,0.91,0.02,458,1.9236e-05,1,0.91,D-rand,0.91
1859,B,1,C,0.47,0.29,0.39,0.04,0.47,0.1,473,1.9866000000000003e-05,0,0.04,D-rand,0.47
1863,B,1,B,0.98,0.97,0.01,0.98,0.01,0.0,468,1.9656000000000003e-05,1,0.98,D-rand,0.98
1867,B,1,B,0.5,0.33,0.23,0.5,0.03,0.24,507,2.1294e-05,1,0.5,D-rand,0.5
1865,A,0,B,0.74,0.65,0.23,0.74,0.01,0.02,494,2.0748000000000005e-05,0,0.23,D-rand,0.74
1872,C,2,C,0.8300000000000001,0.77,0.03,0.01,0.8300000000000001,0.13,477,2.0034e-05,1,0.8300000000000001,D-rand,0.8300000000000001
1870,A,0,A,0.87,0.84,0.87,0.05,0.04,0.04,502,2.1084000000000003e-05,1,0.87,D-rand,0.87
1874,B,1,B,0.97,0.96,0.02,0.97,0.0,0.01,572,2.4024e-05,1,0.97,D-rand,0.97
1868,D,3,D,0.88,0.84,0.03,0.06,0.03,0.88,485,2.037e-05,1,0.88,D-rand,0.88
1876,D,3,D,0.95,0.93,0.04,0.01,0.0,0.95,496,2.0832000000000003e-05,1,0.95,D-rand,0.95
1879,D,3,D,0.92,0.9,0.02,0.02,0.04,0.92,454,1.9068e-05,1,0.92,D-rand,0.92
1877,C,2,A,0.48,0.31,0.48,0.07,0.43,0.02,438,1.8396e-05,0,0.43,D-rand,0.48
1880,D,3,D,0.97,0.96,0.02,0.0,0.01,0.97,453,1.9026000000000004e-05,1,0.97,D-rand,0.97
1881,A,0,A,1.0,0.99,1.0,0.0,0.0,0.0,431,1.8102e-05,1,1.0,D-rand,1.0
1882,A,0,D,0.51,0.35,0.15,0.29,0.05,0.51,405,1.701e-05,0,0.15,D-rand,0.51
1884,A,0,A,0.97,0.96,0.97,0.01,0.01,0.01,518,2.1756000000000003e-05,1,0.97,D-rand,0.97
1887,A,0,A,0.99,0.98,0.99,0.01,0.0,0.0,455,1.911e-05,1,0.99,D-rand,0.99
1891,A,0,A,0.99,0.98,0.99,0.01,0.0,0.0,456,1.9152e-05,1,0.99,D-rand,0.99
1888,D,3,D,0.79,0.72,0.17,0.02,0.02,0.79,431,1.8102e-05,1,0.79,D-rand,0.79
1892,D,3,D,0.58,0.45,0.07,0.26,0.09,0.58,495,2.0790000000000003e-05,1,0.58,D-rand,0.58
1890,D,3,D,0.86,0.8200000000000001,0.1,0.02,0.02,0.86,487,2.0454e-05,1,0.86,D-rand,0.86
1883,B,1,A,0.31,0.07,0.31,0.29,0.24,0.16,441,1.8522000000000003e-05,0,0.29,D-rand,0.31
1894,D,3,C,0.38,0.16,0.06,0.2,0.38,0.36,436,1.8312e-05,0,0.36,D-rand,0.38
1893,D,3,D,0.79,0.72,0.03,0.04,0.14,0.79,479,2.0118000000000003e-05,1,0.79,D-rand,0.79
1895,D,3,D,0.78,0.72,0.03,0.04,0.15,0.78,510,2.142e-05,1,0.78,D-rand,0.78
1896,B,1,B,0.81,0.75,0.01,0.81,0.0,0.17,452,1.8984000000000003e-05,1,0.81,D-rand,0.81
1904,A,0,A,0.88,0.84,0.88,0.04,0.01,0.07,499,2.0958e-05,1,0.88,D-rand,0.88
1900,A,0,B,0.93,0.89,0.06,0.93,0.0,0.01,552,2.3184000000000004e-05,0,0.06,D-rand,0.93
1899,C,2,C,0.39,0.19,0.31,0.13,0.39,0.17,446,1.8732000000000003e-05,1,0.39,D-rand,0.39
1897,A,0,A,0.84,0.78,0.84,0.12,0.01,0.03,514,2.1588e-05,1,0.84,D-rand,0.84
1901,B,1,B,0.78,0.7000000000000001,0.1,0.78,0.05,0.07,530,2.226e-05,1,0.78,D-rand,0.78
1905,C,2,C,0.97,0.96,0.01,0.01,0.97,0.01,478,2.0076e-05,1,0.97,D-rand,0.97
1903,C,2,C,0.89,0.85,0.03,0.06,0.89,0.02,480,2.016e-05,1,0.89,D-rand,0.89
1906,D,3,D,0.76,0.6900000000000001,0.18,0.04,0.02,0.76,470,1.974e-05,1,0.76,D-rand,0.76
1910,A,0,A,1.0,0.99,1.0,0.0,0.0,0.0,436,1.8312e-05,1,1.0,D-rand,1.0
1907,B,1,B,0.71,0.62,0.01,0.71,0.27,0.01,471,1.9782000000000005e-05,1,0.71,D-rand,0.71
1908,A,0,A,0.98,0.98,0.98,0.01,0.0,0.01,529,2.2218000000000003e-05,1,0.98,D-rand,0.98
1916,D,3,B,0.75,0.67,0.06,0.75,0.1,0.09,458,1.9236e-05,0,0.09,D-rand,0.75
1917,A,0,B,0.48,0.31,0.46,0.48,0.03,0.03,484,2.0328000000000003e-05,0,0.46,D-rand,0.48
1909,C,2,C,0.5700000000000001,0.43,0.31,0.05,0.5700000000000001,0.07,443,1.8606e-05,1,0.5700000000000001,D-rand,0.5700000000000001
1918,A,0,C,0.85,0.81,0.06,0.08,0.85,0.01,444,1.8648e-05,0,0.06,D-rand,0.85
1919,B,1,B,0.99,0.97,0.01,0.99,0.0,0.0,512,2.1504e-05,1,0.99,D-rand,0.99
1920,D,3,D,0.62,0.49,0.28,0.06,0.04,0.62,448,1.8816000000000004e-05,1,0.62,D-rand,0.62
1922,A,0,A,0.43,0.25,0.43,0.3,0.23,0.04,449,1.8858e-05,1,0.43,D-rand,0.43
1924,C,2,C,0.99,0.98,0.01,0.0,0.99,0.0,446,1.8732000000000003e-05,1,0.99,D-rand,0.99
1927,D,3,A,0.64,0.52,0.64,0.14,0.02,0.2,429,1.8018000000000003e-05,0,0.2,D-rand,0.64
1930,A,0,A,1.0,1.0,1.0,0.0,0.0,0.0,486,2.0412e-05,1,1.0,D-rand,1.0
1932,A,0,A,0.99,0.98,0.99,0.0,0.0,0.01,433,1.8186e-05,1,0.99,D-rand,0.99
1925,A,0,A,0.97,0.95,0.97,0.01,0.02,0.0,469,1.9698e-05,1,0.97,D-rand,0.97
1933,C,2,C,0.39,0.19,0.25,0.02,0.39,0.34,429,1.8018000000000003e-05,1,0.39,D-rand,0.39
1934,A,0,A,0.66,0.55,0.66,0.07,0.23,0.04,417,1.7514000000000002e-05,1,0.66,D-rand,0.66
1935,B,1,B,0.94,0.93,0.02,0.94,0.03,0.01,459,1.9278e-05,1,0.94,D-rand,0.94
1937,D,3,D,0.79,0.72,0.03,0.05,0.13,0.79,446,1.8732000000000003e-05,1,0.79,D-rand,0.79
1940,D,3,B,0.61,0.49,0.05,0.61,0.04,0.3,523,2.1966000000000003e-05,0,0.3,D-rand,0.61
1936,A,0,B,0.6000000000000001,0.47,0.27,0.6000000000000001,0.1,0.03,430,1.8060000000000003e-05,0,0.27,D-rand,0.6000000000000001
1939,A,0,A,0.65,0.53,0.65,0.03,0.05,0.27,445,1.869e-05,1,0.65,D-rand,0.65
1942,C,2,C,0.87,0.8200000000000001,0.06,0.02,0.87,0.05,481,2.0202e-05,1,0.87,D-rand,0.87
1941,C,2,C,0.36,0.14,0.21,0.22,0.36,0.21,477,2.0034e-05,1,0.36,D-rand,0.36
1946,A,0,A,0.99,0.98,0.99,0.0,0.01,0.0,469,1.9698e-05,1,0.99,D-rand,0.99
1947,A,0,A,0.8,0.74,0.8,0.05,0.01,0.14,471,1.9782000000000005e-05,1,0.8,D-rand,0.8
1944,A,0,A,0.88,0.8300000000000001,0.88,0.01,0.03,0.08,506,2.1252000000000003e-05,1,0.88,D-rand,0.88
1949,D,3,A,0.54,0.38,0.54,0.04,0.09,0.33,454,1.9068e-05,0,0.33,D-rand,0.54
1952,A,0,B,0.73,0.64,0.05,0.73,0.02,0.2,437,1.8354e-05,0,0.05,D-rand,0.73
1950,A,0,A,0.9,0.86,0.9,0.02,0.03,0.05,478,2.0076e-05,1,0.9,D-rand,0.9
1953,C,2,C,0.8,0.75,0.13,0.02,0.8,0.05,482,2.0244e-05,1,0.8,D-rand,0.8
1954,C,2,C,0.38,0.17,0.37,0.08,0.38,0.17,497,2.0874000000000004e-05,1,0.38,D-rand,0.38
1955,C,2,C,0.34,0.11,0.22,0.15,0.34,0.29,467,1.9614e-05,1,0.34,D-rand,0.34
1956,A,0,C,0.7000000000000001,0.6000000000000001,0.07,0.09,0.7000000000000001,0.14,465,1.953e-05,0,0.07,D-rand,0.7000000000000001
1959,C,2,B,0.98,0.97,0.01,0.98,0.01,0.0,492,2.0664e-05,0,0.01,D-rand,0.98
1960,A,0,A,0.4,0.19,0.4,0.15,0.07,0.38,482,2.0244e-05,1,0.4,D-rand,0.4
1961,A,0,B,0.63,0.5,0.21,0.63,0.15,0.01,495,2.0790000000000003e-05,0,0.21,D-rand,0.63
1963,A,0,A,1.0,1.0,1.0,0.0,0.0,0.0,558,2.3436e-05,1,1.0,D-rand,1.0
1964,C,2,B,0.59,0.45,0.22,0.59,0.09,0.1,465,1.953e-05,0,0.09,D-rand,0.59
1962,D,3,D,0.92,0.88,0.05,0.01,0.02,0.92,426,1.7892000000000004e-05,1,0.92,D-rand,0.92
1965,D,3,C,0.52,0.35,0.19,0.1,0.52,0.19,464,1.9488000000000004e-05,0,0.19,D-rand,0.52
1966,B,1,A,0.36,0.13,0.36,0.23,0.26,0.15,479,2.0118000000000003e-05,0,0.23,D-rand,0.36
1967,C,2,C,0.7000000000000001,0.62,0.14,0.03,0.7000000000000001,0.13,517,2.1714000000000003e-05,1,0.7000000000000001,D-rand,0.7000000000000001
1968,B,1,B,0.5700000000000001,0.43,0.28,0.5700000000000001,0.07,0.08,469,1.9698e-05,1,0.5700000000000001,D-rand,0.5700000000000001
1969,D,3,D,0.89,0.84,0.03,0.01,0.07,0.89,457,1.9194000000000003e-05,1,0.89,D-rand,0.89
1970,A,0,A,0.74,0.65,0.74,0.13,0.12,0.01,551,2.3142000000000003e-05,1,0.74,D-rand,0.74
1971,B,1,D,0.68,0.5700000000000001,0.05,0.25,0.01,0.68,487,2.0454e-05,0,0.25,D-rand,0.68
1974,C,2,C,0.65,0.53,0.09,0.1,0.65,0.16,444,1.8648e-05,1,0.65,D-rand,0.65
1973,C,2,C,0.55,0.4,0.14,0.14,0.55,0.17,472,1.9824e-05,1,0.55,D-rand,0.55
1979,A,0,A,0.54,0.39,0.54,0.38,0.05,0.03,460,1.932e-05,1,0.54,D-rand,0.54
1977,A,0,A,0.92,0.9,0.92,0.01,0.02,0.05,410,1.722e-05,1,0.92,D-rand,0.92
1980,C,2,C,0.87,0.8300000000000001,0.06,0.02,0.87,0.05,444,1.8648e-05,1,0.87,D-rand,0.87
1975,A,0,A,0.95,0.94,0.95,0.02,0.02,0.01,465,1.953e-05,1,0.95,D-rand,0.95
1983,C,2,C,1.0,0.99,0.0,0.0,1.0,0.0,507,2.1294e-05,1,1.0,D-rand,1.0
1981,C,2,C,0.42,0.23,0.12,0.26,0.42,0.2,516,2.1672000000000005e-05,1,0.42,D-rand,0.42
1982,D,3,D,0.45,0.25,0.07,0.04,0.44,0.45,425,1.7850000000000004e-05,1,0.45,D-rand,0.45
1984,A,0,B,0.53,0.37,0.34,0.53,0.02,0.11,493,2.0706000000000005e-05,0,0.34,D-rand,0.53
1986,B,1,D,0.42,0.22,0.13,0.29,0.16,0.42,455,1.911e-05,0,0.29,D-rand,0.42
1987,A,0,A,0.64,0.52,0.64,0.16,0.18,0.02,436,1.8312e-05,1,0.64,D-rand,0.64
1985,D,3,D,1.0,0.99,0.0,0.0,0.0,1.0,485,2.037e-05,1,1.0,D-rand,1.0
1988,A,0,A,0.91,0.88,0.91,0.01,0.02,0.06,441,1.8522000000000003e-05,1,0.91,D-rand,0.91
1990,A,0,B,0.5700000000000001,0.43,0.25,0.5700000000000001,0.16,0.02,446,1.8732000000000003e-05,0,0.25,D-rand,0.5700000000000001
1993,C,2,A,0.49,0.33,0.49,0.06,0.44,0.01,481,2.0202e-05,0,0.44,D-rand,0.49
1991,D,3,D,0.64,0.5,0.21,0.05,0.1,0.64,461,1.9362e-05,1,0.64,D-rand,0.64
1992,B,1,B,0.99,0.98,0.01,0.99,0.0,0.0,426,1.7892000000000004e-05,1,0.99,D-rand,0.99
1995,D,3,D,0.37,0.15,0.28,0.3,0.05,0.37,459,1.9278e-05,1,0.37,D-rand,0.37
1996,B,1,C,0.59,0.45,0.27,0.11,0.59,0.03,509,2.1378e-05,0,0.11,D-rand,0.59
1997,A,0,A,0.99,0.98,0.99,0.0,0.0,0.01,507,2.1294e-05,1,0.99,D-rand,0.99
1998,A,0,A,0.8200000000000001,0.76,0.8200000000000001,0.07,0.03,0.08,485,2.037e-05,1,0.8200000000000001,D-rand,0.8200000000000001
2000,A,0,A,0.76,0.68,0.76,0.13,0.04,0.07,415,1.743e-05,1,0.76,D-rand,0.76
2001,B,1,D,0.48,0.31,0.2,0.26,0.06,0.48,474,1.9908000000000003e-05,0,0.26,D-rand,0.48
2002,C,2,B,0.6900000000000001,0.59,0.01,0.6900000000000001,0.29,0.01,491,2.0622e-05,0,0.29,D-rand,0.6900000000000001
2004,D,3,D,0.34,0.11,0.15,0.24,0.27,0.34,427,1.7934e-05,1,0.34,D-rand,0.34
2005,A,0,A,0.65,0.54,0.65,0.33,0.01,0.01,537,2.2554e-05,1,0.65,D-rand,0.65
2008,D,3,D,0.98,0.97,0.01,0.01,0.0,0.98,513,2.1546e-05,1,0.98,D-rand,0.98
2007,B,1,B,0.92,0.9,0.05,0.92,0.01,0.02,449,1.8858e-05,1,0.92,D-rand,0.92
2011,B,1,B,0.8200000000000001,0.76,0.09,0.8200000000000001,0.03,0.06,426,1.7892000000000004e-05,1,0.8200000000000001,D-rand,0.8200000000000001
2015,D,3,D,0.85,0.81,0.1,0.02,0.03,0.85,482,2.0244e-05,1,0.85,D-rand,0.85
2010,D,3,D,0.87,0.8300000000000001,0.01,0.04,0.08,0.87,489,2.0538e-05,1,0.87,D-rand,0.87
2013,D,3,A,0.45,0.27,0.45,0.17,0.06,0.32,441,1.8522000000000003e-05,0,0.32,D-rand,0.45
2016,D,3,B,0.47,0.29,0.06,0.47,0.05,0.42,457,1.9194000000000003e-05,0,0.42,D-rand,0.47
2017,C,2,C,0.88,0.85,0.04,0.03,0.88,0.05,466,1.9572e-05,1,0.88,D-rand,0.88
2020,B,1,B,0.98,0.98,0.01,0.98,0.01,0.0,499,2.0958e-05,1,0.98,D-rand,0.98
2019,D,3,B,0.63,0.5,0.11,0.63,0.03,0.23,433,1.8186e-05,0,0.23,D-rand,0.63
2021,A,0,D,0.36,0.14,0.3,0.26,0.08,0.36,460,1.932e-05,0,0.3,D-rand,0.36
2023,D,3,D,0.8200000000000001,0.77,0.08,0.08,0.02,0.8200000000000001,462,1.9404e-05,1,0.8200000000000001,D-rand,0.8200000000000001
2025,C,2,A,0.59,0.45,0.59,0.34,0.04,0.03,558,2.3436e-05,0,0.04,D-rand,0.59
2024,B,1,B,0.9,0.87,0.09,0.9,0.01,0.0,520,2.1840000000000004e-05,1,0.9,D-rand,0.9
2026,B,1,C,0.46,0.28,0.06,0.13,0.46,0.35,461,1.9362e-05,0,0.13,D-rand,0.46
2027,A,0,A,0.8300000000000001,0.76,0.8300000000000001,0.11,0.0,0.06,449,1.8858e-05,1,0.8300000000000001,D-rand,0.8300000000000001
2029,D,3,A,0.54,0.39,0.54,0.11,0.23,0.12,431,1.8102e-05,0,0.12,D-rand,0.54
2031,D,3,D,0.52,0.36,0.21,0.22,0.05,0.52,434,1.8228e-05,1,0.52,D-rand,0.52
2032,D,3,D,0.38,0.17,0.29,0.08,0.25,0.38,470,1.974e-05,1,0.38,D-rand,0.38
2030,B,1,A,0.47,0.29,0.47,0.35,0.09,0.09,536,2.2512e-05,0,0.35,D-rand,0.47
2035,D,3,C,0.52,0.37,0.28,0.16,0.52,0.04,502,2.1084000000000003e-05,0,0.04,D-rand,0.52
2034,C,2,B,0.46,0.28,0.31,0.46,0.1,0.13,440,1.848e-05,0,0.1,D-rand,0.46
2037,B,1,A,0.35,0.13,0.35,0.29,0.26,0.1,476,1.9992e-05,0,0.29,D-rand,0.35
2039,C,2,C,0.84,0.78,0.0,0.02,0.84,0.14,451,1.8942000000000003e-05,1,0.84,D-rand,0.84
2040,D,3,D,1.0,1.0,0.0,0.0,0.0,1.0,512,2.1504e-05,1,1.0,D-rand,1.0
2036,B,1,C,0.48,0.31,0.15,0.31,0.48,0.06,501,2.1042000000000003e-05,0,0.31,D-rand,0.48
2033,A,0,D,0.8,0.73,0.08,0.1,0.02,0.8,429,1.8018000000000003e-05,0,0.08,D-rand,0.8
2038,A,0,A,0.92,0.89,0.92,0.03,0.04,0.01,472,1.9824e-05,1,0.92,D-rand,0.92
2041,D,3,C,0.459999999999999,0.29,0.05,0.05,0.459999999999999,0.44,477,2.0034e-05,0,0.44,D-rand,0.459999999999999
2042,D,3,D,0.64,0.53,0.26,0.07,0.03,0.64,468,1.9656000000000003e-05,1,0.64,D-rand,0.64
2044,B,1,B,0.62,0.5,0.34,0.62,0.02,0.02,446,1.8732000000000003e-05,1,0.62,D-rand,0.62
2043,B,1,B,0.99,0.97,0.01,0.99,0.0,0.0,465,1.953e-05,1,0.99,D-rand,0.99
2046,D,3,A,0.58,0.43,0.58,0.0,0.0,0.42,531,2.2302e-05,0,0.42,D-rand,0.58
2048,A,0,A,0.99,0.99,0.99,0.0,0.0,0.01,443,1.8606e-05,1,0.99,D-rand,0.99
2047,D,3,B,0.53,0.37,0.11,0.53,0.2,0.16,473,1.9866000000000003e-05,0,0.16,D-rand,0.53
2049,A,0,B,0.43,0.24,0.15,0.43,0.03,0.39,461,1.9362e-05,0,0.15,D-rand,0.43
2053,B,1,A,0.46,0.28,0.46,0.16,0.32,0.06,464,1.9488000000000004e-05,0,0.16,D-rand,0.46
2052,C,2,A,0.58,0.44,0.58,0.03,0.27,0.12,437,1.8354e-05,0,0.27,D-rand,0.58
2054,C,2,C,0.52,0.36,0.11,0.01,0.52,0.36,463,1.9446e-05,1,0.52,D-rand,0.52
2056,C,2,D,0.51,0.35,0.23,0.11,0.15,0.51,484,2.0328000000000003e-05,0,0.15,D-rand,0.51
2057,B,1,B,0.92,0.9,0.03,0.92,0.01,0.04,454,1.9068e-05,1,0.92,D-rand,0.92
2059,B,1,B,0.73,0.64,0.19,0.73,0.02,0.06,459,1.9278e-05,1,0.73,D-rand,0.73
2058,B,1,B,0.89,0.85,0.02,0.89,0.08,0.01,550,2.31e-05,1,0.89,D-rand,0.89
2060,C,2,C,0.93,0.9,0.01,0.01,0.93,0.05,473,1.9866000000000003e-05,1,0.93,D-rand,0.93
2061,D,3,C,0.41,0.21,0.27,0.18,0.41,0.14,425,1.7850000000000004e-05,0,0.14,D-rand,0.41
2062,B,1,A,0.44,0.25,0.44,0.44,0.08,0.04,446,1.8732000000000003e-05,0,0.44,D-rand,0.44
2064,A,0,A,0.99,0.98,0.99,0.0,0.0,0.01,449,1.8858e-05,1,0.99,D-rand,0.99
2065,D,3,D,0.8300000000000001,0.77,0.04,0.09,0.04,0.8300000000000001,429,1.8018000000000003e-05,1,0.8300000000000001,D-rand,0.8300000000000001
2068,B,1,B,0.43,0.24,0.12,0.43,0.21,0.24,472,1.9824e-05,1,0.43,D-rand,0.43
2063,D,3,A,0.44,0.25,0.44,0.04,0.4,0.12,470,1.974e-05,0,0.12,D-rand,0.44
2069,A,0,A,0.8,0.74,0.8,0.02,0.13,0.05,446,1.8732000000000003e-05,1,0.8,D-rand,0.8
2070,C,2,C,0.95,0.93,0.01,0.01,0.95,0.03,446,1.8732000000000003e-05,1,0.95,D-rand,0.95
2071,D,3,D,0.63,0.51,0.3,0.04,0.03,0.63,468,1.9656000000000003e-05,1,0.63,D-rand,0.63
2075,D,3,D,0.87,0.8200000000000001,0.09,0.01,0.03,0.87,505,2.121e-05,1,0.87,D-rand,0.87
2074,C,2,C,1.0,1.0,0.0,0.0,1.0,0.0,473,1.9866000000000003e-05,1,1.0,D-rand,1.0
2073,D,3,D,0.55,0.41,0.22,0.02,0.2,0.55,426,1.7892000000000004e-05,1,0.55,D-rand,0.55
2078,A,0,A,0.8,0.74,0.8,0.12,0.05,0.03,502,2.1084000000000003e-05,1,0.8,D-rand,0.8
2077,D,3,A,0.51,0.34,0.51,0.21,0.15,0.13,417,1.7514000000000002e-05,0,0.13,D-rand,0.51
2076,D,3,D,0.6900000000000001,0.59,0.02,0.27,0.02,0.6900000000000001,506,2.1252000000000003e-05,1,0.6900000000000001,D-rand,0.6900000000000001
2079,B,1,B,0.6000000000000001,0.47,0.04,0.6000000000000001,0.34,0.02,477,2.0034e-05,1,0.6000000000000001,D-rand,0.6000000000000001
2081,A,0,A,0.96,0.95,0.96,0.02,0.01,0.01,471,1.9782000000000005e-05,1,0.96,D-rand,0.96
2083,D,3,D,0.98,0.98,0.01,0.01,0.0,0.98,516,2.1672000000000005e-05,1,0.98,D-rand,0.98
2084,B,1,C,0.72,0.63,0.1,0.06,0.72,0.12,441,1.8522000000000003e-05,0,0.06,D-rand,0.72
2086,C,2,C,0.8,0.73,0.03,0.16,0.8,0.01,458,1.9236e-05,1,0.8,D-rand,0.8
2088,B,1,B,0.71,0.62,0.24,0.71,0.04,0.01,509,2.1378e-05,1,0.71,D-rand,0.71
2087,B,1,B,1.0,0.98,0.0,1.0,0.0,0.0,457,1.9194000000000003e-05,1,1.0,D-rand,1.0
2085,D,3,D,0.8300000000000001,0.78,0.04,0.08,0.05,0.8300000000000001,443,1.8606e-05,1,0.8300000000000001,D-rand,0.8300000000000001
2090,D,3,D,0.98,0.97,0.02,0.0,0.0,0.98,497,2.0874000000000004e-05,1,0.98,D-rand,0.98
2089,A,0,A,0.37,0.15,0.37,0.08,0.24,0.31,457,1.9194000000000003e-05,1,0.37,D-rand,0.37
2091,B,1,B,0.61,0.47,0.14,0.61,0.19,0.06,457,1.9194000000000003e-05,1,0.61,D-rand,0.61
2092,D,3,D,0.9,0.88,0.03,0.05,0.02,0.9,447,1.8774000000000004e-05,1,0.9,D-rand,0.9
2093,A,0,A,0.97,0.96,0.97,0.01,0.01,0.01,434,1.8228e-05,1,0.97,D-rand,0.97
2094,D,3,D,0.96,0.94,0.02,0.01,0.01,0.96,449,1.8858e-05,1,0.96,D-rand,0.96
2095,D,3,D,0.84,0.8,0.03,0.11,0.02,0.84,433,1.8186e-05,1,0.84,D-rand,0.84
2096,A,0,B,0.38,0.17,0.33,0.38,0.04,0.25,438,1.8396e-05,0,0.33,D-rand,0.38
2100,D,3,C,0.34,0.12,0.2,0.26,0.34,0.2,458,1.9236e-05,0,0.2,D-rand,0.34
2098,A,0,A,0.73,0.64,0.73,0.14,0.08,0.05,487,2.0454e-05,1,0.73,D-rand,0.73
2097,C,2,C,0.66,0.55,0.13,0.05,0.66,0.16,434,1.8228e-05,1,0.66,D-rand,0.66
2099,A,0,A,0.48,0.31,0.48,0.04,0.25,0.23,447,1.8774000000000004e-05,1,0.48,D-rand,0.48
2104,C,2,C,0.71,0.61,0.27,0.01,0.71,0.01,467,1.9614e-05,1,0.71,D-rand,0.71
2101,C,2,C,0.68,0.58,0.03,0.02,0.68,0.26,464,1.9488000000000004e-05,1,0.68,D-rand,0.68
2103,C,2,C,0.8200000000000001,0.76,0.01,0.16,0.8200000000000001,0.01,445,1.869e-05,1,0.8200000000000001,D-rand,0.8200000000000001
2102,C,2,D,0.37,0.15,0.05,0.35,0.23,0.37,433,1.8186e-05,0,0.23,D-rand,0.37
2108,D,3,D,0.77,0.6900000000000001,0.0,0.01,0.22,0.77,460,1.932e-05,1,0.77,D-rand,0.77
2105,C,2,D,0.77,0.7000000000000001,0.08,0.08,0.07,0.77,448,1.8816000000000004e-05,0,0.07,D-rand,0.77
2110,C,2,C,0.6900000000000001,0.59,0.04,0.01,0.6900000000000001,0.26,442,1.8564e-05,1,0.6900000000000001,D-rand,0.6900000000000001
2107,D,3,B,0.32,0.09,0.19,0.32,0.22,0.27,547,2.2974000000000004e-05,0,0.27,D-rand,0.32
2111,D,3,C,0.62,0.5,0.06,0.15,0.62,0.17,460,1.932e-05,0,0.17,D-rand,0.62
2113,C,2,C,0.95,0.94,0.02,0.02,0.95,0.01,499,2.0958e-05,1,0.95,D-rand,0.95
2114,D,3,D,0.92,0.9,0.06,0.01,0.01,0.92,439,1.8438e-05,1,0.92,D-rand,0.92
2112,D,3,D,0.6000000000000001,0.48,0.02,0.22,0.16,0.6000000000000001,432,1.8144e-05,1,0.6000000000000001,D-rand,0.6000000000000001
2116,C,2,C,0.97,0.96,0.0,0.0,0.97,0.03,456,1.9152e-05,1,0.97,D-rand,0.97
2118,D,3,B,0.61,0.47,0.03,0.61,0.01,0.35,552,2.3184000000000004e-05,0,0.35,D-rand,0.61
2119,B,1,B,0.72,0.64,0.15,0.72,0.08,0.05,473,1.9866000000000003e-05,1,0.72,D-rand,0.72
2117,B,1,B,0.58,0.45,0.05,0.58,0.24,0.13,513,2.1546e-05,1,0.58,D-rand,0.58
2122,C,2,C,0.91,0.87,0.01,0.07,0.91,0.01,447,1.8774000000000004e-05,1,0.91,D-rand,0.91
2120,D,3,D,0.65,0.53,0.03,0.02,0.3,0.65,465,1.953e-05,1,0.65,D-rand,0.65
2121,B,1,B,0.68,0.5700000000000001,0.19,0.68,0.1,0.03,442,1.8564e-05,1,0.68,D-rand,0.68
2123,A,0,A,1.0,1.0,1.0,0.0,0.0,0.0,445,1.869e-05,1,1.0,D-rand,1.0
2124,A,0,A,0.97,0.95,0.97,0.03,0.0,0.0,487,2.0454e-05,1,0.97,D-rand,0.97
2126,C,2,A,0.6000000000000001,0.47,0.6000000000000001,0.08,0.13,0.19,461,1.9362e-05,0,0.13,D-rand,0.6000000000000001
2127,C,2,D,0.6900000000000001,0.6000000000000001,0.15,0.03,0.13,0.6900000000000001,479,2.0118000000000003e-05,0,0.13,D-rand,0.6900000000000001
2131,C,2,C,0.38,0.17,0.31,0.07,0.38,0.24,481,2.0202e-05,1,0.38,D-rand,0.38
2129,C,2,C,0.77,0.6900000000000001,0.07,0.01,0.77,0.15,467,1.9614e-05,1,0.77,D-rand,0.77
2130,D,3,D,0.7000000000000001,0.6000000000000001,0.11,0.13,0.06,0.7000000000000001,414,1.7388e-05,1,0.7000000000000001,D-rand,0.7000000000000001
2128,C,2,C,0.84,0.78,0.08,0.01,0.84,0.07,478,2.0076e-05,1,0.84,D-rand,0.84
2134,B,1,B,0.55,0.4,0.37,0.55,0.01,0.07,425,1.7850000000000004e-05,1,0.55,D-rand,0.55
2133,A,0,C,0.49,0.32,0.48,0.01,0.49,0.02,506,2.1252000000000003e-05,0,0.48,D-rand,0.49
2135,B,1,B,0.51,0.35,0.28,0.51,0.15,0.06,465,1.953e-05,1,0.51,D-rand,0.51
2143,C,2,C,0.9,0.86,0.07,0.02,0.9,0.01,551,2.3142000000000003e-05,1,0.9,D-rand,0.9
2140,D,3,D,0.93,0.9,0.0,0.01,0.06,0.93,455,1.911e-05,1,0.93,D-rand,0.93
2145,D,3,D,0.84,0.78,0.08,0.07,0.01,0.84,475,1.9950000000000004e-05,1,0.84,D-rand,0.84
2141,C,2,B,0.79,0.71,0.0,0.79,0.14,0.07,437,1.8354e-05,0,0.14,D-rand,0.79
2146,A,0,C,0.71,0.61,0.23,0.02,0.71,0.04,454,1.9068e-05,0,0.23,D-rand,0.71
2147,A,0,A,0.71,0.61,0.71,0.06,0.23,0.0,492,2.0664e-05,1,0.71,D-rand,0.71
2148,D,3,D,0.84,0.79,0.05,0.02,0.09,0.84,460,1.932e-05,1,0.84,D-rand,0.84
2152,A,0,B,0.52,0.35,0.31,0.52,0.09,0.08,429,1.8018000000000003e-05,0,0.31,D-rand,0.52
2149,C,2,C,0.62,0.5,0.04,0.27,0.62,0.07,453,1.9026000000000004e-05,1,0.62,D-rand,0.62
2151,B,1,B,0.78,0.72,0.07,0.78,0.04,0.11,431,1.8102e-05,1,0.78,D-rand,0.78
2154,A,0,A,0.78,0.71,0.78,0.03,0.12,0.07,437,1.8354e-05,1,0.78,D-rand,0.78
2153,C,2,B,0.4,0.2,0.31,0.4,0.21,0.08,430,1.8060000000000003e-05,0,0.21,D-rand,0.4
2155,C,2,B,0.77,0.6900000000000001,0.05,0.77,0.02,0.16,447,1.8774000000000004e-05,0,0.02,D-rand,0.77
2157,D,3,B,0.44,0.25,0.09,0.44,0.29,0.18,468,1.9656000000000003e-05,0,0.18,D-rand,0.44
2156,D,3,A,0.32,0.09,0.32,0.25,0.15,0.28,426,1.7892000000000004e-05,0,0.28,D-rand,0.32
2159,B,1,B,0.55,0.4,0.13,0.55,0.04,0.28,497,2.0874000000000004e-05,1,0.55,D-rand,0.55
2158,D,3,C,0.44,0.25,0.23,0.07,0.44,0.26,457,1.9194000000000003e-05,0,0.26,D-rand,0.44
2160,C,2,A,0.51,0.34,0.51,0.03,0.31,0.15,490,2.058e-05,0,0.31,D-rand,0.51
2162,C,2,B,0.51,0.35,0.05,0.51,0.3,0.14,416,1.7472e-05,0,0.3,D-rand,0.51
2161,D,3,D,0.8,0.75,0.1,0.03,0.07,0.8,450,1.89e-05,1,0.8,D-rand,0.8
2164,B,1,B,0.65,0.54,0.27,0.65,0.04,0.04,476,1.9992e-05,1,0.65,D-rand,0.65
2163,A,0,A,0.75,0.67,0.75,0.13,0.05,0.07,432,1.8144e-05,1,0.75,D-rand,0.75
2166,B,1,B,0.98,0.97,0.01,0.98,0.01,0.0,450,1.89e-05,1,0.98,D-rand,0.98
2168,B,1,B,0.59,0.46,0.01,0.59,0.4,0.0,409,1.7178e-05,1,0.59,D-rand,0.59
2167,B,1,B,0.89,0.85,0.05,0.89,0.04,0.02,421,1.7682e-05,1,0.89,D-rand,0.89
2169,C,2,D,0.63,0.5,0.04,0.07,0.26,0.63,466,1.9572e-05,0,0.26,D-rand,0.63
2165,A,0,A,0.99,0.99,0.99,0.01,0.0,0.0,533,2.2386e-05,1,0.99,D-rand,0.99
2173,C,2,A,0.46,0.28,0.46,0.33,0.12,0.09,494,2.0748000000000005e-05,0,0.12,D-rand,0.46
2170,C,2,A,0.73,0.63,0.73,0.02,0.16,0.09,487,2.0454e-05,0,0.16,D-rand,0.73
2175,A,0,A,0.76,0.6900000000000001,0.76,0.04,0.01,0.19,465,1.953e-05,1,0.76,D-rand,0.76
2172,C,2,C,0.79,0.73,0.12,0.02,0.79,0.07,439,1.8438e-05,1,0.79,D-rand,0.79
2176,C,2,C,0.34,0.11,0.25,0.31,0.34,0.1,490,2.058e-05,1,0.34,D-rand,0.34
2177,B,1,B,0.84,0.79,0.03,0.84,0.07,0.06,443,1.8606e-05,1,0.84,D-rand,0.84
2179,C,2,C,0.4,0.2,0.17,0.02,0.4,0.4,496,2.0832000000000003e-05,1,0.4,D-rand,0.4
2178,A,0,B,0.77,0.7000000000000001,0.16,0.77,0.04,0.03,535,2.247e-05,0,0.16,D-rand,0.77
2180,C,2,C,0.95,0.93,0.04,0.0,0.95,0.01,425,1.7850000000000004e-05,1,0.95,D-rand,0.95
2181,C,2,C,0.97,0.95,0.01,0.02,0.97,0.0,455,1.911e-05,1,0.97,D-rand,0.97
2183,C,2,C,1.0,1.0,0.0,0.0,1.0,0.0,464,1.9488000000000004e-05,1,1.0,D-rand,1.0
2182,B,1,B,0.97,0.96,0.01,0.97,0.01,0.01,443,1.8606e-05,1,0.97,D-rand,0.97
2185,C,2,C,0.9,0.85,0.0,0.1,0.9,0.0,519,2.1798000000000004e-05,1,0.9,D-rand,0.9
2186,C,2,C,0.49,0.32,0.11,0.03,0.49,0.37,458,1.9236e-05,1,0.49,D-rand,0.49
2184,D,3,D,0.96,0.95,0.02,0.0,0.02,0.96,424,1.7808000000000003e-05,1,0.96,D-rand,0.96
2187,C,2,C,0.53,0.38,0.06,0.39,0.53,0.02,426,1.7892000000000004e-05,1,0.53,D-rand,0.53
2188,B,1,B,0.72,0.63,0.01,0.72,0.0,0.27,581,2.4402e-05,1,0.72,D-rand,0.72
2190,D,3,A,0.6000000000000001,0.46,0.6000000000000001,0.0,0.01,0.39,497,2.0874000000000004e-05,0,0.39,D-rand,0.6000000000000001
2191,A,0,A,0.97,0.95,0.97,0.0,0.03,0.0,427,1.7934e-05,1,0.97,D-rand,0.97
2193,D,3,D,0.71,0.61,0.06,0.02,0.21,0.71,457,1.9194000000000003e-05,1,0.71,D-rand,0.71
2192,B,1,B,0.65,0.54,0.07,0.65,0.09,0.19,423,1.7766000000000002e-05,1,0.65,D-rand,0.65
2198,C,2,C,0.93,0.9,0.04,0.0,0.93,0.03,419,1.7598000000000003e-05,1,0.93,D-rand,0.93
2195,B,1,B,0.89,0.86,0.07,0.89,0.01,0.03,476,1.9992e-05,1,0.89,D-rand,0.89
2196,B,1,B,0.99,0.98,0.01,0.99,0.0,0.0,502,2.1084000000000003e-05,1,0.99,D-rand,0.99
2197,D,3,D,0.94,0.93,0.03,0.01,0.02,0.94,492,2.0664e-05,1,0.94,D-rand,0.94
2199,C,2,C,0.65,0.53,0.08,0.17,0.65,0.1,445,1.869e-05,1,0.65,D-rand,0.65
2202,D,3,A,0.56,0.41,0.56,0.06,0.09,0.29,525,2.2050000000000004e-05,0,0.29,D-rand,0.56
2206,C,2,C,0.64,0.53,0.12,0.03,0.64,0.21,443,1.8606e-05,1,0.64,D-rand,0.64
2200,C,2,B,0.66,0.55,0.14,0.66,0.05,0.15,497,2.0874000000000004e-05,0,0.05,D-rand,0.66
2203,B,1,B,0.45,0.26,0.09,0.45,0.41,0.05,464,1.9488000000000004e-05,1,0.45,D-rand,0.45
2201,D,3,C,0.5,0.33,0.12,0.11,0.5,0.27,541,2.2722e-05,0,0.27,D-rand,0.5
2207,A,0,B,0.5,0.34,0.31,0.5,0.15,0.04,438,1.8396e-05,0,0.31,D-rand,0.5
2209,D,3,D,0.87,0.8200000000000001,0.02,0.03,0.08,0.87,504,2.1168e-05,1,0.87,D-rand,0.87
2208,B,1,B,0.98,0.96,0.0,0.98,0.0,0.02,436,1.8312e-05,1,0.98,D-rand,0.98
2210,C,2,C,0.6000000000000001,0.46,0.07,0.29,0.6000000000000001,0.04,471,1.9782000000000005e-05,1,0.6000000000000001,D-rand,0.6000000000000001
2215,D,3,D,0.96,0.95,0.02,0.01,0.01,0.96,444,1.8648e-05,1,0.96,D-rand,0.96
2212,C,2,C,0.92,0.89,0.06,0.01,0.92,0.01,450,1.89e-05,1,0.92,D-rand,0.92
2214,D,3,D,0.91,0.89,0.05,0.01,0.03,0.91,450,1.89e-05,1,0.91,D-rand,0.91
2216,B,1,B,0.37,0.16,0.36,0.37,0.25,0.02,465,1.953e-05,1,0.37,D-rand,0.37
2218,A,0,A,0.47,0.3,0.47,0.29,0.14,0.1,438,1.8396e-05,1,0.47,D-rand,0.47
2217,D,3,D,0.48,0.3,0.44,0.05,0.03,0.48,454,1.9068e-05,1,0.48,D-rand,0.48
2219,B,1,B,0.37,0.16,0.21,0.37,0.38,0.04,465,1.953e-05,1,0.37,D-rand,0.37
2220,B,1,B,0.75,0.67,0.07,0.75,0.09,0.09,459,1.9278e-05,1,0.75,D-rand,0.75
2224,D,3,C,0.81,0.74,0.06,0.03,0.81,0.1,450,1.89e-05,0,0.1,D-rand,0.81
2221,C,2,C,0.929999999999999,0.92,0.04,0.02,0.929999999999999,0.01,416,1.7472e-05,1,0.929999999999999,D-rand,0.929999999999999
2223,B,1,C,0.51,0.34,0.18,0.18,0.51,0.13,468,1.9656000000000003e-05,0,0.18,D-rand,0.51
2226,D,3,D,0.44,0.26,0.17,0.34,0.05,0.44,420,1.764e-05,1,0.44,D-rand,0.44
2225,C,2,D,0.64,0.52,0.23,0.04,0.09,0.64,447,1.8774000000000004e-05,0,0.09,D-rand,0.64
2227,C,2,C,0.36,0.15,0.05,0.32,0.36,0.27,552,2.3184000000000004e-05,1,0.36,D-rand,0.36
2228,D,3,A,0.53,0.37,0.53,0.12,0.18,0.17,463,1.9446e-05,0,0.17,D-rand,0.53
2230,A,0,A,0.75,0.67,0.75,0.08,0.02,0.15,473,1.9866000000000003e-05,1,0.75,D-rand,0.75
2231,D,3,C,0.46,0.28,0.22,0.06,0.46,0.26,486,2.0412e-05,0,0.26,D-rand,0.46
2229,D,3,D,0.58,0.44,0.38,0.03,0.01,0.58,482,2.0244e-05,1,0.58,D-rand,0.58
2232,A,0,D,0.71,0.61,0.07,0.09,0.13,0.71,478,2.0076e-05,0,0.07,D-rand,0.71
2234,C,2,C,0.63,0.5,0.07,0.26,0.63,0.04,473,1.9866000000000003e-05,1,0.63,D-rand,0.63
2236,B,1,C,0.54,0.38,0.09,0.23,0.54,0.14,466,1.9572e-05,0,0.23,D-rand,0.54
2233,C,2,C,0.99,0.98,0.0,0.01,0.99,0.0,517,2.1714000000000003e-05,1,0.99,D-rand,0.99
2238,C,2,A,0.36,0.14,0.36,0.13,0.25,0.26,464,1.9488000000000004e-05,0,0.25,D-rand,0.36
2237,B,1,B,0.9,0.86,0.01,0.9,0.06,0.03,460,1.932e-05,1,0.9,D-rand,0.9
2235,C,2,D,0.89,0.84,0.06,0.03,0.02,0.89,483,2.0286e-05,0,0.02,D-rand,0.89
2239,D,3,B,0.61,0.48,0.04,0.61,0.02,0.33,454,1.9068e-05,0,0.33,D-rand,0.61
2241,D,3,C,0.63,0.5,0.02,0.02,0.63,0.33,476,1.9992e-05,0,0.33,D-rand,0.63
2242,C,2,B,0.52,0.35,0.31,0.52,0.1,0.07,466,1.9572e-05,0,0.1,D-rand,0.52
2240,C,2,C,0.79,0.72,0.03,0.15,0.79,0.03,508,2.1336e-05,1,0.79,D-rand,0.79
2243,D,3,D,0.44,0.25,0.4,0.12,0.04,0.44,471,1.9782000000000005e-05,1,0.44,D-rand,0.44
2245,B,1,B,0.93,0.91,0.05,0.93,0.01,0.01,516,2.1672000000000005e-05,1,0.93,D-rand,0.93
2246,C,2,B,0.64,0.53,0.07,0.64,0.15,0.14,462,1.9404e-05,0,0.15,D-rand,0.64
2248,D,3,D,0.72,0.62,0.18,0.04,0.06,0.72,486,2.0412e-05,1,0.72,D-rand,0.72
2250,D,3,D,1.0,1.0,0.0,0.0,0.0,1.0,438,1.8396e-05,1,1.0,D-rand,1.0
2251,D,3,A,0.52,0.36,0.52,0.16,0.06,0.26,444,1.8648e-05,0,0.26,D-rand,0.52
2249,A,0,D,0.39,0.18,0.27,0.32,0.02,0.39,483,2.0286e-05,0,0.27,D-rand,0.39
2252,A,0,A,0.93,0.91,0.93,0.04,0.0,0.02,484,2.0328000000000003e-05,1,0.93,D-rand,0.93
2253,A,0,A,0.99,0.98,0.99,0.0,0.01,0.0,447,1.8774000000000004e-05,1,0.99,D-rand,0.99
2254,C,2,C,0.9,0.87,0.02,0.07,0.9,0.01,454,1.9068e-05,1,0.9,D-rand,0.9
2255,A,0,B,0.59,0.45,0.29,0.59,0.07,0.05,531,2.2302e-05,0,0.29,D-rand,0.59
2257,A,0,A,1.0,0.99,1.0,0.0,0.0,0.0,468,1.9656000000000003e-05,1,1.0,D-rand,1.0
2213,D,3,D,0.92,0.9,0.01,0.04,0.03,0.92,499,2.0958e-05,1,0.92,D-rand,0.92
2256,B,1,D,0.44,0.25,0.07,0.16,0.33,0.44,448,1.8816000000000004e-05,0,0.16,D-rand,0.44
2261,D,3,A,0.63,0.51,0.63,0.02,0.1,0.25,499,2.0958e-05,0,0.25,D-rand,0.63
2259,D,3,D,1.0,1.0,0.0,0.0,0.0,1.0,471,1.9782000000000005e-05,1,1.0,D-rand,1.0
2258,B,1,B,0.99,0.99,0.01,0.99,0.0,0.0,490,2.058e-05,1,0.99,D-rand,0.99
2262,A,0,B,0.5,0.33,0.25,0.5,0.08,0.17,507,2.1294e-05,0,0.25,D-rand,0.5
2264,B,1,A,0.35,0.12,0.35,0.31,0.08,0.26,503,2.1126e-05,0,0.31,D-rand,0.35
2263,D,3,D,0.59,0.45,0.36,0.02,0.03,0.59,456,1.9152e-05,1,0.59,D-rand,0.59
2270,A,0,A,0.63,0.5,0.63,0.02,0.25,0.1,507,2.1294e-05,1,0.63,D-rand,0.63
2271,A,0,A,1.0,0.99,1.0,0.0,0.0,0.0,584,2.4528e-05,1,1.0,D-rand,1.0
2266,B,1,B,0.97,0.97,0.01,0.97,0.01,0.01,414,1.7388e-05,1,0.97,D-rand,0.97
2269,A,0,A,0.96,0.95,0.96,0.02,0.0,0.02,427,1.7934e-05,1,0.96,D-rand,0.96
2268,A,0,A,1.0,1.0,1.0,0.0,0.0,0.0,473,1.9866000000000003e-05,1,1.0,D-rand,1.0
2272,C,2,C,0.8,0.73,0.15,0.02,0.8,0.03,460,1.932e-05,1,0.8,D-rand,0.8
2273,A,0,A,0.96,0.95,0.96,0.01,0.01,0.02,457,1.9194000000000003e-05,1,0.96,D-rand,0.96
2278,C,2,B,0.53,0.36,0.19,0.53,0.08,0.2,435,1.827e-05,0,0.08,D-rand,0.53
2276,B,1,B,0.92,0.9,0.04,0.92,0.03,0.01,487,2.0454e-05,1,0.92,D-rand,0.92
2277,A,0,A,0.46,0.27,0.46,0.13,0.08,0.33,413,1.7346e-05,1,0.46,D-rand,0.46
2274,C,2,C,0.81,0.75,0.06,0.11,0.81,0.02,451,1.8942000000000003e-05,1,0.81,D-rand,0.81
2280,A,0,A,0.94,0.92,0.94,0.03,0.01,0.02,471,1.9782000000000005e-05,1,0.94,D-rand,0.94
2281,D,3,D,0.8200000000000001,0.76,0.03,0.03,0.12,0.8200000000000001,441,1.8522000000000003e-05,1,0.8200000000000001,D-rand,0.8200000000000001
2283,A,0,A,0.97,0.96,0.97,0.0,0.01,0.02,454,1.9068e-05,1,0.97,D-rand,0.97
2284,A,0,A,0.43,0.24,0.43,0.42,0.09,0.06,451,1.8942000000000003e-05,1,0.43,D-rand,0.43
2282,D,3,B,0.62,0.5,0.12,0.62,0.03,0.23,477,2.0034e-05,0,0.23,D-rand,0.62
2285,B,1,B,0.91,0.88,0.06,0.91,0.01,0.02,470,1.974e-05,1,0.91,D-rand,0.91
2286,B,1,B,0.73,0.64,0.1,0.73,0.15,0.02,443,1.8606e-05,1,0.73,D-rand,0.73
2289,B,1,A,0.6000000000000001,0.46,0.6000000000000001,0.32,0.07,0.01,420,1.764e-05,0,0.32,D-rand,0.6000000000000001
2288,A,0,A,0.95,0.94,0.95,0.01,0.01,0.03,454,1.9068e-05,1,0.95,D-rand,0.95
2290,D,3,A,0.74,0.66,0.74,0.09,0.05,0.12,450,1.89e-05,0,0.12,D-rand,0.74
2291,D,3,A,0.38,0.18,0.38,0.12,0.22,0.28,483,2.0286e-05,0,0.28,D-rand,0.38
2292,C,2,D,0.61,0.48,0.1,0.03,0.26,0.61,447,1.8774000000000004e-05,0,0.26,D-rand,0.61
2293,A,0,B,0.41,0.22,0.32,0.41,0.15,0.12,478,2.0076e-05,0,0.32,D-rand,0.41
2295,B,1,B,0.52,0.36,0.35,0.52,0.06,0.07,484,2.0328000000000003e-05,1,0.52,D-rand,0.52
2294,C,2,C,0.48,0.31,0.36,0.02,0.48,0.14,464,1.9488000000000004e-05,1,0.48,D-rand,0.48
2287,A,0,A,0.45,0.28,0.45,0.26,0.16,0.13,434,1.8228e-05,1,0.45,D-rand,0.45
2296,D,3,D,0.58,0.43,0.11,0.02,0.29,0.58,425,1.7850000000000004e-05,1,0.58,D-rand,0.58
2302,D,3,D,0.79,0.72,0.12,0.04,0.05,0.79,518,2.1756000000000003e-05,1,0.79,D-rand,0.79
2298,B,1,B,0.6900000000000001,0.59,0.15,0.6900000000000001,0.11,0.05,486,2.0412e-05,1,0.6900000000000001,D-rand,0.6900000000000001
2297,A,0,A,0.42,0.24,0.42,0.2,0.02,0.36,428,1.7976000000000002e-05,1,0.42,D-rand,0.42
2304,A,0,A,0.96,0.95,0.96,0.0,0.03,0.01,465,1.953e-05,1,0.96,D-rand,0.96
2306,B,1,B,0.99,0.97,0.01,0.99,0.0,0.0,474,1.9908000000000003e-05,1,0.99,D-rand,0.99
2303,B,1,B,0.55,0.4,0.37,0.55,0.04,0.04,487,2.0454e-05,1,0.55,D-rand,0.55
2308,B,1,A,0.44,0.26,0.44,0.44,0.09,0.03,477,2.0034e-05,0,0.44,D-rand,0.44
2305,B,1,B,0.98,0.97,0.02,0.98,0.0,0.0,479,2.0118000000000003e-05,1,0.98,D-rand,0.98
2309,C,2,C,0.96,0.95,0.01,0.02,0.96,0.01,473,1.9866000000000003e-05,1,0.96,D-rand,0.96
2313,D,3,B,0.55,0.4,0.18,0.55,0.04,0.23,471,1.9782000000000005e-05,0,0.23,D-rand,0.55
2310,B,1,B,0.7000000000000001,0.61,0.08,0.7000000000000001,0.02,0.2,486,2.0412e-05,1,0.7000000000000001,D-rand,0.7000000000000001
2314,A,0,A,0.84,0.79,0.84,0.12,0.01,0.03,496,2.0832000000000003e-05,1,0.84,D-rand,0.84
2315,B,1,B,0.95,0.93,0.02,0.95,0.01,0.02,443,1.8606e-05,1,0.95,D-rand,0.95
2316,D,3,D,0.94,0.93,0.01,0.04,0.01,0.94,434,1.8228e-05,1,0.94,D-rand,0.94
2318,D,3,D,0.99,0.98,0.0,0.0,0.01,0.99,414,1.7388e-05,1,0.99,D-rand,0.99
2320,C,2,C,0.78,0.7000000000000001,0.14,0.04,0.78,0.04,462,1.9404e-05,1,0.78,D-rand,0.78
2317,C,2,C,0.68,0.56,0.25,0.01,0.68,0.06,432,1.8144e-05,1,0.68,D-rand,0.68
2319,B,1,B,0.88,0.84,0.01,0.88,0.01,0.1,460,1.932e-05,1,0.88,D-rand,0.88
2321,D,3,D,0.98,0.96,0.02,0.0,0.0,0.98,439,1.8438e-05,1,0.98,D-rand,0.98
2323,B,1,B,0.98,0.98,0.02,0.98,0.0,0.0,497,2.0874000000000004e-05,1,0.98,D-rand,0.98
2322,C,2,C,0.98,0.97,0.01,0.01,0.98,0.0,421,1.7682e-05,1,0.98,D-rand,0.98
2324,C,2,C,0.59,0.46,0.31,0.02,0.59,0.08,456,1.9152e-05,1,0.59,D-rand,0.59
2328,A,0,C,0.42,0.23,0.39,0.15,0.42,0.04,489,2.0538e-05,0,0.39,D-rand,0.42
2326,A,0,A,0.86,0.81,0.86,0.08,0.02,0.04,457,1.9194000000000003e-05,1,0.86,D-rand,0.86
2325,C,2,C,0.47,0.29,0.09,0.41,0.47,0.03,427,1.7934e-05,1,0.47,D-rand,0.47
2327,A,0,A,0.44,0.26,0.44,0.13,0.05,0.38,447,1.8774000000000004e-05,1,0.44,D-rand,0.44
2329,C,2,C,0.53,0.38,0.07,0.33,0.53,0.07,470,1.974e-05,1,0.53,D-rand,0.53
2331,D,3,D,0.84,0.78,0.0,0.0,0.16,0.84,487,2.0454e-05,1,0.84,D-rand,0.84
2330,A,0,A,0.91,0.87,0.91,0.0,0.0,0.09,529,2.2218000000000003e-05,1,0.91,D-rand,0.91
2333,B,1,B,0.98,0.97,0.0,0.98,0.02,0.0,483,2.0286e-05,1,0.98,D-rand,0.98
2334,C,2,C,0.99,0.98,0.0,0.0,0.99,0.01,417,1.7514000000000002e-05,1,0.99,D-rand,0.99
2332,B,1,B,1.0,0.99,0.0,1.0,0.0,0.0,487,2.0454e-05,1,1.0,D-rand,1.0
2335,C,2,C,0.84,0.78,0.02,0.13,0.84,0.01,466,1.9572e-05,1,0.84,D-rand,0.84
2336,D,3,D,0.9,0.87,0.04,0.04,0.02,0.9,510,2.142e-05,1,0.9,D-rand,0.9
2339,B,1,B,0.64,0.52,0.1,0.64,0.1,0.16,466,1.9572e-05,1,0.64,D-rand,0.64
2338,D,3,A,0.41,0.21,0.41,0.24,0.01,0.34,483,2.0286e-05,0,0.34,D-rand,0.41
2340,D,3,D,0.76,0.6900000000000001,0.17,0.05,0.02,0.76,474,1.9908000000000003e-05,1,0.76,D-rand,0.76
2341,C,2,C,0.31,0.1,0.29,0.29,0.31,0.11,431,1.8102e-05,1,0.31,D-rand,0.31
2345,D,3,D,0.86,0.8200000000000001,0.11,0.01,0.02,0.86,464,1.9488000000000004e-05,1,0.86,D-rand,0.86
2342,C,2,A,0.48,0.3,0.48,0.03,0.42,0.07,534,2.2428e-05,0,0.42,D-rand,0.48
2348,A,0,A,1.0,0.99,1.0,0.0,0.0,0.0,460,1.932e-05,1,1.0,D-rand,1.0
2346,D,3,A,0.6000000000000001,0.46,0.6000000000000001,0.06,0.06,0.28,567,2.3814000000000003e-05,0,0.28,D-rand,0.6000000000000001
2344,A,0,A,0.97,0.97,0.97,0.01,0.01,0.01,518,2.1756000000000003e-05,1,0.97,D-rand,0.97
2347,D,3,A,0.62,0.49,0.62,0.08,0.16,0.14,471,1.9782000000000005e-05,0,0.14,D-rand,0.62
2351,A,0,A,0.99,0.99,0.99,0.01,0.0,0.0,439,1.8438e-05,1,0.99,D-rand,0.99
2352,B,1,B,0.96,0.95,0.03,0.96,0.0,0.01,472,1.9824e-05,1,0.96,D-rand,0.96
2349,D,3,A,0.54,0.39,0.54,0.33,0.09,0.04,447,1.8774000000000004e-05,0,0.04,D-rand,0.54
2353,C,2,B,0.4,0.2,0.28,0.4,0.12,0.2,479,2.0118000000000003e-05,0,0.12,D-rand,0.4
2355,C,2,A,0.56,0.42,0.56,0.18,0.1,0.16,478,2.0076e-05,0,0.1,D-rand,0.56
2358,B,1,C,0.61,0.48,0.06,0.12,0.61,0.21,477,2.0034e-05,0,0.12,D-rand,0.61
2359,C,2,C,0.8300000000000001,0.78,0.09,0.03,0.8300000000000001,0.05,442,1.8564e-05,1,0.8300000000000001,D-rand,0.8300000000000001
2356,C,2,A,0.51,0.35,0.51,0.06,0.25,0.18,463,1.9446e-05,0,0.25,D-rand,0.51
2360,C,2,C,0.95,0.93,0.01,0.02,0.95,0.02,468,1.9656000000000003e-05,1,0.95,D-rand,0.95
2368,B,1,A,0.43,0.24,0.43,0.42,0.04,0.11,424,1.7808000000000003e-05,0,0.42,D-rand,0.43
2366,C,2,B,0.64,0.54,0.14,0.64,0.15,0.07,460,1.932e-05,0,0.15,D-rand,0.64
2361,D,3,A,0.67,0.5700000000000001,0.67,0.06,0.04,0.23,469,1.9698e-05,0,0.23,D-rand,0.67
2367,D,3,D,0.91,0.88,0.06,0.01,0.02,0.91,459,1.9278e-05,1,0.91,D-rand,0.91
2364,A,0,C,0.65,0.54,0.17,0.08,0.65,0.1,507,2.1294e-05,0,0.17,D-rand,0.65
2372,A,0,A,0.77,0.68,0.77,0.09,0.07,0.07,429,1.8018000000000003e-05,1,0.77,D-rand,0.77
2370,C,2,C,0.89,0.85,0.05,0.01,0.89,0.05,455,1.911e-05,1,0.89,D-rand,0.89
2374,C,2,C,0.79,0.73,0.03,0.17,0.79,0.01,472,1.9824e-05,1,0.79,D-rand,0.79
2373,D,3,D,0.95,0.94,0.03,0.01,0.01,0.95,544,2.2848e-05,1,0.95,D-rand,0.95
2378,B,1,B,0.87,0.8300000000000001,0.03,0.87,0.02,0.08,519,2.1798000000000004e-05,1,0.87,D-rand,0.87
2377,B,1,B,0.5,0.32,0.37,0.5,0.06,0.07,448,1.8816000000000004e-05,1,0.5,D-rand,0.5
2383,C,2,C,0.98,0.97,0.01,0.01,0.98,0.0,487,2.0454e-05,1,0.98,D-rand,0.98
2379,A,0,A,0.98,0.97,0.98,0.01,0.01,0.0,433,1.8186e-05,1,0.98,D-rand,0.98
2376,C,2,C,0.64,0.52,0.07,0.22,0.64,0.07,466,1.9572e-05,1,0.64,D-rand,0.64
2382,D,3,D,1.0,0.99,0.0,0.0,0.0,1.0,539,2.2638e-05,1,1.0,D-rand,1.0
2384,D,3,D,0.89,0.85,0.06,0.05,0.0,0.89,482,2.0244e-05,1,0.89,D-rand,0.89
2385,A,0,A,0.98,0.97,0.98,0.02,0.0,0.0,487,2.0454e-05,1,0.98,D-rand,0.98
2387,B,1,B,0.58,0.43,0.06,0.58,0.01,0.35,441,1.8522000000000003e-05,1,0.58,D-rand,0.58
2391,A,0,A,0.96,0.94,0.96,0.0,0.0,0.04,440,1.848e-05,1,0.96,D-rand,0.96
2392,B,1,A,0.48,0.31,0.48,0.35,0.16,0.01,476,1.9992e-05,0,0.35,D-rand,0.48
2389,B,1,B,0.94,0.91,0.06,0.94,0.0,0.0,490,2.058e-05,1,0.94,D-rand,0.94
2388,C,2,C,0.97,0.97,0.01,0.02,0.97,0.0,494,2.0748000000000005e-05,1,0.97,D-rand,0.97
2386,C,2,C,0.94,0.93,0.03,0.01,0.94,0.02,484,2.0328000000000003e-05,1,0.94,D-rand,0.94
2394,C,2,C,0.72,0.63,0.01,0.24,0.72,0.03,439,1.8438e-05,1,0.72,D-rand,0.72
2393,D,3,D,0.96,0.95,0.0,0.01,0.03,0.96,465,1.953e-05,1,0.96,D-rand,0.96
2395,B,1,A,0.4,0.19,0.4,0.28,0.26,0.06,458,1.9236e-05,0,0.28,D-rand,0.4
2396,D,3,D,0.91,0.88,0.06,0.03,0.0,0.91,492,2.0664e-05,1,0.91,D-rand,0.91
2399,D,3,D,0.95,0.94,0.01,0.0,0.04,0.95,460,1.932e-05,1,0.95,D-rand,0.95
2400,C,2,C,1.0,1.0,0.0,0.0,1.0,0.0,509,2.1378e-05,1,1.0,D-rand,1.0
2401,D,3,D,0.47,0.3,0.3,0.13,0.1,0.47,509,2.1378e-05,1,0.47,D-rand,0.47
2403,A,0,B,0.48,0.3,0.39,0.48,0.09,0.04,532,2.2344e-05,0,0.39,D-rand,0.48
2404,C,2,D,0.62,0.49,0.03,0.02,0.33,0.62,479,2.0118000000000003e-05,0,0.33,D-rand,0.62
2397,B,1,B,0.74,0.65,0.2,0.74,0.03,0.03,466,1.9572e-05,1,0.74,D-rand,0.74
2402,B,1,B,0.35,0.13,0.31,0.35,0.13,0.21,452,1.8984000000000003e-05,1,0.35,D-rand,0.35
2405,A,0,A,0.62,0.5,0.62,0.03,0.05,0.3,445,1.869e-05,1,0.62,D-rand,0.62
2408,D,3,D,0.33,0.11,0.32,0.24,0.11,0.33,457,1.9194000000000003e-05,1,0.33,D-rand,0.33
2409,C,2,B,0.61,0.49,0.18,0.61,0.14,0.07,455,1.911e-05,0,0.14,D-rand,0.61
2406,B,1,C,0.58,0.43,0.14,0.25,0.58,0.03,439,1.8438e-05,0,0.25,D-rand,0.58
2412,D,3,D,0.45,0.27,0.07,0.05,0.43,0.45,423,1.7766000000000002e-05,1,0.45,D-rand,0.45
2414,B,1,B,0.71,0.61,0.2,0.71,0.04,0.05,422,1.7724000000000002e-05,1,0.71,D-rand,0.71
2410,C,2,A,0.61,0.47,0.61,0.13,0.06,0.2,451,1.8942000000000003e-05,0,0.06,D-rand,0.61
2411,B,1,B,0.81,0.74,0.17,0.81,0.0,0.02,449,1.8858e-05,1,0.81,D-rand,0.81
2415,A,0,A,0.95,0.92,0.95,0.01,0.03,0.01,415,1.743e-05,1,0.95,D-rand,0.95
2416,A,0,A,0.91,0.89,0.91,0.04,0.01,0.04,456,1.9152e-05,1,0.91,D-rand,0.91
2418,C,2,C,0.59,0.46,0.02,0.02,0.59,0.37,499,2.0958e-05,1,0.59,D-rand,0.59
2417,B,1,C,0.48,0.3,0.15,0.3,0.48,0.07,486,2.0412e-05,0,0.3,D-rand,0.48
2420,B,1,B,0.55,0.39,0.35,0.55,0.05,0.05,528,2.2176e-05,1,0.55,D-rand,0.55
2419,D,3,D,0.75,0.66,0.02,0.22,0.01,0.75,534,2.2428e-05,1,0.75,D-rand,0.75
2421,C,2,B,0.35,0.13,0.22,0.35,0.31,0.12,507,2.1294e-05,0,0.31,D-rand,0.35
2422,A,0,C,0.38,0.17,0.13,0.3,0.38,0.19,441,1.8522000000000003e-05,0,0.13,D-rand,0.38
2423,A,0,A,0.37,0.17,0.37,0.08,0.31,0.24,435,1.827e-05,1,0.37,D-rand,0.37
2425,B,1,A,0.51,0.35,0.51,0.11,0.09,0.29,429,1.8018000000000003e-05,0,0.11,D-rand,0.51
2426,D,3,A,0.68,0.5700000000000001,0.68,0.1,0.04,0.18,506,2.1252000000000003e-05,0,0.18,D-rand,0.68
2427,C,2,C,0.77,0.6900000000000001,0.16,0.05,0.77,0.02,537,2.2554e-05,1,0.77,D-rand,0.77
2424,D,3,D,0.76,0.6900000000000001,0.04,0.04,0.16,0.76,421,1.7682e-05,1,0.76,D-rand,0.76
2428,B,1,B,0.85,0.79,0.05,0.85,0.05,0.05,434,1.8228e-05,1,0.85,D-rand,0.85
2431,A,0,A,0.5700000000000001,0.43,0.5700000000000001,0.12,0.04,0.27,488,2.0496e-05,1,0.5700000000000001,D-rand,0.5700000000000001
2429,D,3,C,0.41,0.23,0.25,0.24,0.41,0.1,478,2.0076e-05,0,0.1,D-rand,0.41
2432,B,1,B,0.75,0.67,0.15,0.75,0.07,0.03,454,1.9068e-05,1,0.75,D-rand,0.75
2434,C,2,C,1.0,0.99,0.0,0.0,1.0,0.0,484,2.0328000000000003e-05,1,1.0,D-rand,1.0
2433,C,2,D,0.6900000000000001,0.6000000000000001,0.04,0.05,0.22,0.6900000000000001,486,2.0412e-05,0,0.22,D-rand,0.6900000000000001
2435,C,2,C,0.89,0.85,0.04,0.03,0.89,0.04,469,1.9698e-05,1,0.89,D-rand,0.89
2436,A,0,A,0.8300000000000001,0.78,0.8300000000000001,0.13,0.02,0.02,420,1.764e-05,1,0.8300000000000001,D-rand,0.8300000000000001
2438,B,1,B,1.0,0.99,0.0,1.0,0.0,0.0,438,1.8396e-05,1,1.0,D-rand,1.0
2437,D,3,B,0.34,0.12,0.12,0.34,0.22,0.32,516,2.1672000000000005e-05,0,0.32,D-rand,0.34
2439,B,1,B,0.99,0.97,0.01,0.99,0.0,0.0,454,1.9068e-05,1,0.99,D-rand,0.99
2440,A,0,A,0.96,0.95,0.96,0.02,0.01,0.01,473,1.9866000000000003e-05,1,0.96,D-rand,0.96
2442,C,2,C,1.0,1.0,0.0,0.0,1.0,0.0,460,1.932e-05,1,1.0,D-rand,1.0
2441,D,3,D,0.71,0.62,0.15,0.09,0.05,0.71,412,1.7304000000000002e-05,1,0.71,D-rand,0.71
2443,B,1,C,0.44,0.25,0.16,0.35,0.44,0.05,469,1.9698e-05,0,0.35,D-rand,0.44
2444,B,1,B,0.53,0.38,0.44,0.53,0.01,0.02,470,1.974e-05,1,0.53,D-rand,0.53
2446,D,3,D,0.54,0.39,0.12,0.05,0.29,0.54,484,2.0328000000000003e-05,1,0.54,D-rand,0.54
2448,A,0,A,0.86,0.81,0.86,0.09,0.0,0.05,490,2.058e-05,1,0.86,D-rand,0.86
2447,C,2,C,1.0,1.0,0.0,0.0,1.0,0.0,462,1.9404e-05,1,1.0,D-rand,1.0
2445,C,2,C,0.58,0.43,0.26,0.08,0.58,0.08,455,1.911e-05,1,0.58,D-rand,0.58
2449,B,1,B,0.98,0.97,0.01,0.98,0.0,0.01,467,1.9614e-05,1,0.98,D-rand,0.98
2450,D,3,D,0.6000000000000001,0.46,0.13,0.23,0.04,0.6000000000000001,528,2.2176e-05,1,0.6000000000000001,D-rand,0.6000000000000001
2452,B,1,B,0.62,0.49,0.03,0.62,0.3,0.05,415,1.743e-05,1,0.62,D-rand,0.62
2451,A,0,A,0.5700000000000001,0.43,0.5700000000000001,0.09,0.22,0.12,479,2.0118000000000003e-05,1,0.5700000000000001,D-rand,0.5700000000000001
2454,A,0,A,0.78,0.7000000000000001,0.78,0.03,0.17,0.02,501,2.1042000000000003e-05,1,0.78,D-rand,0.78
2456,A,0,A,0.97,0.94,0.97,0.01,0.01,0.01,582,2.4444e-05,1,0.97,D-rand,0.97
2458,A,0,A,0.5,0.33,0.5,0.44,0.04,0.02,458,1.9236e-05,1,0.5,D-rand,0.5
2455,A,0,A,0.85,0.81,0.85,0.03,0.03,0.09,435,1.827e-05,1,0.85,D-rand,0.85
2453,D,3,D,0.45,0.27,0.32,0.15,0.08,0.45,439,1.8438e-05,1,0.45,D-rand,0.45
2460,B,1,B,0.86,0.81,0.06,0.86,0.01,0.07,452,1.8984000000000003e-05,1,0.86,D-rand,0.86
2462,A,0,A,0.99,0.98,0.99,0.0,0.01,0.0,463,1.9446e-05,1,0.99,D-rand,0.99
2463,D,3,B,0.63,0.5,0.11,0.63,0.03,0.23,507,2.1294e-05,0,0.23,D-rand,0.63
2466,D,3,D,0.36,0.15,0.27,0.15,0.22,0.36,486,2.0412e-05,1,0.36,D-rand,0.36
2467,A,0,B,0.43,0.24,0.31,0.43,0.09,0.17,445,1.869e-05,0,0.31,D-rand,0.43
2469,B,1,A,0.41,0.21,0.41,0.1,0.31,0.18,450,1.89e-05,0,0.1,D-rand,0.41
2470,D,3,B,0.32,0.09,0.26,0.32,0.19,0.23,386,1.6212e-05,0,0.23,D-rand,0.32
2474,D,3,D,0.58,0.43,0.12,0.02,0.28,0.58,446,1.8732000000000003e-05,1,0.58,D-rand,0.58
2473,D,3,C,0.58,0.44,0.14,0.09,0.58,0.19,440,1.848e-05,0,0.19,D-rand,0.58
2471,A,0,A,0.41,0.22,0.41,0.38,0.08,0.13,545,2.2890000000000003e-05,1,0.41,D-rand,0.41
2475,C,2,A,0.5700000000000001,0.43,0.5700000000000001,0.14,0.06,0.23,525,2.2050000000000004e-05,0,0.06,D-rand,0.5700000000000001
2476,A,0,B,0.71,0.62,0.16,0.71,0.04,0.09,455,1.911e-05,0,0.16,D-rand,0.71
2477,A,0,A,0.47,0.3,0.47,0.03,0.14,0.36,469,1.9698e-05,1,0.47,D-rand,0.47
2481,D,3,A,0.67,0.56,0.67,0.11,0.16,0.06,443,1.8606e-05,0,0.06,D-rand,0.67
2484,D,3,B,0.72,0.62,0.11,0.72,0.02,0.15,501,2.1042000000000003e-05,0,0.15,D-rand,0.72
2478,C,2,C,0.8300000000000001,0.77,0.1,0.06,0.8300000000000001,0.01,445,1.869e-05,1,0.8300000000000001,D-rand,0.8300000000000001
2479,A,0,C,0.81,0.74,0.11,0.06,0.81,0.02,459,1.9278e-05,0,0.11,D-rand,0.81
2483,B,1,B,0.89,0.85,0.0,0.89,0.01,0.1,449,1.8858e-05,1,0.89,D-rand,0.89
2480,D,3,D,0.55,0.4,0.31,0.11,0.03,0.55,445,1.869e-05,1,0.55,D-rand,0.55
2486,A,0,A,0.64,0.51,0.64,0.15,0.16,0.05,493,2.0706000000000005e-05,1,0.64,D-rand,0.64
2487,D,3,D,0.77,0.6900000000000001,0.11,0.02,0.1,0.77,458,1.9236e-05,1,0.77,D-rand,0.77
2485,D,3,D,0.66,0.54,0.15,0.16,0.03,0.66,441,1.8522000000000003e-05,1,0.66,D-rand,0.66
2491,B,1,B,0.96,0.94,0.03,0.96,0.0,0.01,454,1.9068e-05,1,0.96,D-rand,0.96
2488,B,1,B,0.98,0.97,0.01,0.98,0.0,0.01,440,1.848e-05,1,0.98,D-rand,0.98
2493,C,2,A,0.51,0.34,0.51,0.34,0.11,0.04,484,2.0328000000000003e-05,0,0.11,D-rand,0.51
2492,B,1,B,0.86,0.81,0.01,0.86,0.04,0.09,515,2.163e-05,1,0.86,D-rand,0.86
2494,A,0,A,0.97,0.96,0.97,0.01,0.0,0.02,493,2.0706000000000005e-05,1,0.97,D-rand,0.97
2495,C,2,C,0.64,0.52,0.32,0.02,0.64,0.02,460,1.932e-05,1,0.64,D-rand,0.64
2497,D,3,D,0.95,0.93,0.01,0.03,0.01,0.95,418,1.7556000000000003e-05,1,0.95,D-rand,0.95
2498,A,0,A,0.92,0.89,0.92,0.0,0.0,0.08,411,1.7262000000000002e-05,1,0.92,D-rand,0.92
2496,C,2,A,0.62,0.48,0.62,0.03,0.27,0.08,484,2.0328000000000003e-05,0,0.27,D-rand,0.62
2500,D,3,D,0.96,0.96,0.01,0.01,0.02,0.96,464,1.9488000000000004e-05,1,0.96,D-rand,0.96
2502,C,2,C,0.39,0.2,0.09,0.23,0.39,0.29,478,2.0076e-05,1,0.39,D-rand,0.39
2501,B,1,B,0.98,0.97,0.01,0.98,0.01,0.0,479,2.0118000000000003e-05,1,0.98,D-rand,0.98
2504,C,2,A,0.47,0.29,0.47,0.04,0.28,0.21,520,2.1840000000000004e-05,0,0.28,D-rand,0.47
2507,B,1,B,0.76,0.68,0.02,0.76,0.01,0.21,494,2.0748000000000005e-05,1,0.76,D-rand,0.76
2505,B,1,B,0.63,0.51,0.08,0.63,0.03,0.26,507,2.1294e-05,1,0.63,D-rand,0.63
2508,B,1,B,0.79,0.72,0.17,0.79,0.02,0.02,444,1.8648e-05,1,0.79,D-rand,0.79
2506,C,2,C,0.68,0.58,0.23,0.04,0.68,0.05,477,2.0034e-05,1,0.68,D-rand,0.68
2509,B,1,B,0.89,0.85,0.06,0.89,0.0,0.05,413,1.7346e-05,1,0.89,D-rand,0.89
2515,B,1,B,0.96,0.95,0.02,0.96,0.01,0.01,433,1.8186e-05,1,0.96,D-rand,0.96
2514,A,0,A,0.809999999999999,0.76,0.809999999999999,0.01,0.02,0.16,542,2.2764000000000004e-05,1,0.809999999999999,D-rand,0.809999999999999
2517,D,3,D,0.99,0.99,0.01,0.0,0.0,0.99,522,2.1924e-05,1,0.99,D-rand,0.99
2516,A,0,A,0.96,0.95,0.96,0.0,0.01,0.03,511,2.1462e-05,1,0.96,D-rand,0.96
2524,D,3,C,0.79,0.71,0.04,0.06,0.79,0.11,513,2.1546e-05,0,0.11,D-rand,0.79
2518,D,3,D,0.98,0.97,0.02,0.0,0.0,0.98,511,2.1462e-05,1,0.98,D-rand,0.98
2512,C,2,C,0.97,0.95,0.03,0.0,0.97,0.0,435,1.827e-05,1,0.97,D-rand,0.97
2523,A,0,A,0.99,0.97,0.99,0.0,0.01,0.0,469,1.9698e-05,1,0.99,D-rand,0.99
2520,D,3,D,0.56,0.41,0.27,0.11,0.06,0.56,432,1.8144e-05,1,0.56,D-rand,0.56
2530,B,1,B,0.97,0.97,0.02,0.97,0.01,0.0,453,1.9026000000000004e-05,1,0.97,D-rand,0.97
2526,D,3,D,0.7000000000000001,0.6000000000000001,0.05,0.13,0.12,0.7000000000000001,419,1.7598000000000003e-05,1,0.7000000000000001,D-rand,0.7000000000000001
2525,B,1,B,0.6000000000000001,0.46,0.23,0.6000000000000001,0.05,0.12,478,2.0076e-05,1,0.6000000000000001,D-rand,0.6000000000000001
2531,B,1,B,1.0,0.99,0.0,1.0,0.0,0.0,442,1.8564e-05,1,1.0,D-rand,1.0
2539,C,2,C,0.65,0.54,0.08,0.22,0.65,0.05,448,1.8816000000000004e-05,1,0.65,D-rand,0.65
2532,B,1,B,0.89,0.85,0.07,0.89,0.02,0.02,461,1.9362e-05,1,0.89,D-rand,0.89
2536,C,2,C,0.72,0.61,0.17,0.05,0.72,0.06,442,1.8564e-05,1,0.72,D-rand,0.72
2542,C,2,C,0.44,0.26,0.13,0.24,0.44,0.19,475,1.9950000000000004e-05,1,0.44,D-rand,0.44
2537,D,3,A,0.67,0.55,0.67,0.02,0.02,0.29,445,1.869e-05,0,0.29,D-rand,0.67
2543,C,2,A,0.74,0.65,0.74,0.08,0.08,0.1,444,1.8648e-05,0,0.08,D-rand,0.74
2541,B,1,B,0.99,0.98,0.01,0.99,0.0,0.0,521,2.1882e-05,1,0.99,D-rand,0.99
2548,D,3,D,0.47,0.29,0.2,0.13,0.2,0.47,445,1.869e-05,1,0.47,D-rand,0.47
2551,C,2,C,0.76,0.68,0.11,0.06,0.76,0.07,467,1.9614e-05,1,0.76,D-rand,0.76
2545,A,0,A,0.36,0.14,0.36,0.27,0.16,0.21,458,1.9236e-05,1,0.36,D-rand,0.36
2547,C,2,A,0.92,0.88,0.92,0.02,0.02,0.04,441,1.8522000000000003e-05,0,0.02,D-rand,0.92
2549,B,1,D,0.73,0.63,0.11,0.14,0.02,0.73,497,2.0874000000000004e-05,0,0.14,D-rand,0.73
2552,A,0,C,0.6000000000000001,0.47,0.35,0.02,0.6000000000000001,0.03,456,1.9152e-05,0,0.35,D-rand,0.6000000000000001
2553,C,2,C,0.49,0.31,0.25,0.01,0.49,0.25,519,2.1798000000000004e-05,1,0.49,D-rand,0.49
2559,C,2,A,0.39,0.18,0.39,0.14,0.16,0.31,488,2.0496e-05,0,0.16,D-rand,0.39
2558,A,0,A,0.45,0.25,0.45,0.04,0.22,0.29,461,1.9362e-05,1,0.45,D-rand,0.45
2554,A,0,A,0.43,0.23,0.43,0.15,0.2,0.22,426,1.7892000000000004e-05,1,0.43,D-rand,0.43
2560,A,0,A,0.8300000000000001,0.77,0.8300000000000001,0.13,0.02,0.02,492,2.0664e-05,1,0.8300000000000001,D-rand,0.8300000000000001
2561,A,0,C,0.49,0.32,0.4,0.03,0.49,0.08,501,2.1042000000000003e-05,0,0.4,D-rand,0.49
2562,C,2,C,0.44,0.26,0.2,0.11,0.44,0.25,420,1.764e-05,1,0.44,D-rand,0.44
2556,A,0,A,0.65,0.53,0.65,0.09,0.04,0.22,460,1.932e-05,1,0.65,D-rand,0.65
2563,B,1,B,0.74,0.66,0.09,0.74,0.15,0.02,446,1.8732000000000003e-05,1,0.74,D-rand,0.74
2566,A,0,C,0.49,0.32,0.38,0.1,0.49,0.03,431,1.8102e-05,0,0.38,D-rand,0.49
2567,B,1,B,0.95,0.92,0.02,0.95,0.02,0.01,428,1.7976000000000002e-05,1,0.95,D-rand,0.95
2564,A,0,A,0.97,0.96,0.97,0.01,0.02,0.0,477,2.0034e-05,1,0.97,D-rand,0.97
2568,A,0,A,0.37,0.16,0.37,0.25,0.25,0.13,425,1.7850000000000004e-05,1,0.37,D-rand,0.37
2565,A,0,A,0.43,0.23,0.43,0.11,0.38,0.08,457,1.9194000000000003e-05,1,0.43,D-rand,0.43
2572,A,0,D,0.5700000000000001,0.42,0.22,0.1,0.11,0.5700000000000001,427,1.7934e-05,0,0.22,D-rand,0.5700000000000001
2571,B,1,D,0.92,0.9,0.04,0.03,0.01,0.92,508,2.1336e-05,0,0.03,D-rand,0.92
2569,D,3,D,0.39,0.19,0.2,0.11,0.3,0.39,471,1.9782000000000005e-05,1,0.39,D-rand,0.39
2574,A,0,A,0.59,0.45,0.59,0.01,0.09,0.31,469,1.9698e-05,1,0.59,D-rand,0.59
2576,D,3,A,0.52,0.36,0.52,0.04,0.05,0.39,437,1.8354e-05,0,0.39,D-rand,0.52
2578,B,1,C,0.65,0.53,0.06,0.27,0.65,0.02,443,1.8606e-05,0,0.27,D-rand,0.65
2579,C,2,C,0.89,0.85,0.05,0.02,0.89,0.04,461,1.9362e-05,1,0.89,D-rand,0.89
2573,D,3,B,0.51,0.34,0.07,0.51,0.02,0.4,423,1.7766000000000002e-05,0,0.4,D-rand,0.51
2575,A,0,D,0.7000000000000001,0.61,0.13,0.04,0.13,0.7000000000000001,503,2.1126e-05,0,0.13,D-rand,0.7000000000000001
2577,D,3,D,0.91,0.88,0.05,0.02,0.02,0.91,439,1.8438e-05,1,0.91,D-rand,0.91
2580,A,0,A,0.98,0.98,0.98,0.01,0.0,0.01,434,1.8228e-05,1,0.98,D-rand,0.98
2581,B,1,A,0.56,0.41,0.56,0.11,0.27,0.06,500,2.1e-05,0,0.11,D-rand,0.56
2584,B,1,B,0.46,0.27,0.41,0.46,0.1,0.03,538,2.2596e-05,1,0.46,D-rand,0.46
2585,D,3,D,0.89,0.86,0.03,0.04,0.04,0.89,422,1.7724000000000002e-05,1,0.89,D-rand,0.89
2586,C,2,B,0.95,0.92,0.04,0.95,0.01,0.0,461,1.9362e-05,0,0.01,D-rand,0.95
2588,B,1,B,0.79,0.72,0.01,0.79,0.14,0.05,427,1.7934e-05,1,0.79,D-rand,0.79
2582,C,2,C,0.55,0.41,0.24,0.16,0.55,0.05,500,2.1e-05,1,0.55,D-rand,0.55
2583,A,0,C,0.73,0.64,0.13,0.12,0.73,0.02,525,2.2050000000000004e-05,0,0.13,D-rand,0.73
2589,C,2,C,0.68,0.56,0.11,0.03,0.68,0.18,477,2.0034e-05,1,0.68,D-rand,0.68
2587,D,3,D,0.8,0.74,0.02,0.17,0.01,0.8,456,1.9152e-05,1,0.8,D-rand,0.8
2591,B,1,A,0.45,0.27,0.45,0.25,0.16,0.14,434,1.8228e-05,0,0.25,D-rand,0.45
2590,A,0,A,0.63,0.5,0.63,0.07,0.19,0.11,437,1.8354e-05,1,0.63,D-rand,0.63
2593,B,1,B,0.91,0.88,0.05,0.91,0.01,0.03,434,1.8228e-05,1,0.91,D-rand,0.91
2596,B,1,B,0.41,0.23,0.13,0.41,0.06,0.4,484,2.0328000000000003e-05,1,0.41,D-rand,0.41
2597,D,3,D,0.72,0.63,0.02,0.23,0.03,0.72,469,1.9698e-05,1,0.72,D-rand,0.72
2598,A,0,A,0.86,0.81,0.86,0.05,0.05,0.04,449,1.8858e-05,1,0.86,D-rand,0.86
2600,B,1,B,0.99,0.98,0.0,0.99,0.01,0.0,457,1.9194000000000003e-05,1,0.99,D-rand,0.99
2595,B,1,B,0.99,0.99,0.01,0.99,0.0,0.0,452,1.8984000000000003e-05,1,0.99,D-rand,0.99
2599,D,3,A,0.8,0.74,0.8,0.07,0.04,0.08,457,1.9194000000000003e-05,0,0.08,D-rand,0.8
2603,C,2,C,0.39,0.18,0.13,0.27,0.39,0.21,431,1.8102e-05,1,0.39,D-rand,0.39
2601,C,2,D,0.52,0.36,0.04,0.1,0.34,0.52,503,2.1126e-05,0,0.34,D-rand,0.52
2604,C,2,A,0.53,0.37,0.53,0.11,0.11,0.25,456,1.9152e-05,0,0.11,D-rand,0.53
2608,A,0,B,0.7000000000000001,0.6000000000000001,0.2,0.7000000000000001,0.02,0.08,422,1.7724000000000002e-05,0,0.2,D-rand,0.7000000000000001
2602,B,1,B,0.97,0.96,0.01,0.97,0.02,0.0,556,2.3352000000000003e-05,1,0.97,D-rand,0.97
2606,D,3,D,0.97,0.96,0.01,0.02,0.0,0.97,496,2.0832000000000003e-05,1,0.97,D-rand,0.97
2605,C,2,C,0.84,0.78,0.0,0.14,0.84,0.02,446,1.8732000000000003e-05,1,0.84,D-rand,0.84
2610,A,0,B,0.49,0.33,0.42,0.49,0.05,0.04,470,1.974e-05,0,0.42,D-rand,0.49
2612,C,2,C,0.67,0.56,0.18,0.12,0.67,0.03,456,1.9152e-05,1,0.67,D-rand,0.67
2611,A,0,A,0.99,0.99,0.99,0.0,0.0,0.01,443,1.8606e-05,1,0.99,D-rand,0.99
2613,C,2,C,0.46,0.28,0.43,0.03,0.46,0.08,414,1.7388e-05,1,0.46,D-rand,0.46
2615,D,3,D,0.54,0.39,0.16,0.25,0.05,0.54,475,1.9950000000000004e-05,1,0.54,D-rand,0.54
2614,B,1,A,0.51,0.35,0.51,0.22,0.1,0.17,430,1.8060000000000003e-05,0,0.22,D-rand,0.51
2616,A,0,A,0.46,0.28,0.46,0.09,0.08,0.37,453,1.9026000000000004e-05,1,0.46,D-rand,0.46
2618,B,1,B,0.61,0.48,0.13,0.61,0.08,0.18,422,1.7724000000000002e-05,1,0.61,D-rand,0.61
2619,C,2,C,0.94,0.93,0.01,0.01,0.94,0.04,491,2.0622e-05,1,0.94,D-rand,0.94
2620,B,1,C,0.63,0.51,0.06,0.17,0.63,0.14,416,1.7472e-05,0,0.17,D-rand,0.63
2621,D,3,D,0.91,0.87,0.03,0.05,0.01,0.91,431,1.8102e-05,1,0.91,D-rand,0.91
2622,A,0,A,0.91,0.87,0.91,0.04,0.01,0.04,427,1.7934e-05,1,0.91,D-rand,0.91
2624,B,1,C,0.56,0.41,0.04,0.3,0.56,0.1,502,2.1084000000000003e-05,0,0.3,D-rand,0.56
2623,D,3,D,0.89,0.85,0.01,0.01,0.09,0.89,467,1.9614e-05,1,0.89,D-rand,0.89
2625,B,1,B,0.99,0.99,0.01,0.99,0.0,0.0,522,2.1924e-05,1,0.99,D-rand,0.99
2627,B,1,A,0.63,0.5,0.63,0.35,0.01,0.01,484,2.0328000000000003e-05,0,0.35,D-rand,0.63
2628,A,0,A,0.98,0.96,0.98,0.02,0.0,0.0,469,1.9698e-05,1,0.98,D-rand,0.98
2629,A,0,B,0.51,0.35,0.33,0.51,0.12,0.04,464,1.9488000000000004e-05,0,0.33,D-rand,0.51
2630,C,2,C,0.96,0.95,0.01,0.01,0.96,0.02,443,1.8606e-05,1,0.96,D-rand,0.96
2632,C,2,C,0.73,0.65,0.05,0.02,0.73,0.2,451,1.8942000000000003e-05,1,0.73,D-rand,0.73
2631,D,3,D,0.7000000000000001,0.6000000000000001,0.24,0.04,0.02,0.7000000000000001,495,2.0790000000000003e-05,1,0.7000000000000001,D-rand,0.7000000000000001
2633,D,3,D,0.93,0.91,0.02,0.01,0.03,0.93,436,1.8312e-05,1,0.93,D-rand,0.93
2634,C,2,C,0.97,0.95,0.02,0.01,0.97,0.0,479,2.0118000000000003e-05,1,0.97,D-rand,0.97
2638,B,1,B,0.75,0.66,0.12,0.75,0.08,0.05,444,1.8648e-05,1,0.75,D-rand,0.75
2635,A,0,B,0.55,0.39,0.33,0.55,0.06,0.06,467,1.9614e-05,0,0.33,D-rand,0.55
2637,A,0,A,0.5700000000000001,0.42,0.5700000000000001,0.04,0.36,0.03,450,1.89e-05,1,0.5700000000000001,D-rand,0.5700000000000001
2636,B,1,D,0.3,0.07,0.26,0.22,0.22,0.3,472,1.9824e-05,0,0.22,D-rand,0.3
2639,D,3,B,0.43,0.25,0.42,0.43,0.05,0.1,587,2.4654e-05,0,0.1,D-rand,0.43
2643,D,3,D,0.8,0.74,0.05,0.08,0.07,0.8,457,1.9194000000000003e-05,1,0.8,D-rand,0.8
2642,A,0,A,0.98,0.98,0.98,0.01,0.0,0.01,429,1.8018000000000003e-05,1,0.98,D-rand,0.98
2640,B,1,C,0.61,0.48,0.14,0.17,0.61,0.08,493,2.0706000000000005e-05,0,0.17,D-rand,0.61
2644,C,2,C,0.45,0.28,0.17,0.07,0.45,0.31,508,2.1336e-05,1,0.45,D-rand,0.45
2645,B,1,B,0.93,0.9,0.01,0.93,0.02,0.04,494,2.0748000000000005e-05,1,0.93,D-rand,0.93
2647,C,2,C,0.81,0.75,0.17,0.01,0.81,0.01,491,2.0622e-05,1,0.81,D-rand,0.81
2648,A,0,A,0.8300000000000001,0.78,0.8300000000000001,0.13,0.01,0.03,481,2.0202e-05,1,0.8300000000000001,D-rand,0.8300000000000001
2649,B,1,B,0.99,0.99,0.01,0.99,0.0,0.0,430,1.8060000000000003e-05,1,0.99,D-rand,0.99
2650,D,3,D,0.55,0.39,0.0,0.45,0.0,0.55,442,1.8564e-05,1,0.55,D-rand,0.55
2655,C,2,C,0.94,0.92,0.02,0.01,0.94,0.03,447,1.8774000000000004e-05,1,0.94,D-rand,0.94
2656,A,0,C,0.58,0.44,0.41,0.01,0.58,0.0,530,2.226e-05,0,0.41,D-rand,0.58
2654,D,3,D,0.8,0.74,0.13,0.04,0.03,0.8,516,2.1672000000000005e-05,1,0.8,D-rand,0.8
2659,A,0,A,0.88,0.85,0.88,0.05,0.01,0.06,480,2.016e-05,1,0.88,D-rand,0.88
2658,B,1,B,0.35,0.13,0.23,0.35,0.33,0.09,438,1.8396e-05,1,0.35,D-rand,0.35
2660,D,3,D,0.87,0.8300000000000001,0.03,0.01,0.09,0.87,525,2.2050000000000004e-05,1,0.87,D-rand,0.87
2661,B,1,A,0.73,0.64,0.73,0.03,0.1,0.14,483,2.0286e-05,0,0.03,D-rand,0.73
2667,A,0,B,0.44,0.25,0.42,0.44,0.02,0.12,472,1.9824e-05,0,0.42,D-rand,0.44
2665,B,1,A,0.9,0.86,0.9,0.05,0.01,0.04,499,2.0958e-05,0,0.05,D-rand,0.9
2666,B,1,B,0.6900000000000001,0.58,0.22,0.6900000000000001,0.07,0.02,490,2.058e-05,1,0.6900000000000001,D-rand,0.6900000000000001
2668,A,0,A,0.99,0.98,0.99,0.01,0.0,0.0,488,2.0496e-05,1,0.99,D-rand,0.99
2671,D,3,D,0.97,0.95,0.0,0.0,0.03,0.97,432,1.8144e-05,1,0.97,D-rand,0.97
2670,A,0,A,0.73,0.64,0.73,0.26,0.01,0.0,477,2.0034e-05,1,0.73,D-rand,0.73
2672,B,1,B,0.96,0.95,0.01,0.96,0.03,0.0,488,2.0496e-05,1,0.96,D-rand,0.96
2673,D,3,D,0.32,0.1,0.32,0.04,0.32,0.32,505,2.121e-05,1,0.32,D-rand,0.32
2674,B,1,C,0.33,0.11,0.26,0.28,0.33,0.13,520,2.1840000000000004e-05,0,0.28,D-rand,0.33
2678,D,3,D,0.91,0.89,0.06,0.02,0.01,0.91,418,1.7556000000000003e-05,1,0.91,D-rand,0.91
2675,C,2,C,0.89,0.85,0.01,0.09,0.89,0.01,432,1.8144e-05,1,0.89,D-rand,0.89
2677,D,3,D,0.97,0.95,0.0,0.02,0.01,0.97,503,2.1126e-05,1,0.97,D-rand,0.97
2682,C,2,C,0.55,0.41,0.03,0.38,0.55,0.04,439,1.8438e-05,1,0.55,D-rand,0.55
2680,D,3,D,0.7000000000000001,0.61,0.03,0.22,0.05,0.7000000000000001,404,1.6968e-05,1,0.7000000000000001,D-rand,0.7000000000000001
2684,A,0,A,0.86,0.8200000000000001,0.86,0.11,0.01,0.02,507,2.1294e-05,1,0.86,D-rand,0.86
2686,B,1,B,0.87,0.8200000000000001,0.07,0.87,0.02,0.04,467,1.9614e-05,1,0.87,D-rand,0.87
2688,A,0,A,0.88,0.84,0.88,0.03,0.07,0.02,628,2.6376000000000003e-05,1,0.88,D-rand,0.88
2685,A,0,B,0.65,0.53,0.13,0.65,0.07,0.15,473,1.9866000000000003e-05,0,0.13,D-rand,0.65
2689,A,0,A,0.54,0.39,0.54,0.3,0.05,0.11,431,1.8102e-05,1,0.54,D-rand,0.54
2690,D,3,D,0.74,0.66,0.16,0.03,0.07,0.74,465,1.953e-05,1,0.74,D-rand,0.74
2691,B,1,B,0.64,0.51,0.08,0.64,0.1,0.18,513,2.1546e-05,1,0.64,D-rand,0.64
2687,D,3,D,0.64,0.52,0.26,0.03,0.07,0.64,482,2.0244e-05,1,0.64,D-rand,0.64
2693,D,3,B,0.97,0.95,0.01,0.97,0.01,0.01,479,2.0118000000000003e-05,0,0.01,D-rand,0.97
2692,C,2,C,1.0,0.99,0.0,0.0,1.0,0.0,569,2.3898000000000004e-05,1,1.0,D-rand,1.0
2698,C,2,C,0.38,0.17,0.17,0.31,0.38,0.14,510,2.142e-05,1,0.38,D-rand,0.38
2696,A,0,D,0.5700000000000001,0.43,0.08,0.14,0.21,0.5700000000000001,437,1.8354e-05,0,0.08,D-rand,0.5700000000000001
2697,C,2,C,0.66,0.55,0.22,0.04,0.66,0.08,475,1.9950000000000004e-05,1,0.66,D-rand,0.66
2699,D,3,D,0.98,0.98,0.01,0.0,0.01,0.98,467,1.9614e-05,1,0.98,D-rand,0.98
2700,B,1,B,0.94,0.92,0.01,0.94,0.02,0.03,431,1.8102e-05,1,0.94,D-rand,0.94
2695,C,2,C,0.77,0.7000000000000001,0.02,0.17,0.77,0.04,496,2.0832000000000003e-05,1,0.77,D-rand,0.77
2701,C,2,A,0.6000000000000001,0.48,0.6000000000000001,0.06,0.22,0.12,543,2.2806000000000005e-05,0,0.22,D-rand,0.6000000000000001
2703,B,1,B,0.76,0.68,0.09,0.76,0.01,0.14,445,1.869e-05,1,0.76,D-rand,0.76
2705,C,2,C,0.98,0.97,0.02,0.0,0.98,0.0,415,1.743e-05,1,0.98,D-rand,0.98
2707,D,3,D,0.79,0.72,0.13,0.07,0.01,0.79,465,1.953e-05,1,0.79,D-rand,0.79
2706,B,1,B,0.97,0.96,0.03,0.97,0.0,0.0,448,1.8816000000000004e-05,1,0.97,D-rand,0.97
2708,B,1,B,1.0,1.0,0.0,1.0,0.0,0.0,449,1.8858e-05,1,1.0,D-rand,1.0
2704,C,2,C,1.0,1.0,0.0,0.0,1.0,0.0,554,2.3268e-05,1,1.0,D-rand,1.0
2711,D,3,C,0.95,0.93,0.01,0.01,0.95,0.03,441,1.8522000000000003e-05,0,0.03,D-rand,0.95
2710,C,2,C,0.54,0.39,0.4,0.04,0.54,0.02,413,1.7346e-05,1,0.54,D-rand,0.54
2714,D,3,D,0.93,0.91,0.04,0.01,0.01,0.93,482,2.0244e-05,1,0.93,D-rand,0.93
2713,C,2,B,0.93,0.9,0.01,0.93,0.06,0.0,551,2.3142000000000003e-05,0,0.06,D-rand,0.93
2712,D,3,D,0.7000000000000001,0.6000000000000001,0.17,0.09,0.04,0.7000000000000001,493,2.0706000000000005e-05,1,0.7000000000000001,D-rand,0.7000000000000001
2716,A,0,A,0.73,0.64,0.73,0.15,0.07,0.05,415,1.743e-05,1,0.73,D-rand,0.73
2715,C,2,C,0.34,0.11,0.31,0.11,0.34,0.24,426,1.7892000000000004e-05,1,0.34,D-rand,0.34
2717,B,1,B,0.73,0.63,0.05,0.73,0.12,0.1,418,1.7556000000000003e-05,1,0.73,D-rand,0.73
2718,A,0,A,0.9,0.86,0.9,0.03,0.02,0.05,461,1.9362e-05,1,0.9,D-rand,0.9
2719,B,1,B,0.48,0.31,0.2,0.48,0.03,0.29,421,1.7682e-05,1,0.48,D-rand,0.48
2722,B,1,D,0.56,0.42,0.11,0.18,0.14,0.56,453,1.9026000000000004e-05,0,0.18,D-rand,0.56
2724,C,2,C,0.99,0.99,0.01,0.0,0.99,0.0,494,2.0748000000000005e-05,1,0.99,D-rand,0.99
2721,C,2,C,0.8,0.74,0.11,0.07,0.8,0.02,411,1.7262000000000002e-05,1,0.8,D-rand,0.8
2723,A,0,A,0.55,0.4,0.55,0.29,0.07,0.09,463,1.9446e-05,1,0.55,D-rand,0.55
2725,A,0,B,0.74,0.64,0.17,0.74,0.06,0.03,423,1.7766000000000002e-05,0,0.17,D-rand,0.74
2726,C,2,B,0.62,0.5,0.07,0.62,0.26,0.05,442,1.8564e-05,0,0.26,D-rand,0.62
2727,D,3,B,0.5,0.32,0.15,0.5,0.01,0.34,428,1.7976000000000002e-05,0,0.34,D-rand,0.5
2728,C,2,C,0.93,0.91,0.04,0.01,0.93,0.02,461,1.9362e-05,1,0.93,D-rand,0.93
2729,C,2,C,0.61,0.48,0.11,0.17,0.61,0.11,424,1.7808000000000003e-05,1,0.61,D-rand,0.61
2732,C,2,B,0.46,0.28,0.23,0.46,0.25,0.06,476,1.9992e-05,0,0.25,D-rand,0.46
2733,B,1,B,0.51,0.35,0.18,0.51,0.18,0.13,467,1.9614e-05,1,0.51,D-rand,0.51
2730,D,3,B,0.38,0.18,0.3,0.38,0.1,0.22,490,2.058e-05,0,0.22,D-rand,0.38
2736,B,1,B,0.89,0.86,0.04,0.89,0.03,0.04,457,1.9194000000000003e-05,1,0.89,D-rand,0.89
2735,C,2,C,0.81,0.75,0.03,0.14,0.81,0.01,467,1.9614e-05,1,0.81,D-rand,0.81
2737,C,2,C,0.72,0.62,0.13,0.11,0.72,0.04,506,2.1252000000000003e-05,1,0.72,D-rand,0.72
2738,C,2,C,0.95,0.93,0.01,0.03,0.95,0.01,463,1.9446e-05,1,0.95,D-rand,0.95
2743,A,0,A,0.94,0.92,0.94,0.04,0.01,0.01,446,1.8732000000000003e-05,1,0.94,D-rand,0.94
2744,D,3,D,0.91,0.88,0.01,0.07,0.01,0.91,456,1.9152e-05,1,0.91,D-rand,0.91
2745,D,3,D,0.81,0.75,0.05,0.05,0.09,0.81,543,2.2806000000000005e-05,1,0.81,D-rand,0.81
2739,C,2,C,0.96,0.94,0.02,0.01,0.96,0.01,454,1.9068e-05,1,0.96,D-rand,0.96
2747,C,2,D,0.6900000000000001,0.6000000000000001,0.18,0.03,0.1,0.6900000000000001,441,1.8522000000000003e-05,0,0.1,D-rand,0.6900000000000001
2749,B,1,B,0.76,0.68,0.02,0.76,0.01,0.21,451,1.8942000000000003e-05,1,0.76,D-rand,0.76
2750,A,0,A,0.6000000000000001,0.46,0.6000000000000001,0.17,0.17,0.06,467,1.9614e-05,1,0.6000000000000001,D-rand,0.6000000000000001
2748,B,1,A,0.58,0.43,0.58,0.23,0.07,0.12,457,1.9194000000000003e-05,0,0.23,D-rand,0.58
2752,A,0,A,1.0,1.0,1.0,0.0,0.0,0.0,468,1.9656000000000003e-05,1,1.0,D-rand,1.0
2751,C,2,B,0.6900000000000001,0.59,0.13,0.6900000000000001,0.13,0.05,493,2.0706000000000005e-05,0,0.13,D-rand,0.6900000000000001
2754,A,0,B,0.5,0.34,0.19,0.5,0.28,0.03,445,1.869e-05,0,0.19,D-rand,0.5
2753,B,1,B,0.94,0.92,0.01,0.94,0.05,0.0,497,2.0874000000000004e-05,1,0.94,D-rand,0.94
2756,C,2,C,0.75,0.68,0.21,0.03,0.75,0.01,475,1.9950000000000004e-05,1,0.75,D-rand,0.75
2757,B,1,B,0.92,0.9,0.03,0.92,0.03,0.02,448,1.8816000000000004e-05,1,0.92,D-rand,0.92
2759,C,2,C,0.9,0.87,0.04,0.04,0.9,0.02,470,1.974e-05,1,0.9,D-rand,0.9
2758,B,1,B,0.95,0.94,0.02,0.95,0.02,0.01,482,2.0244e-05,1,0.95,D-rand,0.95
2760,C,2,C,0.98,0.98,0.01,0.01,0.98,0.0,457,1.9194000000000003e-05,1,0.98,D-rand,0.98
2763,A,0,A,0.75,0.67,0.75,0.06,0.03,0.16,447,1.8774000000000004e-05,1,0.75,D-rand,0.75
2761,A,0,B,0.48,0.31,0.39,0.48,0.07,0.06,511,2.1462e-05,0,0.39,D-rand,0.48
2766,B,1,A,0.73,0.63,0.73,0.07,0.1,0.1,432,1.8144e-05,0,0.07,D-rand,0.73
2767,A,0,A,0.85,0.8,0.85,0.08,0.06,0.01,517,2.1714000000000003e-05,1,0.85,D-rand,0.85
2769,B,1,B,0.92,0.9,0.05,0.92,0.03,0.0,436,1.8312e-05,1,0.92,D-rand,0.92
2768,D,3,D,0.68,0.58,0.1,0.2,0.02,0.68,426,1.7892000000000004e-05,1,0.68,D-rand,0.68
2771,A,0,A,0.76,0.68,0.76,0.07,0.13,0.04,421,1.7682e-05,1,0.76,D-rand,0.76
2770,C,2,C,0.6900000000000001,0.58,0.08,0.04,0.6900000000000001,0.19,479,2.0118000000000003e-05,1,0.6900000000000001,D-rand,0.6900000000000001
2774,B,1,C,0.3,0.07,0.26,0.18,0.3,0.26,410,1.722e-05,0,0.18,D-rand,0.3
2776,B,1,C,0.48,0.31,0.16,0.15,0.48,0.21,499,2.0958e-05,0,0.15,D-rand,0.48
2778,A,0,A,1.0,1.0,1.0,0.0,0.0,0.0,454,1.9068e-05,1,1.0,D-rand,1.0
2777,D,3,D,0.43,0.24,0.37,0.15,0.05,0.43,455,1.911e-05,1,0.43,D-rand,0.43
2780,C,2,C,0.88,0.84,0.06,0.01,0.88,0.05,491,2.0622e-05,1,0.88,D-rand,0.88
2779,C,2,C,0.47,0.28,0.15,0.24,0.47,0.14,468,1.9656000000000003e-05,1,0.47,D-rand,0.47
2783,B,1,C,0.47,0.29,0.07,0.42,0.47,0.04,408,1.7136e-05,0,0.42,D-rand,0.47
2781,A,0,B,0.68,0.5700000000000001,0.3,0.68,0.01,0.01,480,2.016e-05,0,0.3,D-rand,0.68
2782,C,2,C,0.58,0.45,0.07,0.24,0.58,0.11,459,1.9278e-05,1,0.58,D-rand,0.58
2785,B,1,B,1.0,0.99,0.0,1.0,0.0,0.0,485,2.037e-05,1,1.0,D-rand,1.0
2784,D,3,D,0.99,0.98,0.0,0.01,0.0,0.99,431,1.8102e-05,1,0.99,D-rand,0.99
2788,C,2,D,0.74,0.65,0.12,0.07,0.07,0.74,496,2.0832000000000003e-05,0,0.07,D-rand,0.74
2790,C,2,C,0.92,0.9,0.05,0.02,0.92,0.01,446,1.8732000000000003e-05,1,0.92,D-rand,0.92
2792,C,2,A,0.51,0.36,0.51,0.27,0.08,0.14,455,1.911e-05,0,0.08,D-rand,0.51
2791,D,3,D,1.0,1.0,0.0,0.0,0.0,1.0,460,1.932e-05,1,1.0,D-rand,1.0
2793,B,1,B,0.94,0.92,0.05,0.94,0.0,0.01,445,1.869e-05,1,0.94,D-rand,0.94
2795,A,0,A,0.52,0.37,0.52,0.11,0.07,0.3,481,2.0202e-05,1,0.52,D-rand,0.52
2796,D,3,D,0.5700000000000001,0.43,0.28,0.06,0.09,0.5700000000000001,450,1.89e-05,1,0.5700000000000001,D-rand,0.5700000000000001
2794,C,2,C,1.0,0.99,0.0,0.0,1.0,0.0,495,2.0790000000000003e-05,1,1.0,D-rand,1.0
2797,A,0,A,0.39,0.18,0.39,0.11,0.17,0.33,462,1.9404e-05,1,0.39,D-rand,0.39
2800,C,2,D,0.64,0.53,0.09,0.05,0.22,0.64,464,1.9488000000000004e-05,0,0.22,D-rand,0.64
2798,D,3,A,0.54,0.38,0.54,0.12,0.02,0.32,478,2.0076e-05,0,0.32,D-rand,0.54
2799,A,0,B,0.36,0.14,0.3,0.36,0.11,0.23,478,2.0076e-05,0,0.3,D-rand,0.36
2802,D,3,D,0.8,0.74,0.04,0.13,0.02,0.8,458,1.9236e-05,1,0.8,D-rand,0.8
2803,A,0,A,0.8300000000000001,0.77,0.8300000000000001,0.1,0.04,0.03,426,1.7892000000000004e-05,1,0.8300000000000001,D-rand,0.8300000000000001
2801,C,2,A,0.47,0.28,0.47,0.08,0.34,0.11,436,1.8312e-05,0,0.34,D-rand,0.47
2804,B,1,B,0.65,0.53,0.22,0.65,0.04,0.09,490,2.058e-05,1,0.65,D-rand,0.65
2807,C,2,C,1.0,0.99,0.0,0.0,1.0,0.0,429,1.8018000000000003e-05,1,1.0,D-rand,1.0
2805,D,3,B,0.63,0.5,0.1,0.63,0.07,0.2,536,2.2512e-05,0,0.2,D-rand,0.63
2806,C,2,C,0.59,0.45,0.36,0.02,0.59,0.03,487,2.0454e-05,1,0.59,D-rand,0.59
2811,A,0,A,0.54,0.39,0.54,0.14,0.07,0.25,436,1.8312e-05,1,0.54,D-rand,0.54
2815,C,2,C,0.85,0.8,0.02,0.09,0.85,0.04,482,2.0244e-05,1,0.85,D-rand,0.85
2809,B,1,B,0.96,0.95,0.01,0.96,0.01,0.02,469,1.9698e-05,1,0.96,D-rand,0.96
2818,B,1,B,0.47,0.3,0.27,0.47,0.15,0.11,536,2.2512e-05,1,0.47,D-rand,0.47
2808,B,1,C,0.81,0.75,0.06,0.07,0.81,0.05,405,1.701e-05,0,0.07,D-rand,0.81
2820,C,2,C,0.42,0.22,0.4,0.07,0.42,0.11,416,1.7472e-05,1,0.42,D-rand,0.42
2821,A,0,B,0.48,0.3,0.41,0.48,0.02,0.09,502,2.1084000000000003e-05,0,0.41,D-rand,0.48
2826,C,2,D,0.53,0.37,0.04,0.27,0.16,0.53,461,1.9362e-05,0,0.16,D-rand,0.53
2822,D,3,D,0.89,0.86,0.02,0.04,0.05,0.89,508,2.1336e-05,1,0.89,D-rand,0.89
2827,A,0,A,0.8300000000000001,0.78,0.8300000000000001,0.02,0.01,0.14,501,2.1042000000000003e-05,1,0.8300000000000001,D-rand,0.8300000000000001
2823,C,2,C,0.55,0.4,0.04,0.04,0.55,0.37,491,2.0622e-05,1,0.55,D-rand,0.55
2830,C,2,A,0.63,0.5,0.63,0.12,0.17,0.08,525,2.2050000000000004e-05,0,0.17,D-rand,0.63
2828,B,1,B,0.94,0.91,0.05,0.94,0.0,0.01,477,2.0034e-05,1,0.94,D-rand,0.94
2834,D,3,A,0.49,0.32,0.49,0.18,0.12,0.21,473,1.9866000000000003e-05,0,0.21,D-rand,0.49
2831,B,1,C,0.43,0.24,0.34,0.06,0.43,0.17,448,1.8816000000000004e-05,0,0.06,D-rand,0.43
2839,D,3,B,0.8200000000000001,0.76,0.05,0.8200000000000001,0.03,0.1,452,1.8984000000000003e-05,0,0.1,D-rand,0.8200000000000001
2837,B,1,B,1.0,0.99,0.0,1.0,0.0,0.0,473,1.9866000000000003e-05,1,1.0,D-rand,1.0
2841,D,3,D,0.96,0.94,0.02,0.01,0.01,0.96,456,1.9152e-05,1,0.96,D-rand,0.96
2847,A,0,B,0.5700000000000001,0.42,0.41,0.5700000000000001,0.01,0.01,447,1.8774000000000004e-05,0,0.41,D-rand,0.5700000000000001
2845,A,0,B,0.48,0.31,0.09,0.48,0.34,0.09,463,1.9446e-05,0,0.09,D-rand,0.48
2849,D,3,D,0.39,0.19,0.23,0.3,0.08,0.39,478,2.0076e-05,1,0.39,D-rand,0.39
2846,D,3,D,0.46,0.28,0.07,0.42,0.05,0.46,546,2.2932000000000003e-05,1,0.46,D-rand,0.46
2848,D,3,D,0.34,0.12,0.29,0.26,0.11,0.34,455,1.911e-05,1,0.34,D-rand,0.34
2850,B,1,B,0.95,0.94,0.04,0.95,0.01,0.0,423,1.7766000000000002e-05,1,0.95,D-rand,0.95
2852,B,1,B,0.64,0.51,0.1,0.64,0.02,0.24,484,2.0328000000000003e-05,1,0.64,D-rand,0.64
2854,B,1,B,0.5,0.34,0.27,0.5,0.19,0.04,500,2.1e-05,1,0.5,D-rand,0.5
2855,A,0,A,0.49,0.32,0.49,0.23,0.24,0.04,433,1.8186e-05,1,0.49,D-rand,0.49
2856,C,2,C,0.74,0.65,0.09,0.01,0.74,0.16,463,1.9446e-05,1,0.74,D-rand,0.74
2859,B,1,B,0.49,0.33,0.28,0.49,0.15,0.08,525,2.2050000000000004e-05,1,0.49,D-rand,0.49
2857,A,0,A,0.6900000000000001,0.59,0.6900000000000001,0.16,0.03,0.12,461,1.9362e-05,1,0.6900000000000001,D-rand,0.6900000000000001
2858,B,1,B,0.67,0.56,0.09,0.67,0.11,0.13,466,1.9572e-05,1,0.67,D-rand,0.67
2860,A,0,C,0.47,0.29,0.37,0.1,0.47,0.06,456,1.9152e-05,0,0.37,D-rand,0.47
2862,D,3,A,0.58,0.45,0.58,0.19,0.09,0.14,497,2.0874000000000004e-05,0,0.14,D-rand,0.58
2865,D,3,B,0.37,0.15,0.32,0.37,0.06,0.25,457,1.9194000000000003e-05,0,0.25,D-rand,0.37
2868,A,0,A,0.56,0.4,0.56,0.37,0.03,0.04,445,1.869e-05,1,0.56,D-rand,0.56
2869,B,1,A,0.63,0.51,0.63,0.09,0.25,0.03,537,2.2554e-05,0,0.09,D-rand,0.63
2867,D,3,D,0.9,0.86,0.05,0.03,0.02,0.9,486,2.0412e-05,1,0.9,D-rand,0.9
2873,D,3,A,0.89,0.86,0.89,0.01,0.04,0.06,460,1.932e-05,0,0.06,D-rand,0.89
2870,D,3,B,0.71,0.61,0.04,0.71,0.22,0.03,482,2.0244e-05,0,0.03,D-rand,0.71
2876,C,2,C,0.9,0.87,0.05,0.04,0.9,0.01,524,2.2008000000000003e-05,1,0.9,D-rand,0.9
2882,B,1,D,0.64,0.51,0.16,0.13,0.07,0.64,468,1.9656000000000003e-05,0,0.13,D-rand,0.64
2886,A,0,A,1.0,0.99,1.0,0.0,0.0,0.0,480,2.016e-05,1,1.0,D-rand,1.0
2884,A,0,A,0.87,0.8200000000000001,0.87,0.0,0.13,0.0,489,2.0538e-05,1,0.87,D-rand,0.87
2883,A,0,A,0.809999999999999,0.76,0.809999999999999,0.03,0.14,0.02,434,1.8228e-05,1,0.809999999999999,D-rand,0.809999999999999
2885,A,0,A,0.92,0.89,0.92,0.0,0.07,0.01,460,1.932e-05,1,0.92,D-rand,0.92
2889,C,2,C,0.62,0.48,0.31,0.03,0.62,0.04,460,1.932e-05,1,0.62,D-rand,0.62
2890,A,0,C,0.47,0.3,0.47,0.03,0.47,0.03,479,2.0118000000000003e-05,0,0.47,D-rand,0.47
2888,C,2,A,0.41,0.21,0.41,0.18,0.32,0.09,479,2.0118000000000003e-05,0,0.32,D-rand,0.41
2887,A,0,A,0.64,0.52,0.64,0.1,0.2,0.06,446,1.8732000000000003e-05,1,0.64,D-rand,0.64
2891,B,1,A,0.71,0.6000000000000001,0.71,0.03,0.23,0.03,460,1.932e-05,0,0.03,D-rand,0.71
2894,A,0,A,0.6000000000000001,0.47,0.6000000000000001,0.07,0.14,0.19,427,1.7934e-05,1,0.6000000000000001,D-rand,0.6000000000000001
2892,B,1,B,1.0,1.0,0.0,1.0,0.0,0.0,494,2.0748000000000005e-05,1,1.0,D-rand,1.0
2900,B,1,A,0.61,0.48,0.61,0.26,0.03,0.1,474,1.9908000000000003e-05,0,0.26,D-rand,0.61
2897,D,3,D,0.8,0.73,0.03,0.01,0.16,0.8,463,1.9446e-05,1,0.8,D-rand,0.8
2898,A,0,D,0.33,0.1,0.27,0.11,0.29,0.33,484,2.0328000000000003e-05,0,0.27,D-rand,0.33
2901,C,2,C,0.98,0.97,0.01,0.01,0.98,0.0,513,2.1546e-05,1,0.98,D-rand,0.98
2899,C,2,C,0.9,0.87,0.08,0.01,0.9,0.01,408,1.7136e-05,1,0.9,D-rand,0.9
2903,D,3,D,0.72,0.63,0.04,0.18,0.06,0.72,471,1.9782000000000005e-05,1,0.72,D-rand,0.72
2902,D,3,C,0.49,0.32,0.09,0.07,0.49,0.35,430,1.8060000000000003e-05,0,0.35,D-rand,0.49
2905,D,3,D,0.53,0.37,0.1,0.13,0.24,0.53,459,1.9278e-05,1,0.53,D-rand,0.53
2907,A,0,A,0.97,0.96,0.97,0.0,0.02,0.01,485,2.037e-05,1,0.97,D-rand,0.97
2910,B,1,A,0.54,0.38,0.54,0.09,0.02,0.35,456,1.9152e-05,0,0.09,D-rand,0.54
2908,A,0,B,0.54,0.39,0.07,0.54,0.01,0.38,511,2.1462e-05,0,0.07,D-rand,0.54
2906,D,3,B,0.77,0.71,0.07,0.77,0.03,0.13,480,2.016e-05,0,0.13,D-rand,0.77
2909,A,0,B,0.35,0.14,0.28,0.35,0.26,0.11,531,2.2302e-05,0,0.28,D-rand,0.35
2911,D,3,C,0.45,0.26,0.25,0.14,0.45,0.16,449,1.8858e-05,0,0.16,D-rand,0.45
2912,C,2,A,0.8300000000000001,0.77,0.8300000000000001,0.06,0.06,0.05,468,1.9656000000000003e-05,0,0.06,D-rand,0.8300000000000001
2914,D,3,A,0.54,0.38,0.54,0.22,0.13,0.11,438,1.8396e-05,0,0.11,D-rand,0.54
2915,B,1,B,0.88,0.84,0.02,0.88,0.09,0.01,485,2.037e-05,1,0.88,D-rand,0.88
2913,A,0,A,0.76,0.68,0.76,0.19,0.01,0.04,512,2.1504e-05,1,0.76,D-rand,0.76
2916,A,0,C,0.71,0.62,0.12,0.03,0.71,0.14,477,2.0034e-05,0,0.12,D-rand,0.71
2917,D,3,D,0.98,0.97,0.01,0.01,0.0,0.98,489,2.0538e-05,1,0.98,D-rand,0.98
2922,C,2,C,1.0,0.99,0.0,0.0,1.0,0.0,455,1.911e-05,1,1.0,D-rand,1.0
2920,D,3,D,0.66,0.54,0.06,0.27,0.01,0.66,428,1.7976000000000002e-05,1,0.66,D-rand,0.66
2918,C,2,B,0.64,0.52,0.16,0.64,0.15,0.05,512,2.1504e-05,0,0.15,D-rand,0.64
2923,A,0,A,0.61,0.47,0.61,0.15,0.12,0.12,399,1.6758000000000005e-05,1,0.61,D-rand,0.61
2927,B,1,B,0.75,0.67,0.04,0.75,0.08,0.13,455,1.911e-05,1,0.75,D-rand,0.75
2925,A,0,A,0.88,0.84,0.88,0.11,0.0,0.01,468,1.9656000000000003e-05,1,0.88,D-rand,0.88
2924,D,3,A,0.44,0.25,0.44,0.14,0.34,0.08,418,1.7556000000000003e-05,0,0.08,D-rand,0.44
2929,A,0,A,0.62,0.5,0.62,0.11,0.19,0.08,473,1.9866000000000003e-05,1,0.62,D-rand,0.62
2928,D,3,A,0.33,0.12,0.33,0.32,0.06,0.29,432,1.8144e-05,0,0.29,D-rand,0.33
2926,A,0,A,0.99,0.98,0.99,0.0,0.01,0.0,459,1.9278e-05,1,0.99,D-rand,0.99
2930,C,2,A,0.42,0.24,0.42,0.35,0.19,0.04,473,1.9866000000000003e-05,0,0.19,D-rand,0.42
2936,D,3,B,0.46,0.27,0.38,0.46,0.09,0.07,453,1.9026000000000004e-05,0,0.07,D-rand,0.46
2935,C,2,A,0.52,0.36,0.52,0.19,0.2,0.09,512,2.1504e-05,0,0.2,D-rand,0.52
2934,C,2,C,0.36,0.15,0.28,0.28,0.36,0.08,466,1.9572e-05,1,0.36,D-rand,0.36
2932,B,1,D,0.54,0.38,0.17,0.18,0.11,0.54,482,2.0244e-05,0,0.18,D-rand,0.54
2938,D,3,D,1.0,0.99,0.0,0.0,0.0,1.0,495,2.0790000000000003e-05,1,1.0,D-rand,1.0
2937,D,3,C,0.58,0.45,0.04,0.01,0.58,0.37,461,1.9362e-05,0,0.37,D-rand,0.58
2940,D,3,A,0.81,0.75,0.81,0.02,0.02,0.14,520,2.1840000000000004e-05,0,0.14,D-rand,0.81
2939,C,2,C,0.89,0.84,0.05,0.03,0.89,0.03,487,2.0454e-05,1,0.89,D-rand,0.89
2944,B,1,A,0.73,0.64,0.73,0.15,0.02,0.1,448,1.8816000000000004e-05,0,0.15,D-rand,0.73
2946,A,0,D,0.75,0.66,0.15,0.04,0.06,0.75,468,1.9656000000000003e-05,0,0.15,D-rand,0.75
2947,B,1,B,0.52,0.35,0.3,0.52,0.07,0.11,440,1.848e-05,1,0.52,D-rand,0.52
2942,A,0,C,0.58,0.44,0.27,0.08,0.58,0.07,447,1.8774000000000004e-05,0,0.27,D-rand,0.58
2948,B,1,B,0.65,0.53,0.14,0.65,0.17,0.04,460,1.932e-05,1,0.65,D-rand,0.65
2949,A,0,A,0.76,0.67,0.76,0.02,0.19,0.03,510,2.142e-05,1,0.76,D-rand,0.76
2951,A,0,C,0.64,0.53,0.31,0.03,0.64,0.02,439,1.8438e-05,0,0.31,D-rand,0.64
2955,D,3,D,0.98,0.98,0.01,0.0,0.01,0.98,492,2.0664e-05,1,0.98,D-rand,0.98
2954,C,2,C,0.84,0.78,0.09,0.02,0.84,0.05,458,1.9236e-05,1,0.84,D-rand,0.84
2956,A,0,B,0.61,0.48,0.13,0.61,0.12,0.14,471,1.9782000000000005e-05,0,0.13,D-rand,0.61
2950,D,3,B,0.75,0.67,0.1,0.75,0.08,0.07,495,2.0790000000000003e-05,0,0.07,D-rand,0.75
2957,C,2,C,1.0,1.0,0.0,0.0,1.0,0.0,407,1.7094000000000003e-05,1,1.0,D-rand,1.0
2960,A,0,A,0.99,0.98,0.99,0.01,0.0,0.0,436,1.8312e-05,1,0.99,D-rand,0.99
2959,C,2,C,0.99,0.98,0.01,0.0,0.99,0.0,450,1.89e-05,1,0.99,D-rand,0.99
2962,B,1,B,1.0,1.0,0.0,1.0,0.0,0.0,477,2.0034e-05,1,1.0,D-rand,1.0
2961,A,0,A,0.61,0.48,0.61,0.14,0.21,0.04,501,2.1042000000000003e-05,1,0.61,D-rand,0.61
2965,D,3,A,0.72,0.62,0.72,0.08,0.07,0.13,456,1.9152e-05,0,0.13,D-rand,0.72
2964,A,0,A,0.72,0.64,0.72,0.06,0.04,0.18,444,1.8648e-05,1,0.72,D-rand,0.72
2966,B,1,B,1.0,1.0,0.0,1.0,0.0,0.0,527,2.2134e-05,1,1.0,D-rand,1.0
2967,C,2,C,0.68,0.58,0.08,0.16,0.68,0.07,429,1.8018000000000003e-05,1,0.68,D-rand,0.68
2969,B,1,B,0.8,0.75,0.04,0.8,0.04,0.12,463,1.9446e-05,1,0.8,D-rand,0.8
2963,D,3,C,0.52,0.37,0.23,0.15,0.52,0.1,468,1.9656000000000003e-05,0,0.1,D-rand,0.52
2968,B,1,B,0.86,0.81,0.08,0.86,0.03,0.03,444,1.8648e-05,1,0.86,D-rand,0.86
2972,A,0,A,0.63,0.51,0.63,0.3,0.04,0.03,453,1.9026000000000004e-05,1,0.63,D-rand,0.63
2974,B,1,B,0.97,0.96,0.02,0.97,0.0,0.01,478,2.0076e-05,1,0.97,D-rand,0.97
2971,D,3,D,0.99,0.99,0.0,0.0,0.01,0.99,530,2.226e-05,1,0.99,D-rand,0.99
2975,D,3,A,0.44,0.26,0.44,0.03,0.16,0.37,457,1.9194000000000003e-05,0,0.37,D-rand,0.44
2973,C,2,C,0.76,0.68,0.01,0.22,0.76,0.01,451,1.8942000000000003e-05,1,0.76,D-rand,0.76
2970,D,3,D,0.58,0.44,0.17,0.17,0.08,0.58,458,1.9236e-05,1,0.58,D-rand,0.58
2976,D,3,D,0.98,0.97,0.01,0.0,0.01,0.98,479,2.0118000000000003e-05,1,0.98,D-rand,0.98
2977,B,1,B,0.94,0.91,0.02,0.94,0.02,0.02,511,2.1462e-05,1,0.94,D-rand,0.94
2978,D,3,D,0.74,0.65,0.01,0.02,0.23,0.74,435,1.827e-05,1,0.74,D-rand,0.74
2980,A,0,A,0.84,0.79,0.84,0.1,0.01,0.05,487,2.0454e-05,1,0.84,D-rand,0.84
2979,D,3,D,0.88,0.8300000000000001,0.09,0.0,0.03,0.88,557,2.3394e-05,1,0.88,D-rand,0.88
2981,D,3,D,0.94,0.91,0.02,0.04,0.0,0.94,435,1.827e-05,1,0.94,D-rand,0.94
2986,C,2,B,0.76,0.6900000000000001,0.02,0.76,0.19,0.03,400,1.6800000000000002e-05,0,0.19,D-rand,0.76
2985,B,1,C,0.48,0.3,0.23,0.26,0.48,0.03,456,1.9152e-05,0,0.26,D-rand,0.48
2983,A,0,A,0.99,0.98,0.99,0.0,0.0,0.01,427,1.7934e-05,1,0.99,D-rand,0.99
2982,D,3,C,0.81,0.75,0.03,0.02,0.81,0.14,445,1.869e-05,0,0.14,D-rand,0.81
2987,A,0,A,0.99,0.98,0.99,0.0,0.0,0.01,437,1.8354e-05,1,0.99,D-rand,0.99
2988,B,1,B,0.8300000000000001,0.77,0.1,0.8300000000000001,0.02,0.05,493,2.0706000000000005e-05,1,0.8300000000000001,D-rand,0.8300000000000001
2989,A,0,B,0.47,0.3,0.26,0.47,0.16,0.11,447,1.8774000000000004e-05,0,0.26,D-rand,0.47
2990,C,2,C,0.71,0.62,0.15,0.08,0.71,0.06,425,1.7850000000000004e-05,1,0.71,D-rand,0.71
2992,B,1,B,0.8300000000000001,0.77,0.03,0.8300000000000001,0.04,0.1,453,1.9026000000000004e-05,1,0.8300000000000001,D-rand,0.8300000000000001
2993,A,0,A,0.5700000000000001,0.43,0.5700000000000001,0.24,0.16,0.03,449,1.8858e-05,1,0.5700000000000001,D-rand,0.5700000000000001
2994,B,1,D,0.48,0.3,0.05,0.45,0.02,0.48,440,1.848e-05,0,0.45,D-rand,0.48
2996,C,2,B,0.52,0.37,0.18,0.52,0.12,0.18,434,1.8228e-05,0,0.12,D-rand,0.52
2997,B,1,C,0.64,0.52,0.11,0.17,0.64,0.08,443,1.8606e-05,0,0.17,D-rand,0.64
2998,C,2,C,0.7000000000000001,0.6000000000000001,0.22,0.04,0.7000000000000001,0.04,471,1.9782000000000005e-05,1,0.7000000000000001,D-rand,0.7000000000000001
2999,B,1,A,0.67,0.56,0.67,0.28,0.01,0.04,437,1.8354e-05,0,0.28,D-rand,0.67
3000,D,3,A,0.8200000000000001,0.76,0.8200000000000001,0.06,0.02,0.1,497,2.0874000000000004e-05,0,0.1,D-rand,0.8200000000000001
3002,A,0,A,0.54,0.39,0.54,0.07,0.01,0.38,421,1.7682e-05,1,0.54,D-rand,0.54
3003,A,0,C,0.8200000000000001,0.77,0.13,0.01,0.8200000000000001,0.04,482,2.0244e-05,0,0.13,D-rand,0.8200000000000001
3004,A,0,D,0.49,0.3,0.33,0.09,0.09,0.49,460,1.932e-05,0,0.33,D-rand,0.49
3005,D,3,A,0.84,0.78,0.84,0.02,0.04,0.1,457,1.9194000000000003e-05,0,0.1,D-rand,0.84
3008,C,2,C,0.67,0.56,0.07,0.07,0.67,0.19,464,1.9488000000000004e-05,1,0.67,D-rand,0.67
3009,D,3,D,0.4,0.2,0.09,0.21,0.3,0.4,474,1.9908000000000003e-05,1,0.4,D-rand,0.4
3006,D,3,D,0.75,0.65,0.19,0.01,0.05,0.75,446,1.8732000000000003e-05,1,0.75,D-rand,0.75
3007,B,1,A,0.36,0.15,0.36,0.25,0.1,0.29,440,1.848e-05,0,0.25,D-rand,0.36
3012,B,1,B,0.85,0.79,0.09,0.85,0.04,0.02,437,1.8354e-05,1,0.85,D-rand,0.85
3011,D,3,A,0.51,0.35,0.51,0.03,0.23,0.23,469,1.9698e-05,0,0.23,D-rand,0.51
3010,D,3,D,0.67,0.55,0.13,0.12,0.08,0.67,447,1.8774000000000004e-05,1,0.67,D-rand,0.67
3016,A,0,C,0.44,0.25,0.31,0.06,0.44,0.19,450,1.89e-05,0,0.31,D-rand,0.44
3019,C,2,C,0.63,0.51,0.17,0.08,0.63,0.12,571,2.3982e-05,1,0.63,D-rand,0.63
3020,C,2,C,0.44,0.25,0.04,0.44,0.44,0.08,450,1.89e-05,1,0.44,D-rand,0.44
3017,A,0,A,0.89,0.85,0.89,0.02,0.04,0.05,424,1.7808000000000003e-05,1,0.89,D-rand,0.89
3013,A,0,A,0.71,0.61,0.71,0.02,0.25,0.02,478,2.0076e-05,1,0.71,D-rand,0.71
3015,C,2,B,0.48,0.3,0.03,0.48,0.38,0.11,460,1.932e-05,0,0.38,D-rand,0.48
3021,B,1,B,0.55,0.4,0.26,0.55,0.03,0.16,491,2.0622e-05,1,0.55,D-rand,0.55
3023,B,1,B,0.89,0.85,0.09,0.89,0.01,0.01,444,1.8648e-05,1,0.89,D-rand,0.89
3027,C,2,C,0.86,0.8200000000000001,0.08,0.03,0.86,0.03,436,1.8312e-05,1,0.86,D-rand,0.86
3026,D,3,D,0.85,0.79,0.05,0.09,0.01,0.85,516,2.1672000000000005e-05,1,0.85,D-rand,0.85
3029,B,1,B,0.75,0.66,0.02,0.75,0.07,0.16,447,1.8774000000000004e-05,1,0.75,D-rand,0.75
3028,C,2,C,0.77,0.6900000000000001,0.02,0.04,0.77,0.17,487,2.0454e-05,1,0.77,D-rand,0.77
3031,B,1,B,0.97,0.95,0.01,0.97,0.01,0.01,518,2.1756000000000003e-05,1,0.97,D-rand,0.97
3030,A,0,A,1.0,0.99,1.0,0.0,0.0,0.0,469,1.9698e-05,1,1.0,D-rand,1.0
3032,B,1,C,0.65,0.53,0.14,0.19,0.65,0.02,446,1.8732000000000003e-05,0,0.19,D-rand,0.65
3033,C,2,A,0.45,0.27,0.45,0.07,0.37,0.11,459,1.9278e-05,0,0.37,D-rand,0.45
3034,D,3,D,0.86,0.81,0.01,0.02,0.11,0.86,513,2.1546e-05,1,0.86,D-rand,0.86
3035,B,1,B,0.98,0.97,0.02,0.98,0.0,0.0,495,2.0790000000000003e-05,1,0.98,D-rand,0.98
3038,C,2,A,0.49,0.33,0.49,0.05,0.42,0.04,440,1.848e-05,0,0.42,D-rand,0.49
3040,B,1,B,0.38,0.18,0.16,0.38,0.26,0.2,482,2.0244e-05,1,0.38,D-rand,0.38
3039,A,0,B,0.45,0.26,0.16,0.45,0.15,0.24,441,1.8522000000000003e-05,0,0.16,D-rand,0.45
3036,C,2,C,1.0,1.0,0.0,0.0,1.0,0.0,416,1.7472e-05,1,1.0,D-rand,1.0
3037,D,3,B,0.87,0.8200000000000001,0.01,0.87,0.01,0.11,586,2.4612e-05,0,0.11,D-rand,0.87
3041,C,2,A,0.96,0.95,0.96,0.01,0.02,0.01,476,1.9992e-05,0,0.02,D-rand,0.96
3042,A,0,A,0.53,0.37,0.53,0.12,0.04,0.31,468,1.9656000000000003e-05,1,0.53,D-rand,0.53
3043,B,1,B,0.97,0.96,0.01,0.97,0.01,0.01,536,2.2512e-05,1,0.97,D-rand,0.97
3044,A,0,A,0.5700000000000001,0.43,0.5700000000000001,0.32,0.06,0.05,480,2.016e-05,1,0.5700000000000001,D-rand,0.5700000000000001
3045,C,2,C,0.8300000000000001,0.78,0.01,0.04,0.8300000000000001,0.12,446,1.8732000000000003e-05,1,0.8300000000000001,D-rand,0.8300000000000001
3046,C,2,C,0.46,0.28,0.15,0.37,0.46,0.02,479,2.0118000000000003e-05,1,0.46,D-rand,0.46
3048,C,2,C,0.92,0.89,0.04,0.02,0.92,0.02,478,2.0076e-05,1,0.92,D-rand,0.92
3047,B,1,B,0.66,0.56,0.27,0.66,0.03,0.04,459,1.9278e-05,1,0.66,D-rand,0.66
3049,B,1,A,0.49,0.33,0.49,0.41,0.04,0.06,488,2.0496e-05,0,0.41,D-rand,0.49
3050,A,0,C,0.53,0.37,0.23,0.03,0.53,0.21,490,2.058e-05,0,0.23,D-rand,0.53
3051,C,2,C,0.46,0.28,0.19,0.03,0.46,0.32,480,2.016e-05,1,0.46,D-rand,0.46
3054,A,0,D,0.59,0.46,0.32,0.07,0.02,0.59,537,2.2554e-05,0,0.32,D-rand,0.59
3052,D,3,B,0.33,0.12,0.26,0.33,0.12,0.29,467,1.9614e-05,0,0.29,D-rand,0.33
3053,A,0,A,0.73,0.64,0.73,0.04,0.2,0.03,439,1.8438e-05,1,0.73,D-rand,0.73
3055,A,0,A,0.48,0.31,0.48,0.07,0.16,0.29,441,1.8522000000000003e-05,1,0.48,D-rand,0.48
3056,A,0,A,0.93,0.91,0.93,0.03,0.01,0.02,432,1.8144e-05,1,0.93,D-rand,0.93
3059,C,2,C,0.49,0.31,0.06,0.44,0.49,0.01,478,2.0076e-05,1,0.49,D-rand,0.49
3058,A,0,B,0.5,0.34,0.45,0.5,0.02,0.03,470,1.974e-05,0,0.45,D-rand,0.5
3064,D,3,D,0.44,0.26,0.16,0.09,0.31,0.44,498,2.0916000000000004e-05,1,0.44,D-rand,0.44
3065,A,0,C,0.33,0.1,0.32,0.29,0.33,0.06,419,1.7598000000000003e-05,0,0.32,D-rand,0.33
3069,D,3,B,0.64,0.51,0.03,0.64,0.22,0.11,450,1.89e-05,0,0.11,D-rand,0.64
3067,A,0,C,0.64,0.52,0.17,0.11,0.64,0.08,447,1.8774000000000004e-05,0,0.17,D-rand,0.64
3060,D,3,B,0.58,0.45,0.14,0.58,0.04,0.24,490,2.058e-05,0,0.24,D-rand,0.58
3061,C,2,D,0.61,0.48,0.06,0.2,0.13,0.61,544,2.2848e-05,0,0.13,D-rand,0.61
3074,A,0,A,0.64,0.52,0.64,0.06,0.14,0.16,455,1.911e-05,1,0.64,D-rand,0.64
3075,B,1,C,0.47,0.3,0.05,0.42,0.47,0.06,494,2.0748000000000005e-05,0,0.42,D-rand,0.47
3072,A,0,A,0.89,0.85,0.89,0.02,0.09,0.0,492,2.0664e-05,1,0.89,D-rand,0.89
3071,C,2,C,0.96,0.94,0.03,0.0,0.96,0.01,454,1.9068e-05,1,0.96,D-rand,0.96
3076,B,1,B,0.47,0.28,0.29,0.47,0.1,0.14,462,1.9404e-05,1,0.47,D-rand,0.47
3077,A,0,C,0.59,0.46,0.32,0.06,0.59,0.03,483,2.0286e-05,0,0.32,D-rand,0.59
3078,B,1,B,0.559999999999999,0.42,0.16,0.559999999999999,0.26,0.02,456,1.9152e-05,1,0.559999999999999,D-rand,0.559999999999999
3081,A,0,A,0.53,0.38,0.53,0.25,0.09,0.13,426,1.7892000000000004e-05,1,0.53,D-rand,0.53
3082,A,0,A,0.65,0.54,0.65,0.2,0.06,0.09,425,1.7850000000000004e-05,1,0.65,D-rand,0.65
3080,D,3,A,0.5700000000000001,0.43,0.5700000000000001,0.1,0.08,0.25,438,1.8396e-05,0,0.25,D-rand,0.5700000000000001
3085,C,2,C,0.87,0.84,0.07,0.05,0.87,0.01,466,1.9572e-05,1,0.87,D-rand,0.87
3083,A,0,A,0.89,0.85,0.89,0.09,0.01,0.01,447,1.8774000000000004e-05,1,0.89,D-rand,0.89
3087,C,2,A,0.43,0.23,0.43,0.4,0.08,0.09,524,2.2008000000000003e-05,0,0.08,D-rand,0.43
3089,A,0,A,0.84,0.79,0.84,0.04,0.08,0.04,477,2.0034e-05,1,0.84,D-rand,0.84
3086,C,2,B,0.74,0.64,0.11,0.74,0.04,0.11,464,1.9488000000000004e-05,0,0.04,D-rand,0.74
3092,A,0,A,0.67,0.56,0.67,0.05,0.25,0.03,465,1.953e-05,1,0.67,D-rand,0.67
3093,D,3,D,0.77,0.7000000000000001,0.18,0.03,0.02,0.77,444,1.8648e-05,1,0.77,D-rand,0.77
3090,C,2,D,0.45,0.27,0.17,0.05,0.33,0.45,493,2.0706000000000005e-05,0,0.33,D-rand,0.45
3098,D,3,D,0.56,0.42,0.12,0.22,0.1,0.56,468,1.9656000000000003e-05,1,0.56,D-rand,0.56
3094,C,2,B,0.51,0.34,0.14,0.51,0.29,0.06,452,1.8984000000000003e-05,0,0.29,D-rand,0.51
3095,C,2,C,0.97,0.96,0.02,0.0,0.97,0.01,492,2.0664e-05,1,0.97,D-rand,0.97
3096,D,3,A,0.63,0.5,0.63,0.1,0.07,0.2,464,1.9488000000000004e-05,0,0.2,D-rand,0.63
3100,C,2,C,0.48,0.31,0.06,0.08,0.48,0.38,417,1.7514000000000002e-05,1,0.48,D-rand,0.48
3101,D,3,D,0.96,0.94,0.01,0.02,0.01,0.96,502,2.1084000000000003e-05,1,0.96,D-rand,0.96
3099,B,1,B,0.49,0.33,0.18,0.49,0.24,0.09,484,2.0328000000000003e-05,1,0.49,D-rand,0.49
3102,D,3,B,0.4,0.2,0.14,0.4,0.19,0.27,524,2.2008000000000003e-05,0,0.27,D-rand,0.4
3105,B,1,B,0.79,0.71,0.08,0.79,0.07,0.06,492,2.0664e-05,1,0.79,D-rand,0.79
3107,C,2,B,0.54,0.39,0.06,0.54,0.05,0.34,451,1.8942000000000003e-05,0,0.05,D-rand,0.54
3108,B,1,C,0.71,0.62,0.06,0.07,0.71,0.16,424,1.7808000000000003e-05,0,0.07,D-rand,0.71
3106,A,0,A,0.79,0.72,0.79,0.03,0.09,0.09,436,1.8312e-05,1,0.79,D-rand,0.79
3111,B,1,D,0.5,0.33,0.07,0.39,0.04,0.5,506,2.1252000000000003e-05,0,0.39,D-rand,0.5
3104,C,2,C,0.74,0.66,0.03,0.16,0.74,0.07,423,1.7766000000000002e-05,1,0.74,D-rand,0.74
3103,D,3,B,0.46,0.28,0.31,0.46,0.15,0.08,455,1.911e-05,0,0.08,D-rand,0.46
3109,C,2,C,0.66,0.54,0.03,0.11,0.66,0.2,557,2.3394e-05,1,0.66,D-rand,0.66
3113,A,0,A,0.86,0.8200000000000001,0.86,0.02,0.07,0.05,482,2.0244e-05,1,0.86,D-rand,0.86
3117,D,3,D,0.84,0.78,0.05,0.09,0.02,0.84,535,2.247e-05,1,0.84,D-rand,0.84
3118,A,0,A,0.96,0.95,0.96,0.01,0.01,0.02,526,2.2092e-05,1,0.96,D-rand,0.96
3120,C,2,C,0.48,0.31,0.29,0.19,0.48,0.04,488,2.0496e-05,1,0.48,D-rand,0.48
3119,C,2,C,0.71,0.62,0.11,0.08,0.71,0.1,500,2.1e-05,1,0.71,D-rand,0.71
3112,C,2,C,0.86,0.8200000000000001,0.01,0.12,0.86,0.01,490,2.058e-05,1,0.86,D-rand,0.86
3122,C,2,B,0.35,0.14,0.27,0.35,0.35,0.03,472,1.9824e-05,0,0.35,D-rand,0.35
3115,B,1,B,0.52,0.36,0.08,0.52,0.03,0.37,422,1.7724000000000002e-05,1,0.52,D-rand,0.52
3124,B,1,A,0.7000000000000001,0.61,0.7000000000000001,0.09,0.17,0.04,497,2.0874000000000004e-05,0,0.09,D-rand,0.7000000000000001
3123,C,2,C,0.99,0.98,0.01,0.0,0.99,0.0,461,1.9362e-05,1,0.99,D-rand,0.99
3116,A,0,C,0.3,0.07,0.24,0.25,0.3,0.21,508,2.1336e-05,0,0.24,D-rand,0.3
3126,B,1,C,0.66,0.55,0.1,0.22,0.66,0.02,453,1.9026000000000004e-05,0,0.22,D-rand,0.66
3125,D,3,A,0.58,0.44,0.58,0.11,0.05,0.26,444,1.8648e-05,0,0.26,D-rand,0.58
3132,B,1,C,0.49,0.31,0.17,0.29,0.49,0.05,471,1.9782000000000005e-05,0,0.29,D-rand,0.49
3127,D,3,D,0.84,0.78,0.07,0.07,0.02,0.84,446,1.8732000000000003e-05,1,0.84,D-rand,0.84
3133,A,0,D,0.73,0.64,0.22,0.02,0.03,0.73,478,2.0076e-05,0,0.22,D-rand,0.73
3135,C,2,B,0.41,0.21,0.09,0.41,0.36,0.14,430,1.8060000000000003e-05,0,0.36,D-rand,0.41
3136,A,0,A,0.85,0.8,0.85,0.03,0.09,0.03,481,2.0202e-05,1,0.85,D-rand,0.85
3137,A,0,A,0.49,0.31,0.49,0.02,0.45,0.04,462,1.9404e-05,1,0.49,D-rand,0.49
3139,B,1,A,0.42,0.23,0.42,0.32,0.14,0.12,448,1.8816000000000004e-05,0,0.32,D-rand,0.42
3141,B,1,B,0.61,0.49,0.07,0.61,0.27,0.05,502,2.1084000000000003e-05,1,0.61,D-rand,0.61
3140,B,1,B,0.49,0.33,0.41,0.49,0.03,0.07,511,2.1462e-05,1,0.49,D-rand,0.49
3144,C,2,C,0.99,0.98,0.01,0.0,0.99,0.0,431,1.8102e-05,1,0.99,D-rand,0.99
3143,C,2,C,0.98,0.98,0.01,0.0,0.98,0.01,481,2.0202e-05,1,0.98,D-rand,0.98
3145,A,0,A,0.99,0.98,0.99,0.0,0.0,0.01,444,1.8648e-05,1,0.99,D-rand,0.99
3142,C,2,D,0.76,0.68,0.02,0.2,0.02,0.76,480,2.016e-05,0,0.02,D-rand,0.76
3148,D,3,D,0.48,0.3,0.11,0.29,0.12,0.48,480,2.016e-05,1,0.48,D-rand,0.48
3150,A,0,A,1.0,1.0,1.0,0.0,0.0,0.0,481,2.0202e-05,1,1.0,D-rand,1.0
3151,D,3,C,0.49,0.32,0.11,0.08,0.49,0.32,433,1.8186e-05,0,0.32,D-rand,0.49
3147,B,1,A,0.559999999999999,0.42,0.559999999999999,0.2,0.17,0.07,445,1.869e-05,0,0.2,D-rand,0.559999999999999
3152,D,3,D,1.0,1.0,0.0,0.0,0.0,1.0,467,1.9614e-05,1,1.0,D-rand,1.0
3154,B,1,D,0.96,0.95,0.01,0.01,0.02,0.96,468,1.9656000000000003e-05,0,0.01,D-rand,0.96
3149,B,1,A,0.6000000000000001,0.46,0.6000000000000001,0.35,0.04,0.01,446,1.8732000000000003e-05,0,0.35,D-rand,0.6000000000000001
3153,D,3,A,0.4,0.2,0.4,0.23,0.1,0.27,503,2.1126e-05,0,0.27,D-rand,0.4
3155,A,0,B,0.7000000000000001,0.6000000000000001,0.25,0.7000000000000001,0.01,0.04,464,1.9488000000000004e-05,0,0.25,D-rand,0.7000000000000001
3156,D,3,D,0.93,0.9,0.01,0.02,0.03,0.93,465,1.953e-05,1,0.93,D-rand,0.93
3159,B,1,B,0.74,0.65,0.04,0.74,0.08,0.14,488,2.0496e-05,1,0.74,D-rand,0.74
3158,C,2,C,0.76,0.67,0.18,0.02,0.76,0.04,495,2.0790000000000003e-05,1,0.76,D-rand,0.76
3160,D,3,D,0.41,0.22,0.38,0.14,0.07,0.41,458,1.9236e-05,1,0.41,D-rand,0.41
3163,D,3,D,0.44,0.25,0.12,0.19,0.25,0.44,477,2.0034e-05,1,0.44,D-rand,0.44
3164,D,3,D,0.73,0.64,0.1,0.12,0.05,0.73,478,2.0076e-05,1,0.73,D-rand,0.73
3162,D,3,A,0.37,0.16,0.37,0.33,0.07,0.23,441,1.8522000000000003e-05,0,0.23,D-rand,0.37
3161,D,3,D,0.72,0.64,0.26,0.01,0.01,0.72,505,2.121e-05,1,0.72,D-rand,0.72
3167,A,0,C,0.49,0.33,0.42,0.08,0.49,0.01,444,1.8648e-05,0,0.42,D-rand,0.49
3165,B,1,B,0.98,0.97,0.01,0.98,0.0,0.01,495,2.0790000000000003e-05,1,0.98,D-rand,0.98
3168,D,3,D,0.62,0.48,0.19,0.18,0.01,0.62,470,1.974e-05,1,0.62,D-rand,0.62
3169,D,3,B,0.46,0.29,0.19,0.46,0.05,0.3,461,1.9362e-05,0,0.3,D-rand,0.46
3170,B,1,B,0.53,0.36,0.01,0.53,0.45,0.01,486,2.0412e-05,1,0.53,D-rand,0.53
3172,A,0,C,0.43,0.24,0.31,0.15,0.43,0.11,456,1.9152e-05,0,0.31,D-rand,0.43
3174,B,1,B,0.74,0.66,0.03,0.74,0.02,0.21,464,1.9488000000000004e-05,1,0.74,D-rand,0.74
3177,C,2,C,0.559999999999999,0.42,0.08,0.3,0.559999999999999,0.06,462,1.9404e-05,1,0.559999999999999,D-rand,0.559999999999999
3176,B,1,B,0.76,0.6900000000000001,0.02,0.76,0.02,0.2,453,1.9026000000000004e-05,1,0.76,D-rand,0.76
3181,B,1,B,0.87,0.84,0.06,0.87,0.02,0.05,409,1.7178e-05,1,0.87,D-rand,0.87
3173,A,0,A,0.5700000000000001,0.43,0.5700000000000001,0.18,0.09,0.16,472,1.9824e-05,1,0.5700000000000001,D-rand,0.5700000000000001
3171,D,3,D,0.63,0.5,0.18,0.18,0.01,0.63,512,2.1504e-05,1,0.63,D-rand,0.63
3175,C,2,D,0.36,0.15,0.27,0.03,0.34,0.36,468,1.9656000000000003e-05,0,0.34,D-rand,0.36
3180,B,1,B,0.77,0.7000000000000001,0.02,0.77,0.18,0.03,430,1.8060000000000003e-05,1,0.77,D-rand,0.77
3178,B,1,C,0.84,0.79,0.1,0.04,0.84,0.02,455,1.911e-05,0,0.04,D-rand,0.84
3183,B,1,B,0.88,0.8300000000000001,0.04,0.88,0.03,0.05,456,1.9152e-05,1,0.88,D-rand,0.88
3187,A,0,A,0.7000000000000001,0.6000000000000001,0.7000000000000001,0.23,0.03,0.04,498,2.0916000000000004e-05,1,0.7000000000000001,D-rand,0.7000000000000001
3190,C,2,C,0.94,0.92,0.05,0.0,0.94,0.01,514,2.1588e-05,1,0.94,D-rand,0.94
3184,A,0,D,0.74,0.65,0.04,0.11,0.11,0.74,507,2.1294e-05,0,0.04,D-rand,0.74
3185,A,0,A,0.77,0.7000000000000001,0.77,0.13,0.05,0.05,433,1.8186e-05,1,0.77,D-rand,0.77
3189,C,2,A,0.79,0.71,0.79,0.05,0.1,0.06,441,1.8522000000000003e-05,0,0.1,D-rand,0.79
3192,A,0,A,0.95,0.93,0.95,0.02,0.0,0.03,459,1.9278e-05,1,0.95,D-rand,0.95
3188,A,0,A,0.809999999999999,0.75,0.809999999999999,0.02,0.04,0.13,456,1.9152e-05,1,0.809999999999999,D-rand,0.809999999999999
3191,D,3,A,0.44,0.26,0.44,0.06,0.18,0.32,454,1.9068e-05,0,0.32,D-rand,0.44
3193,D,3,D,0.84,0.79,0.08,0.06,0.02,0.84,486,2.0412e-05,1,0.84,D-rand,0.84
3194,B,1,B,0.41,0.21,0.09,0.41,0.21,0.29,469,1.9698e-05,1,0.41,D-rand,0.41
3195,B,1,B,0.99,0.98,0.0,0.99,0.0,0.01,477,2.0034e-05,1,0.99,D-rand,0.99
3196,A,0,A,0.98,0.96,0.98,0.02,0.0,0.0,475,1.9950000000000004e-05,1,0.98,D-rand,0.98
3197,A,0,D,0.5,0.34,0.31,0.09,0.1,0.5,462,1.9404e-05,0,0.31,D-rand,0.5
3203,B,1,B,0.51,0.35,0.12,0.51,0.08,0.29,512,2.1504e-05,1,0.51,D-rand,0.51
3198,A,0,A,0.94,0.91,0.94,0.0,0.0,0.06,447,1.8774000000000004e-05,1,0.94,D-rand,0.94
3199,D,3,D,0.48,0.31,0.43,0.02,0.07,0.48,458,1.9236e-05,1,0.48,D-rand,0.48
3204,B,1,B,0.53,0.39,0.09,0.53,0.34,0.04,472,1.9824e-05,1,0.53,D-rand,0.53
3201,B,1,B,0.98,0.97,0.01,0.98,0.01,0.0,488,2.0496e-05,1,0.98,D-rand,0.98
3202,B,1,B,0.68,0.56,0.08,0.68,0.18,0.06,442,1.8564e-05,1,0.68,D-rand,0.68
3207,D,3,B,0.47,0.28,0.06,0.47,0.33,0.14,442,1.8564e-05,0,0.14,D-rand,0.47
3212,A,0,A,0.79,0.73,0.79,0.01,0.0,0.2,518,2.1756000000000003e-05,1,0.79,D-rand,0.79
3209,C,2,C,0.41,0.22,0.15,0.28,0.41,0.16,460,1.932e-05,1,0.41,D-rand,0.41
3205,A,0,B,0.85,0.81,0.13,0.85,0.01,0.01,457,1.9194000000000003e-05,0,0.13,D-rand,0.85
3211,B,1,C,0.48,0.31,0.05,0.22,0.48,0.25,494,2.0748000000000005e-05,0,0.22,D-rand,0.48
3215,A,0,A,0.6000000000000001,0.47,0.6000000000000001,0.26,0.11,0.03,461,1.9362e-05,1,0.6000000000000001,D-rand,0.6000000000000001
3213,A,0,D,0.53,0.36,0.41,0.03,0.03,0.53,492,2.0664e-05,0,0.41,D-rand,0.53
3216,B,1,B,0.97,0.96,0.01,0.97,0.01,0.01,454,1.9068e-05,1,0.97,D-rand,0.97
3217,C,2,D,0.66,0.54,0.05,0.14,0.15,0.66,530,2.226e-05,0,0.15,D-rand,0.66
3220,D,3,B,0.51,0.34,0.15,0.51,0.01,0.33,466,1.9572e-05,0,0.33,D-rand,0.51
3222,B,1,B,0.68,0.58,0.28,0.68,0.02,0.02,492,2.0664e-05,1,0.68,D-rand,0.68
3219,A,0,C,0.44,0.25,0.26,0.13,0.44,0.17,498,2.0916000000000004e-05,0,0.26,D-rand,0.44
3226,D,3,D,0.32,0.09,0.29,0.08,0.31,0.32,465,1.953e-05,1,0.32,D-rand,0.32
3223,C,2,C,0.93,0.9,0.01,0.04,0.93,0.02,454,1.9068e-05,1,0.93,D-rand,0.93
3225,C,2,C,0.95,0.94,0.02,0.02,0.95,0.01,437,1.8354e-05,1,0.95,D-rand,0.95
3227,B,1,B,0.78,0.71,0.1,0.78,0.05,0.07,446,1.8732000000000003e-05,1,0.78,D-rand,0.78
3228,A,0,D,0.5700000000000001,0.43,0.08,0.05,0.3,0.5700000000000001,480,2.016e-05,0,0.08,D-rand,0.5700000000000001
3230,A,0,A,0.65,0.53,0.65,0.02,0.15,0.18,409,1.7178e-05,1,0.65,D-rand,0.65
3233,A,0,A,0.93,0.91,0.93,0.05,0.01,0.0,443,1.8606e-05,1,0.93,D-rand,0.93
3229,C,2,D,0.8300000000000001,0.78,0.06,0.07,0.04,0.8300000000000001,467,1.9614e-05,0,0.04,D-rand,0.8300000000000001
3231,D,3,A,0.79,0.72,0.79,0.04,0.08,0.09,464,1.9488000000000004e-05,0,0.09,D-rand,0.79
3232,A,0,C,0.8300000000000001,0.78,0.08,0.03,0.8300000000000001,0.06,474,1.9908000000000003e-05,0,0.08,D-rand,0.8300000000000001
3238,A,0,A,0.68,0.58,0.68,0.08,0.09,0.15,467,1.9614e-05,1,0.68,D-rand,0.68
3237,D,3,D,0.81,0.75,0.16,0.02,0.01,0.81,481,2.0202e-05,1,0.81,D-rand,0.81
3235,B,1,D,0.66,0.54,0.15,0.07,0.12,0.66,478,2.0076e-05,0,0.07,D-rand,0.66
3242,C,2,B,0.46,0.28,0.03,0.46,0.42,0.09,477,2.0034e-05,0,0.42,D-rand,0.46
3239,B,1,B,1.0,0.99,0.0,1.0,0.0,0.0,468,1.9656000000000003e-05,1,1.0,D-rand,1.0
3243,B,1,B,0.5700000000000001,0.42,0.26,0.5700000000000001,0.09,0.08,454,1.9068e-05,1,0.5700000000000001,D-rand,0.5700000000000001
3244,A,0,A,0.89,0.85,0.89,0.1,0.01,0.0,436,1.8312e-05,1,0.89,D-rand,0.89
3240,C,2,C,1.0,1.0,0.0,0.0,1.0,0.0,446,1.8732000000000003e-05,1,1.0,D-rand,1.0
3245,A,0,D,0.42,0.22,0.4,0.12,0.06,0.42,423,1.7766000000000002e-05,0,0.4,D-rand,0.42
3246,C,2,C,0.65,0.53,0.18,0.06,0.65,0.11,456,1.9152e-05,1,0.65,D-rand,0.65
3247,A,0,A,0.49,0.33,0.49,0.01,0.48,0.02,522,2.1924e-05,1,0.49,D-rand,0.49
3248,A,0,B,0.53,0.37,0.07,0.53,0.37,0.03,451,1.8942000000000003e-05,0,0.07,D-rand,0.53
3250,C,2,C,0.7000000000000001,0.61,0.02,0.2,0.7000000000000001,0.08,473,1.9866000000000003e-05,1,0.7000000000000001,D-rand,0.7000000000000001
3251,C,2,C,0.74,0.64,0.09,0.1,0.74,0.07,501,2.1042000000000003e-05,1,0.74,D-rand,0.74
3249,D,3,B,0.49,0.31,0.11,0.49,0.07,0.33,472,1.9824e-05,0,0.33,D-rand,0.49
3253,A,0,A,0.92,0.89,0.92,0.0,0.01,0.07,531,2.2302e-05,1,0.92,D-rand,0.92
3255,A,0,A,0.91,0.89,0.91,0.01,0.01,0.07,517,2.1714000000000003e-05,1,0.91,D-rand,0.91
3258,B,1,B,0.91,0.88,0.08,0.91,0.01,0.0,498,2.0916000000000004e-05,1,0.91,D-rand,0.91
3259,C,2,B,0.54,0.39,0.19,0.54,0.04,0.23,410,1.722e-05,0,0.04,D-rand,0.54
3261,C,2,C,0.77,0.71,0.05,0.04,0.77,0.14,451,1.8942000000000003e-05,1,0.77,D-rand,0.77
3262,B,1,C,0.56,0.41,0.05,0.13,0.56,0.26,489,2.0538e-05,0,0.13,D-rand,0.56
3254,D,3,D,0.79,0.72,0.16,0.02,0.03,0.79,472,1.9824e-05,1,0.79,D-rand,0.79
3252,C,2,D,0.62,0.5,0.06,0.04,0.28,0.62,462,1.9404e-05,0,0.28,D-rand,0.62
3257,B,1,B,0.93,0.91,0.04,0.93,0.01,0.02,476,1.9992e-05,1,0.93,D-rand,0.93
3263,C,2,B,0.66,0.54,0.08,0.66,0.22,0.04,436,1.8312e-05,0,0.22,D-rand,0.66
3264,C,2,C,0.48,0.31,0.29,0.01,0.48,0.22,569,2.3898000000000004e-05,1,0.48,D-rand,0.48
3266,B,1,C,0.89,0.86,0.04,0.05,0.89,0.02,481,2.0202e-05,0,0.05,D-rand,0.89
3265,C,2,C,0.52,0.36,0.13,0.32,0.52,0.03,450,1.89e-05,1,0.52,D-rand,0.52
3268,D,3,D,0.88,0.8300000000000001,0.08,0.02,0.02,0.88,474,1.9908000000000003e-05,1,0.88,D-rand,0.88
3269,C,2,C,0.81,0.74,0.1,0.03,0.81,0.06,438,1.8396e-05,1,0.81,D-rand,0.81
3267,C,2,A,0.52,0.36,0.52,0.08,0.2,0.2,516,2.1672000000000005e-05,0,0.2,D-rand,0.52
3270,D,3,D,0.51,0.35,0.33,0.11,0.05,0.51,480,2.016e-05,1,0.51,D-rand,0.51
3272,D,3,A,0.38,0.18,0.38,0.03,0.29,0.3,449,1.8858e-05,0,0.3,D-rand,0.38
3271,A,0,A,0.76,0.6900000000000001,0.76,0.04,0.09,0.11,450,1.89e-05,1,0.76,D-rand,0.76
3273,C,2,C,0.809999999999999,0.76,0.12,0.02,0.809999999999999,0.05,458,1.9236e-05,1,0.809999999999999,D-rand,0.809999999999999
3275,D,3,D,0.8300000000000001,0.77,0.15,0.02,0.0,0.8300000000000001,460,1.932e-05,1,0.8300000000000001,D-rand,0.8300000000000001
3277,A,0,A,0.96,0.95,0.96,0.03,0.0,0.01,499,2.0958e-05,1,0.96,D-rand,0.96
3278,D,3,D,0.92,0.88,0.01,0.0,0.07,0.92,499,2.0958e-05,1,0.92,D-rand,0.92
3276,C,2,C,1.0,1.0,0.0,0.0,1.0,0.0,447,1.8774000000000004e-05,1,1.0,D-rand,1.0
3279,B,1,B,0.93,0.91,0.03,0.93,0.02,0.01,493,2.0706000000000005e-05,1,0.93,D-rand,0.93
3282,D,3,D,0.38,0.18,0.2,0.19,0.23,0.38,471,1.9782000000000005e-05,1,0.38,D-rand,0.38
3280,B,1,A,0.5700000000000001,0.44,0.5700000000000001,0.27,0.07,0.09,461,1.9362e-05,0,0.27,D-rand,0.5700000000000001
3283,A,0,B,0.59,0.46,0.22,0.59,0.09,0.1,450,1.89e-05,0,0.22,D-rand,0.59
3284,B,1,B,0.39,0.2,0.29,0.39,0.2,0.12,458,1.9236e-05,1,0.39,D-rand,0.39
3285,D,3,B,0.76,0.68,0.11,0.76,0.08,0.05,468,1.9656000000000003e-05,0,0.05,D-rand,0.76
3287,B,1,B,0.64,0.52,0.03,0.64,0.27,0.06,462,1.9404e-05,1,0.64,D-rand,0.64
3286,D,3,D,0.38,0.19,0.22,0.08,0.32,0.38,476,1.9992e-05,1,0.38,D-rand,0.38
3289,D,3,D,0.59,0.45,0.1,0.02,0.29,0.59,473,1.9866000000000003e-05,1,0.59,D-rand,0.59
3288,B,1,B,0.95,0.93,0.03,0.95,0.01,0.01,435,1.827e-05,1,0.95,D-rand,0.95
3290,B,1,C,0.61,0.48,0.05,0.21,0.61,0.13,477,2.0034e-05,0,0.21,D-rand,0.61
3291,A,0,A,0.52,0.37,0.52,0.2,0.06,0.22,428,1.7976000000000002e-05,1,0.52,D-rand,0.52
3292,A,0,A,0.9,0.87,0.9,0.07,0.01,0.02,461,1.9362e-05,1,0.9,D-rand,0.9
3294,A,0,A,0.6900000000000001,0.58,0.6900000000000001,0.14,0.12,0.05,440,1.848e-05,1,0.6900000000000001,D-rand,0.6900000000000001
3295,B,1,A,0.78,0.7000000000000001,0.78,0.09,0.06,0.07,423,1.7766000000000002e-05,0,0.09,D-rand,0.78
3297,D,3,D,0.929999999999999,0.91,0.03,0.02,0.02,0.929999999999999,464,1.9488000000000004e-05,1,0.929999999999999,D-rand,0.929999999999999
3296,D,3,A,0.6000000000000001,0.47,0.6000000000000001,0.09,0.04,0.27,431,1.8102e-05,0,0.27,D-rand,0.6000000000000001
3298,C,2,D,0.58,0.43,0.02,0.03,0.37,0.58,485,2.037e-05,0,0.37,D-rand,0.58
3300,D,3,D,0.92,0.89,0.03,0.03,0.02,0.92,530,2.226e-05,1,0.92,D-rand,0.92
3301,C,2,A,0.6000000000000001,0.46,0.6000000000000001,0.35,0.03,0.02,493,2.0706000000000005e-05,0,0.03,D-rand,0.6000000000000001
3302,D,3,A,0.43,0.25,0.43,0.2,0.1,0.27,503,2.1126e-05,0,0.27,D-rand,0.43
3303,B,1,A,0.32,0.09,0.32,0.23,0.26,0.19,449,1.8858e-05,0,0.23,D-rand,0.32
3304,C,2,A,0.43,0.24,0.43,0.1,0.13,0.34,481,2.0202e-05,0,0.13,D-rand,0.43
3306,A,0,A,0.76,0.68,0.76,0.02,0.13,0.09,447,1.8774000000000004e-05,1,0.76,D-rand,0.76
3307,B,1,B,0.97,0.97,0.01,0.97,0.01,0.01,507,2.1294e-05,1,0.97,D-rand,0.97
3308,C,2,C,0.89,0.86,0.05,0.04,0.89,0.02,428,1.7976000000000002e-05,1,0.89,D-rand,0.89
3305,C,2,C,0.8300000000000001,0.77,0.05,0.08,0.8300000000000001,0.04,485,2.037e-05,1,0.8300000000000001,D-rand,0.8300000000000001
3311,B,1,B,0.54,0.39,0.07,0.54,0.04,0.35,415,1.743e-05,1,0.54,D-rand,0.54
3309,D,3,D,0.4,0.21,0.1,0.29,0.21,0.4,483,2.0286e-05,1,0.4,D-rand,0.4
3312,D,3,D,0.93,0.91,0.03,0.01,0.03,0.93,503,2.1126e-05,1,0.93,D-rand,0.93
3314,A,0,A,0.84,0.78,0.84,0.08,0.05,0.03,442,1.8564e-05,1,0.84,D-rand,0.84
3313,C,2,C,0.56,0.41,0.14,0.27,0.56,0.03,477,2.0034e-05,1,0.56,D-rand,0.56
3316,A,0,A,0.85,0.8,0.85,0.01,0.13,0.01,451,1.8942000000000003e-05,1,0.85,D-rand,0.85
3315,A,0,A,0.85,0.8,0.85,0.01,0.11,0.03,496,2.0832000000000003e-05,1,0.85,D-rand,0.85
3320,D,3,A,0.8,0.73,0.8,0.08,0.05,0.07,459,1.9278e-05,0,0.07,D-rand,0.8
3317,C,2,B,0.34,0.12,0.3,0.34,0.25,0.11,446,1.8732000000000003e-05,0,0.25,D-rand,0.34
3319,C,2,C,0.5700000000000001,0.44,0.14,0.28,0.5700000000000001,0.01,486,2.0412e-05,1,0.5700000000000001,D-rand,0.5700000000000001
3323,A,0,A,0.73,0.64,0.73,0.11,0.04,0.12,443,1.8606e-05,1,0.73,D-rand,0.73
3324,A,0,A,1.0,1.0,1.0,0.0,0.0,0.0,434,1.8228e-05,1,1.0,D-rand,1.0
3322,B,1,B,0.79,0.72,0.02,0.79,0.07,0.12,420,1.764e-05,1,0.79,D-rand,0.79
3321,C,2,B,0.66,0.55,0.07,0.66,0.24,0.03,481,2.0202e-05,0,0.24,D-rand,0.66
3325,A,0,D,0.74,0.65,0.15,0.04,0.07,0.74,481,2.0202e-05,0,0.15,D-rand,0.74
3327,C,2,C,0.39,0.19,0.15,0.26,0.39,0.2,477,2.0034e-05,1,0.39,D-rand,0.39
3329,D,3,A,0.6000000000000001,0.47,0.6000000000000001,0.13,0.09,0.18,449,1.8858e-05,0,0.18,D-rand,0.6000000000000001
3330,C,2,C,0.45,0.27,0.31,0.08,0.45,0.16,465,1.953e-05,1,0.45,D-rand,0.45
3332,D,3,D,0.86,0.8300000000000001,0.04,0.02,0.08,0.86,534,2.2428e-05,1,0.86,D-rand,0.86
3331,C,2,C,0.5,0.33,0.25,0.15,0.5,0.1,457,1.9194000000000003e-05,1,0.5,D-rand,0.5
3333,C,2,C,0.94,0.91,0.01,0.05,0.94,0.0,467,1.9614e-05,1,0.94,D-rand,0.94
3334,B,1,C,0.8200000000000001,0.76,0.07,0.06,0.8200000000000001,0.05,446,1.8732000000000003e-05,0,0.06,D-rand,0.8200000000000001
3335,A,0,A,1.0,1.0,1.0,0.0,0.0,0.0,506,2.1252000000000003e-05,1,1.0,D-rand,1.0
3336,C,2,A,0.87,0.8300000000000001,0.87,0.01,0.08,0.04,522,2.1924e-05,0,0.08,D-rand,0.87
3337,B,1,D,0.6000000000000001,0.46,0.14,0.1,0.16,0.6000000000000001,512,2.1504e-05,0,0.1,D-rand,0.6000000000000001
3340,C,2,C,0.93,0.9,0.06,0.0,0.93,0.01,488,2.0496e-05,1,0.93,D-rand,0.93
3338,D,3,D,1.0,0.99,0.0,0.0,0.0,1.0,472,1.9824e-05,1,1.0,D-rand,1.0
3343,B,1,B,0.5700000000000001,0.42,0.2,0.5700000000000001,0.22,0.01,542,2.2764000000000004e-05,1,0.5700000000000001,D-rand,0.5700000000000001
3345,B,1,B,0.89,0.85,0.04,0.89,0.01,0.06,450,1.89e-05,1,0.89,D-rand,0.89
3344,A,0,A,0.6900000000000001,0.59,0.6900000000000001,0.1,0.11,0.1,458,1.9236e-05,1,0.6900000000000001,D-rand,0.6900000000000001
3346,A,0,A,0.929999999999999,0.92,0.929999999999999,0.01,0.01,0.05,473,1.9866000000000003e-05,1,0.929999999999999,D-rand,0.929999999999999
3347,C,2,A,0.59,0.46,0.59,0.1,0.15,0.16,448,1.8816000000000004e-05,0,0.15,D-rand,0.59
3342,C,2,B,0.49,0.31,0.15,0.49,0.31,0.05,439,1.8438e-05,0,0.31,D-rand,0.49
3348,A,0,D,0.54,0.39,0.04,0.03,0.39,0.54,451,1.8942000000000003e-05,0,0.04,D-rand,0.54
3350,D,3,D,0.91,0.88,0.03,0.03,0.03,0.91,509,2.1378e-05,1,0.91,D-rand,0.91
3352,D,3,A,0.53,0.36,0.53,0.11,0.23,0.13,450,1.89e-05,0,0.13,D-rand,0.53
3354,D,3,D,0.96,0.95,0.02,0.01,0.01,0.96,422,1.7724000000000002e-05,1,0.96,D-rand,0.96
3357,C,2,B,0.75,0.66,0.03,0.75,0.19,0.03,451,1.8942000000000003e-05,0,0.19,D-rand,0.75
3358,B,1,A,0.58,0.44,0.58,0.27,0.11,0.04,469,1.9698e-05,0,0.27,D-rand,0.58
3361,B,1,B,0.99,0.99,0.01,0.99,0.0,0.0,512,2.1504e-05,1,0.99,D-rand,0.99
3359,C,2,C,0.77,0.6900000000000001,0.03,0.07,0.77,0.13,459,1.9278e-05,1,0.77,D-rand,0.77
3364,B,1,B,0.5,0.33,0.13,0.5,0.02,0.35,464,1.9488000000000004e-05,1,0.5,D-rand,0.5
3367,C,2,C,0.96,0.95,0.02,0.01,0.96,0.01,457,1.9194000000000003e-05,1,0.96,D-rand,0.96
3368,A,0,A,0.91,0.88,0.91,0.06,0.02,0.01,485,2.037e-05,1,0.91,D-rand,0.91
3365,A,0,A,0.99,0.99,0.99,0.0,0.0,0.01,453,1.9026000000000004e-05,1,0.99,D-rand,0.99
3370,D,3,D,0.88,0.84,0.01,0.04,0.07,0.88,459,1.9278e-05,1,0.88,D-rand,0.88
3371,A,0,A,0.35,0.13,0.35,0.23,0.33,0.09,463,1.9446e-05,1,0.35,D-rand,0.35
3372,C,2,C,0.53,0.38,0.04,0.09,0.53,0.34,501,2.1042000000000003e-05,1,0.53,D-rand,0.53
3369,D,3,D,1.0,1.0,0.0,0.0,0.0,1.0,466,1.9572e-05,1,1.0,D-rand,1.0
3373,C,2,C,1.0,1.0,0.0,0.0,1.0,0.0,453,1.9026000000000004e-05,1,1.0,D-rand,1.0
3375,C,2,C,0.95,0.94,0.01,0.03,0.95,0.01,491,2.0622e-05,1,0.95,D-rand,0.95
3374,A,0,A,0.66,0.54,0.66,0.32,0.01,0.01,471,1.9782000000000005e-05,1,0.66,D-rand,0.66
3378,D,3,A,0.64,0.53,0.64,0.02,0.04,0.3,469,1.9698e-05,0,0.3,D-rand,0.64
3376,D,3,D,0.88,0.85,0.07,0.01,0.04,0.88,458,1.9236e-05,1,0.88,D-rand,0.88
3379,A,0,A,0.58,0.43,0.58,0.02,0.11,0.29,489,2.0538e-05,1,0.58,D-rand,0.58
3381,A,0,A,0.51,0.35,0.51,0.32,0.03,0.14,445,1.869e-05,1,0.51,D-rand,0.51
3380,C,2,C,0.85,0.81,0.01,0.01,0.85,0.13,461,1.9362e-05,1,0.85,D-rand,0.85
3387,B,1,B,0.88,0.85,0.07,0.88,0.03,0.02,473,1.9866000000000003e-05,1,0.88,D-rand,0.88
3389,D,3,A,0.68,0.5700000000000001,0.68,0.04,0.12,0.16,528,2.2176e-05,0,0.16,D-rand,0.68
3388,D,3,D,0.59,0.45,0.06,0.27,0.08,0.59,449,1.8858e-05,1,0.59,D-rand,0.59
3382,B,1,D,0.49,0.32,0.17,0.31,0.03,0.49,462,1.9404e-05,0,0.31,D-rand,0.49
3390,B,1,B,0.8200000000000001,0.77,0.12,0.8200000000000001,0.02,0.04,533,2.2386e-05,1,0.8200000000000001,D-rand,0.8200000000000001
3393,A,0,A,0.84,0.79,0.84,0.06,0.07,0.03,440,1.848e-05,1,0.84,D-rand,0.84
3392,C,2,C,0.74,0.65,0.09,0.16,0.74,0.01,441,1.8522000000000003e-05,1,0.74,D-rand,0.74
3391,A,0,C,0.61,0.48,0.31,0.03,0.61,0.05,455,1.911e-05,0,0.31,D-rand,0.61
3394,A,0,C,0.63,0.51,0.14,0.18,0.63,0.05,445,1.869e-05,0,0.14,D-rand,0.63
3395,A,0,D,0.89,0.86,0.06,0.02,0.03,0.89,452,1.8984000000000003e-05,0,0.06,D-rand,0.89
3397,B,1,B,0.95,0.94,0.03,0.95,0.01,0.01,492,2.0664e-05,1,0.95,D-rand,0.95
3396,D,3,D,0.65,0.53,0.28,0.05,0.02,0.65,519,2.1798000000000004e-05,1,0.65,D-rand,0.65
3398,C,2,A,0.72,0.62,0.72,0.13,0.11,0.04,460,1.932e-05,0,0.11,D-rand,0.72
3399,A,0,A,0.95,0.93,0.95,0.02,0.01,0.02,471,1.9782000000000005e-05,1,0.95,D-rand,0.95
3400,A,0,A,0.97,0.96,0.97,0.01,0.01,0.01,465,1.953e-05,1,0.97,D-rand,0.97
3401,B,1,B,0.5,0.33,0.02,0.5,0.02,0.46,474,1.9908000000000003e-05,1,0.5,D-rand,0.5
3402,A,0,A,0.76,0.68,0.76,0.14,0.05,0.05,427,1.7934e-05,1,0.76,D-rand,0.76
3405,A,0,A,0.62,0.48,0.62,0.23,0.04,0.11,449,1.8858e-05,1,0.62,D-rand,0.62
3403,C,2,B,0.71,0.61,0.08,0.71,0.15,0.06,451,1.8942000000000003e-05,0,0.15,D-rand,0.71
3406,D,3,D,0.59,0.46,0.08,0.14,0.19,0.59,433,1.8186e-05,1,0.59,D-rand,0.59
3404,B,1,B,0.98,0.97,0.01,0.98,0.01,0.0,446,1.8732000000000003e-05,1,0.98,D-rand,0.98
3407,A,0,C,0.51,0.34,0.35,0.01,0.51,0.13,452,1.8984000000000003e-05,0,0.35,D-rand,0.51
3408,C,2,A,0.93,0.91,0.93,0.04,0.01,0.02,470,1.974e-05,0,0.01,D-rand,0.93
3409,B,1,B,0.97,0.95,0.01,0.97,0.0,0.02,477,2.0034e-05,1,0.97,D-rand,0.97
3412,B,1,C,0.33,0.11,0.1,0.29,0.33,0.28,446,1.8732000000000003e-05,0,0.29,D-rand,0.33
3410,D,3,D,0.9,0.86,0.01,0.08,0.01,0.9,545,2.2890000000000003e-05,1,0.9,D-rand,0.9
3413,D,3,A,0.77,0.71,0.77,0.03,0.07,0.13,474,1.9908000000000003e-05,0,0.13,D-rand,0.77
3414,B,1,B,0.42,0.22,0.17,0.42,0.18,0.23,482,2.0244e-05,1,0.42,D-rand,0.42
3415,C,2,C,0.53,0.38,0.07,0.34,0.53,0.06,453,1.9026000000000004e-05,1,0.53,D-rand,0.53
3416,C,2,C,0.93,0.9,0.06,0.0,0.93,0.01,438,1.8396e-05,1,0.93,D-rand,0.93
3411,C,2,C,0.39,0.18,0.27,0.19,0.39,0.15,455,1.911e-05,1,0.39,D-rand,0.39
3417,A,0,A,0.63,0.5,0.63,0.35,0.01,0.01,436,1.8312e-05,1,0.63,D-rand,0.63
3418,B,1,B,0.87,0.8300000000000001,0.03,0.87,0.02,0.08,485,2.037e-05,1,0.87,D-rand,0.87
3419,B,1,B,1.0,1.0,0.0,1.0,0.0,0.0,471,1.9782000000000005e-05,1,1.0,D-rand,1.0
3420,C,2,C,0.91,0.89,0.04,0.01,0.91,0.04,498,2.0916000000000004e-05,1,0.91,D-rand,0.91
3421,D,3,D,0.85,0.8,0.07,0.01,0.07,0.85,417,1.7514000000000002e-05,1,0.85,D-rand,0.85
3423,B,1,C,0.67,0.56,0.2,0.1,0.67,0.03,466,1.9572e-05,0,0.1,D-rand,0.67
3422,A,0,A,0.91,0.87,0.91,0.0,0.01,0.08,461,1.9362e-05,1,0.91,D-rand,0.91
3424,B,1,D,0.68,0.58,0.11,0.08,0.13,0.68,460,1.932e-05,0,0.08,D-rand,0.68
3425,B,1,B,0.75,0.66,0.24,0.75,0.01,0.0,440,1.848e-05,1,0.75,D-rand,0.75
3427,B,1,B,0.79,0.72,0.1,0.79,0.04,0.07,502,2.1084000000000003e-05,1,0.79,D-rand,0.79
3426,C,2,C,0.85,0.8,0.09,0.01,0.85,0.05,459,1.9278e-05,1,0.85,D-rand,0.85
3428,B,1,B,0.31,0.1,0.22,0.31,0.2,0.27,440,1.848e-05,1,0.31,D-rand,0.31
3429,C,2,C,0.87,0.8300000000000001,0.11,0.01,0.87,0.01,449,1.8858e-05,1,0.87,D-rand,0.87
3431,C,2,C,0.97,0.95,0.0,0.0,0.97,0.03,490,2.058e-05,1,0.97,D-rand,0.97
3430,B,1,C,0.47,0.3,0.19,0.22,0.47,0.12,609,2.5578000000000005e-05,0,0.22,D-rand,0.47
3433,A,0,A,0.97,0.95,0.97,0.01,0.02,0.0,513,2.1546e-05,1,0.97,D-rand,0.97
3432,B,1,B,0.98,0.97,0.01,0.98,0.01,0.0,438,1.8396e-05,1,0.98,D-rand,0.98
3439,B,1,B,0.89,0.86,0.02,0.89,0.01,0.08,469,1.9698e-05,1,0.89,D-rand,0.89
3434,C,2,C,0.68,0.58,0.01,0.18,0.68,0.13,484,2.0328000000000003e-05,1,0.68,D-rand,0.68
3435,A,0,A,0.81,0.75,0.81,0.14,0.04,0.01,422,1.7724000000000002e-05,1,0.81,D-rand,0.81
3440,B,1,B,0.97,0.95,0.02,0.97,0.0,0.01,454,1.9068e-05,1,0.97,D-rand,0.97
3436,B,1,B,0.98,0.96,0.01,0.98,0.01,0.0,492,2.0664e-05,1,0.98,D-rand,0.98
3441,B,1,B,0.98,0.97,0.02,0.98,0.0,0.0,446,1.8732000000000003e-05,1,0.98,D-rand,0.98
3443,B,1,B,0.58,0.43,0.24,0.58,0.05,0.13,483,2.0286e-05,1,0.58,D-rand,0.58
3442,D,3,D,0.44,0.25,0.05,0.42,0.09,0.44,442,1.8564e-05,1,0.44,D-rand,0.44
3444,B,1,B,0.8200000000000001,0.76,0.02,0.8200000000000001,0.05,0.11,426,1.7892000000000004e-05,1,0.8200000000000001,D-rand,0.8200000000000001
3445,B,1,B,0.99,0.98,0.01,0.99,0.0,0.0,509,2.1378e-05,1,0.99,D-rand,0.99
3447,D,3,D,0.61,0.47,0.26,0.04,0.09,0.61,562,2.3604e-05,1,0.61,D-rand,0.61
3446,C,2,C,0.92,0.89,0.07,0.01,0.92,0.0,450,1.89e-05,1,0.92,D-rand,0.92
3449,C,2,C,0.85,0.8,0.02,0.13,0.85,0.0,447,1.8774000000000004e-05,1,0.85,D-rand,0.85
3451,D,3,D,0.93,0.9,0.02,0.02,0.03,0.93,465,1.953e-05,1,0.93,D-rand,0.93
3452,D,3,B,0.37,0.17,0.14,0.37,0.32,0.17,469,1.9698e-05,0,0.17,D-rand,0.37
3453,B,1,B,0.99,0.99,0.0,0.99,0.0,0.01,440,1.848e-05,1,0.99,D-rand,0.99
3450,D,3,D,0.85,0.81,0.07,0.07,0.01,0.85,415,1.743e-05,1,0.85,D-rand,0.85
3455,C,2,C,0.97,0.96,0.0,0.03,0.97,0.0,503,2.1126e-05,1,0.97,D-rand,0.97
3454,D,3,D,0.99,0.98,0.01,0.0,0.0,0.99,593,2.4906000000000005e-05,1,0.99,D-rand,0.99
3456,D,3,D,0.929999999999999,0.92,0.01,0.01,0.05,0.929999999999999,436,1.8312e-05,1,0.929999999999999,D-rand,0.929999999999999
3460,D,3,D,0.7000000000000001,0.61,0.04,0.22,0.04,0.7000000000000001,436,1.8312e-05,1,0.7000000000000001,D-rand,0.7000000000000001
3459,B,1,B,0.79,0.71,0.15,0.79,0.02,0.04,446,1.8732000000000003e-05,1,0.79,D-rand,0.79
3467,A,0,A,0.72,0.63,0.72,0.18,0.02,0.08,443,1.8606e-05,1,0.72,D-rand,0.72
3463,B,1,B,0.98,0.96,0.02,0.98,0.0,0.0,447,1.8774000000000004e-05,1,0.98,D-rand,0.98
3464,D,3,D,0.47,0.28,0.35,0.04,0.14,0.47,468,1.9656000000000003e-05,1,0.47,D-rand,0.47
3461,D,3,D,0.95,0.93,0.03,0.01,0.01,0.95,451,1.8942000000000003e-05,1,0.95,D-rand,0.95
3462,D,3,D,0.77,0.6900000000000001,0.01,0.0,0.22,0.77,469,1.9698e-05,1,0.77,D-rand,0.77
3468,D,3,D,0.92,0.88,0.03,0.05,0.0,0.92,517,2.1714000000000003e-05,1,0.92,D-rand,0.92
3458,C,2,C,0.96,0.95,0.01,0.01,0.96,0.02,511,2.1462e-05,1,0.96,D-rand,0.96
3470,B,1,B,1.0,1.0,0.0,1.0,0.0,0.0,461,1.9362e-05,1,1.0,D-rand,1.0
3472,D,3,D,0.5700000000000001,0.43,0.02,0.15,0.26,0.5700000000000001,418,1.7556000000000003e-05,1,0.5700000000000001,D-rand,0.5700000000000001
3473,D,3,C,0.47,0.3,0.17,0.12,0.47,0.24,436,1.8312e-05,0,0.24,D-rand,0.47
3471,A,0,A,0.71,0.62,0.71,0.27,0.01,0.01,440,1.848e-05,1,0.71,D-rand,0.71
3478,B,1,B,0.51,0.35,0.08,0.51,0.13,0.28,440,1.848e-05,1,0.51,D-rand,0.51
3476,B,1,B,0.54,0.39,0.33,0.54,0.04,0.09,417,1.7514000000000002e-05,1,0.54,D-rand,0.54
3475,A,0,A,0.62,0.48,0.62,0.02,0.32,0.04,448,1.8816000000000004e-05,1,0.62,D-rand,0.62
3474,B,1,B,0.93,0.9,0.05,0.93,0.01,0.01,421,1.7682e-05,1,0.93,D-rand,0.93
3479,A,0,A,0.97,0.94,0.97,0.02,0.0,0.01,532,2.2344e-05,1,0.97,D-rand,0.97
3480,C,2,C,0.94,0.92,0.01,0.04,0.94,0.01,480,2.016e-05,1,0.94,D-rand,0.94
3481,D,3,D,0.67,0.55,0.18,0.06,0.09,0.67,434,1.8228e-05,1,0.67,D-rand,0.67
3486,A,0,A,0.5,0.33,0.5,0.01,0.48,0.01,472,1.9824e-05,1,0.5,D-rand,0.5
3485,D,3,C,0.42,0.22,0.15,0.15,0.42,0.28,502,2.1084000000000003e-05,0,0.28,D-rand,0.42
3483,A,0,A,0.91,0.88,0.91,0.08,0.0,0.01,463,1.9446e-05,1,0.91,D-rand,0.91
3484,D,3,D,0.96,0.95,0.01,0.02,0.01,0.96,447,1.8774000000000004e-05,1,0.96,D-rand,0.96
3490,B,1,B,0.74,0.65,0.09,0.74,0.07,0.1,447,1.8774000000000004e-05,1,0.74,D-rand,0.74
3487,A,0,A,0.73,0.64,0.73,0.07,0.13,0.07,468,1.9656000000000003e-05,1,0.73,D-rand,0.73
3491,B,1,B,0.8200000000000001,0.76,0.16,0.8200000000000001,0.01,0.01,486,2.0412e-05,1,0.8200000000000001,D-rand,0.8200000000000001
3488,B,1,D,0.36,0.14,0.22,0.22,0.2,0.36,446,1.8732000000000003e-05,0,0.22,D-rand,0.36
3494,C,2,C,1.0,1.0,0.0,0.0,1.0,0.0,516,2.1672000000000005e-05,1,1.0,D-rand,1.0
3493,B,1,C,0.44,0.25,0.42,0.07,0.44,0.07,472,1.9824e-05,0,0.07,D-rand,0.44
3492,D,3,B,0.73,0.63,0.07,0.73,0.08,0.12,487,2.0454e-05,0,0.12,D-rand,0.73
3495,C,2,A,0.65,0.54,0.65,0.16,0.05,0.14,421,1.7682e-05,0,0.05,D-rand,0.65
3499,B,1,A,0.52,0.37,0.52,0.35,0.04,0.09,446,1.8732000000000003e-05,0,0.35,D-rand,0.52
3500,D,3,A,0.56,0.42,0.56,0.05,0.04,0.34,466,1.9572e-05,0,0.34,D-rand,0.56
3498,B,1,B,0.77,0.6900000000000001,0.02,0.77,0.21,0.0,534,2.2428e-05,1,0.77,D-rand,0.77
3501,B,1,B,0.89,0.85,0.01,0.89,0.01,0.09,480,2.016e-05,1,0.89,D-rand,0.89
3503,B,1,B,0.73,0.63,0.12,0.73,0.09,0.06,435,1.827e-05,1,0.73,D-rand,0.73
3502,B,1,B,0.88,0.85,0.03,0.88,0.08,0.01,487,2.0454e-05,1,0.88,D-rand,0.88
3504,B,1,B,0.67,0.56,0.3,0.67,0.02,0.01,502,2.1084000000000003e-05,1,0.67,D-rand,0.67
3505,D,3,A,0.8300000000000001,0.78,0.8300000000000001,0.08,0.05,0.04,474,1.9908000000000003e-05,0,0.04,D-rand,0.8300000000000001
3506,A,0,A,0.68,0.5700000000000001,0.68,0.04,0.12,0.16,499,2.0958e-05,1,0.68,D-rand,0.68
3511,B,1,B,0.99,0.98,0.0,0.99,0.01,0.0,455,1.911e-05,1,0.99,D-rand,0.99
3510,D,3,D,0.73,0.64,0.02,0.19,0.06,0.73,594,2.4948e-05,1,0.73,D-rand,0.73
3509,A,0,A,0.53,0.38,0.53,0.08,0.24,0.15,417,1.7514000000000002e-05,1,0.53,D-rand,0.53
3512,D,3,D,0.94,0.92,0.01,0.02,0.03,0.94,451,1.8942000000000003e-05,1,0.94,D-rand,0.94
3513,C,2,C,0.75,0.68,0.04,0.13,0.75,0.08,507,2.1294e-05,1,0.75,D-rand,0.75
3514,A,0,A,1.0,0.99,1.0,0.0,0.0,0.0,502,2.1084000000000003e-05,1,1.0,D-rand,1.0
3516,A,0,A,0.93,0.91,0.93,0.02,0.04,0.01,443,1.8606e-05,1,0.93,D-rand,0.93
3521,A,0,C,0.72,0.63,0.15,0.06,0.72,0.07,448,1.8816000000000004e-05,0,0.15,D-rand,0.72
3519,D,3,A,0.32,0.09,0.32,0.24,0.24,0.2,462,1.9404e-05,0,0.2,D-rand,0.32
3520,D,3,D,0.88,0.84,0.06,0.02,0.04,0.88,474,1.9908000000000003e-05,1,0.88,D-rand,0.88
3522,C,2,C,0.93,0.91,0.01,0.04,0.93,0.02,464,1.9488000000000004e-05,1,0.93,D-rand,0.93
3523,C,2,C,0.51,0.35,0.02,0.44,0.51,0.03,520,2.1840000000000004e-05,1,0.51,D-rand,0.51
3525,B,1,B,0.53,0.38,0.19,0.53,0.21,0.07,493,2.0706000000000005e-05,1,0.53,D-rand,0.53
3526,C,2,A,0.39,0.19,0.39,0.32,0.2,0.09,515,2.163e-05,0,0.2,D-rand,0.39
3517,B,1,D,0.44,0.25,0.13,0.39,0.04,0.44,464,1.9488000000000004e-05,0,0.39,D-rand,0.44
3529,D,3,D,0.98,0.97,0.01,0.0,0.01,0.98,462,1.9404e-05,1,0.98,D-rand,0.98
3527,C,2,C,0.91,0.88,0.02,0.05,0.91,0.02,428,1.7976000000000002e-05,1,0.91,D-rand,0.91
3530,C,2,C,0.98,0.97,0.02,0.0,0.98,0.0,477,2.0034e-05,1,0.98,D-rand,0.98
3533,B,1,B,0.8300000000000001,0.77,0.14,0.8300000000000001,0.02,0.01,457,1.9194000000000003e-05,1,0.8300000000000001,D-rand,0.8300000000000001
3534,C,2,A,0.59,0.46,0.59,0.06,0.19,0.16,446,1.8732000000000003e-05,0,0.19,D-rand,0.59
3531,B,1,C,0.47,0.29,0.04,0.43,0.47,0.06,499,2.0958e-05,0,0.43,D-rand,0.47
3537,C,2,C,0.39,0.19,0.27,0.29,0.39,0.05,473,1.9866000000000003e-05,1,0.39,D-rand,0.39
3536,B,1,B,0.99,0.99,0.01,0.99,0.0,0.0,461,1.9362e-05,1,0.99,D-rand,0.99
3538,C,2,A,0.33,0.1,0.33,0.25,0.16,0.26,475,1.9950000000000004e-05,0,0.16,D-rand,0.33
3539,D,3,D,0.55,0.41,0.35,0.03,0.07,0.55,462,1.9404e-05,1,0.55,D-rand,0.55
3535,C,2,C,0.84,0.79,0.11,0.03,0.84,0.02,448,1.8816000000000004e-05,1,0.84,D-rand,0.84
3540,D,3,D,0.62,0.5,0.04,0.3,0.04,0.62,488,2.0496e-05,1,0.62,D-rand,0.62
3541,B,1,A,0.44,0.25,0.44,0.44,0.04,0.08,447,1.8774000000000004e-05,0,0.44,D-rand,0.44
3543,A,0,D,0.45,0.26,0.43,0.04,0.08,0.45,530,2.226e-05,0,0.43,D-rand,0.45
3545,A,0,A,0.42,0.23,0.42,0.17,0.22,0.19,423,1.7766000000000002e-05,1,0.42,D-rand,0.42
3546,C,2,C,0.8,0.73,0.08,0.04,0.8,0.08,478,2.0076e-05,1,0.8,D-rand,0.8
3547,D,3,B,0.6900000000000001,0.59,0.09,0.6900000000000001,0.18,0.04,457,1.9194000000000003e-05,0,0.04,D-rand,0.6900000000000001
3552,A,0,A,0.97,0.96,0.97,0.01,0.01,0.01,521,2.1882e-05,1,0.97,D-rand,0.97
3551,D,3,C,0.43,0.24,0.28,0.22,0.43,0.07,512,2.1504e-05,0,0.07,D-rand,0.43
3548,C,2,B,0.48,0.31,0.17,0.48,0.16,0.19,434,1.8228e-05,0,0.16,D-rand,0.48
3555,A,0,A,0.36,0.15,0.36,0.33,0.09,0.22,427,1.7934e-05,1,0.36,D-rand,0.36
3550,D,3,C,0.6000000000000001,0.46,0.19,0.04,0.6000000000000001,0.17,431,1.8102e-05,0,0.17,D-rand,0.6000000000000001
3557,D,3,D,0.5,0.34,0.15,0.25,0.1,0.5,457,1.9194000000000003e-05,1,0.5,D-rand,0.5
3558,D,3,A,0.55,0.4,0.55,0.24,0.05,0.16,449,1.8858e-05,0,0.16,D-rand,0.55
3556,A,0,D,0.44,0.25,0.25,0.18,0.13,0.44,453,1.9026000000000004e-05,0,0.25,D-rand,0.44
3560,B,1,C,0.67,0.56,0.05,0.23,0.67,0.05,425,1.7850000000000004e-05,0,0.23,D-rand,0.67
3559,A,0,A,0.81,0.75,0.81,0.01,0.01,0.17,456,1.9152e-05,1,0.81,D-rand,0.81
3562,C,2,A,0.48,0.31,0.48,0.09,0.41,0.02,452,1.8984000000000003e-05,0,0.41,D-rand,0.48
3563,B,1,B,0.65,0.54,0.23,0.65,0.08,0.04,454,1.9068e-05,1,0.65,D-rand,0.65
3564,D,3,D,0.54,0.38,0.06,0.3,0.1,0.54,480,2.016e-05,1,0.54,D-rand,0.54
3567,D,3,D,0.98,0.97,0.01,0.0,0.01,0.98,507,2.1294e-05,1,0.98,D-rand,0.98
3568,B,1,D,0.399999999999999,0.21,0.15,0.35,0.1,0.399999999999999,495,2.0790000000000003e-05,0,0.35,D-rand,0.399999999999999
3566,A,0,A,0.97,0.96,0.97,0.01,0.01,0.01,453,1.9026000000000004e-05,1,0.97,D-rand,0.97
3570,D,3,D,0.65,0.54,0.23,0.02,0.1,0.65,525,2.2050000000000004e-05,1,0.65,D-rand,0.65
3573,C,2,C,0.55,0.41,0.22,0.03,0.55,0.2,463,1.9446e-05,1,0.55,D-rand,0.55
3569,B,1,B,0.49,0.32,0.09,0.49,0.38,0.04,485,2.037e-05,1,0.49,D-rand,0.49
3572,D,3,D,0.73,0.64,0.19,0.05,0.03,0.73,458,1.9236e-05,1,0.73,D-rand,0.73
3574,D,3,D,0.44,0.26,0.37,0.08,0.11,0.44,467,1.9614e-05,1,0.44,D-rand,0.44
3575,B,1,B,0.6000000000000001,0.45,0.06,0.6000000000000001,0.29,0.05,406,1.7052000000000002e-05,1,0.6000000000000001,D-rand,0.6000000000000001
3576,C,2,C,0.37,0.16,0.3,0.16,0.37,0.17,432,1.8144e-05,1,0.37,D-rand,0.37
3580,B,1,B,0.91,0.88,0.03,0.91,0.05,0.01,479,2.0118000000000003e-05,1,0.91,D-rand,0.91
3582,B,1,D,0.63,0.51,0.05,0.24,0.08,0.63,468,1.9656000000000003e-05,0,0.24,D-rand,0.63
3584,B,1,B,0.92,0.88,0.08,0.92,0.0,0.0,417,1.7514000000000002e-05,1,0.92,D-rand,0.92
3585,C,2,C,0.97,0.96,0.01,0.01,0.97,0.01,469,1.9698e-05,1,0.97,D-rand,0.97
3586,A,0,C,0.6000000000000001,0.48,0.29,0.04,0.6000000000000001,0.07,426,1.7892000000000004e-05,0,0.29,D-rand,0.6000000000000001
3588,D,3,C,0.88,0.84,0.02,0.03,0.88,0.07,465,1.953e-05,0,0.07,D-rand,0.88
3589,C,2,C,0.96,0.95,0.01,0.01,0.96,0.02,460,1.932e-05,1,0.96,D-rand,0.96
3591,A,0,A,0.77,0.7000000000000001,0.77,0.01,0.2,0.02,449,1.8858e-05,1,0.77,D-rand,0.77
3593,D,3,D,0.73,0.64,0.06,0.16,0.05,0.73,489,2.0538e-05,1,0.73,D-rand,0.73
3590,D,3,C,0.44,0.25,0.3,0.03,0.44,0.23,480,2.016e-05,0,0.23,D-rand,0.44
3596,A,0,A,0.71,0.62,0.71,0.01,0.01,0.27,516,2.1672000000000005e-05,1,0.71,D-rand,0.71
3594,B,1,B,0.65,0.53,0.07,0.65,0.06,0.22,519,2.1798000000000004e-05,1,0.65,D-rand,0.65
3598,B,1,B,0.77,0.7000000000000001,0.17,0.77,0.05,0.01,514,2.1588e-05,1,0.77,D-rand,0.77
3597,C,2,C,1.0,0.99,0.0,0.0,1.0,0.0,463,1.9446e-05,1,1.0,D-rand,1.0
3600,D,3,C,0.64,0.53,0.09,0.08,0.64,0.19,464,1.9488000000000004e-05,0,0.19,D-rand,0.64
3599,B,1,B,0.53,0.36,0.07,0.53,0.39,0.01,474,1.9908000000000003e-05,1,0.53,D-rand,0.53
3601,B,1,B,0.96,0.94,0.02,0.96,0.01,0.01,459,1.9278e-05,1,0.96,D-rand,0.96
3603,D,3,D,0.79,0.73,0.05,0.1,0.06,0.79,446,1.8732000000000003e-05,1,0.79,D-rand,0.79
3605,C,2,C,0.68,0.58,0.11,0.05,0.68,0.16,454,1.9068e-05,1,0.68,D-rand,0.68
3607,C,2,C,0.92,0.88,0.05,0.02,0.92,0.01,459,1.9278e-05,1,0.92,D-rand,0.92
3602,B,1,A,0.5,0.34,0.5,0.09,0.04,0.37,487,2.0454e-05,0,0.09,D-rand,0.5
3606,C,2,C,1.0,0.99,0.0,0.0,1.0,0.0,452,1.8984000000000003e-05,1,1.0,D-rand,1.0
3609,C,2,B,0.86,0.81,0.05,0.86,0.04,0.05,458,1.9236e-05,0,0.04,D-rand,0.86
3611,B,1,B,0.81,0.75,0.14,0.81,0.04,0.01,478,2.0076e-05,1,0.81,D-rand,0.81
3610,C,2,B,0.68,0.58,0.03,0.68,0.1,0.19,429,1.8018000000000003e-05,0,0.1,D-rand,0.68
3613,D,3,D,0.77,0.7000000000000001,0.05,0.09,0.09,0.77,439,1.8438e-05,1,0.77,D-rand,0.77
3615,D,3,D,1.0,0.99,0.0,0.0,0.0,1.0,505,2.121e-05,1,1.0,D-rand,1.0
3616,B,1,B,0.91,0.88,0.01,0.91,0.02,0.06,487,2.0454e-05,1,0.91,D-rand,0.91
3618,D,3,D,0.77,0.7000000000000001,0.02,0.03,0.18,0.77,490,2.058e-05,1,0.77,D-rand,0.77
3617,B,1,B,0.92,0.89,0.07,0.92,0.0,0.01,464,1.9488000000000004e-05,1,0.92,D-rand,0.92
3619,C,2,C,0.91,0.88,0.07,0.02,0.91,0.0,473,1.9866000000000003e-05,1,0.91,D-rand,0.91
3620,B,1,B,0.86,0.81,0.01,0.86,0.01,0.12,516,2.1672000000000005e-05,1,0.86,D-rand,0.86
3622,D,3,D,0.99,0.98,0.0,0.0,0.01,0.99,541,2.2722e-05,1,0.99,D-rand,0.99
3621,B,1,B,0.58,0.44,0.09,0.58,0.24,0.09,478,2.0076e-05,1,0.58,D-rand,0.58
3624,A,0,A,0.61,0.47,0.61,0.11,0.24,0.04,475,1.9950000000000004e-05,1,0.61,D-rand,0.61
3625,C,2,B,0.4,0.2,0.21,0.4,0.32,0.07,479,2.0118000000000003e-05,0,0.32,D-rand,0.4
3623,A,0,A,0.56,0.42,0.56,0.14,0.04,0.26,435,1.827e-05,1,0.56,D-rand,0.56
3626,C,2,C,0.98,0.98,0.01,0.01,0.98,0.0,497,2.0874000000000004e-05,1,0.98,D-rand,0.98
3627,B,1,B,0.54,0.38,0.08,0.54,0.08,0.3,523,2.1966000000000003e-05,1,0.54,D-rand,0.54
3628,A,0,B,0.74,0.65,0.12,0.74,0.03,0.11,455,1.911e-05,0,0.12,D-rand,0.74
3629,B,1,B,0.67,0.55,0.21,0.67,0.05,0.07,521,2.1882e-05,1,0.67,D-rand,0.67
3630,A,0,A,0.96,0.96,0.96,0.02,0.01,0.01,461,1.9362e-05,1,0.96,D-rand,0.96
3632,C,2,B,0.399999999999999,0.21,0.1,0.399999999999999,0.29,0.21,488,2.0496e-05,0,0.29,D-rand,0.399999999999999
3634,B,1,B,0.71,0.6000000000000001,0.13,0.71,0.14,0.02,452,1.8984000000000003e-05,1,0.71,D-rand,0.71
3636,B,1,B,0.75,0.65,0.01,0.75,0.02,0.22,519,2.1798000000000004e-05,1,0.75,D-rand,0.75
3637,A,0,A,0.79,0.72,0.79,0.03,0.14,0.04,523,2.1966000000000003e-05,1,0.79,D-rand,0.79
3631,B,1,C,0.63,0.51,0.06,0.27,0.63,0.04,481,2.0202e-05,0,0.27,D-rand,0.63
3638,D,3,C,0.5700000000000001,0.43,0.1,0.24,0.5700000000000001,0.09,455,1.911e-05,0,0.09,D-rand,0.5700000000000001
3640,A,0,A,0.42,0.24,0.42,0.29,0.16,0.13,443,1.8606e-05,1,0.42,D-rand,0.42
3639,A,0,B,0.5,0.33,0.1,0.5,0.07,0.33,457,1.9194000000000003e-05,0,0.1,D-rand,0.5
3642,A,0,A,0.8300000000000001,0.77,0.8300000000000001,0.09,0.01,0.07,430,1.8060000000000003e-05,1,0.8300000000000001,D-rand,0.8300000000000001
3643,A,0,A,0.59,0.46,0.59,0.04,0.34,0.03,422,1.7724000000000002e-05,1,0.59,D-rand,0.59
3646,A,0,A,0.96,0.94,0.96,0.01,0.03,0.0,513,2.1546e-05,1,0.96,D-rand,0.96
3648,B,1,B,0.47,0.3,0.11,0.47,0.13,0.29,424,1.7808000000000003e-05,1,0.47,D-rand,0.47
3644,A,0,A,0.9,0.87,0.9,0.08,0.01,0.01,438,1.8396e-05,1,0.9,D-rand,0.9
3647,B,1,B,0.48,0.32,0.04,0.48,0.42,0.06,472,1.9824e-05,1,0.48,D-rand,0.48
3645,A,0,A,0.91,0.88,0.91,0.06,0.01,0.02,444,1.8648e-05,1,0.91,D-rand,0.91
3649,A,0,A,1.0,1.0,1.0,0.0,0.0,0.0,513,2.1546e-05,1,1.0,D-rand,1.0
3651,B,1,B,0.64,0.51,0.21,0.64,0.1,0.05,522,2.1924e-05,1,0.64,D-rand,0.64
3650,B,1,B,0.97,0.96,0.01,0.97,0.01,0.01,462,1.9404e-05,1,0.97,D-rand,0.97
3652,D,3,D,0.96,0.95,0.03,0.01,0.0,0.96,460,1.932e-05,1,0.96,D-rand,0.96
3653,C,2,B,0.5,0.33,0.1,0.5,0.28,0.12,438,1.8396e-05,0,0.28,D-rand,0.5
3658,B,1,B,0.98,0.97,0.01,0.98,0.01,0.0,496,2.0832000000000003e-05,1,0.98,D-rand,0.98
3657,D,3,D,0.81,0.75,0.04,0.07,0.08,0.81,495,2.0790000000000003e-05,1,0.81,D-rand,0.81
3659,C,2,B,0.54,0.38,0.08,0.54,0.37,0.01,478,2.0076e-05,0,0.37,D-rand,0.54
3660,C,2,B,0.71,0.62,0.19,0.71,0.05,0.05,430,1.8060000000000003e-05,0,0.05,D-rand,0.71
3661,B,1,B,0.97,0.96,0.03,0.97,0.0,0.0,460,1.932e-05,1,0.97,D-rand,0.97
3662,D,3,D,0.99,0.97,0.01,0.0,0.0,0.99,471,1.9782000000000005e-05,1,0.99,D-rand,0.99
3663,B,1,B,1.0,0.99,0.0,1.0,0.0,0.0,456,1.9152e-05,1,1.0,D-rand,1.0
3664,B,1,B,0.8300000000000001,0.78,0.02,0.8300000000000001,0.15,0.0,499,2.0958e-05,1,0.8300000000000001,D-rand,0.8300000000000001
3666,C,2,C,0.88,0.85,0.08,0.03,0.88,0.01,498,2.0916000000000004e-05,1,0.88,D-rand,0.88
3668,C,2,C,0.76,0.68,0.03,0.12,0.76,0.09,484,2.0328000000000003e-05,1,0.76,D-rand,0.76
3667,C,2,C,0.45,0.27,0.07,0.4,0.45,0.08,448,1.8816000000000004e-05,1,0.45,D-rand,0.45
3665,B,1,C,0.59,0.45,0.08,0.24,0.59,0.09,438,1.8396e-05,0,0.24,D-rand,0.59
3672,C,2,A,0.54,0.4,0.54,0.15,0.29,0.02,435,1.827e-05,0,0.29,D-rand,0.54
3673,C,2,C,0.72,0.64,0.03,0.13,0.72,0.12,477,2.0034e-05,1,0.72,D-rand,0.72
3670,D,3,D,0.88,0.8300000000000001,0.07,0.04,0.01,0.88,457,1.9194000000000003e-05,1,0.88,D-rand,0.88
3674,C,2,C,0.98,0.96,0.01,0.0,0.98,0.01,480,2.016e-05,1,0.98,D-rand,0.98
3677,C,2,C,0.59,0.46,0.15,0.18,0.59,0.08,488,2.0496e-05,1,0.59,D-rand,0.59
3676,B,1,B,0.72,0.63,0.19,0.72,0.08,0.01,465,1.953e-05,1,0.72,D-rand,0.72
3678,D,3,A,0.88,0.84,0.88,0.05,0.02,0.05,467,1.9614e-05,0,0.05,D-rand,0.88
3675,D,3,D,0.98,0.98,0.01,0.0,0.01,0.98,435,1.827e-05,1,0.98,D-rand,0.98
3679,B,1,B,0.55,0.4,0.11,0.55,0.11,0.23,467,1.9614e-05,1,0.55,D-rand,0.55
3680,C,2,B,0.53,0.37,0.18,0.53,0.23,0.06,503,2.1126e-05,0,0.23,D-rand,0.53
3681,B,1,A,0.64,0.51,0.64,0.03,0.27,0.06,475,1.9950000000000004e-05,0,0.03,D-rand,0.64
3686,C,2,C,0.5700000000000001,0.43,0.29,0.01,0.5700000000000001,0.13,472,1.9824e-05,1,0.5700000000000001,D-rand,0.5700000000000001
3683,C,2,C,0.41,0.22,0.41,0.09,0.41,0.09,465,1.953e-05,1,0.41,D-rand,0.41
3682,D,3,D,0.4,0.19,0.13,0.15,0.32,0.4,434,1.8228e-05,1,0.4,D-rand,0.4
3685,D,3,D,0.72,0.62,0.23,0.03,0.02,0.72,464,1.9488000000000004e-05,1,0.72,D-rand,0.72
3687,C,2,C,0.47,0.29,0.16,0.32,0.47,0.05,458,1.9236e-05,1,0.47,D-rand,0.47
3691,B,1,A,0.559999999999999,0.42,0.559999999999999,0.38,0.05,0.01,477,2.0034e-05,0,0.38,D-rand,0.559999999999999
3692,D,3,D,0.7000000000000001,0.59,0.04,0.09,0.17,0.7000000000000001,466,1.9572e-05,1,0.7000000000000001,D-rand,0.7000000000000001
3688,C,2,B,0.33,0.11,0.24,0.33,0.26,0.17,467,1.9614e-05,0,0.26,D-rand,0.33
3694,A,0,A,0.76,0.6900000000000001,0.76,0.02,0.17,0.05,467,1.9614e-05,1,0.76,D-rand,0.76
3693,A,0,A,0.88,0.8300000000000001,0.88,0.04,0.02,0.06,566,2.377200000000001e-05,1,0.88,D-rand,0.88
3696,D,3,D,0.79,0.72,0.05,0.13,0.03,0.79,472,1.9824e-05,1,0.79,D-rand,0.79
3695,D,3,C,0.53,0.37,0.08,0.09,0.53,0.3,496,2.0832000000000003e-05,0,0.3,D-rand,0.53
3699,B,1,B,0.75,0.67,0.05,0.75,0.03,0.17,513,2.1546e-05,1,0.75,D-rand,0.75
3698,C,2,C,0.91,0.88,0.04,0.03,0.91,0.02,469,1.9698e-05,1,0.91,D-rand,0.91
3701,C,2,C,0.86,0.81,0.04,0.09,0.86,0.01,465,1.953e-05,1,0.86,D-rand,0.86
3702,A,0,A,0.94,0.92,0.94,0.01,0.01,0.04,504,2.1168e-05,1,0.94,D-rand,0.94
3704,A,0,B,0.8,0.74,0.18,0.8,0.02,0.0,472,1.9824e-05,0,0.18,D-rand,0.8
3703,C,2,C,0.84,0.79,0.04,0.01,0.84,0.11,487,2.0454e-05,1,0.84,D-rand,0.84
3706,D,3,D,0.67,0.5700000000000001,0.23,0.02,0.08,0.67,463,1.9446e-05,1,0.67,D-rand,0.67
3705,A,0,D,0.56,0.42,0.35,0.06,0.03,0.56,456,1.9152e-05,0,0.35,D-rand,0.56
3708,C,2,C,0.93,0.91,0.02,0.04,0.93,0.01,420,1.764e-05,1,0.93,D-rand,0.93
3707,D,3,D,0.96,0.95,0.01,0.02,0.01,0.96,463,1.9446e-05,1,0.96,D-rand,0.96
3711,B,1,B,0.97,0.96,0.01,0.97,0.01,0.01,461,1.9362e-05,1,0.97,D-rand,0.97
3709,B,1,D,0.65,0.53,0.04,0.05,0.26,0.65,462,1.9404e-05,0,0.05,D-rand,0.65
3710,C,2,C,0.79,0.73,0.09,0.09,0.79,0.03,502,2.1084000000000003e-05,1,0.79,D-rand,0.79
3713,B,1,B,0.8,0.73,0.12,0.8,0.06,0.02,462,1.9404e-05,1,0.8,D-rand,0.8
3716,A,0,A,0.94,0.92,0.94,0.01,0.03,0.02,465,1.953e-05,1,0.94,D-rand,0.94
3715,D,3,A,0.37,0.17,0.37,0.35,0.18,0.1,485,2.037e-05,0,0.1,D-rand,0.37
3718,B,1,B,0.93,0.91,0.01,0.93,0.06,0.0,445,1.869e-05,1,0.93,D-rand,0.93
3721,D,3,D,0.44,0.26,0.1,0.33,0.13,0.44,450,1.89e-05,1,0.44,D-rand,0.44
3720,B,1,B,0.44,0.25,0.34,0.44,0.09,0.13,427,1.7934e-05,1,0.44,D-rand,0.44
3717,D,3,D,0.93,0.91,0.02,0.01,0.04,0.93,492,2.0664e-05,1,0.93,D-rand,0.93
3722,D,3,C,0.39,0.19,0.29,0.21,0.39,0.11,479,2.0118000000000003e-05,0,0.11,D-rand,0.39
3724,B,1,C,0.45,0.28,0.1,0.34,0.45,0.11,446,1.8732000000000003e-05,0,0.34,D-rand,0.45
3725,D,3,B,0.48,0.32,0.13,0.48,0.1,0.29,443,1.8606e-05,0,0.29,D-rand,0.48
3727,D,3,D,1.0,0.99,0.0,0.0,0.0,1.0,457,1.9194000000000003e-05,1,1.0,D-rand,1.0
3728,B,1,B,1.0,0.99,0.0,1.0,0.0,0.0,466,1.9572e-05,1,1.0,D-rand,1.0
3730,A,0,A,0.45,0.26,0.45,0.18,0.31,0.06,501,2.1042000000000003e-05,1,0.45,D-rand,0.45
3723,A,0,A,0.52,0.37,0.52,0.21,0.17,0.1,449,1.8858e-05,1,0.52,D-rand,0.52
3726,B,1,B,0.99,0.98,0.01,0.99,0.0,0.0,499,2.0958e-05,1,0.99,D-rand,0.99
3731,A,0,A,0.92,0.89,0.92,0.06,0.01,0.01,450,1.89e-05,1,0.92,D-rand,0.92
3732,D,3,D,0.679999999999999,0.58,0.03,0.26,0.03,0.679999999999999,496,2.0832000000000003e-05,1,0.679999999999999,D-rand,0.679999999999999
3729,A,0,A,0.98,0.97,0.98,0.01,0.0,0.01,411,1.7262000000000002e-05,1,0.98,D-rand,0.98
3738,A,0,A,0.5,0.32,0.5,0.12,0.12,0.26,452,1.8984000000000003e-05,1,0.5,D-rand,0.5
3733,C,2,C,0.71,0.62,0.11,0.05,0.71,0.13,440,1.848e-05,1,0.71,D-rand,0.71
3736,B,1,B,0.93,0.91,0.01,0.93,0.01,0.05,470,1.974e-05,1,0.93,D-rand,0.93
3742,B,1,D,0.75,0.66,0.07,0.17,0.01,0.75,532,2.2344e-05,0,0.17,D-rand,0.75
3745,C,2,C,0.41,0.21,0.38,0.05,0.41,0.16,473,1.9866000000000003e-05,1,0.41,D-rand,0.41
3743,C,2,C,0.95,0.93,0.04,0.01,0.95,0.0,421,1.7682e-05,1,0.95,D-rand,0.95
3739,B,1,B,0.67,0.55,0.12,0.67,0.19,0.02,443,1.8606e-05,1,0.67,D-rand,0.67
3746,A,0,A,0.9,0.88,0.9,0.08,0.01,0.01,474,1.9908000000000003e-05,1,0.9,D-rand,0.9
3751,B,1,A,0.37,0.16,0.37,0.31,0.03,0.29,461,1.9362e-05,0,0.31,D-rand,0.37
3747,A,0,A,1.0,1.0,1.0,0.0,0.0,0.0,507,2.1294e-05,1,1.0,D-rand,1.0
3752,A,0,A,0.97,0.97,0.97,0.0,0.02,0.01,524,2.2008000000000003e-05,1,0.97,D-rand,0.97
3754,A,0,B,0.74,0.65,0.15,0.74,0.09,0.02,465,1.953e-05,0,0.15,D-rand,0.74
3756,A,0,A,0.98,0.97,0.98,0.01,0.0,0.01,461,1.9362e-05,1,0.98,D-rand,0.98
3753,C,2,C,0.99,0.98,0.0,0.0,0.99,0.01,471,1.9782000000000005e-05,1,0.99,D-rand,0.99
3749,D,3,D,0.56,0.41,0.03,0.01,0.4,0.56,445,1.869e-05,1,0.56,D-rand,0.56
3750,B,1,B,0.99,0.98,0.01,0.99,0.0,0.0,483,2.0286e-05,1,0.99,D-rand,0.99
3757,C,2,C,0.91,0.88,0.01,0.04,0.91,0.04,496,2.0832000000000003e-05,1,0.91,D-rand,0.91
3761,C,2,C,0.98,0.98,0.0,0.01,0.98,0.01,484,2.0328000000000003e-05,1,0.98,D-rand,0.98
3765,C,2,A,0.5700000000000001,0.43,0.5700000000000001,0.04,0.25,0.14,458,1.9236e-05,0,0.25,D-rand,0.5700000000000001
3766,B,1,B,0.97,0.96,0.02,0.97,0.0,0.01,452,1.8984000000000003e-05,1,0.97,D-rand,0.97
3764,A,0,A,0.66,0.55,0.66,0.05,0.03,0.26,440,1.848e-05,1,0.66,D-rand,0.66
3768,C,2,A,0.58,0.44,0.58,0.22,0.16,0.04,504,2.1168e-05,0,0.16,D-rand,0.58
3767,A,0,A,0.93,0.9,0.93,0.07,0.0,0.0,442,1.8564e-05,1,0.93,D-rand,0.93
3770,A,0,A,0.72,0.63,0.72,0.08,0.1,0.1,413,1.7346e-05,1,0.72,D-rand,0.72
3769,D,3,D,0.35,0.14,0.22,0.09,0.34,0.35,480,2.016e-05,1,0.35,D-rand,0.35
3771,B,1,B,0.94,0.92,0.04,0.94,0.01,0.01,480,2.016e-05,1,0.94,D-rand,0.94
3772,C,2,A,0.54,0.39,0.54,0.21,0.17,0.08,425,1.7850000000000004e-05,0,0.17,D-rand,0.54
3774,C,2,C,0.44,0.27,0.25,0.21,0.44,0.1,448,1.8816000000000004e-05,1,0.44,D-rand,0.44
3773,B,1,B,0.6900000000000001,0.59,0.1,0.6900000000000001,0.17,0.04,474,1.9908000000000003e-05,1,0.6900000000000001,D-rand,0.6900000000000001
3777,D,3,C,0.38,0.17,0.27,0.08,0.38,0.27,484,2.0328000000000003e-05,0,0.27,D-rand,0.38
3775,C,2,C,0.39,0.19,0.33,0.13,0.39,0.15,468,1.9656000000000003e-05,1,0.39,D-rand,0.39
3778,A,0,A,0.6900000000000001,0.59,0.6900000000000001,0.27,0.02,0.02,543,2.2806000000000005e-05,1,0.6900000000000001,D-rand,0.6900000000000001
3779,D,3,D,0.68,0.5700000000000001,0.11,0.05,0.16,0.68,487,2.0454e-05,1,0.68,D-rand,0.68
3781,D,3,D,0.67,0.56,0.15,0.11,0.07,0.67,438,1.8396e-05,1,0.67,D-rand,0.67
3782,D,3,D,0.68,0.5700000000000001,0.11,0.15,0.06,0.68,450,1.89e-05,1,0.68,D-rand,0.68
3783,B,1,B,0.8200000000000001,0.76,0.05,0.8200000000000001,0.07,0.06,478,2.0076e-05,1,0.8200000000000001,D-rand,0.8200000000000001
3785,C,2,A,0.86,0.81,0.86,0.04,0.1,0.0,473,1.9866000000000003e-05,0,0.1,D-rand,0.86
3788,B,1,B,0.84,0.77,0.08,0.84,0.07,0.01,492,2.0664e-05,1,0.84,D-rand,0.84
3790,C,2,C,0.9,0.87,0.01,0.01,0.9,0.08,461,1.9362e-05,1,0.9,D-rand,0.9
3792,D,3,D,0.42,0.22,0.34,0.12,0.12,0.42,512,2.1504e-05,1,0.42,D-rand,0.42
3791,B,1,B,0.46,0.27,0.16,0.46,0.22,0.16,470,1.974e-05,1,0.46,D-rand,0.46
3793,B,1,A,0.62,0.5,0.62,0.22,0.1,0.06,440,1.848e-05,0,0.22,D-rand,0.62
3795,C,2,C,0.62,0.49,0.19,0.03,0.62,0.16,455,1.911e-05,1,0.62,D-rand,0.62
3794,A,0,A,1.0,0.99,1.0,0.0,0.0,0.0,468,1.9656000000000003e-05,1,1.0,D-rand,1.0
3796,A,0,A,0.92,0.9,0.92,0.07,0.01,0.0,453,1.9026000000000004e-05,1,0.92,D-rand,0.92
3797,D,3,D,1.0,0.99,0.0,0.0,0.0,1.0,480,2.016e-05,1,1.0,D-rand,1.0
3798,A,0,B,0.45,0.27,0.16,0.45,0.19,0.2,463,1.9446e-05,0,0.16,D-rand,0.45
3802,D,3,D,0.81,0.74,0.03,0.13,0.03,0.81,440,1.848e-05,1,0.81,D-rand,0.81
3804,D,3,B,0.94,0.92,0.02,0.94,0.01,0.03,481,2.0202e-05,0,0.03,D-rand,0.94
3807,D,3,A,0.49,0.31,0.49,0.01,0.11,0.39,502,2.1084000000000003e-05,0,0.39,D-rand,0.49
3808,A,0,A,0.96,0.93,0.96,0.04,0.0,0.0,488,2.0496e-05,1,0.96,D-rand,0.96
3806,D,3,A,0.55,0.4,0.55,0.09,0.03,0.33,495,2.0790000000000003e-05,0,0.33,D-rand,0.55
3809,C,2,C,1.0,1.0,0.0,0.0,1.0,0.0,443,1.8606e-05,1,1.0,D-rand,1.0
3810,B,1,D,0.48,0.31,0.35,0.12,0.05,0.48,497,2.0874000000000004e-05,0,0.12,D-rand,0.48
3803,D,3,A,0.58,0.43,0.58,0.11,0.23,0.08,434,1.8228e-05,0,0.08,D-rand,0.58
3811,A,0,B,0.41,0.21,0.33,0.41,0.04,0.22,507,2.1294e-05,0,0.33,D-rand,0.41
3812,B,1,B,0.89,0.86,0.07,0.89,0.03,0.01,530,2.226e-05,1,0.89,D-rand,0.89
3816,B,1,B,0.96,0.94,0.04,0.96,0.0,0.0,463,1.9446e-05,1,0.96,D-rand,0.96
3813,D,3,D,0.81,0.74,0.13,0.03,0.03,0.81,433,1.8186e-05,1,0.81,D-rand,0.81
3820,B,1,A,0.51,0.35,0.51,0.31,0.13,0.05,519,2.1798000000000004e-05,0,0.31,D-rand,0.51
3819,D,3,B,0.8300000000000001,0.77,0.01,0.8300000000000001,0.03,0.13,435,1.827e-05,0,0.13,D-rand,0.8300000000000001
3821,A,0,A,1.0,0.99,1.0,0.0,0.0,0.0,524,2.2008000000000003e-05,1,1.0,D-rand,1.0
3822,C,2,A,0.4,0.2,0.4,0.02,0.36,0.22,436,1.8312e-05,0,0.36,D-rand,0.4
3823,C,2,C,0.93,0.91,0.01,0.0,0.93,0.06,430,1.8060000000000003e-05,1,0.93,D-rand,0.93
3824,D,3,D,0.74,0.66,0.17,0.04,0.05,0.74,477,2.0034e-05,1,0.74,D-rand,0.74
3826,A,0,A,0.36,0.14,0.36,0.12,0.35,0.17,481,2.0202e-05,1,0.36,D-rand,0.36
3827,A,0,A,0.5,0.35,0.5,0.18,0.3,0.02,418,1.7556000000000003e-05,1,0.5,D-rand,0.5
3829,A,0,A,0.75,0.67,0.75,0.05,0.19,0.01,510,2.142e-05,1,0.75,D-rand,0.75
3834,B,1,A,0.49,0.31,0.49,0.37,0.06,0.08,449,1.8858e-05,0,0.37,D-rand,0.49
3835,B,1,B,0.5,0.34,0.03,0.5,0.26,0.21,485,2.037e-05,1,0.5,D-rand,0.5
3830,A,0,A,0.96,0.95,0.96,0.01,0.0,0.03,421,1.7682e-05,1,0.96,D-rand,0.96
3837,C,2,C,0.95,0.94,0.03,0.01,0.95,0.01,512,2.1504e-05,1,0.95,D-rand,0.95
3838,B,1,B,0.67,0.56,0.29,0.67,0.01,0.03,487,2.0454e-05,1,0.67,D-rand,0.67
3839,B,1,D,0.45,0.27,0.14,0.2,0.21,0.45,510,2.142e-05,0,0.2,D-rand,0.45
3843,A,0,A,0.71,0.6000000000000001,0.71,0.01,0.27,0.01,442,1.8564e-05,1,0.71,D-rand,0.71
3842,B,1,B,1.0,1.0,0.0,1.0,0.0,0.0,468,1.9656000000000003e-05,1,1.0,D-rand,1.0
3844,C,2,C,0.93,0.91,0.04,0.02,0.93,0.0,447,1.8774000000000004e-05,1,0.93,D-rand,0.93
3845,B,1,A,0.77,0.7000000000000001,0.77,0.05,0.12,0.06,451,1.8942000000000003e-05,0,0.05,D-rand,0.77
3841,A,0,A,0.51,0.34,0.51,0.34,0.11,0.04,438,1.8396e-05,1,0.51,D-rand,0.51
3846,A,0,B,0.77,0.7000000000000001,0.1,0.77,0.11,0.02,435,1.827e-05,0,0.1,D-rand,0.77
3848,B,1,B,0.52,0.36,0.3,0.52,0.12,0.06,492,2.0664e-05,1,0.52,D-rand,0.52
3847,C,2,C,0.85,0.8,0.09,0.05,0.85,0.01,417,1.7514000000000002e-05,1,0.85,D-rand,0.85
3849,A,0,A,0.49,0.32,0.49,0.02,0.45,0.04,453,1.9026000000000004e-05,1,0.49,D-rand,0.49
3850,D,3,D,0.96,0.96,0.01,0.02,0.01,0.96,453,1.9026000000000004e-05,1,0.96,D-rand,0.96
3852,C,2,C,0.5,0.32,0.22,0.22,0.5,0.06,477,2.0034e-05,1,0.5,D-rand,0.5
3851,B,1,B,0.58,0.45,0.32,0.58,0.05,0.05,500,2.1e-05,1,0.58,D-rand,0.58
3853,D,3,D,0.89,0.85,0.06,0.01,0.04,0.89,423,1.7766000000000002e-05,1,0.89,D-rand,0.89
3854,A,0,A,0.7000000000000001,0.61,0.7000000000000001,0.12,0.08,0.1,445,1.869e-05,1,0.7000000000000001,D-rand,0.7000000000000001
3855,C,2,B,0.47,0.29,0.05,0.47,0.42,0.06,478,2.0076e-05,0,0.42,D-rand,0.47
3856,A,0,C,0.49,0.31,0.22,0.17,0.49,0.12,480,2.016e-05,0,0.22,D-rand,0.49
3857,D,3,A,0.88,0.85,0.88,0.02,0.05,0.05,487,2.0454e-05,0,0.05,D-rand,0.88
3858,D,3,A,0.44,0.26,0.44,0.34,0.05,0.17,444,1.8648e-05,0,0.17,D-rand,0.44
3860,A,0,A,0.63,0.5,0.63,0.03,0.15,0.19,471,1.9782000000000005e-05,1,0.63,D-rand,0.63
3863,C,2,C,0.98,0.97,0.0,0.0,0.98,0.02,491,2.0622e-05,1,0.98,D-rand,0.98
3865,C,2,C,0.45,0.27,0.27,0.07,0.45,0.21,492,2.0664e-05,1,0.45,D-rand,0.45
3867,A,0,C,0.55,0.39,0.35,0.02,0.55,0.08,441,1.8522000000000003e-05,0,0.35,D-rand,0.55
3864,B,1,B,0.98,0.97,0.01,0.98,0.01,0.0,489,2.0538e-05,1,0.98,D-rand,0.98
3868,C,2,D,0.75,0.66,0.02,0.16,0.07,0.75,483,2.0286e-05,0,0.07,D-rand,0.75
3869,C,2,D,0.59,0.45,0.12,0.04,0.25,0.59,581,2.4402e-05,0,0.25,D-rand,0.59
3871,D,3,B,0.41,0.22,0.31,0.41,0.2,0.08,463,1.9446e-05,0,0.08,D-rand,0.41
3870,D,3,A,0.86,0.8,0.86,0.01,0.01,0.12,441,1.8522000000000003e-05,0,0.12,D-rand,0.86
3872,C,2,C,0.94,0.92,0.01,0.03,0.94,0.02,490,2.058e-05,1,0.94,D-rand,0.94
3873,D,3,D,0.679999999999999,0.58,0.12,0.17,0.03,0.679999999999999,456,1.9152e-05,1,0.679999999999999,D-rand,0.679999999999999
3874,C,2,C,0.9,0.87,0.04,0.05,0.9,0.01,534,2.2428e-05,1,0.9,D-rand,0.9
3876,B,1,B,0.75,0.67,0.23,0.75,0.01,0.01,508,2.1336e-05,1,0.75,D-rand,0.75
3875,D,3,D,0.95,0.93,0.01,0.03,0.01,0.95,464,1.9488000000000004e-05,1,0.95,D-rand,0.95
3877,A,0,B,0.8300000000000001,0.77,0.12,0.8300000000000001,0.04,0.01,447,1.8774000000000004e-05,0,0.12,D-rand,0.8300000000000001
3879,B,1,B,0.88,0.84,0.07,0.88,0.03,0.02,474,1.9908000000000003e-05,1,0.88,D-rand,0.88
3878,D,3,A,0.58,0.45,0.58,0.26,0.07,0.09,444,1.8648e-05,0,0.09,D-rand,0.58
3880,B,1,B,0.95,0.93,0.03,0.95,0.01,0.01,448,1.8816000000000004e-05,1,0.95,D-rand,0.95
3881,D,3,B,0.78,0.71,0.12,0.78,0.02,0.08,487,2.0454e-05,0,0.08,D-rand,0.78
3882,A,0,A,1.0,1.0,1.0,0.0,0.0,0.0,477,2.0034e-05,1,1.0,D-rand,1.0
3883,D,3,D,0.45,0.27,0.22,0.05,0.28,0.45,477,2.0034e-05,1,0.45,D-rand,0.45
3885,A,0,C,0.34,0.12,0.29,0.19,0.34,0.18,432,1.8144e-05,0,0.29,D-rand,0.34
3884,A,0,A,0.85,0.8,0.85,0.09,0.04,0.02,455,1.911e-05,1,0.85,D-rand,0.85
3887,D,3,D,0.72,0.63,0.05,0.03,0.2,0.72,447,1.8774000000000004e-05,1,0.72,D-rand,0.72
3889,B,1,B,0.74,0.66,0.17,0.74,0.01,0.08,446,1.8732000000000003e-05,1,0.74,D-rand,0.74
3890,B,1,B,0.62,0.5,0.22,0.62,0.13,0.03,494,2.0748000000000005e-05,1,0.62,D-rand,0.62
3888,A,0,A,0.5,0.34,0.5,0.23,0.19,0.08,437,1.8354e-05,1,0.5,D-rand,0.5
3891,B,1,B,0.81,0.75,0.12,0.81,0.02,0.05,467,1.9614e-05,1,0.81,D-rand,0.81
3893,C,2,A,0.67,0.56,0.67,0.03,0.11,0.19,492,2.0664e-05,0,0.11,D-rand,0.67
3895,D,3,D,0.38,0.18,0.12,0.24,0.26,0.38,432,1.8144e-05,1,0.38,D-rand,0.38
3897,D,3,D,0.65,0.53,0.16,0.13,0.06,0.65,436,1.8312e-05,1,0.65,D-rand,0.65
3898,A,0,A,0.51,0.34,0.51,0.25,0.17,0.07,446,1.8732000000000003e-05,1,0.51,D-rand,0.51
3900,A,0,B,0.81,0.74,0.17,0.81,0.01,0.01,524,2.2008000000000003e-05,0,0.17,D-rand,0.81
3901,A,0,A,0.47,0.3,0.47,0.28,0.04,0.21,486,2.0412e-05,1,0.47,D-rand,0.47
3902,B,1,B,0.97,0.95,0.02,0.97,0.01,0.0,413,1.7346e-05,1,0.97,D-rand,0.97
3899,B,1,C,0.64,0.52,0.18,0.07,0.64,0.11,447,1.8774000000000004e-05,0,0.07,D-rand,0.64
3903,D,3,D,0.54,0.39,0.36,0.06,0.04,0.54,462,1.9404e-05,1,0.54,D-rand,0.54
3904,A,0,A,0.9,0.86,0.9,0.01,0.08,0.01,424,1.7808000000000003e-05,1,0.9,D-rand,0.9
3906,A,0,D,0.36,0.14,0.32,0.13,0.19,0.36,528,2.2176e-05,0,0.32,D-rand,0.36
3905,C,2,C,0.85,0.8,0.04,0.01,0.85,0.1,512,2.1504e-05,1,0.85,D-rand,0.85
3908,C,2,A,0.46,0.28,0.46,0.15,0.33,0.06,446,1.8732000000000003e-05,0,0.33,D-rand,0.46
3909,B,1,B,0.55,0.41,0.01,0.55,0.01,0.43,477,2.0034e-05,1,0.55,D-rand,0.55
3907,D,3,A,0.42,0.23,0.42,0.1,0.21,0.27,481,2.0202e-05,0,0.27,D-rand,0.42
3910,D,3,C,0.6900000000000001,0.59,0.04,0.1,0.6900000000000001,0.17,430,1.8060000000000003e-05,0,0.17,D-rand,0.6900000000000001
3913,D,3,A,0.58,0.44,0.58,0.12,0.14,0.16,450,1.89e-05,0,0.16,D-rand,0.58
3912,D,3,D,0.66,0.55,0.04,0.06,0.24,0.66,412,1.7304000000000002e-05,1,0.66,D-rand,0.66
3914,A,0,A,0.36,0.15,0.36,0.07,0.29,0.28,465,1.953e-05,1,0.36,D-rand,0.36
3911,B,1,B,0.81,0.74,0.03,0.81,0.13,0.03,487,2.0454e-05,1,0.81,D-rand,0.81
3915,C,2,C,0.41,0.22,0.13,0.3,0.41,0.16,476,1.9992e-05,1,0.41,D-rand,0.41
3916,A,0,B,0.5,0.33,0.36,0.5,0.09,0.05,522,2.1924e-05,0,0.36,D-rand,0.5
3917,A,0,A,0.51,0.35,0.51,0.4,0.07,0.02,492,2.0664e-05,1,0.51,D-rand,0.51
3918,A,0,A,1.0,1.0,1.0,0.0,0.0,0.0,531,2.2302e-05,1,1.0,D-rand,1.0
3920,A,0,A,0.78,0.72,0.78,0.18,0.02,0.02,462,1.9404e-05,1,0.78,D-rand,0.78
3921,C,2,C,0.9,0.87,0.04,0.05,0.9,0.01,531,2.2302e-05,1,0.9,D-rand,0.9
3919,A,0,A,0.43,0.24,0.43,0.29,0.19,0.09,474,1.9908000000000003e-05,1,0.43,D-rand,0.43
3922,C,2,B,0.42,0.22,0.24,0.42,0.26,0.08,452,1.8984000000000003e-05,0,0.26,D-rand,0.42
3924,C,2,C,0.8300000000000001,0.77,0.07,0.05,0.8300000000000001,0.05,467,1.9614e-05,1,0.8300000000000001,D-rand,0.8300000000000001
3923,B,1,A,0.87,0.8300000000000001,0.87,0.02,0.05,0.06,476,1.9992e-05,0,0.02,D-rand,0.87
3926,A,0,A,0.94,0.92,0.94,0.01,0.04,0.01,516,2.1672000000000005e-05,1,0.94,D-rand,0.94
3929,C,2,A,0.51,0.35,0.51,0.21,0.17,0.11,470,1.974e-05,0,0.17,D-rand,0.51
3930,B,1,B,0.94,0.92,0.01,0.94,0.04,0.01,435,1.827e-05,1,0.94,D-rand,0.94
3931,D,3,D,0.37,0.16,0.25,0.05,0.33,0.37,527,2.2134e-05,1,0.37,D-rand,0.37
3932,D,3,C,0.27,0.02,0.21,0.26,0.27,0.26,504,2.1168e-05,0,0.26,D-rand,0.27
3933,C,2,A,0.6900000000000001,0.58,0.6900000000000001,0.23,0.07,0.01,499,2.0958e-05,0,0.07,D-rand,0.6900000000000001
3935,C,2,C,0.67,0.5700000000000001,0.26,0.05,0.67,0.02,492,2.0664e-05,1,0.67,D-rand,0.67
3936,D,3,C,0.5,0.34,0.27,0.04,0.5,0.19,465,1.953e-05,0,0.19,D-rand,0.5
3937,D,3,A,0.61,0.49,0.61,0.05,0.07,0.27,470,1.974e-05,0,0.27,D-rand,0.61
3939,A,0,C,0.75,0.68,0.13,0.05,0.75,0.07,536,2.2512e-05,0,0.13,D-rand,0.75
3940,A,0,D,0.8300000000000001,0.77,0.12,0.01,0.04,0.8300000000000001,460,1.932e-05,0,0.12,D-rand,0.8300000000000001
3941,A,0,A,1.0,0.99,1.0,0.0,0.0,0.0,436,1.8312e-05,1,1.0,D-rand,1.0
3943,B,1,B,0.98,0.97,0.02,0.98,0.0,0.0,442,1.8564e-05,1,0.98,D-rand,0.98
3944,B,1,B,0.96,0.94,0.01,0.96,0.02,0.01,562,2.3604e-05,1,0.96,D-rand,0.96
3945,B,1,B,0.53,0.37,0.37,0.53,0.07,0.03,443,1.8606e-05,1,0.53,D-rand,0.53
3946,C,2,A,0.47,0.29,0.47,0.46,0.04,0.03,490,2.058e-05,0,0.04,D-rand,0.47
3947,D,3,C,0.45,0.27,0.37,0.06,0.45,0.12,493,2.0706000000000005e-05,0,0.12,D-rand,0.45
3949,A,0,A,0.72,0.63,0.72,0.11,0.15,0.02,454,1.9068e-05,1,0.72,D-rand,0.72
3950,C,2,B,0.49,0.31,0.1,0.49,0.39,0.02,448,1.8816000000000004e-05,0,0.39,D-rand,0.49
3953,C,2,C,0.54,0.39,0.03,0.42,0.54,0.01,511,2.1462e-05,1,0.54,D-rand,0.54
3942,A,0,A,1.0,1.0,1.0,0.0,0.0,0.0,416,1.7472e-05,1,1.0,D-rand,1.0
3954,A,0,D,0.48,0.31,0.34,0.14,0.04,0.48,452,1.8984000000000003e-05,0,0.34,D-rand,0.48
3952,C,2,C,0.55,0.41,0.16,0.23,0.55,0.06,485,2.037e-05,1,0.55,D-rand,0.55
3955,B,1,B,0.44,0.26,0.03,0.44,0.21,0.32,529,2.2218000000000003e-05,1,0.44,D-rand,0.44
3957,A,0,B,0.86,0.81,0.08,0.86,0.02,0.04,460,1.932e-05,0,0.08,D-rand,0.86
3961,D,3,B,0.55,0.39,0.12,0.55,0.03,0.3,440,1.848e-05,0,0.3,D-rand,0.55
3959,A,0,A,0.36,0.15,0.36,0.29,0.07,0.28,461,1.9362e-05,1,0.36,D-rand,0.36
3956,B,1,B,0.75,0.66,0.01,0.75,0.0,0.24,507,2.1294e-05,1,0.75,D-rand,0.75
3962,A,0,A,0.9,0.86,0.9,0.09,0.01,0.0,476,1.9992e-05,1,0.9,D-rand,0.9
3963,B,1,C,0.61,0.49,0.05,0.11,0.61,0.23,434,1.8228e-05,0,0.11,D-rand,0.61
3965,A,0,B,0.71,0.61,0.19,0.71,0.09,0.01,438,1.8396e-05,0,0.19,D-rand,0.71
3964,D,3,C,0.52,0.36,0.05,0.04,0.52,0.39,500,2.1e-05,0,0.39,D-rand,0.52
3967,C,2,A,0.49,0.33,0.49,0.21,0.27,0.03,407,1.7094000000000003e-05,0,0.27,D-rand,0.49
3969,A,0,D,0.62,0.5,0.18,0.15,0.05,0.62,453,1.9026000000000004e-05,0,0.18,D-rand,0.62
3971,D,3,B,0.68,0.58,0.19,0.68,0.04,0.09,451,1.8942000000000003e-05,0,0.09,D-rand,0.68
3975,B,1,B,1.0,0.99,0.0,1.0,0.0,0.0,457,1.9194000000000003e-05,1,1.0,D-rand,1.0
3973,C,2,A,0.58,0.44,0.58,0.04,0.35,0.03,472,1.9824e-05,0,0.35,D-rand,0.58
3976,B,1,B,0.86,0.81,0.08,0.86,0.02,0.04,468,1.9656000000000003e-05,1,0.86,D-rand,0.86
3970,B,1,A,0.34,0.13,0.34,0.18,0.16,0.32,461,1.9362e-05,0,0.18,D-rand,0.34
3979,B,1,A,0.46,0.28,0.46,0.42,0.06,0.06,445,1.869e-05,0,0.42,D-rand,0.46
3977,D,3,D,1.0,1.0,0.0,0.0,0.0,1.0,510,2.142e-05,1,1.0,D-rand,1.0
3978,A,0,A,0.49,0.32,0.49,0.21,0.26,0.04,444,1.8648e-05,1,0.49,D-rand,0.49
3981,A,0,A,0.98,0.97,0.98,0.02,0.0,0.0,443,1.8606e-05,1,0.98,D-rand,0.98
3982,B,1,A,0.73,0.63,0.73,0.11,0.07,0.09,450,1.89e-05,0,0.11,D-rand,0.73
3983,A,0,C,0.399999999999999,0.21,0.15,0.34,0.399999999999999,0.11,435,1.827e-05,0,0.15,D-rand,0.399999999999999
3984,B,1,B,0.79,0.72,0.18,0.79,0.02,0.01,438,1.8396e-05,1,0.79,D-rand,0.79
3985,A,0,A,0.86,0.8200000000000001,0.86,0.02,0.01,0.11,427,1.7934e-05,1,0.86,D-rand,0.86
3988,C,2,A,0.72,0.61,0.72,0.06,0.19,0.03,464,1.9488000000000004e-05,0,0.19,D-rand,0.72
3990,B,1,B,0.63,0.52,0.35,0.63,0.01,0.01,489,2.0538e-05,1,0.63,D-rand,0.63
3987,A,0,B,0.62,0.49,0.29,0.62,0.01,0.08,536,2.2512e-05,0,0.29,D-rand,0.62
3991,D,3,D,0.75,0.68,0.06,0.05,0.14,0.75,417,1.7514000000000002e-05,1,0.75,D-rand,0.75
3989,A,0,A,0.45,0.27,0.45,0.13,0.32,0.1,462,1.9404e-05,1,0.45,D-rand,0.45
3993,B,1,B,0.5,0.34,0.49,0.5,0.0,0.01,503,2.1126e-05,1,0.5,D-rand,0.5
3995,D,3,A,0.43,0.25,0.43,0.24,0.04,0.29,474,1.9908000000000003e-05,0,0.29,D-rand,0.43
3997,A,0,C,0.81,0.74,0.05,0.09,0.81,0.05,470,1.974e-05,0,0.05,D-rand,0.81
3998,C,2,C,0.71,0.6000000000000001,0.19,0.06,0.71,0.04,439,1.8438e-05,1,0.71,D-rand,0.71
4001,A,0,A,0.72,0.62,0.72,0.22,0.0,0.06,545,2.2890000000000003e-05,1,0.72,D-rand,0.72
4004,B,1,B,0.96,0.94,0.03,0.96,0.0,0.01,512,2.1504e-05,1,0.96,D-rand,0.96
4003,B,1,B,0.74,0.65,0.08,0.74,0.06,0.12,466,1.9572e-05,1,0.74,D-rand,0.74
4006,B,1,B,0.95,0.94,0.01,0.95,0.03,0.01,471,1.9782000000000005e-05,1,0.95,D-rand,0.95
4008,D,3,D,1.0,1.0,0.0,0.0,0.0,1.0,440,1.848e-05,1,1.0,D-rand,1.0
4009,C,2,C,0.84,0.78,0.06,0.03,0.84,0.07,474,1.9908000000000003e-05,1,0.84,D-rand,0.84
4010,B,1,B,1.0,0.99,0.0,1.0,0.0,0.0,484,2.0328000000000003e-05,1,1.0,D-rand,1.0
4011,C,2,C,0.48,0.32,0.32,0.08,0.48,0.12,426,1.7892000000000004e-05,1,0.48,D-rand,0.48
4014,A,0,A,0.65,0.53,0.65,0.21,0.04,0.1,432,1.8144e-05,1,0.65,D-rand,0.65
4013,D,3,D,0.49,0.31,0.06,0.23,0.22,0.49,497,2.0874000000000004e-05,1,0.49,D-rand,0.49
3986,B,1,B,0.96,0.95,0.02,0.96,0.01,0.01,460,1.932e-05,1,0.96,D-rand,0.96
4015,B,1,C,0.4,0.2,0.03,0.27,0.4,0.3,455,1.911e-05,0,0.27,D-rand,0.4
4019,A,0,D,0.8300000000000001,0.78,0.04,0.03,0.1,0.8300000000000001,476,1.9992e-05,0,0.04,D-rand,0.8300000000000001
4016,D,3,C,0.73,0.64,0.06,0.13,0.73,0.08,511,2.1462e-05,0,0.08,D-rand,0.73
4020,A,0,A,0.76,0.68,0.76,0.04,0.1,0.1,460,1.932e-05,1,0.76,D-rand,0.76
4021,D,3,D,0.62,0.49,0.2,0.1,0.08,0.62,530,2.226e-05,1,0.62,D-rand,0.62
4024,D,3,D,0.97,0.97,0.0,0.01,0.02,0.97,419,1.7598000000000003e-05,1,0.97,D-rand,0.97
4023,C,2,A,0.42,0.22,0.42,0.16,0.31,0.11,437,1.8354e-05,0,0.31,D-rand,0.42
4025,A,0,A,0.75,0.68,0.75,0.06,0.12,0.07,440,1.848e-05,1,0.75,D-rand,0.75
4022,A,0,D,0.41,0.22,0.39,0.11,0.09,0.41,533,2.2386e-05,0,0.39,D-rand,0.41
4027,A,0,A,0.96,0.95,0.96,0.01,0.01,0.02,426,1.7892000000000004e-05,1,0.96,D-rand,0.96
4026,D,3,D,0.51,0.35,0.35,0.06,0.08,0.51,621,2.6082e-05,1,0.51,D-rand,0.51
4029,C,2,C,0.92,0.89,0.05,0.03,0.92,0.0,423,1.7766000000000002e-05,1,0.92,D-rand,0.92
4033,C,2,C,0.97,0.96,0.01,0.02,0.97,0.0,491,2.0622e-05,1,0.97,D-rand,0.97
4032,B,1,B,0.99,0.99,0.0,0.99,0.01,0.0,510,2.142e-05,1,0.99,D-rand,0.99
4030,D,3,D,0.95,0.93,0.02,0.01,0.02,0.95,451,1.8942000000000003e-05,1,0.95,D-rand,0.95
4037,B,1,B,0.81,0.75,0.09,0.81,0.05,0.05,468,1.9656000000000003e-05,1,0.81,D-rand,0.81
4035,D,3,C,0.44,0.24,0.19,0.22,0.44,0.15,421,1.7682e-05,0,0.15,D-rand,0.44
4038,D,3,D,0.96,0.94,0.03,0.01,0.0,0.96,519,2.1798000000000004e-05,1,0.96,D-rand,0.96
4040,B,1,D,0.44,0.26,0.16,0.32,0.08,0.44,416,1.7472e-05,0,0.32,D-rand,0.44
4043,A,0,D,0.43,0.24,0.37,0.03,0.17,0.43,506,2.1252000000000003e-05,0,0.37,D-rand,0.43
4045,A,0,A,1.0,1.0,1.0,0.0,0.0,0.0,470,1.974e-05,1,1.0,D-rand,1.0
4046,A,0,A,0.6900000000000001,0.58,0.6900000000000001,0.1,0.01,0.2,440,1.848e-05,1,0.6900000000000001,D-rand,0.6900000000000001
4042,B,1,B,0.89,0.85,0.07,0.89,0.03,0.01,482,2.0244e-05,1,0.89,D-rand,0.89
4048,B,1,B,0.8,0.74,0.15,0.8,0.01,0.04,543,2.2806000000000005e-05,1,0.8,D-rand,0.8
4041,B,1,B,0.92,0.9,0.04,0.92,0.01,0.03,514,2.1588e-05,1,0.92,D-rand,0.92
4044,C,2,C,0.75,0.66,0.12,0.13,0.75,0.0,561,2.3562e-05,1,0.75,D-rand,0.75
4049,A,0,B,0.36,0.14,0.31,0.36,0.12,0.21,417,1.7514000000000002e-05,0,0.31,D-rand,0.36
4051,C,2,A,0.47,0.29,0.47,0.14,0.14,0.25,428,1.7976000000000002e-05,0,0.14,D-rand,0.47
4058,A,0,A,0.96,0.94,0.96,0.01,0.01,0.02,466,1.9572e-05,1,0.96,D-rand,0.96
4059,D,3,D,0.89,0.86,0.07,0.03,0.01,0.89,456,1.9152e-05,1,0.89,D-rand,0.89
4057,D,3,D,0.96,0.95,0.02,0.01,0.01,0.96,440,1.848e-05,1,0.96,D-rand,0.96
4062,B,1,B,0.94,0.91,0.03,0.94,0.01,0.02,484,2.0328000000000003e-05,1,0.94,D-rand,0.94
4053,D,3,D,0.95,0.93,0.01,0.02,0.02,0.95,525,2.2050000000000004e-05,1,0.95,D-rand,0.95
4056,A,0,A,0.96,0.94,0.96,0.01,0.01,0.02,490,2.058e-05,1,0.96,D-rand,0.96
4060,B,1,B,0.94,0.91,0.05,0.94,0.01,0.0,485,2.037e-05,1,0.94,D-rand,0.94
4063,A,0,A,0.98,0.98,0.98,0.0,0.01,0.01,421,1.7682e-05,1,0.98,D-rand,0.98
4081,D,3,C,0.62,0.49,0.01,0.03,0.62,0.34,481,2.0202e-05,0,0.34,D-rand,0.62
4066,B,1,A,0.45,0.27,0.45,0.2,0.24,0.11,496,2.0832000000000003e-05,0,0.2,D-rand,0.45
4076,C,2,C,0.71,0.61,0.1,0.08,0.71,0.11,452,1.8984000000000003e-05,1,0.71,D-rand,0.71
4080,C,2,B,0.67,0.55,0.02,0.67,0.11,0.2,510,2.142e-05,0,0.11,D-rand,0.67
4070,B,1,B,0.559999999999999,0.42,0.07,0.559999999999999,0.32,0.05,432,1.8144e-05,1,0.559999999999999,D-rand,0.559999999999999
4077,C,2,C,0.51,0.33,0.24,0.2,0.51,0.05,469,1.9698e-05,1,0.51,D-rand,0.51
4072,C,2,C,0.93,0.89,0.01,0.04,0.93,0.02,435,1.827e-05,1,0.93,D-rand,0.93
4082,D,3,D,0.95,0.94,0.01,0.03,0.01,0.95,457,1.9194000000000003e-05,1,0.95,D-rand,0.95
4083,D,3,B,0.5,0.32,0.09,0.5,0.02,0.39,522,2.1924e-05,0,0.39,D-rand,0.5
4087,C,2,C,0.9,0.86,0.01,0.03,0.9,0.06,518,2.1756000000000003e-05,1,0.9,D-rand,0.9
4092,B,1,B,0.6000000000000001,0.46,0.02,0.6000000000000001,0.02,0.36,483,2.0286e-05,1,0.6000000000000001,D-rand,0.6000000000000001
4084,B,1,B,0.99,0.98,0.01,0.99,0.0,0.0,475,1.9950000000000004e-05,1,0.99,D-rand,0.99
4090,C,2,B,0.84,0.77,0.07,0.84,0.09,0.0,489,2.0538e-05,0,0.09,D-rand,0.84
4091,B,1,B,0.7000000000000001,0.6000000000000001,0.02,0.7000000000000001,0.07,0.21,508,2.1336e-05,1,0.7000000000000001,D-rand,0.7000000000000001
4093,B,1,B,0.5700000000000001,0.43,0.03,0.5700000000000001,0.01,0.39,448,1.8816000000000004e-05,1,0.5700000000000001,D-rand,0.5700000000000001
4094,C,2,C,0.75,0.67,0.03,0.19,0.75,0.03,413,1.7346e-05,1,0.75,D-rand,0.75
4095,D,3,D,0.47,0.3,0.1,0.19,0.24,0.47,463,1.9446e-05,1,0.47,D-rand,0.47
4096,A,0,A,0.56,0.42,0.56,0.04,0.03,0.37,439,1.8438e-05,1,0.56,D-rand,0.56
4097,B,1,B,0.97,0.96,0.01,0.97,0.01,0.01,483,2.0286e-05,1,0.97,D-rand,0.97
4098,C,2,C,0.84,0.79,0.04,0.1,0.84,0.02,414,1.7388e-05,1,0.84,D-rand,0.84
4101,C,2,C,0.94,0.92,0.04,0.01,0.94,0.01,506,2.1252000000000003e-05,1,0.94,D-rand,0.94
4099,C,2,C,0.63,0.51,0.16,0.16,0.63,0.05,427,1.7934e-05,1,0.63,D-rand,0.63
4100,C,2,C,0.65,0.53,0.11,0.19,0.65,0.05,502,2.1084000000000003e-05,1,0.65,D-rand,0.65
4102,D,3,D,0.86,0.8200000000000001,0.05,0.03,0.06,0.86,461,1.9362e-05,1,0.86,D-rand,0.86
4103,D,3,D,0.65,0.53,0.03,0.01,0.31,0.65,461,1.9362e-05,1,0.65,D-rand,0.65
4105,D,3,D,1.0,0.99,0.0,0.0,0.0,1.0,405,1.701e-05,1,1.0,D-rand,1.0
4107,B,1,B,0.51,0.36,0.12,0.51,0.34,0.03,479,2.0118000000000003e-05,1,0.51,D-rand,0.51
4106,C,2,C,1.0,1.0,0.0,0.0,1.0,0.0,472,1.9824e-05,1,1.0,D-rand,1.0
4104,D,3,D,0.93,0.91,0.04,0.01,0.01,0.93,463,1.9446e-05,1,0.93,D-rand,0.93
4108,B,1,B,0.77,0.7000000000000001,0.04,0.77,0.0,0.19,463,1.9446e-05,1,0.77,D-rand,0.77
4109,D,3,D,0.66,0.55,0.08,0.01,0.25,0.66,485,2.037e-05,1,0.66,D-rand,0.66
4112,D,3,A,0.49,0.33,0.49,0.17,0.1,0.24,410,1.722e-05,0,0.24,D-rand,0.49
4114,A,0,A,1.0,1.0,1.0,0.0,0.0,0.0,464,1.9488000000000004e-05,1,1.0,D-rand,1.0
4116,C,2,B,0.71,0.61,0.11,0.71,0.17,0.01,443,1.8606e-05,0,0.17,D-rand,0.71
4111,A,0,A,0.98,0.97,0.98,0.0,0.02,0.0,437,1.8354e-05,1,0.98,D-rand,0.98
4117,D,3,D,0.77,0.7000000000000001,0.17,0.04,0.02,0.77,454,1.9068e-05,1,0.77,D-rand,0.77
4120,C,2,A,0.929999999999999,0.92,0.929999999999999,0.04,0.02,0.01,455,1.911e-05,0,0.02,D-rand,0.929999999999999
4119,A,0,A,1.0,0.99,1.0,0.0,0.0,0.0,448,1.8816000000000004e-05,1,1.0,D-rand,1.0
4123,B,1,B,0.94,0.93,0.02,0.94,0.02,0.02,455,1.911e-05,1,0.94,D-rand,0.94
4126,D,3,C,0.4,0.2,0.11,0.28,0.4,0.21,492,2.0664e-05,0,0.21,D-rand,0.4
4124,D,3,D,1.0,0.99,0.0,0.0,0.0,1.0,475,1.9950000000000004e-05,1,1.0,D-rand,1.0
4128,B,1,B,0.85,0.8,0.04,0.85,0.02,0.09,496,2.0832000000000003e-05,1,0.85,D-rand,0.85
4129,D,3,D,0.98,0.96,0.01,0.0,0.01,0.98,448,1.8816000000000004e-05,1,0.98,D-rand,0.98
4127,B,1,B,0.63,0.51,0.29,0.63,0.03,0.05,445,1.869e-05,1,0.63,D-rand,0.63
4132,D,3,D,0.99,0.98,0.0,0.0,0.01,0.99,482,2.0244e-05,1,0.99,D-rand,0.99
4130,B,1,B,0.97,0.97,0.01,0.97,0.01,0.01,425,1.7850000000000004e-05,1,0.97,D-rand,0.97
4134,C,2,A,0.53,0.37,0.53,0.08,0.26,0.13,452,1.8984000000000003e-05,0,0.26,D-rand,0.53
4131,D,3,D,0.94,0.91,0.01,0.04,0.01,0.94,467,1.9614e-05,1,0.94,D-rand,0.94
4133,A,0,A,0.95,0.94,0.95,0.04,0.0,0.01,456,1.9152e-05,1,0.95,D-rand,0.95
4136,B,1,B,0.93,0.9,0.0,0.93,0.03,0.04,451,1.8942000000000003e-05,1,0.93,D-rand,0.93
4135,B,1,B,0.94,0.92,0.02,0.94,0.0,0.04,511,2.1462e-05,1,0.94,D-rand,0.94
4137,A,0,A,0.99,0.98,0.99,0.0,0.01,0.0,471,1.9782000000000005e-05,1,0.99,D-rand,0.99
4140,C,2,C,1.0,0.99,0.0,0.0,1.0,0.0,484,2.0328000000000003e-05,1,1.0,D-rand,1.0
4138,D,3,D,0.93,0.9,0.03,0.0,0.04,0.93,487,2.0454e-05,1,0.93,D-rand,0.93
4141,B,1,B,0.99,0.99,0.01,0.99,0.0,0.0,451,1.8942000000000003e-05,1,0.99,D-rand,0.99
4142,D,3,A,0.49,0.31,0.49,0.25,0.02,0.24,460,1.932e-05,0,0.24,D-rand,0.49
4146,B,1,B,0.95,0.94,0.01,0.95,0.02,0.02,524,2.2008000000000003e-05,1,0.95,D-rand,0.95
4143,C,2,C,0.79,0.72,0.07,0.1,0.79,0.04,470,1.974e-05,1,0.79,D-rand,0.79
4147,A,0,A,0.48,0.31,0.48,0.46,0.04,0.02,472,1.9824e-05,1,0.48,D-rand,0.48
4151,A,0,A,0.8300000000000001,0.78,0.8300000000000001,0.01,0.02,0.14,512,2.1504e-05,1,0.8300000000000001,D-rand,0.8300000000000001
4148,B,1,B,0.77,0.68,0.04,0.77,0.14,0.05,481,2.0202e-05,1,0.77,D-rand,0.77
4152,D,3,A,0.77,0.6900000000000001,0.77,0.05,0.05,0.13,474,1.9908000000000003e-05,0,0.13,D-rand,0.77
4153,A,0,A,0.6900000000000001,0.58,0.6900000000000001,0.06,0.22,0.03,535,2.247e-05,1,0.6900000000000001,D-rand,0.6900000000000001
4155,D,3,C,0.39,0.18,0.08,0.18,0.39,0.35,462,1.9404e-05,0,0.35,D-rand,0.39
4156,B,1,B,0.44,0.26,0.2,0.44,0.28,0.08,435,1.827e-05,1,0.44,D-rand,0.44
4154,C,2,C,0.89,0.84,0.04,0.03,0.89,0.04,489,2.0538e-05,1,0.89,D-rand,0.89
4158,B,1,D,0.48,0.3,0.1,0.19,0.23,0.48,452,1.8984000000000003e-05,0,0.19,D-rand,0.48
4159,C,2,C,0.93,0.91,0.01,0.01,0.93,0.05,462,1.9404e-05,1,0.93,D-rand,0.93
4160,B,1,A,0.78,0.7000000000000001,0.78,0.18,0.01,0.03,470,1.974e-05,0,0.18,D-rand,0.78
4161,D,3,D,0.6900000000000001,0.58,0.02,0.1,0.19,0.6900000000000001,485,2.037e-05,1,0.6900000000000001,D-rand,0.6900000000000001
4162,B,1,B,1.0,1.0,0.0,1.0,0.0,0.0,494,2.0748000000000005e-05,1,1.0,D-rand,1.0
4163,C,2,C,1.0,1.0,0.0,0.0,1.0,0.0,454,1.9068e-05,1,1.0,D-rand,1.0
4164,A,0,A,0.96,0.95,0.96,0.0,0.03,0.01,481,2.0202e-05,1,0.96,D-rand,0.96
4165,D,3,D,0.98,0.97,0.01,0.01,0.0,0.98,450,1.89e-05,1,0.98,D-rand,0.98
4166,C,2,A,0.71,0.6000000000000001,0.71,0.1,0.12,0.07,480,2.016e-05,0,0.12,D-rand,0.71
4169,A,0,A,0.88,0.85,0.88,0.03,0.02,0.07,503,2.1126e-05,1,0.88,D-rand,0.88
4167,B,1,B,0.91,0.89,0.05,0.91,0.02,0.02,476,1.9992e-05,1,0.91,D-rand,0.91
4170,D,3,D,0.5700000000000001,0.43,0.25,0.1,0.08,0.5700000000000001,417,1.7514000000000002e-05,1,0.5700000000000001,D-rand,0.5700000000000001
4168,B,1,B,0.74,0.65,0.24,0.74,0.0,0.02,437,1.8354e-05,1,0.74,D-rand,0.74
4172,A,0,A,0.95,0.94,0.95,0.02,0.01,0.02,495,2.0790000000000003e-05,1,0.95,D-rand,0.95
4173,C,2,C,0.91,0.88,0.07,0.01,0.91,0.01,482,2.0244e-05,1,0.91,D-rand,0.91
4174,B,1,B,0.95,0.93,0.03,0.95,0.02,0.0,440,1.848e-05,1,0.95,D-rand,0.95
4175,C,2,C,1.0,1.0,0.0,0.0,1.0,0.0,493,2.0706000000000005e-05,1,1.0,D-rand,1.0
4176,B,1,B,0.39,0.18,0.12,0.39,0.32,0.17,471,1.9782000000000005e-05,1,0.39,D-rand,0.39
4178,C,2,C,1.0,1.0,0.0,0.0,1.0,0.0,487,2.0454e-05,1,1.0,D-rand,1.0
4179,B,1,B,1.0,1.0,0.0,1.0,0.0,0.0,542,2.2764000000000004e-05,1,1.0,D-rand,1.0
4177,C,2,C,0.929999999999999,0.92,0.03,0.02,0.929999999999999,0.02,447,1.8774000000000004e-05,1,0.929999999999999,D-rand,0.929999999999999
4180,B,1,B,0.99,0.98,0.01,0.99,0.0,0.0,515,2.163e-05,1,0.99,D-rand,0.99
4181,C,2,C,0.88,0.84,0.04,0.02,0.88,0.06,489,2.0538e-05,1,0.88,D-rand,0.88
4182,D,3,D,0.94,0.92,0.05,0.0,0.01,0.94,493,2.0706000000000005e-05,1,0.94,D-rand,0.94
4183,B,1,B,0.87,0.8200000000000001,0.05,0.87,0.02,0.06,466,1.9572e-05,1,0.87,D-rand,0.87
4184,B,1,B,0.8200000000000001,0.76,0.12,0.8200000000000001,0.0,0.06,507,2.1294e-05,1,0.8200000000000001,D-rand,0.8200000000000001
4187,C,2,C,0.79,0.72,0.13,0.04,0.79,0.04,462,1.9404e-05,1,0.79,D-rand,0.79
4186,C,2,C,0.97,0.95,0.02,0.01,0.97,0.0,524,2.2008000000000003e-05,1,0.97,D-rand,0.97
4185,B,1,A,0.46,0.28,0.46,0.41,0.1,0.03,457,1.9194000000000003e-05,0,0.41,D-rand,0.46
4188,A,0,A,0.98,0.98,0.98,0.01,0.0,0.01,480,2.016e-05,1,0.98,D-rand,0.98
4189,C,2,B,0.36,0.14,0.22,0.36,0.35,0.07,410,1.722e-05,0,0.35,D-rand,0.36
4190,D,3,A,0.35,0.12,0.35,0.21,0.16,0.28,449,1.8858e-05,0,0.28,D-rand,0.35
4191,B,1,D,0.49,0.31,0.03,0.08,0.4,0.49,461,1.9362e-05,0,0.08,D-rand,0.49
4192,D,3,D,0.75,0.67,0.09,0.09,0.07,0.75,480,2.016e-05,1,0.75,D-rand,0.75
4194,A,0,B,0.53,0.37,0.41,0.53,0.05,0.01,455,1.911e-05,0,0.41,D-rand,0.53
4195,B,1,A,0.809999999999999,0.75,0.809999999999999,0.09,0.08,0.02,473,1.9866000000000003e-05,0,0.09,D-rand,0.809999999999999
4193,A,0,A,0.6900000000000001,0.58,0.6900000000000001,0.11,0.05,0.15,418,1.7556000000000003e-05,1,0.6900000000000001,D-rand,0.6900000000000001
4198,D,3,D,0.99,0.98,0.0,0.01,0.0,0.99,425,1.7850000000000004e-05,1,0.99,D-rand,0.99
4196,D,3,B,0.64,0.52,0.02,0.64,0.04,0.3,442,1.8564e-05,0,0.3,D-rand,0.64
4200,D,3,D,0.52,0.36,0.35,0.06,0.07,0.52,451,1.8942000000000003e-05,1,0.52,D-rand,0.52
4202,A,0,A,0.77,0.7000000000000001,0.77,0.05,0.08,0.1,491,2.0622e-05,1,0.77,D-rand,0.77
4207,D,3,A,0.39,0.18,0.39,0.2,0.1,0.31,455,1.911e-05,0,0.31,D-rand,0.39
4204,C,2,A,0.6000000000000001,0.47,0.6000000000000001,0.09,0.24,0.07,485,2.037e-05,0,0.24,D-rand,0.6000000000000001
4205,B,1,C,0.61,0.48,0.07,0.21,0.61,0.11,500,2.1e-05,0,0.21,D-rand,0.61
4203,C,2,A,0.54,0.38,0.54,0.06,0.04,0.36,474,1.9908000000000003e-05,0,0.04,D-rand,0.54
4211,C,2,C,0.5700000000000001,0.43,0.04,0.21,0.5700000000000001,0.18,468,1.9656000000000003e-05,1,0.5700000000000001,D-rand,0.5700000000000001
4210,C,2,B,0.51,0.35,0.21,0.51,0.21,0.07,534,2.2428e-05,0,0.21,D-rand,0.51
4217,B,1,B,0.92,0.89,0.02,0.92,0.02,0.04,427,1.7934e-05,1,0.92,D-rand,0.92
4213,A,0,C,0.92,0.9,0.02,0.03,0.92,0.03,447,1.8774000000000004e-05,0,0.02,D-rand,0.92
4221,C,2,B,0.46,0.28,0.06,0.46,0.31,0.17,453,1.9026000000000004e-05,0,0.31,D-rand,0.46
4218,B,1,B,0.85,0.79,0.06,0.85,0.05,0.04,483,2.0286e-05,1,0.85,D-rand,0.85
4219,C,2,C,0.9,0.87,0.06,0.03,0.9,0.01,447,1.8774000000000004e-05,1,0.9,D-rand,0.9
4225,D,3,D,1.0,1.0,0.0,0.0,0.0,1.0,514,2.1588e-05,1,1.0,D-rand,1.0
4222,D,3,D,0.56,0.4,0.19,0.1,0.15,0.56,474,1.9908000000000003e-05,1,0.56,D-rand,0.56
4223,A,0,A,0.94,0.91,0.94,0.02,0.02,0.02,489,2.0538e-05,1,0.94,D-rand,0.94
4228,D,3,D,0.98,0.96,0.01,0.0,0.01,0.98,467,1.9614e-05,1,0.98,D-rand,0.98
4234,A,0,C,0.58,0.44,0.29,0.04,0.58,0.09,505,2.121e-05,0,0.29,D-rand,0.58
4226,A,0,A,0.91,0.87,0.91,0.06,0.02,0.01,467,1.9614e-05,1,0.91,D-rand,0.91
4231,D,3,D,0.8300000000000001,0.76,0.02,0.09,0.06,0.8300000000000001,450,1.89e-05,1,0.8300000000000001,D-rand,0.8300000000000001
4233,B,1,C,0.44,0.26,0.12,0.23,0.44,0.21,453,1.9026000000000004e-05,0,0.23,D-rand,0.44
4229,A,0,A,0.67,0.55,0.67,0.06,0.12,0.15,465,1.953e-05,1,0.67,D-rand,0.67
4227,A,0,A,0.77,0.68,0.77,0.04,0.08,0.11,499,2.0958e-05,1,0.77,D-rand,0.77
4236,B,1,B,0.81,0.74,0.07,0.81,0.08,0.03,437,1.8354e-05,1,0.81,D-rand,0.81
4240,C,2,C,0.52,0.37,0.26,0.12,0.52,0.1,435,1.827e-05,1,0.52,D-rand,0.52
4237,C,2,C,0.95,0.93,0.02,0.01,0.95,0.02,485,2.037e-05,1,0.95,D-rand,0.95
4239,C,2,B,0.55,0.4,0.18,0.55,0.17,0.1,488,2.0496e-05,0,0.17,D-rand,0.55
4241,A,0,A,0.93,0.9,0.93,0.06,0.01,0.0,432,1.8144e-05,1,0.93,D-rand,0.93
4238,A,0,A,0.51,0.35,0.51,0.23,0.21,0.05,466,1.9572e-05,1,0.51,D-rand,0.51
4243,B,1,B,0.68,0.56,0.23,0.68,0.06,0.03,452,1.8984000000000003e-05,1,0.68,D-rand,0.68
4245,C,2,C,0.35,0.14,0.14,0.2,0.35,0.31,462,1.9404e-05,1,0.35,D-rand,0.35
4244,D,3,C,0.84,0.8,0.03,0.06,0.84,0.07,437,1.8354e-05,0,0.07,D-rand,0.84
4247,B,1,B,1.0,0.99,0.0,1.0,0.0,0.0,435,1.827e-05,1,1.0,D-rand,1.0
4248,A,0,A,0.61,0.47,0.61,0.06,0.3,0.03,501,2.1042000000000003e-05,1,0.61,D-rand,0.61
4246,C,2,C,0.8200000000000001,0.76,0.09,0.02,0.8200000000000001,0.07,436,1.8312e-05,1,0.8200000000000001,D-rand,0.8200000000000001
4251,C,2,A,0.36,0.14,0.36,0.1,0.19,0.35,493,2.0706000000000005e-05,0,0.19,D-rand,0.36
4250,C,2,C,0.43,0.23,0.14,0.22,0.43,0.21,511,2.1462e-05,1,0.43,D-rand,0.43
4253,C,2,C,0.93,0.91,0.01,0.06,0.93,0.0,444,1.8648e-05,1,0.93,D-rand,0.93
4254,C,2,C,0.48,0.3,0.15,0.33,0.48,0.04,452,1.8984000000000003e-05,1,0.48,D-rand,0.48
4252,B,1,B,0.99,0.99,0.01,0.99,0.0,0.0,434,1.8228e-05,1,0.99,D-rand,0.99
4257,C,2,C,1.0,1.0,0.0,0.0,1.0,0.0,492,2.0664e-05,1,1.0,D-rand,1.0
4256,D,3,D,0.63,0.51,0.09,0.16,0.12,0.63,460,1.932e-05,1,0.63,D-rand,0.63
4255,D,3,D,0.78,0.71,0.2,0.01,0.01,0.78,459,1.9278e-05,1,0.78,D-rand,0.78
4258,B,1,B,0.73,0.65,0.22,0.73,0.03,0.02,416,1.7472e-05,1,0.73,D-rand,0.73
4259,C,2,C,0.44,0.25,0.08,0.13,0.44,0.35,442,1.8564e-05,1,0.44,D-rand,0.44
4261,C,2,B,0.51,0.35,0.2,0.51,0.23,0.06,439,1.8438e-05,0,0.23,D-rand,0.51
4260,B,1,A,0.5700000000000001,0.42,0.5700000000000001,0.27,0.02,0.14,494,2.0748000000000005e-05,0,0.27,D-rand,0.5700000000000001
4262,D,3,D,0.97,0.96,0.02,0.0,0.01,0.97,469,1.9698e-05,1,0.97,D-rand,0.97
4264,C,2,C,0.29,0.05,0.21,0.29,0.29,0.21,454,1.9068e-05,1,0.29,D-rand,0.29
4263,B,1,B,0.89,0.85,0.07,0.89,0.03,0.01,468,1.9656000000000003e-05,1,0.89,D-rand,0.89
4270,D,3,B,0.71,0.61,0.09,0.71,0.04,0.16,461,1.9362e-05,0,0.16,D-rand,0.71
4268,A,0,A,0.96,0.94,0.96,0.02,0.01,0.01,464,1.9488000000000004e-05,1,0.96,D-rand,0.96
4265,D,3,A,0.39,0.18,0.39,0.09,0.2,0.32,487,2.0454e-05,0,0.32,D-rand,0.39
4266,A,0,A,0.5,0.33,0.5,0.39,0.08,0.03,526,2.2092e-05,1,0.5,D-rand,0.5
4267,A,0,A,0.76,0.67,0.76,0.22,0.01,0.01,471,1.9782000000000005e-05,1,0.76,D-rand,0.76
4271,B,1,B,0.64,0.53,0.06,0.64,0.02,0.28,441,1.8522000000000003e-05,1,0.64,D-rand,0.64
4272,C,2,C,1.0,0.99,0.0,0.0,1.0,0.0,562,2.3604e-05,1,1.0,D-rand,1.0
4278,B,1,B,0.84,0.79,0.06,0.84,0.06,0.04,482,2.0244e-05,1,0.84,D-rand,0.84
4274,D,3,D,0.339999999999999,0.13,0.34,0.13,0.19,0.339999999999999,458,1.9236e-05,1,0.339999999999999,D-rand,0.339999999999999
4276,B,1,D,0.74,0.66,0.11,0.11,0.04,0.74,505,2.121e-05,0,0.11,D-rand,0.74
4279,D,3,C,0.79,0.72,0.04,0.07,0.79,0.1,510,2.142e-05,0,0.1,D-rand,0.79
4275,C,2,D,0.66,0.54,0.08,0.06,0.2,0.66,476,1.9992e-05,0,0.2,D-rand,0.66
4277,B,1,B,0.97,0.96,0.02,0.97,0.01,0.0,487,2.0454e-05,1,0.97,D-rand,0.97
4280,D,3,D,0.89,0.84,0.06,0.02,0.03,0.89,436,1.8312e-05,1,0.89,D-rand,0.89
4281,B,1,B,0.6900000000000001,0.58,0.08,0.6900000000000001,0.13,0.1,457,1.9194000000000003e-05,1,0.6900000000000001,D-rand,0.6900000000000001
4286,A,0,A,0.8300000000000001,0.78,0.8300000000000001,0.13,0.03,0.01,491,2.0622e-05,1,0.8300000000000001,D-rand,0.8300000000000001
4289,D,3,D,0.88,0.85,0.03,0.01,0.08,0.88,542,2.2764000000000004e-05,1,0.88,D-rand,0.88
4282,C,2,C,0.53,0.37,0.1,0.08,0.53,0.29,532,2.2344e-05,1,0.53,D-rand,0.53
4283,D,3,C,0.48,0.29,0.18,0.08,0.48,0.26,435,1.827e-05,0,0.26,D-rand,0.48
4288,B,1,B,0.74,0.66,0.05,0.74,0.03,0.18,459,1.9278e-05,1,0.74,D-rand,0.74
4284,C,2,B,0.76,0.68,0.04,0.76,0.15,0.05,475,1.9950000000000004e-05,0,0.15,D-rand,0.76
4287,C,2,C,0.96,0.94,0.01,0.0,0.96,0.03,498,2.0916000000000004e-05,1,0.96,D-rand,0.96
4290,C,2,C,0.74,0.66,0.08,0.14,0.74,0.04,481,2.0202e-05,1,0.74,D-rand,0.74
4294,C,2,C,0.47,0.3,0.36,0.04,0.47,0.13,459,1.9278e-05,1,0.47,D-rand,0.47
4293,B,1,C,0.35,0.13,0.13,0.26,0.35,0.26,438,1.8396e-05,0,0.26,D-rand,0.35
4292,B,1,B,0.68,0.58,0.02,0.68,0.07,0.23,428,1.7976000000000002e-05,1,0.68,D-rand,0.68
4291,C,2,C,0.95,0.93,0.03,0.02,0.95,0.0,446,1.8732000000000003e-05,1,0.95,D-rand,0.95
4296,C,2,B,0.49,0.32,0.15,0.49,0.33,0.03,515,2.163e-05,0,0.33,D-rand,0.49
4295,A,0,A,0.78,0.71,0.78,0.01,0.2,0.01,466,1.9572e-05,1,0.78,D-rand,0.78
4297,D,3,A,0.62,0.5,0.62,0.16,0.14,0.08,461,1.9362e-05,0,0.08,D-rand,0.62
4298,C,2,C,0.45,0.26,0.16,0.3,0.45,0.09,433,1.8186e-05,1,0.45,D-rand,0.45
4299,A,0,A,0.54,0.4,0.54,0.17,0.25,0.04,444,1.8648e-05,1,0.54,D-rand,0.54
4302,B,1,B,0.81,0.74,0.06,0.81,0.1,0.03,439,1.8438e-05,1,0.81,D-rand,0.81
4303,A,0,C,0.59,0.44,0.38,0.02,0.59,0.01,487,2.0454e-05,0,0.38,D-rand,0.59
4306,C,2,A,0.94,0.92,0.94,0.01,0.01,0.04,496,2.0832000000000003e-05,0,0.01,D-rand,0.94
4304,A,0,A,0.32,0.09,0.32,0.3,0.09,0.29,425,1.7850000000000004e-05,1,0.32,D-rand,0.32
4308,C,2,C,0.35,0.12,0.21,0.16,0.35,0.28,412,1.7304000000000002e-05,1,0.35,D-rand,0.35
4310,B,1,A,0.5,0.33,0.5,0.44,0.02,0.04,433,1.8186e-05,0,0.44,D-rand,0.5
4311,D,3,D,0.77,0.6900000000000001,0.15,0.05,0.03,0.77,443,1.8606e-05,1,0.77,D-rand,0.77
4314,A,0,A,0.72,0.61,0.72,0.26,0.02,0.0,541,2.2722e-05,1,0.72,D-rand,0.72
4313,C,2,C,0.72,0.64,0.21,0.03,0.72,0.04,513,2.1546e-05,1,0.72,D-rand,0.72
4316,C,2,C,0.93,0.9,0.02,0.0,0.93,0.05,485,2.037e-05,1,0.93,D-rand,0.93
4312,A,0,A,0.85,0.79,0.85,0.01,0.02,0.12,451,1.8942000000000003e-05,1,0.85,D-rand,0.85
4321,B,1,D,0.5700000000000001,0.42,0.01,0.39,0.03,0.5700000000000001,503,2.1126e-05,0,0.39,D-rand,0.5700000000000001
4318,D,3,D,0.53,0.38,0.27,0.04,0.16,0.53,445,1.869e-05,1,0.53,D-rand,0.53
4315,D,3,D,0.97,0.97,0.01,0.01,0.01,0.97,458,1.9236e-05,1,0.97,D-rand,0.97
4319,C,2,C,0.6000000000000001,0.48,0.11,0.05,0.6000000000000001,0.24,426,1.7892000000000004e-05,1,0.6000000000000001,D-rand,0.6000000000000001
4322,D,3,C,0.78,0.71,0.02,0.01,0.78,0.19,475,1.9950000000000004e-05,0,0.19,D-rand,0.78
4324,A,0,A,0.97,0.96,0.97,0.01,0.01,0.01,439,1.8438e-05,1,0.97,D-rand,0.97
4323,D,3,D,0.89,0.84,0.06,0.04,0.01,0.89,487,2.0454e-05,1,0.89,D-rand,0.89
4325,B,1,B,0.38,0.18,0.2,0.38,0.09,0.33,469,1.9698e-05,1,0.38,D-rand,0.38
4327,B,1,B,0.98,0.97,0.01,0.98,0.0,0.01,488,2.0496e-05,1,0.98,D-rand,0.98
4326,D,3,D,0.94,0.92,0.02,0.0,0.04,0.94,456,1.9152e-05,1,0.94,D-rand,0.94
4328,C,2,C,0.78,0.71,0.18,0.02,0.78,0.02,502,2.1084000000000003e-05,1,0.78,D-rand,0.78
4331,C,2,C,1.0,0.99,0.0,0.0,1.0,0.0,457,1.9194000000000003e-05,1,1.0,D-rand,1.0
4332,A,0,A,0.79,0.72,0.79,0.03,0.07,0.11,453,1.9026000000000004e-05,1,0.79,D-rand,0.79
4329,A,0,A,0.44,0.25,0.44,0.38,0.14,0.04,464,1.9488000000000004e-05,1,0.44,D-rand,0.44
4333,B,1,B,0.48,0.3,0.14,0.48,0.07,0.31,456,1.9152e-05,1,0.48,D-rand,0.48
4339,C,2,C,1.0,1.0,0.0,0.0,1.0,0.0,413,1.7346e-05,1,1.0,D-rand,1.0
4337,C,2,C,0.53,0.37,0.25,0.06,0.53,0.16,485,2.037e-05,1,0.53,D-rand,0.53
4336,A,0,A,0.59,0.46,0.59,0.07,0.32,0.02,498,2.0916000000000004e-05,1,0.59,D-rand,0.59
4334,C,2,C,0.53,0.36,0.22,0.15,0.53,0.1,432,1.8144e-05,1,0.53,D-rand,0.53
4340,B,1,B,0.98,0.97,0.01,0.98,0.0,0.01,473,1.9866000000000003e-05,1,0.98,D-rand,0.98
4342,B,1,B,0.6000000000000001,0.47,0.18,0.6000000000000001,0.18,0.04,472,1.9824e-05,1,0.6000000000000001,D-rand,0.6000000000000001
4343,C,2,C,0.67,0.5700000000000001,0.07,0.02,0.67,0.23,482,2.0244e-05,1,0.67,D-rand,0.67
4341,B,1,D,0.43,0.24,0.29,0.23,0.05,0.43,467,1.9614e-05,0,0.23,D-rand,0.43
4346,B,1,B,1.0,0.99,0.0,1.0,0.0,0.0,470,1.974e-05,1,1.0,D-rand,1.0
4349,B,1,B,0.52,0.36,0.33,0.52,0.07,0.08,462,1.9404e-05,1,0.52,D-rand,0.52
4347,C,2,C,0.91,0.89,0.04,0.03,0.91,0.02,465,1.953e-05,1,0.91,D-rand,0.91
4348,A,0,B,0.36,0.15,0.3,0.36,0.17,0.17,458,1.9236e-05,0,0.3,D-rand,0.36
4350,B,1,B,0.66,0.54,0.07,0.66,0.21,0.06,473,1.9866000000000003e-05,1,0.66,D-rand,0.66
4351,C,2,A,0.75,0.66,0.75,0.01,0.21,0.03,484,2.0328000000000003e-05,0,0.21,D-rand,0.75
4353,A,0,D,0.35,0.13,0.24,0.25,0.16,0.35,504,2.1168e-05,0,0.24,D-rand,0.35
4355,B,1,B,0.55,0.41,0.06,0.55,0.31,0.08,427,1.7934e-05,1,0.55,D-rand,0.55
4354,D,3,D,0.66,0.54,0.06,0.04,0.24,0.66,473,1.9866000000000003e-05,1,0.66,D-rand,0.66
4358,A,0,A,0.88,0.8300000000000001,0.88,0.01,0.07,0.04,467,1.9614e-05,1,0.88,D-rand,0.88
4357,B,1,C,0.49,0.32,0.37,0.12,0.49,0.02,460,1.932e-05,0,0.12,D-rand,0.49
4360,C,2,D,0.49,0.33,0.02,0.08,0.41,0.49,448,1.8816000000000004e-05,0,0.41,D-rand,0.49
4362,D,3,D,0.88,0.84,0.1,0.01,0.01,0.88,446,1.8732000000000003e-05,1,0.88,D-rand,0.88
4365,C,2,C,0.6000000000000001,0.46,0.24,0.05,0.6000000000000001,0.11,434,1.8228e-05,1,0.6000000000000001,D-rand,0.6000000000000001
4363,D,3,D,0.89,0.86,0.04,0.03,0.04,0.89,439,1.8438e-05,1,0.89,D-rand,0.89
4366,C,2,C,0.809999999999999,0.75,0.12,0.04,0.809999999999999,0.03,441,1.8522000000000003e-05,1,0.809999999999999,D-rand,0.809999999999999
4367,B,1,A,0.86,0.81,0.86,0.08,0.03,0.03,415,1.743e-05,0,0.08,D-rand,0.86
4370,C,2,A,0.6000000000000001,0.47,0.6000000000000001,0.05,0.15,0.2,428,1.7976000000000002e-05,0,0.15,D-rand,0.6000000000000001
4368,A,0,B,0.81,0.75,0.15,0.81,0.02,0.02,458,1.9236e-05,0,0.15,D-rand,0.81
4371,C,2,B,0.92,0.9,0.02,0.92,0.04,0.02,422,1.7724000000000002e-05,0,0.04,D-rand,0.92
4373,B,1,A,0.48,0.31,0.48,0.12,0.36,0.04,447,1.8774000000000004e-05,0,0.12,D-rand,0.48
4378,A,0,A,0.91,0.89,0.91,0.04,0.03,0.02,461,1.9362e-05,1,0.91,D-rand,0.91
4375,C,2,C,0.49,0.32,0.23,0.26,0.49,0.02,467,1.9614e-05,1,0.49,D-rand,0.49
4369,D,3,A,0.64,0.52,0.64,0.05,0.08,0.23,466,1.9572e-05,0,0.23,D-rand,0.64
4376,B,1,B,0.68,0.58,0.14,0.68,0.12,0.06,463,1.9446e-05,1,0.68,D-rand,0.68
4379,B,1,B,0.77,0.6900000000000001,0.07,0.77,0.01,0.15,459,1.9278e-05,1,0.77,D-rand,0.77
4381,D,3,D,0.809999999999999,0.76,0.08,0.05,0.06,0.809999999999999,470,1.974e-05,1,0.809999999999999,D-rand,0.809999999999999
4383,B,1,A,0.58,0.43,0.58,0.33,0.05,0.04,439,1.8438e-05,0,0.33,D-rand,0.58
4385,C,2,C,0.72,0.63,0.08,0.17,0.72,0.03,451,1.8942000000000003e-05,1,0.72,D-rand,0.72
4384,A,0,A,0.8300000000000001,0.77,0.8300000000000001,0.17,0.0,0.0,530,2.226e-05,1,0.8300000000000001,D-rand,0.8300000000000001
4390,B,1,A,0.72,0.62,0.72,0.22,0.04,0.02,479,2.0118000000000003e-05,0,0.22,D-rand,0.72
4389,B,1,D,0.55,0.4,0.15,0.28,0.02,0.55,452,1.8984000000000003e-05,0,0.28,D-rand,0.55
4380,B,1,B,0.96,0.95,0.02,0.96,0.01,0.01,455,1.911e-05,1,0.96,D-rand,0.96
4391,A,0,A,0.84,0.78,0.84,0.04,0.08,0.04,473,1.9866000000000003e-05,1,0.84,D-rand,0.84
4392,C,2,C,0.79,0.73,0.05,0.13,0.79,0.03,459,1.9278e-05,1,0.79,D-rand,0.79
4396,B,1,B,0.95,0.93,0.03,0.95,0.01,0.01,454,1.9068e-05,1,0.95,D-rand,0.95
4393,C,2,A,0.8200000000000001,0.76,0.8200000000000001,0.09,0.08,0.01,470,1.974e-05,0,0.08,D-rand,0.8200000000000001
4398,A,0,A,0.99,0.98,0.99,0.01,0.0,0.0,479,2.0118000000000003e-05,1,0.99,D-rand,0.99
4394,D,3,B,0.5,0.34,0.29,0.5,0.08,0.13,463,1.9446e-05,0,0.13,D-rand,0.5
4397,A,0,A,0.79,0.73,0.79,0.02,0.17,0.02,438,1.8396e-05,1,0.79,D-rand,0.79
4400,D,3,D,0.88,0.84,0.02,0.02,0.08,0.88,436,1.8312e-05,1,0.88,D-rand,0.88
4399,C,2,C,0.78,0.7000000000000001,0.02,0.19,0.78,0.01,472,1.9824e-05,1,0.78,D-rand,0.78
4402,D,3,D,0.86,0.8200000000000001,0.03,0.04,0.07,0.86,426,1.7892000000000004e-05,1,0.86,D-rand,0.86
4405,D,3,D,0.99,0.98,0.01,0.0,0.0,0.99,460,1.932e-05,1,0.99,D-rand,0.99
4403,D,3,A,0.6900000000000001,0.59,0.6900000000000001,0.05,0.01,0.25,438,1.8396e-05,0,0.25,D-rand,0.6900000000000001
4406,C,2,C,0.54,0.39,0.22,0.22,0.54,0.02,469,1.9698e-05,1,0.54,D-rand,0.54
4407,C,2,C,0.7000000000000001,0.6000000000000001,0.21,0.06,0.7000000000000001,0.03,452,1.8984000000000003e-05,1,0.7000000000000001,D-rand,0.7000000000000001
4404,C,2,C,0.52,0.36,0.01,0.02,0.52,0.45,465,1.953e-05,1,0.52,D-rand,0.52
4409,C,2,C,0.67,0.55,0.12,0.18,0.67,0.03,438,1.8396e-05,1,0.67,D-rand,0.67
4410,D,3,B,0.87,0.8200000000000001,0.04,0.87,0.03,0.06,459,1.9278e-05,0,0.06,D-rand,0.87
4408,C,2,C,0.84,0.78,0.06,0.04,0.84,0.06,425,1.7850000000000004e-05,1,0.84,D-rand,0.84
4411,B,1,C,0.64,0.52,0.03,0.16,0.64,0.17,474,1.9908000000000003e-05,0,0.16,D-rand,0.64
4415,B,1,B,0.99,0.98,0.01,0.99,0.0,0.0,493,2.0706000000000005e-05,1,0.99,D-rand,0.99
4413,C,2,C,0.97,0.96,0.01,0.01,0.97,0.01,465,1.953e-05,1,0.97,D-rand,0.97
4414,C,2,C,0.96,0.94,0.01,0.01,0.96,0.02,446,1.8732000000000003e-05,1,0.96,D-rand,0.96
4418,D,3,A,0.51,0.34,0.51,0.15,0.07,0.27,432,1.8144e-05,0,0.27,D-rand,0.51
4419,B,1,A,0.66,0.56,0.66,0.26,0.06,0.02,438,1.8396e-05,0,0.26,D-rand,0.66
4421,B,1,B,0.41,0.22,0.24,0.41,0.03,0.32,440,1.848e-05,1,0.41,D-rand,0.41
4423,A,0,A,0.56,0.42,0.56,0.33,0.08,0.03,444,1.8648e-05,1,0.56,D-rand,0.56
4422,D,3,D,0.84,0.78,0.04,0.03,0.09,0.84,483,2.0286e-05,1,0.84,D-rand,0.84
4425,A,0,A,1.0,1.0,1.0,0.0,0.0,0.0,485,2.037e-05,1,1.0,D-rand,1.0
4429,C,2,C,0.98,0.97,0.01,0.01,0.98,0.0,551,2.3142000000000003e-05,1,0.98,D-rand,0.98
4428,A,0,A,0.94,0.92,0.94,0.04,0.01,0.01,437,1.8354e-05,1,0.94,D-rand,0.94
4430,A,0,A,0.7000000000000001,0.6000000000000001,0.7000000000000001,0.07,0.08,0.15,483,2.0286e-05,1,0.7000000000000001,D-rand,0.7000000000000001
4432,A,0,A,0.97,0.96,0.97,0.0,0.02,0.01,454,1.9068e-05,1,0.97,D-rand,0.97
4431,D,3,C,0.36,0.15,0.3,0.19,0.36,0.15,520,2.1840000000000004e-05,0,0.15,D-rand,0.36
4424,B,1,C,0.73,0.65,0.04,0.17,0.73,0.06,496,2.0832000000000003e-05,0,0.17,D-rand,0.73
4433,B,1,A,0.71,0.61,0.71,0.11,0.07,0.11,466,1.9572e-05,0,0.11,D-rand,0.71
4435,C,2,D,0.339999999999999,0.13,0.14,0.31,0.21,0.339999999999999,458,1.9236e-05,0,0.21,D-rand,0.339999999999999
4434,B,1,B,0.49,0.31,0.3,0.49,0.12,0.09,460,1.932e-05,1,0.49,D-rand,0.49
4438,A,0,D,0.51,0.34,0.38,0.1,0.01,0.51,454,1.9068e-05,0,0.38,D-rand,0.51
4440,C,2,C,0.399999999999999,0.21,0.1,0.1,0.399999999999999,0.4,449,1.8858e-05,1,0.399999999999999,D-rand,0.399999999999999
4441,A,0,A,0.99,0.98,0.99,0.01,0.0,0.0,440,1.848e-05,1,0.99,D-rand,0.99
4442,D,3,B,0.37,0.16,0.28,0.37,0.09,0.26,470,1.974e-05,0,0.26,D-rand,0.37
4444,B,1,B,0.98,0.97,0.01,0.98,0.01,0.0,477,2.0034e-05,1,0.98,D-rand,0.98
4443,C,2,C,0.78,0.72,0.13,0.03,0.78,0.06,418,1.7556000000000003e-05,1,0.78,D-rand,0.78
4445,B,1,B,0.84,0.79,0.05,0.84,0.1,0.01,455,1.911e-05,1,0.84,D-rand,0.84
4448,D,3,C,0.58,0.43,0.14,0.08,0.58,0.2,503,2.1126e-05,0,0.2,D-rand,0.58
4447,D,3,A,0.38,0.17,0.38,0.23,0.26,0.13,473,1.9866000000000003e-05,0,0.13,D-rand,0.38
4446,B,1,A,0.6000000000000001,0.47,0.6000000000000001,0.14,0.13,0.13,450,1.89e-05,0,0.14,D-rand,0.6000000000000001
4454,A,0,A,0.96,0.95,0.96,0.04,0.0,0.0,458,1.9236e-05,1,0.96,D-rand,0.96
4452,D,3,D,0.81,0.74,0.07,0.07,0.05,0.81,530,2.226e-05,1,0.81,D-rand,0.81
4455,D,3,D,0.92,0.88,0.01,0.06,0.01,0.92,471,1.9782000000000005e-05,1,0.92,D-rand,0.92
4450,A,0,C,0.51,0.35,0.26,0.05,0.51,0.18,448,1.8816000000000004e-05,0,0.26,D-rand,0.51
4453,A,0,D,0.5,0.32,0.06,0.04,0.4,0.5,456,1.9152e-05,0,0.06,D-rand,0.5
4456,C,2,C,0.95,0.94,0.02,0.01,0.95,0.02,543,2.2806000000000005e-05,1,0.95,D-rand,0.95
4457,C,2,D,0.84,0.78,0.05,0.01,0.1,0.84,490,2.058e-05,0,0.1,D-rand,0.84
4458,D,3,D,0.77,0.7000000000000001,0.1,0.02,0.11,0.77,461,1.9362e-05,1,0.77,D-rand,0.77
4459,C,2,C,0.6000000000000001,0.47,0.13,0.23,0.6000000000000001,0.04,452,1.8984000000000003e-05,1,0.6000000000000001,D-rand,0.6000000000000001
4460,B,1,B,0.9,0.87,0.05,0.9,0.01,0.04,441,1.8522000000000003e-05,1,0.9,D-rand,0.9
4461,C,2,C,0.91,0.88,0.03,0.02,0.91,0.04,481,2.0202e-05,1,0.91,D-rand,0.91
4462,A,0,A,1.0,0.99,1.0,0.0,0.0,0.0,516,2.1672000000000005e-05,1,1.0,D-rand,1.0
4463,C,2,C,0.95,0.94,0.01,0.04,0.95,0.0,461,1.9362e-05,1,0.95,D-rand,0.95
4464,C,2,C,0.77,0.71,0.02,0.03,0.77,0.18,420,1.764e-05,1,0.77,D-rand,0.77
4466,B,1,A,0.71,0.62,0.71,0.13,0.09,0.07,448,1.8816000000000004e-05,0,0.13,D-rand,0.71
4467,C,2,D,0.42,0.21,0.23,0.04,0.31,0.42,450,1.89e-05,0,0.31,D-rand,0.42
4469,A,0,A,0.95,0.93,0.95,0.02,0.01,0.02,451,1.8942000000000003e-05,1,0.95,D-rand,0.95
4468,C,2,C,0.9,0.87,0.07,0.02,0.9,0.01,472,1.9824e-05,1,0.9,D-rand,0.9
4471,C,2,C,0.88,0.84,0.07,0.04,0.88,0.01,420,1.764e-05,1,0.88,D-rand,0.88
4470,B,1,B,0.33,0.11,0.26,0.33,0.11,0.3,434,1.8228e-05,1,0.33,D-rand,0.33
4472,A,0,A,0.78,0.7000000000000001,0.78,0.02,0.08,0.12,437,1.8354e-05,1,0.78,D-rand,0.78
4475,D,3,D,0.5,0.32,0.08,0.36,0.06,0.5,449,1.8858e-05,1,0.5,D-rand,0.5
4476,A,0,A,0.98,0.96,0.98,0.02,0.0,0.0,479,2.0118000000000003e-05,1,0.98,D-rand,0.98
4474,A,0,A,0.92,0.89,0.92,0.04,0.02,0.02,412,1.7304000000000002e-05,1,0.92,D-rand,0.92
4478,D,3,D,1.0,1.0,0.0,0.0,0.0,1.0,475,1.9950000000000004e-05,1,1.0,D-rand,1.0
4477,A,0,A,0.9,0.87,0.9,0.01,0.08,0.01,423,1.7766000000000002e-05,1,0.9,D-rand,0.9
4479,D,3,D,0.99,0.98,0.0,0.0,0.01,0.99,473,1.9866000000000003e-05,1,0.99,D-rand,0.99
4481,A,0,A,0.64,0.52,0.64,0.01,0.05,0.3,453,1.9026000000000004e-05,1,0.64,D-rand,0.64
4483,D,3,D,0.98,0.98,0.01,0.0,0.01,0.98,499,2.0958e-05,1,0.98,D-rand,0.98
4480,A,0,A,0.78,0.71,0.78,0.17,0.01,0.04,460,1.932e-05,1,0.78,D-rand,0.78
4482,C,2,C,0.86,0.8300000000000001,0.05,0.07,0.86,0.02,438,1.8396e-05,1,0.86,D-rand,0.86
4484,A,0,A,0.94,0.92,0.94,0.06,0.0,0.0,450,1.89e-05,1,0.94,D-rand,0.94
4486,B,1,B,0.94,0.91,0.02,0.94,0.04,0.0,508,2.1336e-05,1,0.94,D-rand,0.94
4487,A,0,A,0.77,0.6900000000000001,0.77,0.11,0.05,0.07,421,1.7682e-05,1,0.77,D-rand,0.77
4488,C,2,C,0.8300000000000001,0.76,0.13,0.03,0.8300000000000001,0.01,499,2.0958e-05,1,0.8300000000000001,D-rand,0.8300000000000001
4485,B,1,A,0.42,0.24,0.42,0.41,0.06,0.11,483,2.0286e-05,0,0.41,D-rand,0.42
4491,D,3,D,0.88,0.85,0.03,0.04,0.05,0.88,513,2.1546e-05,1,0.88,D-rand,0.88
4490,D,3,D,0.87,0.8200000000000001,0.01,0.01,0.11,0.87,510,2.142e-05,1,0.87,D-rand,0.87
4489,D,3,D,0.68,0.5700000000000001,0.18,0.02,0.12,0.68,456,1.9152e-05,1,0.68,D-rand,0.68
4492,D,3,B,0.38,0.18,0.19,0.38,0.13,0.3,437,1.8354e-05,0,0.3,D-rand,0.38
4494,D,3,D,1.0,0.99,0.0,0.0,0.0,1.0,438,1.8396e-05,1,1.0,D-rand,1.0
4495,C,2,C,0.98,0.98,0.01,0.01,0.98,0.0,470,1.974e-05,1,0.98,D-rand,0.98
4493,A,0,A,0.99,0.98,0.99,0.01,0.0,0.0,481,2.0202e-05,1,0.99,D-rand,0.99
4496,D,3,A,0.51,0.34,0.51,0.17,0.19,0.13,480,2.016e-05,0,0.13,D-rand,0.51
4498,A,0,A,1.0,1.0,1.0,0.0,0.0,0.0,452,1.8984000000000003e-05,1,1.0,D-rand,1.0
4497,D,3,D,0.91,0.89,0.04,0.03,0.02,0.91,471,1.9782000000000005e-05,1,0.91,D-rand,0.91
4499,B,1,B,0.94,0.93,0.05,0.94,0.0,0.01,433,1.8186e-05,1,0.94,D-rand,0.94
4500,C,2,C,0.98,0.96,0.0,0.01,0.98,0.01,424,1.7808000000000003e-05,1,0.98,D-rand,0.98
4502,C,2,D,0.63,0.52,0.23,0.02,0.12,0.63,481,2.0202e-05,0,0.12,D-rand,0.63
4504,B,1,B,0.67,0.56,0.13,0.67,0.07,0.13,458,1.9236e-05,1,0.67,D-rand,0.67
4503,A,0,A,1.0,0.99,1.0,0.0,0.0,0.0,461,1.9362e-05,1,1.0,D-rand,1.0
4501,B,1,C,0.52,0.36,0.06,0.4,0.52,0.02,426,1.7892000000000004e-05,0,0.4,D-rand,0.52
4508,C,2,C,0.62,0.5,0.13,0.2,0.62,0.05,451,1.8942000000000003e-05,1,0.62,D-rand,0.62
4509,D,3,D,0.77,0.7000000000000001,0.08,0.07,0.08,0.77,463,1.9446e-05,1,0.77,D-rand,0.77
4507,A,0,A,0.72,0.64,0.72,0.15,0.1,0.03,436,1.8312e-05,1,0.72,D-rand,0.72
4511,C,2,C,0.78,0.71,0.07,0.07,0.78,0.08,466,1.9572e-05,1,0.78,D-rand,0.78
4514,A,0,A,0.97,0.95,0.97,0.03,0.0,0.0,475,1.9950000000000004e-05,1,0.97,D-rand,0.97
4516,B,1,B,0.75,0.67,0.17,0.75,0.03,0.05,480,2.016e-05,1,0.75,D-rand,0.75
4515,D,3,D,0.9,0.87,0.01,0.06,0.03,0.9,440,1.848e-05,1,0.9,D-rand,0.9
4517,D,3,B,0.43,0.23,0.42,0.43,0.08,0.07,469,1.9698e-05,0,0.07,D-rand,0.43
4513,A,0,A,0.88,0.8300000000000001,0.88,0.01,0.11,0.0,436,1.8312e-05,1,0.88,D-rand,0.88
4519,B,1,B,0.8,0.73,0.07,0.8,0.13,0.0,455,1.911e-05,1,0.8,D-rand,0.8
4520,B,1,A,0.43,0.25,0.43,0.37,0.17,0.03,434,1.8228e-05,0,0.37,D-rand,0.43
4518,A,0,A,0.62,0.49,0.62,0.17,0.18,0.03,495,2.0790000000000003e-05,1,0.62,D-rand,0.62
4521,B,1,B,0.55,0.4,0.04,0.55,0.4,0.01,418,1.7556000000000003e-05,1,0.55,D-rand,0.55
4522,A,0,A,0.68,0.5700000000000001,0.68,0.01,0.29,0.02,434,1.8228e-05,1,0.68,D-rand,0.68
4524,B,1,D,0.56,0.41,0.05,0.36,0.03,0.56,438,1.8396e-05,0,0.36,D-rand,0.56
4526,B,1,B,0.78,0.7000000000000001,0.16,0.78,0.02,0.04,487,2.0454e-05,1,0.78,D-rand,0.78
4525,C,2,C,0.78,0.71,0.1,0.04,0.78,0.08,490,2.058e-05,1,0.78,D-rand,0.78
4523,B,1,D,0.44,0.25,0.11,0.24,0.21,0.44,452,1.8984000000000003e-05,0,0.24,D-rand,0.44
4527,C,2,C,0.92,0.89,0.02,0.01,0.92,0.05,426,1.7892000000000004e-05,1,0.92,D-rand,0.92
4528,D,3,D,0.64,0.52,0.24,0.02,0.1,0.64,467,1.9614e-05,1,0.64,D-rand,0.64
4529,A,0,B,0.62,0.48,0.24,0.62,0.04,0.1,439,1.8438e-05,0,0.24,D-rand,0.62
4530,D,3,B,0.8300000000000001,0.78,0.11,0.8300000000000001,0.02,0.04,542,2.2764000000000004e-05,0,0.04,D-rand,0.8300000000000001
4533,D,3,D,0.43,0.24,0.2,0.3,0.07,0.43,462,1.9404e-05,1,0.43,D-rand,0.43
4536,A,0,A,0.929999999999999,0.92,0.929999999999999,0.02,0.02,0.03,475,1.9950000000000004e-05,1,0.929999999999999,D-rand,0.929999999999999
4537,D,3,D,0.54,0.39,0.26,0.15,0.05,0.54,495,2.0790000000000003e-05,1,0.54,D-rand,0.54
4535,D,3,B,0.35,0.12,0.29,0.35,0.08,0.28,460,1.932e-05,0,0.28,D-rand,0.35
4534,C,2,C,0.55,0.4,0.31,0.07,0.55,0.07,435,1.827e-05,1,0.55,D-rand,0.55
4531,A,0,A,0.5700000000000001,0.43,0.5700000000000001,0.02,0.36,0.05,455,1.911e-05,1,0.5700000000000001,D-rand,0.5700000000000001
4540,A,0,B,0.31,0.07,0.24,0.31,0.16,0.29,424,1.7808000000000003e-05,0,0.24,D-rand,0.31
4538,A,0,A,0.79,0.71,0.79,0.08,0.1,0.03,430,1.8060000000000003e-05,1,0.79,D-rand,0.79
4542,B,1,B,0.6900000000000001,0.58,0.07,0.6900000000000001,0.11,0.13,424,1.7808000000000003e-05,1,0.6900000000000001,D-rand,0.6900000000000001
4544,A,0,D,0.41,0.22,0.36,0.2,0.03,0.41,428,1.7976000000000002e-05,0,0.36,D-rand,0.41
4546,B,1,B,0.54,0.39,0.04,0.54,0.27,0.15,436,1.8312e-05,1,0.54,D-rand,0.54
4548,B,1,B,0.76,0.68,0.1,0.76,0.03,0.11,438,1.8396e-05,1,0.76,D-rand,0.76
4549,D,3,A,0.8300000000000001,0.77,0.8300000000000001,0.03,0.02,0.12,455,1.911e-05,0,0.12,D-rand,0.8300000000000001
4547,D,3,D,0.85,0.8200000000000001,0.11,0.03,0.01,0.85,510,2.142e-05,1,0.85,D-rand,0.85
4550,B,1,C,0.56,0.42,0.12,0.18,0.56,0.14,488,2.0496e-05,0,0.18,D-rand,0.56
4552,A,0,B,0.46,0.28,0.33,0.46,0.08,0.13,484,2.0328000000000003e-05,0,0.33,D-rand,0.46
4559,C,2,C,0.9,0.87,0.09,0.0,0.9,0.01,454,1.9068e-05,1,0.9,D-rand,0.9
4560,A,0,A,0.87,0.8300000000000001,0.87,0.02,0.08,0.03,455,1.911e-05,1,0.87,D-rand,0.87
4557,C,2,C,0.95,0.93,0.03,0.02,0.95,0.0,429,1.8018000000000003e-05,1,0.95,D-rand,0.95
4562,A,0,A,0.97,0.96,0.97,0.02,0.01,0.0,475,1.9950000000000004e-05,1,0.97,D-rand,0.97
4563,B,1,B,0.44,0.25,0.32,0.44,0.13,0.11,431,1.8102e-05,1,0.44,D-rand,0.44
4564,A,0,A,1.0,0.99,1.0,0.0,0.0,0.0,444,1.8648e-05,1,1.0,D-rand,1.0
4566,B,1,B,0.95,0.93,0.03,0.95,0.0,0.02,491,2.0622e-05,1,0.95,D-rand,0.95
4565,D,3,D,0.98,0.98,0.01,0.01,0.0,0.98,450,1.89e-05,1,0.98,D-rand,0.98
4571,A,0,A,0.96,0.94,0.96,0.01,0.03,0.0,421,1.7682e-05,1,0.96,D-rand,0.96
4568,C,2,C,0.47,0.29,0.2,0.06,0.47,0.27,439,1.8438e-05,1,0.47,D-rand,0.47
4570,D,3,D,0.94,0.92,0.03,0.01,0.02,0.94,445,1.869e-05,1,0.94,D-rand,0.94
4572,D,3,B,0.43,0.23,0.2,0.43,0.13,0.24,449,1.8858e-05,0,0.24,D-rand,0.43
4574,B,1,B,0.93,0.9,0.06,0.93,0.0,0.01,473,1.9866000000000003e-05,1,0.93,D-rand,0.93
4573,B,1,B,0.78,0.71,0.18,0.78,0.02,0.02,466,1.9572e-05,1,0.78,D-rand,0.78
4575,B,1,D,0.59,0.45,0.03,0.33,0.05,0.59,551,2.3142000000000003e-05,0,0.33,D-rand,0.59
4579,C,2,C,0.88,0.8300000000000001,0.01,0.1,0.88,0.01,481,2.0202e-05,1,0.88,D-rand,0.88
4577,A,0,A,0.92,0.89,0.92,0.06,0.02,0.0,425,1.7850000000000004e-05,1,0.92,D-rand,0.92
4578,D,3,D,0.78,0.7000000000000001,0.11,0.02,0.09,0.78,477,2.0034e-05,1,0.78,D-rand,0.78
4576,C,2,C,0.71,0.6000000000000001,0.23,0.0,0.71,0.06,444,1.8648e-05,1,0.71,D-rand,0.71
4583,C,2,A,0.45,0.27,0.45,0.13,0.4,0.02,455,1.911e-05,0,0.4,D-rand,0.45
4582,C,2,C,0.68,0.5700000000000001,0.07,0.07,0.68,0.18,463,1.9446e-05,1,0.68,D-rand,0.68
4580,C,2,C,0.99,0.98,0.01,0.0,0.99,0.0,511,2.1462e-05,1,0.99,D-rand,0.99
4585,C,2,C,0.58,0.44,0.23,0.1,0.58,0.09,566,2.377200000000001e-05,1,0.58,D-rand,0.58
4586,C,2,C,0.559999999999999,0.42,0.1,0.11,0.559999999999999,0.23,457,1.9194000000000003e-05,1,0.559999999999999,D-rand,0.559999999999999
4589,C,2,C,0.47,0.28,0.24,0.08,0.47,0.21,494,2.0748000000000005e-05,1,0.47,D-rand,0.47
4590,C,2,C,0.58,0.43,0.33,0.07,0.58,0.02,539,2.2638e-05,1,0.58,D-rand,0.58
4592,D,3,D,0.46,0.28,0.43,0.03,0.08,0.46,459,1.9278e-05,1,0.46,D-rand,0.46
4593,D,3,D,0.88,0.85,0.02,0.05,0.05,0.88,484,2.0328000000000003e-05,1,0.88,D-rand,0.88
4591,C,2,A,0.55,0.4,0.55,0.05,0.36,0.04,429,1.8018000000000003e-05,0,0.36,D-rand,0.55
4594,C,2,C,0.93,0.91,0.03,0.01,0.93,0.03,451,1.8942000000000003e-05,1,0.93,D-rand,0.93
4595,C,2,C,0.96,0.95,0.03,0.0,0.96,0.01,466,1.9572e-05,1,0.96,D-rand,0.96
4598,B,1,C,0.65,0.54,0.04,0.15,0.65,0.16,460,1.932e-05,0,0.15,D-rand,0.65
4596,C,2,C,0.91,0.88,0.02,0.06,0.91,0.01,496,2.0832000000000003e-05,1,0.91,D-rand,0.91
4600,A,0,A,0.95,0.94,0.95,0.02,0.02,0.01,439,1.8438e-05,1,0.95,D-rand,0.95
4602,D,3,C,0.66,0.55,0.04,0.06,0.66,0.24,433,1.8186e-05,0,0.24,D-rand,0.66
4601,C,2,C,0.97,0.97,0.02,0.0,0.97,0.01,455,1.911e-05,1,0.97,D-rand,0.97
4604,C,2,C,0.73,0.64,0.24,0.01,0.73,0.02,523,2.1966000000000003e-05,1,0.73,D-rand,0.73
4605,C,2,C,0.98,0.97,0.02,0.0,0.98,0.0,484,2.0328000000000003e-05,1,0.98,D-rand,0.98
4606,D,3,D,0.98,0.98,0.01,0.0,0.01,0.98,447,1.8774000000000004e-05,1,0.98,D-rand,0.98
4608,D,3,B,0.59,0.45,0.14,0.59,0.09,0.18,489,2.0538e-05,0,0.18,D-rand,0.59
4607,C,2,A,0.39,0.19,0.39,0.18,0.28,0.15,508,2.1336e-05,0,0.28,D-rand,0.39
4609,C,2,C,0.52,0.35,0.34,0.1,0.52,0.04,480,2.016e-05,1,0.52,D-rand,0.52
4612,A,0,A,1.0,1.0,1.0,0.0,0.0,0.0,577,2.4234e-05,1,1.0,D-rand,1.0
4614,C,2,B,0.6000000000000001,0.46,0.1,0.6000000000000001,0.17,0.13,444,1.8648e-05,0,0.17,D-rand,0.6000000000000001
4615,C,2,C,0.41,0.22,0.32,0.03,0.41,0.24,425,1.7850000000000004e-05,1,0.41,D-rand,0.41
4611,D,3,A,0.43,0.25,0.43,0.2,0.2,0.17,435,1.827e-05,0,0.17,D-rand,0.43
4618,B,1,B,0.98,0.96,0.02,0.98,0.0,0.0,454,1.9068e-05,1,0.98,D-rand,0.98
4619,D,3,D,0.81,0.74,0.09,0.02,0.08,0.81,439,1.8438e-05,1,0.81,D-rand,0.81
4620,A,0,A,0.98,0.97,0.98,0.01,0.01,0.0,430,1.8060000000000003e-05,1,0.98,D-rand,0.98
4617,B,1,B,0.79,0.73,0.03,0.79,0.14,0.04,469,1.9698e-05,1,0.79,D-rand,0.79
4623,B,1,B,1.0,1.0,0.0,1.0,0.0,0.0,450,1.89e-05,1,1.0,D-rand,1.0
4621,A,0,B,0.91,0.87,0.01,0.91,0.03,0.05,630,2.646e-05,0,0.01,D-rand,0.91
4624,C,2,B,0.61,0.47,0.16,0.61,0.16,0.07,486,2.0412e-05,0,0.16,D-rand,0.61
4626,D,3,C,0.39,0.19,0.1,0.16,0.39,0.35,507,2.1294e-05,0,0.35,D-rand,0.39
4629,B,1,B,0.99,0.98,0.0,0.99,0.01,0.0,547,2.2974000000000004e-05,1,0.99,D-rand,0.99
4630,A,0,A,0.48,0.3,0.48,0.43,0.05,0.04,427,1.7934e-05,1,0.48,D-rand,0.48
4628,A,0,A,0.65,0.53,0.65,0.26,0.02,0.07,448,1.8816000000000004e-05,1,0.65,D-rand,0.65
4631,B,1,B,0.91,0.88,0.02,0.91,0.02,0.05,441,1.8522000000000003e-05,1,0.91,D-rand,0.91
4632,A,0,A,0.51,0.35,0.51,0.07,0.34,0.08,577,2.4234e-05,1,0.51,D-rand,0.51
4635,D,3,C,0.5,0.33,0.01,0.06,0.5,0.43,489,2.0538e-05,0,0.43,D-rand,0.5
4633,B,1,B,0.68,0.5700000000000001,0.2,0.68,0.01,0.11,406,1.7052000000000002e-05,1,0.68,D-rand,0.68
4638,B,1,C,0.6900000000000001,0.58,0.21,0.07,0.6900000000000001,0.03,482,2.0244e-05,0,0.07,D-rand,0.6900000000000001
4637,C,2,C,0.72,0.63,0.09,0.16,0.72,0.03,426,1.7892000000000004e-05,1,0.72,D-rand,0.72
4641,C,2,C,0.87,0.84,0.02,0.02,0.87,0.09,457,1.9194000000000003e-05,1,0.87,D-rand,0.87
4640,C,2,C,1.0,0.99,0.0,0.0,1.0,0.0,457,1.9194000000000003e-05,1,1.0,D-rand,1.0
4643,A,0,A,0.809999999999999,0.76,0.809999999999999,0.11,0.06,0.02,477,2.0034e-05,1,0.809999999999999,D-rand,0.809999999999999
4644,B,1,A,0.4,0.2,0.4,0.35,0.16,0.09,463,1.9446e-05,0,0.35,D-rand,0.4
4645,D,3,D,0.98,0.98,0.01,0.01,0.0,0.98,430,1.8060000000000003e-05,1,0.98,D-rand,0.98
4648,B,1,B,1.0,1.0,0.0,1.0,0.0,0.0,494,2.0748000000000005e-05,1,1.0,D-rand,1.0
4647,D,3,D,0.95,0.93,0.04,0.0,0.01,0.95,522,2.1924e-05,1,0.95,D-rand,0.95
4650,C,2,C,0.929999999999999,0.92,0.05,0.01,0.929999999999999,0.01,499,2.0958e-05,1,0.929999999999999,D-rand,0.929999999999999
4653,B,1,B,0.92,0.89,0.02,0.92,0.02,0.04,455,1.911e-05,1,0.92,D-rand,0.92
4651,B,1,B,0.51,0.34,0.15,0.51,0.27,0.07,504,2.1168e-05,1,0.51,D-rand,0.51
4649,C,2,C,0.52,0.36,0.05,0.33,0.52,0.1,494,2.0748000000000005e-05,1,0.52,D-rand,0.52
4654,A,0,A,0.79,0.73,0.79,0.16,0.02,0.03,479,2.0118000000000003e-05,1,0.79,D-rand,0.79
4655,D,3,A,0.52,0.36,0.52,0.14,0.14,0.2,473,1.9866000000000003e-05,0,0.2,D-rand,0.52
4657,C,2,C,0.98,0.97,0.01,0.0,0.98,0.01,522,2.1924e-05,1,0.98,D-rand,0.98
4656,D,3,D,0.96,0.95,0.01,0.03,0.0,0.96,466,1.9572e-05,1,0.96,D-rand,0.96
4658,C,2,C,0.87,0.84,0.03,0.03,0.87,0.07,460,1.932e-05,1,0.87,D-rand,0.87
4659,D,3,D,0.96,0.96,0.01,0.01,0.02,0.96,479,2.0118000000000003e-05,1,0.96,D-rand,0.96
4660,A,0,A,0.77,0.68,0.77,0.23,0.0,0.0,504,2.1168e-05,1,0.77,D-rand,0.77
4661,B,1,B,0.81,0.75,0.02,0.81,0.15,0.02,444,1.8648e-05,1,0.81,D-rand,0.81
4668,A,0,A,0.73,0.64,0.73,0.22,0.03,0.02,482,2.0244e-05,1,0.73,D-rand,0.73
4666,D,3,D,0.65,0.53,0.2,0.08,0.07,0.65,436,1.8312e-05,1,0.65,D-rand,0.65
4664,B,1,B,0.9,0.87,0.05,0.9,0.04,0.01,472,1.9824e-05,1,0.9,D-rand,0.9
4667,D,3,D,1.0,1.0,0.0,0.0,0.0,1.0,460,1.932e-05,1,1.0,D-rand,1.0
4670,A,0,A,0.81,0.75,0.81,0.02,0.13,0.04,441,1.8522000000000003e-05,1,0.81,D-rand,0.81
4669,C,2,B,0.8300000000000001,0.78,0.04,0.8300000000000001,0.07,0.06,539,2.2638e-05,0,0.07,D-rand,0.8300000000000001
4673,A,0,A,0.51,0.34,0.51,0.32,0.08,0.09,504,2.1168e-05,1,0.51,D-rand,0.51
4675,B,1,B,0.98,0.97,0.01,0.98,0.0,0.01,514,2.1588e-05,1,0.98,D-rand,0.98
4672,B,1,A,0.46,0.28,0.46,0.4,0.04,0.1,480,2.016e-05,0,0.4,D-rand,0.46
4671,D,3,D,1.0,0.99,0.0,0.0,0.0,1.0,439,1.8438e-05,1,1.0,D-rand,1.0
4674,C,2,C,0.59,0.46,0.34,0.03,0.59,0.04,480,2.016e-05,1,0.59,D-rand,0.59
4677,C,2,C,0.98,0.97,0.01,0.01,0.98,0.0,445,1.869e-05,1,0.98,D-rand,0.98
4679,B,1,B,0.81,0.74,0.06,0.81,0.1,0.03,472,1.9824e-05,1,0.81,D-rand,0.81
4678,A,0,A,0.97,0.96,0.97,0.02,0.01,0.0,511,2.1462e-05,1,0.97,D-rand,0.97
4681,B,1,D,0.67,0.55,0.06,0.19,0.08,0.67,451,1.8942000000000003e-05,0,0.19,D-rand,0.67
4683,B,1,B,0.98,0.98,0.01,0.98,0.01,0.0,464,1.9488000000000004e-05,1,0.98,D-rand,0.98
4682,A,0,A,0.93,0.91,0.93,0.05,0.01,0.01,442,1.8564e-05,1,0.93,D-rand,0.93
4680,A,0,A,0.89,0.86,0.89,0.03,0.02,0.06,526,2.2092e-05,1,0.89,D-rand,0.89
4684,A,0,A,1.0,1.0,1.0,0.0,0.0,0.0,439,1.8438e-05,1,1.0,D-rand,1.0
4686,D,3,C,0.48,0.31,0.1,0.04,0.48,0.38,516,2.1672000000000005e-05,0,0.38,D-rand,0.48
4685,C,2,C,0.99,0.98,0.0,0.01,0.99,0.0,479,2.0118000000000003e-05,1,0.99,D-rand,0.99
4687,C,2,C,0.34,0.12,0.14,0.29,0.34,0.23,479,2.0118000000000003e-05,1,0.34,D-rand,0.34
4690,B,1,B,0.39,0.19,0.37,0.39,0.09,0.15,440,1.848e-05,1,0.39,D-rand,0.39
4691,B,1,B,0.85,0.8,0.02,0.85,0.08,0.05,512,2.1504e-05,1,0.85,D-rand,0.85
4689,A,0,A,1.0,1.0,1.0,0.0,0.0,0.0,487,2.0454e-05,1,1.0,D-rand,1.0
4692,D,3,D,0.54,0.39,0.07,0.07,0.32,0.54,479,2.0118000000000003e-05,1,0.54,D-rand,0.54
4693,C,2,B,0.5,0.33,0.03,0.5,0.46,0.01,482,2.0244e-05,0,0.46,D-rand,0.5
4695,A,0,A,0.96,0.94,0.96,0.0,0.02,0.02,447,1.8774000000000004e-05,1,0.96,D-rand,0.96
4696,A,0,A,0.93,0.91,0.93,0.04,0.01,0.02,459,1.9278e-05,1,0.93,D-rand,0.93
4694,D,3,D,0.7000000000000001,0.6000000000000001,0.05,0.12,0.13,0.7000000000000001,474,1.9908000000000003e-05,1,0.7000000000000001,D-rand,0.7000000000000001
4701,D,3,C,0.5,0.32,0.28,0.07,0.5,0.15,456,1.9152e-05,0,0.15,D-rand,0.5
4699,B,1,B,0.96,0.95,0.03,0.96,0.01,0.0,479,2.0118000000000003e-05,1,0.96,D-rand,0.96
4700,B,1,B,0.99,0.98,0.0,0.99,0.01,0.0,442,1.8564e-05,1,0.99,D-rand,0.99
4697,C,2,C,0.74,0.66,0.05,0.12,0.74,0.09,496,2.0832000000000003e-05,1,0.74,D-rand,0.74
4705,C,2,D,0.41,0.21,0.32,0.16,0.11,0.41,481,2.0202e-05,0,0.11,D-rand,0.41
4702,D,3,D,0.88,0.8300000000000001,0.05,0.05,0.02,0.88,511,2.1462e-05,1,0.88,D-rand,0.88
4704,A,0,C,0.86,0.8,0.1,0.02,0.86,0.02,511,2.1462e-05,0,0.1,D-rand,0.86
4706,B,1,B,0.81,0.74,0.13,0.81,0.03,0.03,474,1.9908000000000003e-05,1,0.81,D-rand,0.81
4708,C,2,C,0.88,0.84,0.03,0.07,0.88,0.02,442,1.8564e-05,1,0.88,D-rand,0.88
4709,D,3,D,0.6900000000000001,0.58,0.23,0.06,0.02,0.6900000000000001,510,2.142e-05,1,0.6900000000000001,D-rand,0.6900000000000001
4707,D,3,D,1.0,0.99,0.0,0.0,0.0,1.0,497,2.0874000000000004e-05,1,1.0,D-rand,1.0
4712,C,2,C,0.95,0.93,0.01,0.03,0.95,0.01,482,2.0244e-05,1,0.95,D-rand,0.95
4711,C,2,A,0.43,0.24,0.43,0.2,0.22,0.15,467,1.9614e-05,0,0.22,D-rand,0.43
4714,A,0,A,0.98,0.97,0.98,0.02,0.0,0.0,471,1.9782000000000005e-05,1,0.98,D-rand,0.98
4713,C,2,C,0.98,0.97,0.01,0.01,0.98,0.0,415,1.743e-05,1,0.98,D-rand,0.98
4715,D,3,D,0.92,0.9,0.02,0.01,0.05,0.92,522,2.1924e-05,1,0.92,D-rand,0.92
4717,B,1,B,0.93,0.91,0.04,0.93,0.02,0.01,495,2.0790000000000003e-05,1,0.93,D-rand,0.93
4716,A,0,A,0.79,0.73,0.79,0.13,0.02,0.06,531,2.2302e-05,1,0.79,D-rand,0.79
4718,B,1,B,0.8200000000000001,0.76,0.05,0.8200000000000001,0.07,0.06,507,2.1294e-05,1,0.8200000000000001,D-rand,0.8200000000000001
4720,B,1,B,0.41,0.21,0.2,0.41,0.05,0.34,460,1.932e-05,1,0.41,D-rand,0.41
4721,B,1,B,0.92,0.89,0.01,0.92,0.03,0.04,457,1.9194000000000003e-05,1,0.92,D-rand,0.92
4723,C,2,B,0.51,0.35,0.21,0.51,0.1,0.18,476,1.9992e-05,0,0.1,D-rand,0.51
4724,D,3,D,0.89,0.86,0.05,0.05,0.01,0.89,444,1.8648e-05,1,0.89,D-rand,0.89
4725,B,1,A,0.41,0.21,0.41,0.38,0.04,0.17,407,1.7094000000000003e-05,0,0.38,D-rand,0.41
4727,C,2,C,0.88,0.85,0.02,0.09,0.88,0.01,446,1.8732000000000003e-05,1,0.88,D-rand,0.88
4726,B,1,B,1.0,0.99,0.0,1.0,0.0,0.0,445,1.869e-05,1,1.0,D-rand,1.0
4730,A,0,A,1.0,1.0,1.0,0.0,0.0,0.0,475,1.9950000000000004e-05,1,1.0,D-rand,1.0
4729,C,2,C,0.559999999999999,0.42,0.02,0.35,0.559999999999999,0.07,463,1.9446e-05,1,0.559999999999999,D-rand,0.559999999999999
4728,C,2,C,0.99,0.98,0.01,0.0,0.99,0.0,476,1.9992e-05,1,0.99,D-rand,0.99
4732,A,0,A,0.63,0.51,0.63,0.21,0.13,0.03,411,1.7262000000000002e-05,1,0.63,D-rand,0.63
4731,B,1,B,0.86,0.8200000000000001,0.08,0.86,0.01,0.05,539,2.2638e-05,1,0.86,D-rand,0.86
4733,D,3,A,0.37,0.17,0.37,0.34,0.12,0.17,464,1.9488000000000004e-05,0,0.17,D-rand,0.37
4735,D,3,D,0.98,0.97,0.0,0.01,0.01,0.98,507,2.1294e-05,1,0.98,D-rand,0.98
4736,A,0,C,0.37,0.16,0.2,0.35,0.37,0.08,420,1.764e-05,0,0.2,D-rand,0.37
4738,B,1,B,0.91,0.89,0.05,0.91,0.01,0.03,479,2.0118000000000003e-05,1,0.91,D-rand,0.91
4737,C,2,C,0.95,0.94,0.03,0.01,0.95,0.01,539,2.2638e-05,1,0.95,D-rand,0.95
4740,A,0,A,0.99,0.98,0.99,0.01,0.0,0.0,482,2.0244e-05,1,0.99,D-rand,0.99
4741,B,1,B,0.929999999999999,0.92,0.03,0.929999999999999,0.03,0.01,469,1.9698e-05,1,0.929999999999999,D-rand,0.929999999999999
4739,D,3,D,1.0,1.0,0.0,0.0,0.0,1.0,427,1.7934e-05,1,1.0,D-rand,1.0
4743,C,2,C,1.0,1.0,0.0,0.0,1.0,0.0,486,2.0412e-05,1,1.0,D-rand,1.0
4745,A,0,A,0.99,0.99,0.99,0.0,0.0,0.01,441,1.8522000000000003e-05,1,0.99,D-rand,0.99
4746,C,2,B,0.929999999999999,0.91,0.03,0.929999999999999,0.03,0.01,459,1.9278e-05,0,0.03,D-rand,0.929999999999999
4744,B,1,B,0.68,0.5700000000000001,0.06,0.68,0.02,0.24,468,1.9656000000000003e-05,1,0.68,D-rand,0.68
4749,A,0,C,0.45,0.27,0.41,0.05,0.45,0.09,461,1.9362e-05,0,0.41,D-rand,0.45
4750,C,2,C,0.73,0.63,0.03,0.02,0.73,0.22,496,2.0832000000000003e-05,1,0.73,D-rand,0.73
4751,A,0,A,0.61,0.47,0.61,0.07,0.19,0.13,421,1.7682e-05,1,0.61,D-rand,0.61
4753,D,3,B,0.35,0.12,0.18,0.35,0.19,0.28,433,1.8186e-05,0,0.28,D-rand,0.35
4752,C,2,B,0.45,0.26,0.14,0.45,0.28,0.13,489,2.0538e-05,0,0.28,D-rand,0.45
4754,D,3,D,1.0,0.99,0.0,0.0,0.0,1.0,458,1.9236e-05,1,1.0,D-rand,1.0
4755,D,3,D,0.99,0.99,0.01,0.0,0.0,0.99,447,1.8774000000000004e-05,1,0.99,D-rand,0.99
4757,B,1,B,0.929999999999999,0.92,0.03,0.929999999999999,0.02,0.02,457,1.9194000000000003e-05,1,0.929999999999999,D-rand,0.929999999999999
4758,D,3,D,0.85,0.8,0.09,0.03,0.03,0.85,440,1.848e-05,1,0.85,D-rand,0.85
4760,C,2,C,0.68,0.5700000000000001,0.08,0.07,0.68,0.17,449,1.8858e-05,1,0.68,D-rand,0.68
4759,D,3,D,0.49,0.33,0.13,0.25,0.13,0.49,460,1.932e-05,1,0.49,D-rand,0.49
4765,C,2,C,0.89,0.87,0.04,0.06,0.89,0.01,465,1.953e-05,1,0.89,D-rand,0.89
4767,B,1,B,0.87,0.8300000000000001,0.12,0.87,0.0,0.01,495,2.0790000000000003e-05,1,0.87,D-rand,0.87
4768,D,3,D,0.93,0.91,0.06,0.0,0.01,0.93,478,2.0076e-05,1,0.93,D-rand,0.93
4766,A,0,A,0.44,0.26,0.44,0.24,0.07,0.25,450,1.89e-05,1,0.44,D-rand,0.44
4769,C,2,C,0.64,0.53,0.29,0.04,0.64,0.03,520,2.1840000000000004e-05,1,0.64,D-rand,0.64
4763,A,0,A,0.36,0.14,0.36,0.24,0.04,0.36,440,1.848e-05,1,0.36,D-rand,0.36
4770,D,3,B,0.42,0.22,0.18,0.42,0.28,0.12,433,1.8186e-05,0,0.12,D-rand,0.42
4771,A,0,A,0.84,0.8,0.84,0.02,0.08,0.06,506,2.1252000000000003e-05,1,0.84,D-rand,0.84
4772,D,3,A,0.71,0.61,0.71,0.12,0.08,0.09,426,1.7892000000000004e-05,0,0.09,D-rand,0.71
4776,D,3,D,0.89,0.86,0.01,0.09,0.01,0.89,418,1.7556000000000003e-05,1,0.89,D-rand,0.89
4775,A,0,D,0.5,0.35,0.39,0.05,0.06,0.5,485,2.037e-05,0,0.39,D-rand,0.5
4778,C,2,C,1.0,1.0,0.0,0.0,1.0,0.0,473,1.9866000000000003e-05,1,1.0,D-rand,1.0
4777,D,3,D,0.84,0.79,0.03,0.11,0.02,0.84,476,1.9992e-05,1,0.84,D-rand,0.84
4779,D,3,D,0.88,0.84,0.11,0.0,0.01,0.88,452,1.8984000000000003e-05,1,0.88,D-rand,0.88
4780,D,3,D,0.9,0.88,0.03,0.01,0.06,0.9,465,1.953e-05,1,0.9,D-rand,0.9
4782,D,3,D,0.78,0.71,0.15,0.06,0.01,0.78,546,2.2932000000000003e-05,1,0.78,D-rand,0.78
4781,A,0,A,0.97,0.96,0.97,0.01,0.02,0.0,446,1.8732000000000003e-05,1,0.97,D-rand,0.97
4784,D,3,D,0.8,0.74,0.13,0.03,0.04,0.8,481,2.0202e-05,1,0.8,D-rand,0.8
4786,A,0,A,0.99,0.97,0.99,0.0,0.01,0.0,466,1.9572e-05,1,0.99,D-rand,0.99
4783,B,1,A,0.64,0.53,0.64,0.34,0.01,0.01,490,2.058e-05,0,0.34,D-rand,0.64
4785,D,3,D,0.6900000000000001,0.59,0.14,0.14,0.03,0.6900000000000001,450,1.89e-05,1,0.6900000000000001,D-rand,0.6900000000000001
4787,A,0,A,0.68,0.5700000000000001,0.68,0.16,0.13,0.03,471,1.9782000000000005e-05,1,0.68,D-rand,0.68
4792,B,1,B,0.77,0.6900000000000001,0.09,0.77,0.1,0.04,491,2.0622e-05,1,0.77,D-rand,0.77
4793,C,2,C,0.97,0.96,0.01,0.02,0.97,0.0,461,1.9362e-05,1,0.97,D-rand,0.97
4796,B,1,B,0.99,0.98,0.01,0.99,0.0,0.0,441,1.8522000000000003e-05,1,0.99,D-rand,0.99
4795,C,2,A,0.56,0.41,0.56,0.05,0.31,0.08,454,1.9068e-05,0,0.31,D-rand,0.56
4797,C,2,C,0.61,0.46,0.08,0.18,0.61,0.13,443,1.8606e-05,1,0.61,D-rand,0.61
4794,A,0,A,0.95,0.95,0.95,0.03,0.01,0.01,471,1.9782000000000005e-05,1,0.95,D-rand,0.95
4800,B,1,B,0.9,0.85,0.03,0.9,0.04,0.03,448,1.8816000000000004e-05,1,0.9,D-rand,0.9
4798,B,1,B,0.74,0.65,0.04,0.74,0.13,0.09,436,1.8312e-05,1,0.74,D-rand,0.74
4801,C,2,C,0.8300000000000001,0.77,0.06,0.03,0.8300000000000001,0.08,462,1.9404e-05,1,0.8300000000000001,D-rand,0.8300000000000001
4806,B,1,B,0.5,0.33,0.43,0.5,0.04,0.03,444,1.8648e-05,1,0.5,D-rand,0.5
4805,A,0,A,0.44,0.25,0.44,0.08,0.43,0.05,483,2.0286e-05,1,0.44,D-rand,0.44
4808,D,3,D,0.8,0.73,0.04,0.03,0.13,0.8,488,2.0496e-05,1,0.8,D-rand,0.8
4802,D,3,C,0.39,0.18,0.09,0.22,0.39,0.3,463,1.9446e-05,0,0.3,D-rand,0.39
4807,B,1,B,0.94,0.91,0.04,0.94,0.01,0.01,427,1.7934e-05,1,0.94,D-rand,0.94
4810,B,1,B,0.92,0.88,0.0,0.92,0.07,0.01,511,2.1462e-05,1,0.92,D-rand,0.92
4811,A,0,A,0.95,0.93,0.95,0.02,0.02,0.01,468,1.9656000000000003e-05,1,0.95,D-rand,0.95
4809,A,0,A,0.58,0.45,0.58,0.19,0.06,0.17,488,2.0496e-05,1,0.58,D-rand,0.58
4812,B,1,B,0.62,0.48,0.07,0.62,0.27,0.04,534,2.2428e-05,1,0.62,D-rand,0.62
4814,C,2,C,0.95,0.95,0.02,0.02,0.95,0.01,422,1.7724000000000002e-05,1,0.95,D-rand,0.95
4813,A,0,A,0.37,0.16,0.37,0.31,0.21,0.11,469,1.9698e-05,1,0.37,D-rand,0.37
4815,D,3,D,0.8,0.74,0.17,0.01,0.02,0.8,566,2.377200000000001e-05,1,0.8,D-rand,0.8
4816,B,1,B,0.98,0.97,0.01,0.98,0.0,0.01,477,2.0034e-05,1,0.98,D-rand,0.98
4817,C,2,C,0.44,0.25,0.08,0.17,0.44,0.31,471,1.9782000000000005e-05,1,0.44,D-rand,0.44
4818,B,1,B,0.41,0.21,0.22,0.41,0.29,0.08,516,2.1672000000000005e-05,1,0.41,D-rand,0.41
4819,A,0,A,0.37,0.15,0.37,0.33,0.04,0.26,516,2.1672000000000005e-05,1,0.37,D-rand,0.37
4820,B,1,B,0.48,0.32,0.03,0.48,0.48,0.01,467,1.9614e-05,1,0.48,D-rand,0.48
4821,C,2,B,0.45,0.27,0.03,0.45,0.08,0.44,448,1.8816000000000004e-05,0,0.08,D-rand,0.45
4822,A,0,D,0.49,0.34,0.14,0.02,0.35,0.49,480,2.016e-05,0,0.14,D-rand,0.49
4823,D,3,D,0.86,0.81,0.06,0.02,0.06,0.86,485,2.037e-05,1,0.86,D-rand,0.86
4824,C,2,A,0.43,0.24,0.43,0.29,0.25,0.03,453,1.9026000000000004e-05,0,0.25,D-rand,0.43
4825,B,1,B,0.54,0.38,0.19,0.54,0.16,0.11,418,1.7556000000000003e-05,1,0.54,D-rand,0.54
4826,A,0,A,0.98,0.97,0.98,0.0,0.01,0.01,500,2.1e-05,1,0.98,D-rand,0.98
4828,A,0,A,0.79,0.71,0.79,0.12,0.04,0.05,446,1.8732000000000003e-05,1,0.79,D-rand,0.79
4829,A,0,A,0.94,0.92,0.94,0.04,0.01,0.01,440,1.848e-05,1,0.94,D-rand,0.94
4831,D,3,D,0.94,0.92,0.0,0.05,0.01,0.94,425,1.7850000000000004e-05,1,0.94,D-rand,0.94
4830,C,2,C,0.5700000000000001,0.42,0.15,0.12,0.5700000000000001,0.16,476,1.9992e-05,1,0.5700000000000001,D-rand,0.5700000000000001
4832,B,1,B,0.88,0.84,0.08,0.88,0.01,0.03,450,1.89e-05,1,0.88,D-rand,0.88
4833,D,3,D,0.86,0.81,0.03,0.08,0.03,0.86,419,1.7598000000000003e-05,1,0.86,D-rand,0.86
4835,B,1,A,0.78,0.7000000000000001,0.78,0.06,0.04,0.12,449,1.8858e-05,0,0.06,D-rand,0.78
4838,C,2,C,0.98,0.96,0.0,0.01,0.98,0.01,439,1.8438e-05,1,0.98,D-rand,0.98
4836,B,1,D,0.65,0.53,0.16,0.11,0.08,0.65,445,1.869e-05,0,0.11,D-rand,0.65
4834,D,3,A,0.52,0.36,0.52,0.04,0.05,0.39,515,2.163e-05,0,0.39,D-rand,0.52
4839,A,0,A,0.53,0.37,0.53,0.08,0.33,0.06,460,1.932e-05,1,0.53,D-rand,0.53
4840,C,2,C,0.62,0.5,0.12,0.14,0.62,0.12,528,2.2176e-05,1,0.62,D-rand,0.62
4842,D,3,D,1.0,1.0,0.0,0.0,0.0,1.0,480,2.016e-05,1,1.0,D-rand,1.0
4845,A,0,A,0.44,0.26,0.44,0.42,0.1,0.04,491,2.0622e-05,1,0.44,D-rand,0.44
4844,B,1,B,0.8200000000000001,0.76,0.16,0.8200000000000001,0.01,0.01,501,2.1042000000000003e-05,1,0.8200000000000001,D-rand,0.8200000000000001
4843,D,3,C,0.87,0.8300000000000001,0.04,0.02,0.87,0.07,447,1.8774000000000004e-05,0,0.07,D-rand,0.87
4848,B,1,B,0.98,0.98,0.01,0.98,0.01,0.0,489,2.0538e-05,1,0.98,D-rand,0.98
4846,D,3,B,0.33,0.09,0.18,0.33,0.24,0.25,473,1.9866000000000003e-05,0,0.25,D-rand,0.33
4841,B,1,B,0.87,0.8300000000000001,0.02,0.87,0.06,0.05,455,1.911e-05,1,0.87,D-rand,0.87
4850,D,3,C,0.8300000000000001,0.77,0.1,0.02,0.8300000000000001,0.05,511,2.1462e-05,0,0.05,D-rand,0.8300000000000001
4851,B,1,D,0.52,0.37,0.22,0.19,0.07,0.52,469,1.9698e-05,0,0.19,D-rand,0.52
4852,C,2,A,0.37,0.15,0.37,0.18,0.22,0.23,422,1.7724000000000002e-05,0,0.22,D-rand,0.37
4857,C,2,A,0.59,0.46,0.59,0.09,0.19,0.13,426,1.7892000000000004e-05,0,0.19,D-rand,0.59
4858,C,2,A,0.64,0.52,0.64,0.0,0.35,0.01,470,1.974e-05,0,0.35,D-rand,0.64
4854,B,1,D,0.94,0.92,0.01,0.01,0.04,0.94,449,1.8858e-05,0,0.01,D-rand,0.94
4856,A,0,A,0.93,0.91,0.93,0.01,0.04,0.02,433,1.8186e-05,1,0.93,D-rand,0.93
4855,C,2,D,0.37,0.17,0.26,0.05,0.32,0.37,481,2.0202e-05,0,0.32,D-rand,0.37
4859,D,3,D,0.99,0.98,0.0,0.0,0.01,0.99,509,2.1378e-05,1,0.99,D-rand,0.99
4860,A,0,A,0.89,0.85,0.89,0.07,0.04,0.0,511,2.1462e-05,1,0.89,D-rand,0.89
4863,B,1,B,0.4,0.2,0.23,0.4,0.09,0.28,428,1.7976000000000002e-05,1,0.4,D-rand,0.4
4861,C,2,B,0.62,0.49,0.21,0.62,0.1,0.07,447,1.8774000000000004e-05,0,0.1,D-rand,0.62
4865,D,3,A,0.44,0.25,0.44,0.11,0.26,0.19,441,1.8522000000000003e-05,0,0.19,D-rand,0.44
4862,B,1,B,0.39,0.19,0.11,0.39,0.28,0.22,519,2.1798000000000004e-05,1,0.39,D-rand,0.39
4864,D,3,B,0.81,0.75,0.07,0.81,0.01,0.1,455,1.911e-05,0,0.1,D-rand,0.81
4868,D,3,A,0.39,0.18,0.39,0.18,0.12,0.31,438,1.8396e-05,0,0.31,D-rand,0.39
4867,A,0,A,0.93,0.91,0.93,0.02,0.02,0.03,428,1.7976000000000002e-05,1,0.93,D-rand,0.93
4869,D,3,D,0.8300000000000001,0.77,0.11,0.04,0.02,0.8300000000000001,460,1.932e-05,1,0.8300000000000001,D-rand,0.8300000000000001
4871,D,3,B,0.6000000000000001,0.46,0.12,0.6000000000000001,0.19,0.09,463,1.9446e-05,0,0.09,D-rand,0.6000000000000001
4873,C,2,C,0.68,0.58,0.13,0.14,0.68,0.05,512,2.1504e-05,1,0.68,D-rand,0.68
4875,D,3,D,0.64,0.51,0.24,0.03,0.09,0.64,425,1.7850000000000004e-05,1,0.64,D-rand,0.64
4874,A,0,A,0.99,0.98,0.99,0.0,0.01,0.0,472,1.9824e-05,1,0.99,D-rand,0.99
4876,C,2,A,0.42,0.22,0.42,0.12,0.11,0.35,417,1.7514000000000002e-05,0,0.11,D-rand,0.42
4877,D,3,C,0.36,0.14,0.13,0.29,0.36,0.22,433,1.8186e-05,0,0.22,D-rand,0.36
4879,C,2,C,0.94,0.92,0.03,0.02,0.94,0.01,433,1.8186e-05,1,0.94,D-rand,0.94
4880,D,3,D,0.65,0.53,0.04,0.28,0.03,0.65,464,1.9488000000000004e-05,1,0.65,D-rand,0.65
4872,A,0,A,0.86,0.8200000000000001,0.86,0.03,0.09,0.02,444,1.8648e-05,1,0.86,D-rand,0.86
4881,C,2,B,0.33,0.11,0.25,0.33,0.3,0.12,432,1.8144e-05,0,0.3,D-rand,0.33
4882,D,3,B,0.48,0.32,0.2,0.48,0.09,0.23,443,1.8606e-05,0,0.23,D-rand,0.48
4885,C,2,B,0.43,0.24,0.09,0.43,0.43,0.05,481,2.0202e-05,0,0.43,D-rand,0.43
4883,D,3,A,0.68,0.58,0.68,0.12,0.05,0.14,448,1.8816000000000004e-05,0,0.14,D-rand,0.68
4886,B,1,C,0.37,0.16,0.14,0.13,0.37,0.36,442,1.8564e-05,0,0.13,D-rand,0.37
4887,A,0,C,0.49,0.32,0.32,0.17,0.49,0.02,442,1.8564e-05,0,0.32,D-rand,0.49
4888,C,2,A,0.41,0.21,0.41,0.13,0.09,0.37,458,1.9236e-05,0,0.09,D-rand,0.41
4891,A,0,A,0.92,0.89,0.92,0.05,0.02,0.01,451,1.8942000000000003e-05,1,0.92,D-rand,0.92
4889,C,2,C,0.81,0.74,0.03,0.16,0.81,0.0,473,1.9866000000000003e-05,1,0.81,D-rand,0.81
4890,D,3,D,0.93,0.9,0.01,0.05,0.01,0.93,460,1.932e-05,1,0.93,D-rand,0.93
4893,B,1,B,1.0,0.99,0.0,1.0,0.0,0.0,466,1.9572e-05,1,1.0,D-rand,1.0
4892,C,2,C,0.61,0.49,0.02,0.01,0.61,0.36,474,1.9908000000000003e-05,1,0.61,D-rand,0.61
4894,C,2,C,0.97,0.96,0.03,0.0,0.97,0.0,427,1.7934e-05,1,0.97,D-rand,0.97
4895,A,0,A,0.92,0.88,0.92,0.02,0.01,0.05,470,1.974e-05,1,0.92,D-rand,0.92
4896,B,1,B,0.9,0.86,0.04,0.9,0.04,0.02,495,2.0790000000000003e-05,1,0.9,D-rand,0.9
4897,A,0,A,0.99,0.98,0.99,0.0,0.01,0.0,437,1.8354e-05,1,0.99,D-rand,0.99
4899,C,2,C,0.9,0.87,0.04,0.05,0.9,0.01,419,1.7598000000000003e-05,1,0.9,D-rand,0.9
4898,C,2,A,0.76,0.6900000000000001,0.76,0.03,0.17,0.04,467,1.9614e-05,0,0.17,D-rand,0.76
4900,C,2,C,0.85,0.79,0.04,0.01,0.85,0.1,447,1.8774000000000004e-05,1,0.85,D-rand,0.85
4901,D,3,D,0.86,0.8200000000000001,0.03,0.09,0.02,0.86,511,2.1462e-05,1,0.86,D-rand,0.86
4902,D,3,A,0.74,0.65,0.74,0.09,0.04,0.13,490,2.058e-05,0,0.13,D-rand,0.74
4903,A,0,A,0.49,0.32,0.49,0.35,0.03,0.13,428,1.7976000000000002e-05,1,0.49,D-rand,0.49
4905,C,2,C,0.85,0.79,0.05,0.09,0.85,0.01,428,1.7976000000000002e-05,1,0.85,D-rand,0.85
4904,C,2,C,0.63,0.51,0.13,0.13,0.63,0.11,430,1.8060000000000003e-05,1,0.63,D-rand,0.63
4907,A,0,A,0.98,0.98,0.98,0.01,0.0,0.01,458,1.9236e-05,1,0.98,D-rand,0.98
4908,A,0,D,0.42,0.23,0.28,0.19,0.11,0.42,472,1.9824e-05,0,0.28,D-rand,0.42
4909,A,0,B,0.38,0.17,0.3,0.38,0.17,0.15,495,2.0790000000000003e-05,0,0.3,D-rand,0.38
4906,B,1,B,0.94,0.92,0.04,0.94,0.0,0.02,449,1.8858e-05,1,0.94,D-rand,0.94
4910,C,2,A,0.7000000000000001,0.59,0.7000000000000001,0.18,0.1,0.02,400,1.6800000000000002e-05,0,0.1,D-rand,0.7000000000000001
4911,D,3,A,0.5,0.33,0.5,0.01,0.11,0.38,429,1.8018000000000003e-05,0,0.38,D-rand,0.5
4913,D,3,A,0.46,0.29,0.46,0.28,0.1,0.16,434,1.8228e-05,0,0.16,D-rand,0.46
4915,B,1,B,0.56,0.41,0.02,0.56,0.36,0.06,454,1.9068e-05,1,0.56,D-rand,0.56
4912,C,2,B,0.67,0.55,0.1,0.67,0.08,0.15,441,1.8522000000000003e-05,0,0.08,D-rand,0.67
4916,A,0,D,0.49,0.33,0.09,0.07,0.35,0.49,506,2.1252000000000003e-05,0,0.09,D-rand,0.49
4917,A,0,A,0.77,0.7000000000000001,0.77,0.12,0.04,0.07,466,1.9572e-05,1,0.77,D-rand,0.77
4919,B,1,D,0.96,0.95,0.02,0.02,0.0,0.96,538,2.2596e-05,0,0.02,D-rand,0.96
4918,B,1,B,0.66,0.55,0.27,0.66,0.02,0.04,479,2.0118000000000003e-05,1,0.66,D-rand,0.66
4920,C,2,C,0.51,0.35,0.05,0.4,0.51,0.04,475,1.9950000000000004e-05,1,0.51,D-rand,0.51
4921,C,2,C,0.32,0.09,0.29,0.29,0.32,0.1,454,1.9068e-05,1,0.32,D-rand,0.32
4925,B,1,C,0.58,0.44,0.06,0.18,0.58,0.18,451,1.8942000000000003e-05,0,0.18,D-rand,0.58
4924,B,1,C,0.339999999999999,0.13,0.23,0.27,0.339999999999999,0.16,477,2.0034e-05,0,0.27,D-rand,0.339999999999999
4923,C,2,A,0.59,0.45,0.59,0.04,0.23,0.14,461,1.9362e-05,0,0.23,D-rand,0.59
4927,C,2,C,0.99,0.98,0.01,0.0,0.99,0.0,507,2.1294e-05,1,0.99,D-rand,0.99
4926,C,2,B,0.52,0.36,0.12,0.52,0.35,0.01,445,1.869e-05,0,0.35,D-rand,0.52
4928,B,1,B,0.81,0.75,0.08,0.81,0.1,0.01,491,2.0622e-05,1,0.81,D-rand,0.81
4930,B,1,B,0.62,0.5,0.13,0.62,0.23,0.02,490,2.058e-05,1,0.62,D-rand,0.62
4931,B,1,B,0.67,0.56,0.23,0.67,0.07,0.02,423,1.7766000000000002e-05,1,0.67,D-rand,0.67
4932,C,2,A,0.36,0.14,0.36,0.27,0.35,0.02,463,1.9446e-05,0,0.35,D-rand,0.36
4933,B,1,C,0.51,0.35,0.04,0.37,0.51,0.08,484,2.0328000000000003e-05,0,0.37,D-rand,0.51
4935,A,0,A,0.94,0.94,0.94,0.04,0.01,0.01,565,2.3730000000000005e-05,1,0.94,D-rand,0.94
4936,C,2,C,1.0,0.99,0.0,0.0,1.0,0.0,465,1.953e-05,1,1.0,D-rand,1.0
4938,D,3,D,0.81,0.75,0.14,0.04,0.01,0.81,452,1.8984000000000003e-05,1,0.81,D-rand,0.81
4939,D,3,D,0.79,0.73,0.07,0.1,0.04,0.79,531,2.2302e-05,1,0.79,D-rand,0.79
4942,C,2,C,0.8,0.75,0.07,0.06,0.8,0.07,498,2.0916000000000004e-05,1,0.8,D-rand,0.8
4941,A,0,A,0.87,0.8200000000000001,0.87,0.03,0.05,0.05,451,1.8942000000000003e-05,1,0.87,D-rand,0.87
4943,B,1,C,0.5700000000000001,0.42,0.22,0.1,0.5700000000000001,0.11,438,1.8396e-05,0,0.1,D-rand,0.5700000000000001
4944,A,0,A,0.93,0.91,0.93,0.03,0.02,0.01,473,1.9866000000000003e-05,1,0.93,D-rand,0.93
4945,C,2,C,0.84,0.79,0.03,0.06,0.84,0.07,513,2.1546e-05,1,0.84,D-rand,0.84
4946,B,1,A,0.43,0.24,0.43,0.31,0.09,0.17,474,1.9908000000000003e-05,0,0.31,D-rand,0.43
4947,A,0,A,0.97,0.94,0.97,0.0,0.03,0.0,427,1.7934e-05,1,0.97,D-rand,0.97
4949,D,3,B,0.92,0.89,0.02,0.92,0.03,0.03,472,1.9824e-05,0,0.03,D-rand,0.92
4951,A,0,A,0.92,0.89,0.92,0.01,0.04,0.03,449,1.8858e-05,1,0.92,D-rand,0.92
4952,B,1,C,0.37,0.17,0.19,0.33,0.37,0.11,465,1.953e-05,0,0.33,D-rand,0.37
4953,B,1,C,0.33,0.11,0.21,0.33,0.33,0.13,487,2.0454e-05,0,0.33,D-rand,0.33
4956,B,1,B,0.74,0.66,0.22,0.74,0.01,0.03,433,1.8186e-05,1,0.74,D-rand,0.74
4954,C,2,C,0.72,0.62,0.05,0.03,0.72,0.2,423,1.7766000000000002e-05,1,0.72,D-rand,0.72
4960,B,1,B,0.99,0.98,0.01,0.99,0.0,0.0,464,1.9488000000000004e-05,1,0.99,D-rand,0.99
4958,D,3,A,0.61,0.47,0.61,0.04,0.15,0.2,476,1.9992e-05,0,0.2,D-rand,0.61
4962,C,2,C,0.79,0.73,0.12,0.04,0.79,0.05,441,1.8522000000000003e-05,1,0.79,D-rand,0.79
4961,D,3,B,0.66,0.54,0.06,0.66,0.02,0.26,480,2.016e-05,0,0.26,D-rand,0.66
4955,B,1,B,0.98,0.97,0.01,0.98,0.0,0.01,525,2.2050000000000004e-05,1,0.98,D-rand,0.98
4963,B,1,C,0.49,0.31,0.08,0.03,0.49,0.4,559,2.3478e-05,0,0.03,D-rand,0.49
4965,A,0,A,0.64,0.52,0.64,0.23,0.03,0.1,502,2.1084000000000003e-05,1,0.64,D-rand,0.64
4964,C,2,C,0.56,0.41,0.1,0.02,0.56,0.32,458,1.9236e-05,1,0.56,D-rand,0.56
4967,B,1,A,0.76,0.68,0.76,0.18,0.03,0.03,444,1.8648e-05,0,0.18,D-rand,0.76
4968,A,0,B,0.58,0.44,0.11,0.58,0.17,0.14,502,2.1084000000000003e-05,0,0.11,D-rand,0.58
4966,B,1,A,0.56,0.42,0.56,0.11,0.17,0.16,459,1.9278e-05,0,0.11,D-rand,0.56
4969,D,3,A,0.81,0.74,0.81,0.1,0.05,0.04,530,2.226e-05,0,0.04,D-rand,0.81
4970,C,2,C,0.86,0.8200000000000001,0.12,0.01,0.86,0.01,442,1.8564e-05,1,0.86,D-rand,0.86
4971,C,2,C,0.53,0.37,0.09,0.33,0.53,0.05,455,1.911e-05,1,0.53,D-rand,0.53
4972,A,0,A,0.76,0.68,0.76,0.19,0.01,0.04,516,2.1672000000000005e-05,1,0.76,D-rand,0.76
4973,B,1,C,0.73,0.64,0.09,0.12,0.73,0.06,424,1.7808000000000003e-05,0,0.12,D-rand,0.73
4974,C,2,C,0.48,0.3,0.32,0.14,0.48,0.06,442,1.8564e-05,1,0.48,D-rand,0.48
4977,B,1,B,0.98,0.98,0.01,0.98,0.01,0.0,568,2.3856000000000003e-05,1,0.98,D-rand,0.98
4978,D,3,D,1.0,0.99,0.0,0.0,0.0,1.0,432,1.8144e-05,1,1.0,D-rand,1.0
4980,A,0,A,0.84,0.79,0.84,0.08,0.06,0.02,467,1.9614e-05,1,0.84,D-rand,0.84
4976,D,3,A,0.7000000000000001,0.61,0.7000000000000001,0.08,0.07,0.15,460,1.932e-05,0,0.15,D-rand,0.7000000000000001
4981,A,0,C,0.68,0.5700000000000001,0.06,0.15,0.68,0.11,479,2.0118000000000003e-05,0,0.06,D-rand,0.68
4982,A,0,C,0.44,0.26,0.35,0.18,0.44,0.03,438,1.8396e-05,0,0.35,D-rand,0.44
4983,B,1,B,0.37,0.17,0.36,0.37,0.12,0.15,435,1.827e-05,1,0.37,D-rand,0.37
4985,B,1,B,0.51,0.35,0.21,0.51,0.15,0.13,405,1.701e-05,1,0.51,D-rand,0.51
4984,A,0,A,0.99,0.98,0.99,0.0,0.01,0.0,491,2.0622e-05,1,0.99,D-rand,0.99
4990,C,2,A,0.56,0.42,0.56,0.17,0.24,0.03,439,1.8438e-05,0,0.24,D-rand,0.56
4992,B,1,C,0.51,0.35,0.12,0.3,0.51,0.07,520,2.1840000000000004e-05,0,0.3,D-rand,0.51
4986,D,3,A,0.78,0.7000000000000001,0.78,0.07,0.06,0.09,475,1.9950000000000004e-05,0,0.09,D-rand,0.78
4993,B,1,B,0.89,0.86,0.05,0.89,0.03,0.03,562,2.3604e-05,1,0.89,D-rand,0.89
4991,B,1,B,0.92,0.9,0.07,0.92,0.01,0.0,513,2.1546e-05,1,0.92,D-rand,0.92
4994,D,3,B,0.53,0.37,0.04,0.53,0.25,0.18,475,1.9950000000000004e-05,0,0.18,D-rand,0.53
4995,B,1,A,0.81,0.75,0.81,0.07,0.07,0.05,486,2.0412e-05,0,0.07,D-rand,0.81
4996,C,2,C,0.76,0.6900000000000001,0.08,0.11,0.76,0.05,450,1.89e-05,1,0.76,D-rand,0.76
4998,A,0,B,0.72,0.63,0.22,0.72,0.03,0.03,416,1.7472e-05,0,0.22,D-rand,0.72
5004,C,2,C,0.51,0.36,0.44,0.01,0.51,0.04,469,1.9698e-05,1,0.51,D-rand,0.51
5000,A,0,A,0.36,0.15,0.36,0.35,0.19,0.1,453,1.9026000000000004e-05,1,0.36,D-rand,0.36
5003,C,2,C,0.78,0.71,0.08,0.11,0.78,0.03,425,1.7850000000000004e-05,1,0.78,D-rand,0.78
4999,D,3,A,0.48,0.3,0.48,0.15,0.02,0.35,435,1.827e-05,0,0.35,D-rand,0.48
5006,B,1,B,0.84,0.79,0.05,0.84,0.06,0.05,465,1.953e-05,1,0.84,D-rand,0.84
5007,C,2,A,0.51,0.34,0.51,0.22,0.1,0.17,436,1.8312e-05,0,0.1,D-rand,0.51
5005,C,2,C,0.8,0.75,0.11,0.07,0.8,0.02,464,1.9488000000000004e-05,1,0.8,D-rand,0.8
5008,A,0,A,0.99,0.97,0.99,0.01,0.0,0.0,473,1.9866000000000003e-05,1,0.99,D-rand,0.99
5010,B,1,C,0.66,0.55,0.13,0.19,0.66,0.02,506,2.1252000000000003e-05,0,0.19,D-rand,0.66
5009,C,2,C,0.9,0.87,0.03,0.02,0.9,0.05,505,2.121e-05,1,0.9,D-rand,0.9
5012,A,0,A,0.43,0.25,0.43,0.22,0.12,0.23,491,2.0622e-05,1,0.43,D-rand,0.43
5016,A,0,D,0.44,0.24,0.29,0.09,0.18,0.44,422,1.7724000000000002e-05,0,0.29,D-rand,0.44
5011,B,1,D,0.52,0.36,0.15,0.21,0.12,0.52,553,2.3226e-05,0,0.21,D-rand,0.52
5018,A,0,A,0.63,0.52,0.63,0.19,0.08,0.1,518,2.1756000000000003e-05,1,0.63,D-rand,0.63
5015,B,1,B,0.43,0.25,0.22,0.43,0.31,0.04,512,2.1504e-05,1,0.43,D-rand,0.43
5013,C,2,C,0.559999999999999,0.42,0.36,0.04,0.559999999999999,0.04,433,1.8186e-05,1,0.559999999999999,D-rand,0.559999999999999
5021,C,2,C,0.95,0.93,0.01,0.02,0.95,0.02,468,1.9656000000000003e-05,1,0.95,D-rand,0.95
5022,C,2,D,0.459999999999999,0.29,0.06,0.09,0.39,0.459999999999999,485,2.037e-05,0,0.39,D-rand,0.459999999999999
5023,C,2,A,0.76,0.6900000000000001,0.76,0.11,0.07,0.06,510,2.142e-05,0,0.07,D-rand,0.76
5024,B,1,C,0.4,0.2,0.09,0.38,0.4,0.13,462,1.9404e-05,0,0.38,D-rand,0.4
5026,D,3,D,0.62,0.5,0.14,0.18,0.06,0.62,501,2.1042000000000003e-05,1,0.62,D-rand,0.62
5025,C,2,A,0.459999999999999,0.29,0.459999999999999,0.15,0.05,0.34,503,2.1126e-05,0,0.05,D-rand,0.459999999999999
5028,B,1,B,0.95,0.95,0.01,0.95,0.02,0.02,602,2.5284e-05,1,0.95,D-rand,0.95
5027,D,3,A,0.41,0.2,0.41,0.22,0.07,0.3,477,2.0034e-05,0,0.3,D-rand,0.41
5029,B,1,A,0.45,0.26,0.45,0.4,0.13,0.02,485,2.037e-05,0,0.4,D-rand,0.45
5030,C,2,C,0.85,0.8,0.03,0.11,0.85,0.01,473,1.9866000000000003e-05,1,0.85,D-rand,0.85
5032,C,2,C,0.86,0.81,0.09,0.02,0.86,0.03,435,1.827e-05,1,0.86,D-rand,0.86
5034,C,2,B,0.49,0.32,0.19,0.49,0.31,0.01,459,1.9278e-05,0,0.31,D-rand,0.49
5036,C,2,B,0.64,0.53,0.13,0.64,0.18,0.05,421,1.7682e-05,0,0.18,D-rand,0.64
5038,A,0,D,0.46,0.27,0.43,0.05,0.06,0.46,439,1.8438e-05,0,0.43,D-rand,0.46
5035,D,3,D,0.5,0.33,0.12,0.25,0.13,0.5,486,2.0412e-05,1,0.5,D-rand,0.5
5040,C,2,C,0.91,0.88,0.01,0.07,0.91,0.01,489,2.0538e-05,1,0.91,D-rand,0.91
5039,C,2,C,0.4,0.2,0.1,0.11,0.4,0.39,500,2.1e-05,1,0.4,D-rand,0.4
5042,B,1,B,0.78,0.71,0.15,0.78,0.01,0.06,471,1.9782000000000005e-05,1,0.78,D-rand,0.78
5045,C,2,C,0.51,0.35,0.11,0.36,0.51,0.02,563,2.3646000000000004e-05,1,0.51,D-rand,0.51
5046,D,3,D,0.64,0.51,0.11,0.08,0.17,0.64,422,1.7724000000000002e-05,1,0.64,D-rand,0.64
5047,A,0,A,0.58,0.45,0.58,0.09,0.04,0.29,450,1.89e-05,1,0.58,D-rand,0.58
5049,D,3,D,0.51,0.35,0.44,0.02,0.03,0.51,457,1.9194000000000003e-05,1,0.51,D-rand,0.51
5050,C,2,C,0.99,0.98,0.01,0.0,0.99,0.0,500,2.1e-05,1,0.99,D-rand,0.99
5051,B,1,B,0.53,0.36,0.15,0.53,0.1,0.22,438,1.8396e-05,1,0.53,D-rand,0.53
5043,C,2,A,0.49,0.33,0.49,0.16,0.26,0.09,541,2.2722e-05,0,0.26,D-rand,0.49
5052,B,1,B,0.98,0.96,0.0,0.98,0.01,0.01,434,1.8228e-05,1,0.98,D-rand,0.98
5054,D,3,D,1.0,1.0,0.0,0.0,0.0,1.0,555,2.331e-05,1,1.0,D-rand,1.0
5057,B,1,B,0.88,0.84,0.02,0.88,0.09,0.01,397,1.6674e-05,1,0.88,D-rand,0.88
5053,B,1,B,0.75,0.67,0.24,0.75,0.01,0.0,441,1.8522000000000003e-05,1,0.75,D-rand,0.75
5055,D,3,D,0.7000000000000001,0.6000000000000001,0.03,0.26,0.01,0.7000000000000001,425,1.7850000000000004e-05,1,0.7000000000000001,D-rand,0.7000000000000001
5058,C,2,C,0.89,0.86,0.02,0.06,0.89,0.03,472,1.9824e-05,1,0.89,D-rand,0.89
5056,C,2,C,0.85,0.81,0.08,0.01,0.85,0.06,483,2.0286e-05,1,0.85,D-rand,0.85
5059,B,1,B,0.68,0.5700000000000001,0.28,0.68,0.02,0.02,416,1.7472e-05,1,0.68,D-rand,0.68
5060,A,0,A,0.37,0.16,0.37,0.14,0.36,0.13,482,2.0244e-05,1,0.37,D-rand,0.37
5061,D,3,D,0.94,0.91,0.02,0.04,0.0,0.94,455,1.911e-05,1,0.94,D-rand,0.94
5062,D,3,D,0.99,0.99,0.01,0.0,0.0,0.99,464,1.9488000000000004e-05,1,0.99,D-rand,0.99
5066,D,3,C,0.61,0.48,0.08,0.02,0.61,0.29,463,1.9446e-05,0,0.29,D-rand,0.61
5068,D,3,A,0.43,0.24,0.43,0.1,0.28,0.19,538,2.2596e-05,0,0.19,D-rand,0.43
5063,B,1,B,0.74,0.64,0.01,0.74,0.02,0.23,476,1.9992e-05,1,0.74,D-rand,0.74
5064,A,0,A,0.47,0.29,0.47,0.04,0.41,0.08,462,1.9404e-05,1,0.47,D-rand,0.47
5069,D,3,A,0.51,0.34,0.51,0.12,0.19,0.18,487,2.0454e-05,0,0.18,D-rand,0.51
5067,A,0,A,0.46,0.29,0.46,0.24,0.24,0.06,432,1.8144e-05,1,0.46,D-rand,0.46
5071,C,2,C,0.41,0.21,0.09,0.21,0.41,0.29,466,1.9572e-05,1,0.41,D-rand,0.41
5072,A,0,C,0.339999999999999,0.13,0.22,0.33,0.339999999999999,0.11,518,2.1756000000000003e-05,0,0.22,D-rand,0.339999999999999
5074,D,3,D,0.6900000000000001,0.58,0.29,0.01,0.01,0.6900000000000001,475,1.9950000000000004e-05,1,0.6900000000000001,D-rand,0.6900000000000001
5075,A,0,A,0.87,0.8300000000000001,0.87,0.09,0.02,0.02,593,2.4906000000000005e-05,1,0.87,D-rand,0.87
5076,B,1,B,0.88,0.84,0.11,0.88,0.0,0.01,471,1.9782000000000005e-05,1,0.88,D-rand,0.88
5078,B,1,A,0.58,0.43,0.58,0.42,0.0,0.0,501,2.1042000000000003e-05,0,0.42,D-rand,0.58
5080,D,3,D,0.67,0.5700000000000001,0.07,0.03,0.23,0.67,429,1.8018000000000003e-05,1,0.67,D-rand,0.67
5079,B,1,C,0.79,0.73,0.04,0.11,0.79,0.06,493,2.0706000000000005e-05,0,0.11,D-rand,0.79
5081,C,2,A,0.4,0.2,0.4,0.2,0.14,0.26,460,1.932e-05,0,0.14,D-rand,0.4
5083,B,1,D,0.67,0.5700000000000001,0.09,0.11,0.13,0.67,493,2.0706000000000005e-05,0,0.11,D-rand,0.67
5077,D,3,D,1.0,0.99,0.0,0.0,0.0,1.0,438,1.8396e-05,1,1.0,D-rand,1.0
5086,A,0,A,0.99,0.98,0.99,0.0,0.0,0.01,457,1.9194000000000003e-05,1,0.99,D-rand,0.99
5087,A,0,A,1.0,0.99,1.0,0.0,0.0,0.0,456,1.9152e-05,1,1.0,D-rand,1.0
5088,B,1,B,0.91,0.89,0.04,0.91,0.04,0.01,493,2.0706000000000005e-05,1,0.91,D-rand,0.91
5090,C,2,C,1.0,1.0,0.0,0.0,1.0,0.0,441,1.8522000000000003e-05,1,1.0,D-rand,1.0
5091,A,0,D,0.54,0.38,0.2,0.11,0.15,0.54,467,1.9614e-05,0,0.2,D-rand,0.54
5084,A,0,A,0.76,0.68,0.76,0.06,0.13,0.05,559,2.3478e-05,1,0.76,D-rand,0.76
5089,A,0,A,0.6000000000000001,0.46,0.6000000000000001,0.09,0.24,0.07,443,1.8606e-05,1,0.6000000000000001,D-rand,0.6000000000000001
5094,D,3,D,0.73,0.64,0.01,0.01,0.25,0.73,483,2.0286e-05,1,0.73,D-rand,0.73
5096,B,1,B,0.89,0.86,0.04,0.89,0.0,0.07,477,2.0034e-05,1,0.89,D-rand,0.89
5098,C,2,C,1.0,0.99,0.0,0.0,1.0,0.0,437,1.8354e-05,1,1.0,D-rand,1.0
5097,D,3,D,0.96,0.94,0.0,0.0,0.04,0.96,458,1.9236e-05,1,0.96,D-rand,0.96
5099,A,0,A,0.76,0.67,0.76,0.18,0.01,0.05,487,2.0454e-05,1,0.76,D-rand,0.76
5092,C,2,C,0.96,0.94,0.02,0.01,0.96,0.01,439,1.8438e-05,1,0.96,D-rand,0.96
5100,A,0,A,0.63,0.5,0.63,0.33,0.02,0.02,478,2.0076e-05,1,0.63,D-rand,0.63
5101,A,0,D,0.81,0.74,0.18,0.01,0.0,0.81,455,1.911e-05,0,0.18,D-rand,0.81
5104,B,1,B,0.8,0.74,0.08,0.8,0.05,0.07,477,2.0034e-05,1,0.8,D-rand,0.8
5102,C,2,A,0.62,0.5,0.62,0.03,0.17,0.18,494,2.0748000000000005e-05,0,0.17,D-rand,0.62
5103,B,1,B,1.0,0.99,0.0,1.0,0.0,0.0,571,2.3982e-05,1,1.0,D-rand,1.0
5105,A,0,A,0.48,0.3,0.48,0.41,0.08,0.03,446,1.8732000000000003e-05,1,0.48,D-rand,0.48
5106,C,2,C,0.85,0.79,0.03,0.07,0.85,0.05,467,1.9614e-05,1,0.85,D-rand,0.85
5107,B,1,D,0.49,0.33,0.18,0.17,0.16,0.49,440,1.848e-05,0,0.17,D-rand,0.49
5108,A,0,A,0.77,0.6900000000000001,0.77,0.07,0.14,0.02,470,1.974e-05,1,0.77,D-rand,0.77
5109,B,1,B,0.459999999999999,0.29,0.12,0.459999999999999,0.05,0.37,413,1.7346e-05,1,0.459999999999999,D-rand,0.459999999999999
5110,C,2,B,0.65,0.54,0.14,0.65,0.16,0.05,452,1.8984000000000003e-05,0,0.16,D-rand,0.65
5111,B,1,A,0.45,0.27,0.45,0.12,0.37,0.06,469,1.9698e-05,0,0.12,D-rand,0.45
5115,B,1,B,0.35,0.13,0.15,0.35,0.3,0.2,472,1.9824e-05,1,0.35,D-rand,0.35
5114,C,2,D,0.6900000000000001,0.58,0.03,0.04,0.24,0.6900000000000001,546,2.2932000000000003e-05,0,0.24,D-rand,0.6900000000000001
5112,B,1,A,0.56,0.4,0.56,0.05,0.3,0.09,494,2.0748000000000005e-05,0,0.05,D-rand,0.56
5116,B,1,B,0.48,0.3,0.46,0.48,0.02,0.04,493,2.0706000000000005e-05,1,0.48,D-rand,0.48
5117,D,3,B,0.32,0.09,0.3,0.32,0.07,0.31,469,1.9698e-05,0,0.31,D-rand,0.32
5118,C,2,C,0.77,0.68,0.03,0.04,0.77,0.16,426,1.7892000000000004e-05,1,0.77,D-rand,0.77
5119,C,2,C,0.6900000000000001,0.59,0.13,0.07,0.6900000000000001,0.11,418,1.7556000000000003e-05,1,0.6900000000000001,D-rand,0.6900000000000001
5120,C,2,B,0.38,0.17,0.09,0.38,0.24,0.29,431,1.8102e-05,0,0.24,D-rand,0.38
5121,D,3,D,0.95,0.93,0.02,0.01,0.02,0.95,456,1.9152e-05,1,0.95,D-rand,0.95
5122,C,2,C,0.29,0.06,0.19,0.23,0.29,0.29,412,1.7304000000000002e-05,1,0.29,D-rand,0.29
5123,C,2,C,0.72,0.63,0.21,0.05,0.72,0.02,441,1.8522000000000003e-05,1,0.72,D-rand,0.72
5124,A,0,A,0.86,0.8200000000000001,0.86,0.03,0.08,0.03,447,1.8774000000000004e-05,1,0.86,D-rand,0.86
5125,B,1,B,0.93,0.91,0.04,0.93,0.0,0.03,445,1.869e-05,1,0.93,D-rand,0.93
5126,C,2,C,1.0,1.0,0.0,0.0,1.0,0.0,489,2.0538e-05,1,1.0,D-rand,1.0
5127,B,1,B,1.0,0.99,0.0,1.0,0.0,0.0,516,2.1672000000000005e-05,1,1.0,D-rand,1.0
5113,D,3,D,0.96,0.94,0.03,0.0,0.01,0.96,472,1.9824e-05,1,0.96,D-rand,0.96
5129,A,0,A,0.74,0.64,0.74,0.02,0.01,0.23,446,1.8732000000000003e-05,1,0.74,D-rand,0.74
5128,D,3,D,0.85,0.8,0.03,0.03,0.09,0.85,533,2.2386e-05,1,0.85,D-rand,0.85
5085,D,3,D,0.32,0.1,0.14,0.24,0.3,0.32,497,2.0874000000000004e-05,1,0.32,D-rand,0.32
5130,C,2,C,0.6000000000000001,0.46,0.14,0.05,0.6000000000000001,0.21,515,2.163e-05,1,0.6000000000000001,D-rand,0.6000000000000001
5131,C,2,C,0.8300000000000001,0.77,0.09,0.07,0.8300000000000001,0.01,571,2.3982e-05,1,0.8300000000000001,D-rand,0.8300000000000001
5132,C,2,A,0.79,0.72,0.79,0.03,0.11,0.07,481,2.0202e-05,0,0.11,D-rand,0.79
5133,C,2,B,0.53,0.37,0.21,0.53,0.21,0.05,531,2.2302e-05,0,0.21,D-rand,0.53
5134,A,0,A,0.94,0.93,0.94,0.02,0.03,0.01,473,1.9866000000000003e-05,1,0.94,D-rand,0.94
5136,D,3,B,0.64,0.53,0.14,0.64,0.11,0.11,483,2.0286e-05,0,0.11,D-rand,0.64
5139,B,1,B,1.0,0.99,0.0,1.0,0.0,0.0,432,1.8144e-05,1,1.0,D-rand,1.0
5135,B,1,B,0.94,0.92,0.02,0.94,0.02,0.02,484,2.0328000000000003e-05,1,0.94,D-rand,0.94
5140,A,0,A,0.36,0.15,0.36,0.3,0.27,0.07,420,1.764e-05,1,0.36,D-rand,0.36
5138,A,0,B,0.71,0.6000000000000001,0.09,0.71,0.11,0.09,472,1.9824e-05,0,0.09,D-rand,0.71
5141,A,0,B,0.85,0.8,0.09,0.85,0.05,0.01,503,2.1126e-05,0,0.09,D-rand,0.85
5142,B,1,A,0.72,0.62,0.72,0.09,0.07,0.12,492,2.0664e-05,0,0.09,D-rand,0.72
5143,A,0,A,0.809999999999999,0.76,0.809999999999999,0.09,0.04,0.06,459,1.9278e-05,1,0.809999999999999,D-rand,0.809999999999999
5145,C,2,C,0.75,0.67,0.16,0.03,0.75,0.06,453,1.9026000000000004e-05,1,0.75,D-rand,0.75
5146,A,0,B,0.44,0.25,0.28,0.44,0.23,0.05,443,1.8606e-05,0,0.28,D-rand,0.44
5148,D,3,D,0.95,0.93,0.03,0.01,0.01,0.95,448,1.8816000000000004e-05,1,0.95,D-rand,0.95
5144,B,1,B,0.92,0.89,0.05,0.92,0.02,0.01,464,1.9488000000000004e-05,1,0.92,D-rand,0.92
5149,B,1,D,0.49,0.32,0.22,0.27,0.02,0.49,475,1.9950000000000004e-05,0,0.27,D-rand,0.49
5152,B,1,C,0.66,0.55,0.17,0.1,0.66,0.07,449,1.8858e-05,0,0.1,D-rand,0.66
5153,C,2,D,0.58,0.45,0.27,0.05,0.1,0.58,473,1.9866000000000003e-05,0,0.1,D-rand,0.58
5154,B,1,B,0.78,0.71,0.16,0.78,0.02,0.04,421,1.7682e-05,1,0.78,D-rand,0.78
5151,B,1,B,1.0,1.0,0.0,1.0,0.0,0.0,480,2.016e-05,1,1.0,D-rand,1.0
5155,D,3,D,1.0,0.99,0.0,0.0,0.0,1.0,479,2.0118000000000003e-05,1,1.0,D-rand,1.0
5156,B,1,B,0.8,0.74,0.05,0.8,0.02,0.13,461,1.9362e-05,1,0.8,D-rand,0.8
5159,A,0,A,0.99,0.98,0.99,0.01,0.0,0.0,415,1.743e-05,1,0.99,D-rand,0.99
5161,A,0,B,0.34,0.12,0.2,0.34,0.18,0.28,513,2.1546e-05,0,0.2,D-rand,0.34
5162,A,0,A,0.9,0.87,0.9,0.05,0.02,0.03,424,1.7808000000000003e-05,1,0.9,D-rand,0.9
5158,D,3,D,0.87,0.84,0.08,0.03,0.02,0.87,446,1.8732000000000003e-05,1,0.87,D-rand,0.87
5163,A,0,C,0.63,0.52,0.02,0.03,0.63,0.32,470,1.974e-05,0,0.02,D-rand,0.63
5166,C,2,C,0.36,0.14,0.3,0.15,0.36,0.19,506,2.1252000000000003e-05,1,0.36,D-rand,0.36
5160,B,1,B,0.98,0.98,0.01,0.98,0.01,0.0,455,1.911e-05,1,0.98,D-rand,0.98
5164,A,0,D,0.66,0.53,0.1,0.19,0.05,0.66,471,1.9782000000000005e-05,0,0.1,D-rand,0.66
5167,C,2,B,0.66,0.53,0.03,0.66,0.31,0.0,405,1.701e-05,0,0.31,D-rand,0.66
5168,D,3,D,0.6900000000000001,0.58,0.01,0.29,0.01,0.6900000000000001,444,1.8648e-05,1,0.6900000000000001,D-rand,0.6900000000000001
5169,D,3,B,0.36,0.13,0.29,0.36,0.15,0.2,453,1.9026000000000004e-05,0,0.2,D-rand,0.36
5170,B,1,A,0.78,0.72,0.78,0.05,0.08,0.09,530,2.226e-05,0,0.05,D-rand,0.78
5173,B,1,B,1.0,1.0,0.0,1.0,0.0,0.0,460,1.932e-05,1,1.0,D-rand,1.0
5171,B,1,A,0.75,0.67,0.75,0.06,0.17,0.02,498,2.0916000000000004e-05,0,0.06,D-rand,0.75
5174,B,1,B,0.72,0.62,0.02,0.72,0.26,0.0,438,1.8396e-05,1,0.72,D-rand,0.72
5175,D,3,D,0.5700000000000001,0.43,0.17,0.21,0.05,0.5700000000000001,432,1.8144e-05,1,0.5700000000000001,D-rand,0.5700000000000001
5178,D,3,B,0.48,0.3,0.27,0.48,0.05,0.2,456,1.9152e-05,0,0.2,D-rand,0.48
5177,A,0,A,0.71,0.62,0.71,0.15,0.11,0.03,482,2.0244e-05,1,0.71,D-rand,0.71
5176,C,2,C,1.0,1.0,0.0,0.0,1.0,0.0,493,2.0706000000000005e-05,1,1.0,D-rand,1.0
5179,D,3,D,0.68,0.5700000000000001,0.19,0.06,0.07,0.68,467,1.9614e-05,1,0.68,D-rand,0.68
5180,A,0,A,0.44,0.25,0.44,0.24,0.13,0.19,467,1.9614e-05,1,0.44,D-rand,0.44
5184,D,3,D,0.86,0.8200000000000001,0.05,0.03,0.06,0.86,517,2.1714000000000003e-05,1,0.86,D-rand,0.86
5181,C,2,C,0.99,0.98,0.0,0.0,0.99,0.01,463,1.9446e-05,1,0.99,D-rand,0.99
5183,B,1,B,0.8300000000000001,0.78,0.04,0.8300000000000001,0.05,0.08,516,2.1672000000000005e-05,1,0.8300000000000001,D-rand,0.8300000000000001
5187,D,3,D,0.67,0.56,0.03,0.27,0.03,0.67,545,2.2890000000000003e-05,1,0.67,D-rand,0.67
5190,A,0,C,0.47,0.3,0.14,0.16,0.47,0.23,476,1.9992e-05,0,0.14,D-rand,0.47
5185,B,1,B,0.35,0.13,0.22,0.35,0.25,0.18,475,1.9950000000000004e-05,1,0.35,D-rand,0.35
5188,D,3,D,0.87,0.8300000000000001,0.06,0.02,0.05,0.87,434,1.8228e-05,1,0.87,D-rand,0.87
5189,D,3,C,0.87,0.8300000000000001,0.05,0.02,0.87,0.06,453,1.9026000000000004e-05,0,0.06,D-rand,0.87
5191,A,0,A,0.36,0.14,0.36,0.15,0.26,0.23,515,2.163e-05,1,0.36,D-rand,0.36
5192,C,2,C,0.64,0.52,0.26,0.08,0.64,0.02,423,1.7766000000000002e-05,1,0.64,D-rand,0.64
5193,D,3,D,0.75,0.68,0.13,0.02,0.1,0.75,420,1.764e-05,1,0.75,D-rand,0.75
5196,B,1,D,0.36,0.16,0.14,0.14,0.36,0.36,557,2.3394e-05,0,0.14,D-rand,0.36
5197,A,0,D,0.52,0.36,0.04,0.01,0.43,0.52,473,1.9866000000000003e-05,0,0.04,D-rand,0.52
5195,A,0,B,0.6000000000000001,0.47,0.21,0.6000000000000001,0.02,0.17,450,1.89e-05,0,0.21,D-rand,0.6000000000000001
5199,C,2,C,0.54,0.39,0.26,0.11,0.54,0.09,508,2.1336e-05,1,0.54,D-rand,0.54
5198,D,3,C,0.809999999999999,0.76,0.12,0.02,0.809999999999999,0.05,491,2.0622e-05,0,0.05,D-rand,0.809999999999999
5200,D,3,A,0.51,0.35,0.51,0.16,0.18,0.15,456,1.9152e-05,0,0.15,D-rand,0.51
5202,D,3,D,0.52,0.36,0.2,0.06,0.22,0.52,446,1.8732000000000003e-05,1,0.52,D-rand,0.52
5201,A,0,A,0.99,0.99,0.99,0.0,0.0,0.01,464,1.9488000000000004e-05,1,0.99,D-rand,0.99
5204,A,0,D,0.5,0.34,0.44,0.02,0.04,0.5,505,2.121e-05,0,0.44,D-rand,0.5
5208,C,2,A,0.56,0.42,0.56,0.2,0.18,0.06,451,1.8942000000000003e-05,0,0.18,D-rand,0.56
5203,A,0,C,0.72,0.62,0.11,0.1,0.72,0.07,463,1.9446e-05,0,0.11,D-rand,0.72
5209,B,1,B,0.99,0.99,0.01,0.99,0.0,0.0,469,1.9698e-05,1,0.99,D-rand,0.99
5210,A,0,A,0.84,0.79,0.84,0.04,0.09,0.03,442,1.8564e-05,1,0.84,D-rand,0.84
5213,A,0,A,0.53,0.37,0.53,0.22,0.08,0.17,432,1.8144e-05,1,0.53,D-rand,0.53
5212,D,3,D,1.0,0.99,0.0,0.0,0.0,1.0,480,2.016e-05,1,1.0,D-rand,1.0
5211,C,2,A,0.51,0.34,0.51,0.05,0.36,0.08,433,1.8186e-05,0,0.36,D-rand,0.51
5216,B,1,B,0.92,0.89,0.05,0.92,0.02,0.01,450,1.89e-05,1,0.92,D-rand,0.92
5217,D,3,D,0.96,0.95,0.03,0.0,0.01,0.96,485,2.037e-05,1,0.96,D-rand,0.96
5214,A,0,A,0.95,0.95,0.95,0.03,0.01,0.01,440,1.848e-05,1,0.95,D-rand,0.95
5215,B,1,B,0.81,0.75,0.04,0.81,0.1,0.05,425,1.7850000000000004e-05,1,0.81,D-rand,0.81
5221,D,3,D,0.38,0.18,0.19,0.18,0.25,0.38,434,1.8228e-05,1,0.38,D-rand,0.38
5220,C,2,A,0.74,0.66,0.74,0.11,0.11,0.04,535,2.247e-05,0,0.11,D-rand,0.74
5218,A,0,A,0.58,0.43,0.58,0.08,0.3,0.04,550,2.31e-05,1,0.58,D-rand,0.58
5222,C,2,A,0.37,0.17,0.37,0.05,0.3,0.28,454,1.9068e-05,0,0.3,D-rand,0.37
5224,D,3,D,0.87,0.8300000000000001,0.01,0.11,0.01,0.87,481,2.0202e-05,1,0.87,D-rand,0.87
5226,C,2,C,0.94,0.91,0.03,0.03,0.94,0.0,520,2.1840000000000004e-05,1,0.94,D-rand,0.94
5229,C,2,C,0.97,0.96,0.01,0.02,0.97,0.0,484,2.0328000000000003e-05,1,0.97,D-rand,0.97
5223,B,1,B,0.8200000000000001,0.77,0.14,0.8200000000000001,0.02,0.02,430,1.8060000000000003e-05,1,0.8200000000000001,D-rand,0.8200000000000001
5228,B,1,B,0.8200000000000001,0.76,0.05,0.8200000000000001,0.01,0.12,454,1.9068e-05,1,0.8200000000000001,D-rand,0.8200000000000001
5230,D,3,A,0.44,0.25,0.44,0.14,0.36,0.06,456,1.9152e-05,0,0.06,D-rand,0.44
5225,A,0,A,0.679999999999999,0.59,0.679999999999999,0.19,0.07,0.06,446,1.8732000000000003e-05,1,0.679999999999999,D-rand,0.679999999999999
5231,C,2,C,0.9,0.87,0.05,0.03,0.9,0.02,496,2.0832000000000003e-05,1,0.9,D-rand,0.9
5233,C,2,B,0.73,0.63,0.21,0.73,0.04,0.02,466,1.9572e-05,0,0.04,D-rand,0.73
5235,A,0,A,0.6000000000000001,0.47,0.6000000000000001,0.02,0.09,0.29,461,1.9362e-05,1,0.6000000000000001,D-rand,0.6000000000000001
5237,B,1,B,0.61,0.49,0.14,0.61,0.18,0.07,527,2.2134e-05,1,0.61,D-rand,0.61
5236,C,2,B,0.34,0.12,0.28,0.34,0.1,0.27,437,1.8354e-05,0,0.1,D-rand,0.34
5234,B,1,B,0.98,0.97,0.02,0.98,0.0,0.0,493,2.0706000000000005e-05,1,0.98,D-rand,0.98
5238,C,2,D,0.56,0.41,0.16,0.02,0.26,0.56,456,1.9152e-05,0,0.26,D-rand,0.56
5232,C,2,B,0.54,0.38,0.12,0.54,0.29,0.05,466,1.9572e-05,0,0.29,D-rand,0.54
5240,B,1,C,0.49,0.32,0.18,0.14,0.49,0.19,417,1.7514000000000002e-05,0,0.14,D-rand,0.49
5239,A,0,A,0.91,0.89,0.91,0.04,0.02,0.03,574,2.4108000000000004e-05,1,0.91,D-rand,0.91
5242,D,3,C,0.7000000000000001,0.59,0.25,0.03,0.7000000000000001,0.02,432,1.8144e-05,0,0.02,D-rand,0.7000000000000001
5241,C,2,C,0.73,0.65,0.1,0.01,0.73,0.16,503,2.1126e-05,1,0.73,D-rand,0.73
5244,A,0,C,0.35,0.14,0.22,0.36,0.35,0.07,431,1.8102e-05,0,0.22,D-rand,0.35
5245,C,2,C,0.85,0.79,0.11,0.01,0.85,0.03,455,1.911e-05,1,0.85,D-rand,0.85
5246,B,1,A,0.44,0.24,0.44,0.36,0.15,0.05,424,1.7808000000000003e-05,0,0.36,D-rand,0.44
5247,B,1,B,0.99,0.98,0.01,0.99,0.0,0.0,499,2.0958e-05,1,0.99,D-rand,0.99
5250,D,3,A,0.87,0.8200000000000001,0.87,0.01,0.01,0.11,423,1.7766000000000002e-05,0,0.11,D-rand,0.87
5248,D,3,B,0.8,0.73,0.06,0.8,0.03,0.11,480,2.016e-05,0,0.11,D-rand,0.8
5251,A,0,A,0.45,0.27,0.45,0.04,0.43,0.08,523,2.1966000000000003e-05,1,0.45,D-rand,0.45
5252,D,3,C,0.67,0.56,0.05,0.12,0.67,0.16,481,2.0202e-05,0,0.16,D-rand,0.67
5254,A,0,C,0.63,0.5,0.25,0.04,0.63,0.08,465,1.953e-05,0,0.25,D-rand,0.63
5253,B,1,B,0.81,0.75,0.14,0.81,0.03,0.02,458,1.9236e-05,1,0.81,D-rand,0.81
5255,C,2,C,0.96,0.96,0.02,0.01,0.96,0.01,448,1.8816000000000004e-05,1,0.96,D-rand,0.96
5258,B,1,B,0.99,0.98,0.0,0.99,0.0,0.01,475,1.9950000000000004e-05,1,0.99,D-rand,0.99
5257,B,1,B,0.99,0.98,0.0,0.99,0.0,0.01,428,1.7976000000000002e-05,1,0.99,D-rand,0.99
5256,A,0,A,0.85,0.8,0.85,0.13,0.0,0.02,463,1.9446e-05,1,0.85,D-rand,0.85
5259,B,1,B,0.9,0.86,0.08,0.9,0.01,0.01,488,2.0496e-05,1,0.9,D-rand,0.9
5260,B,1,A,0.45,0.26,0.45,0.28,0.21,0.06,493,2.0706000000000005e-05,0,0.28,D-rand,0.45
5263,C,2,C,0.94,0.92,0.02,0.03,0.94,0.01,458,1.9236e-05,1,0.94,D-rand,0.94
5262,A,0,B,0.459999999999999,0.29,0.36,0.459999999999999,0.04,0.14,501,2.1042000000000003e-05,0,0.36,D-rand,0.459999999999999
5264,D,3,D,0.8200000000000001,0.77,0.08,0.07,0.03,0.8200000000000001,443,1.8606e-05,1,0.8200000000000001,D-rand,0.8200000000000001
5267,C,2,C,0.71,0.61,0.09,0.08,0.71,0.12,478,2.0076e-05,1,0.71,D-rand,0.71
5268,B,1,B,0.66,0.54,0.04,0.66,0.25,0.05,587,2.4654e-05,1,0.66,D-rand,0.66
5266,C,2,A,0.42,0.23,0.42,0.13,0.19,0.26,432,1.8144e-05,0,0.19,D-rand,0.42
5270,C,2,C,0.75,0.66,0.06,0.17,0.75,0.02,462,1.9404e-05,1,0.75,D-rand,0.75
5271,C,2,B,0.51,0.36,0.13,0.51,0.2,0.16,456,1.9152e-05,0,0.2,D-rand,0.51
5272,D,3,C,0.55,0.4,0.14,0.02,0.55,0.29,543,2.2806000000000005e-05,0,0.29,D-rand,0.55
5274,C,2,C,1.0,1.0,0.0,0.0,1.0,0.0,497,2.0874000000000004e-05,1,1.0,D-rand,1.0
5275,A,0,A,1.0,1.0,1.0,0.0,0.0,0.0,470,1.974e-05,1,1.0,D-rand,1.0
5276,B,1,B,0.81,0.75,0.14,0.81,0.01,0.04,533,2.2386e-05,1,0.81,D-rand,0.81
5273,C,2,C,0.46,0.27,0.07,0.16,0.46,0.31,580,2.436e-05,1,0.46,D-rand,0.46
5277,C,2,C,0.79,0.71,0.11,0.05,0.79,0.05,501,2.1042000000000003e-05,1,0.79,D-rand,0.79
5278,A,0,B,0.64,0.52,0.23,0.64,0.07,0.06,451,1.8942000000000003e-05,0,0.23,D-rand,0.64
5279,C,2,C,0.73,0.64,0.05,0.12,0.73,0.1,445,1.869e-05,1,0.73,D-rand,0.73
5280,A,0,A,0.98,0.98,0.98,0.01,0.0,0.01,483,2.0286e-05,1,0.98,D-rand,0.98
5281,D,3,C,0.41,0.22,0.21,0.23,0.41,0.15,451,1.8942000000000003e-05,0,0.15,D-rand,0.41
5282,C,2,B,0.89,0.84,0.02,0.89,0.03,0.06,491,2.0622e-05,0,0.03,D-rand,0.89
5284,B,1,A,0.71,0.62,0.71,0.15,0.07,0.07,471,1.9782000000000005e-05,0,0.15,D-rand,0.71
5285,C,2,C,0.63,0.5,0.08,0.26,0.63,0.03,473,1.9866000000000003e-05,1,0.63,D-rand,0.63
5286,B,1,B,0.73,0.64,0.12,0.73,0.1,0.05,441,1.8522000000000003e-05,1,0.73,D-rand,0.73
5283,C,2,C,0.7000000000000001,0.6000000000000001,0.15,0.05,0.7000000000000001,0.1,463,1.9446e-05,1,0.7000000000000001,D-rand,0.7000000000000001
5287,B,1,C,0.46,0.28,0.11,0.28,0.46,0.15,443,1.8606e-05,0,0.28,D-rand,0.46
5288,C,2,C,0.6900000000000001,0.58,0.24,0.03,0.6900000000000001,0.04,483,2.0286e-05,1,0.6900000000000001,D-rand,0.6900000000000001
5289,D,3,A,0.5,0.33,0.5,0.07,0.22,0.21,612,2.5704000000000003e-05,0,0.21,D-rand,0.5
5290,D,3,D,0.34,0.13,0.31,0.29,0.06,0.34,451,1.8942000000000003e-05,1,0.34,D-rand,0.34
5291,C,2,C,0.43,0.24,0.13,0.39,0.43,0.05,461,1.9362e-05,1,0.43,D-rand,0.43
5293,D,3,C,0.84,0.78,0.01,0.01,0.84,0.14,477,2.0034e-05,0,0.14,D-rand,0.84
5292,B,1,A,0.5,0.33,0.5,0.26,0.14,0.1,444,1.8648e-05,0,0.26,D-rand,0.5
5295,B,1,D,0.56,0.4,0.12,0.25,0.07,0.56,439,1.8438e-05,0,0.25,D-rand,0.56
5296,B,1,B,0.92,0.88,0.06,0.92,0.01,0.01,468,1.9656000000000003e-05,1,0.92,D-rand,0.92
5297,A,0,A,0.33,0.11,0.33,0.3,0.1,0.27,471,1.9782000000000005e-05,1,0.33,D-rand,0.33
5294,D,3,A,0.52,0.37,0.52,0.21,0.06,0.21,433,1.8186e-05,0,0.21,D-rand,0.52
5300,C,2,B,0.49,0.33,0.16,0.49,0.16,0.19,463,1.9446e-05,0,0.16,D-rand,0.49
5299,D,3,D,0.95,0.94,0.01,0.02,0.02,0.95,484,2.0328000000000003e-05,1,0.95,D-rand,0.95
5301,A,0,D,0.45,0.26,0.22,0.17,0.16,0.45,456,1.9152e-05,0,0.22,D-rand,0.45
5302,A,0,B,0.36,0.15,0.14,0.36,0.36,0.14,450,1.89e-05,0,0.14,D-rand,0.36
5304,C,2,D,0.63,0.52,0.04,0.04,0.29,0.63,570,2.3940000000000005e-05,0,0.29,D-rand,0.63
5303,C,2,C,0.89,0.84,0.06,0.01,0.89,0.04,469,1.9698e-05,1,0.89,D-rand,0.89
5305,C,2,A,0.51,0.34,0.51,0.18,0.26,0.05,456,1.9152e-05,0,0.26,D-rand,0.51
5307,B,1,B,0.65,0.55,0.12,0.65,0.19,0.04,450,1.89e-05,1,0.65,D-rand,0.65
5306,D,3,D,0.54,0.39,0.2,0.18,0.08,0.54,418,1.7556000000000003e-05,1,0.54,D-rand,0.54
5308,A,0,A,0.72,0.63,0.72,0.14,0.06,0.08,489,2.0538e-05,1,0.72,D-rand,0.72
5309,A,0,D,0.6000000000000001,0.47,0.21,0.14,0.05,0.6000000000000001,481,2.0202e-05,0,0.21,D-rand,0.6000000000000001
5310,A,0,B,0.53,0.37,0.41,0.53,0.05,0.01,479,2.0118000000000003e-05,0,0.41,D-rand,0.53
5313,B,1,D,0.33,0.11,0.21,0.16,0.3,0.33,429,1.8018000000000003e-05,0,0.16,D-rand,0.33
5311,D,3,D,0.87,0.8200000000000001,0.11,0.01,0.01,0.87,487,2.0454e-05,1,0.87,D-rand,0.87
5312,D,3,C,0.59,0.47,0.01,0.01,0.59,0.39,498,2.0916000000000004e-05,0,0.39,D-rand,0.59
5316,C,2,C,0.6900000000000001,0.59,0.12,0.15,0.6900000000000001,0.04,400,1.6800000000000002e-05,1,0.6900000000000001,D-rand,0.6900000000000001
5317,A,0,C,0.49,0.32,0.4,0.01,0.49,0.1,511,2.1462e-05,0,0.4,D-rand,0.49
5319,C,2,C,0.96,0.94,0.01,0.02,0.96,0.01,480,2.016e-05,1,0.96,D-rand,0.96
5318,C,2,A,0.33,0.1,0.33,0.31,0.27,0.09,453,1.9026000000000004e-05,0,0.27,D-rand,0.33
5321,B,1,B,0.51,0.34,0.05,0.51,0.41,0.03,470,1.974e-05,1,0.51,D-rand,0.51
5320,A,0,A,0.53,0.37,0.53,0.06,0.4,0.01,467,1.9614e-05,1,0.53,D-rand,0.53
5322,B,1,B,0.97,0.96,0.02,0.97,0.0,0.01,479,2.0118000000000003e-05,1,0.97,D-rand,0.97
5323,B,1,D,0.48,0.3,0.16,0.03,0.33,0.48,444,1.8648e-05,0,0.03,D-rand,0.48
5324,C,2,C,0.88,0.8300000000000001,0.01,0.0,0.88,0.11,426,1.7892000000000004e-05,1,0.88,D-rand,0.88
5325,D,3,D,0.9,0.86,0.04,0.04,0.02,0.9,455,1.911e-05,1,0.9,D-rand,0.9
5326,D,3,D,1.0,1.0,0.0,0.0,0.0,1.0,527,2.2134e-05,1,1.0,D-rand,1.0
5328,A,0,A,0.85,0.79,0.85,0.05,0.09,0.01,505,2.121e-05,1,0.85,D-rand,0.85
5329,A,0,A,0.79,0.72,0.79,0.14,0.05,0.02,499,2.0958e-05,1,0.79,D-rand,0.79
5327,A,0,A,1.0,1.0,1.0,0.0,0.0,0.0,478,2.0076e-05,1,1.0,D-rand,1.0
5331,A,0,A,0.97,0.96,0.97,0.01,0.02,0.0,491,2.0622e-05,1,0.97,D-rand,0.97
5332,A,0,A,0.74,0.65,0.74,0.01,0.0,0.25,490,2.058e-05,1,0.74,D-rand,0.74
5334,A,0,C,0.35,0.14,0.29,0.22,0.35,0.14,515,2.163e-05,0,0.29,D-rand,0.35
5333,D,3,D,0.99,0.98,0.01,0.0,0.0,0.99,434,1.8228e-05,1,0.99,D-rand,0.99
5336,D,3,D,0.76,0.6900000000000001,0.1,0.05,0.09,0.76,462,1.9404e-05,1,0.76,D-rand,0.76
5337,A,0,A,0.86,0.8200000000000001,0.86,0.1,0.03,0.01,522,2.1924e-05,1,0.86,D-rand,0.86
5339,C,2,C,0.59,0.45,0.32,0.03,0.59,0.06,501,2.1042000000000003e-05,1,0.59,D-rand,0.59
5335,A,0,A,0.73,0.64,0.73,0.05,0.07,0.15,435,1.827e-05,1,0.73,D-rand,0.73
5338,D,3,D,0.8300000000000001,0.76,0.08,0.07,0.02,0.8300000000000001,464,1.9488000000000004e-05,1,0.8300000000000001,D-rand,0.8300000000000001
5340,B,1,B,0.66,0.55,0.21,0.66,0.1,0.03,499,2.0958e-05,1,0.66,D-rand,0.66
5341,C,2,C,0.76,0.68,0.05,0.09,0.76,0.1,422,1.7724000000000002e-05,1,0.76,D-rand,0.76
5344,A,0,A,0.7000000000000001,0.6000000000000001,0.7000000000000001,0.08,0.02,0.2,479,2.0118000000000003e-05,1,0.7000000000000001,D-rand,0.7000000000000001
5342,B,1,C,0.59,0.45,0.01,0.35,0.59,0.05,422,1.7724000000000002e-05,0,0.35,D-rand,0.59
5345,D,3,D,0.99,0.98,0.01,0.0,0.0,0.99,482,2.0244e-05,1,0.99,D-rand,0.99
5346,A,0,D,0.5,0.34,0.38,0.09,0.03,0.5,466,1.9572e-05,0,0.38,D-rand,0.5
5343,B,1,B,0.96,0.94,0.01,0.96,0.03,0.0,433,1.8186e-05,1,0.96,D-rand,0.96
5347,C,2,C,0.38,0.18,0.33,0.27,0.38,0.02,434,1.8228e-05,1,0.38,D-rand,0.38
5349,A,0,A,0.6000000000000001,0.46,0.6000000000000001,0.05,0.33,0.02,439,1.8438e-05,1,0.6000000000000001,D-rand,0.6000000000000001
5348,B,1,B,0.46,0.28,0.32,0.46,0.05,0.17,475,1.9950000000000004e-05,1,0.46,D-rand,0.46
5350,C,2,C,0.65,0.52,0.21,0.13,0.65,0.01,476,1.9992e-05,1,0.65,D-rand,0.65
5351,B,1,B,0.91,0.87,0.01,0.91,0.01,0.07,511,2.1462e-05,1,0.91,D-rand,0.91
5352,A,0,A,0.8200000000000001,0.76,0.8200000000000001,0.14,0.02,0.02,474,1.9908000000000003e-05,1,0.8200000000000001,D-rand,0.8200000000000001
5355,A,0,B,0.73,0.64,0.24,0.73,0.01,0.02,435,1.827e-05,0,0.24,D-rand,0.73
5356,A,0,A,0.93,0.91,0.93,0.01,0.05,0.01,416,1.7472e-05,1,0.93,D-rand,0.93
5354,A,0,A,0.62,0.51,0.62,0.36,0.01,0.01,501,2.1042000000000003e-05,1,0.62,D-rand,0.62
5357,A,0,A,1.0,0.99,1.0,0.0,0.0,0.0,451,1.8942000000000003e-05,1,1.0,D-rand,1.0
5358,D,3,D,0.86,0.81,0.08,0.04,0.02,0.86,438,1.8396e-05,1,0.86,D-rand,0.86
5360,C,2,C,0.63,0.51,0.03,0.01,0.63,0.33,493,2.0706000000000005e-05,1,0.63,D-rand,0.63
5359,C,2,A,0.48,0.32,0.48,0.23,0.22,0.07,449,1.8858e-05,0,0.22,D-rand,0.48
5361,B,1,B,0.75,0.68,0.07,0.75,0.12,0.06,459,1.9278e-05,1,0.75,D-rand,0.75
5363,A,0,C,0.6000000000000001,0.47,0.28,0.08,0.6000000000000001,0.04,461,1.9362e-05,0,0.28,D-rand,0.6000000000000001
5364,A,0,A,0.72,0.63,0.72,0.11,0.11,0.06,576,2.4192e-05,1,0.72,D-rand,0.72
5367,C,2,B,0.42,0.23,0.23,0.42,0.15,0.2,458,1.9236e-05,0,0.15,D-rand,0.42
5368,D,3,D,0.93,0.91,0.02,0.04,0.01,0.93,439,1.8438e-05,1,0.93,D-rand,0.93
5362,D,3,C,0.39,0.19,0.2,0.26,0.39,0.15,464,1.9488000000000004e-05,0,0.15,D-rand,0.39
5369,A,0,A,0.46,0.28,0.46,0.12,0.09,0.33,557,2.3394e-05,1,0.46,D-rand,0.46
5370,A,0,B,0.67,0.55,0.05,0.67,0.23,0.05,472,1.9824e-05,0,0.05,D-rand,0.67
5373,D,3,B,0.56,0.41,0.12,0.56,0.14,0.18,452,1.8984000000000003e-05,0,0.18,D-rand,0.56
5372,C,2,C,0.99,0.98,0.01,0.0,0.99,0.0,482,2.0244e-05,1,0.99,D-rand,0.99
5371,D,3,D,1.0,0.99,0.0,0.0,0.0,1.0,447,1.8774000000000004e-05,1,1.0,D-rand,1.0
5375,A,0,A,0.86,0.8200000000000001,0.86,0.04,0.03,0.07,507,2.1294e-05,1,0.86,D-rand,0.86
5379,B,1,B,0.95,0.94,0.03,0.95,0.01,0.01,432,1.8144e-05,1,0.95,D-rand,0.95
5376,B,1,B,0.8300000000000001,0.78,0.06,0.8300000000000001,0.08,0.03,502,2.1084000000000003e-05,1,0.8300000000000001,D-rand,0.8300000000000001
5380,C,2,C,0.9,0.88,0.06,0.03,0.9,0.01,436,1.8312e-05,1,0.9,D-rand,0.9
5377,B,1,C,0.52,0.36,0.26,0.13,0.52,0.09,492,2.0664e-05,0,0.13,D-rand,0.52
5381,B,1,C,0.37,0.17,0.21,0.35,0.37,0.07,476,1.9992e-05,0,0.35,D-rand,0.37
5382,A,0,A,0.9,0.87,0.9,0.04,0.05,0.01,552,2.3184000000000004e-05,1,0.9,D-rand,0.9
5383,B,1,B,0.38,0.17,0.09,0.38,0.36,0.17,458,1.9236e-05,1,0.38,D-rand,0.38
5386,D,3,D,0.53,0.38,0.34,0.09,0.04,0.53,464,1.9488000000000004e-05,1,0.53,D-rand,0.53
5385,A,0,A,0.6000000000000001,0.47,0.6000000000000001,0.05,0.22,0.13,447,1.8774000000000004e-05,1,0.6000000000000001,D-rand,0.6000000000000001
5384,B,1,A,0.34,0.12,0.34,0.29,0.18,0.19,457,1.9194000000000003e-05,0,0.29,D-rand,0.34
5387,D,3,B,0.49,0.33,0.16,0.49,0.18,0.17,482,2.0244e-05,0,0.17,D-rand,0.49
5388,C,2,C,0.4,0.2,0.12,0.36,0.4,0.12,468,1.9656000000000003e-05,1,0.4,D-rand,0.4
5390,A,0,A,0.36,0.14,0.36,0.33,0.02,0.29,500,2.1e-05,1,0.36,D-rand,0.36
5391,A,0,A,0.5700000000000001,0.44,0.5700000000000001,0.34,0.04,0.05,542,2.2764000000000004e-05,1,0.5700000000000001,D-rand,0.5700000000000001
5392,D,3,A,0.62,0.48,0.62,0.09,0.17,0.12,443,1.8606e-05,0,0.12,D-rand,0.62
5393,D,3,D,0.95,0.93,0.03,0.01,0.01,0.95,443,1.8606e-05,1,0.95,D-rand,0.95
5396,D,3,B,0.68,0.5700000000000001,0.22,0.68,0.05,0.05,450,1.89e-05,0,0.05,D-rand,0.68
5397,B,1,D,0.76,0.68,0.02,0.18,0.04,0.76,420,1.764e-05,0,0.18,D-rand,0.76
5395,A,0,A,0.87,0.8300000000000001,0.87,0.02,0.05,0.06,455,1.911e-05,1,0.87,D-rand,0.87
5400,B,1,B,0.34,0.12,0.17,0.34,0.29,0.2,408,1.7136e-05,1,0.34,D-rand,0.34
5401,A,0,C,0.45,0.25,0.41,0.1,0.45,0.04,459,1.9278e-05,0,0.41,D-rand,0.45
5403,C,2,A,0.47,0.3,0.47,0.32,0.18,0.03,446,1.8732000000000003e-05,0,0.18,D-rand,0.47
5402,C,2,C,0.63,0.51,0.16,0.16,0.63,0.05,448,1.8816000000000004e-05,1,0.63,D-rand,0.63
5404,A,0,A,0.93,0.9,0.93,0.04,0.01,0.02,449,1.8858e-05,1,0.93,D-rand,0.93
5405,D,3,D,0.52,0.36,0.38,0.02,0.08,0.52,486,2.0412e-05,1,0.52,D-rand,0.52
5407,D,3,D,0.98,0.97,0.01,0.0,0.01,0.98,433,1.8186e-05,1,0.98,D-rand,0.98
5408,A,0,A,0.96,0.94,0.96,0.04,0.0,0.0,512,2.1504e-05,1,0.96,D-rand,0.96
5409,D,3,D,0.94,0.92,0.04,0.01,0.01,0.94,522,2.1924e-05,1,0.94,D-rand,0.94
5406,D,3,D,0.42,0.24,0.37,0.16,0.05,0.42,445,1.869e-05,1,0.42,D-rand,0.42
5410,C,2,C,0.5700000000000001,0.42,0.02,0.07,0.5700000000000001,0.34,471,1.9782000000000005e-05,1,0.5700000000000001,D-rand,0.5700000000000001
5412,B,1,B,0.73,0.65,0.04,0.73,0.2,0.03,454,1.9068e-05,1,0.73,D-rand,0.73
5411,B,1,D,0.67,0.55,0.05,0.24,0.04,0.67,491,2.0622e-05,0,0.24,D-rand,0.67
5415,D,3,D,0.99,0.98,0.0,0.0,0.01,0.99,471,1.9782000000000005e-05,1,0.99,D-rand,0.99
5413,D,3,D,0.94,0.92,0.04,0.01,0.01,0.94,491,2.0622e-05,1,0.94,D-rand,0.94
5416,A,0,A,0.99,0.97,0.99,0.0,0.0,0.01,462,1.9404e-05,1,0.99,D-rand,0.99
5417,D,3,D,0.86,0.81,0.02,0.11,0.01,0.86,446,1.8732000000000003e-05,1,0.86,D-rand,0.86
5418,B,1,C,0.45,0.26,0.1,0.42,0.45,0.03,446,1.8732000000000003e-05,0,0.42,D-rand,0.45
5419,B,1,B,0.98,0.97,0.01,0.98,0.01,0.0,453,1.9026000000000004e-05,1,0.98,D-rand,0.98
5420,D,3,A,0.51,0.35,0.51,0.07,0.28,0.14,412,1.7304000000000002e-05,0,0.14,D-rand,0.51
5421,B,1,B,0.53,0.37,0.11,0.53,0.06,0.3,471,1.9782000000000005e-05,1,0.53,D-rand,0.53
5424,B,1,B,0.99,0.98,0.0,0.99,0.0,0.01,510,2.142e-05,1,0.99,D-rand,0.99
5423,B,1,C,0.51,0.34,0.09,0.14,0.51,0.26,451,1.8942000000000003e-05,0,0.14,D-rand,0.51
5422,A,0,A,0.7000000000000001,0.6000000000000001,0.7000000000000001,0.11,0.05,0.14,459,1.9278e-05,1,0.7000000000000001,D-rand,0.7000000000000001
5425,C,2,A,0.32,0.09,0.32,0.27,0.2,0.21,446,1.8732000000000003e-05,0,0.2,D-rand,0.32
5426,C,2,C,0.71,0.61,0.18,0.08,0.71,0.03,480,2.016e-05,1,0.71,D-rand,0.71
5427,B,1,D,0.4,0.21,0.08,0.24,0.28,0.4,495,2.0790000000000003e-05,0,0.24,D-rand,0.4
5428,D,3,D,0.97,0.95,0.01,0.01,0.01,0.97,491,2.0622e-05,1,0.97,D-rand,0.97
5429,A,0,B,0.36,0.15,0.34,0.36,0.12,0.18,474,1.9908000000000003e-05,0,0.34,D-rand,0.36
5431,B,1,B,0.5700000000000001,0.42,0.39,0.5700000000000001,0.03,0.01,471,1.9782000000000005e-05,1,0.5700000000000001,D-rand,0.5700000000000001
5432,C,2,B,0.46,0.29,0.25,0.46,0.16,0.13,500,2.1e-05,0,0.16,D-rand,0.46
5433,C,2,C,0.33,0.11,0.32,0.1,0.33,0.25,448,1.8816000000000004e-05,1,0.33,D-rand,0.33
5434,C,2,D,0.62,0.49,0.16,0.03,0.19,0.62,508,2.1336e-05,0,0.19,D-rand,0.62
5436,D,3,D,0.84,0.78,0.08,0.07,0.01,0.84,456,1.9152e-05,1,0.84,D-rand,0.84
5435,B,1,B,0.93,0.89,0.02,0.93,0.0,0.05,440,1.848e-05,1,0.93,D-rand,0.93
5437,B,1,B,1.0,1.0,0.0,1.0,0.0,0.0,442,1.8564e-05,1,1.0,D-rand,1.0
5438,D,3,D,0.99,0.98,0.0,0.0,0.01,0.99,459,1.9278e-05,1,0.99,D-rand,0.99
5439,B,1,B,0.97,0.96,0.02,0.97,0.0,0.01,497,2.0874000000000004e-05,1,0.97,D-rand,0.97
5440,A,0,A,0.86,0.81,0.86,0.01,0.01,0.12,437,1.8354e-05,1,0.86,D-rand,0.86
5442,C,2,C,0.4,0.19,0.14,0.11,0.4,0.35,418,1.7556000000000003e-05,1,0.4,D-rand,0.4
5441,B,1,B,0.41,0.22,0.07,0.41,0.36,0.16,422,1.7724000000000002e-05,1,0.41,D-rand,0.41
5443,A,0,A,0.91,0.87,0.91,0.07,0.01,0.01,516,2.1672000000000005e-05,1,0.91,D-rand,0.91
5444,D,3,D,1.0,0.99,0.0,0.0,0.0,1.0,495,2.0790000000000003e-05,1,1.0,D-rand,1.0
5446,A,0,A,0.56,0.42,0.56,0.19,0.19,0.05,456,1.9152e-05,1,0.56,D-rand,0.56
5447,B,1,B,0.86,0.81,0.07,0.86,0.0,0.07,441,1.8522000000000003e-05,1,0.86,D-rand,0.86
5450,D,3,B,0.39,0.19,0.18,0.39,0.12,0.31,445,1.869e-05,0,0.31,D-rand,0.39
5448,D,3,D,0.85,0.8,0.05,0.05,0.05,0.85,452,1.8984000000000003e-05,1,0.85,D-rand,0.85
5449,D,3,D,0.6900000000000001,0.6000000000000001,0.1,0.17,0.04,0.6900000000000001,462,1.9404e-05,1,0.6900000000000001,D-rand,0.6900000000000001
5451,B,1,B,0.98,0.97,0.02,0.98,0.0,0.0,432,1.8144e-05,1,0.98,D-rand,0.98
5453,D,3,D,1.0,1.0,0.0,0.0,0.0,1.0,435,1.827e-05,1,1.0,D-rand,1.0
5452,A,0,A,0.6000000000000001,0.47,0.6000000000000001,0.03,0.21,0.16,518,2.1756000000000003e-05,1,0.6000000000000001,D-rand,0.6000000000000001
5454,B,1,B,0.59,0.45,0.27,0.59,0.07,0.07,435,1.827e-05,1,0.59,D-rand,0.59
5457,A,0,A,0.98,0.97,0.98,0.0,0.0,0.02,547,2.2974000000000004e-05,1,0.98,D-rand,0.98
5459,D,3,D,0.99,0.99,0.01,0.0,0.0,0.99,453,1.9026000000000004e-05,1,0.99,D-rand,0.99
5458,D,3,D,1.0,1.0,0.0,0.0,0.0,1.0,458,1.9236e-05,1,1.0,D-rand,1.0
5461,B,1,B,0.56,0.42,0.28,0.56,0.01,0.15,427,1.7934e-05,1,0.56,D-rand,0.56
5460,B,1,A,0.38,0.18,0.38,0.17,0.17,0.28,413,1.7346e-05,0,0.17,D-rand,0.38
5464,C,2,C,0.88,0.85,0.08,0.02,0.88,0.02,435,1.827e-05,1,0.88,D-rand,0.88
5463,A,0,A,0.99,0.98,0.99,0.0,0.01,0.0,545,2.2890000000000003e-05,1,0.99,D-rand,0.99
5466,C,2,C,0.47,0.29,0.24,0.19,0.47,0.1,473,1.9866000000000003e-05,1,0.47,D-rand,0.47
5468,B,1,C,0.58,0.44,0.06,0.35,0.58,0.01,483,2.0286e-05,0,0.35,D-rand,0.58
5465,C,2,B,0.47,0.29,0.11,0.47,0.38,0.04,486,2.0412e-05,0,0.38,D-rand,0.47
5467,D,3,D,0.89,0.84,0.0,0.0,0.11,0.89,457,1.9194000000000003e-05,1,0.89,D-rand,0.89
5471,D,3,D,0.81,0.74,0.12,0.04,0.03,0.81,580,2.436e-05,1,0.81,D-rand,0.81
5469,B,1,A,0.8,0.74,0.8,0.12,0.03,0.05,480,2.016e-05,0,0.12,D-rand,0.8
5470,D,3,C,0.36,0.15,0.29,0.11,0.36,0.24,423,1.7766000000000002e-05,0,0.24,D-rand,0.36
5474,B,1,B,0.6000000000000001,0.48,0.25,0.6000000000000001,0.1,0.05,481,2.0202e-05,1,0.6000000000000001,D-rand,0.6000000000000001
5476,B,1,B,0.85,0.8,0.05,0.85,0.09,0.01,451,1.8942000000000003e-05,1,0.85,D-rand,0.85
5475,C,2,C,0.63,0.51,0.29,0.05,0.63,0.03,502,2.1084000000000003e-05,1,0.63,D-rand,0.63
5473,D,3,D,0.84,0.78,0.04,0.02,0.1,0.84,471,1.9782000000000005e-05,1,0.84,D-rand,0.84
5477,B,1,B,0.58,0.43,0.1,0.58,0.03,0.29,456,1.9152e-05,1,0.58,D-rand,0.58
5479,A,0,A,0.93,0.91,0.93,0.01,0.01,0.05,444,1.8648e-05,1,0.93,D-rand,0.93
5478,A,0,A,0.97,0.97,0.97,0.01,0.01,0.01,479,2.0118000000000003e-05,1,0.97,D-rand,0.97
5480,A,0,A,1.0,1.0,1.0,0.0,0.0,0.0,447,1.8774000000000004e-05,1,1.0,D-rand,1.0
5483,D,3,C,0.36,0.15,0.12,0.33,0.36,0.19,445,1.869e-05,0,0.19,D-rand,0.36
5481,D,3,D,0.94,0.92,0.01,0.01,0.04,0.94,470,1.974e-05,1,0.94,D-rand,0.94
5484,A,0,A,0.77,0.7000000000000001,0.77,0.06,0.09,0.08,427,1.7934e-05,1,0.77,D-rand,0.77
5485,C,2,B,0.48,0.31,0.22,0.48,0.24,0.06,485,2.037e-05,0,0.24,D-rand,0.48
5488,A,0,A,0.65,0.54,0.65,0.24,0.04,0.07,470,1.974e-05,1,0.65,D-rand,0.65
5486,D,3,B,0.41,0.21,0.34,0.41,0.15,0.1,443,1.8606e-05,0,0.1,D-rand,0.41
5482,D,3,D,0.94,0.92,0.04,0.0,0.02,0.94,522,2.1924e-05,1,0.94,D-rand,0.94
5489,B,1,B,0.74,0.65,0.05,0.74,0.17,0.04,447,1.8774000000000004e-05,1,0.74,D-rand,0.74
5491,C,2,A,0.5,0.35,0.5,0.02,0.33,0.15,492,2.0664e-05,0,0.33,D-rand,0.5
5490,D,3,D,0.76,0.6900000000000001,0.03,0.1,0.11,0.76,450,1.89e-05,1,0.76,D-rand,0.76
5492,A,0,A,1.0,1.0,1.0,0.0,0.0,0.0,496,2.0832000000000003e-05,1,1.0,D-rand,1.0
5495,D,3,D,0.7000000000000001,0.6000000000000001,0.18,0.04,0.08,0.7000000000000001,431,1.8102e-05,1,0.7000000000000001,D-rand,0.7000000000000001
5496,C,2,A,0.5,0.32,0.5,0.08,0.35,0.07,437,1.8354e-05,0,0.35,D-rand,0.5
5497,C,2,A,0.52,0.35,0.52,0.03,0.31,0.14,444,1.8648e-05,0,0.31,D-rand,0.52
5498,A,0,A,0.72,0.62,0.72,0.05,0.19,0.04,476,1.9992e-05,1,0.72,D-rand,0.72
5501,A,0,A,0.48,0.3,0.48,0.05,0.43,0.04,485,2.037e-05,1,0.48,D-rand,0.48
5500,B,1,B,0.79,0.72,0.13,0.79,0.04,0.04,519,2.1798000000000004e-05,1,0.79,D-rand,0.79
5502,B,1,B,0.47,0.3,0.16,0.47,0.13,0.24,421,1.7682e-05,1,0.47,D-rand,0.47
5508,C,2,C,0.41,0.21,0.34,0.17,0.41,0.08,435,1.827e-05,1,0.41,D-rand,0.41
5505,C,2,A,0.46,0.29,0.46,0.08,0.41,0.05,470,1.974e-05,0,0.41,D-rand,0.46
5503,B,1,B,0.9,0.87,0.02,0.9,0.05,0.03,462,1.9404e-05,1,0.9,D-rand,0.9
5504,D,3,D,0.95,0.93,0.01,0.01,0.03,0.95,421,1.7682e-05,1,0.95,D-rand,0.95
5507,A,0,A,0.35,0.13,0.35,0.05,0.32,0.28,430,1.8060000000000003e-05,1,0.35,D-rand,0.35
5510,B,1,B,0.47,0.3,0.38,0.47,0.08,0.07,439,1.8438e-05,1,0.47,D-rand,0.47
5509,B,1,B,0.99,0.99,0.01,0.99,0.0,0.0,504,2.1168e-05,1,0.99,D-rand,0.99
5511,A,0,A,0.52,0.37,0.52,0.23,0.08,0.17,466,1.9572e-05,1,0.52,D-rand,0.52
5512,B,1,B,0.46,0.28,0.22,0.46,0.26,0.06,449,1.8858e-05,1,0.46,D-rand,0.46
5514,D,3,A,0.49,0.32,0.49,0.21,0.05,0.25,437,1.8354e-05,0,0.25,D-rand,0.49
5515,B,1,B,0.78,0.72,0.15,0.78,0.04,0.03,535,2.247e-05,1,0.78,D-rand,0.78
5513,C,2,C,0.86,0.8200000000000001,0.03,0.1,0.86,0.01,486,2.0412e-05,1,0.86,D-rand,0.86
5517,A,0,B,0.48,0.31,0.42,0.48,0.06,0.04,511,2.1462e-05,0,0.42,D-rand,0.48
5516,D,3,D,0.87,0.84,0.03,0.08,0.02,0.87,464,1.9488000000000004e-05,1,0.87,D-rand,0.87
5519,C,2,C,0.95,0.94,0.02,0.0,0.95,0.03,472,1.9824e-05,1,0.95,D-rand,0.95
5518,A,0,A,0.79,0.72,0.79,0.07,0.13,0.01,453,1.9026000000000004e-05,1,0.79,D-rand,0.79
5522,C,2,C,0.37,0.17,0.2,0.37,0.37,0.06,434,1.8228e-05,1,0.37,D-rand,0.37
5521,C,2,C,0.93,0.91,0.01,0.05,0.93,0.01,473,1.9866000000000003e-05,1,0.93,D-rand,0.93
5523,B,1,A,0.93,0.91,0.93,0.02,0.01,0.04,486,2.0412e-05,0,0.02,D-rand,0.93
5520,A,0,A,1.0,0.99,1.0,0.0,0.0,0.0,429,1.8018000000000003e-05,1,1.0,D-rand,1.0
5524,B,1,A,0.6900000000000001,0.59,0.6900000000000001,0.15,0.09,0.07,407,1.7094000000000003e-05,0,0.15,D-rand,0.6900000000000001
5525,C,2,D,0.42,0.22,0.2,0.19,0.19,0.42,508,2.1336e-05,0,0.19,D-rand,0.42
5526,C,2,C,0.94,0.92,0.02,0.03,0.94,0.01,431,1.8102e-05,1,0.94,D-rand,0.94
5529,A,0,C,0.54,0.4,0.14,0.2,0.54,0.12,449,1.8858e-05,0,0.14,D-rand,0.54
5535,B,1,B,0.96,0.94,0.01,0.96,0.03,0.0,457,1.9194000000000003e-05,1,0.96,D-rand,0.96
5536,A,0,A,0.66,0.55,0.66,0.13,0.19,0.02,487,2.0454e-05,1,0.66,D-rand,0.66
5532,C,2,A,0.86,0.8200000000000001,0.86,0.03,0.06,0.05,490,2.058e-05,0,0.06,D-rand,0.86
5533,B,1,B,0.96,0.93,0.02,0.96,0.01,0.01,459,1.9278e-05,1,0.96,D-rand,0.96
5534,D,3,D,1.0,1.0,0.0,0.0,0.0,1.0,488,2.0496e-05,1,1.0,D-rand,1.0
5531,D,3,D,0.63,0.51,0.03,0.02,0.32,0.63,511,2.1462e-05,1,0.63,D-rand,0.63
5538,D,3,D,0.95,0.93,0.03,0.01,0.01,0.95,434,1.8228e-05,1,0.95,D-rand,0.95
5537,B,1,B,0.77,0.6900000000000001,0.06,0.77,0.06,0.11,505,2.121e-05,1,0.77,D-rand,0.77
5539,C,2,C,1.0,1.0,0.0,0.0,1.0,0.0,491,2.0622e-05,1,1.0,D-rand,1.0
5544,B,1,B,0.6900000000000001,0.59,0.05,0.6900000000000001,0.06,0.2,455,1.911e-05,1,0.6900000000000001,D-rand,0.6900000000000001
5540,B,1,B,0.96,0.95,0.01,0.96,0.01,0.02,530,2.226e-05,1,0.96,D-rand,0.96
5542,C,2,D,0.51,0.35,0.22,0.12,0.15,0.51,469,1.9698e-05,0,0.15,D-rand,0.51
5543,C,2,C,0.85,0.79,0.02,0.0,0.85,0.13,505,2.121e-05,1,0.85,D-rand,0.85
5547,B,1,B,0.96,0.95,0.01,0.96,0.01,0.02,496,2.0832000000000003e-05,1,0.96,D-rand,0.96
5548,B,1,B,0.97,0.96,0.01,0.97,0.01,0.01,469,1.9698e-05,1,0.97,D-rand,0.97
5549,A,0,A,0.37,0.16,0.37,0.29,0.25,0.09,427,1.7934e-05,1,0.37,D-rand,0.37
5552,C,2,C,1.0,1.0,0.0,0.0,1.0,0.0,503,2.1126e-05,1,1.0,D-rand,1.0
5551,A,0,A,0.96,0.94,0.96,0.02,0.0,0.02,489,2.0538e-05,1,0.96,D-rand,0.96
5553,D,3,D,0.89,0.86,0.04,0.01,0.06,0.89,478,2.0076e-05,1,0.89,D-rand,0.89
5555,D,3,D,0.93,0.9,0.03,0.02,0.02,0.93,473,1.9866000000000003e-05,1,0.93,D-rand,0.93
5554,A,0,A,0.37,0.16,0.37,0.17,0.16,0.3,430,1.8060000000000003e-05,1,0.37,D-rand,0.37
5557,C,2,A,0.65,0.53,0.65,0.13,0.21,0.01,544,2.2848e-05,0,0.21,D-rand,0.65
5556,C,2,B,0.6900000000000001,0.58,0.03,0.6900000000000001,0.16,0.12,522,2.1924e-05,0,0.16,D-rand,0.6900000000000001
5558,C,2,C,0.35,0.14,0.27,0.06,0.35,0.32,496,2.0832000000000003e-05,1,0.35,D-rand,0.35
5559,A,0,A,0.679999999999999,0.59,0.679999999999999,0.25,0.05,0.02,423,1.7766000000000002e-05,1,0.679999999999999,D-rand,0.679999999999999
5561,A,0,B,0.64,0.52,0.3,0.64,0.04,0.02,468,1.9656000000000003e-05,0,0.3,D-rand,0.64
5564,D,3,D,0.7000000000000001,0.6000000000000001,0.09,0.1,0.11,0.7000000000000001,577,2.4234e-05,1,0.7000000000000001,D-rand,0.7000000000000001
5563,D,3,C,0.55,0.42,0.15,0.08,0.55,0.22,449,1.8858e-05,0,0.22,D-rand,0.55
5565,A,0,B,0.48,0.31,0.4,0.48,0.07,0.05,484,2.0328000000000003e-05,0,0.4,D-rand,0.48
5562,B,1,B,0.78,0.71,0.12,0.78,0.07,0.03,469,1.9698e-05,1,0.78,D-rand,0.78
5566,C,2,A,0.64,0.52,0.64,0.09,0.16,0.11,500,2.1e-05,0,0.16,D-rand,0.64
5568,B,1,B,0.76,0.67,0.05,0.76,0.05,0.14,456,1.9152e-05,1,0.76,D-rand,0.76
5569,A,0,A,1.0,1.0,1.0,0.0,0.0,0.0,439,1.8438e-05,1,1.0,D-rand,1.0
5570,A,0,A,0.99,0.98,0.99,0.0,0.0,0.01,452,1.8984000000000003e-05,1,0.99,D-rand,0.99
5571,B,1,B,0.95,0.92,0.02,0.95,0.03,0.0,473,1.9866000000000003e-05,1,0.95,D-rand,0.95
5573,D,3,D,0.77,0.68,0.13,0.02,0.08,0.77,453,1.9026000000000004e-05,1,0.77,D-rand,0.77
5572,A,0,A,0.89,0.85,0.89,0.05,0.05,0.01,463,1.9446e-05,1,0.89,D-rand,0.89
5576,B,1,B,0.95,0.93,0.03,0.95,0.01,0.01,445,1.869e-05,1,0.95,D-rand,0.95
5575,A,0,B,0.93,0.91,0.06,0.93,0.01,0.0,508,2.1336e-05,0,0.06,D-rand,0.93
5578,B,1,B,0.5,0.33,0.03,0.5,0.29,0.18,503,2.1126e-05,1,0.5,D-rand,0.5
5574,C,2,C,0.98,0.96,0.0,0.01,0.98,0.01,544,2.2848e-05,1,0.98,D-rand,0.98
5577,C,2,B,0.41,0.22,0.12,0.41,0.31,0.16,503,2.1126e-05,0,0.31,D-rand,0.41
5580,D,3,A,0.66,0.54,0.66,0.18,0.06,0.1,445,1.869e-05,0,0.1,D-rand,0.66
5583,A,0,A,0.66,0.55,0.66,0.13,0.17,0.04,479,2.0118000000000003e-05,1,0.66,D-rand,0.66
5586,B,1,B,0.89,0.86,0.07,0.89,0.02,0.02,493,2.0706000000000005e-05,1,0.89,D-rand,0.89
5584,B,1,A,0.45,0.27,0.45,0.27,0.19,0.09,488,2.0496e-05,0,0.27,D-rand,0.45
5581,D,3,A,0.34,0.11,0.34,0.09,0.31,0.26,444,1.8648e-05,0,0.26,D-rand,0.34
5588,D,3,D,0.44,0.26,0.24,0.3,0.02,0.44,458,1.9236e-05,1,0.44,D-rand,0.44
5587,C,2,A,0.75,0.68,0.75,0.03,0.07,0.15,468,1.9656000000000003e-05,0,0.07,D-rand,0.75
5589,A,0,A,0.44,0.25,0.44,0.1,0.14,0.32,446,1.8732000000000003e-05,1,0.44,D-rand,0.44
5590,B,1,B,0.48,0.32,0.24,0.48,0.26,0.02,492,2.0664e-05,1,0.48,D-rand,0.48
5591,C,2,C,1.0,0.99,0.0,0.0,1.0,0.0,460,1.932e-05,1,1.0,D-rand,1.0
5593,D,3,D,0.91,0.88,0.05,0.01,0.03,0.91,434,1.8228e-05,1,0.91,D-rand,0.91
5592,A,0,C,0.67,0.56,0.06,0.26,0.67,0.01,446,1.8732000000000003e-05,0,0.06,D-rand,0.67
5595,C,2,C,1.0,1.0,0.0,0.0,1.0,0.0,470,1.974e-05,1,1.0,D-rand,1.0
5594,C,2,C,0.87,0.8300000000000001,0.02,0.02,0.87,0.09,459,1.9278e-05,1,0.87,D-rand,0.87
5597,D,3,C,0.43,0.24,0.1,0.2,0.43,0.27,425,1.7850000000000004e-05,0,0.27,D-rand,0.43
5596,A,0,B,0.93,0.9,0.06,0.93,0.0,0.01,469,1.9698e-05,0,0.06,D-rand,0.93
5599,B,1,B,1.0,1.0,0.0,1.0,0.0,0.0,457,1.9194000000000003e-05,1,1.0,D-rand,1.0
5601,D,3,D,0.79,0.72,0.08,0.07,0.06,0.79,434,1.8228e-05,1,0.79,D-rand,0.79
5602,B,1,B,0.64,0.51,0.16,0.64,0.16,0.04,460,1.932e-05,1,0.64,D-rand,0.64
5600,B,1,B,0.78,0.72,0.1,0.78,0.06,0.06,540,2.268e-05,1,0.78,D-rand,0.78
5606,D,3,D,0.91,0.87,0.02,0.06,0.01,0.91,519,2.1798000000000004e-05,1,0.91,D-rand,0.91
5603,A,0,B,0.44,0.26,0.26,0.44,0.09,0.21,462,1.9404e-05,0,0.26,D-rand,0.44
5604,A,0,A,0.98,0.96,0.98,0.01,0.01,0.0,436,1.8312e-05,1,0.98,D-rand,0.98
5605,D,3,D,0.559999999999999,0.42,0.15,0.24,0.05,0.559999999999999,433,1.8186e-05,1,0.559999999999999,D-rand,0.559999999999999
5607,D,3,D,0.77,0.6900000000000001,0.11,0.07,0.05,0.77,513,2.1546e-05,1,0.77,D-rand,0.77
5608,B,1,A,0.339999999999999,0.13,0.339999999999999,0.31,0.26,0.09,473,1.9866000000000003e-05,0,0.31,D-rand,0.339999999999999
5609,A,0,A,0.97,0.95,0.97,0.02,0.0,0.01,440,1.848e-05,1,0.97,D-rand,0.97
5614,B,1,B,0.93,0.9,0.01,0.93,0.05,0.01,457,1.9194000000000003e-05,1,0.93,D-rand,0.93
5615,A,0,A,0.91,0.88,0.91,0.02,0.06,0.01,468,1.9656000000000003e-05,1,0.91,D-rand,0.91
5610,C,2,A,0.35,0.13,0.35,0.15,0.25,0.25,496,2.0832000000000003e-05,0,0.25,D-rand,0.35
5616,D,3,D,0.93,0.91,0.03,0.01,0.03,0.93,441,1.8522000000000003e-05,1,0.93,D-rand,0.93
5617,C,2,C,0.96,0.95,0.0,0.0,0.96,0.04,442,1.8564e-05,1,0.96,D-rand,0.96
5612,C,2,C,0.96,0.96,0.02,0.01,0.96,0.01,430,1.8060000000000003e-05,1,0.96,D-rand,0.96
5618,B,1,B,0.91,0.88,0.01,0.91,0.08,0.0,500,2.1e-05,1,0.91,D-rand,0.91
5619,D,3,D,0.95,0.94,0.02,0.02,0.01,0.95,492,2.0664e-05,1,0.95,D-rand,0.95
5622,B,1,A,0.459999999999999,0.29,0.459999999999999,0.4,0.04,0.1,472,1.9824e-05,0,0.4,D-rand,0.459999999999999
5623,A,0,A,0.78,0.72,0.78,0.02,0.01,0.19,462,1.9404e-05,1,0.78,D-rand,0.78
5621,A,0,A,0.64,0.52,0.64,0.19,0.08,0.09,459,1.9278e-05,1,0.64,D-rand,0.64
5620,C,2,C,0.89,0.85,0.08,0.0,0.89,0.03,435,1.827e-05,1,0.89,D-rand,0.89
5624,D,3,C,0.68,0.5700000000000001,0.05,0.2,0.68,0.07,474,1.9908000000000003e-05,0,0.07,D-rand,0.68
5625,A,0,A,0.98,0.97,0.98,0.01,0.01,0.0,466,1.9572e-05,1,0.98,D-rand,0.98
5626,B,1,D,0.399999999999999,0.21,0.22,0.26,0.12,0.399999999999999,448,1.8816000000000004e-05,0,0.26,D-rand,0.399999999999999
5631,C,2,C,0.8200000000000001,0.76,0.13,0.02,0.8200000000000001,0.03,462,1.9404e-05,1,0.8200000000000001,D-rand,0.8200000000000001
5627,D,3,D,0.81,0.74,0.08,0.05,0.06,0.81,451,1.8942000000000003e-05,1,0.81,D-rand,0.81
5628,D,3,A,0.31,0.09,0.31,0.29,0.13,0.27,493,2.0706000000000005e-05,0,0.27,D-rand,0.31
5629,B,1,B,0.92,0.9,0.04,0.92,0.03,0.01,420,1.764e-05,1,0.92,D-rand,0.92
5632,B,1,B,0.77,0.6900000000000001,0.15,0.77,0.04,0.04,483,2.0286e-05,1,0.77,D-rand,0.77
5635,C,2,C,0.929999999999999,0.91,0.01,0.05,0.929999999999999,0.01,479,2.0118000000000003e-05,1,0.929999999999999,D-rand,0.929999999999999
5630,C,2,C,1.0,1.0,0.0,0.0,1.0,0.0,500,2.1e-05,1,1.0,D-rand,1.0
5636,B,1,B,0.65,0.53,0.28,0.65,0.04,0.03,459,1.9278e-05,1,0.65,D-rand,0.65
5638,B,1,C,0.42,0.23,0.13,0.2,0.42,0.25,460,1.932e-05,0,0.2,D-rand,0.42
5637,B,1,A,0.67,0.5700000000000001,0.67,0.28,0.01,0.04,488,2.0496e-05,0,0.28,D-rand,0.67
5640,D,3,D,0.58,0.45,0.02,0.36,0.04,0.58,522,2.1924e-05,1,0.58,D-rand,0.58
5641,A,0,A,0.8300000000000001,0.78,0.8300000000000001,0.06,0.03,0.08,460,1.932e-05,1,0.8300000000000001,D-rand,0.8300000000000001
5642,A,0,A,0.68,0.58,0.68,0.08,0.1,0.14,431,1.8102e-05,1,0.68,D-rand,0.68
5643,C,2,A,0.49,0.31,0.49,0.09,0.22,0.2,432,1.8144e-05,0,0.22,D-rand,0.49
5645,A,0,A,0.61,0.48,0.61,0.16,0.14,0.09,452,1.8984000000000003e-05,1,0.61,D-rand,0.61
5649,B,1,C,0.5,0.33,0.25,0.22,0.5,0.03,459,1.9278e-05,0,0.22,D-rand,0.5
5646,D,3,B,0.45,0.28,0.29,0.45,0.08,0.18,456,1.9152e-05,0,0.18,D-rand,0.45
5647,C,2,A,0.39,0.19,0.39,0.28,0.04,0.29,463,1.9446e-05,0,0.04,D-rand,0.39
5654,C,2,C,0.7000000000000001,0.61,0.13,0.12,0.7000000000000001,0.05,464,1.9488000000000004e-05,1,0.7000000000000001,D-rand,0.7000000000000001
5651,A,0,B,0.77,0.6900000000000001,0.15,0.77,0.04,0.04,425,1.7850000000000004e-05,0,0.15,D-rand,0.77
5652,B,1,B,0.79,0.72,0.11,0.79,0.01,0.09,441,1.8522000000000003e-05,1,0.79,D-rand,0.79
5653,A,0,A,0.71,0.63,0.71,0.02,0.1,0.17,536,2.2512e-05,1,0.71,D-rand,0.71
5655,B,1,B,0.61,0.48,0.15,0.61,0.04,0.2,440,1.848e-05,1,0.61,D-rand,0.61
5659,C,2,A,0.71,0.62,0.71,0.18,0.1,0.01,500,2.1e-05,0,0.1,D-rand,0.71
5661,D,3,D,0.8200000000000001,0.77,0.06,0.11,0.01,0.8200000000000001,463,1.9446e-05,1,0.8200000000000001,D-rand,0.8200000000000001
5657,B,1,C,0.76,0.68,0.05,0.1,0.76,0.09,537,2.2554e-05,0,0.1,D-rand,0.76
5664,B,1,B,0.8,0.74,0.15,0.8,0.01,0.04,470,1.974e-05,1,0.8,D-rand,0.8
5665,B,1,B,0.8300000000000001,0.77,0.05,0.8300000000000001,0.07,0.05,428,1.7976000000000002e-05,1,0.8300000000000001,D-rand,0.8300000000000001
5662,C,2,A,0.71,0.62,0.71,0.02,0.24,0.03,455,1.911e-05,0,0.24,D-rand,0.71
5666,A,0,A,0.75,0.66,0.75,0.05,0.12,0.08,457,1.9194000000000003e-05,1,0.75,D-rand,0.75
5667,C,2,C,0.79,0.71,0.11,0.09,0.79,0.01,468,1.9656000000000003e-05,1,0.79,D-rand,0.79
5669,C,2,C,0.55,0.4,0.12,0.06,0.55,0.27,454,1.9068e-05,1,0.55,D-rand,0.55
5670,D,3,B,0.55,0.4,0.1,0.55,0.05,0.3,524,2.2008000000000003e-05,0,0.3,D-rand,0.55
5671,C,2,B,0.7000000000000001,0.61,0.07,0.7000000000000001,0.16,0.07,448,1.8816000000000004e-05,0,0.16,D-rand,0.7000000000000001
5672,B,1,B,0.71,0.62,0.07,0.71,0.02,0.2,488,2.0496e-05,1,0.71,D-rand,0.71
5675,B,1,B,0.45,0.27,0.25,0.45,0.28,0.02,541,2.2722e-05,1,0.45,D-rand,0.45
5674,B,1,B,1.0,1.0,0.0,1.0,0.0,0.0,470,1.974e-05,1,1.0,D-rand,1.0
5676,D,3,D,0.8,0.75,0.12,0.06,0.02,0.8,490,2.058e-05,1,0.8,D-rand,0.8
5677,B,1,B,0.88,0.84,0.02,0.88,0.09,0.01,475,1.9950000000000004e-05,1,0.88,D-rand,0.88
5678,A,0,A,0.78,0.72,0.78,0.03,0.16,0.03,480,2.016e-05,1,0.78,D-rand,0.78
5682,A,0,B,0.43,0.23,0.28,0.43,0.01,0.28,444,1.8648e-05,0,0.28,D-rand,0.43
5681,C,2,C,1.0,0.99,0.0,0.0,1.0,0.0,488,2.0496e-05,1,1.0,D-rand,1.0
5683,B,1,C,0.51,0.35,0.18,0.26,0.51,0.05,430,1.8060000000000003e-05,0,0.26,D-rand,0.51
5684,B,1,B,0.95,0.94,0.02,0.95,0.02,0.01,457,1.9194000000000003e-05,1,0.95,D-rand,0.95
5685,D,3,D,0.77,0.6900000000000001,0.17,0.03,0.03,0.77,423,1.7766000000000002e-05,1,0.77,D-rand,0.77
5686,A,0,A,0.91,0.87,0.91,0.01,0.0,0.08,513,2.1546e-05,1,0.91,D-rand,0.91
5687,D,3,D,0.63,0.52,0.28,0.08,0.01,0.63,496,2.0832000000000003e-05,1,0.63,D-rand,0.63
5688,C,2,C,0.95,0.93,0.02,0.02,0.95,0.01,481,2.0202e-05,1,0.95,D-rand,0.95
5689,D,3,D,0.97,0.95,0.0,0.01,0.02,0.97,430,1.8060000000000003e-05,1,0.97,D-rand,0.97
5691,D,3,D,0.95,0.94,0.01,0.01,0.03,0.95,471,1.9782000000000005e-05,1,0.95,D-rand,0.95
5690,B,1,A,0.38,0.16,0.38,0.33,0.24,0.05,457,1.9194000000000003e-05,0,0.33,D-rand,0.38
5694,C,2,A,0.88,0.85,0.88,0.01,0.09,0.02,457,1.9194000000000003e-05,0,0.09,D-rand,0.88
5695,B,1,C,0.71,0.61,0.03,0.22,0.71,0.04,522,2.1924e-05,0,0.22,D-rand,0.71
5696,D,3,D,0.96,0.95,0.02,0.01,0.01,0.96,466,1.9572e-05,1,0.96,D-rand,0.96
5697,D,3,D,0.93,0.9,0.03,0.01,0.03,0.93,469,1.9698e-05,1,0.93,D-rand,0.93
5698,A,0,A,0.99,0.98,0.99,0.0,0.0,0.01,470,1.974e-05,1,0.99,D-rand,0.99
5703,D,3,D,1.0,1.0,0.0,0.0,0.0,1.0,454,1.9068e-05,1,1.0,D-rand,1.0
5700,B,1,B,0.84,0.8,0.07,0.84,0.04,0.05,460,1.932e-05,1,0.84,D-rand,0.84
5702,B,1,B,0.96,0.95,0.01,0.96,0.03,0.0,465,1.953e-05,1,0.96,D-rand,0.96
5699,C,2,D,0.45,0.27,0.13,0.29,0.13,0.45,458,1.9236e-05,0,0.13,D-rand,0.45
5704,C,2,B,0.58,0.43,0.23,0.58,0.07,0.12,456,1.9152e-05,0,0.07,D-rand,0.58
5705,B,1,A,0.5,0.33,0.5,0.34,0.05,0.11,434,1.8228e-05,0,0.34,D-rand,0.5
5706,B,1,C,0.74,0.65,0.09,0.15,0.74,0.02,524,2.2008000000000003e-05,0,0.15,D-rand,0.74
5707,D,3,A,0.55,0.4,0.55,0.04,0.03,0.38,461,1.9362e-05,0,0.38,D-rand,0.55
5709,B,1,B,0.97,0.97,0.01,0.97,0.01,0.01,447,1.8774000000000004e-05,1,0.97,D-rand,0.97
5708,D,3,D,0.85,0.81,0.04,0.06,0.05,0.85,492,2.0664e-05,1,0.85,D-rand,0.85
5710,C,2,C,0.95,0.93,0.02,0.02,0.95,0.01,460,1.932e-05,1,0.95,D-rand,0.95
5712,B,1,B,0.89,0.84,0.05,0.89,0.04,0.02,527,2.2134e-05,1,0.89,D-rand,0.89
5713,C,2,C,0.5,0.33,0.27,0.21,0.5,0.02,514,2.1588e-05,1,0.5,D-rand,0.5
5711,B,1,C,0.51,0.34,0.01,0.43,0.51,0.05,481,2.0202e-05,0,0.43,D-rand,0.51
5714,C,2,C,0.41,0.23,0.39,0.1,0.41,0.1,438,1.8396e-05,1,0.41,D-rand,0.41
5715,A,0,A,0.81,0.75,0.81,0.02,0.15,0.02,472,1.9824e-05,1,0.81,D-rand,0.81
5717,C,2,C,0.399999999999999,0.21,0.12,0.1,0.399999999999999,0.38,431,1.8102e-05,1,0.399999999999999,D-rand,0.399999999999999
5718,D,3,D,0.39,0.2,0.35,0.09,0.17,0.39,466,1.9572e-05,1,0.39,D-rand,0.39
5719,B,1,B,0.97,0.96,0.01,0.97,0.01,0.01,489,2.0538e-05,1,0.97,D-rand,0.97
5722,D,3,B,0.5,0.34,0.05,0.5,0.38,0.07,472,1.9824e-05,0,0.07,D-rand,0.5
5716,A,0,A,0.88,0.8300000000000001,0.88,0.06,0.03,0.03,446,1.8732000000000003e-05,1,0.88,D-rand,0.88
5720,A,0,A,0.27,0.03,0.27,0.19,0.28,0.26,441,1.8522000000000003e-05,1,0.27,D-rand,0.27
5723,C,2,C,0.85,0.79,0.05,0.02,0.85,0.08,446,1.8732000000000003e-05,1,0.85,D-rand,0.85
5724,A,0,A,0.7000000000000001,0.59,0.7000000000000001,0.2,0.01,0.09,450,1.89e-05,1,0.7000000000000001,D-rand,0.7000000000000001
5725,B,1,B,0.99,0.99,0.01,0.99,0.0,0.0,438,1.8396e-05,1,0.99,D-rand,0.99
5726,C,2,B,0.7000000000000001,0.58,0.19,0.7000000000000001,0.08,0.03,537,2.2554e-05,0,0.08,D-rand,0.7000000000000001
5727,B,1,A,0.65,0.54,0.65,0.32,0.02,0.01,424,1.7808000000000003e-05,0,0.32,D-rand,0.65
5729,D,3,A,0.45,0.26,0.45,0.12,0.06,0.37,415,1.743e-05,0,0.37,D-rand,0.45
5730,B,1,B,0.87,0.8200000000000001,0.05,0.87,0.04,0.04,442,1.8564e-05,1,0.87,D-rand,0.87
5731,D,3,C,0.32,0.11,0.25,0.29,0.32,0.14,647,2.7174e-05,0,0.14,D-rand,0.32
5728,C,2,C,0.66,0.55,0.07,0.01,0.66,0.26,488,2.0496e-05,1,0.66,D-rand,0.66
5732,D,3,A,0.66,0.56,0.66,0.07,0.08,0.19,452,1.8984000000000003e-05,0,0.19,D-rand,0.66
5733,B,1,B,0.48,0.32,0.03,0.48,0.1,0.39,496,2.0832000000000003e-05,1,0.48,D-rand,0.48
5734,C,2,A,0.55,0.4,0.55,0.16,0.19,0.1,455,1.911e-05,0,0.19,D-rand,0.55
5738,D,3,D,0.64,0.53,0.22,0.12,0.02,0.64,481,2.0202e-05,1,0.64,D-rand,0.64
5736,A,0,A,0.7000000000000001,0.61,0.7000000000000001,0.04,0.14,0.12,480,2.016e-05,1,0.7000000000000001,D-rand,0.7000000000000001
5735,D,3,A,0.86,0.8200000000000001,0.86,0.02,0.04,0.08,483,2.0286e-05,0,0.08,D-rand,0.86
5742,B,1,A,0.51,0.34,0.51,0.46,0.02,0.01,475,1.9950000000000004e-05,0,0.46,D-rand,0.51
5743,B,1,D,0.81,0.74,0.08,0.09,0.02,0.81,489,2.0538e-05,0,0.09,D-rand,0.81
5739,A,0,B,0.45,0.26,0.24,0.45,0.17,0.14,468,1.9656000000000003e-05,0,0.24,D-rand,0.45
5744,A,0,C,0.47,0.3,0.24,0.27,0.47,0.02,462,1.9404e-05,0,0.24,D-rand,0.47
5745,B,1,A,0.95,0.95,0.95,0.03,0.01,0.01,476,1.9992e-05,0,0.03,D-rand,0.95
5749,C,2,C,0.77,0.6900000000000001,0.06,0.11,0.77,0.06,460,1.932e-05,1,0.77,D-rand,0.77
5747,A,0,A,0.93,0.91,0.93,0.04,0.01,0.01,442,1.8564e-05,1,0.93,D-rand,0.93
5748,A,0,A,0.8300000000000001,0.78,0.8300000000000001,0.04,0.01,0.12,546,2.2932000000000003e-05,1,0.8300000000000001,D-rand,0.8300000000000001
5751,D,3,B,0.51,0.33,0.23,0.51,0.11,0.15,430,1.8060000000000003e-05,0,0.15,D-rand,0.51
5752,B,1,B,0.95,0.94,0.03,0.95,0.01,0.01,468,1.9656000000000003e-05,1,0.95,D-rand,0.95
5753,D,3,D,0.84,0.78,0.07,0.04,0.05,0.84,531,2.2302e-05,1,0.84,D-rand,0.84
5750,B,1,B,0.87,0.8200000000000001,0.11,0.87,0.01,0.01,456,1.9152e-05,1,0.87,D-rand,0.87
5756,C,2,C,0.76,0.68,0.01,0.2,0.76,0.03,465,1.953e-05,1,0.76,D-rand,0.76
5757,B,1,D,0.31,0.08,0.13,0.29,0.27,0.31,427,1.7934e-05,0,0.29,D-rand,0.31
5759,A,0,B,0.73,0.64,0.08,0.73,0.16,0.03,586,2.4612e-05,0,0.08,D-rand,0.73
5758,C,2,A,0.65,0.52,0.65,0.09,0.19,0.07,473,1.9866000000000003e-05,0,0.19,D-rand,0.65
5761,B,1,B,0.75,0.66,0.07,0.75,0.05,0.13,442,1.8564e-05,1,0.75,D-rand,0.75
5760,D,3,B,0.89,0.85,0.05,0.89,0.01,0.05,425,1.7850000000000004e-05,0,0.05,D-rand,0.89
5762,B,1,B,1.0,0.99,0.0,1.0,0.0,0.0,445,1.869e-05,1,1.0,D-rand,1.0
5763,D,3,C,0.8200000000000001,0.76,0.02,0.14,0.8200000000000001,0.02,504,2.1168e-05,0,0.02,D-rand,0.8200000000000001
5764,C,2,C,0.7000000000000001,0.6000000000000001,0.17,0.06,0.7000000000000001,0.07,436,1.8312e-05,1,0.7000000000000001,D-rand,0.7000000000000001
5766,B,1,B,0.8300000000000001,0.78,0.08,0.8300000000000001,0.07,0.02,439,1.8438e-05,1,0.8300000000000001,D-rand,0.8300000000000001
5768,B,1,B,1.0,1.0,0.0,1.0,0.0,0.0,512,2.1504e-05,1,1.0,D-rand,1.0
5770,A,0,A,1.0,1.0,1.0,0.0,0.0,0.0,476,1.9992e-05,1,1.0,D-rand,1.0
5769,C,2,C,0.63,0.51,0.06,0.23,0.63,0.08,501,2.1042000000000003e-05,1,0.63,D-rand,0.63
5772,D,3,D,0.67,0.56,0.25,0.01,0.07,0.67,483,2.0286e-05,1,0.67,D-rand,0.67
5773,B,1,B,0.68,0.5700000000000001,0.14,0.68,0.09,0.09,428,1.7976000000000002e-05,1,0.68,D-rand,0.68
5767,A,0,A,0.5700000000000001,0.42,0.5700000000000001,0.08,0.19,0.16,439,1.8438e-05,1,0.5700000000000001,D-rand,0.5700000000000001
5774,C,2,C,0.91,0.87,0.02,0.07,0.91,0.0,436,1.8312e-05,1,0.91,D-rand,0.91
5778,D,3,D,0.99,0.98,0.0,0.0,0.01,0.99,461,1.9362e-05,1,0.99,D-rand,0.99
5776,D,3,C,0.38,0.18,0.26,0.04,0.38,0.32,432,1.8144e-05,0,0.32,D-rand,0.38
5777,D,3,B,0.78,0.72,0.05,0.78,0.09,0.08,479,2.0118000000000003e-05,0,0.08,D-rand,0.78
5779,A,0,A,0.94,0.92,0.94,0.03,0.01,0.02,468,1.9656000000000003e-05,1,0.94,D-rand,0.94
5780,D,3,B,0.45,0.27,0.17,0.45,0.2,0.18,441,1.8522000000000003e-05,0,0.18,D-rand,0.45
5781,C,2,C,1.0,1.0,0.0,0.0,1.0,0.0,438,1.8396e-05,1,1.0,D-rand,1.0
5783,D,3,C,0.85,0.8,0.04,0.04,0.85,0.07,489,2.0538e-05,0,0.07,D-rand,0.85
5784,A,0,A,0.93,0.91,0.93,0.03,0.04,0.0,435,1.827e-05,1,0.93,D-rand,0.93
5782,A,0,A,0.99,0.99,0.99,0.0,0.01,0.0,493,2.0706000000000005e-05,1,0.99,D-rand,0.99
5785,A,0,A,0.77,0.7000000000000001,0.77,0.08,0.11,0.04,501,2.1042000000000003e-05,1,0.77,D-rand,0.77
5786,B,1,B,0.53,0.37,0.43,0.53,0.01,0.03,497,2.0874000000000004e-05,1,0.53,D-rand,0.53
5787,D,3,A,0.72,0.63,0.72,0.03,0.06,0.19,460,1.932e-05,0,0.19,D-rand,0.72
5789,C,2,C,0.399999999999999,0.21,0.15,0.28,0.399999999999999,0.17,441,1.8522000000000003e-05,1,0.399999999999999,D-rand,0.399999999999999
5788,C,2,C,0.97,0.96,0.01,0.01,0.97,0.01,425,1.7850000000000004e-05,1,0.97,D-rand,0.97
5790,C,2,B,0.51,0.35,0.23,0.51,0.18,0.08,425,1.7850000000000004e-05,0,0.18,D-rand,0.51
5791,A,0,B,0.67,0.5700000000000001,0.24,0.67,0.05,0.04,408,1.7136e-05,0,0.24,D-rand,0.67
5793,D,3,D,0.73,0.64,0.01,0.04,0.22,0.73,452,1.8984000000000003e-05,1,0.73,D-rand,0.73
5795,B,1,B,0.99,0.98,0.01,0.99,0.0,0.0,431,1.8102e-05,1,0.99,D-rand,0.99
5798,A,0,A,0.98,0.98,0.98,0.01,0.01,0.0,502,2.1084000000000003e-05,1,0.98,D-rand,0.98
5797,A,0,A,0.99,0.98,0.99,0.0,0.01,0.0,461,1.9362e-05,1,0.99,D-rand,0.99
5799,C,2,C,0.91,0.88,0.03,0.0,0.91,0.06,474,1.9908000000000003e-05,1,0.91,D-rand,0.91
5800,D,3,D,1.0,1.0,0.0,0.0,0.0,1.0,455,1.911e-05,1,1.0,D-rand,1.0
5802,C,2,C,0.9,0.86,0.02,0.07,0.9,0.01,551,2.3142000000000003e-05,1,0.9,D-rand,0.9
5801,C,2,C,0.99,0.98,0.01,0.0,0.99,0.0,510,2.142e-05,1,0.99,D-rand,0.99
5803,D,3,A,0.41,0.21,0.41,0.07,0.14,0.38,482,2.0244e-05,0,0.38,D-rand,0.41
5804,D,3,D,0.91,0.88,0.08,0.01,0.0,0.91,475,1.9950000000000004e-05,1,0.91,D-rand,0.91
5805,B,1,B,0.94,0.92,0.02,0.94,0.0,0.04,479,2.0118000000000003e-05,1,0.94,D-rand,0.94
5806,B,1,B,0.85,0.81,0.1,0.85,0.03,0.02,434,1.8228e-05,1,0.85,D-rand,0.85
5807,A,0,A,0.71,0.62,0.71,0.04,0.24,0.01,487,2.0454e-05,1,0.71,D-rand,0.71
5808,B,1,B,0.94,0.93,0.02,0.94,0.03,0.01,434,1.8228e-05,1,0.94,D-rand,0.94
5810,C,2,C,1.0,1.0,0.0,0.0,1.0,0.0,490,2.058e-05,1,1.0,D-rand,1.0
5809,C,2,C,0.91,0.87,0.07,0.02,0.91,0.0,448,1.8816000000000004e-05,1,0.91,D-rand,0.91
5811,D,3,D,0.99,0.99,0.0,0.01,0.0,0.99,496,2.0832000000000003e-05,1,0.99,D-rand,0.99
5812,D,3,D,0.9,0.86,0.01,0.09,0.0,0.9,439,1.8438e-05,1,0.9,D-rand,0.9
5813,D,3,D,0.73,0.64,0.05,0.08,0.14,0.73,464,1.9488000000000004e-05,1,0.73,D-rand,0.73
5814,A,0,A,1.0,0.99,1.0,0.0,0.0,0.0,513,2.1546e-05,1,1.0,D-rand,1.0
5817,B,1,B,0.9,0.87,0.01,0.9,0.08,0.01,437,1.8354e-05,1,0.9,D-rand,0.9
5816,B,1,B,0.97,0.96,0.02,0.97,0.0,0.01,431,1.8102e-05,1,0.97,D-rand,0.97
5815,A,0,A,0.92,0.88,0.92,0.02,0.05,0.01,469,1.9698e-05,1,0.92,D-rand,0.92
5818,A,0,A,0.91,0.87,0.91,0.01,0.05,0.03,496,2.0832000000000003e-05,1,0.91,D-rand,0.91
5819,B,1,B,0.97,0.97,0.01,0.97,0.01,0.01,438,1.8396e-05,1,0.97,D-rand,0.97
5820,A,0,A,0.99,0.98,0.99,0.0,0.0,0.01,513,2.1546e-05,1,0.99,D-rand,0.99
5822,A,0,A,1.0,1.0,1.0,0.0,0.0,0.0,450,1.89e-05,1,1.0,D-rand,1.0
5824,D,3,D,0.81,0.75,0.12,0.06,0.01,0.81,458,1.9236e-05,1,0.81,D-rand,0.81
5821,D,3,D,0.53,0.37,0.12,0.23,0.12,0.53,477,2.0034e-05,1,0.53,D-rand,0.53
5826,A,0,A,0.79,0.73,0.79,0.11,0.06,0.04,456,1.9152e-05,1,0.79,D-rand,0.79
5828,D,3,D,0.929999999999999,0.92,0.01,0.03,0.03,0.929999999999999,463,1.9446e-05,1,0.929999999999999,D-rand,0.929999999999999
5825,C,2,C,0.99,0.99,0.01,0.0,0.99,0.0,501,2.1042000000000003e-05,1,0.99,D-rand,0.99
5829,C,2,C,0.92,0.89,0.01,0.05,0.92,0.02,455,1.911e-05,1,0.92,D-rand,0.92
5831,A,0,A,0.98,0.98,0.98,0.0,0.01,0.01,469,1.9698e-05,1,0.98,D-rand,0.98
5834,B,1,B,0.75,0.66,0.2,0.75,0.03,0.02,550,2.31e-05,1,0.75,D-rand,0.75
5833,B,1,B,0.88,0.84,0.03,0.88,0.01,0.08,508,2.1336e-05,1,0.88,D-rand,0.88
5832,B,1,B,0.78,0.71,0.17,0.78,0.02,0.03,432,1.8144e-05,1,0.78,D-rand,0.78
5836,B,1,B,0.72,0.61,0.12,0.72,0.11,0.05,420,1.764e-05,1,0.72,D-rand,0.72
5837,B,1,B,1.0,1.0,0.0,1.0,0.0,0.0,465,1.953e-05,1,1.0,D-rand,1.0
5835,C,2,C,0.58,0.45,0.16,0.16,0.58,0.1,497,2.0874000000000004e-05,1,0.58,D-rand,0.58
5838,A,0,A,0.99,0.98,0.99,0.0,0.01,0.0,453,1.9026000000000004e-05,1,0.99,D-rand,0.99
5839,B,1,B,1.0,0.99,0.0,1.0,0.0,0.0,452,1.8984000000000003e-05,1,1.0,D-rand,1.0
5840,C,2,C,0.93,0.89,0.04,0.0,0.93,0.03,458,1.9236e-05,1,0.93,D-rand,0.93
5841,C,2,C,0.94,0.93,0.01,0.04,0.94,0.01,480,2.016e-05,1,0.94,D-rand,0.94
5843,C,2,B,0.6000000000000001,0.47,0.1,0.6000000000000001,0.2,0.1,505,2.121e-05,0,0.2,D-rand,0.6000000000000001
5845,A,0,A,0.96,0.94,0.96,0.0,0.04,0.0,432,1.8144e-05,1,0.96,D-rand,0.96
5844,D,3,D,0.62,0.49,0.12,0.19,0.07,0.62,519,2.1798000000000004e-05,1,0.62,D-rand,0.62
5846,A,0,A,0.96,0.94,0.96,0.02,0.01,0.01,454,1.9068e-05,1,0.96,D-rand,0.96
5847,B,1,B,0.97,0.95,0.0,0.97,0.02,0.01,493,2.0706000000000005e-05,1,0.97,D-rand,0.97
5849,B,1,B,0.8200000000000001,0.76,0.08,0.8200000000000001,0.09,0.01,419,1.7598000000000003e-05,1,0.8200000000000001,D-rand,0.8200000000000001
5851,B,1,B,0.59,0.47,0.03,0.59,0.02,0.36,453,1.9026000000000004e-05,1,0.59,D-rand,0.59
5852,B,1,C,0.35,0.13,0.32,0.22,0.35,0.11,449,1.8858e-05,0,0.22,D-rand,0.35
5853,A,0,A,0.99,0.99,0.99,0.01,0.0,0.0,479,2.0118000000000003e-05,1,0.99,D-rand,0.99
5854,A,0,A,0.54,0.38,0.54,0.09,0.29,0.08,449,1.8858e-05,1,0.54,D-rand,0.54
5857,A,0,C,0.68,0.58,0.28,0.02,0.68,0.02,476,1.9992e-05,0,0.28,D-rand,0.68
5856,C,2,C,0.89,0.85,0.05,0.02,0.89,0.04,460,1.932e-05,1,0.89,D-rand,0.89
5859,D,3,B,0.37,0.16,0.29,0.37,0.17,0.17,435,1.827e-05,0,0.17,D-rand,0.37
5858,D,3,D,0.9,0.86,0.03,0.06,0.01,0.9,445,1.869e-05,1,0.9,D-rand,0.9
5861,B,1,B,0.98,0.97,0.01,0.98,0.01,0.0,422,1.7724000000000002e-05,1,0.98,D-rand,0.98
5862,D,3,D,0.42,0.22,0.26,0.07,0.25,0.42,450,1.89e-05,1,0.42,D-rand,0.42
5863,B,1,B,0.45,0.26,0.26,0.45,0.16,0.13,418,1.7556000000000003e-05,1,0.45,D-rand,0.45
5864,A,0,A,0.99,0.99,0.99,0.0,0.01,0.0,455,1.911e-05,1,0.99,D-rand,0.99
5865,B,1,C,0.79,0.72,0.02,0.16,0.79,0.03,438,1.8396e-05,0,0.16,D-rand,0.79
5866,D,3,D,0.35,0.14,0.26,0.07,0.32,0.35,470,1.974e-05,1,0.35,D-rand,0.35
5867,A,0,A,0.98,0.98,0.98,0.01,0.01,0.0,464,1.9488000000000004e-05,1,0.98,D-rand,0.98
5869,C,2,B,0.64,0.52,0.13,0.64,0.14,0.09,448,1.8816000000000004e-05,0,0.14,D-rand,0.64
5872,B,1,B,0.48,0.31,0.45,0.48,0.01,0.06,548,2.3016e-05,1,0.48,D-rand,0.48
5873,C,2,C,0.95,0.94,0.03,0.01,0.95,0.01,445,1.869e-05,1,0.95,D-rand,0.95
5870,C,2,D,0.58,0.43,0.1,0.01,0.31,0.58,440,1.848e-05,0,0.31,D-rand,0.58
5871,D,3,B,0.65,0.53,0.19,0.65,0.08,0.08,490,2.058e-05,0,0.08,D-rand,0.65
5874,B,1,B,0.96,0.95,0.01,0.96,0.01,0.02,467,1.9614e-05,1,0.96,D-rand,0.96
5875,D,3,D,0.8,0.73,0.12,0.03,0.05,0.8,464,1.9488000000000004e-05,1,0.8,D-rand,0.8
5876,B,1,B,0.65,0.53,0.26,0.65,0.05,0.04,517,2.1714000000000003e-05,1,0.65,D-rand,0.65
5877,D,3,D,0.94,0.91,0.0,0.03,0.03,0.94,501,2.1042000000000003e-05,1,0.94,D-rand,0.94
5881,A,0,B,0.47,0.3,0.35,0.47,0.14,0.04,445,1.869e-05,0,0.35,D-rand,0.47
5878,A,0,A,1.0,1.0,1.0,0.0,0.0,0.0,438,1.8396e-05,1,1.0,D-rand,1.0
5880,A,0,B,0.74,0.66,0.12,0.74,0.08,0.06,472,1.9824e-05,0,0.12,D-rand,0.74
5883,C,2,C,1.0,1.0,0.0,0.0,1.0,0.0,573,2.4066000000000003e-05,1,1.0,D-rand,1.0
5882,B,1,B,0.91,0.88,0.06,0.91,0.0,0.03,576,2.4192e-05,1,0.91,D-rand,0.91
5884,C,2,C,0.92,0.89,0.06,0.01,0.92,0.01,487,2.0454e-05,1,0.92,D-rand,0.92
5887,B,1,B,0.84,0.78,0.11,0.84,0.03,0.02,439,1.8438e-05,1,0.84,D-rand,0.84
5890,B,1,B,0.929999999999999,0.91,0.01,0.929999999999999,0.01,0.05,604,2.5368e-05,1,0.929999999999999,D-rand,0.929999999999999
5885,C,2,C,0.91,0.89,0.03,0.01,0.91,0.05,422,1.7724000000000002e-05,1,0.91,D-rand,0.91
5892,C,2,B,0.42,0.23,0.29,0.42,0.14,0.15,448,1.8816000000000004e-05,0,0.14,D-rand,0.42
5891,C,2,B,0.53,0.36,0.07,0.53,0.36,0.04,442,1.8564e-05,0,0.36,D-rand,0.53
5894,D,3,D,0.6900000000000001,0.59,0.07,0.1,0.14,0.6900000000000001,461,1.9362e-05,1,0.6900000000000001,D-rand,0.6900000000000001
5893,C,2,D,0.43,0.24,0.18,0.23,0.16,0.43,488,2.0496e-05,0,0.16,D-rand,0.43
5895,B,1,B,1.0,0.99,0.0,1.0,0.0,0.0,475,1.9950000000000004e-05,1,1.0,D-rand,1.0
5896,A,0,A,0.53,0.37,0.53,0.03,0.06,0.38,438,1.8396e-05,1,0.53,D-rand,0.53
5898,C,2,C,0.52,0.36,0.42,0.04,0.52,0.02,455,1.911e-05,1,0.52,D-rand,0.52
5897,B,1,B,0.94,0.91,0.01,0.94,0.05,0.0,452,1.8984000000000003e-05,1,0.94,D-rand,0.94
5899,B,1,B,0.78,0.71,0.15,0.78,0.05,0.02,455,1.911e-05,1,0.78,D-rand,0.78
5900,A,0,A,0.99,0.98,0.99,0.0,0.01,0.0,447,1.8774000000000004e-05,1,0.99,D-rand,0.99
5904,C,2,C,0.64,0.53,0.19,0.12,0.64,0.05,490,2.058e-05,1,0.64,D-rand,0.64
5903,C,2,C,0.49,0.31,0.17,0.33,0.49,0.01,571,2.3982e-05,1,0.49,D-rand,0.49
5905,A,0,C,0.51,0.34,0.44,0.02,0.51,0.03,545,2.2890000000000003e-05,0,0.44,D-rand,0.51
5902,D,3,D,0.95,0.93,0.02,0.02,0.01,0.95,464,1.9488000000000004e-05,1,0.95,D-rand,0.95
5906,C,2,C,1.0,1.0,0.0,0.0,1.0,0.0,483,2.0286e-05,1,1.0,D-rand,1.0
5907,A,0,A,0.7000000000000001,0.6000000000000001,0.7000000000000001,0.2,0.02,0.08,505,2.121e-05,1,0.7000000000000001,D-rand,0.7000000000000001
5910,B,1,A,0.53,0.37,0.53,0.07,0.17,0.23,477,2.0034e-05,0,0.07,D-rand,0.53
5912,A,0,A,0.8300000000000001,0.77,0.8300000000000001,0.01,0.15,0.01,473,1.9866000000000003e-05,1,0.8300000000000001,D-rand,0.8300000000000001
5909,D,3,D,1.0,1.0,0.0,0.0,0.0,1.0,478,2.0076e-05,1,1.0,D-rand,1.0
5911,D,3,D,0.55,0.39,0.13,0.27,0.05,0.55,469,1.9698e-05,1,0.55,D-rand,0.55
5913,D,3,D,1.0,1.0,0.0,0.0,0.0,1.0,457,1.9194000000000003e-05,1,1.0,D-rand,1.0
5908,A,0,A,0.81,0.75,0.81,0.05,0.08,0.06,470,1.974e-05,1,0.81,D-rand,0.81
5915,D,3,D,0.95,0.93,0.02,0.02,0.01,0.95,473,1.9866000000000003e-05,1,0.95,D-rand,0.95
5914,C,2,C,0.58,0.43,0.1,0.07,0.58,0.25,491,2.0622e-05,1,0.58,D-rand,0.58
5918,C,2,C,0.99,0.98,0.0,0.01,0.99,0.0,451,1.8942000000000003e-05,1,0.99,D-rand,0.99
5919,C,2,C,0.9,0.87,0.01,0.02,0.9,0.07,465,1.953e-05,1,0.9,D-rand,0.9
5922,D,3,D,0.79,0.72,0.07,0.1,0.04,0.79,437,1.8354e-05,1,0.79,D-rand,0.79
5923,A,0,A,0.98,0.97,0.98,0.02,0.0,0.0,453,1.9026000000000004e-05,1,0.98,D-rand,0.98
5921,A,0,A,0.99,0.98,0.99,0.01,0.0,0.0,457,1.9194000000000003e-05,1,0.99,D-rand,0.99
5916,D,3,D,0.43,0.24,0.09,0.27,0.21,0.43,460,1.932e-05,1,0.43,D-rand,0.43
5926,C,2,A,0.6000000000000001,0.46,0.6000000000000001,0.1,0.08,0.22,447,1.8774000000000004e-05,0,0.08,D-rand,0.6000000000000001
5924,A,0,A,0.5,0.34,0.5,0.03,0.23,0.24,470,1.974e-05,1,0.5,D-rand,0.5
5925,B,1,D,0.65,0.53,0.12,0.17,0.06,0.65,466,1.9572e-05,0,0.17,D-rand,0.65
5928,B,1,D,0.52,0.36,0.14,0.29,0.05,0.52,531,2.2302e-05,0,0.29,D-rand,0.52
5929,A,0,A,0.86,0.81,0.86,0.03,0.07,0.04,467,1.9614e-05,1,0.86,D-rand,0.86
5933,A,0,A,0.86,0.8200000000000001,0.86,0.11,0.01,0.02,481,2.0202e-05,1,0.86,D-rand,0.86
5932,D,3,C,0.59,0.46,0.04,0.01,0.59,0.36,453,1.9026000000000004e-05,0,0.36,D-rand,0.59
5927,A,0,A,0.99,0.97,0.99,0.01,0.0,0.0,507,2.1294e-05,1,0.99,D-rand,0.99
5934,A,0,A,0.99,0.99,0.99,0.01,0.0,0.0,456,1.9152e-05,1,0.99,D-rand,0.99
5938,C,2,C,0.84,0.78,0.07,0.01,0.84,0.08,484,2.0328000000000003e-05,1,0.84,D-rand,0.84
5936,A,0,A,0.91,0.88,0.91,0.07,0.02,0.0,551,2.3142000000000003e-05,1,0.91,D-rand,0.91
5935,C,2,C,0.87,0.8200000000000001,0.04,0.0,0.87,0.09,525,2.2050000000000004e-05,1,0.87,D-rand,0.87
5942,B,1,B,0.76,0.67,0.19,0.76,0.02,0.03,483,2.0286e-05,1,0.76,D-rand,0.76
5939,B,1,B,0.9,0.87,0.03,0.9,0.06,0.01,453,1.9026000000000004e-05,1,0.9,D-rand,0.9
5940,C,2,C,0.77,0.7000000000000001,0.03,0.19,0.77,0.01,447,1.8774000000000004e-05,1,0.77,D-rand,0.77
5941,B,1,B,1.0,0.99,0.0,1.0,0.0,0.0,452,1.8984000000000003e-05,1,1.0,D-rand,1.0
5943,B,1,B,0.95,0.92,0.02,0.95,0.03,0.0,459,1.9278e-05,1,0.95,D-rand,0.95
5945,B,1,B,0.86,0.8200000000000001,0.03,0.86,0.06,0.05,478,2.0076e-05,1,0.86,D-rand,0.86
5944,A,0,A,0.39,0.19,0.39,0.27,0.08,0.26,430,1.8060000000000003e-05,1,0.39,D-rand,0.39
5946,B,1,C,0.38,0.18,0.28,0.27,0.38,0.07,502,2.1084000000000003e-05,0,0.27,D-rand,0.38
5949,C,2,C,0.7000000000000001,0.61,0.25,0.01,0.7000000000000001,0.04,471,1.9782000000000005e-05,1,0.7000000000000001,D-rand,0.7000000000000001
5952,C,2,C,0.96,0.95,0.01,0.01,0.96,0.02,498,2.0916000000000004e-05,1,0.96,D-rand,0.96
5947,D,3,A,0.58,0.44,0.58,0.13,0.05,0.24,417,1.7514000000000002e-05,0,0.24,D-rand,0.58
5954,A,0,A,1.0,1.0,1.0,0.0,0.0,0.0,504,2.1168e-05,1,1.0,D-rand,1.0
5951,C,2,C,0.99,0.98,0.0,0.0,0.99,0.01,480,2.016e-05,1,0.99,D-rand,0.99
5956,A,0,A,1.0,1.0,1.0,0.0,0.0,0.0,457,1.9194000000000003e-05,1,1.0,D-rand,1.0
5955,C,2,C,0.33,0.1,0.25,0.21,0.33,0.21,421,1.7682e-05,1,0.33,D-rand,0.33
5957,A,0,A,0.92,0.9,0.92,0.05,0.01,0.02,456,1.9152e-05,1,0.92,D-rand,0.92
5958,A,0,A,1.0,1.0,1.0,0.0,0.0,0.0,429,1.8018000000000003e-05,1,1.0,D-rand,1.0
5960,C,2,C,1.0,1.0,0.0,0.0,1.0,0.0,520,2.1840000000000004e-05,1,1.0,D-rand,1.0
5959,C,2,C,0.47,0.29,0.12,0.15,0.47,0.26,444,1.8648e-05,1,0.47,D-rand,0.47
5962,B,1,B,0.94,0.91,0.01,0.94,0.0,0.05,457,1.9194000000000003e-05,1,0.94,D-rand,0.94
5963,B,1,B,0.99,0.98,0.01,0.99,0.0,0.0,449,1.8858e-05,1,0.99,D-rand,0.99
5964,A,0,A,0.75,0.67,0.75,0.03,0.06,0.16,474,1.9908000000000003e-05,1,0.75,D-rand,0.75
5961,D,3,D,0.71,0.62,0.12,0.07,0.1,0.71,523,2.1966000000000003e-05,1,0.71,D-rand,0.71
5965,D,3,A,0.5,0.33,0.5,0.21,0.08,0.21,505,2.121e-05,0,0.21,D-rand,0.5
5966,C,2,C,0.93,0.91,0.05,0.01,0.93,0.01,453,1.9026000000000004e-05,1,0.93,D-rand,0.93
5967,A,0,A,0.76,0.6900000000000001,0.76,0.13,0.03,0.08,504,2.1168e-05,1,0.76,D-rand,0.76
5969,D,3,B,0.8,0.73,0.04,0.8,0.02,0.14,457,1.9194000000000003e-05,0,0.14,D-rand,0.8
5970,C,2,D,0.53,0.37,0.31,0.11,0.05,0.53,448,1.8816000000000004e-05,0,0.05,D-rand,0.53
5968,A,0,B,0.56,0.42,0.37,0.56,0.03,0.04,462,1.9404e-05,0,0.37,D-rand,0.56
5971,D,3,D,0.98,0.97,0.0,0.01,0.01,0.98,474,1.9908000000000003e-05,1,0.98,D-rand,0.98
5972,D,3,D,0.95,0.93,0.03,0.0,0.02,0.95,438,1.8396e-05,1,0.95,D-rand,0.95
5975,D,3,D,0.99,0.99,0.01,0.0,0.0,0.99,485,2.037e-05,1,0.99,D-rand,0.99
5976,B,1,C,0.36,0.16,0.18,0.13,0.36,0.33,486,2.0412e-05,0,0.13,D-rand,0.36
5977,C,2,D,0.6000000000000001,0.46,0.1,0.23,0.07,0.6000000000000001,482,2.0244e-05,0,0.07,D-rand,0.6000000000000001
5973,A,0,A,1.0,1.0,1.0,0.0,0.0,0.0,468,1.9656000000000003e-05,1,1.0,D-rand,1.0
5978,B,1,D,0.81,0.75,0.04,0.04,0.11,0.81,458,1.9236e-05,0,0.04,D-rand,0.81
5979,D,3,D,0.78,0.7000000000000001,0.01,0.0,0.21,0.78,485,2.037e-05,1,0.78,D-rand,0.78
5974,A,0,A,0.96,0.94,0.96,0.01,0.01,0.02,488,2.0496e-05,1,0.96,D-rand,0.96
5980,A,0,A,0.85,0.79,0.85,0.01,0.02,0.12,450,1.89e-05,1,0.85,D-rand,0.85
5981,C,2,C,0.53,0.37,0.3,0.09,0.53,0.08,420,1.764e-05,1,0.53,D-rand,0.53
5982,B,1,B,0.94,0.92,0.05,0.94,0.01,0.0,443,1.8606e-05,1,0.94,D-rand,0.94
5983,D,3,D,0.98,0.98,0.0,0.01,0.01,0.98,450,1.89e-05,1,0.98,D-rand,0.98
5985,D,3,A,0.45,0.27,0.45,0.09,0.16,0.3,465,1.953e-05,0,0.3,D-rand,0.45
5988,B,1,B,1.0,1.0,0.0,1.0,0.0,0.0,456,1.9152e-05,1,1.0,D-rand,1.0
5984,B,1,B,0.99,0.98,0.01,0.99,0.0,0.0,488,2.0496e-05,1,0.99,D-rand,0.99
5989,D,3,C,0.65,0.54,0.11,0.2,0.65,0.04,415,1.743e-05,0,0.04,D-rand,0.65
5987,C,2,C,0.94,0.92,0.04,0.01,0.94,0.01,481,2.0202e-05,1,0.94,D-rand,0.94
5991,C,2,C,0.8300000000000001,0.77,0.04,0.12,0.8300000000000001,0.01,478,2.0076e-05,1,0.8300000000000001,D-rand,0.8300000000000001
5986,D,3,D,0.9,0.88,0.06,0.01,0.03,0.9,466,1.9572e-05,1,0.9,D-rand,0.9
5993,A,0,A,0.98,0.97,0.98,0.01,0.01,0.0,475,1.9950000000000004e-05,1,0.98,D-rand,0.98
5995,A,0,A,0.95,0.92,0.95,0.01,0.03,0.01,532,2.2344e-05,1,0.95,D-rand,0.95
5992,A,0,A,0.86,0.81,0.86,0.01,0.09,0.04,490,2.058e-05,1,0.86,D-rand,0.86
6000,C,2,C,0.87,0.84,0.01,0.09,0.87,0.03,560,2.352e-05,1,0.87,D-rand,0.87
5997,B,1,B,0.91,0.89,0.01,0.91,0.07,0.01,458,1.9236e-05,1,0.91,D-rand,0.91
5999,A,0,A,0.52,0.36,0.52,0.35,0.1,0.03,514,2.1588e-05,1,0.52,D-rand,0.52
6001,A,0,A,0.93,0.91,0.93,0.04,0.01,0.02,457,1.9194000000000003e-05,1,0.93,D-rand,0.93
5998,B,1,B,0.4,0.19,0.26,0.4,0.24,0.1,471,1.9782000000000005e-05,1,0.4,D-rand,0.4
6002,A,0,A,0.85,0.79,0.85,0.12,0.01,0.02,404,1.6968e-05,1,0.85,D-rand,0.85
6004,C,2,C,0.98,0.97,0.01,0.01,0.98,0.0,510,2.142e-05,1,0.98,D-rand,0.98
6005,A,0,A,0.74,0.66,0.74,0.1,0.05,0.11,485,2.037e-05,1,0.74,D-rand,0.74
6006,C,2,C,0.8200000000000001,0.76,0.04,0.12,0.8200000000000001,0.02,536,2.2512e-05,1,0.8200000000000001,D-rand,0.8200000000000001
6008,D,3,D,0.85,0.81,0.13,0.01,0.01,0.85,507,2.1294e-05,1,0.85,D-rand,0.85
6009,A,0,C,0.31,0.09,0.21,0.26,0.31,0.22,453,1.9026000000000004e-05,0,0.21,D-rand,0.31
6007,D,3,A,0.5700000000000001,0.43,0.5700000000000001,0.05,0.13,0.25,482,2.0244e-05,0,0.25,D-rand,0.5700000000000001
6010,C,2,C,0.78,0.7000000000000001,0.05,0.1,0.78,0.07,455,1.911e-05,1,0.78,D-rand,0.78
6014,A,0,A,0.85,0.8,0.85,0.02,0.07,0.06,429,1.8018000000000003e-05,1,0.85,D-rand,0.85
6011,D,3,D,0.97,0.96,0.01,0.01,0.01,0.97,570,2.3940000000000005e-05,1,0.97,D-rand,0.97
6012,C,2,C,0.48,0.31,0.3,0.1,0.48,0.12,485,2.037e-05,1,0.48,D-rand,0.48
6022,C,2,A,0.75,0.66,0.75,0.18,0.04,0.03,456,1.9152e-05,0,0.04,D-rand,0.75
6025,A,0,A,0.8300000000000001,0.79,0.8300000000000001,0.15,0.01,0.01,449,1.8858e-05,1,0.8300000000000001,D-rand,0.8300000000000001
6015,B,1,B,0.63,0.49,0.05,0.63,0.23,0.09,459,1.9278e-05,1,0.63,D-rand,0.63
6017,A,0,A,1.0,1.0,1.0,0.0,0.0,0.0,493,2.0706000000000005e-05,1,1.0,D-rand,1.0
6026,D,3,D,0.54,0.39,0.07,0.03,0.36,0.54,448,1.8816000000000004e-05,1,0.54,D-rand,0.54
6020,A,0,A,0.67,0.5700000000000001,0.67,0.01,0.31,0.01,476,1.9992e-05,1,0.67,D-rand,0.67
6028,D,3,D,0.8300000000000001,0.77,0.11,0.05,0.01,0.8300000000000001,487,2.0454e-05,1,0.8300000000000001,D-rand,0.8300000000000001
6027,A,0,A,0.6900000000000001,0.59,0.6900000000000001,0.27,0.03,0.01,457,1.9194000000000003e-05,1,0.6900000000000001,D-rand,0.6900000000000001
6029,C,2,C,0.59,0.46,0.13,0.17,0.59,0.11,431,1.8102e-05,1,0.59,D-rand,0.59
6033,A,0,A,0.98,0.98,0.98,0.01,0.01,0.0,459,1.9278e-05,1,0.98,D-rand,0.98
6036,C,2,D,0.52,0.36,0.11,0.06,0.31,0.52,406,1.7052000000000002e-05,0,0.31,D-rand,0.52
6031,D,3,D,0.73,0.65,0.22,0.04,0.01,0.73,470,1.974e-05,1,0.73,D-rand,0.73
6032,B,1,B,0.76,0.67,0.06,0.76,0.15,0.03,443,1.8606e-05,1,0.76,D-rand,0.76
6034,B,1,B,0.97,0.95,0.02,0.97,0.0,0.01,542,2.2764000000000004e-05,1,0.97,D-rand,0.97
6030,C,2,C,0.9,0.85,0.01,0.09,0.9,0.0,470,1.974e-05,1,0.9,D-rand,0.9
6037,D,3,C,0.6000000000000001,0.46,0.19,0.14,0.6000000000000001,0.07,407,1.7094000000000003e-05,0,0.07,D-rand,0.6000000000000001
6038,B,1,B,0.8300000000000001,0.79,0.1,0.8300000000000001,0.05,0.02,476,1.9992e-05,1,0.8300000000000001,D-rand,0.8300000000000001
6039,C,2,C,0.43,0.25,0.31,0.08,0.43,0.18,455,1.911e-05,1,0.43,D-rand,0.43
6042,B,1,B,0.98,0.98,0.01,0.98,0.0,0.01,442,1.8564e-05,1,0.98,D-rand,0.98
6044,A,0,D,0.44,0.26,0.34,0.05,0.17,0.44,474,1.9908000000000003e-05,0,0.34,D-rand,0.44
6041,D,3,D,0.94,0.93,0.01,0.02,0.03,0.94,492,2.0664e-05,1,0.94,D-rand,0.94
6045,B,1,B,1.0,1.0,0.0,1.0,0.0,0.0,469,1.9698e-05,1,1.0,D-rand,1.0
6046,C,2,B,0.51,0.34,0.3,0.51,0.11,0.08,464,1.9488000000000004e-05,0,0.11,D-rand,0.51
6049,A,0,A,0.65,0.52,0.65,0.27,0.04,0.04,491,2.0622e-05,1,0.65,D-rand,0.65
6050,B,1,C,0.51,0.35,0.18,0.29,0.51,0.02,434,1.8228e-05,0,0.29,D-rand,0.51
6052,C,2,C,0.93,0.91,0.05,0.02,0.93,0.0,486,2.0412e-05,1,0.93,D-rand,0.93
6051,A,0,A,0.81,0.75,0.81,0.06,0.1,0.02,508,2.1336e-05,1,0.81,D-rand,0.81
6056,C,2,C,0.66,0.56,0.1,0.19,0.66,0.05,531,2.2302e-05,1,0.66,D-rand,0.66
6055,A,0,C,0.41,0.23,0.25,0.26,0.41,0.08,499,2.0958e-05,0,0.25,D-rand,0.41
6054,D,3,D,0.79,0.73,0.06,0.06,0.09,0.79,449,1.8858e-05,1,0.79,D-rand,0.79
6053,B,1,B,0.95,0.94,0.03,0.95,0.01,0.01,494,2.0748000000000005e-05,1,0.95,D-rand,0.95
6057,D,3,C,0.38,0.17,0.25,0.05,0.38,0.32,526,2.2092e-05,0,0.32,D-rand,0.38
6058,A,0,A,0.79,0.71,0.79,0.14,0.03,0.04,470,1.974e-05,1,0.79,D-rand,0.79
6060,C,2,C,0.63,0.5,0.04,0.01,0.63,0.32,511,2.1462e-05,1,0.63,D-rand,0.63
6062,A,0,A,0.62,0.48,0.62,0.1,0.09,0.19,451,1.8942000000000003e-05,1,0.62,D-rand,0.62
6063,D,3,D,0.55,0.4,0.06,0.1,0.29,0.55,506,2.1252000000000003e-05,1,0.55,D-rand,0.55
6064,D,3,D,0.99,0.99,0.01,0.0,0.0,0.99,418,1.7556000000000003e-05,1,0.99,D-rand,0.99
6065,C,2,D,0.61,0.49,0.13,0.05,0.21,0.61,464,1.9488000000000004e-05,0,0.21,D-rand,0.61
6066,C,2,C,0.6000000000000001,0.47,0.27,0.08,0.6000000000000001,0.05,490,2.058e-05,1,0.6000000000000001,D-rand,0.6000000000000001
6068,D,3,A,0.36,0.15,0.36,0.27,0.05,0.32,480,2.016e-05,0,0.32,D-rand,0.36
6067,D,3,C,0.62,0.49,0.22,0.07,0.62,0.09,434,1.8228e-05,0,0.09,D-rand,0.62
6069,A,0,A,0.98,0.97,0.98,0.01,0.01,0.0,430,1.8060000000000003e-05,1,0.98,D-rand,0.98
6070,C,2,C,0.72,0.63,0.1,0.13,0.72,0.05,488,2.0496e-05,1,0.72,D-rand,0.72
6072,C,2,C,0.52,0.36,0.35,0.06,0.52,0.07,442,1.8564e-05,1,0.52,D-rand,0.52
6071,A,0,A,0.65,0.53,0.65,0.1,0.23,0.02,432,1.8144e-05,1,0.65,D-rand,0.65
6074,D,3,A,0.42,0.23,0.42,0.26,0.08,0.24,459,1.9278e-05,0,0.24,D-rand,0.42
6073,A,0,A,0.98,0.97,0.98,0.01,0.0,0.01,449,1.8858e-05,1,0.98,D-rand,0.98
6075,A,0,A,0.5700000000000001,0.43,0.5700000000000001,0.04,0.06,0.33,456,1.9152e-05,1,0.5700000000000001,D-rand,0.5700000000000001
6076,B,1,B,0.94,0.92,0.01,0.94,0.03,0.02,440,1.848e-05,1,0.94,D-rand,0.94
6077,D,3,B,0.52,0.36,0.35,0.52,0.03,0.1,453,1.9026000000000004e-05,0,0.1,D-rand,0.52
6078,D,3,D,0.7000000000000001,0.6000000000000001,0.08,0.11,0.11,0.7000000000000001,420,1.764e-05,1,0.7000000000000001,D-rand,0.7000000000000001
6079,B,1,B,0.74,0.66,0.05,0.74,0.01,0.2,443,1.8606e-05,1,0.74,D-rand,0.74
6080,B,1,C,0.78,0.71,0.07,0.1,0.78,0.05,517,2.1714000000000003e-05,0,0.1,D-rand,0.78
6081,C,2,B,0.41,0.21,0.17,0.41,0.39,0.03,438,1.8396e-05,0,0.39,D-rand,0.41
6082,C,2,C,0.6900000000000001,0.58,0.21,0.06,0.6900000000000001,0.04,492,2.0664e-05,1,0.6900000000000001,D-rand,0.6900000000000001
6083,C,2,C,1.0,0.99,0.0,0.0,1.0,0.0,485,2.037e-05,1,1.0,D-rand,1.0
6085,D,3,D,0.96,0.94,0.01,0.0,0.03,0.96,483,2.0286e-05,1,0.96,D-rand,0.96
6084,C,2,C,0.6000000000000001,0.47,0.14,0.15,0.6000000000000001,0.11,505,2.121e-05,1,0.6000000000000001,D-rand,0.6000000000000001
6086,A,0,A,0.93,0.89,0.93,0.03,0.03,0.01,447,1.8774000000000004e-05,1,0.93,D-rand,0.93
6087,D,3,A,0.61,0.49,0.61,0.17,0.1,0.12,437,1.8354e-05,0,0.12,D-rand,0.61
6090,B,1,B,0.99,0.97,0.01,0.99,0.0,0.0,481,2.0202e-05,1,0.99,D-rand,0.99
6088,A,0,A,0.74,0.66,0.74,0.16,0.08,0.02,423,1.7766000000000002e-05,1,0.74,D-rand,0.74
6093,A,0,A,1.0,1.0,1.0,0.0,0.0,0.0,440,1.848e-05,1,1.0,D-rand,1.0
6094,C,2,A,0.279999999999999,0.06,0.279999999999999,0.27,0.22,0.23,429,1.8018000000000003e-05,0,0.22,D-rand,0.279999999999999
6091,C,2,C,0.99,0.99,0.0,0.01,0.99,0.0,485,2.037e-05,1,0.99,D-rand,0.99
6089,B,1,B,0.36,0.15,0.25,0.36,0.3,0.09,412,1.7304000000000002e-05,1,0.36,D-rand,0.36
6095,D,3,D,0.52,0.36,0.34,0.08,0.06,0.52,462,1.9404e-05,1,0.52,D-rand,0.52
6097,C,2,C,0.66,0.55,0.22,0.08,0.66,0.04,412,1.7304000000000002e-05,1,0.66,D-rand,0.66
6099,B,1,A,0.56,0.41,0.56,0.22,0.15,0.07,447,1.8774000000000004e-05,0,0.22,D-rand,0.56
6098,D,3,D,0.55,0.4,0.01,0.4,0.04,0.55,568,2.3856000000000003e-05,1,0.55,D-rand,0.55
6101,A,0,A,0.98,0.97,0.98,0.0,0.0,0.02,488,2.0496e-05,1,0.98,D-rand,0.98
6102,B,1,A,0.5,0.33,0.5,0.28,0.15,0.07,466,1.9572e-05,0,0.28,D-rand,0.5
6100,B,1,B,1.0,1.0,0.0,1.0,0.0,0.0,442,1.8564e-05,1,1.0,D-rand,1.0
6103,A,0,A,1.0,0.99,1.0,0.0,0.0,0.0,481,2.0202e-05,1,1.0,D-rand,1.0
6104,C,2,C,1.0,1.0,0.0,0.0,1.0,0.0,429,1.8018000000000003e-05,1,1.0,D-rand,1.0
6105,D,3,C,0.36,0.15,0.32,0.14,0.36,0.18,543,2.2806000000000005e-05,0,0.18,D-rand,0.36
6106,C,2,A,0.46,0.28,0.46,0.17,0.26,0.11,530,2.226e-05,0,0.26,D-rand,0.46
6107,C,2,C,0.63,0.5,0.16,0.08,0.63,0.13,512,2.1504e-05,1,0.63,D-rand,0.63
6112,B,1,C,0.62,0.49,0.2,0.04,0.62,0.14,496,2.0832000000000003e-05,0,0.04,D-rand,0.62
6110,C,2,C,0.89,0.85,0.03,0.04,0.89,0.04,537,2.2554e-05,1,0.89,D-rand,0.89
6115,A,0,A,0.54,0.38,0.54,0.32,0.07,0.07,469,1.9698e-05,1,0.54,D-rand,0.54
6114,B,1,B,0.42,0.23,0.36,0.42,0.03,0.19,521,2.1882e-05,1,0.42,D-rand,0.42
6109,B,1,B,0.59,0.46,0.16,0.59,0.13,0.12,416,1.7472e-05,1,0.59,D-rand,0.59
6117,C,2,D,0.59,0.45,0.04,0.01,0.36,0.59,499,2.0958e-05,0,0.36,D-rand,0.59
6118,B,1,B,0.99,0.99,0.01,0.99,0.0,0.0,469,1.9698e-05,1,0.99,D-rand,0.99
6120,D,3,D,0.99,0.98,0.0,0.0,0.01,0.99,463,1.9446e-05,1,0.99,D-rand,0.99
6111,B,1,A,0.51,0.34,0.51,0.32,0.08,0.09,439,1.8438e-05,0,0.32,D-rand,0.51
6124,D,3,D,0.52,0.37,0.37,0.04,0.07,0.52,417,1.7514000000000002e-05,1,0.52,D-rand,0.52
6121,B,1,B,0.79,0.72,0.18,0.79,0.01,0.02,491,2.0622e-05,1,0.79,D-rand,0.79
6123,D,3,D,0.97,0.96,0.01,0.01,0.01,0.97,427,1.7934e-05,1,0.97,D-rand,0.97
6119,D,3,D,0.99,0.99,0.01,0.0,0.0,0.99,447,1.8774000000000004e-05,1,0.99,D-rand,0.99
6127,D,3,D,0.91,0.88,0.04,0.03,0.02,0.91,444,1.8648e-05,1,0.91,D-rand,0.91
6125,B,1,A,0.5,0.33,0.5,0.39,0.02,0.09,501,2.1042000000000003e-05,0,0.39,D-rand,0.5
6128,B,1,B,0.76,0.68,0.06,0.76,0.14,0.04,474,1.9908000000000003e-05,1,0.76,D-rand,0.76
6130,D,3,D,0.65,0.54,0.07,0.03,0.25,0.65,439,1.8438e-05,1,0.65,D-rand,0.65
6131,C,2,C,0.8,0.74,0.05,0.02,0.8,0.13,464,1.9488000000000004e-05,1,0.8,D-rand,0.8
6135,C,2,C,0.88,0.8300000000000001,0.06,0.03,0.88,0.03,497,2.0874000000000004e-05,1,0.88,D-rand,0.88
6133,B,1,B,0.96,0.94,0.02,0.96,0.01,0.01,484,2.0328000000000003e-05,1,0.96,D-rand,0.96
6134,C,2,C,0.99,0.98,0.0,0.01,0.99,0.0,481,2.0202e-05,1,0.99,D-rand,0.99
6132,C,2,C,0.6900000000000001,0.59,0.11,0.04,0.6900000000000001,0.16,450,1.89e-05,1,0.6900000000000001,D-rand,0.6900000000000001
6137,D,3,B,0.42,0.22,0.34,0.42,0.1,0.14,412,1.7304000000000002e-05,0,0.14,D-rand,0.42
6136,C,2,C,0.93,0.9,0.02,0.02,0.93,0.03,461,1.9362e-05,1,0.93,D-rand,0.93
6138,C,2,D,0.5700000000000001,0.43,0.03,0.01,0.39,0.5700000000000001,466,1.9572e-05,0,0.39,D-rand,0.5700000000000001
6139,A,0,B,0.71,0.61,0.25,0.71,0.03,0.01,450,1.89e-05,0,0.25,D-rand,0.71
6140,D,3,D,0.68,0.5700000000000001,0.26,0.02,0.04,0.68,465,1.953e-05,1,0.68,D-rand,0.68
6145,A,0,A,0.99,0.98,0.99,0.01,0.0,0.0,480,2.016e-05,1,0.99,D-rand,0.99
6146,B,1,B,0.96,0.94,0.01,0.96,0.0,0.03,428,1.7976000000000002e-05,1,0.96,D-rand,0.96
6147,C,2,C,0.96,0.95,0.01,0.0,0.96,0.03,438,1.8396e-05,1,0.96,D-rand,0.96
6142,B,1,B,0.7000000000000001,0.61,0.06,0.7000000000000001,0.14,0.1,514,2.1588e-05,1,0.7000000000000001,D-rand,0.7000000000000001
6149,D,3,D,0.58,0.45,0.17,0.22,0.03,0.58,473,1.9866000000000003e-05,1,0.58,D-rand,0.58
6148,D,3,D,0.72,0.62,0.04,0.07,0.17,0.72,478,2.0076e-05,1,0.72,D-rand,0.72
6150,C,2,A,0.65,0.53,0.65,0.14,0.15,0.06,438,1.8396e-05,0,0.15,D-rand,0.65
6151,C,2,C,0.91,0.88,0.03,0.03,0.91,0.03,508,2.1336e-05,1,0.91,D-rand,0.91
6152,C,2,C,0.97,0.95,0.02,0.01,0.97,0.0,509,2.1378e-05,1,0.97,D-rand,0.97
6154,C,2,C,0.97,0.96,0.01,0.01,0.97,0.01,476,1.9992e-05,1,0.97,D-rand,0.97
6153,C,2,A,0.6000000000000001,0.46,0.6000000000000001,0.08,0.23,0.09,470,1.974e-05,0,0.23,D-rand,0.6000000000000001
6155,B,1,B,0.8200000000000001,0.76,0.03,0.8200000000000001,0.11,0.04,421,1.7682e-05,1,0.8200000000000001,D-rand,0.8200000000000001
6156,A,0,A,0.94,0.92,0.94,0.03,0.01,0.02,461,1.9362e-05,1,0.94,D-rand,0.94
6158,A,0,A,1.0,0.99,1.0,0.0,0.0,0.0,464,1.9488000000000004e-05,1,1.0,D-rand,1.0
6159,D,3,D,0.39,0.19,0.14,0.37,0.1,0.39,495,2.0790000000000003e-05,1,0.39,D-rand,0.39
6161,B,1,B,0.49,0.32,0.02,0.49,0.49,0.0,440,1.848e-05,1,0.49,D-rand,0.49
6160,A,0,A,0.71,0.61,0.71,0.04,0.01,0.24,449,1.8858e-05,1,0.71,D-rand,0.71
6162,B,1,B,0.51,0.34,0.48,0.51,0.01,0.0,437,1.8354e-05,1,0.51,D-rand,0.51
6163,B,1,B,0.97,0.95,0.03,0.97,0.0,0.0,466,1.9572e-05,1,0.97,D-rand,0.97
6165,A,0,A,1.0,1.0,1.0,0.0,0.0,0.0,448,1.8816000000000004e-05,1,1.0,D-rand,1.0
6166,D,3,D,0.8,0.74,0.02,0.09,0.09,0.8,451,1.8942000000000003e-05,1,0.8,D-rand,0.8
6168,A,0,A,1.0,1.0,1.0,0.0,0.0,0.0,464,1.9488000000000004e-05,1,1.0,D-rand,1.0
6169,C,2,C,0.87,0.8300000000000001,0.08,0.03,0.87,0.02,444,1.8648e-05,1,0.87,D-rand,0.87
6170,C,2,C,0.93,0.91,0.04,0.01,0.93,0.02,453,1.9026000000000004e-05,1,0.93,D-rand,0.93
6171,A,0,A,0.92,0.9,0.92,0.04,0.02,0.02,436,1.8312e-05,1,0.92,D-rand,0.92
6172,C,2,C,0.96,0.95,0.02,0.0,0.96,0.02,428,1.7976000000000002e-05,1,0.96,D-rand,0.96
6175,C,2,C,0.49,0.32,0.09,0.18,0.49,0.24,418,1.7556000000000003e-05,1,0.49,D-rand,0.49
6176,D,3,D,0.97,0.97,0.01,0.01,0.01,0.97,445,1.869e-05,1,0.97,D-rand,0.97
6177,D,3,A,0.73,0.64,0.73,0.04,0.07,0.16,490,2.058e-05,0,0.16,D-rand,0.73
6178,C,2,C,0.88,0.8200000000000001,0.07,0.02,0.88,0.03,448,1.8816000000000004e-05,1,0.88,D-rand,0.88
6180,C,2,A,0.73,0.63,0.73,0.03,0.22,0.02,414,1.7388e-05,0,0.22,D-rand,0.73
6179,D,3,D,0.98,0.97,0.01,0.0,0.01,0.98,434,1.8228e-05,1,0.98,D-rand,0.98
6182,C,2,C,0.94,0.92,0.05,0.0,0.94,0.01,527,2.2134e-05,1,0.94,D-rand,0.94
6181,C,2,C,0.8,0.73,0.05,0.14,0.8,0.01,454,1.9068e-05,1,0.8,D-rand,0.8
6184,D,3,D,0.73,0.65,0.07,0.13,0.07,0.73,458,1.9236e-05,1,0.73,D-rand,0.73
6183,C,2,C,0.77,0.7000000000000001,0.15,0.02,0.77,0.06,457,1.9194000000000003e-05,1,0.77,D-rand,0.77
6185,A,0,A,0.99,0.99,0.99,0.0,0.01,0.0,460,1.932e-05,1,0.99,D-rand,0.99
6189,B,1,A,0.35,0.12,0.35,0.33,0.16,0.16,459,1.9278e-05,0,0.33,D-rand,0.35
6188,C,2,C,0.8,0.73,0.01,0.17,0.8,0.02,507,2.1294e-05,1,0.8,D-rand,0.8
6186,A,0,A,0.84,0.79,0.84,0.02,0.01,0.13,447,1.8774000000000004e-05,1,0.84,D-rand,0.84
6194,C,2,D,0.75,0.67,0.07,0.07,0.11,0.75,467,1.9614e-05,0,0.11,D-rand,0.75
6193,B,1,B,0.99,0.99,0.01,0.99,0.0,0.0,394,1.6548e-05,1,0.99,D-rand,0.99
6196,D,3,D,0.92,0.89,0.07,0.0,0.01,0.92,513,2.1546e-05,1,0.92,D-rand,0.92
6197,D,3,D,0.4,0.2,0.23,0.18,0.19,0.4,440,1.848e-05,1,0.4,D-rand,0.4
6200,A,0,B,0.42,0.23,0.34,0.42,0.07,0.17,506,2.1252000000000003e-05,0,0.34,D-rand,0.42
6199,B,1,A,0.38,0.17,0.38,0.2,0.09,0.33,422,1.7724000000000002e-05,0,0.2,D-rand,0.38
6205,D,3,D,0.9,0.86,0.01,0.07,0.02,0.9,460,1.932e-05,1,0.9,D-rand,0.9
6204,D,3,A,0.39,0.2,0.39,0.38,0.13,0.1,474,1.9908000000000003e-05,0,0.1,D-rand,0.39
6208,D,3,D,0.71,0.6000000000000001,0.07,0.02,0.2,0.71,467,1.9614e-05,1,0.71,D-rand,0.71
6207,B,1,B,0.55,0.39,0.14,0.55,0.11,0.2,428,1.7976000000000002e-05,1,0.55,D-rand,0.55
6206,D,3,A,0.52,0.36,0.52,0.08,0.18,0.22,483,2.0286e-05,0,0.22,D-rand,0.52
6209,A,0,A,0.96,0.96,0.96,0.02,0.01,0.01,451,1.8942000000000003e-05,1,0.96,D-rand,0.96
6210,B,1,B,0.61,0.47,0.07,0.61,0.28,0.04,475,1.9950000000000004e-05,1,0.61,D-rand,0.61
6211,A,0,A,1.0,1.0,1.0,0.0,0.0,0.0,470,1.974e-05,1,1.0,D-rand,1.0
6213,D,3,D,0.97,0.96,0.01,0.01,0.01,0.97,440,1.848e-05,1,0.97,D-rand,0.97
6214,A,0,A,0.98,0.98,0.98,0.01,0.0,0.01,439,1.8438e-05,1,0.98,D-rand,0.98
6212,A,0,A,0.84,0.78,0.84,0.05,0.07,0.04,502,2.1084000000000003e-05,1,0.84,D-rand,0.84
6218,C,2,A,0.62,0.48,0.62,0.09,0.11,0.18,505,2.121e-05,0,0.11,D-rand,0.62
6217,D,3,D,0.76,0.68,0.11,0.04,0.09,0.76,498,2.0916000000000004e-05,1,0.76,D-rand,0.76
6215,C,2,D,0.94,0.93,0.02,0.02,0.02,0.94,472,1.9824e-05,0,0.02,D-rand,0.94
6219,D,3,D,0.809999999999999,0.76,0.14,0.04,0.01,0.809999999999999,426,1.7892000000000004e-05,1,0.809999999999999,D-rand,0.809999999999999
6222,A,0,A,0.72,0.63,0.72,0.05,0.2,0.03,433,1.8186e-05,1,0.72,D-rand,0.72
6220,D,3,B,0.96,0.95,0.02,0.96,0.01,0.01,454,1.9068e-05,0,0.01,D-rand,0.96
6224,D,3,D,0.9,0.86,0.01,0.08,0.01,0.9,463,1.9446e-05,1,0.9,D-rand,0.9
6227,C,2,C,0.93,0.91,0.02,0.04,0.93,0.01,514,2.1588e-05,1,0.93,D-rand,0.93
6226,D,3,D,0.93,0.91,0.03,0.03,0.01,0.93,435,1.827e-05,1,0.93,D-rand,0.93
6225,A,0,A,0.37,0.16,0.37,0.35,0.19,0.09,541,2.2722e-05,1,0.37,D-rand,0.37
6228,D,3,D,0.81,0.75,0.04,0.09,0.05,0.81,462,1.9404e-05,1,0.81,D-rand,0.81
6230,B,1,B,1.0,1.0,0.0,1.0,0.0,0.0,461,1.9362e-05,1,1.0,D-rand,1.0
6229,D,3,D,0.8,0.73,0.2,0.0,0.0,0.8,452,1.8984000000000003e-05,1,0.8,D-rand,0.8
6233,A,0,A,1.0,0.99,1.0,0.0,0.0,0.0,484,2.0328000000000003e-05,1,1.0,D-rand,1.0
6232,A,0,A,0.92,0.89,0.92,0.02,0.04,0.02,488,2.0496e-05,1,0.92,D-rand,0.92
6234,D,3,D,1.0,0.99,0.0,0.0,0.0,1.0,502,2.1084000000000003e-05,1,1.0,D-rand,1.0
6236,A,0,A,0.97,0.95,0.97,0.02,0.01,0.0,446,1.8732000000000003e-05,1,0.97,D-rand,0.97
6235,C,2,C,0.75,0.67,0.22,0.01,0.75,0.02,485,2.037e-05,1,0.75,D-rand,0.75
6237,C,2,C,0.88,0.84,0.05,0.01,0.88,0.06,493,2.0706000000000005e-05,1,0.88,D-rand,0.88
6238,C,2,C,0.81,0.75,0.02,0.14,0.81,0.03,447,1.8774000000000004e-05,1,0.81,D-rand,0.81
6239,B,1,C,0.4,0.18,0.26,0.25,0.4,0.09,459,1.9278e-05,0,0.25,D-rand,0.4
6241,B,1,B,1.0,1.0,0.0,1.0,0.0,0.0,467,1.9614e-05,1,1.0,D-rand,1.0
6240,B,1,B,0.81,0.74,0.11,0.81,0.02,0.06,471,1.9782000000000005e-05,1,0.81,D-rand,0.81
6243,B,1,B,0.7000000000000001,0.61,0.04,0.7000000000000001,0.17,0.09,452,1.8984000000000003e-05,1,0.7000000000000001,D-rand,0.7000000000000001
6245,D,3,D,0.49,0.33,0.18,0.04,0.29,0.49,422,1.7724000000000002e-05,1,0.49,D-rand,0.49
6242,A,0,A,0.81,0.75,0.81,0.08,0.01,0.1,431,1.8102e-05,1,0.81,D-rand,0.81
6246,A,0,A,0.48,0.32,0.48,0.31,0.12,0.09,448,1.8816000000000004e-05,1,0.48,D-rand,0.48
6244,D,3,D,0.84,0.8,0.02,0.12,0.02,0.84,453,1.9026000000000004e-05,1,0.84,D-rand,0.84
6247,D,3,D,0.78,0.71,0.11,0.02,0.09,0.78,444,1.8648e-05,1,0.78,D-rand,0.78
6249,B,1,B,0.98,0.98,0.01,0.98,0.0,0.01,440,1.848e-05,1,0.98,D-rand,0.98
6250,D,3,D,0.51,0.34,0.09,0.38,0.02,0.51,467,1.9614e-05,1,0.51,D-rand,0.51
6252,C,2,C,0.8200000000000001,0.76,0.16,0.01,0.8200000000000001,0.01,499,2.0958e-05,1,0.8200000000000001,D-rand,0.8200000000000001
6251,D,3,D,0.59,0.44,0.21,0.02,0.18,0.59,500,2.1e-05,1,0.59,D-rand,0.59
6254,A,0,B,0.63,0.5,0.08,0.63,0.07,0.22,450,1.89e-05,0,0.08,D-rand,0.63
6255,C,2,C,1.0,1.0,0.0,0.0,1.0,0.0,465,1.953e-05,1,1.0,D-rand,1.0
6253,D,3,C,0.45,0.26,0.11,0.39,0.45,0.05,506,2.1252000000000003e-05,0,0.05,D-rand,0.45
6256,C,2,C,0.7000000000000001,0.6000000000000001,0.12,0.15,0.7000000000000001,0.03,441,1.8522000000000003e-05,1,0.7000000000000001,D-rand,0.7000000000000001
6257,D,3,D,0.94,0.93,0.01,0.04,0.01,0.94,440,1.848e-05,1,0.94,D-rand,0.94
6260,B,1,A,0.35,0.12,0.35,0.32,0.3,0.03,480,2.016e-05,0,0.32,D-rand,0.35
6258,C,2,A,0.44,0.25,0.44,0.04,0.33,0.19,436,1.8312e-05,0,0.33,D-rand,0.44
6261,D,3,D,0.53,0.36,0.23,0.1,0.14,0.53,431,1.8102e-05,1,0.53,D-rand,0.53
6259,B,1,B,0.67,0.55,0.06,0.67,0.16,0.11,491,2.0622e-05,1,0.67,D-rand,0.67
6263,D,3,D,0.65,0.54,0.09,0.21,0.05,0.65,433,1.8186e-05,1,0.65,D-rand,0.65
6262,C,2,C,0.61,0.49,0.11,0.22,0.61,0.06,510,2.142e-05,1,0.61,D-rand,0.61
6264,A,0,A,0.75,0.67,0.75,0.02,0.04,0.19,456,1.9152e-05,1,0.75,D-rand,0.75
6266,D,3,D,0.87,0.8200000000000001,0.01,0.02,0.1,0.87,464,1.9488000000000004e-05,1,0.87,D-rand,0.87
6272,D,3,C,0.3,0.07,0.28,0.12,0.3,0.3,500,2.1e-05,0,0.3,D-rand,0.3
6270,C,2,C,0.99,0.98,0.01,0.0,0.99,0.0,450,1.89e-05,1,0.99,D-rand,0.99
6267,C,2,C,0.89,0.86,0.03,0.05,0.89,0.03,539,2.2638e-05,1,0.89,D-rand,0.89
6269,B,1,D,0.66,0.55,0.17,0.04,0.13,0.66,499,2.0958e-05,0,0.04,D-rand,0.66
6274,B,1,B,0.78,0.7000000000000001,0.04,0.78,0.15,0.03,472,1.9824e-05,1,0.78,D-rand,0.78
6275,A,0,A,1.0,0.99,1.0,0.0,0.0,0.0,484,2.0328000000000003e-05,1,1.0,D-rand,1.0
6276,D,3,D,1.0,1.0,0.0,0.0,0.0,1.0,468,1.9656000000000003e-05,1,1.0,D-rand,1.0
6277,C,2,C,1.0,0.99,0.0,0.0,1.0,0.0,490,2.058e-05,1,1.0,D-rand,1.0
6280,D,3,C,0.44,0.26,0.12,0.24,0.44,0.2,493,2.0706000000000005e-05,0,0.2,D-rand,0.44
6278,A,0,A,1.0,1.0,1.0,0.0,0.0,0.0,491,2.0622e-05,1,1.0,D-rand,1.0
6281,A,0,A,0.97,0.95,0.97,0.01,0.02,0.0,466,1.9572e-05,1,0.97,D-rand,0.97
6282,D,3,D,0.8,0.73,0.15,0.04,0.01,0.8,456,1.9152e-05,1,0.8,D-rand,0.8
6279,C,2,C,0.98,0.96,0.02,0.0,0.98,0.0,465,1.953e-05,1,0.98,D-rand,0.98
6284,B,1,C,0.399999999999999,0.21,0.21,0.28,0.399999999999999,0.11,542,2.2764000000000004e-05,0,0.28,D-rand,0.399999999999999
6287,D,3,D,1.0,1.0,0.0,0.0,0.0,1.0,552,2.3184000000000004e-05,1,1.0,D-rand,1.0
6285,B,1,A,0.5,0.32,0.5,0.22,0.19,0.09,457,1.9194000000000003e-05,0,0.22,D-rand,0.5
6289,C,2,B,0.54,0.4,0.24,0.54,0.07,0.15,480,2.016e-05,0,0.07,D-rand,0.54
6288,D,3,B,0.59,0.45,0.32,0.59,0.03,0.06,485,2.037e-05,0,0.06,D-rand,0.59
6293,B,1,A,0.73,0.63,0.73,0.05,0.07,0.15,528,2.2176e-05,0,0.05,D-rand,0.73
6291,C,2,C,0.55,0.4,0.37,0.01,0.55,0.07,475,1.9950000000000004e-05,1,0.55,D-rand,0.55
6295,D,3,D,0.54,0.38,0.03,0.11,0.32,0.54,462,1.9404e-05,1,0.54,D-rand,0.54
6294,A,0,A,0.48,0.3,0.48,0.02,0.03,0.47,484,2.0328000000000003e-05,1,0.48,D-rand,0.48
6296,C,2,C,1.0,1.0,0.0,0.0,1.0,0.0,477,2.0034e-05,1,1.0,D-rand,1.0
6298,B,1,B,0.6000000000000001,0.47,0.15,0.6000000000000001,0.04,0.21,461,1.9362e-05,1,0.6000000000000001,D-rand,0.6000000000000001
6299,A,0,A,0.67,0.56,0.67,0.15,0.12,0.06,505,2.121e-05,1,0.67,D-rand,0.67
6297,B,1,B,0.44,0.26,0.29,0.44,0.1,0.17,483,2.0286e-05,1,0.44,D-rand,0.44
6300,A,0,B,0.6000000000000001,0.48,0.27,0.6000000000000001,0.09,0.04,447,1.8774000000000004e-05,0,0.27,D-rand,0.6000000000000001
6301,C,2,A,0.48,0.32,0.48,0.07,0.34,0.11,476,1.9992e-05,0,0.34,D-rand,0.48
6304,B,1,A,0.459999999999999,0.29,0.459999999999999,0.36,0.06,0.12,556,2.3352000000000003e-05,0,0.36,D-rand,0.459999999999999
6306,A,0,B,0.62,0.48,0.36,0.62,0.01,0.01,496,2.0832000000000003e-05,0,0.36,D-rand,0.62
6309,C,2,C,0.89,0.85,0.04,0.01,0.89,0.06,499,2.0958e-05,1,0.89,D-rand,0.89
6310,A,0,A,0.76,0.68,0.76,0.15,0.07,0.02,447,1.8774000000000004e-05,1,0.76,D-rand,0.76
6311,A,0,A,0.84,0.79,0.84,0.03,0.1,0.03,448,1.8816000000000004e-05,1,0.84,D-rand,0.84
6313,C,2,C,0.65,0.52,0.03,0.03,0.65,0.29,448,1.8816000000000004e-05,1,0.65,D-rand,0.65
6314,A,0,A,0.9,0.87,0.9,0.01,0.06,0.03,481,2.0202e-05,1,0.9,D-rand,0.9
6312,B,1,B,0.56,0.41,0.22,0.56,0.03,0.19,459,1.9278e-05,1,0.56,D-rand,0.56
6316,C,2,A,0.68,0.5700000000000001,0.68,0.03,0.07,0.22,446,1.8732000000000003e-05,0,0.07,D-rand,0.68
6315,D,3,D,0.44,0.25,0.32,0.06,0.18,0.44,491,2.0622e-05,1,0.44,D-rand,0.44
6318,C,2,C,0.84,0.78,0.11,0.01,0.84,0.04,436,1.8312e-05,1,0.84,D-rand,0.84
6317,D,3,B,0.49,0.32,0.09,0.49,0.09,0.33,455,1.911e-05,0,0.33,D-rand,0.49
6319,D,3,D,0.67,0.56,0.09,0.06,0.18,0.67,463,1.9446e-05,1,0.67,D-rand,0.67
6320,D,3,D,0.7000000000000001,0.61,0.04,0.21,0.05,0.7000000000000001,446,1.8732000000000003e-05,1,0.7000000000000001,D-rand,0.7000000000000001
6321,D,3,A,0.84,0.79,0.84,0.01,0.01,0.14,440,1.848e-05,0,0.14,D-rand,0.84
6322,D,3,D,0.6900000000000001,0.58,0.16,0.03,0.12,0.6900000000000001,438,1.8396e-05,1,0.6900000000000001,D-rand,0.6900000000000001
6324,C,2,B,0.51,0.34,0.17,0.51,0.1,0.22,484,2.0328000000000003e-05,0,0.1,D-rand,0.51
6323,B,1,B,0.94,0.93,0.01,0.94,0.03,0.02,472,1.9824e-05,1,0.94,D-rand,0.94
6325,A,0,A,0.559999999999999,0.43,0.559999999999999,0.19,0.01,0.24,481,2.0202e-05,1,0.559999999999999,D-rand,0.559999999999999
6326,C,2,B,0.47,0.3,0.29,0.47,0.09,0.15,488,2.0496e-05,0,0.09,D-rand,0.47
6331,A,0,A,0.98,0.98,0.98,0.02,0.0,0.0,500,2.1e-05,1,0.98,D-rand,0.98
6329,C,2,C,1.0,1.0,0.0,0.0,1.0,0.0,444,1.8648e-05,1,1.0,D-rand,1.0
6330,D,3,D,0.67,0.55,0.23,0.08,0.02,0.67,423,1.7766000000000002e-05,1,0.67,D-rand,0.67
6332,B,1,B,0.95,0.94,0.02,0.95,0.02,0.01,423,1.7766000000000002e-05,1,0.95,D-rand,0.95
6333,C,2,C,1.0,0.98,0.0,0.0,1.0,0.0,514,2.1588e-05,1,1.0,D-rand,1.0
6334,C,2,C,0.95,0.94,0.02,0.01,0.95,0.02,429,1.8018000000000003e-05,1,0.95,D-rand,0.95
6328,C,2,D,0.6000000000000001,0.47,0.1,0.02,0.28,0.6000000000000001,430,1.8060000000000003e-05,0,0.28,D-rand,0.6000000000000001
6335,C,2,C,0.97,0.97,0.0,0.02,0.97,0.01,507,2.1294e-05,1,0.97,D-rand,0.97
6337,D,3,D,0.43,0.24,0.3,0.17,0.1,0.43,435,1.827e-05,1,0.43,D-rand,0.43
6339,C,2,D,0.51,0.35,0.28,0.1,0.11,0.51,484,2.0328000000000003e-05,0,0.11,D-rand,0.51
6336,C,2,C,0.89,0.86,0.02,0.01,0.89,0.08,438,1.8396e-05,1,0.89,D-rand,0.89
6340,D,3,A,0.53,0.37,0.53,0.31,0.07,0.09,449,1.8858e-05,0,0.09,D-rand,0.53
6342,B,1,A,0.42,0.22,0.42,0.19,0.03,0.36,610,2.5620000000000005e-05,0,0.19,D-rand,0.42
6343,C,2,C,0.84,0.8,0.04,0.02,0.84,0.1,589,2.4738e-05,1,0.84,D-rand,0.84
6344,C,2,D,0.6900000000000001,0.59,0.03,0.17,0.11,0.6900000000000001,457,1.9194000000000003e-05,0,0.11,D-rand,0.6900000000000001
6345,C,2,C,0.98,0.98,0.0,0.01,0.98,0.01,477,2.0034e-05,1,0.98,D-rand,0.98
6348,A,0,A,0.8300000000000001,0.77,0.8300000000000001,0.03,0.06,0.08,505,2.121e-05,1,0.8300000000000001,D-rand,0.8300000000000001
6347,C,2,C,0.67,0.5700000000000001,0.31,0.01,0.67,0.01,450,1.89e-05,1,0.67,D-rand,0.67
6349,C,2,C,0.88,0.84,0.06,0.06,0.88,0.0,492,2.0664e-05,1,0.88,D-rand,0.88
6351,B,1,C,0.49,0.31,0.25,0.2,0.49,0.06,470,1.974e-05,0,0.2,D-rand,0.49
6352,D,3,D,0.39,0.19,0.18,0.1,0.33,0.39,438,1.8396e-05,1,0.39,D-rand,0.39
6353,C,2,D,0.39,0.18,0.16,0.35,0.1,0.39,462,1.9404e-05,0,0.1,D-rand,0.39
6355,C,2,C,0.78,0.71,0.08,0.12,0.78,0.02,603,2.5326e-05,1,0.78,D-rand,0.78
6354,B,1,C,0.97,0.97,0.01,0.01,0.97,0.01,536,2.2512e-05,0,0.01,D-rand,0.97
6358,D,3,B,0.41,0.22,0.29,0.41,0.09,0.21,479,2.0118000000000003e-05,0,0.21,D-rand,0.41
6359,B,1,B,0.71,0.62,0.08,0.71,0.11,0.1,447,1.8774000000000004e-05,1,0.71,D-rand,0.71
6357,C,2,C,0.79,0.71,0.03,0.15,0.79,0.03,436,1.8312e-05,1,0.79,D-rand,0.79
6360,B,1,B,0.53,0.37,0.34,0.53,0.11,0.02,487,2.0454e-05,1,0.53,D-rand,0.53
6364,D,3,D,0.61,0.49,0.23,0.07,0.09,0.61,441,1.8522000000000003e-05,1,0.61,D-rand,0.61
6362,D,3,C,0.41,0.22,0.11,0.06,0.41,0.42,461,1.9362e-05,0,0.42,D-rand,0.41
6361,D,3,C,0.32,0.09,0.29,0.22,0.32,0.17,424,1.7808000000000003e-05,0,0.17,D-rand,0.32
6363,D,3,D,0.86,0.8,0.02,0.07,0.05,0.86,437,1.8354e-05,1,0.86,D-rand,0.86
6365,B,1,C,0.33,0.11,0.31,0.28,0.33,0.08,426,1.7892000000000004e-05,0,0.28,D-rand,0.33
6367,B,1,B,0.44,0.26,0.44,0.44,0.02,0.1,499,2.0958e-05,1,0.44,D-rand,0.44
6371,C,2,B,0.39,0.19,0.05,0.39,0.38,0.18,478,2.0076e-05,0,0.38,D-rand,0.39
6369,D,3,D,0.84,0.8,0.12,0.02,0.02,0.84,471,1.9782000000000005e-05,1,0.84,D-rand,0.84
6375,A,0,C,0.55,0.4,0.33,0.06,0.55,0.05,430,1.8060000000000003e-05,0,0.33,D-rand,0.55
6372,B,1,B,0.45,0.27,0.2,0.45,0.27,0.08,417,1.7514000000000002e-05,1,0.45,D-rand,0.45
6373,A,0,A,0.58,0.45,0.58,0.03,0.29,0.1,465,1.953e-05,1,0.58,D-rand,0.58
6377,A,0,A,0.72,0.63,0.72,0.05,0.12,0.11,444,1.8648e-05,1,0.72,D-rand,0.72
6376,C,2,C,0.77,0.6900000000000001,0.18,0.03,0.77,0.02,455,1.911e-05,1,0.77,D-rand,0.77
6379,B,1,B,0.53,0.38,0.37,0.53,0.06,0.04,476,1.9992e-05,1,0.53,D-rand,0.53
6378,C,2,C,1.0,0.99,0.0,0.0,1.0,0.0,413,1.7346e-05,1,1.0,D-rand,1.0
6380,B,1,B,0.44,0.26,0.32,0.44,0.03,0.21,432,1.8144e-05,1,0.44,D-rand,0.44
6381,C,2,C,0.8200000000000001,0.76,0.05,0.12,0.8200000000000001,0.01,430,1.8060000000000003e-05,1,0.8200000000000001,D-rand,0.8200000000000001
6382,A,0,A,0.38,0.18,0.38,0.29,0.24,0.09,458,1.9236e-05,1,0.38,D-rand,0.38
6383,D,3,D,0.46,0.28,0.1,0.14,0.3,0.46,467,1.9614e-05,1,0.46,D-rand,0.46
6385,D,3,D,1.0,1.0,0.0,0.0,0.0,1.0,454,1.9068e-05,1,1.0,D-rand,1.0
6384,D,3,A,0.7000000000000001,0.59,0.7000000000000001,0.09,0.09,0.12,444,1.8648e-05,0,0.12,D-rand,0.7000000000000001
6388,D,3,D,0.96,0.95,0.01,0.0,0.03,0.96,439,1.8438e-05,1,0.96,D-rand,0.96
6386,A,0,A,0.85,0.79,0.85,0.03,0.1,0.02,474,1.9908000000000003e-05,1,0.85,D-rand,0.85
6387,A,0,A,0.55,0.39,0.55,0.03,0.1,0.32,577,2.4234e-05,1,0.55,D-rand,0.55
6393,C,2,D,0.66,0.55,0.19,0.08,0.07,0.66,492,2.0664e-05,0,0.07,D-rand,0.66
6394,B,1,B,1.0,1.0,0.0,1.0,0.0,0.0,437,1.8354e-05,1,1.0,D-rand,1.0
6391,A,0,A,0.809999999999999,0.75,0.809999999999999,0.04,0.12,0.03,447,1.8774000000000004e-05,1,0.809999999999999,D-rand,0.809999999999999
6389,B,1,B,0.9,0.86,0.02,0.9,0.06,0.02,489,2.0538e-05,1,0.9,D-rand,0.9
6390,B,1,C,0.52,0.36,0.33,0.04,0.52,0.11,486,2.0412e-05,0,0.04,D-rand,0.52
6401,C,2,C,1.0,0.99,0.0,0.0,1.0,0.0,442,1.8564e-05,1,1.0,D-rand,1.0
6396,B,1,B,0.92,0.89,0.06,0.92,0.01,0.01,483,2.0286e-05,1,0.92,D-rand,0.92
6402,B,1,A,0.6900000000000001,0.59,0.6900000000000001,0.22,0.02,0.07,445,1.869e-05,0,0.22,D-rand,0.6900000000000001
6395,C,2,C,0.91,0.88,0.01,0.0,0.91,0.08,533,2.2386e-05,1,0.91,D-rand,0.91
6407,B,1,B,0.65,0.53,0.2,0.65,0.03,0.12,439,1.8438e-05,1,0.65,D-rand,0.65
6400,D,3,A,0.62,0.49,0.62,0.06,0.05,0.27,438,1.8396e-05,0,0.27,D-rand,0.62
6399,B,1,B,0.86,0.8200000000000001,0.09,0.86,0.01,0.04,420,1.764e-05,1,0.86,D-rand,0.86
6408,B,1,B,0.8300000000000001,0.77,0.09,0.8300000000000001,0.02,0.06,427,1.7934e-05,1,0.8300000000000001,D-rand,0.8300000000000001
6409,B,1,B,0.52,0.35,0.35,0.52,0.09,0.04,430,1.8060000000000003e-05,1,0.52,D-rand,0.52
6412,D,3,D,0.59,0.45,0.22,0.04,0.15,0.59,475,1.9950000000000004e-05,1,0.59,D-rand,0.59
6411,D,3,D,0.91,0.88,0.05,0.02,0.02,0.91,454,1.9068e-05,1,0.91,D-rand,0.91
6413,A,0,A,0.809999999999999,0.76,0.809999999999999,0.01,0.04,0.14,490,2.058e-05,1,0.809999999999999,D-rand,0.809999999999999
6415,D,3,D,0.86,0.81,0.04,0.09,0.01,0.86,500,2.1e-05,1,0.86,D-rand,0.86
6410,D,3,D,1.0,0.99,0.0,0.0,0.0,1.0,454,1.9068e-05,1,1.0,D-rand,1.0
6414,D,3,D,0.93,0.91,0.01,0.0,0.06,0.93,485,2.037e-05,1,0.93,D-rand,0.93
6416,A,0,A,1.0,0.99,1.0,0.0,0.0,0.0,482,2.0244e-05,1,1.0,D-rand,1.0
6417,C,2,C,0.99,0.98,0.0,0.01,0.99,0.0,479,2.0118000000000003e-05,1,0.99,D-rand,0.99
6418,A,0,A,1.0,1.0,1.0,0.0,0.0,0.0,648,2.7216e-05,1,1.0,D-rand,1.0
6420,C,2,A,0.43,0.23,0.43,0.09,0.28,0.2,404,1.6968e-05,0,0.28,D-rand,0.43
6421,B,1,B,0.99,0.97,0.0,0.99,0.01,0.0,487,2.0454e-05,1,0.99,D-rand,0.99
6419,B,1,B,0.6000000000000001,0.47,0.21,0.6000000000000001,0.17,0.02,449,1.8858e-05,1,0.6000000000000001,D-rand,0.6000000000000001
6422,B,1,B,1.0,1.0,0.0,1.0,0.0,0.0,477,2.0034e-05,1,1.0,D-rand,1.0
6423,D,3,D,0.85,0.81,0.03,0.01,0.11,0.85,423,1.7766000000000002e-05,1,0.85,D-rand,0.85
6425,B,1,B,0.96,0.95,0.0,0.96,0.04,0.0,465,1.953e-05,1,0.96,D-rand,0.96
6424,D,3,D,0.74,0.66,0.23,0.02,0.01,0.74,452,1.8984000000000003e-05,1,0.74,D-rand,0.74
6427,B,1,B,0.8,0.74,0.02,0.8,0.0,0.17,437,1.8354e-05,1,0.8,D-rand,0.8
6426,A,0,B,0.88,0.84,0.09,0.88,0.01,0.02,465,1.953e-05,0,0.09,D-rand,0.88
6429,B,1,B,0.87,0.84,0.07,0.87,0.03,0.03,459,1.9278e-05,1,0.87,D-rand,0.87
6428,C,2,D,0.47,0.29,0.32,0.05,0.16,0.47,441,1.8522000000000003e-05,0,0.16,D-rand,0.47
6430,D,3,D,0.75,0.66,0.02,0.2,0.03,0.75,470,1.974e-05,1,0.75,D-rand,0.75
6431,A,0,A,0.99,0.99,0.99,0.0,0.01,0.0,518,2.1756000000000003e-05,1,0.99,D-rand,0.99
6432,C,2,C,0.9,0.87,0.06,0.02,0.9,0.02,472,1.9824e-05,1,0.9,D-rand,0.9
6433,A,0,A,0.47,0.29,0.47,0.26,0.03,0.24,462,1.9404e-05,1,0.47,D-rand,0.47
6434,D,3,D,0.7000000000000001,0.59,0.22,0.05,0.03,0.7000000000000001,480,2.016e-05,1,0.7000000000000001,D-rand,0.7000000000000001
6437,D,3,D,0.8200000000000001,0.76,0.03,0.11,0.04,0.8200000000000001,498,2.0916000000000004e-05,1,0.8200000000000001,D-rand,0.8200000000000001
6436,D,3,A,0.45,0.28,0.45,0.13,0.11,0.31,430,1.8060000000000003e-05,0,0.31,D-rand,0.45
6438,D,3,D,0.71,0.61,0.24,0.03,0.02,0.71,462,1.9404e-05,1,0.71,D-rand,0.71
6435,D,3,D,0.97,0.96,0.01,0.01,0.01,0.97,439,1.8438e-05,1,0.97,D-rand,0.97
6439,B,1,B,0.93,0.9,0.0,0.93,0.06,0.01,522,2.1924e-05,1,0.93,D-rand,0.93
6441,D,3,D,0.99,0.99,0.0,0.01,0.0,0.99,481,2.0202e-05,1,0.99,D-rand,0.99
6442,B,1,B,0.94,0.93,0.03,0.94,0.02,0.01,443,1.8606e-05,1,0.94,D-rand,0.94
6447,A,0,A,0.74,0.66,0.74,0.08,0.06,0.12,508,2.1336e-05,1,0.74,D-rand,0.74
6448,B,1,B,0.92,0.89,0.05,0.92,0.02,0.01,443,1.8606e-05,1,0.92,D-rand,0.92
6445,B,1,C,0.5,0.33,0.02,0.46,0.5,0.02,504,2.1168e-05,0,0.46,D-rand,0.5
6443,B,1,B,0.4,0.2,0.37,0.4,0.03,0.2,487,2.0454e-05,1,0.4,D-rand,0.4
6446,D,3,D,0.71,0.61,0.18,0.02,0.09,0.71,450,1.89e-05,1,0.71,D-rand,0.71
6449,A,0,A,1.0,0.99,1.0,0.0,0.0,0.0,476,1.9992e-05,1,1.0,D-rand,1.0
6450,C,2,C,1.0,0.99,0.0,0.0,1.0,0.0,457,1.9194000000000003e-05,1,1.0,D-rand,1.0
6451,C,2,C,0.46,0.28,0.24,0.24,0.46,0.06,473,1.9866000000000003e-05,1,0.46,D-rand,0.46
6454,D,3,D,0.47,0.3,0.21,0.11,0.21,0.47,464,1.9488000000000004e-05,1,0.47,D-rand,0.47
6457,D,3,D,0.98,0.98,0.01,0.01,0.0,0.98,559,2.3478e-05,1,0.98,D-rand,0.98
6455,D,3,D,0.96,0.96,0.01,0.02,0.01,0.96,477,2.0034e-05,1,0.96,D-rand,0.96
6459,B,1,B,0.96,0.94,0.02,0.96,0.01,0.01,486,2.0412e-05,1,0.96,D-rand,0.96
6456,D,3,A,0.37,0.17,0.37,0.34,0.2,0.09,436,1.8312e-05,0,0.09,D-rand,0.37
6460,A,0,B,0.85,0.8,0.04,0.85,0.03,0.08,531,2.2302e-05,0,0.04,D-rand,0.85
6461,B,1,A,0.67,0.55,0.67,0.19,0.13,0.01,488,2.0496e-05,0,0.19,D-rand,0.67
6458,D,3,D,0.8200000000000001,0.76,0.03,0.09,0.06,0.8200000000000001,456,1.9152e-05,1,0.8200000000000001,D-rand,0.8200000000000001
6463,D,3,D,1.0,1.0,0.0,0.0,0.0,1.0,496,2.0832000000000003e-05,1,1.0,D-rand,1.0
6462,D,3,D,0.89,0.85,0.09,0.01,0.01,0.89,474,1.9908000000000003e-05,1,0.89,D-rand,0.89
6465,B,1,C,0.34,0.13,0.12,0.32,0.34,0.22,446,1.8732000000000003e-05,0,0.32,D-rand,0.34
6466,B,1,B,0.97,0.96,0.01,0.97,0.0,0.02,509,2.1378e-05,1,0.97,D-rand,0.97
6468,C,2,C,0.95,0.92,0.02,0.0,0.95,0.03,541,2.2722e-05,1,0.95,D-rand,0.95
6464,B,1,B,0.48,0.31,0.15,0.48,0.3,0.07,443,1.8606e-05,1,0.48,D-rand,0.48
6470,A,0,A,0.63,0.51,0.63,0.19,0.13,0.05,468,1.9656000000000003e-05,1,0.63,D-rand,0.63
6467,D,3,A,0.41,0.21,0.41,0.33,0.03,0.23,528,2.2176e-05,0,0.23,D-rand,0.41
6471,C,2,C,0.99,0.98,0.01,0.0,0.99,0.0,429,1.8018000000000003e-05,1,0.99,D-rand,0.99
6473,C,2,D,0.54,0.38,0.15,0.22,0.09,0.54,490,2.058e-05,0,0.09,D-rand,0.54
6474,C,2,A,0.56,0.41,0.56,0.21,0.13,0.1,467,1.9614e-05,0,0.13,D-rand,0.56
6478,A,0,C,0.399999999999999,0.21,0.39,0.15,0.399999999999999,0.06,552,2.3184000000000004e-05,0,0.39,D-rand,0.399999999999999
6476,D,3,D,0.35,0.13,0.25,0.09,0.31,0.35,471,1.9782000000000005e-05,1,0.35,D-rand,0.35
6475,D,3,B,0.5,0.33,0.11,0.5,0.03,0.36,416,1.7472e-05,0,0.36,D-rand,0.5
6477,A,0,B,0.44,0.25,0.26,0.44,0.07,0.23,472,1.9824e-05,0,0.26,D-rand,0.44
6479,B,1,B,0.99,0.99,0.0,0.99,0.01,0.0,457,1.9194000000000003e-05,1,0.99,D-rand,0.99
6483,D,3,D,0.87,0.84,0.03,0.02,0.08,0.87,470,1.974e-05,1,0.87,D-rand,0.87
6480,A,0,A,0.77,0.6900000000000001,0.77,0.02,0.15,0.06,510,2.142e-05,1,0.77,D-rand,0.77
6481,A,0,A,0.77,0.7000000000000001,0.77,0.16,0.06,0.01,466,1.9572e-05,1,0.77,D-rand,0.77
6487,C,2,D,0.5,0.34,0.09,0.02,0.39,0.5,503,2.1126e-05,0,0.39,D-rand,0.5
6488,A,0,B,0.5700000000000001,0.43,0.09,0.5700000000000001,0.17,0.17,450,1.89e-05,0,0.09,D-rand,0.5700000000000001
6489,A,0,A,0.37,0.16,0.37,0.34,0.15,0.14,602,2.5284e-05,1,0.37,D-rand,0.37
6490,D,3,D,0.92,0.9,0.04,0.03,0.01,0.92,516,2.1672000000000005e-05,1,0.92,D-rand,0.92
6491,B,1,B,0.8300000000000001,0.79,0.08,0.8300000000000001,0.04,0.05,448,1.8816000000000004e-05,1,0.8300000000000001,D-rand,0.8300000000000001
6493,C,2,C,1.0,0.99,0.0,0.0,1.0,0.0,440,1.848e-05,1,1.0,D-rand,1.0
6492,C,2,C,0.93,0.91,0.05,0.01,0.93,0.01,432,1.8144e-05,1,0.93,D-rand,0.93
6485,A,0,A,0.89,0.84,0.89,0.11,0.0,0.0,453,1.9026000000000004e-05,1,0.89,D-rand,0.89
6484,D,3,B,0.8200000000000001,0.76,0.05,0.8200000000000001,0.02,0.11,500,2.1e-05,0,0.11,D-rand,0.8200000000000001
6486,B,1,C,0.61,0.47,0.16,0.2,0.61,0.03,452,1.8984000000000003e-05,0,0.2,D-rand,0.61
6494,B,1,B,0.41,0.2,0.33,0.41,0.15,0.11,570,2.3940000000000005e-05,1,0.41,D-rand,0.41
6498,D,3,D,0.88,0.8300000000000001,0.09,0.01,0.02,0.88,478,2.0076e-05,1,0.88,D-rand,0.88
6500,B,1,B,0.38,0.17,0.25,0.38,0.04,0.33,451,1.8942000000000003e-05,1,0.38,D-rand,0.38
6501,D,3,D,0.59,0.45,0.06,0.03,0.32,0.59,487,2.0454e-05,1,0.59,D-rand,0.59
6496,A,0,B,0.36,0.15,0.23,0.36,0.19,0.22,482,2.0244e-05,0,0.23,D-rand,0.36
6495,A,0,B,0.52,0.36,0.13,0.52,0.13,0.22,483,2.0286e-05,0,0.13,D-rand,0.52
6503,A,0,A,0.8200000000000001,0.77,0.8200000000000001,0.03,0.08,0.07,468,1.9656000000000003e-05,1,0.8200000000000001,D-rand,0.8200000000000001
6502,D,3,B,0.5700000000000001,0.42,0.22,0.5700000000000001,0.07,0.14,441,1.8522000000000003e-05,0,0.14,D-rand,0.5700000000000001
6506,B,1,B,0.63,0.5,0.18,0.63,0.12,0.07,444,1.8648e-05,1,0.63,D-rand,0.63
6504,D,3,B,0.46,0.28,0.23,0.46,0.07,0.24,517,2.1714000000000003e-05,0,0.24,D-rand,0.46
6508,C,2,C,0.93,0.91,0.03,0.02,0.93,0.02,530,2.226e-05,1,0.93,D-rand,0.93
6507,B,1,D,0.36,0.15,0.33,0.19,0.12,0.36,451,1.8942000000000003e-05,0,0.19,D-rand,0.36
6509,D,3,D,0.58,0.44,0.07,0.06,0.29,0.58,514,2.1588e-05,1,0.58,D-rand,0.58
6512,C,2,C,0.99,0.98,0.0,0.0,0.99,0.01,427,1.7934e-05,1,0.99,D-rand,0.99
6510,C,2,C,0.65,0.54,0.1,0.07,0.65,0.18,480,2.016e-05,1,0.65,D-rand,0.65
6511,C,2,C,0.87,0.8200000000000001,0.1,0.01,0.87,0.02,433,1.8186e-05,1,0.87,D-rand,0.87
6513,C,2,C,0.6000000000000001,0.47,0.15,0.1,0.6000000000000001,0.15,481,2.0202e-05,1,0.6000000000000001,D-rand,0.6000000000000001
6514,B,1,B,0.88,0.8300000000000001,0.07,0.88,0.05,0.0,445,1.869e-05,1,0.88,D-rand,0.88
6515,A,0,A,0.7000000000000001,0.59,0.7000000000000001,0.08,0.09,0.13,513,2.1546e-05,1,0.7000000000000001,D-rand,0.7000000000000001
6517,C,2,C,0.47,0.29,0.16,0.2,0.47,0.17,431,1.8102e-05,1,0.47,D-rand,0.47
6518,D,3,D,0.92,0.91,0.03,0.03,0.02,0.92,495,2.0790000000000003e-05,1,0.92,D-rand,0.92
6519,A,0,A,0.42,0.23,0.42,0.37,0.14,0.07,451,1.8942000000000003e-05,1,0.42,D-rand,0.42
6520,D,3,D,0.92,0.89,0.04,0.03,0.01,0.92,447,1.8774000000000004e-05,1,0.92,D-rand,0.92
6524,C,2,C,0.43,0.24,0.3,0.16,0.43,0.11,470,1.974e-05,1,0.43,D-rand,0.43
6521,B,1,D,0.86,0.81,0.08,0.03,0.03,0.86,459,1.9278e-05,0,0.03,D-rand,0.86
6522,A,0,A,0.929999999999999,0.91,0.929999999999999,0.01,0.04,0.02,480,2.016e-05,1,0.929999999999999,D-rand,0.929999999999999
6526,B,1,B,0.99,0.99,0.01,0.99,0.0,0.0,521,2.1882e-05,1,0.99,D-rand,0.99
6527,C,2,C,0.73,0.64,0.11,0.12,0.73,0.04,434,1.8228e-05,1,0.73,D-rand,0.73
6525,C,2,C,0.96,0.94,0.04,0.0,0.96,0.0,480,2.016e-05,1,0.96,D-rand,0.96
6529,D,3,B,0.63,0.52,0.06,0.63,0.02,0.29,513,2.1546e-05,0,0.29,D-rand,0.63
6528,C,2,C,0.99,0.97,0.0,0.0,0.99,0.01,460,1.932e-05,1,0.99,D-rand,0.99
6531,B,1,B,0.93,0.91,0.04,0.93,0.01,0.02,452,1.8984000000000003e-05,1,0.93,D-rand,0.93
6532,A,0,A,1.0,1.0,1.0,0.0,0.0,0.0,412,1.7304000000000002e-05,1,1.0,D-rand,1.0
6538,D,3,D,0.75,0.67,0.09,0.15,0.01,0.75,422,1.7724000000000002e-05,1,0.75,D-rand,0.75
6534,B,1,A,0.37,0.16,0.37,0.24,0.28,0.11,523,2.1966000000000003e-05,0,0.24,D-rand,0.37
6533,C,2,C,1.0,0.99,0.0,0.0,1.0,0.0,485,2.037e-05,1,1.0,D-rand,1.0
6539,D,3,A,0.5,0.32,0.5,0.09,0.21,0.2,417,1.7514000000000002e-05,0,0.2,D-rand,0.5
6535,A,0,A,0.91,0.88,0.91,0.03,0.04,0.02,482,2.0244e-05,1,0.91,D-rand,0.91
6536,A,0,A,0.42,0.22,0.42,0.24,0.2,0.14,415,1.743e-05,1,0.42,D-rand,0.42
6540,B,1,C,0.54,0.39,0.06,0.25,0.54,0.15,500,2.1e-05,0,0.25,D-rand,0.54
6541,D,3,A,0.48,0.32,0.48,0.16,0.16,0.2,460,1.932e-05,0,0.2,D-rand,0.48
6543,C,2,A,0.41,0.21,0.41,0.24,0.28,0.07,472,1.9824e-05,0,0.28,D-rand,0.41
6544,B,1,B,0.99,0.99,0.01,0.99,0.0,0.0,444,1.8648e-05,1,0.99,D-rand,0.99
6545,B,1,A,0.32,0.09,0.32,0.27,0.14,0.27,463,1.9446e-05,0,0.27,D-rand,0.32
6546,D,3,D,0.48,0.31,0.08,0.1,0.34,0.48,509,2.1378e-05,1,0.48,D-rand,0.48
6547,B,1,A,0.6000000000000001,0.47,0.6000000000000001,0.08,0.22,0.1,478,2.0076e-05,0,0.08,D-rand,0.6000000000000001
6548,D,3,D,0.7000000000000001,0.59,0.23,0.01,0.06,0.7000000000000001,460,1.932e-05,1,0.7000000000000001,D-rand,0.7000000000000001
6551,B,1,B,0.59,0.45,0.09,0.59,0.19,0.13,494,2.0748000000000005e-05,1,0.59,D-rand,0.59
6549,D,3,D,0.5700000000000001,0.43,0.12,0.29,0.02,0.5700000000000001,455,1.911e-05,1,0.5700000000000001,D-rand,0.5700000000000001
6550,A,0,A,0.99,0.98,0.99,0.0,0.01,0.0,438,1.8396e-05,1,0.99,D-rand,0.99
6556,A,0,B,0.35,0.12,0.25,0.35,0.11,0.29,466,1.9572e-05,0,0.25,D-rand,0.35
6553,B,1,B,0.98,0.96,0.02,0.98,0.0,0.0,480,2.016e-05,1,0.98,D-rand,0.98
6555,D,3,D,0.61,0.47,0.03,0.01,0.35,0.61,491,2.0622e-05,1,0.61,D-rand,0.61
6554,A,0,A,0.47,0.3,0.47,0.08,0.27,0.18,428,1.7976000000000002e-05,1,0.47,D-rand,0.47
6552,A,0,A,0.99,0.99,0.99,0.01,0.0,0.0,466,1.9572e-05,1,0.99,D-rand,0.99
6558,B,1,B,0.97,0.96,0.01,0.97,0.01,0.01,454,1.9068e-05,1,0.97,D-rand,0.97
6557,D,3,D,0.59,0.46,0.04,0.35,0.02,0.59,496,2.0832000000000003e-05,1,0.59,D-rand,0.59
6561,A,0,A,0.65,0.53,0.65,0.05,0.19,0.11,438,1.8396e-05,1,0.65,D-rand,0.65
6560,D,3,D,0.59,0.45,0.35,0.04,0.02,0.59,497,2.0874000000000004e-05,1,0.59,D-rand,0.59
6562,B,1,B,0.97,0.96,0.01,0.97,0.01,0.01,448,1.8816000000000004e-05,1,0.97,D-rand,0.97
6564,B,1,C,0.64,0.52,0.16,0.09,0.64,0.11,480,2.016e-05,0,0.09,D-rand,0.64
6563,A,0,A,1.0,0.99,1.0,0.0,0.0,0.0,567,2.3814000000000003e-05,1,1.0,D-rand,1.0
6559,B,1,B,0.99,0.98,0.0,0.99,0.01,0.0,590,2.4780000000000003e-05,1,0.99,D-rand,0.99
6567,D,3,A,0.36,0.15,0.36,0.28,0.23,0.13,507,2.1294e-05,0,0.13,D-rand,0.36
6568,B,1,B,0.42,0.23,0.19,0.42,0.07,0.32,539,2.2638e-05,1,0.42,D-rand,0.42
6565,B,1,C,0.44,0.25,0.13,0.3,0.44,0.13,464,1.9488000000000004e-05,0,0.3,D-rand,0.44
6569,A,0,A,0.99,0.99,0.99,0.01,0.0,0.0,441,1.8522000000000003e-05,1,0.99,D-rand,0.99
6570,C,2,C,0.94,0.92,0.04,0.01,0.94,0.01,452,1.8984000000000003e-05,1,0.94,D-rand,0.94
6572,A,0,A,0.4,0.2,0.4,0.24,0.04,0.32,450,1.89e-05,1,0.4,D-rand,0.4
6571,A,0,A,0.71,0.62,0.71,0.11,0.13,0.05,521,2.1882e-05,1,0.71,D-rand,0.71
6573,C,2,B,0.47,0.3,0.04,0.47,0.47,0.02,483,2.0286e-05,0,0.47,D-rand,0.47
6574,D,3,D,0.54,0.38,0.13,0.27,0.06,0.54,492,2.0664e-05,1,0.54,D-rand,0.54
6575,C,2,B,0.72,0.62,0.16,0.72,0.1,0.02,450,1.89e-05,0,0.1,D-rand,0.72
6579,D,3,D,0.58,0.45,0.21,0.12,0.09,0.58,477,2.0034e-05,1,0.58,D-rand,0.58
6576,B,1,B,0.88,0.8300000000000001,0.02,0.88,0.06,0.04,470,1.974e-05,1,0.88,D-rand,0.88
6580,C,2,C,0.99,0.98,0.01,0.0,0.99,0.0,493,2.0706000000000005e-05,1,0.99,D-rand,0.99
6577,D,3,D,0.86,0.81,0.06,0.01,0.07,0.86,466,1.9572e-05,1,0.86,D-rand,0.86
6581,C,2,C,0.99,0.98,0.0,0.0,0.99,0.01,488,2.0496e-05,1,0.99,D-rand,0.99
6583,A,0,A,1.0,1.0,1.0,0.0,0.0,0.0,422,1.7724000000000002e-05,1,1.0,D-rand,1.0
6585,C,2,A,0.66,0.54,0.66,0.01,0.3,0.03,505,2.121e-05,0,0.3,D-rand,0.66
6584,C,2,C,0.5700000000000001,0.42,0.25,0.08,0.5700000000000001,0.1,428,1.7976000000000002e-05,1,0.5700000000000001,D-rand,0.5700000000000001
6586,A,0,A,1.0,1.0,1.0,0.0,0.0,0.0,421,1.7682e-05,1,1.0,D-rand,1.0
6582,A,0,A,0.99,0.98,0.99,0.01,0.0,0.0,451,1.8942000000000003e-05,1,0.99,D-rand,0.99
6587,A,0,A,0.62,0.49,0.62,0.0,0.0,0.38,503,2.1126e-05,1,0.62,D-rand,0.62
6588,C,2,C,0.63,0.52,0.06,0.14,0.63,0.17,431,1.8102e-05,1,0.63,D-rand,0.63
6589,C,2,C,0.96,0.94,0.0,0.02,0.96,0.02,457,1.9194000000000003e-05,1,0.96,D-rand,0.96
6590,D,3,D,0.96,0.95,0.02,0.01,0.01,0.96,486,2.0412e-05,1,0.96,D-rand,0.96
6591,A,0,A,0.97,0.96,0.97,0.01,0.01,0.01,475,1.9950000000000004e-05,1,0.97,D-rand,0.97
6593,C,2,C,0.98,0.96,0.0,0.0,0.98,0.02,469,1.9698e-05,1,0.98,D-rand,0.98
6592,C,2,C,0.64,0.53,0.35,0.01,0.64,0.0,454,1.9068e-05,1,0.64,D-rand,0.64
6595,D,3,D,0.6900000000000001,0.59,0.18,0.09,0.04,0.6900000000000001,451,1.8942000000000003e-05,1,0.6900000000000001,D-rand,0.6900000000000001
6594,C,2,C,0.66,0.54,0.03,0.3,0.66,0.01,456,1.9152e-05,1,0.66,D-rand,0.66
6596,B,1,B,0.77,0.71,0.11,0.77,0.09,0.03,432,1.8144e-05,1,0.77,D-rand,0.77
6598,C,2,C,1.0,0.99,0.0,0.0,1.0,0.0,431,1.8102e-05,1,1.0,D-rand,1.0
6597,C,2,C,1.0,0.99,0.0,0.0,1.0,0.0,437,1.8354e-05,1,1.0,D-rand,1.0
6600,C,2,C,0.45,0.27,0.08,0.12,0.45,0.35,459,1.9278e-05,1,0.45,D-rand,0.45
6601,A,0,A,0.99,0.98,0.99,0.01,0.0,0.0,570,2.3940000000000005e-05,1,0.99,D-rand,0.99
6599,B,1,A,0.76,0.67,0.76,0.02,0.06,0.16,487,2.0454e-05,0,0.02,D-rand,0.76
6603,D,3,D,0.9,0.87,0.01,0.01,0.08,0.9,430,1.8060000000000003e-05,1,0.9,D-rand,0.9
6602,B,1,B,0.97,0.95,0.02,0.97,0.0,0.01,439,1.8438e-05,1,0.97,D-rand,0.97
6604,C,2,C,0.74,0.65,0.06,0.15,0.74,0.05,463,1.9446e-05,1,0.74,D-rand,0.74
6605,D,3,A,0.37,0.16,0.37,0.32,0.15,0.16,435,1.827e-05,0,0.16,D-rand,0.37
6607,B,1,B,0.49,0.33,0.04,0.49,0.42,0.05,487,2.0454e-05,1,0.49,D-rand,0.49
6608,C,2,C,0.96,0.95,0.01,0.02,0.96,0.01,434,1.8228e-05,1,0.96,D-rand,0.96
6609,C,2,C,0.77,0.7000000000000001,0.04,0.01,0.77,0.18,418,1.7556000000000003e-05,1,0.77,D-rand,0.77
6611,D,3,A,0.67,0.56,0.67,0.14,0.03,0.16,438,1.8396e-05,0,0.16,D-rand,0.67
6610,C,2,C,1.0,0.99,0.0,0.0,1.0,0.0,468,1.9656000000000003e-05,1,1.0,D-rand,1.0
6606,B,1,B,0.9,0.88,0.05,0.9,0.04,0.01,549,2.3058e-05,1,0.9,D-rand,0.9
6615,D,3,D,0.8200000000000001,0.77,0.15,0.01,0.02,0.8200000000000001,506,2.1252000000000003e-05,1,0.8200000000000001,D-rand,0.8200000000000001
6612,D,3,D,0.87,0.8300000000000001,0.06,0.06,0.01,0.87,453,1.9026000000000004e-05,1,0.87,D-rand,0.87
6614,B,1,A,0.43,0.24,0.43,0.38,0.01,0.18,432,1.8144e-05,0,0.38,D-rand,0.43
6618,A,0,A,0.98,0.98,0.98,0.0,0.01,0.01,483,2.0286e-05,1,0.98,D-rand,0.98
6616,D,3,D,0.93,0.9,0.02,0.03,0.02,0.93,469,1.9698e-05,1,0.93,D-rand,0.93
6617,A,0,A,1.0,1.0,1.0,0.0,0.0,0.0,492,2.0664e-05,1,1.0,D-rand,1.0
6619,A,0,A,0.92,0.89,0.92,0.05,0.01,0.02,414,1.7388e-05,1,0.92,D-rand,0.92
6620,B,1,C,0.49,0.33,0.07,0.32,0.49,0.12,479,2.0118000000000003e-05,0,0.32,D-rand,0.49
6621,B,1,B,0.99,0.99,0.01,0.99,0.0,0.0,466,1.9572e-05,1,0.99,D-rand,0.99
6623,B,1,B,0.97,0.96,0.01,0.97,0.01,0.01,444,1.8648e-05,1,0.97,D-rand,0.97
6622,A,0,A,0.85,0.8,0.85,0.01,0.0,0.14,533,2.2386e-05,1,0.85,D-rand,0.85
6624,D,3,D,0.73,0.64,0.14,0.07,0.06,0.73,424,1.7808000000000003e-05,1,0.73,D-rand,0.73
6625,D,3,D,0.53,0.37,0.18,0.11,0.18,0.53,452,1.8984000000000003e-05,1,0.53,D-rand,0.53
6627,C,2,C,0.87,0.81,0.04,0.07,0.87,0.02,530,2.226e-05,1,0.87,D-rand,0.87
6626,A,0,A,0.88,0.86,0.88,0.02,0.06,0.04,485,2.037e-05,1,0.88,D-rand,0.88
6628,C,2,C,0.98,0.96,0.01,0.0,0.98,0.01,450,1.89e-05,1,0.98,D-rand,0.98
6629,C,2,C,0.8300000000000001,0.77,0.04,0.09,0.8300000000000001,0.04,442,1.8564e-05,1,0.8300000000000001,D-rand,0.8300000000000001
6631,A,0,A,0.92,0.88,0.92,0.03,0.02,0.03,433,1.8186e-05,1,0.92,D-rand,0.92
6632,A,0,A,0.8,0.74,0.8,0.17,0.02,0.01,415,1.743e-05,1,0.8,D-rand,0.8
6630,B,1,B,0.91,0.87,0.03,0.91,0.03,0.03,469,1.9698e-05,1,0.91,D-rand,0.91
6633,A,0,A,1.0,0.99,1.0,0.0,0.0,0.0,481,2.0202e-05,1,1.0,D-rand,1.0
6634,A,0,A,0.97,0.95,0.97,0.0,0.02,0.01,494,2.0748000000000005e-05,1,0.97,D-rand,0.97
6635,A,0,A,0.98,0.98,0.98,0.01,0.01,0.0,519,2.1798000000000004e-05,1,0.98,D-rand,0.98
6636,A,0,A,1.0,1.0,1.0,0.0,0.0,0.0,448,1.8816000000000004e-05,1,1.0,D-rand,1.0
6637,B,1,B,0.74,0.65,0.21,0.74,0.02,0.03,479,2.0118000000000003e-05,1,0.74,D-rand,0.74
6640,C,2,C,0.99,0.98,0.01,0.0,0.99,0.0,464,1.9488000000000004e-05,1,0.99,D-rand,0.99
6639,D,3,C,0.66,0.56,0.02,0.03,0.66,0.29,441,1.8522000000000003e-05,0,0.29,D-rand,0.66
6638,C,2,C,0.92,0.89,0.01,0.02,0.92,0.05,513,2.1546e-05,1,0.92,D-rand,0.92
6641,B,1,B,0.79,0.73,0.12,0.79,0.03,0.06,458,1.9236e-05,1,0.79,D-rand,0.79
6643,C,2,C,0.98,0.98,0.01,0.01,0.98,0.0,454,1.9068e-05,1,0.98,D-rand,0.98
6644,C,2,C,0.94,0.93,0.04,0.01,0.94,0.01,468,1.9656000000000003e-05,1,0.94,D-rand,0.94
6642,A,0,A,1.0,1.0,1.0,0.0,0.0,0.0,456,1.9152e-05,1,1.0,D-rand,1.0
6646,B,1,B,1.0,1.0,0.0,1.0,0.0,0.0,503,2.1126e-05,1,1.0,D-rand,1.0
6645,D,3,D,0.99,0.98,0.0,0.01,0.0,0.99,510,2.142e-05,1,0.99,D-rand,0.99
6647,A,0,A,0.8300000000000001,0.77,0.8300000000000001,0.04,0.1,0.03,427,1.7934e-05,1,0.8300000000000001,D-rand,0.8300000000000001
6648,A,0,A,0.54,0.38,0.54,0.05,0.19,0.22,442,1.8564e-05,1,0.54,D-rand,0.54
6651,D,3,D,0.77,0.6900000000000001,0.08,0.07,0.08,0.77,491,2.0622e-05,1,0.77,D-rand,0.77
6649,D,3,A,0.67,0.55,0.67,0.07,0.01,0.25,469,1.9698e-05,0,0.25,D-rand,0.67
6652,A,0,A,0.9,0.87,0.9,0.04,0.03,0.03,433,1.8186e-05,1,0.9,D-rand,0.9
6654,B,1,B,0.64,0.52,0.18,0.64,0.03,0.15,477,2.0034e-05,1,0.64,D-rand,0.64
6656,D,3,D,1.0,1.0,0.0,0.0,0.0,1.0,459,1.9278e-05,1,1.0,D-rand,1.0
6650,B,1,B,0.87,0.8300000000000001,0.06,0.87,0.02,0.05,534,2.2428e-05,1,0.87,D-rand,0.87
6657,C,2,C,1.0,1.0,0.0,0.0,1.0,0.0,462,1.9404e-05,1,1.0,D-rand,1.0
6659,B,1,B,1.0,1.0,0.0,1.0,0.0,0.0,475,1.9950000000000004e-05,1,1.0,D-rand,1.0
6658,B,1,B,1.0,1.0,0.0,1.0,0.0,0.0,475,1.9950000000000004e-05,1,1.0,D-rand,1.0
6663,C,2,C,0.5700000000000001,0.44,0.1,0.11,0.5700000000000001,0.22,469,1.9698e-05,1,0.5700000000000001,D-rand,0.5700000000000001
6661,B,1,D,0.66,0.55,0.09,0.09,0.16,0.66,448,1.8816000000000004e-05,0,0.09,D-rand,0.66
6660,A,0,A,0.64,0.53,0.64,0.13,0.11,0.12,500,2.1e-05,1,0.64,D-rand,0.64
6662,C,2,A,0.66,0.54,0.66,0.18,0.06,0.1,479,2.0118000000000003e-05,0,0.06,D-rand,0.66
6664,C,2,C,0.6900000000000001,0.58,0.11,0.06,0.6900000000000001,0.14,478,2.0076e-05,1,0.6900000000000001,D-rand,0.6900000000000001
6665,D,3,D,1.0,0.99,0.0,0.0,0.0,1.0,438,1.8396e-05,1,1.0,D-rand,1.0
6666,D,3,D,0.48,0.31,0.45,0.03,0.04,0.48,473,1.9866000000000003e-05,1,0.48,D-rand,0.48
6668,D,3,D,0.94,0.92,0.01,0.04,0.01,0.94,469,1.9698e-05,1,0.94,D-rand,0.94
6669,D,3,C,0.71,0.6000000000000001,0.06,0.03,0.71,0.2,461,1.9362e-05,0,0.2,D-rand,0.71
6671,D,3,D,0.51,0.35,0.3,0.14,0.05,0.51,524,2.2008000000000003e-05,1,0.51,D-rand,0.51
6670,A,0,A,0.97,0.96,0.97,0.01,0.0,0.02,426,1.7892000000000004e-05,1,0.97,D-rand,0.97
6673,A,0,A,0.35,0.13,0.35,0.27,0.26,0.12,450,1.89e-05,1,0.35,D-rand,0.35
6672,C,2,C,0.929999999999999,0.92,0.04,0.02,0.929999999999999,0.01,471,1.9782000000000005e-05,1,0.929999999999999,D-rand,0.929999999999999
6675,C,2,C,0.8200000000000001,0.76,0.05,0.12,0.8200000000000001,0.01,473,1.9866000000000003e-05,1,0.8200000000000001,D-rand,0.8200000000000001
6676,B,1,A,0.48,0.31,0.48,0.2,0.18,0.14,423,1.7766000000000002e-05,0,0.2,D-rand,0.48
6677,B,1,D,0.72,0.63,0.03,0.24,0.01,0.72,528,2.2176e-05,0,0.24,D-rand,0.72
6674,C,2,A,0.38,0.18,0.38,0.34,0.24,0.04,415,1.743e-05,0,0.24,D-rand,0.38
6681,A,0,A,0.9,0.87,0.9,0.08,0.02,0.0,451,1.8942000000000003e-05,1,0.9,D-rand,0.9
6679,D,3,B,0.63,0.51,0.15,0.63,0.1,0.12,477,2.0034e-05,0,0.12,D-rand,0.63
6678,D,3,A,0.34,0.11,0.34,0.17,0.16,0.33,510,2.142e-05,0,0.33,D-rand,0.34
6683,B,1,B,0.85,0.81,0.06,0.85,0.06,0.03,449,1.8858e-05,1,0.85,D-rand,0.85
6682,D,3,D,0.55,0.4,0.31,0.03,0.11,0.55,434,1.8228e-05,1,0.55,D-rand,0.55
6680,A,0,A,0.6900000000000001,0.59,0.6900000000000001,0.19,0.07,0.05,449,1.8858e-05,1,0.6900000000000001,D-rand,0.6900000000000001
6685,C,2,D,0.39,0.19,0.1,0.13,0.38,0.39,455,1.911e-05,0,0.38,D-rand,0.39
6684,D,3,B,0.51,0.34,0.04,0.51,0.19,0.26,429,1.8018000000000003e-05,0,0.26,D-rand,0.51
6687,D,3,D,0.67,0.56,0.16,0.14,0.03,0.67,504,2.1168e-05,1,0.67,D-rand,0.67
6686,A,0,C,0.78,0.71,0.19,0.02,0.78,0.01,488,2.0496e-05,0,0.19,D-rand,0.78
6688,D,3,A,0.77,0.7000000000000001,0.77,0.04,0.03,0.16,493,2.0706000000000005e-05,0,0.16,D-rand,0.77
6690,A,0,A,0.43,0.24,0.43,0.27,0.28,0.02,477,2.0034e-05,1,0.43,D-rand,0.43
6691,D,3,D,0.98,0.98,0.01,0.0,0.01,0.98,534,2.2428e-05,1,0.98,D-rand,0.98
6689,B,1,C,0.42,0.23,0.09,0.27,0.42,0.22,453,1.9026000000000004e-05,0,0.27,D-rand,0.42
6692,B,1,A,0.77,0.6900000000000001,0.77,0.22,0.01,0.0,453,1.9026000000000004e-05,0,0.22,D-rand,0.77
6693,A,0,A,0.98,0.96,0.98,0.0,0.02,0.0,516,2.1672000000000005e-05,1,0.98,D-rand,0.98
6695,D,3,D,0.64,0.52,0.03,0.24,0.09,0.64,441,1.8522000000000003e-05,1,0.64,D-rand,0.64
6694,A,0,A,0.86,0.81,0.86,0.11,0.03,0.0,573,2.4066000000000003e-05,1,0.86,D-rand,0.86
6696,B,1,D,0.38,0.17,0.15,0.35,0.12,0.38,447,1.8774000000000004e-05,0,0.35,D-rand,0.38
6697,A,0,A,0.8300000000000001,0.77,0.8300000000000001,0.13,0.03,0.01,501,2.1042000000000003e-05,1,0.8300000000000001,D-rand,0.8300000000000001
6698,B,1,B,0.86,0.8300000000000001,0.08,0.86,0.03,0.03,426,1.7892000000000004e-05,1,0.86,D-rand,0.86
6699,A,0,A,0.92,0.89,0.92,0.01,0.07,0.0,486,2.0412e-05,1,0.92,D-rand,0.92
6700,A,0,A,1.0,1.0,1.0,0.0,0.0,0.0,454,1.9068e-05,1,1.0,D-rand,1.0
6702,D,3,C,0.38,0.17,0.29,0.09,0.38,0.24,454,1.9068e-05,0,0.24,D-rand,0.38
6704,C,2,C,0.98,0.97,0.01,0.01,0.98,0.0,413,1.7346e-05,1,0.98,D-rand,0.98
6705,D,3,C,0.63,0.51,0.15,0.02,0.63,0.2,470,1.974e-05,0,0.2,D-rand,0.63
6708,D,3,A,0.46,0.28,0.46,0.13,0.33,0.08,457,1.9194000000000003e-05,0,0.08,D-rand,0.46
6706,B,1,B,0.98,0.98,0.01,0.98,0.01,0.0,483,2.0286e-05,1,0.98,D-rand,0.98
6707,B,1,B,0.67,0.5700000000000001,0.06,0.67,0.25,0.02,441,1.8522000000000003e-05,1,0.67,D-rand,0.67
6709,A,0,A,0.97,0.96,0.97,0.0,0.03,0.0,445,1.869e-05,1,0.97,D-rand,0.97
6710,B,1,B,0.88,0.8300000000000001,0.1,0.88,0.01,0.01,515,2.163e-05,1,0.88,D-rand,0.88
6711,A,0,A,0.98,0.96,0.98,0.02,0.0,0.0,479,2.0118000000000003e-05,1,0.98,D-rand,0.98
6713,C,2,C,0.94,0.94,0.01,0.02,0.94,0.03,477,2.0034e-05,1,0.94,D-rand,0.94
6712,C,2,C,0.61,0.48,0.15,0.23,0.61,0.01,394,1.6548e-05,1,0.61,D-rand,0.61
6714,D,3,D,1.0,0.99,0.0,0.0,0.0,1.0,457,1.9194000000000003e-05,1,1.0,D-rand,1.0
6715,D,3,D,1.0,0.99,0.0,0.0,0.0,1.0,486,2.0412e-05,1,1.0,D-rand,1.0
6716,D,3,D,0.74,0.67,0.12,0.08,0.06,0.74,439,1.8438e-05,1,0.74,D-rand,0.74
6717,B,1,B,0.89,0.85,0.03,0.89,0.03,0.05,421,1.7682e-05,1,0.89,D-rand,0.89
6718,D,3,D,0.46,0.28,0.08,0.44,0.02,0.46,480,2.016e-05,1,0.46,D-rand,0.46
6721,A,0,A,0.8,0.74,0.8,0.08,0.04,0.08,433,1.8186e-05,1,0.8,D-rand,0.8
6720,B,1,C,0.61,0.47,0.16,0.12,0.61,0.11,471,1.9782000000000005e-05,0,0.12,D-rand,0.61
6722,C,2,C,0.58,0.44,0.03,0.04,0.58,0.35,465,1.953e-05,1,0.58,D-rand,0.58
6719,A,0,A,0.99,0.99,0.99,0.0,0.0,0.01,460,1.932e-05,1,0.99,D-rand,0.99
6723,B,1,C,0.51,0.35,0.17,0.22,0.51,0.1,434,1.8228e-05,0,0.22,D-rand,0.51
6726,A,0,A,0.95,0.94,0.95,0.02,0.02,0.01,429,1.8018000000000003e-05,1,0.95,D-rand,0.95
6725,D,3,D,0.68,0.5700000000000001,0.26,0.01,0.05,0.68,552,2.3184000000000004e-05,1,0.68,D-rand,0.68
6727,A,0,A,0.38,0.18,0.38,0.06,0.33,0.23,637,2.6754e-05,1,0.38,D-rand,0.38
6728,B,1,D,0.47,0.28,0.26,0.11,0.16,0.47,438,1.8396e-05,0,0.11,D-rand,0.47
6730,B,1,A,0.38,0.18,0.38,0.38,0.06,0.18,432,1.8144e-05,0,0.38,D-rand,0.38
6732,C,2,A,0.35,0.13,0.35,0.28,0.14,0.23,455,1.911e-05,0,0.14,D-rand,0.35
6733,B,1,B,0.68,0.5700000000000001,0.23,0.68,0.04,0.05,432,1.8144e-05,1,0.68,D-rand,0.68
6731,D,3,A,0.6900000000000001,0.59,0.6900000000000001,0.03,0.07,0.21,517,2.1714000000000003e-05,0,0.21,D-rand,0.6900000000000001
6736,B,1,B,0.99,0.98,0.01,0.99,0.0,0.0,427,1.7934e-05,1,0.99,D-rand,0.99
6735,A,0,A,0.94,0.92,0.94,0.01,0.03,0.02,439,1.8438e-05,1,0.94,D-rand,0.94
6740,D,3,D,0.8200000000000001,0.77,0.05,0.07,0.06,0.8200000000000001,445,1.869e-05,1,0.8200000000000001,D-rand,0.8200000000000001
6741,C,2,A,0.33,0.1,0.33,0.32,0.17,0.18,489,2.0538e-05,0,0.17,D-rand,0.33
6739,A,0,A,0.99,0.98,0.99,0.01,0.0,0.0,467,1.9614e-05,1,0.99,D-rand,0.99
6737,D,3,C,0.54,0.39,0.01,0.03,0.54,0.42,483,2.0286e-05,0,0.42,D-rand,0.54
6742,C,2,C,0.52,0.35,0.46,0.01,0.52,0.01,480,2.016e-05,1,0.52,D-rand,0.52
6743,A,0,A,0.91,0.88,0.91,0.03,0.02,0.04,438,1.8396e-05,1,0.91,D-rand,0.91
6745,A,0,A,0.9,0.87,0.9,0.02,0.01,0.07,494,2.0748000000000005e-05,1,0.9,D-rand,0.9
6746,D,3,D,0.51,0.34,0.43,0.03,0.03,0.51,518,2.1756000000000003e-05,1,0.51,D-rand,0.51
6744,D,3,D,0.49,0.32,0.43,0.06,0.02,0.49,472,1.9824e-05,1,0.49,D-rand,0.49
6747,A,0,A,0.75,0.67,0.75,0.11,0.08,0.06,502,2.1084000000000003e-05,1,0.75,D-rand,0.75
6749,C,2,D,0.55,0.41,0.06,0.04,0.35,0.55,485,2.037e-05,0,0.35,D-rand,0.55
6748,D,3,B,0.56,0.41,0.18,0.56,0.13,0.13,479,2.0118000000000003e-05,0,0.13,D-rand,0.56
6750,C,2,C,0.85,0.81,0.03,0.1,0.85,0.02,451,1.8942000000000003e-05,1,0.85,D-rand,0.85
6751,B,1,B,0.87,0.8200000000000001,0.13,0.87,0.0,0.0,526,2.2092e-05,1,0.87,D-rand,0.87
6752,C,2,C,1.0,0.99,0.0,0.0,1.0,0.0,444,1.8648e-05,1,1.0,D-rand,1.0
6754,B,1,B,0.43,0.24,0.4,0.43,0.05,0.12,453,1.9026000000000004e-05,1,0.43,D-rand,0.43
6753,D,3,B,0.41,0.21,0.21,0.41,0.1,0.28,420,1.764e-05,0,0.28,D-rand,0.41
6757,B,1,B,0.94,0.93,0.01,0.94,0.03,0.02,474,1.9908000000000003e-05,1,0.94,D-rand,0.94
6758,D,3,D,0.41,0.21,0.34,0.18,0.07,0.41,442,1.8564e-05,1,0.41,D-rand,0.41
6760,D,3,D,0.8200000000000001,0.76,0.16,0.01,0.01,0.8200000000000001,477,2.0034e-05,1,0.8200000000000001,D-rand,0.8200000000000001
6759,D,3,B,0.49,0.32,0.14,0.49,0.02,0.35,471,1.9782000000000005e-05,0,0.35,D-rand,0.49
6762,C,2,C,0.5700000000000001,0.42,0.16,0.15,0.5700000000000001,0.12,473,1.9866000000000003e-05,1,0.5700000000000001,D-rand,0.5700000000000001
6763,B,1,B,0.53,0.38,0.04,0.53,0.16,0.27,455,1.911e-05,1,0.53,D-rand,0.53
6764,C,2,C,0.35,0.13,0.31,0.28,0.35,0.06,464,1.9488000000000004e-05,1,0.35,D-rand,0.35
6766,A,0,A,0.79,0.71,0.79,0.04,0.01,0.16,522,2.1924e-05,1,0.79,D-rand,0.79
6768,B,1,C,0.72,0.62,0.06,0.19,0.72,0.03,455,1.911e-05,0,0.19,D-rand,0.72
6767,A,0,A,0.8,0.73,0.8,0.08,0.08,0.04,442,1.8564e-05,1,0.8,D-rand,0.8
6769,D,3,D,0.44,0.26,0.08,0.4,0.08,0.44,465,1.953e-05,1,0.44,D-rand,0.44
6771,C,2,C,0.92,0.89,0.01,0.05,0.92,0.02,513,2.1546e-05,1,0.92,D-rand,0.92
6774,B,1,B,0.54,0.39,0.08,0.54,0.22,0.16,452,1.8984000000000003e-05,1,0.54,D-rand,0.54
6770,B,1,B,0.91,0.89,0.03,0.91,0.05,0.01,474,1.9908000000000003e-05,1,0.91,D-rand,0.91
6772,B,1,B,0.96,0.94,0.04,0.96,0.0,0.0,437,1.8354e-05,1,0.96,D-rand,0.96
6775,A,0,C,0.52,0.36,0.24,0.14,0.52,0.1,417,1.7514000000000002e-05,0,0.24,D-rand,0.52
6777,D,3,B,0.74,0.65,0.14,0.74,0.07,0.05,427,1.7934e-05,0,0.05,D-rand,0.74
6776,B,1,C,0.41,0.21,0.31,0.21,0.41,0.07,454,1.9068e-05,0,0.21,D-rand,0.41
6778,A,0,B,0.8300000000000001,0.78,0.07,0.8300000000000001,0.04,0.06,431,1.8102e-05,0,0.07,D-rand,0.8300000000000001
6781,A,0,C,0.4,0.2,0.21,0.21,0.4,0.18,436,1.8312e-05,0,0.21,D-rand,0.4
6782,C,2,A,0.39,0.18,0.39,0.05,0.27,0.29,426,1.7892000000000004e-05,0,0.27,D-rand,0.39
6779,C,2,A,0.45,0.27,0.45,0.04,0.09,0.42,483,2.0286e-05,0,0.09,D-rand,0.45
6784,B,1,B,0.63,0.5,0.07,0.63,0.06,0.24,538,2.2596e-05,1,0.63,D-rand,0.63
6783,B,1,B,0.67,0.56,0.28,0.67,0.02,0.03,454,1.9068e-05,1,0.67,D-rand,0.67
6786,D,3,D,0.62,0.49,0.13,0.17,0.08,0.62,486,2.0412e-05,1,0.62,D-rand,0.62
6785,A,0,B,0.51,0.34,0.28,0.51,0.11,0.1,432,1.8144e-05,0,0.28,D-rand,0.51
6787,D,3,D,0.76,0.6900000000000001,0.03,0.16,0.05,0.76,452,1.8984000000000003e-05,1,0.76,D-rand,0.76
6790,B,1,B,0.91,0.87,0.06,0.91,0.02,0.01,505,2.121e-05,1,0.91,D-rand,0.91
6791,A,0,A,0.94,0.92,0.94,0.04,0.01,0.01,477,2.0034e-05,1,0.94,D-rand,0.94
6792,D,3,D,0.59,0.46,0.33,0.05,0.03,0.59,453,1.9026000000000004e-05,1,0.59,D-rand,0.59
6788,B,1,A,0.41,0.22,0.41,0.11,0.3,0.18,412,1.7304000000000002e-05,0,0.11,D-rand,0.41
6794,A,0,A,0.33,0.1,0.33,0.29,0.13,0.25,545,2.2890000000000003e-05,1,0.33,D-rand,0.33
6793,D,3,A,0.77,0.7000000000000001,0.77,0.03,0.09,0.11,469,1.9698e-05,0,0.11,D-rand,0.77
6801,C,2,A,0.67,0.56,0.67,0.06,0.15,0.12,461,1.9362e-05,0,0.15,D-rand,0.67
6795,D,3,C,0.42,0.22,0.03,0.38,0.42,0.17,497,2.0874000000000004e-05,0,0.17,D-rand,0.42
6802,D,3,A,0.51,0.34,0.51,0.25,0.02,0.22,496,2.0832000000000003e-05,0,0.22,D-rand,0.51
6803,D,3,A,0.75,0.65,0.75,0.01,0.16,0.08,460,1.932e-05,0,0.08,D-rand,0.75
6800,A,0,A,0.52,0.37,0.52,0.2,0.21,0.07,532,2.2344e-05,1,0.52,D-rand,0.52
6804,C,2,C,0.54,0.39,0.41,0.03,0.54,0.02,583,2.4486e-05,1,0.54,D-rand,0.54
6805,A,0,B,0.8,0.73,0.09,0.8,0.1,0.01,462,1.9404e-05,0,0.09,D-rand,0.8
6806,B,1,B,0.91,0.88,0.05,0.91,0.03,0.01,439,1.8438e-05,1,0.91,D-rand,0.91
6807,B,1,B,0.9,0.87,0.01,0.9,0.05,0.04,424,1.7808000000000003e-05,1,0.9,D-rand,0.9
6809,D,3,C,0.54,0.38,0.03,0.02,0.54,0.4,509,2.1378e-05,0,0.4,D-rand,0.54
6810,C,2,C,0.51,0.33,0.1,0.06,0.51,0.33,464,1.9488000000000004e-05,1,0.51,D-rand,0.51
6808,A,0,A,1.0,0.99,1.0,0.0,0.0,0.0,517,2.1714000000000003e-05,1,1.0,D-rand,1.0
6811,D,3,D,0.49,0.32,0.07,0.29,0.15,0.49,487,2.0454e-05,1,0.49,D-rand,0.49
6812,A,0,A,0.95,0.94,0.95,0.02,0.01,0.02,426,1.7892000000000004e-05,1,0.95,D-rand,0.95
6813,C,2,C,0.66,0.54,0.09,0.02,0.66,0.23,471,1.9782000000000005e-05,1,0.66,D-rand,0.66
6814,C,2,C,0.65,0.53,0.06,0.04,0.65,0.25,450,1.89e-05,1,0.65,D-rand,0.65
6815,A,0,C,0.52,0.37,0.35,0.12,0.52,0.01,466,1.9572e-05,0,0.35,D-rand,0.52
6820,C,2,D,0.54,0.38,0.03,0.16,0.27,0.54,473,1.9866000000000003e-05,0,0.27,D-rand,0.54
6821,B,1,B,0.63,0.51,0.12,0.63,0.09,0.16,489,2.0538e-05,1,0.63,D-rand,0.63
6817,D,3,D,0.73,0.65,0.08,0.04,0.15,0.73,457,1.9194000000000003e-05,1,0.73,D-rand,0.73
6822,B,1,B,1.0,0.99,0.0,1.0,0.0,0.0,439,1.8438e-05,1,1.0,D-rand,1.0
6823,C,2,C,0.93,0.91,0.01,0.05,0.93,0.0,429,1.8018000000000003e-05,1,0.93,D-rand,0.93
6816,A,0,A,0.76,0.67,0.76,0.12,0.07,0.05,545,2.2890000000000003e-05,1,0.76,D-rand,0.76
6825,C,2,C,0.91,0.89,0.01,0.03,0.91,0.05,460,1.932e-05,1,0.91,D-rand,0.91
6826,B,1,A,0.79,0.72,0.79,0.18,0.02,0.01,471,1.9782000000000005e-05,0,0.18,D-rand,0.79
6824,A,0,A,0.54,0.39,0.54,0.12,0.33,0.01,443,1.8606e-05,1,0.54,D-rand,0.54
6828,A,0,B,0.6900000000000001,0.58,0.2,0.6900000000000001,0.06,0.05,507,2.1294e-05,0,0.2,D-rand,0.6900000000000001
6827,B,1,B,0.56,0.41,0.35,0.56,0.05,0.04,450,1.89e-05,1,0.56,D-rand,0.56
6830,C,2,C,0.8,0.74,0.13,0.02,0.8,0.05,468,1.9656000000000003e-05,1,0.8,D-rand,0.8
6831,B,1,D,0.52,0.35,0.12,0.32,0.04,0.52,455,1.911e-05,0,0.32,D-rand,0.52
6832,C,2,B,0.7000000000000001,0.61,0.04,0.7000000000000001,0.2,0.06,478,2.0076e-05,0,0.2,D-rand,0.7000000000000001
6838,D,3,D,0.65,0.54,0.25,0.05,0.05,0.65,413,1.7346e-05,1,0.65,D-rand,0.65
6834,D,3,D,0.8200000000000001,0.77,0.05,0.11,0.02,0.8200000000000001,477,2.0034e-05,1,0.8200000000000001,D-rand,0.8200000000000001
6835,D,3,D,0.65,0.54,0.31,0.03,0.01,0.65,477,2.0034e-05,1,0.65,D-rand,0.65
6843,B,1,B,0.91,0.88,0.05,0.91,0.01,0.03,502,2.1084000000000003e-05,1,0.91,D-rand,0.91
6845,A,0,A,0.47,0.31,0.47,0.23,0.15,0.15,484,2.0328000000000003e-05,1,0.47,D-rand,0.47
6847,D,3,B,0.52,0.36,0.11,0.52,0.02,0.35,434,1.8228e-05,0,0.35,D-rand,0.52
6844,A,0,A,0.84,0.79,0.84,0.09,0.01,0.06,428,1.7976000000000002e-05,1,0.84,D-rand,0.84
6848,B,1,B,0.49,0.33,0.09,0.49,0.25,0.17,484,2.0328000000000003e-05,1,0.49,D-rand,0.49
6849,C,2,C,0.95,0.93,0.03,0.01,0.95,0.01,412,1.7304000000000002e-05,1,0.95,D-rand,0.95
6852,C,2,C,0.8200000000000001,0.76,0.04,0.13,0.8200000000000001,0.01,472,1.9824e-05,1,0.8200000000000001,D-rand,0.8200000000000001
6850,D,3,A,0.4,0.2,0.4,0.11,0.12,0.37,467,1.9614e-05,0,0.37,D-rand,0.4
6851,A,0,A,1.0,1.0,1.0,0.0,0.0,0.0,500,2.1e-05,1,1.0,D-rand,1.0
6854,C,2,A,0.53,0.37,0.53,0.09,0.35,0.03,500,2.1e-05,0,0.35,D-rand,0.53
6853,C,2,A,0.51,0.34,0.51,0.21,0.26,0.02,491,2.0622e-05,0,0.26,D-rand,0.51
6857,A,0,A,0.93,0.91,0.93,0.02,0.03,0.02,484,2.0328000000000003e-05,1,0.93,D-rand,0.93
6855,D,3,D,0.84,0.79,0.11,0.04,0.01,0.84,430,1.8060000000000003e-05,1,0.84,D-rand,0.84
6856,D,3,D,0.59,0.44,0.34,0.02,0.05,0.59,504,2.1168e-05,1,0.59,D-rand,0.59
6858,A,0,A,0.95,0.92,0.95,0.02,0.02,0.01,508,2.1336e-05,1,0.95,D-rand,0.95
6859,A,0,A,0.559999999999999,0.42,0.559999999999999,0.3,0.06,0.08,486,2.0412e-05,1,0.559999999999999,D-rand,0.559999999999999
6864,D,3,A,0.76,0.67,0.76,0.13,0.07,0.04,476,1.9992e-05,0,0.04,D-rand,0.76
6861,A,0,A,0.81,0.75,0.81,0.09,0.07,0.03,485,2.037e-05,1,0.81,D-rand,0.81
6862,D,3,D,0.74,0.66,0.21,0.04,0.01,0.74,429,1.8018000000000003e-05,1,0.74,D-rand,0.74
6866,B,1,D,0.53,0.36,0.03,0.43,0.01,0.53,470,1.974e-05,0,0.43,D-rand,0.53
6867,B,1,B,0.8200000000000001,0.76,0.02,0.8200000000000001,0.0,0.16,511,2.1462e-05,1,0.8200000000000001,D-rand,0.8200000000000001
6865,D,3,D,0.89,0.86,0.03,0.01,0.07,0.89,474,1.9908000000000003e-05,1,0.89,D-rand,0.89
6869,B,1,B,0.85,0.8,0.06,0.85,0.08,0.01,465,1.953e-05,1,0.85,D-rand,0.85
6868,B,1,B,1.0,0.99,0.0,1.0,0.0,0.0,476,1.9992e-05,1,1.0,D-rand,1.0
6871,D,3,D,0.4,0.21,0.22,0.06,0.32,0.4,435,1.827e-05,1,0.4,D-rand,0.4
6870,B,1,B,0.66,0.55,0.11,0.66,0.11,0.12,468,1.9656000000000003e-05,1,0.66,D-rand,0.66
6872,B,1,B,0.74,0.66,0.18,0.74,0.01,0.07,455,1.911e-05,1,0.74,D-rand,0.74
6874,B,1,B,0.91,0.88,0.06,0.91,0.0,0.03,483,2.0286e-05,1,0.91,D-rand,0.91
6875,B,1,B,0.98,0.97,0.01,0.98,0.0,0.01,441,1.8522000000000003e-05,1,0.98,D-rand,0.98
6873,A,0,A,0.99,0.97,0.99,0.0,0.01,0.0,424,1.7808000000000003e-05,1,0.99,D-rand,0.99
6876,A,0,A,0.96,0.95,0.96,0.01,0.03,0.0,417,1.7514000000000002e-05,1,0.96,D-rand,0.96
6877,C,2,C,0.72,0.62,0.26,0.0,0.72,0.02,450,1.89e-05,1,0.72,D-rand,0.72
6879,D,3,D,0.48,0.31,0.32,0.09,0.11,0.48,419,1.7598000000000003e-05,1,0.48,D-rand,0.48
6880,C,2,C,1.0,0.99,0.0,0.0,1.0,0.0,473,1.9866000000000003e-05,1,1.0,D-rand,1.0
6881,D,3,B,0.66,0.55,0.16,0.66,0.05,0.13,452,1.8984000000000003e-05,0,0.13,D-rand,0.66
6878,A,0,B,0.64,0.53,0.22,0.64,0.01,0.13,504,2.1168e-05,0,0.22,D-rand,0.64
6882,B,1,A,0.46,0.29,0.46,0.31,0.05,0.18,450,1.89e-05,0,0.31,D-rand,0.46
6883,D,3,A,0.77,0.6900000000000001,0.77,0.03,0.02,0.18,511,2.1462e-05,0,0.18,D-rand,0.77
6884,A,0,A,0.96,0.95,0.96,0.01,0.01,0.02,545,2.2890000000000003e-05,1,0.96,D-rand,0.96
6885,B,1,B,0.97,0.96,0.02,0.97,0.01,0.0,452,1.8984000000000003e-05,1,0.97,D-rand,0.97
6891,D,3,D,0.93,0.91,0.05,0.01,0.01,0.93,469,1.9698e-05,1,0.93,D-rand,0.93
6886,D,3,D,0.92,0.88,0.06,0.0,0.02,0.92,497,2.0874000000000004e-05,1,0.92,D-rand,0.92
6890,A,0,A,0.64,0.53,0.64,0.09,0.24,0.03,478,2.0076e-05,1,0.64,D-rand,0.64
6888,B,1,A,0.74,0.66,0.74,0.17,0.04,0.05,512,2.1504e-05,0,0.17,D-rand,0.74
6894,B,1,B,0.95,0.93,0.01,0.95,0.0,0.04,433,1.8186e-05,1,0.95,D-rand,0.95
6895,B,1,B,0.97,0.96,0.01,0.97,0.01,0.01,450,1.89e-05,1,0.97,D-rand,0.97
6887,B,1,B,0.53,0.38,0.18,0.53,0.22,0.07,434,1.8228e-05,1,0.53,D-rand,0.53
6892,D,3,B,0.74,0.65,0.06,0.74,0.05,0.15,504,2.1168e-05,0,0.15,D-rand,0.74
6897,D,3,D,0.91,0.89,0.05,0.03,0.01,0.91,472,1.9824e-05,1,0.91,D-rand,0.91
6896,C,2,C,0.45,0.25,0.13,0.11,0.45,0.31,425,1.7850000000000004e-05,1,0.45,D-rand,0.45
6898,B,1,B,0.74,0.64,0.08,0.74,0.06,0.12,447,1.8774000000000004e-05,1,0.74,D-rand,0.74
6899,A,0,C,0.46,0.29,0.46,0.06,0.46,0.02,451,1.8942000000000003e-05,0,0.46,D-rand,0.46
6900,C,2,C,0.47,0.29,0.39,0.1,0.47,0.04,416,1.7472e-05,1,0.47,D-rand,0.47
6904,B,1,B,0.65,0.53,0.08,0.65,0.1,0.17,448,1.8816000000000004e-05,1,0.65,D-rand,0.65
6903,B,1,B,0.41,0.22,0.38,0.41,0.11,0.1,446,1.8732000000000003e-05,1,0.41,D-rand,0.41
6901,C,2,C,0.8,0.73,0.03,0.06,0.8,0.11,459,1.9278e-05,1,0.8,D-rand,0.8
6902,D,3,B,0.78,0.71,0.14,0.78,0.05,0.03,450,1.89e-05,0,0.03,D-rand,0.78
6905,A,0,A,0.99,0.99,0.99,0.0,0.0,0.01,469,1.9698e-05,1,0.99,D-rand,0.99
6907,C,2,C,0.8300000000000001,0.78,0.07,0.05,0.8300000000000001,0.05,497,2.0874000000000004e-05,1,0.8300000000000001,D-rand,0.8300000000000001
6906,A,0,B,0.8200000000000001,0.75,0.08,0.8200000000000001,0.02,0.08,448,1.8816000000000004e-05,0,0.08,D-rand,0.8200000000000001
6908,A,0,A,0.95,0.94,0.95,0.01,0.02,0.02,422,1.7724000000000002e-05,1,0.95,D-rand,0.95
6909,D,3,A,0.68,0.5700000000000001,0.68,0.08,0.02,0.22,434,1.8228e-05,0,0.22,D-rand,0.68
6912,A,0,A,0.45,0.27,0.45,0.1,0.36,0.09,473,1.9866000000000003e-05,1,0.45,D-rand,0.45
6913,D,3,D,0.51,0.35,0.24,0.12,0.13,0.51,469,1.9698e-05,1,0.51,D-rand,0.51
6910,D,3,D,0.98,0.97,0.01,0.01,0.0,0.98,499,2.0958e-05,1,0.98,D-rand,0.98
6915,A,0,A,0.97,0.97,0.97,0.02,0.01,0.0,507,2.1294e-05,1,0.97,D-rand,0.97
6914,C,2,C,0.99,0.99,0.0,0.0,0.99,0.01,515,2.163e-05,1,0.99,D-rand,0.99
6916,A,0,A,0.98,0.98,0.98,0.01,0.0,0.01,494,2.0748000000000005e-05,1,0.98,D-rand,0.98
6917,B,1,B,0.87,0.81,0.07,0.87,0.06,0.0,509,2.1378e-05,1,0.87,D-rand,0.87
6918,B,1,B,0.98,0.97,0.02,0.98,0.0,0.0,485,2.037e-05,1,0.98,D-rand,0.98
6920,A,0,A,0.98,0.98,0.98,0.0,0.01,0.01,444,1.8648e-05,1,0.98,D-rand,0.98
6919,A,0,A,0.98,0.98,0.98,0.0,0.01,0.01,478,2.0076e-05,1,0.98,D-rand,0.98
6921,B,1,B,0.679999999999999,0.58,0.14,0.679999999999999,0.14,0.04,444,1.8648e-05,1,0.679999999999999,D-rand,0.679999999999999
6922,B,1,B,0.71,0.61,0.16,0.71,0.01,0.12,485,2.037e-05,1,0.71,D-rand,0.71
6924,C,2,C,0.85,0.81,0.01,0.13,0.85,0.01,461,1.9362e-05,1,0.85,D-rand,0.85
6923,C,2,C,0.89,0.85,0.04,0.01,0.89,0.06,531,2.2302e-05,1,0.89,D-rand,0.89
6925,A,0,A,0.78,0.71,0.78,0.16,0.04,0.02,526,2.2092e-05,1,0.78,D-rand,0.78
6926,C,2,C,0.98,0.97,0.01,0.01,0.98,0.0,459,1.9278e-05,1,0.98,D-rand,0.98
6930,B,1,B,0.97,0.95,0.02,0.97,0.01,0.0,444,1.8648e-05,1,0.97,D-rand,0.97
6928,A,0,A,1.0,0.99,1.0,0.0,0.0,0.0,425,1.7850000000000004e-05,1,1.0,D-rand,1.0
6931,B,1,A,0.54,0.39,0.54,0.28,0.03,0.15,489,2.0538e-05,0,0.28,D-rand,0.54
6927,A,0,A,0.77,0.6900000000000001,0.77,0.12,0.09,0.02,424,1.7808000000000003e-05,1,0.77,D-rand,0.77
6932,C,2,B,0.61,0.48,0.12,0.61,0.2,0.07,461,1.9362e-05,0,0.2,D-rand,0.61
6933,B,1,B,0.73,0.63,0.18,0.73,0.06,0.03,474,1.9908000000000003e-05,1,0.73,D-rand,0.73
6934,B,1,D,0.6000000000000001,0.47,0.14,0.14,0.12,0.6000000000000001,450,1.89e-05,0,0.14,D-rand,0.6000000000000001
6937,B,1,A,0.51,0.35,0.51,0.15,0.28,0.06,457,1.9194000000000003e-05,0,0.15,D-rand,0.51
6939,A,0,A,0.87,0.8300000000000001,0.87,0.08,0.03,0.02,446,1.8732000000000003e-05,1,0.87,D-rand,0.87
6940,B,1,B,0.88,0.86,0.04,0.88,0.02,0.06,499,2.0958e-05,1,0.88,D-rand,0.88
6938,C,2,C,0.74,0.65,0.15,0.09,0.74,0.02,454,1.9068e-05,1,0.74,D-rand,0.74
6944,D,3,D,0.6900000000000001,0.6000000000000001,0.08,0.12,0.11,0.6900000000000001,446,1.8732000000000003e-05,1,0.6900000000000001,D-rand,0.6900000000000001
6936,C,2,C,0.44,0.25,0.05,0.19,0.44,0.32,423,1.7766000000000002e-05,1,0.44,D-rand,0.44
6945,C,2,A,0.3,0.07,0.3,0.13,0.29,0.28,420,1.764e-05,0,0.29,D-rand,0.3
6941,A,0,A,0.99,0.98,0.99,0.0,0.0,0.01,484,2.0328000000000003e-05,1,0.99,D-rand,0.99
6947,B,1,C,0.4,0.19,0.07,0.34,0.4,0.19,510,2.142e-05,0,0.34,D-rand,0.4
6942,A,0,B,0.5,0.33,0.4,0.5,0.05,0.05,470,1.974e-05,0,0.4,D-rand,0.5
6946,A,0,A,0.58,0.46,0.58,0.39,0.02,0.01,484,2.0328000000000003e-05,1,0.58,D-rand,0.58
6948,C,2,C,0.37,0.15,0.25,0.13,0.37,0.25,429,1.8018000000000003e-05,1,0.37,D-rand,0.37
6951,C,2,C,0.78,0.7000000000000001,0.18,0.02,0.78,0.02,421,1.7682e-05,1,0.78,D-rand,0.78
6950,B,1,A,0.62,0.49,0.62,0.22,0.12,0.04,491,2.0622e-05,0,0.22,D-rand,0.62
6949,A,0,A,0.46,0.28,0.46,0.25,0.24,0.05,493,2.0706000000000005e-05,1,0.46,D-rand,0.46
6952,A,0,A,0.86,0.81,0.86,0.11,0.02,0.01,408,1.7136e-05,1,0.86,D-rand,0.86
6953,C,2,C,0.48,0.31,0.34,0.14,0.48,0.04,436,1.8312e-05,1,0.48,D-rand,0.48
6954,A,0,A,1.0,1.0,1.0,0.0,0.0,0.0,491,2.0622e-05,1,1.0,D-rand,1.0
6956,B,1,A,0.51,0.35,0.51,0.27,0.11,0.11,510,2.142e-05,0,0.27,D-rand,0.51
6961,B,1,B,0.35,0.13,0.34,0.35,0.16,0.15,474,1.9908000000000003e-05,1,0.35,D-rand,0.35
6955,A,0,A,0.84,0.8,0.84,0.1,0.01,0.05,437,1.8354e-05,1,0.84,D-rand,0.84
6957,A,0,A,0.86,0.81,0.86,0.01,0.1,0.03,436,1.8312e-05,1,0.86,D-rand,0.86
6960,C,2,D,0.53,0.37,0.07,0.04,0.36,0.53,476,1.9992e-05,0,0.36,D-rand,0.53
6962,A,0,A,1.0,0.99,1.0,0.0,0.0,0.0,499,2.0958e-05,1,1.0,D-rand,1.0
6959,A,0,D,0.47,0.31,0.36,0.06,0.11,0.47,444,1.8648e-05,0,0.36,D-rand,0.47
6965,B,1,B,0.9,0.86,0.05,0.9,0.03,0.02,518,2.1756000000000003e-05,1,0.9,D-rand,0.9
6966,C,2,C,0.8300000000000001,0.77,0.1,0.06,0.8300000000000001,0.01,486,2.0412e-05,1,0.8300000000000001,D-rand,0.8300000000000001
6969,A,0,D,0.38,0.19,0.17,0.16,0.29,0.38,461,1.9362e-05,0,0.17,D-rand,0.38
6970,D,3,D,0.96,0.95,0.01,0.01,0.02,0.96,429,1.8018000000000003e-05,1,0.96,D-rand,0.96
6971,D,3,D,0.38,0.16,0.35,0.07,0.2,0.38,443,1.8606e-05,1,0.38,D-rand,0.38
6967,B,1,B,0.47,0.29,0.4,0.47,0.06,0.07,468,1.9656000000000003e-05,1,0.47,D-rand,0.47
6973,C,2,C,0.98,0.97,0.01,0.01,0.98,0.0,461,1.9362e-05,1,0.98,D-rand,0.98
6972,C,2,C,0.8300000000000001,0.78,0.09,0.02,0.8300000000000001,0.06,461,1.9362e-05,1,0.8300000000000001,D-rand,0.8300000000000001
6974,D,3,D,0.84,0.79,0.1,0.02,0.04,0.84,449,1.8858e-05,1,0.84,D-rand,0.84
6977,D,3,D,1.0,0.99,0.0,0.0,0.0,1.0,450,1.89e-05,1,1.0,D-rand,1.0
6978,B,1,B,0.49,0.31,0.12,0.49,0.37,0.02,461,1.9362e-05,1,0.49,D-rand,0.49
6976,C,2,C,0.8200000000000001,0.75,0.06,0.09,0.8200000000000001,0.03,508,2.1336e-05,1,0.8200000000000001,D-rand,0.8200000000000001
6975,C,2,B,0.47,0.29,0.03,0.47,0.08,0.42,559,2.3478e-05,0,0.08,D-rand,0.47
6979,D,3,A,0.44,0.26,0.44,0.15,0.09,0.32,438,1.8396e-05,0,0.32,D-rand,0.44
6980,C,2,A,0.54,0.38,0.54,0.07,0.37,0.02,525,2.2050000000000004e-05,0,0.37,D-rand,0.54
6981,D,3,A,0.51,0.35,0.51,0.12,0.17,0.2,428,1.7976000000000002e-05,0,0.2,D-rand,0.51
6984,B,1,B,0.56,0.41,0.01,0.56,0.27,0.16,490,2.058e-05,1,0.56,D-rand,0.56
6982,D,3,D,0.89,0.85,0.04,0.03,0.04,0.89,423,1.7766000000000002e-05,1,0.89,D-rand,0.89
6985,D,3,D,0.97,0.95,0.01,0.02,0.0,0.97,441,1.8522000000000003e-05,1,0.97,D-rand,0.97
6989,A,0,A,0.88,0.8300000000000001,0.88,0.05,0.03,0.04,486,2.0412e-05,1,0.88,D-rand,0.88
6988,D,3,D,0.5,0.33,0.35,0.14,0.01,0.5,453,1.9026000000000004e-05,1,0.5,D-rand,0.5
6990,C,2,A,0.79,0.73,0.79,0.07,0.07,0.07,469,1.9698e-05,0,0.07,D-rand,0.79
6986,C,2,C,0.68,0.5700000000000001,0.3,0.01,0.68,0.01,412,1.7304000000000002e-05,1,0.68,D-rand,0.68
6991,D,3,B,0.68,0.5700000000000001,0.07,0.68,0.16,0.09,483,2.0286e-05,0,0.09,D-rand,0.68
6995,D,3,D,0.8,0.73,0.03,0.04,0.13,0.8,434,1.8228e-05,1,0.8,D-rand,0.8
6992,B,1,B,0.77,0.6900000000000001,0.09,0.77,0.05,0.09,432,1.8144e-05,1,0.77,D-rand,0.77
6994,C,2,A,0.43,0.24,0.43,0.34,0.13,0.1,510,2.142e-05,0,0.13,D-rand,0.43
6997,A,0,A,0.37,0.15,0.37,0.31,0.08,0.24,433,1.8186e-05,1,0.37,D-rand,0.37
6996,A,0,B,0.52,0.36,0.38,0.52,0.06,0.04,445,1.869e-05,0,0.38,D-rand,0.52
6999,C,2,C,0.71,0.6000000000000001,0.06,0.02,0.71,0.21,434,1.8228e-05,1,0.71,D-rand,0.71
6998,C,2,C,0.58,0.44,0.06,0.33,0.58,0.03,444,1.8648e-05,1,0.58,D-rand,0.58
7000,B,1,B,0.84,0.78,0.06,0.84,0.09,0.01,466,1.9572e-05,1,0.84,D-rand,0.84
7003,B,1,B,0.81,0.75,0.04,0.81,0.06,0.09,505,2.121e-05,1,0.81,D-rand,0.81
7002,C,2,C,0.45,0.26,0.33,0.03,0.45,0.19,522,2.1924e-05,1,0.45,D-rand,0.45
7001,B,1,B,0.99,0.98,0.0,0.99,0.01,0.0,458,1.9236e-05,1,0.99,D-rand,0.99
7004,C,2,A,0.6000000000000001,0.45,0.6000000000000001,0.07,0.24,0.09,480,2.016e-05,0,0.24,D-rand,0.6000000000000001
7005,C,2,B,0.48,0.3,0.18,0.48,0.29,0.05,475,1.9950000000000004e-05,0,0.29,D-rand,0.48
7006,C,2,C,0.88,0.84,0.08,0.03,0.88,0.01,443,1.8606e-05,1,0.88,D-rand,0.88
7007,C,2,C,0.54,0.39,0.19,0.04,0.54,0.23,438,1.8396e-05,1,0.54,D-rand,0.54
7008,D,3,D,0.87,0.8200000000000001,0.07,0.01,0.05,0.87,442,1.8564e-05,1,0.87,D-rand,0.87
7010,D,3,D,0.46,0.29,0.13,0.04,0.37,0.46,445,1.869e-05,1,0.46,D-rand,0.46
7009,C,2,C,0.98,0.96,0.01,0.01,0.98,0.0,518,2.1756000000000003e-05,1,0.98,D-rand,0.98
7012,A,0,A,0.98,0.98,0.98,0.01,0.0,0.01,446,1.8732000000000003e-05,1,0.98,D-rand,0.98
7014,D,3,C,0.8,0.73,0.03,0.04,0.8,0.13,496,2.0832000000000003e-05,0,0.13,D-rand,0.8
7011,D,3,D,0.46,0.27,0.45,0.05,0.04,0.46,423,1.7766000000000002e-05,1,0.46,D-rand,0.46
7015,D,3,D,0.8300000000000001,0.78,0.03,0.03,0.11,0.8300000000000001,459,1.9278e-05,1,0.8300000000000001,D-rand,0.8300000000000001
7013,A,0,A,0.73,0.65,0.73,0.13,0.04,0.1,460,1.932e-05,1,0.73,D-rand,0.73
7017,B,1,B,1.0,1.0,0.0,1.0,0.0,0.0,503,2.1126e-05,1,1.0,D-rand,1.0
7016,B,1,B,0.85,0.79,0.06,0.85,0.03,0.06,489,2.0538e-05,1,0.85,D-rand,0.85
7018,D,3,C,0.59,0.47,0.16,0.02,0.59,0.23,470,1.974e-05,0,0.23,D-rand,0.59
7021,A,0,A,0.88,0.8300000000000001,0.88,0.08,0.02,0.02,447,1.8774000000000004e-05,1,0.88,D-rand,0.88
7022,B,1,A,0.54,0.39,0.54,0.06,0.34,0.05,448,1.8816000000000004e-05,0,0.06,D-rand,0.54
7019,C,2,C,1.0,0.99,0.0,0.0,1.0,0.0,526,2.2092e-05,1,1.0,D-rand,1.0
7024,D,3,D,0.66,0.54,0.21,0.08,0.05,0.66,460,1.932e-05,1,0.66,D-rand,0.66
7023,B,1,A,0.49,0.32,0.49,0.24,0.06,0.21,435,1.827e-05,0,0.24,D-rand,0.49
7025,B,1,B,0.96,0.94,0.03,0.96,0.0,0.01,459,1.9278e-05,1,0.96,D-rand,0.96
7026,A,0,A,1.0,1.0,1.0,0.0,0.0,0.0,535,2.247e-05,1,1.0,D-rand,1.0
7027,D,3,D,0.87,0.8300000000000001,0.1,0.02,0.01,0.87,486,2.0412e-05,1,0.87,D-rand,0.87
7031,D,3,D,0.8300000000000001,0.78,0.04,0.02,0.11,0.8300000000000001,499,2.0958e-05,1,0.8300000000000001,D-rand,0.8300000000000001
7030,B,1,B,1.0,0.99,0.0,1.0,0.0,0.0,423,1.7766000000000002e-05,1,1.0,D-rand,1.0
7028,B,1,B,1.0,0.99,0.0,1.0,0.0,0.0,506,2.1252000000000003e-05,1,1.0,D-rand,1.0
7029,D,3,A,0.95,0.92,0.95,0.0,0.0,0.05,470,1.974e-05,0,0.05,D-rand,0.95
7034,A,0,A,0.93,0.9,0.93,0.06,0.0,0.01,506,2.1252000000000003e-05,1,0.93,D-rand,0.93
7033,A,0,A,0.91,0.88,0.91,0.01,0.06,0.02,499,2.0958e-05,1,0.91,D-rand,0.91
7036,B,1,B,0.97,0.97,0.02,0.97,0.01,0.0,467,1.9614e-05,1,0.97,D-rand,0.97
7032,A,0,A,1.0,1.0,1.0,0.0,0.0,0.0,452,1.8984000000000003e-05,1,1.0,D-rand,1.0
7038,B,1,D,0.39,0.2,0.17,0.23,0.21,0.39,462,1.9404e-05,0,0.23,D-rand,0.39
7039,A,0,B,0.85,0.8,0.06,0.85,0.04,0.05,477,2.0034e-05,0,0.06,D-rand,0.85
7041,C,2,C,0.95,0.93,0.04,0.0,0.95,0.01,442,1.8564e-05,1,0.95,D-rand,0.95
7042,C,2,C,0.91,0.88,0.06,0.01,0.91,0.02,443,1.8606e-05,1,0.91,D-rand,0.91
7043,C,2,C,0.49,0.32,0.28,0.02,0.49,0.21,523,2.1966000000000003e-05,1,0.49,D-rand,0.49
7044,A,0,A,0.92,0.9,0.92,0.03,0.02,0.03,484,2.0328000000000003e-05,1,0.92,D-rand,0.92
7046,C,2,C,0.79,0.72,0.07,0.05,0.79,0.09,441,1.8522000000000003e-05,1,0.79,D-rand,0.79
7045,D,3,A,0.34,0.12,0.34,0.1,0.24,0.32,431,1.8102e-05,0,0.32,D-rand,0.34
7049,C,2,C,0.8,0.73,0.17,0.02,0.8,0.01,441,1.8522000000000003e-05,1,0.8,D-rand,0.8
7051,B,1,A,0.73,0.64,0.73,0.24,0.02,0.01,433,1.8186e-05,0,0.24,D-rand,0.73
7047,A,0,B,0.73,0.64,0.2,0.73,0.04,0.03,440,1.848e-05,0,0.2,D-rand,0.73
7048,A,0,D,0.61,0.48,0.21,0.07,0.11,0.61,465,1.953e-05,0,0.21,D-rand,0.61
7052,D,3,D,0.81,0.75,0.08,0.08,0.02,0.81,455,1.911e-05,1,0.81,D-rand,0.81
7054,A,0,A,0.3,0.06,0.3,0.28,0.27,0.15,474,1.9908000000000003e-05,1,0.3,D-rand,0.3
7055,A,0,A,0.98,0.97,0.98,0.0,0.01,0.01,545,2.2890000000000003e-05,1,0.98,D-rand,0.98
7057,A,0,A,0.98,0.98,0.98,0.01,0.0,0.01,467,1.9614e-05,1,0.98,D-rand,0.98
7058,C,2,C,0.5,0.33,0.29,0.16,0.5,0.05,486,2.0412e-05,1,0.5,D-rand,0.5
7056,A,0,A,0.94,0.92,0.94,0.01,0.01,0.04,435,1.827e-05,1,0.94,D-rand,0.94
7059,A,0,A,0.61,0.48,0.61,0.16,0.2,0.03,446,1.8732000000000003e-05,1,0.61,D-rand,0.61
7060,D,3,A,0.8200000000000001,0.76,0.8200000000000001,0.02,0.08,0.08,534,2.2428e-05,0,0.08,D-rand,0.8200000000000001
7061,B,1,D,0.87,0.8200000000000001,0.03,0.03,0.07,0.87,490,2.058e-05,0,0.03,D-rand,0.87
7062,A,0,A,0.98,0.97,0.98,0.0,0.0,0.02,499,2.0958e-05,1,0.98,D-rand,0.98
7064,B,1,B,0.99,0.98,0.01,0.99,0.0,0.0,437,1.8354e-05,1,0.99,D-rand,0.99
7065,A,0,A,0.61,0.48,0.61,0.07,0.27,0.05,452,1.8984000000000003e-05,1,0.61,D-rand,0.61
7067,D,3,D,0.71,0.62,0.09,0.04,0.16,0.71,486,2.0412e-05,1,0.71,D-rand,0.71
7063,A,0,B,0.37,0.16,0.26,0.37,0.06,0.31,472,1.9824e-05,0,0.26,D-rand,0.37
7068,C,2,C,0.7000000000000001,0.59,0.24,0.02,0.7000000000000001,0.04,405,1.701e-05,1,0.7000000000000001,D-rand,0.7000000000000001
7069,B,1,D,0.5,0.33,0.04,0.17,0.29,0.5,530,2.226e-05,0,0.17,D-rand,0.5
7070,D,3,A,0.44,0.25,0.44,0.24,0.21,0.11,443,1.8606e-05,0,0.11,D-rand,0.44
7074,D,3,A,0.47,0.29,0.47,0.14,0.29,0.1,435,1.827e-05,0,0.1,D-rand,0.47
7077,A,0,B,0.3,0.07,0.3,0.3,0.1,0.3,480,2.016e-05,0,0.3,D-rand,0.3
7078,B,1,B,0.399999999999999,0.21,0.21,0.399999999999999,0.34,0.05,443,1.8606e-05,1,0.399999999999999,D-rand,0.399999999999999
7075,C,2,C,0.79,0.72,0.17,0.02,0.79,0.02,434,1.8228e-05,1,0.79,D-rand,0.79
7080,B,1,C,0.78,0.71,0.08,0.03,0.78,0.11,420,1.764e-05,0,0.03,D-rand,0.78
7081,A,0,D,0.51,0.35,0.29,0.04,0.16,0.51,503,2.1126e-05,0,0.29,D-rand,0.51
7079,D,3,D,0.95,0.94,0.04,0.0,0.01,0.95,453,1.9026000000000004e-05,1,0.95,D-rand,0.95
7083,C,2,C,0.68,0.5700000000000001,0.07,0.07,0.68,0.18,516,2.1672000000000005e-05,1,0.68,D-rand,0.68
7082,D,3,C,0.8300000000000001,0.77,0.06,0.01,0.8300000000000001,0.1,455,1.911e-05,0,0.1,D-rand,0.8300000000000001
7086,D,3,D,0.98,0.97,0.02,0.0,0.0,0.98,449,1.8858e-05,1,0.98,D-rand,0.98
7087,D,3,D,0.84,0.8,0.1,0.05,0.01,0.84,465,1.953e-05,1,0.84,D-rand,0.84
7084,B,1,C,0.47,0.3,0.19,0.3,0.47,0.04,412,1.7304000000000002e-05,0,0.3,D-rand,0.47
7090,B,1,B,0.91,0.88,0.06,0.91,0.01,0.02,438,1.8396e-05,1,0.91,D-rand,0.91
7088,D,3,C,0.37,0.16,0.25,0.07,0.37,0.31,509,2.1378e-05,0,0.31,D-rand,0.37
7091,D,3,D,0.58,0.43,0.14,0.07,0.21,0.58,507,2.1294e-05,1,0.58,D-rand,0.58
7093,C,2,C,1.0,1.0,0.0,0.0,1.0,0.0,460,1.932e-05,1,1.0,D-rand,1.0
7094,B,1,B,0.55,0.42,0.07,0.55,0.3,0.08,484,2.0328000000000003e-05,1,0.55,D-rand,0.55
7096,A,0,A,0.52,0.37,0.52,0.01,0.01,0.46,467,1.9614e-05,1,0.52,D-rand,0.52
7099,D,3,D,1.0,1.0,0.0,0.0,0.0,1.0,457,1.9194000000000003e-05,1,1.0,D-rand,1.0
7097,A,0,A,0.95,0.92,0.95,0.03,0.02,0.0,414,1.7388e-05,1,0.95,D-rand,0.95
7095,A,0,A,0.66,0.55,0.66,0.22,0.06,0.06,479,2.0118000000000003e-05,1,0.66,D-rand,0.66
7101,C,2,C,1.0,1.0,0.0,0.0,1.0,0.0,489,2.0538e-05,1,1.0,D-rand,1.0
7100,B,1,B,0.88,0.84,0.08,0.88,0.01,0.03,469,1.9698e-05,1,0.88,D-rand,0.88
7102,A,0,D,0.6000000000000001,0.46,0.07,0.06,0.27,0.6000000000000001,451,1.8942000000000003e-05,0,0.07,D-rand,0.6000000000000001
7103,A,0,B,0.52,0.35,0.36,0.52,0.1,0.02,487,2.0454e-05,0,0.36,D-rand,0.52
7105,C,2,C,0.81,0.75,0.05,0.13,0.81,0.01,560,2.352e-05,1,0.81,D-rand,0.81
7110,C,2,C,1.0,0.99,0.0,0.0,1.0,0.0,427,1.7934e-05,1,1.0,D-rand,1.0
7111,B,1,B,1.0,1.0,0.0,1.0,0.0,0.0,505,2.121e-05,1,1.0,D-rand,1.0
7107,C,2,D,0.43,0.24,0.13,0.23,0.21,0.43,428,1.7976000000000002e-05,0,0.21,D-rand,0.43
7112,D,3,C,0.48,0.31,0.1,0.11,0.48,0.31,468,1.9656000000000003e-05,0,0.31,D-rand,0.48
7106,A,0,A,1.0,1.0,1.0,0.0,0.0,0.0,492,2.0664e-05,1,1.0,D-rand,1.0
7113,A,0,A,1.0,0.99,1.0,0.0,0.0,0.0,546,2.2932000000000003e-05,1,1.0,D-rand,1.0
7114,A,0,A,0.71,0.6000000000000001,0.71,0.08,0.18,0.03,444,1.8648e-05,1,0.71,D-rand,0.71
7115,C,2,C,0.58,0.43,0.18,0.18,0.58,0.06,452,1.8984000000000003e-05,1,0.58,D-rand,0.58
7119,B,1,B,0.58,0.44,0.26,0.58,0.12,0.04,445,1.869e-05,1,0.58,D-rand,0.58
7116,B,1,B,0.52,0.36,0.23,0.52,0.02,0.23,552,2.3184000000000004e-05,1,0.52,D-rand,0.52
7120,A,0,A,0.8200000000000001,0.76,0.8200000000000001,0.16,0.01,0.01,514,2.1588e-05,1,0.8200000000000001,D-rand,0.8200000000000001
7121,D,3,D,0.63,0.49,0.08,0.05,0.24,0.63,427,1.7934e-05,1,0.63,D-rand,0.63
7117,A,0,A,0.52,0.36,0.52,0.13,0.14,0.21,470,1.974e-05,1,0.52,D-rand,0.52
7123,C,2,C,0.62,0.49,0.31,0.01,0.62,0.06,452,1.8984000000000003e-05,1,0.62,D-rand,0.62
7124,C,2,B,0.37,0.16,0.11,0.37,0.19,0.33,448,1.8816000000000004e-05,0,0.19,D-rand,0.37
7127,C,2,C,1.0,1.0,0.0,0.0,1.0,0.0,424,1.7808000000000003e-05,1,1.0,D-rand,1.0
7125,A,0,C,0.8,0.72,0.15,0.03,0.8,0.02,469,1.9698e-05,0,0.15,D-rand,0.8
7129,B,1,B,0.65,0.53,0.22,0.65,0.05,0.08,428,1.7976000000000002e-05,1,0.65,D-rand,0.65
7128,B,1,B,1.0,0.99,0.0,1.0,0.0,0.0,475,1.9950000000000004e-05,1,1.0,D-rand,1.0
7131,B,1,A,0.33,0.11,0.33,0.29,0.21,0.17,483,2.0286e-05,0,0.29,D-rand,0.33
7130,D,3,A,0.4,0.2,0.4,0.04,0.39,0.17,492,2.0664e-05,0,0.17,D-rand,0.4
7132,C,2,C,0.51,0.35,0.22,0.24,0.51,0.03,429,1.8018000000000003e-05,1,0.51,D-rand,0.51
7133,B,1,D,0.48,0.3,0.09,0.34,0.09,0.48,474,1.9908000000000003e-05,0,0.34,D-rand,0.48
7137,A,0,B,0.46,0.27,0.44,0.46,0.09,0.01,456,1.9152e-05,0,0.44,D-rand,0.46
7136,B,1,C,0.72,0.62,0.12,0.14,0.72,0.02,504,2.1168e-05,0,0.14,D-rand,0.72
7135,C,2,C,0.54,0.38,0.26,0.15,0.54,0.05,431,1.8102e-05,1,0.54,D-rand,0.54
7139,D,3,D,0.95,0.94,0.01,0.01,0.03,0.95,475,1.9950000000000004e-05,1,0.95,D-rand,0.95
7138,A,0,C,0.66,0.55,0.24,0.04,0.66,0.06,478,2.0076e-05,0,0.24,D-rand,0.66
7140,C,2,C,0.99,0.98,0.01,0.0,0.99,0.0,468,1.9656000000000003e-05,1,0.99,D-rand,0.99
7142,B,1,A,0.46,0.28,0.46,0.35,0.11,0.08,489,2.0538e-05,0,0.35,D-rand,0.46
7141,A,0,A,0.45,0.26,0.45,0.07,0.19,0.29,436,1.8312e-05,1,0.45,D-rand,0.45
7143,A,0,B,0.8200000000000001,0.77,0.07,0.8200000000000001,0.03,0.08,462,1.9404e-05,0,0.07,D-rand,0.8200000000000001
7145,A,0,A,0.41,0.22,0.41,0.03,0.39,0.17,447,1.8774000000000004e-05,1,0.41,D-rand,0.41
7149,D,3,D,0.62,0.51,0.08,0.06,0.24,0.62,461,1.9362e-05,1,0.62,D-rand,0.62
7144,D,3,A,0.64,0.52,0.64,0.14,0.05,0.17,440,1.848e-05,0,0.17,D-rand,0.64
7147,A,0,A,0.53,0.37,0.53,0.19,0.22,0.06,458,1.9236e-05,1,0.53,D-rand,0.53
7151,C,2,C,0.87,0.8300000000000001,0.04,0.08,0.87,0.01,432,1.8144e-05,1,0.87,D-rand,0.87
7150,D,3,D,0.7000000000000001,0.6000000000000001,0.2,0.04,0.06,0.7000000000000001,514,2.1588e-05,1,0.7000000000000001,D-rand,0.7000000000000001
7152,C,2,C,0.43,0.25,0.12,0.36,0.43,0.09,439,1.8438e-05,1,0.43,D-rand,0.43
7153,D,3,D,0.78,0.7000000000000001,0.02,0.13,0.07,0.78,449,1.8858e-05,1,0.78,D-rand,0.78
7154,C,2,C,0.78,0.71,0.04,0.13,0.78,0.05,482,2.0244e-05,1,0.78,D-rand,0.78
7156,C,2,C,0.81,0.74,0.09,0.03,0.81,0.07,468,1.9656000000000003e-05,1,0.81,D-rand,0.81
7157,C,2,C,0.98,0.97,0.02,0.0,0.98,0.0,431,1.8102e-05,1,0.98,D-rand,0.98
7159,C,2,B,0.52,0.35,0.32,0.52,0.15,0.01,633,2.6586e-05,0,0.15,D-rand,0.52
7155,A,0,D,0.38,0.17,0.21,0.23,0.18,0.38,461,1.9362e-05,0,0.21,D-rand,0.38
7158,D,3,D,1.0,1.0,0.0,0.0,0.0,1.0,441,1.8522000000000003e-05,1,1.0,D-rand,1.0
7160,B,1,B,0.93,0.9,0.01,0.93,0.05,0.01,477,2.0034e-05,1,0.93,D-rand,0.93
7161,C,2,C,0.95,0.94,0.03,0.01,0.95,0.01,455,1.911e-05,1,0.95,D-rand,0.95
7162,B,1,B,0.68,0.58,0.26,0.68,0.03,0.03,485,2.037e-05,1,0.68,D-rand,0.68
7163,A,0,A,0.75,0.67,0.75,0.13,0.06,0.06,454,1.9068e-05,1,0.75,D-rand,0.75
7164,B,1,B,0.88,0.84,0.05,0.88,0.05,0.02,508,2.1336e-05,1,0.88,D-rand,0.88
7167,C,2,C,0.8200000000000001,0.77,0.01,0.13,0.8200000000000001,0.04,480,2.016e-05,1,0.8200000000000001,D-rand,0.8200000000000001
7168,D,3,D,0.86,0.81,0.09,0.02,0.03,0.86,465,1.953e-05,1,0.86,D-rand,0.86
7165,B,1,B,0.99,0.97,0.01,0.99,0.0,0.0,482,2.0244e-05,1,0.99,D-rand,0.99
7166,A,0,C,0.4,0.2,0.35,0.21,0.4,0.04,426,1.7892000000000004e-05,0,0.35,D-rand,0.4
7169,D,3,C,0.66,0.54,0.06,0.12,0.66,0.16,492,2.0664e-05,0,0.16,D-rand,0.66
7171,C,2,A,0.86,0.81,0.86,0.02,0.06,0.06,510,2.142e-05,0,0.06,D-rand,0.86
7170,B,1,B,0.84,0.79,0.02,0.84,0.07,0.07,496,2.0832000000000003e-05,1,0.84,D-rand,0.84
7177,D,3,C,0.64,0.5,0.31,0.02,0.64,0.03,486,2.0412e-05,0,0.03,D-rand,0.64
7176,C,2,D,0.8,0.73,0.04,0.11,0.05,0.8,488,2.0496e-05,0,0.05,D-rand,0.8
7175,A,0,A,0.77,0.7000000000000001,0.77,0.18,0.03,0.02,453,1.9026000000000004e-05,1,0.77,D-rand,0.77
7174,D,3,D,0.95,0.94,0.02,0.02,0.01,0.95,529,2.2218000000000003e-05,1,0.95,D-rand,0.95
7178,C,2,C,0.8,0.74,0.11,0.03,0.8,0.06,500,2.1e-05,1,0.8,D-rand,0.8
7179,A,0,C,0.42,0.22,0.31,0.14,0.42,0.13,436,1.8312e-05,0,0.31,D-rand,0.42
7182,B,1,B,0.44,0.25,0.2,0.44,0.12,0.24,446,1.8732000000000003e-05,1,0.44,D-rand,0.44
7180,D,3,A,0.34,0.11,0.34,0.09,0.32,0.25,413,1.7346e-05,0,0.25,D-rand,0.34
7183,A,0,A,0.7000000000000001,0.6000000000000001,0.7000000000000001,0.01,0.01,0.28,486,2.0412e-05,1,0.7000000000000001,D-rand,0.7000000000000001
7181,C,2,C,0.49,0.33,0.16,0.25,0.49,0.1,461,1.9362e-05,1,0.49,D-rand,0.49
7185,B,1,B,0.93,0.9,0.01,0.93,0.0,0.06,462,1.9404e-05,1,0.93,D-rand,0.93
7184,D,3,D,0.98,0.97,0.01,0.0,0.01,0.98,456,1.9152e-05,1,0.98,D-rand,0.98
7188,C,2,C,0.61,0.48,0.07,0.13,0.61,0.19,485,2.037e-05,1,0.61,D-rand,0.61
7186,B,1,B,0.98,0.97,0.01,0.98,0.0,0.01,444,1.8648e-05,1,0.98,D-rand,0.98
7189,B,1,A,0.8300000000000001,0.77,0.8300000000000001,0.04,0.1,0.03,479,2.0118000000000003e-05,0,0.04,D-rand,0.8300000000000001
7190,B,1,C,0.79,0.72,0.06,0.11,0.79,0.04,567,2.3814000000000003e-05,0,0.11,D-rand,0.79
7191,D,3,D,0.98,0.97,0.02,0.0,0.0,0.98,443,1.8606e-05,1,0.98,D-rand,0.98
7193,B,1,C,0.48,0.3,0.08,0.4,0.48,0.04,492,2.0664e-05,0,0.4,D-rand,0.48
7192,B,1,B,0.74,0.64,0.18,0.74,0.07,0.01,441,1.8522000000000003e-05,1,0.74,D-rand,0.74
7194,C,2,C,0.43,0.24,0.22,0.26,0.43,0.09,532,2.2344e-05,1,0.43,D-rand,0.43
7200,A,0,D,0.54,0.38,0.38,0.03,0.05,0.54,472,1.9824e-05,0,0.38,D-rand,0.54
7198,B,1,B,0.86,0.8200000000000001,0.06,0.86,0.07,0.01,476,1.9992e-05,1,0.86,D-rand,0.86
7197,C,2,A,0.41,0.21,0.41,0.23,0.18,0.18,446,1.8732000000000003e-05,0,0.18,D-rand,0.41
7195,D,3,A,0.33,0.12,0.33,0.13,0.29,0.25,477,2.0034e-05,0,0.25,D-rand,0.33
7199,A,0,A,0.8300000000000001,0.77,0.8300000000000001,0.02,0.13,0.02,490,2.058e-05,1,0.8300000000000001,D-rand,0.8300000000000001
7202,D,3,B,0.42,0.23,0.29,0.42,0.09,0.2,565,2.3730000000000005e-05,0,0.2,D-rand,0.42
7201,D,3,D,0.58,0.43,0.07,0.16,0.19,0.58,461,1.9362e-05,1,0.58,D-rand,0.58
7204,A,0,B,0.61,0.48,0.2,0.61,0.15,0.04,468,1.9656000000000003e-05,0,0.2,D-rand,0.61
7208,B,1,A,0.43,0.24,0.43,0.35,0.02,0.2,495,2.0790000000000003e-05,0,0.35,D-rand,0.43
7205,C,2,C,0.91,0.88,0.04,0.03,0.91,0.02,449,1.8858e-05,1,0.91,D-rand,0.91
7213,A,0,A,0.95,0.93,0.95,0.01,0.0,0.04,465,1.953e-05,1,0.95,D-rand,0.95
7206,B,1,D,0.61,0.48,0.11,0.23,0.05,0.61,461,1.9362e-05,0,0.23,D-rand,0.61
7211,B,1,B,0.61,0.48,0.08,0.61,0.15,0.16,415,1.743e-05,1,0.61,D-rand,0.61
7209,D,3,D,0.98,0.97,0.02,0.0,0.0,0.98,448,1.8816000000000004e-05,1,0.98,D-rand,0.98
7214,B,1,C,0.41,0.22,0.08,0.39,0.41,0.12,500,2.1e-05,0,0.39,D-rand,0.41
7215,A,0,A,0.68,0.58,0.68,0.06,0.23,0.03,432,1.8144e-05,1,0.68,D-rand,0.68
7216,C,2,C,0.75,0.66,0.03,0.12,0.75,0.1,459,1.9278e-05,1,0.75,D-rand,0.75
7217,C,2,B,0.53,0.37,0.07,0.53,0.14,0.26,452,1.8984000000000003e-05,0,0.14,D-rand,0.53
7220,A,0,A,0.99,0.99,0.99,0.0,0.01,0.0,458,1.9236e-05,1,0.99,D-rand,0.99
7221,A,0,A,0.95,0.93,0.95,0.01,0.0,0.04,434,1.8228e-05,1,0.95,D-rand,0.95
7218,D,3,D,0.81,0.75,0.05,0.13,0.01,0.81,497,2.0874000000000004e-05,1,0.81,D-rand,0.81
7222,D,3,D,0.95,0.94,0.01,0.03,0.01,0.95,472,1.9824e-05,1,0.95,D-rand,0.95
7224,B,1,B,1.0,1.0,0.0,1.0,0.0,0.0,432,1.8144e-05,1,1.0,D-rand,1.0
7223,A,0,A,0.84,0.78,0.84,0.02,0.05,0.09,453,1.9026000000000004e-05,1,0.84,D-rand,0.84
7225,D,3,D,0.99,0.98,0.0,0.01,0.0,0.99,452,1.8984000000000003e-05,1,0.99,D-rand,0.99
7226,A,0,A,0.43,0.24,0.43,0.26,0.24,0.07,457,1.9194000000000003e-05,1,0.43,D-rand,0.43
7228,A,0,D,0.33,0.11,0.33,0.25,0.09,0.33,447,1.8774000000000004e-05,0,0.33,D-rand,0.33
7229,A,0,A,0.99,0.98,0.99,0.01,0.0,0.0,483,2.0286e-05,1,0.99,D-rand,0.99
7227,C,2,B,0.44,0.27,0.1,0.44,0.4,0.06,450,1.89e-05,0,0.4,D-rand,0.44
7230,C,2,C,0.87,0.8300000000000001,0.02,0.0,0.87,0.11,482,2.0244e-05,1,0.87,D-rand,0.87
7231,D,3,D,1.0,1.0,0.0,0.0,0.0,1.0,473,1.9866000000000003e-05,1,1.0,D-rand,1.0
7233,B,1,B,0.38,0.18,0.25,0.38,0.26,0.11,489,2.0538e-05,1,0.38,D-rand,0.38
7232,C,2,C,0.65,0.52,0.13,0.03,0.65,0.19,500,2.1e-05,1,0.65,D-rand,0.65
7236,B,1,B,0.47,0.29,0.17,0.47,0.31,0.05,453,1.9026000000000004e-05,1,0.47,D-rand,0.47
7234,A,0,C,0.34,0.12,0.11,0.23,0.34,0.32,495,2.0790000000000003e-05,0,0.11,D-rand,0.34
7235,A,0,A,0.52,0.36,0.52,0.07,0.03,0.38,450,1.89e-05,1,0.52,D-rand,0.52
7238,C,2,D,0.44,0.25,0.17,0.05,0.34,0.44,489,2.0538e-05,0,0.34,D-rand,0.44
7237,D,3,D,0.73,0.64,0.22,0.01,0.04,0.73,494,2.0748000000000005e-05,1,0.73,D-rand,0.73
7239,D,3,D,0.95,0.94,0.03,0.01,0.01,0.95,430,1.8060000000000003e-05,1,0.95,D-rand,0.95
7240,D,3,D,0.97,0.95,0.0,0.0,0.03,0.97,512,2.1504e-05,1,0.97,D-rand,0.97
7243,A,0,C,0.56,0.42,0.38,0.02,0.56,0.03,467,1.9614e-05,0,0.38,D-rand,0.56
7241,A,0,A,0.99,0.99,0.99,0.01,0.0,0.0,446,1.8732000000000003e-05,1,0.99,D-rand,0.99
7242,A,0,A,0.97,0.95,0.97,0.0,0.0,0.03,514,2.1588e-05,1,0.97,D-rand,0.97
7248,A,0,A,0.42,0.22,0.42,0.23,0.24,0.11,448,1.8816000000000004e-05,1,0.42,D-rand,0.42
7247,A,0,A,0.87,0.8300000000000001,0.87,0.03,0.01,0.09,508,2.1336e-05,1,0.87,D-rand,0.87
7244,C,2,A,0.49,0.32,0.49,0.17,0.13,0.21,448,1.8816000000000004e-05,0,0.13,D-rand,0.49
7245,A,0,A,0.62,0.51,0.62,0.05,0.3,0.03,446,1.8732000000000003e-05,1,0.62,D-rand,0.62
7246,A,0,A,0.92,0.89,0.92,0.02,0.05,0.01,451,1.8942000000000003e-05,1,0.92,D-rand,0.92
7249,D,3,D,0.7000000000000001,0.59,0.16,0.04,0.1,0.7000000000000001,465,1.953e-05,1,0.7000000000000001,D-rand,0.7000000000000001
7251,A,0,A,0.72,0.62,0.72,0.03,0.03,0.22,474,1.9908000000000003e-05,1,0.72,D-rand,0.72
7252,A,0,C,0.92,0.89,0.02,0.03,0.92,0.03,549,2.3058e-05,0,0.02,D-rand,0.92
7254,B,1,B,0.85,0.79,0.06,0.85,0.08,0.01,472,1.9824e-05,1,0.85,D-rand,0.85
7255,D,3,D,1.0,1.0,0.0,0.0,0.0,1.0,560,2.352e-05,1,1.0,D-rand,1.0
7257,A,0,A,0.59,0.46,0.59,0.14,0.06,0.21,450,1.89e-05,1,0.59,D-rand,0.59
7253,D,3,A,0.59,0.47,0.59,0.07,0.11,0.23,526,2.2092e-05,0,0.23,D-rand,0.59
7256,D,3,C,0.3,0.07,0.2,0.29,0.3,0.21,453,1.9026000000000004e-05,0,0.21,D-rand,0.3
7259,D,3,D,0.78,0.7000000000000001,0.18,0.01,0.03,0.78,468,1.9656000000000003e-05,1,0.78,D-rand,0.78
7258,A,0,D,0.79,0.72,0.1,0.06,0.05,0.79,461,1.9362e-05,0,0.1,D-rand,0.79
7260,C,2,C,0.58,0.44,0.04,0.36,0.58,0.02,517,2.1714000000000003e-05,1,0.58,D-rand,0.58
7262,C,2,C,0.64,0.51,0.05,0.27,0.64,0.04,455,1.911e-05,1,0.64,D-rand,0.64
7261,B,1,C,0.64,0.52,0.22,0.09,0.64,0.05,455,1.911e-05,0,0.09,D-rand,0.64
7263,D,3,D,0.99,0.99,0.0,0.0,0.01,0.99,448,1.8816000000000004e-05,1,0.99,D-rand,0.99
7264,C,2,C,0.92,0.89,0.01,0.05,0.92,0.02,496,2.0832000000000003e-05,1,0.92,D-rand,0.92
7265,A,0,A,0.7000000000000001,0.6000000000000001,0.7000000000000001,0.05,0.08,0.17,493,2.0706000000000005e-05,1,0.7000000000000001,D-rand,0.7000000000000001
7266,B,1,B,0.96,0.96,0.01,0.96,0.01,0.02,490,2.058e-05,1,0.96,D-rand,0.96
7267,A,0,A,0.92,0.9,0.92,0.01,0.04,0.03,466,1.9572e-05,1,0.92,D-rand,0.92
7271,D,3,D,0.47,0.29,0.33,0.03,0.17,0.47,460,1.932e-05,1,0.47,D-rand,0.47
7273,B,1,A,0.47,0.3,0.47,0.22,0.08,0.23,496,2.0832000000000003e-05,0,0.22,D-rand,0.47
7272,C,2,C,0.48,0.31,0.12,0.17,0.48,0.23,477,2.0034e-05,1,0.48,D-rand,0.48
7268,B,1,B,0.85,0.8,0.02,0.85,0.1,0.03,428,1.7976000000000002e-05,1,0.85,D-rand,0.85
7274,C,2,B,0.86,0.81,0.02,0.86,0.11,0.01,436,1.8312e-05,0,0.11,D-rand,0.86
7275,A,0,A,0.96,0.95,0.96,0.0,0.01,0.03,476,1.9992e-05,1,0.96,D-rand,0.96
7277,A,0,B,0.53,0.36,0.18,0.53,0.11,0.18,434,1.8228e-05,0,0.18,D-rand,0.53
7279,B,1,B,0.98,0.97,0.01,0.98,0.01,0.0,403,1.6926000000000004e-05,1,0.98,D-rand,0.98
7276,A,0,B,0.49,0.31,0.36,0.49,0.09,0.06,433,1.8186e-05,0,0.36,D-rand,0.49
7280,D,3,D,0.92,0.9,0.01,0.03,0.04,0.92,425,1.7850000000000004e-05,1,0.92,D-rand,0.92
7278,C,2,C,0.52,0.36,0.15,0.18,0.52,0.15,431,1.8102e-05,1,0.52,D-rand,0.52
7282,C,2,B,0.81,0.74,0.02,0.81,0.16,0.01,489,2.0538e-05,0,0.16,D-rand,0.81
7281,D,3,C,0.38,0.17,0.27,0.04,0.38,0.31,478,2.0076e-05,0,0.31,D-rand,0.38
7284,B,1,D,0.55,0.41,0.22,0.12,0.11,0.55,420,1.764e-05,0,0.12,D-rand,0.55
7287,C,2,B,0.4,0.19,0.35,0.4,0.14,0.11,430,1.8060000000000003e-05,0,0.14,D-rand,0.4
7291,D,3,D,0.64,0.52,0.1,0.21,0.05,0.64,525,2.2050000000000004e-05,1,0.64,D-rand,0.64
7289,D,3,C,0.39,0.19,0.08,0.3,0.39,0.23,478,2.0076e-05,0,0.23,D-rand,0.39
7290,D,3,B,0.65,0.54,0.11,0.65,0.12,0.12,486,2.0412e-05,0,0.12,D-rand,0.65
7288,D,3,B,0.7000000000000001,0.6000000000000001,0.07,0.7000000000000001,0.1,0.13,470,1.974e-05,0,0.13,D-rand,0.7000000000000001
7292,C,2,C,0.6900000000000001,0.58,0.06,0.24,0.6900000000000001,0.01,453,1.9026000000000004e-05,1,0.6900000000000001,D-rand,0.6900000000000001
7294,D,3,D,0.5,0.34,0.14,0.19,0.17,0.5,472,1.9824e-05,1,0.5,D-rand,0.5
7296,B,1,C,0.39,0.19,0.16,0.38,0.39,0.07,437,1.8354e-05,0,0.38,D-rand,0.39
7293,A,0,A,0.92,0.9,0.92,0.03,0.03,0.02,469,1.9698e-05,1,0.92,D-rand,0.92
7297,A,0,A,0.97,0.96,0.97,0.0,0.0,0.03,503,2.1126e-05,1,0.97,D-rand,0.97
7298,A,0,A,0.66,0.55,0.66,0.02,0.01,0.31,419,1.7598000000000003e-05,1,0.66,D-rand,0.66
7299,C,2,C,0.49,0.33,0.11,0.37,0.49,0.03,449,1.8858e-05,1,0.49,D-rand,0.49
7302,A,0,A,0.97,0.95,0.97,0.03,0.0,0.0,453,1.9026000000000004e-05,1,0.97,D-rand,0.97
7300,A,0,B,0.37,0.16,0.13,0.37,0.36,0.14,444,1.8648e-05,0,0.13,D-rand,0.37
7304,A,0,A,0.99,0.98,0.99,0.01,0.0,0.0,434,1.8228e-05,1,0.99,D-rand,0.99
7303,A,0,A,0.96,0.93,0.96,0.0,0.0,0.04,444,1.8648e-05,1,0.96,D-rand,0.96
7305,C,2,C,0.96,0.95,0.03,0.01,0.96,0.0,452,1.8984000000000003e-05,1,0.96,D-rand,0.96
7306,C,2,C,0.74,0.65,0.05,0.02,0.74,0.19,439,1.8438e-05,1,0.74,D-rand,0.74
7311,A,0,C,0.33,0.11,0.27,0.08,0.33,0.32,491,2.0622e-05,0,0.27,D-rand,0.33
7307,D,3,D,0.78,0.71,0.09,0.08,0.05,0.78,455,1.911e-05,1,0.78,D-rand,0.78
7308,A,0,D,0.48,0.32,0.29,0.12,0.11,0.48,473,1.9866000000000003e-05,0,0.29,D-rand,0.48
7310,C,2,C,0.94,0.93,0.01,0.03,0.94,0.02,431,1.8102e-05,1,0.94,D-rand,0.94
7313,C,2,C,0.77,0.7000000000000001,0.13,0.07,0.77,0.03,472,1.9824e-05,1,0.77,D-rand,0.77
7312,B,1,A,0.44,0.25,0.44,0.14,0.05,0.37,453,1.9026000000000004e-05,0,0.14,D-rand,0.44
7316,D,3,D,0.68,0.58,0.04,0.13,0.14,0.68,473,1.9866000000000003e-05,1,0.68,D-rand,0.68
7314,B,1,D,0.75,0.67,0.14,0.08,0.03,0.75,451,1.8942000000000003e-05,0,0.08,D-rand,0.75
7317,B,1,B,1.0,1.0,0.0,1.0,0.0,0.0,495,2.0790000000000003e-05,1,1.0,D-rand,1.0
7320,C,2,A,0.5,0.34,0.5,0.17,0.13,0.2,466,1.9572e-05,0,0.13,D-rand,0.5
7318,A,0,A,0.77,0.6900000000000001,0.77,0.03,0.08,0.12,451,1.8942000000000003e-05,1,0.77,D-rand,0.77
7321,D,3,D,0.6000000000000001,0.47,0.12,0.12,0.16,0.6000000000000001,454,1.9068e-05,1,0.6000000000000001,D-rand,0.6000000000000001
7322,C,2,C,0.81,0.75,0.05,0.06,0.81,0.08,448,1.8816000000000004e-05,1,0.81,D-rand,0.81
7324,A,0,A,0.9,0.88,0.9,0.02,0.01,0.07,511,2.1462e-05,1,0.9,D-rand,0.9
7326,B,1,B,0.51,0.34,0.09,0.51,0.24,0.16,465,1.953e-05,1,0.51,D-rand,0.51
7327,C,2,A,0.52,0.36,0.52,0.03,0.36,0.09,450,1.89e-05,0,0.36,D-rand,0.52
7323,C,2,C,0.72,0.62,0.15,0.07,0.72,0.06,429,1.8018000000000003e-05,1,0.72,D-rand,0.72
7331,D,3,D,0.97,0.96,0.01,0.02,0.0,0.97,504,2.1168e-05,1,0.97,D-rand,0.97
7330,D,3,B,0.88,0.84,0.04,0.88,0.02,0.06,519,2.1798000000000004e-05,0,0.06,D-rand,0.88
7332,C,2,C,0.76,0.68,0.02,0.14,0.76,0.08,497,2.0874000000000004e-05,1,0.76,D-rand,0.76
7335,B,1,B,1.0,1.0,0.0,1.0,0.0,0.0,463,1.9446e-05,1,1.0,D-rand,1.0
7334,D,3,D,0.96,0.94,0.02,0.01,0.01,0.96,452,1.8984000000000003e-05,1,0.96,D-rand,0.96
7336,C,2,C,0.99,0.98,0.01,0.0,0.99,0.0,602,2.5284e-05,1,0.99,D-rand,0.99
7337,D,3,D,0.58,0.45,0.26,0.04,0.12,0.58,431,1.8102e-05,1,0.58,D-rand,0.58
7338,D,3,D,0.99,0.99,0.0,0.01,0.0,0.99,500,2.1e-05,1,0.99,D-rand,0.99
7340,B,1,D,0.58,0.44,0.06,0.27,0.09,0.58,479,2.0118000000000003e-05,0,0.27,D-rand,0.58
7341,C,2,A,0.58,0.45,0.58,0.05,0.13,0.24,435,1.827e-05,0,0.13,D-rand,0.58
7339,D,3,D,0.98,0.97,0.01,0.01,0.0,0.98,444,1.8648e-05,1,0.98,D-rand,0.98
7344,A,0,A,0.81,0.75,0.81,0.12,0.01,0.06,447,1.8774000000000004e-05,1,0.81,D-rand,0.81
7346,D,3,D,0.95,0.93,0.02,0.02,0.01,0.95,450,1.89e-05,1,0.95,D-rand,0.95
7342,C,2,C,0.93,0.9,0.05,0.01,0.93,0.01,444,1.8648e-05,1,0.93,D-rand,0.93
7349,A,0,A,1.0,1.0,1.0,0.0,0.0,0.0,467,1.9614e-05,1,1.0,D-rand,1.0
7343,A,0,A,0.94,0.92,0.94,0.01,0.04,0.01,495,2.0790000000000003e-05,1,0.94,D-rand,0.94
7348,D,3,D,0.93,0.9,0.02,0.03,0.02,0.93,517,2.1714000000000003e-05,1,0.93,D-rand,0.93
7351,D,3,D,0.95,0.94,0.02,0.02,0.01,0.95,569,2.3898000000000004e-05,1,0.95,D-rand,0.95
7350,B,1,A,0.66,0.54,0.66,0.3,0.02,0.02,425,1.7850000000000004e-05,0,0.3,D-rand,0.66
7352,D,3,D,0.43,0.24,0.13,0.41,0.03,0.43,473,1.9866000000000003e-05,1,0.43,D-rand,0.43
7356,C,2,C,0.36,0.15,0.25,0.2,0.36,0.19,452,1.8984000000000003e-05,1,0.36,D-rand,0.36
7353,D,3,A,0.46,0.28,0.46,0.08,0.19,0.27,511,2.1462e-05,0,0.27,D-rand,0.46
7357,A,0,A,0.47,0.28,0.47,0.23,0.26,0.04,482,2.0244e-05,1,0.47,D-rand,0.47
7359,C,2,D,0.71,0.61,0.06,0.05,0.18,0.71,463,1.9446e-05,0,0.18,D-rand,0.71
7354,D,3,A,0.54,0.4,0.54,0.22,0.12,0.12,469,1.9698e-05,0,0.12,D-rand,0.54
7358,A,0,C,0.58,0.45,0.04,0.1,0.58,0.28,481,2.0202e-05,0,0.04,D-rand,0.58
7360,B,1,B,0.68,0.58,0.13,0.68,0.16,0.03,458,1.9236e-05,1,0.68,D-rand,0.68
7361,A,0,A,0.81,0.74,0.81,0.14,0.03,0.02,461,1.9362e-05,1,0.81,D-rand,0.81
7362,A,0,A,0.98,0.97,0.98,0.01,0.0,0.01,497,2.0874000000000004e-05,1,0.98,D-rand,0.98
7365,D,3,D,0.35,0.13,0.23,0.11,0.31,0.35,510,2.142e-05,1,0.35,D-rand,0.35
7363,C,2,C,0.9,0.88,0.01,0.05,0.9,0.04,441,1.8522000000000003e-05,1,0.9,D-rand,0.9
7368,A,0,B,0.54,0.38,0.1,0.54,0.11,0.25,439,1.8438e-05,0,0.1,D-rand,0.54
7364,C,2,C,0.62,0.5,0.13,0.06,0.62,0.19,423,1.7766000000000002e-05,1,0.62,D-rand,0.62
7367,D,3,D,0.97,0.96,0.01,0.01,0.01,0.97,469,1.9698e-05,1,0.97,D-rand,0.97
7372,A,0,C,0.8,0.74,0.09,0.04,0.8,0.07,441,1.8522000000000003e-05,0,0.09,D-rand,0.8
7369,A,0,B,0.74,0.66,0.23,0.74,0.01,0.02,455,1.911e-05,0,0.23,D-rand,0.74
7374,D,3,D,1.0,1.0,0.0,0.0,0.0,1.0,461,1.9362e-05,1,1.0,D-rand,1.0
7376,C,2,C,0.67,0.56,0.12,0.14,0.67,0.07,462,1.9404e-05,1,0.67,D-rand,0.67
7381,C,2,C,0.79,0.73,0.04,0.14,0.79,0.03,480,2.016e-05,1,0.79,D-rand,0.79
7377,C,2,C,0.93,0.91,0.02,0.02,0.93,0.03,444,1.8648e-05,1,0.93,D-rand,0.93
7384,B,1,A,0.68,0.5700000000000001,0.68,0.23,0.04,0.05,461,1.9362e-05,0,0.23,D-rand,0.68
7379,B,1,A,0.34,0.12,0.34,0.18,0.24,0.24,442,1.8564e-05,0,0.18,D-rand,0.34
7383,C,2,A,0.5,0.33,0.5,0.01,0.47,0.02,462,1.9404e-05,0,0.47,D-rand,0.5
7389,A,0,A,0.39,0.19,0.39,0.23,0.14,0.24,466,1.9572e-05,1,0.39,D-rand,0.39
7392,C,2,C,1.0,0.99,0.0,0.0,1.0,0.0,461,1.9362e-05,1,1.0,D-rand,1.0
7375,C,2,C,0.67,0.56,0.07,0.02,0.67,0.24,422,1.7724000000000002e-05,1,0.67,D-rand,0.67
7393,A,0,A,0.98,0.98,0.98,0.01,0.01,0.0,416,1.7472e-05,1,0.98,D-rand,0.98
7391,D,3,D,0.98,0.97,0.01,0.0,0.01,0.98,488,2.0496e-05,1,0.98,D-rand,0.98
7390,C,2,C,0.99,0.98,0.0,0.0,0.99,0.01,419,1.7598000000000003e-05,1,0.99,D-rand,0.99
7394,A,0,A,0.78,0.7000000000000001,0.78,0.03,0.06,0.13,486,2.0412e-05,1,0.78,D-rand,0.78
7395,B,1,B,0.98,0.98,0.01,0.98,0.0,0.01,436,1.8312e-05,1,0.98,D-rand,0.98
7397,D,3,D,0.91,0.88,0.02,0.06,0.01,0.91,484,2.0328000000000003e-05,1,0.91,D-rand,0.91
7399,A,0,A,0.77,0.6900000000000001,0.77,0.03,0.19,0.01,539,2.2638e-05,1,0.77,D-rand,0.77
7396,C,2,C,0.97,0.96,0.01,0.01,0.97,0.01,427,1.7934e-05,1,0.97,D-rand,0.97
7400,D,3,D,0.42,0.23,0.2,0.26,0.12,0.42,429,1.8018000000000003e-05,1,0.42,D-rand,0.42
7398,C,2,C,0.56,0.41,0.1,0.29,0.56,0.05,420,1.764e-05,1,0.56,D-rand,0.56
7402,C,2,C,0.97,0.95,0.03,0.0,0.97,0.0,497,2.0874000000000004e-05,1,0.97,D-rand,0.97
7403,A,0,A,0.87,0.8200000000000001,0.87,0.1,0.0,0.03,505,2.121e-05,1,0.87,D-rand,0.87
7405,D,3,D,0.95,0.93,0.02,0.01,0.02,0.95,445,1.869e-05,1,0.95,D-rand,0.95
7406,D,3,D,0.97,0.95,0.0,0.03,0.0,0.97,443,1.8606e-05,1,0.97,D-rand,0.97
7407,A,0,A,0.73,0.63,0.73,0.09,0.11,0.07,458,1.9236e-05,1,0.73,D-rand,0.73
7410,A,0,A,0.5700000000000001,0.44,0.5700000000000001,0.12,0.18,0.13,462,1.9404e-05,1,0.5700000000000001,D-rand,0.5700000000000001
7412,B,1,B,0.93,0.91,0.05,0.93,0.01,0.0,429,1.8018000000000003e-05,1,0.93,D-rand,0.93
7409,A,0,A,1.0,1.0,1.0,0.0,0.0,0.0,481,2.0202e-05,1,1.0,D-rand,1.0
7408,B,1,B,0.98,0.96,0.01,0.98,0.01,0.0,426,1.7892000000000004e-05,1,0.98,D-rand,0.98
7413,A,0,D,0.6900000000000001,0.5700000000000001,0.29,0.0,0.02,0.6900000000000001,430,1.8060000000000003e-05,0,0.29,D-rand,0.6900000000000001
7414,A,0,A,0.96,0.95,0.96,0.01,0.01,0.02,444,1.8648e-05,1,0.96,D-rand,0.96
7415,D,3,D,0.52,0.35,0.15,0.05,0.28,0.52,530,2.226e-05,1,0.52,D-rand,0.52
7416,D,3,D,0.87,0.8200000000000001,0.07,0.02,0.04,0.87,445,1.869e-05,1,0.87,D-rand,0.87
7417,A,0,A,0.44,0.26,0.44,0.1,0.43,0.03,473,1.9866000000000003e-05,1,0.44,D-rand,0.44
7419,B,1,B,0.97,0.95,0.03,0.97,0.0,0.0,463,1.9446e-05,1,0.97,D-rand,0.97
7420,D,3,D,0.64,0.52,0.05,0.14,0.17,0.64,485,2.037e-05,1,0.64,D-rand,0.64
7422,B,1,B,0.66,0.55,0.1,0.66,0.07,0.17,512,2.1504e-05,1,0.66,D-rand,0.66
7425,D,3,B,0.34,0.12,0.32,0.34,0.06,0.28,485,2.037e-05,0,0.28,D-rand,0.34
7423,C,2,C,0.91,0.89,0.05,0.02,0.91,0.02,500,2.1e-05,1,0.91,D-rand,0.91
7426,B,1,C,0.71,0.61,0.08,0.18,0.71,0.03,481,2.0202e-05,0,0.18,D-rand,0.71
7427,A,0,A,0.96,0.94,0.96,0.02,0.01,0.01,480,2.016e-05,1,0.96,D-rand,0.96
7428,A,0,A,0.5700000000000001,0.44,0.5700000000000001,0.07,0.05,0.31,548,2.3016e-05,1,0.5700000000000001,D-rand,0.5700000000000001
7429,A,0,A,0.63,0.51,0.63,0.16,0.1,0.11,482,2.0244e-05,1,0.63,D-rand,0.63
7432,D,3,D,0.5700000000000001,0.43,0.05,0.11,0.27,0.5700000000000001,449,1.8858e-05,1,0.5700000000000001,D-rand,0.5700000000000001
7435,B,1,D,0.7000000000000001,0.59,0.09,0.14,0.07,0.7000000000000001,444,1.8648e-05,0,0.14,D-rand,0.7000000000000001
7434,D,3,D,0.73,0.64,0.04,0.08,0.15,0.73,508,2.1336e-05,1,0.73,D-rand,0.73
7438,C,2,C,0.67,0.55,0.21,0.08,0.67,0.04,438,1.8396e-05,1,0.67,D-rand,0.67
7436,C,2,A,0.54,0.37,0.54,0.24,0.04,0.18,407,1.7094000000000003e-05,0,0.04,D-rand,0.54
7437,D,3,A,0.53,0.38,0.53,0.09,0.05,0.33,484,2.0328000000000003e-05,0,0.33,D-rand,0.53
7439,A,0,A,0.929999999999999,0.91,0.929999999999999,0.02,0.04,0.01,445,1.869e-05,1,0.929999999999999,D-rand,0.929999999999999
7441,A,0,A,0.5,0.33,0.5,0.07,0.41,0.02,444,1.8648e-05,1,0.5,D-rand,0.5
7440,A,0,A,0.97,0.95,0.97,0.0,0.03,0.0,504,2.1168e-05,1,0.97,D-rand,0.97
7442,A,0,A,0.62,0.5,0.62,0.29,0.07,0.02,450,1.89e-05,1,0.62,D-rand,0.62
7446,A,0,A,0.929999999999999,0.91,0.929999999999999,0.01,0.01,0.05,449,1.8858e-05,1,0.929999999999999,D-rand,0.929999999999999
7444,D,3,D,0.8200000000000001,0.76,0.09,0.06,0.03,0.8200000000000001,472,1.9824e-05,1,0.8200000000000001,D-rand,0.8200000000000001
7443,D,3,D,0.99,0.98,0.0,0.0,0.01,0.99,433,1.8186e-05,1,0.99,D-rand,0.99
7447,D,3,D,0.46,0.28,0.07,0.04,0.43,0.46,438,1.8396e-05,1,0.46,D-rand,0.46
7448,C,2,C,0.97,0.95,0.02,0.01,0.97,0.0,480,2.016e-05,1,0.97,D-rand,0.97
7449,C,2,C,0.97,0.96,0.01,0.01,0.97,0.01,511,2.1462e-05,1,0.97,D-rand,0.97
7450,B,1,B,0.56,0.41,0.14,0.56,0.23,0.07,469,1.9698e-05,1,0.56,D-rand,0.56
7453,D,3,A,0.37,0.16,0.37,0.28,0.09,0.26,468,1.9656000000000003e-05,0,0.26,D-rand,0.37
7452,D,3,B,0.5,0.33,0.1,0.5,0.11,0.29,439,1.8438e-05,0,0.29,D-rand,0.5
7454,A,0,A,0.67,0.56,0.67,0.06,0.21,0.06,473,1.9866000000000003e-05,1,0.67,D-rand,0.67
7451,A,0,D,0.65,0.54,0.21,0.11,0.03,0.65,496,2.0832000000000003e-05,0,0.21,D-rand,0.65
7456,C,2,C,0.97,0.95,0.0,0.0,0.97,0.03,461,1.9362e-05,1,0.97,D-rand,0.97
7455,A,0,C,0.72,0.62,0.27,0.01,0.72,0.0,477,2.0034e-05,0,0.27,D-rand,0.72
7457,C,2,C,0.62,0.49,0.17,0.17,0.62,0.04,459,1.9278e-05,1,0.62,D-rand,0.62
7445,B,1,B,0.51,0.35,0.35,0.51,0.08,0.06,474,1.9908000000000003e-05,1,0.51,D-rand,0.51
7462,B,1,B,0.44,0.26,0.06,0.44,0.35,0.15,458,1.9236e-05,1,0.44,D-rand,0.44
7461,A,0,A,0.93,0.91,0.93,0.03,0.01,0.02,471,1.9782000000000005e-05,1,0.93,D-rand,0.93
7458,C,2,D,0.49,0.33,0.12,0.29,0.1,0.49,431,1.8102e-05,0,0.1,D-rand,0.49
7463,B,1,D,0.77,0.71,0.1,0.09,0.04,0.77,477,2.0034e-05,0,0.09,D-rand,0.77
7465,D,3,D,0.72,0.62,0.19,0.02,0.07,0.72,474,1.9908000000000003e-05,1,0.72,D-rand,0.72
7464,B,1,C,0.65,0.55,0.04,0.12,0.65,0.19,513,2.1546e-05,0,0.12,D-rand,0.65
7466,C,2,C,0.95,0.92,0.04,0.01,0.95,0.0,492,2.0664e-05,1,0.95,D-rand,0.95
7467,D,3,D,0.8,0.74,0.03,0.16,0.01,0.8,614,2.5788000000000004e-05,1,0.8,D-rand,0.8
7469,D,3,D,1.0,1.0,0.0,0.0,0.0,1.0,562,2.3604e-05,1,1.0,D-rand,1.0
7470,A,0,A,0.54,0.39,0.54,0.4,0.04,0.02,446,1.8732000000000003e-05,1,0.54,D-rand,0.54
7472,D,3,A,0.52,0.36,0.52,0.09,0.05,0.34,451,1.8942000000000003e-05,0,0.34,D-rand,0.52
7468,A,0,A,0.72,0.62,0.72,0.26,0.01,0.01,454,1.9068e-05,1,0.72,D-rand,0.72
7473,B,1,B,0.71,0.61,0.04,0.71,0.1,0.15,453,1.9026000000000004e-05,1,0.71,D-rand,0.71
7475,A,0,A,0.65,0.53,0.65,0.25,0.04,0.06,431,1.8102e-05,1,0.65,D-rand,0.65
7474,A,0,A,0.94,0.93,0.94,0.01,0.04,0.01,489,2.0538e-05,1,0.94,D-rand,0.94
7476,C,2,C,0.89,0.85,0.03,0.04,0.89,0.04,426,1.7892000000000004e-05,1,0.89,D-rand,0.89
7477,D,3,D,0.94,0.92,0.03,0.01,0.02,0.94,434,1.8228e-05,1,0.94,D-rand,0.94
7479,C,2,C,0.88,0.8300000000000001,0.01,0.09,0.88,0.02,464,1.9488000000000004e-05,1,0.88,D-rand,0.88
7480,A,0,A,0.99,0.98,0.99,0.01,0.0,0.0,545,2.2890000000000003e-05,1,0.99,D-rand,0.99
7478,D,3,D,0.46,0.28,0.23,0.03,0.28,0.46,436,1.8312e-05,1,0.46,D-rand,0.46
7481,B,1,B,0.56,0.41,0.32,0.56,0.06,0.06,524,2.2008000000000003e-05,1,0.56,D-rand,0.56
7485,A,0,A,0.96,0.95,0.96,0.02,0.01,0.01,489,2.0538e-05,1,0.96,D-rand,0.96
7486,B,1,D,0.39,0.18,0.19,0.19,0.23,0.39,449,1.8858e-05,0,0.19,D-rand,0.39
7482,B,1,B,0.46,0.28,0.38,0.46,0.06,0.1,484,2.0328000000000003e-05,1,0.46,D-rand,0.46
7487,C,2,D,0.74,0.65,0.06,0.02,0.18,0.74,492,2.0664e-05,0,0.18,D-rand,0.74
7489,C,2,C,0.97,0.96,0.02,0.0,0.97,0.01,466,1.9572e-05,1,0.97,D-rand,0.97
7490,C,2,B,0.42,0.23,0.2,0.42,0.33,0.05,458,1.9236e-05,0,0.33,D-rand,0.42
7488,C,2,A,0.48,0.31,0.48,0.31,0.18,0.03,473,1.9866000000000003e-05,0,0.18,D-rand,0.48
7492,C,2,C,0.98,0.98,0.01,0.0,0.98,0.01,503,2.1126e-05,1,0.98,D-rand,0.98
7495,C,2,C,0.78,0.71,0.16,0.04,0.78,0.02,436,1.8312e-05,1,0.78,D-rand,0.78
7496,B,1,B,0.7000000000000001,0.6000000000000001,0.03,0.7000000000000001,0.13,0.14,476,1.9992e-05,1,0.7000000000000001,D-rand,0.7000000000000001
7497,C,2,B,0.79,0.72,0.04,0.79,0.17,0.0,451,1.8942000000000003e-05,0,0.17,D-rand,0.79
7494,A,0,A,0.91,0.87,0.91,0.03,0.02,0.04,466,1.9572e-05,1,0.91,D-rand,0.91
7498,A,0,C,0.53,0.38,0.3,0.1,0.53,0.07,432,1.8144e-05,0,0.3,D-rand,0.53
7503,C,2,C,0.6000000000000001,0.48,0.03,0.27,0.6000000000000001,0.1,465,1.953e-05,1,0.6000000000000001,D-rand,0.6000000000000001
7499,D,3,C,0.399999999999999,0.21,0.16,0.09,0.399999999999999,0.35,466,1.9572e-05,0,0.35,D-rand,0.399999999999999
7505,D,3,D,1.0,0.99,0.0,0.0,0.0,1.0,562,2.3604e-05,1,1.0,D-rand,1.0
7501,C,2,C,1.0,1.0,0.0,0.0,1.0,0.0,453,1.9026000000000004e-05,1,1.0,D-rand,1.0
7506,D,3,D,1.0,0.99,0.0,0.0,0.0,1.0,495,2.0790000000000003e-05,1,1.0,D-rand,1.0
7508,C,2,B,0.52,0.35,0.03,0.52,0.14,0.31,478,2.0076e-05,0,0.14,D-rand,0.52
7507,D,3,D,0.38,0.17,0.23,0.31,0.08,0.38,508,2.1336e-05,1,0.38,D-rand,0.38
7509,C,2,C,0.8,0.73,0.07,0.03,0.8,0.1,486,2.0412e-05,1,0.8,D-rand,0.8
7512,B,1,B,0.89,0.86,0.04,0.89,0.01,0.06,437,1.8354e-05,1,0.89,D-rand,0.89
7511,C,2,C,0.97,0.96,0.02,0.01,0.97,0.0,436,1.8312e-05,1,0.97,D-rand,0.97
7510,B,1,C,0.5,0.33,0.05,0.28,0.5,0.17,493,2.0706000000000005e-05,0,0.28,D-rand,0.5
7513,D,3,D,0.67,0.5700000000000001,0.16,0.08,0.09,0.67,485,2.037e-05,1,0.67,D-rand,0.67
7514,B,1,B,0.71,0.62,0.03,0.71,0.14,0.12,446,1.8732000000000003e-05,1,0.71,D-rand,0.71
7515,C,2,C,0.96,0.96,0.01,0.01,0.96,0.02,470,1.974e-05,1,0.96,D-rand,0.96
7519,B,1,B,0.52,0.36,0.13,0.52,0.34,0.01,461,1.9362e-05,1,0.52,D-rand,0.52
7516,B,1,B,0.8300000000000001,0.77,0.02,0.8300000000000001,0.14,0.01,458,1.9236e-05,1,0.8300000000000001,D-rand,0.8300000000000001
7520,B,1,B,0.98,0.98,0.01,0.98,0.01,0.0,563,2.3646000000000004e-05,1,0.98,D-rand,0.98
7518,B,1,B,1.0,0.99,0.0,1.0,0.0,0.0,441,1.8522000000000003e-05,1,1.0,D-rand,1.0
7521,A,0,B,0.61,0.48,0.12,0.61,0.04,0.23,465,1.953e-05,0,0.12,D-rand,0.61
7524,B,1,B,0.48,0.3,0.08,0.48,0.39,0.05,475,1.9950000000000004e-05,1,0.48,D-rand,0.48
7517,B,1,B,0.98,0.97,0.02,0.98,0.0,0.0,463,1.9446e-05,1,0.98,D-rand,0.98
7522,A,0,A,0.93,0.91,0.93,0.01,0.04,0.01,510,2.142e-05,1,0.93,D-rand,0.93
7525,D,3,A,0.39,0.19,0.39,0.04,0.35,0.22,511,2.1462e-05,0,0.22,D-rand,0.39
7526,C,2,D,0.96,0.95,0.02,0.0,0.02,0.96,491,2.0622e-05,0,0.02,D-rand,0.96
7527,C,2,C,0.56,0.41,0.04,0.05,0.56,0.35,485,2.037e-05,1,0.56,D-rand,0.56
7530,B,1,B,0.7000000000000001,0.59,0.16,0.7000000000000001,0.11,0.03,469,1.9698e-05,1,0.7000000000000001,D-rand,0.7000000000000001
7531,B,1,B,0.94,0.92,0.04,0.94,0.01,0.01,476,1.9992e-05,1,0.94,D-rand,0.94
7529,C,2,B,0.51,0.35,0.1,0.51,0.13,0.26,454,1.9068e-05,0,0.13,D-rand,0.51
7528,C,2,C,0.47,0.29,0.16,0.23,0.47,0.14,460,1.932e-05,1,0.47,D-rand,0.47
7532,A,0,A,0.86,0.8200000000000001,0.86,0.05,0.05,0.04,496,2.0832000000000003e-05,1,0.86,D-rand,0.86
7534,A,0,B,0.71,0.62,0.21,0.71,0.02,0.06,538,2.2596e-05,0,0.21,D-rand,0.71
7536,A,0,A,0.76,0.68,0.76,0.06,0.14,0.04,464,1.9488000000000004e-05,1,0.76,D-rand,0.76
7533,B,1,B,0.66,0.54,0.32,0.66,0.01,0.01,497,2.0874000000000004e-05,1,0.66,D-rand,0.66
7535,C,2,C,0.7000000000000001,0.6000000000000001,0.07,0.22,0.7000000000000001,0.01,470,1.974e-05,1,0.7000000000000001,D-rand,0.7000000000000001
7537,B,1,B,0.32,0.1,0.27,0.32,0.32,0.09,422,1.7724000000000002e-05,1,0.32,D-rand,0.32
7539,A,0,B,0.48,0.31,0.46,0.48,0.04,0.02,465,1.953e-05,0,0.46,D-rand,0.48
7538,D,3,D,0.81,0.75,0.08,0.05,0.06,0.81,511,2.1462e-05,1,0.81,D-rand,0.81
7540,A,0,A,0.75,0.67,0.75,0.17,0.03,0.05,450,1.89e-05,1,0.75,D-rand,0.75
7541,A,0,B,0.52,0.35,0.37,0.52,0.07,0.04,467,1.9614e-05,0,0.37,D-rand,0.52
7546,A,0,B,0.37,0.16,0.15,0.37,0.24,0.24,452,1.8984000000000003e-05,0,0.15,D-rand,0.37
7544,B,1,B,0.92,0.9,0.02,0.92,0.0,0.06,445,1.869e-05,1,0.92,D-rand,0.92
7545,A,0,A,0.97,0.97,0.97,0.01,0.01,0.01,430,1.8060000000000003e-05,1,0.97,D-rand,0.97
7542,D,3,D,0.91,0.87,0.04,0.04,0.01,0.91,475,1.9950000000000004e-05,1,0.91,D-rand,0.91
7543,D,3,A,0.32,0.1,0.32,0.27,0.16,0.25,505,2.121e-05,0,0.25,D-rand,0.32
7547,A,0,A,0.9,0.87,0.9,0.08,0.01,0.01,449,1.8858e-05,1,0.9,D-rand,0.9
7548,B,1,C,0.6000000000000001,0.47,0.07,0.3,0.6000000000000001,0.03,474,1.9908000000000003e-05,0,0.3,D-rand,0.6000000000000001
7549,A,0,A,0.41,0.22,0.41,0.2,0.06,0.33,447,1.8774000000000004e-05,1,0.41,D-rand,0.41
7550,A,0,B,0.49,0.33,0.45,0.49,0.05,0.01,499,2.0958e-05,0,0.45,D-rand,0.49
7552,C,2,B,0.65,0.53,0.31,0.65,0.02,0.02,521,2.1882e-05,0,0.02,D-rand,0.65
7551,B,1,A,0.5,0.33,0.5,0.37,0.05,0.08,482,2.0244e-05,0,0.37,D-rand,0.5
7555,D,3,D,0.93,0.9,0.06,0.0,0.01,0.93,525,2.2050000000000004e-05,1,0.93,D-rand,0.93
7553,D,3,D,0.99,0.98,0.0,0.01,0.0,0.99,488,2.0496e-05,1,0.99,D-rand,0.99
7556,D,3,A,0.56,0.41,0.56,0.25,0.05,0.14,486,2.0412e-05,0,0.14,D-rand,0.56
7554,C,2,C,0.92,0.88,0.05,0.03,0.92,0.0,468,1.9656000000000003e-05,1,0.92,D-rand,0.92
7557,C,2,C,0.6900000000000001,0.58,0.25,0.03,0.6900000000000001,0.03,487,2.0454e-05,1,0.6900000000000001,D-rand,0.6900000000000001
7558,D,3,D,1.0,0.99,0.0,0.0,0.0,1.0,569,2.3898000000000004e-05,1,1.0,D-rand,1.0
7559,B,1,B,0.87,0.8300000000000001,0.06,0.87,0.03,0.04,492,2.0664e-05,1,0.87,D-rand,0.87
7560,A,0,A,1.0,1.0,1.0,0.0,0.0,0.0,446,1.8732000000000003e-05,1,1.0,D-rand,1.0
7563,D,3,D,0.85,0.8,0.06,0.07,0.02,0.85,453,1.9026000000000004e-05,1,0.85,D-rand,0.85
7561,A,0,A,1.0,0.99,1.0,0.0,0.0,0.0,454,1.9068e-05,1,1.0,D-rand,1.0
7562,B,1,B,1.0,1.0,0.0,1.0,0.0,0.0,479,2.0118000000000003e-05,1,1.0,D-rand,1.0
7564,B,1,B,0.89,0.85,0.05,0.89,0.01,0.05,515,2.163e-05,1,0.89,D-rand,0.89
7565,A,0,A,0.84,0.78,0.84,0.05,0.1,0.01,495,2.0790000000000003e-05,1,0.84,D-rand,0.84
7566,B,1,B,0.68,0.58,0.22,0.68,0.07,0.02,435,1.827e-05,1,0.68,D-rand,0.68
7568,A,0,A,1.0,1.0,1.0,0.0,0.0,0.0,526,2.2092e-05,1,1.0,D-rand,1.0
7569,D,3,B,0.54,0.38,0.09,0.54,0.02,0.35,480,2.016e-05,0,0.35,D-rand,0.54
7571,B,1,B,0.54,0.39,0.06,0.54,0.09,0.31,450,1.89e-05,1,0.54,D-rand,0.54
7573,A,0,A,0.96,0.93,0.96,0.0,0.01,0.03,516,2.1672000000000005e-05,1,0.96,D-rand,0.96
7575,A,0,A,0.97,0.96,0.97,0.02,0.0,0.01,472,1.9824e-05,1,0.97,D-rand,0.97
7572,A,0,A,0.97,0.97,0.97,0.01,0.01,0.01,465,1.953e-05,1,0.97,D-rand,0.97
7574,D,3,C,0.71,0.61,0.06,0.03,0.71,0.2,566,2.377200000000001e-05,0,0.2,D-rand,0.71
7576,A,0,C,0.72,0.62,0.17,0.05,0.72,0.06,461,1.9362e-05,0,0.17,D-rand,0.72
7579,C,2,C,0.85,0.79,0.04,0.02,0.85,0.09,424,1.7808000000000003e-05,1,0.85,D-rand,0.85
7577,B,1,B,0.67,0.56,0.22,0.67,0.01,0.1,459,1.9278e-05,1,0.67,D-rand,0.67
7578,C,2,B,0.63,0.51,0.16,0.63,0.16,0.05,491,2.0622e-05,0,0.16,D-rand,0.63
7582,A,0,A,1.0,1.0,1.0,0.0,0.0,0.0,446,1.8732000000000003e-05,1,1.0,D-rand,1.0
7584,B,1,B,0.97,0.95,0.01,0.97,0.01,0.01,461,1.9362e-05,1,0.97,D-rand,0.97
7583,A,0,A,0.9,0.86,0.9,0.03,0.01,0.06,481,2.0202e-05,1,0.9,D-rand,0.9
7580,A,0,A,0.88,0.84,0.88,0.01,0.1,0.01,462,1.9404e-05,1,0.88,D-rand,0.88
7581,B,1,B,0.71,0.61,0.11,0.71,0.15,0.03,434,1.8228e-05,1,0.71,D-rand,0.71
7587,D,3,D,0.99,0.98,0.01,0.0,0.0,0.99,433,1.8186e-05,1,0.99,D-rand,0.99
7585,C,2,C,0.5,0.33,0.09,0.23,0.5,0.18,477,2.0034e-05,1,0.5,D-rand,0.5
7586,C,2,C,0.89,0.85,0.08,0.01,0.89,0.02,441,1.8522000000000003e-05,1,0.89,D-rand,0.89
7589,B,1,B,0.46,0.28,0.15,0.46,0.38,0.01,549,2.3058e-05,1,0.46,D-rand,0.46
7588,B,1,B,0.99,0.99,0.01,0.99,0.0,0.0,488,2.0496e-05,1,0.99,D-rand,0.99
7590,C,2,C,0.84,0.79,0.1,0.05,0.84,0.01,437,1.8354e-05,1,0.84,D-rand,0.84
7591,A,0,A,0.79,0.71,0.79,0.13,0.05,0.03,462,1.9404e-05,1,0.79,D-rand,0.79
7593,A,0,A,0.84,0.78,0.84,0.09,0.04,0.03,423,1.7766000000000002e-05,1,0.84,D-rand,0.84
7592,B,1,B,0.76,0.67,0.18,0.76,0.01,0.05,460,1.932e-05,1,0.76,D-rand,0.76
7594,D,3,B,0.47,0.3,0.08,0.47,0.04,0.41,461,1.9362e-05,0,0.41,D-rand,0.47
7595,D,3,D,0.63,0.5,0.18,0.07,0.12,0.63,483,2.0286e-05,1,0.63,D-rand,0.63
7598,A,0,A,0.91,0.87,0.91,0.09,0.0,0.0,587,2.4654e-05,1,0.91,D-rand,0.91
7596,B,1,B,1.0,0.99,0.0,1.0,0.0,0.0,482,2.0244e-05,1,1.0,D-rand,1.0
7597,B,1,B,0.95,0.93,0.02,0.95,0.02,0.01,497,2.0874000000000004e-05,1,0.95,D-rand,0.95
7599,B,1,A,0.38,0.17,0.38,0.32,0.24,0.06,464,1.9488000000000004e-05,0,0.32,D-rand,0.38
7601,B,1,C,0.88,0.85,0.06,0.03,0.88,0.03,421,1.7682e-05,0,0.03,D-rand,0.88
7604,D,3,C,0.65,0.53,0.09,0.01,0.65,0.25,438,1.8396e-05,0,0.25,D-rand,0.65
7606,A,0,A,0.55,0.4,0.55,0.08,0.16,0.21,488,2.0496e-05,1,0.55,D-rand,0.55
7605,A,0,D,0.43,0.24,0.43,0.06,0.08,0.43,540,2.268e-05,0,0.43,D-rand,0.43
7608,A,0,A,0.95,0.92,0.95,0.01,0.04,0.0,520,2.1840000000000004e-05,1,0.95,D-rand,0.95
7609,A,0,A,0.89,0.85,0.89,0.04,0.03,0.04,439,1.8438e-05,1,0.89,D-rand,0.89
7602,A,0,B,0.5700000000000001,0.43,0.34,0.5700000000000001,0.05,0.04,485,2.037e-05,0,0.34,D-rand,0.5700000000000001
7611,C,2,C,0.77,0.6900000000000001,0.18,0.04,0.77,0.01,467,1.9614e-05,1,0.77,D-rand,0.77
7610,B,1,B,0.58,0.44,0.14,0.58,0.18,0.1,459,1.9278e-05,1,0.58,D-rand,0.58
7612,A,0,A,0.48,0.31,0.48,0.27,0.15,0.1,453,1.9026000000000004e-05,1,0.48,D-rand,0.48
7613,D,3,C,0.39,0.19,0.21,0.19,0.39,0.21,462,1.9404e-05,0,0.21,D-rand,0.39
7616,C,2,C,0.37,0.17,0.12,0.25,0.37,0.26,436,1.8312e-05,1,0.37,D-rand,0.37
7614,C,2,A,0.47,0.29,0.47,0.07,0.08,0.38,508,2.1336e-05,0,0.08,D-rand,0.47
7622,A,0,A,0.51,0.35,0.51,0.02,0.45,0.02,505,2.121e-05,1,0.51,D-rand,0.51
7615,D,3,C,0.47,0.3,0.15,0.17,0.47,0.21,462,1.9404e-05,0,0.21,D-rand,0.47
7618,B,1,C,0.5,0.33,0.04,0.26,0.5,0.2,485,2.037e-05,0,0.26,D-rand,0.5
7619,B,1,A,0.44,0.25,0.44,0.4,0.05,0.11,470,1.974e-05,0,0.4,D-rand,0.44
7623,C,2,C,0.8200000000000001,0.76,0.14,0.03,0.8200000000000001,0.01,538,2.2596e-05,1,0.8200000000000001,D-rand,0.8200000000000001
7625,B,1,C,0.49,0.33,0.17,0.24,0.49,0.1,502,2.1084000000000003e-05,0,0.24,D-rand,0.49
7624,C,2,C,0.93,0.9,0.04,0.01,0.93,0.02,487,2.0454e-05,1,0.93,D-rand,0.93
7626,C,2,B,0.5700000000000001,0.42,0.12,0.5700000000000001,0.12,0.19,492,2.0664e-05,0,0.12,D-rand,0.5700000000000001
7627,C,2,C,0.46,0.28,0.38,0.02,0.46,0.14,446,1.8732000000000003e-05,1,0.46,D-rand,0.46
7630,A,0,A,0.61,0.49,0.61,0.29,0.04,0.06,447,1.8774000000000004e-05,1,0.61,D-rand,0.61
7632,D,3,B,0.43,0.25,0.18,0.43,0.28,0.11,422,1.7724000000000002e-05,0,0.11,D-rand,0.43
7631,D,3,D,0.91,0.89,0.05,0.02,0.02,0.91,454,1.9068e-05,1,0.91,D-rand,0.91
7633,D,3,D,0.52,0.36,0.32,0.09,0.07,0.52,487,2.0454e-05,1,0.52,D-rand,0.52
7635,B,1,B,0.75,0.66,0.09,0.75,0.08,0.08,460,1.932e-05,1,0.75,D-rand,0.75
7634,D,3,D,0.81,0.75,0.05,0.1,0.03,0.81,512,2.1504e-05,1,0.81,D-rand,0.81
7636,B,1,B,0.58,0.44,0.29,0.58,0.05,0.08,492,2.0664e-05,1,0.58,D-rand,0.58
7637,D,3,D,0.96,0.95,0.01,0.02,0.01,0.96,483,2.0286e-05,1,0.96,D-rand,0.96
7638,C,2,C,0.94,0.92,0.01,0.04,0.94,0.01,456,1.9152e-05,1,0.94,D-rand,0.94
7639,B,1,B,0.9,0.87,0.08,0.9,0.01,0.01,522,2.1924e-05,1,0.9,D-rand,0.9
7640,B,1,B,0.8200000000000001,0.75,0.04,0.8200000000000001,0.13,0.01,498,2.0916000000000004e-05,1,0.8200000000000001,D-rand,0.8200000000000001
7641,C,2,A,0.58,0.43,0.58,0.11,0.19,0.12,464,1.9488000000000004e-05,0,0.19,D-rand,0.58
7642,A,0,A,0.88,0.84,0.88,0.1,0.01,0.01,496,2.0832000000000003e-05,1,0.88,D-rand,0.88
7644,B,1,B,0.4,0.2,0.35,0.4,0.16,0.09,427,1.7934e-05,1,0.4,D-rand,0.4
7643,A,0,A,0.72,0.62,0.72,0.22,0.03,0.03,493,2.0706000000000005e-05,1,0.72,D-rand,0.72
7645,C,2,C,0.45,0.26,0.29,0.17,0.45,0.09,443,1.8606e-05,1,0.45,D-rand,0.45
7646,D,3,D,0.8300000000000001,0.76,0.04,0.09,0.04,0.8300000000000001,453,1.9026000000000004e-05,1,0.8300000000000001,D-rand,0.8300000000000001
7647,C,2,C,0.99,0.99,0.01,0.0,0.99,0.0,475,1.9950000000000004e-05,1,0.99,D-rand,0.99
7648,D,3,B,0.77,0.6900000000000001,0.06,0.77,0.13,0.04,515,2.163e-05,0,0.04,D-rand,0.77
7651,A,0,A,1.0,0.99,1.0,0.0,0.0,0.0,409,1.7178e-05,1,1.0,D-rand,1.0
7650,B,1,B,0.56,0.42,0.07,0.56,0.25,0.12,561,2.3562e-05,1,0.56,D-rand,0.56
7652,B,1,B,0.929999999999999,0.91,0.05,0.929999999999999,0.01,0.01,463,1.9446e-05,1,0.929999999999999,D-rand,0.929999999999999
7653,D,3,A,0.38,0.18,0.38,0.26,0.19,0.17,497,2.0874000000000004e-05,0,0.17,D-rand,0.38
7654,D,3,B,0.76,0.68,0.1,0.76,0.02,0.12,481,2.0202e-05,0,0.12,D-rand,0.76
7655,D,3,D,0.54,0.38,0.07,0.05,0.34,0.54,442,1.8564e-05,1,0.54,D-rand,0.54
7657,A,0,A,0.87,0.84,0.87,0.02,0.1,0.01,456,1.9152e-05,1,0.87,D-rand,0.87
7658,D,3,D,0.38,0.16,0.34,0.05,0.23,0.38,526,2.2092e-05,1,0.38,D-rand,0.38
7662,A,0,B,0.67,0.56,0.27,0.67,0.05,0.01,498,2.0916000000000004e-05,0,0.27,D-rand,0.67
7663,D,3,A,0.62,0.49,0.62,0.23,0.06,0.09,429,1.8018000000000003e-05,0,0.09,D-rand,0.62
7660,C,2,C,0.48,0.3,0.36,0.05,0.48,0.11,494,2.0748000000000005e-05,1,0.48,D-rand,0.48
7661,C,2,C,1.0,0.99,0.0,0.0,1.0,0.0,529,2.2218000000000003e-05,1,1.0,D-rand,1.0
7656,D,3,D,0.96,0.95,0.01,0.01,0.02,0.96,442,1.8564e-05,1,0.96,D-rand,0.96
7659,D,3,D,1.0,0.99,0.0,0.0,0.0,1.0,454,1.9068e-05,1,1.0,D-rand,1.0
7664,C,2,B,0.7000000000000001,0.6000000000000001,0.03,0.7000000000000001,0.24,0.03,532,2.2344e-05,0,0.24,D-rand,0.7000000000000001
7665,D,3,D,0.29,0.06,0.23,0.29,0.19,0.29,442,1.8564e-05,1,0.29,D-rand,0.29
7667,B,1,B,0.97,0.97,0.01,0.97,0.01,0.01,485,2.037e-05,1,0.97,D-rand,0.97
7668,C,2,C,0.76,0.6900000000000001,0.14,0.07,0.76,0.03,454,1.9068e-05,1,0.76,D-rand,0.76
7666,D,3,D,0.59,0.46,0.03,0.36,0.02,0.59,495,2.0790000000000003e-05,1,0.59,D-rand,0.59
7669,A,0,A,0.91,0.89,0.91,0.01,0.06,0.02,481,2.0202e-05,1,0.91,D-rand,0.91
7672,C,2,A,0.32,0.1,0.32,0.27,0.2,0.21,534,2.2428e-05,0,0.2,D-rand,0.32
7671,A,0,B,0.54,0.39,0.36,0.54,0.05,0.05,499,2.0958e-05,0,0.36,D-rand,0.54
7670,D,3,C,0.6900000000000001,0.59,0.02,0.01,0.6900000000000001,0.28,491,2.0622e-05,0,0.28,D-rand,0.6900000000000001
7673,D,3,B,0.36,0.14,0.07,0.36,0.32,0.25,551,2.3142000000000003e-05,0,0.25,D-rand,0.36
7674,B,1,B,0.79,0.71,0.17,0.79,0.02,0.02,483,2.0286e-05,1,0.79,D-rand,0.79
7676,A,0,B,0.76,0.68,0.05,0.76,0.03,0.16,461,1.9362e-05,0,0.05,D-rand,0.76
7677,D,3,B,0.5,0.33,0.19,0.5,0.09,0.22,485,2.037e-05,0,0.22,D-rand,0.5
7675,C,2,C,0.78,0.71,0.13,0.02,0.78,0.07,470,1.974e-05,1,0.78,D-rand,0.78
7678,A,0,A,0.91,0.87,0.91,0.01,0.03,0.05,487,2.0454e-05,1,0.91,D-rand,0.91
7679,A,0,A,0.96,0.95,0.96,0.01,0.0,0.03,475,1.9950000000000004e-05,1,0.96,D-rand,0.96
7680,C,2,C,0.93,0.91,0.03,0.03,0.93,0.01,489,2.0538e-05,1,0.93,D-rand,0.93
7681,B,1,B,0.7000000000000001,0.61,0.19,0.7000000000000001,0.06,0.05,477,2.0034e-05,1,0.7000000000000001,D-rand,0.7000000000000001
7684,D,3,D,0.97,0.97,0.01,0.01,0.01,0.97,483,2.0286e-05,1,0.97,D-rand,0.97
7686,B,1,B,0.96,0.93,0.01,0.96,0.03,0.0,499,2.0958e-05,1,0.96,D-rand,0.96
7687,C,2,C,0.8300000000000001,0.77,0.06,0.04,0.8300000000000001,0.07,419,1.7598000000000003e-05,1,0.8300000000000001,D-rand,0.8300000000000001
7682,D,3,B,0.47,0.29,0.44,0.47,0.05,0.04,488,2.0496e-05,0,0.04,D-rand,0.47
7689,C,2,C,0.68,0.5700000000000001,0.13,0.06,0.68,0.13,480,2.016e-05,1,0.68,D-rand,0.68
7688,A,0,A,0.85,0.8,0.85,0.01,0.02,0.12,487,2.0454e-05,1,0.85,D-rand,0.85
7685,D,3,D,0.66,0.55,0.12,0.09,0.13,0.66,522,2.1924e-05,1,0.66,D-rand,0.66
7690,B,1,B,0.38,0.18,0.04,0.38,0.2,0.38,417,1.7514000000000002e-05,1,0.38,D-rand,0.38
7691,B,1,B,0.77,0.6900000000000001,0.07,0.77,0.1,0.06,444,1.8648e-05,1,0.77,D-rand,0.77
7692,A,0,A,0.98,0.97,0.98,0.02,0.0,0.0,547,2.2974000000000004e-05,1,0.98,D-rand,0.98
7697,D,3,D,0.91,0.88,0.07,0.01,0.01,0.91,466,1.9572e-05,1,0.91,D-rand,0.91
7694,D,3,D,0.73,0.63,0.15,0.02,0.1,0.73,453,1.9026000000000004e-05,1,0.73,D-rand,0.73
7695,C,2,C,0.92,0.9,0.06,0.02,0.92,0.0,489,2.0538e-05,1,0.92,D-rand,0.92
7693,D,3,D,0.99,0.99,0.01,0.0,0.0,0.99,475,1.9950000000000004e-05,1,0.99,D-rand,0.99
7696,C,2,C,0.98,0.98,0.01,0.0,0.98,0.01,503,2.1126e-05,1,0.98,D-rand,0.98
7699,C,2,D,0.53,0.38,0.02,0.02,0.43,0.53,521,2.1882e-05,0,0.43,D-rand,0.53
7698,D,3,D,0.79,0.72,0.09,0.07,0.05,0.79,454,1.9068e-05,1,0.79,D-rand,0.79
7700,B,1,B,0.99,0.98,0.01,0.99,0.0,0.0,489,2.0538e-05,1,0.99,D-rand,0.99
7702,B,1,B,0.98,0.97,0.02,0.98,0.0,0.0,482,2.0244e-05,1,0.98,D-rand,0.98
7703,B,1,A,0.51,0.35,0.51,0.24,0.1,0.15,488,2.0496e-05,0,0.24,D-rand,0.51
7701,D,3,D,1.0,0.99,0.0,0.0,0.0,1.0,605,2.541e-05,1,1.0,D-rand,1.0
7705,B,1,B,0.73,0.65,0.1,0.73,0.06,0.11,421,1.7682e-05,1,0.73,D-rand,0.73
7704,B,1,D,0.74,0.66,0.04,0.19,0.03,0.74,477,2.0034e-05,0,0.19,D-rand,0.74
7708,C,2,C,0.85,0.8,0.02,0.11,0.85,0.02,488,2.0496e-05,1,0.85,D-rand,0.85
7709,B,1,B,0.98,0.98,0.0,0.98,0.01,0.01,423,1.7766000000000002e-05,1,0.98,D-rand,0.98
7707,C,2,B,0.45,0.27,0.15,0.45,0.31,0.09,445,1.869e-05,0,0.31,D-rand,0.45
7711,C,2,C,0.97,0.96,0.01,0.01,0.97,0.01,477,2.0034e-05,1,0.97,D-rand,0.97
7710,D,3,D,0.78,0.7000000000000001,0.04,0.14,0.04,0.78,463,1.9446e-05,1,0.78,D-rand,0.78
7712,B,1,B,0.59,0.45,0.21,0.59,0.14,0.06,418,1.7556000000000003e-05,1,0.59,D-rand,0.59
7714,C,2,C,0.98,0.97,0.01,0.0,0.98,0.01,490,2.058e-05,1,0.98,D-rand,0.98
7713,B,1,B,0.6900000000000001,0.58,0.06,0.6900000000000001,0.02,0.23,493,2.0706000000000005e-05,1,0.6900000000000001,D-rand,0.6900000000000001
7717,D,3,D,0.95,0.93,0.01,0.0,0.04,0.95,428,1.7976000000000002e-05,1,0.95,D-rand,0.95
7716,C,2,C,0.81,0.75,0.07,0.11,0.81,0.01,462,1.9404e-05,1,0.81,D-rand,0.81
7718,A,0,C,0.38,0.18,0.37,0.2,0.38,0.05,457,1.9194000000000003e-05,0,0.37,D-rand,0.38
7719,A,0,A,0.88,0.85,0.88,0.07,0.02,0.03,486,2.0412e-05,1,0.88,D-rand,0.88
7715,C,2,C,0.92,0.91,0.02,0.04,0.92,0.02,466,1.9572e-05,1,0.92,D-rand,0.92
7722,D,3,A,0.42,0.21,0.42,0.11,0.26,0.21,433,1.8186e-05,0,0.21,D-rand,0.42
7720,A,0,A,0.67,0.56,0.67,0.28,0.02,0.03,488,2.0496e-05,1,0.67,D-rand,0.67
7721,C,2,C,0.62,0.48,0.15,0.1,0.62,0.13,438,1.8396e-05,1,0.62,D-rand,0.62
7725,A,0,A,1.0,0.99,1.0,0.0,0.0,0.0,425,1.7850000000000004e-05,1,1.0,D-rand,1.0
7728,B,1,A,0.55,0.4,0.55,0.29,0.02,0.14,466,1.9572e-05,0,0.29,D-rand,0.55
7723,B,1,D,0.42,0.22,0.31,0.16,0.11,0.42,497,2.0874000000000004e-05,0,0.16,D-rand,0.42
7729,B,1,B,1.0,0.99,0.0,1.0,0.0,0.0,541,2.2722e-05,1,1.0,D-rand,1.0
7732,D,3,D,0.42,0.22,0.41,0.09,0.08,0.42,435,1.827e-05,1,0.42,D-rand,0.42
7734,C,2,C,0.98,0.98,0.0,0.01,0.98,0.01,515,2.163e-05,1,0.98,D-rand,0.98
7733,B,1,A,0.45,0.26,0.45,0.42,0.04,0.09,433,1.8186e-05,0,0.42,D-rand,0.45
7736,B,1,B,0.96,0.95,0.02,0.96,0.0,0.02,436,1.8312e-05,1,0.96,D-rand,0.96
7735,A,0,A,0.89,0.85,0.89,0.09,0.0,0.02,576,2.4192e-05,1,0.89,D-rand,0.89
7737,D,3,D,0.98,0.97,0.01,0.0,0.01,0.98,478,2.0076e-05,1,0.98,D-rand,0.98
7738,A,0,A,0.94,0.92,0.94,0.01,0.03,0.02,438,1.8396e-05,1,0.94,D-rand,0.94
7739,D,3,D,0.53,0.37,0.34,0.09,0.04,0.53,427,1.7934e-05,1,0.53,D-rand,0.53
7730,A,0,A,0.96,0.94,0.96,0.02,0.02,0.0,501,2.1042000000000003e-05,1,0.96,D-rand,0.96
7740,D,3,D,0.84,0.78,0.1,0.04,0.02,0.84,489,2.0538e-05,1,0.84,D-rand,0.84
7741,C,2,C,0.72,0.62,0.01,0.06,0.72,0.21,538,2.2596e-05,1,0.72,D-rand,0.72
7742,B,1,B,0.99,0.98,0.01,0.99,0.0,0.0,454,1.9068e-05,1,0.99,D-rand,0.99
7743,D,3,A,0.74,0.64,0.74,0.01,0.05,0.2,481,2.0202e-05,0,0.2,D-rand,0.74
7745,C,2,C,0.92,0.89,0.02,0.03,0.92,0.03,426,1.7892000000000004e-05,1,0.92,D-rand,0.92
7744,B,1,B,0.9,0.87,0.02,0.9,0.06,0.02,430,1.8060000000000003e-05,1,0.9,D-rand,0.9
7746,D,3,B,0.38,0.17,0.27,0.38,0.01,0.34,425,1.7850000000000004e-05,0,0.34,D-rand,0.38
7748,C,2,C,0.56,0.41,0.41,0.02,0.56,0.01,502,2.1084000000000003e-05,1,0.56,D-rand,0.56
7747,B,1,B,0.4,0.2,0.3,0.4,0.21,0.09,455,1.911e-05,1,0.4,D-rand,0.4
7749,B,1,B,0.76,0.6900000000000001,0.09,0.76,0.05,0.1,438,1.8396e-05,1,0.76,D-rand,0.76
7750,D,3,D,0.99,0.99,0.01,0.0,0.0,0.99,533,2.2386e-05,1,0.99,D-rand,0.99
7752,A,0,A,0.85,0.8,0.85,0.05,0.07,0.03,529,2.2218000000000003e-05,1,0.85,D-rand,0.85
7751,D,3,D,0.92,0.9,0.03,0.02,0.03,0.92,487,2.0454e-05,1,0.92,D-rand,0.92
7755,D,3,B,0.3,0.07,0.3,0.3,0.15,0.25,483,2.0286e-05,0,0.25,D-rand,0.3
7753,A,0,A,1.0,1.0,1.0,0.0,0.0,0.0,469,1.9698e-05,1,1.0,D-rand,1.0
7756,D,3,D,1.0,1.0,0.0,0.0,0.0,1.0,468,1.9656000000000003e-05,1,1.0,D-rand,1.0
7758,A,0,A,0.99,0.99,0.99,0.01,0.0,0.0,515,2.163e-05,1,0.99,D-rand,0.99
7757,C,2,C,1.0,1.0,0.0,0.0,1.0,0.0,474,1.9908000000000003e-05,1,1.0,D-rand,1.0
7759,B,1,D,0.4,0.21,0.05,0.17,0.38,0.4,461,1.9362e-05,0,0.17,D-rand,0.4
7762,D,3,D,0.64,0.53,0.16,0.04,0.16,0.64,421,1.7682e-05,1,0.64,D-rand,0.64
7763,B,1,B,1.0,1.0,0.0,1.0,0.0,0.0,465,1.953e-05,1,1.0,D-rand,1.0
7764,A,0,A,1.0,1.0,1.0,0.0,0.0,0.0,439,1.8438e-05,1,1.0,D-rand,1.0
7765,B,1,B,0.91,0.88,0.01,0.91,0.03,0.05,463,1.9446e-05,1,0.91,D-rand,0.91
7768,B,1,B,0.84,0.79,0.03,0.84,0.11,0.02,527,2.2134e-05,1,0.84,D-rand,0.84
7767,A,0,A,0.47,0.29,0.47,0.15,0.08,0.3,494,2.0748000000000005e-05,1,0.47,D-rand,0.47
7771,D,3,B,0.55,0.4,0.09,0.55,0.03,0.33,471,1.9782000000000005e-05,0,0.33,D-rand,0.55
7773,C,2,C,0.52,0.37,0.32,0.14,0.52,0.02,468,1.9656000000000003e-05,1,0.52,D-rand,0.52
7776,D,3,D,0.99,0.99,0.0,0.01,0.0,0.99,531,2.2302e-05,1,0.99,D-rand,0.99
7775,A,0,B,0.34,0.11,0.2,0.34,0.3,0.16,476,1.9992e-05,0,0.2,D-rand,0.34
7772,C,2,C,0.95,0.94,0.03,0.01,0.95,0.01,445,1.869e-05,1,0.95,D-rand,0.95
7774,B,1,B,0.88,0.8300000000000001,0.03,0.88,0.01,0.08,464,1.9488000000000004e-05,1,0.88,D-rand,0.88
7778,B,1,B,0.39,0.19,0.32,0.39,0.25,0.04,481,2.0202e-05,1,0.39,D-rand,0.39
7781,D,3,D,0.91,0.89,0.06,0.02,0.01,0.91,494,2.0748000000000005e-05,1,0.91,D-rand,0.91
7785,A,0,A,0.99,0.97,0.99,0.0,0.0,0.01,534,2.2428e-05,1,0.99,D-rand,0.99
7786,C,2,B,0.54,0.39,0.11,0.54,0.3,0.05,433,1.8186e-05,0,0.3,D-rand,0.54
7779,C,2,C,0.96,0.94,0.04,0.0,0.96,0.0,472,1.9824e-05,1,0.96,D-rand,0.96
7780,A,0,A,0.91,0.89,0.91,0.01,0.0,0.08,536,2.2512e-05,1,0.91,D-rand,0.91
7783,A,0,A,1.0,0.99,1.0,0.0,0.0,0.0,449,1.8858e-05,1,1.0,D-rand,1.0
7784,B,1,B,0.98,0.98,0.01,0.98,0.01,0.0,426,1.7892000000000004e-05,1,0.98,D-rand,0.98
7788,B,1,C,0.59,0.45,0.11,0.07,0.59,0.23,467,1.9614e-05,0,0.07,D-rand,0.59
7789,A,0,A,0.6900000000000001,0.59,0.6900000000000001,0.23,0.07,0.01,450,1.89e-05,1,0.6900000000000001,D-rand,0.6900000000000001
7790,C,2,A,0.6000000000000001,0.46,0.6000000000000001,0.05,0.28,0.07,504,2.1168e-05,0,0.28,D-rand,0.6000000000000001
7792,D,3,B,0.44,0.24,0.28,0.44,0.14,0.14,473,1.9866000000000003e-05,0,0.14,D-rand,0.44
7791,B,1,B,0.73,0.64,0.16,0.73,0.05,0.06,429,1.8018000000000003e-05,1,0.73,D-rand,0.73
7793,C,2,C,0.96,0.95,0.02,0.01,0.96,0.01,479,2.0118000000000003e-05,1,0.96,D-rand,0.96
7794,A,0,A,0.63,0.52,0.63,0.11,0.14,0.12,469,1.9698e-05,1,0.63,D-rand,0.63
7795,D,3,C,0.559999999999999,0.43,0.09,0.05,0.559999999999999,0.3,438,1.8396e-05,0,0.3,D-rand,0.559999999999999
7797,A,0,A,0.78,0.71,0.78,0.09,0.06,0.07,452,1.8984000000000003e-05,1,0.78,D-rand,0.78
7798,A,0,A,0.95,0.93,0.95,0.01,0.04,0.0,469,1.9698e-05,1,0.95,D-rand,0.95
7800,A,0,A,0.97,0.96,0.97,0.0,0.02,0.01,494,2.0748000000000005e-05,1,0.97,D-rand,0.97
7804,C,2,C,0.47,0.3,0.07,0.32,0.47,0.14,452,1.8984000000000003e-05,1,0.47,D-rand,0.47
7801,A,0,A,0.5,0.33,0.5,0.09,0.13,0.28,444,1.8648e-05,1,0.5,D-rand,0.5
7808,C,2,A,0.5,0.34,0.5,0.03,0.42,0.05,553,2.3226e-05,0,0.42,D-rand,0.5
7805,C,2,A,0.53,0.38,0.53,0.35,0.08,0.04,454,1.9068e-05,0,0.08,D-rand,0.53
7809,B,1,D,0.47,0.29,0.03,0.3,0.2,0.47,481,2.0202e-05,0,0.3,D-rand,0.47
7810,B,1,A,0.66,0.54,0.66,0.18,0.12,0.04,468,1.9656000000000003e-05,0,0.18,D-rand,0.66
7811,D,3,D,0.48,0.3,0.22,0.07,0.23,0.48,454,1.9068e-05,1,0.48,D-rand,0.48
7813,C,2,C,1.0,1.0,0.0,0.0,1.0,0.0,505,2.121e-05,1,1.0,D-rand,1.0
7814,C,2,A,0.49,0.33,0.49,0.09,0.39,0.03,491,2.0622e-05,0,0.39,D-rand,0.49
7816,B,1,B,0.98,0.96,0.02,0.98,0.0,0.0,495,2.0790000000000003e-05,1,0.98,D-rand,0.98
7818,B,1,B,0.68,0.58,0.05,0.68,0.03,0.23,446,1.8732000000000003e-05,1,0.68,D-rand,0.68
7817,C,2,C,0.7000000000000001,0.59,0.13,0.15,0.7000000000000001,0.02,493,2.0706000000000005e-05,1,0.7000000000000001,D-rand,0.7000000000000001
7819,A,0,A,1.0,1.0,1.0,0.0,0.0,0.0,434,1.8228e-05,1,1.0,D-rand,1.0
7823,D,3,C,0.59,0.46,0.06,0.06,0.59,0.29,429,1.8018000000000003e-05,0,0.29,D-rand,0.59
7821,D,3,D,0.94,0.91,0.03,0.03,0.0,0.94,511,2.1462e-05,1,0.94,D-rand,0.94
7822,B,1,D,0.81,0.74,0.09,0.08,0.02,0.81,457,1.9194000000000003e-05,0,0.08,D-rand,0.81
7820,B,1,B,0.79,0.72,0.06,0.79,0.1,0.05,398,1.6716000000000004e-05,1,0.79,D-rand,0.79
7827,D,3,D,0.85,0.81,0.01,0.02,0.12,0.85,445,1.869e-05,1,0.85,D-rand,0.85
7824,D,3,C,0.91,0.89,0.03,0.01,0.91,0.05,482,2.0244e-05,0,0.05,D-rand,0.91
7826,C,2,C,0.99,0.98,0.01,0.0,0.99,0.0,447,1.8774000000000004e-05,1,0.99,D-rand,0.99
7828,A,0,D,0.56,0.41,0.23,0.04,0.17,0.56,456,1.9152e-05,0,0.23,D-rand,0.56
7832,A,0,A,0.62,0.51,0.62,0.28,0.05,0.05,470,1.974e-05,1,0.62,D-rand,0.62
7829,D,3,B,0.5,0.33,0.06,0.5,0.01,0.43,441,1.8522000000000003e-05,0,0.43,D-rand,0.5
7835,D,3,D,0.89,0.85,0.04,0.02,0.05,0.89,432,1.8144e-05,1,0.89,D-rand,0.89
7833,D,3,D,0.99,0.99,0.01,0.0,0.0,0.99,468,1.9656000000000003e-05,1,0.99,D-rand,0.99
7837,D,3,D,0.81,0.75,0.08,0.04,0.07,0.81,459,1.9278e-05,1,0.81,D-rand,0.81
7838,C,2,C,0.67,0.55,0.04,0.25,0.67,0.04,525,2.2050000000000004e-05,1,0.67,D-rand,0.67
7839,A,0,A,0.85,0.8,0.85,0.04,0.08,0.03,447,1.8774000000000004e-05,1,0.85,D-rand,0.85
7836,C,2,C,0.97,0.97,0.01,0.01,0.97,0.01,469,1.9698e-05,1,0.97,D-rand,0.97
7843,D,3,A,0.54,0.38,0.54,0.07,0.37,0.02,452,1.8984000000000003e-05,0,0.02,D-rand,0.54
7840,D,3,D,0.78,0.72,0.11,0.02,0.09,0.78,473,1.9866000000000003e-05,1,0.78,D-rand,0.78
7842,C,2,C,0.62,0.49,0.17,0.16,0.62,0.05,450,1.89e-05,1,0.62,D-rand,0.62
7844,C,2,C,0.63,0.51,0.11,0.23,0.63,0.03,480,2.016e-05,1,0.63,D-rand,0.63
7841,A,0,A,0.66,0.55,0.66,0.29,0.03,0.02,468,1.9656000000000003e-05,1,0.66,D-rand,0.66
7846,A,0,B,0.64,0.52,0.28,0.64,0.04,0.04,482,2.0244e-05,0,0.28,D-rand,0.64
7847,A,0,A,0.92,0.9,0.92,0.04,0.02,0.02,518,2.1756000000000003e-05,1,0.92,D-rand,0.92
7845,B,1,B,0.61,0.5,0.07,0.61,0.29,0.03,466,1.9572e-05,1,0.61,D-rand,0.61
7848,B,1,B,0.47,0.3,0.14,0.47,0.26,0.13,523,2.1966000000000003e-05,1,0.47,D-rand,0.47
7849,A,0,A,0.62,0.49,0.62,0.24,0.05,0.09,457,1.9194000000000003e-05,1,0.62,D-rand,0.62
7852,A,0,A,0.81,0.75,0.81,0.16,0.01,0.02,462,1.9404e-05,1,0.81,D-rand,0.81
7851,B,1,B,0.44,0.26,0.29,0.44,0.1,0.17,480,2.016e-05,1,0.44,D-rand,0.44
7853,B,1,B,0.91,0.87,0.04,0.91,0.03,0.02,483,2.0286e-05,1,0.91,D-rand,0.91
7855,A,0,A,0.64,0.53,0.64,0.04,0.09,0.23,526,2.2092e-05,1,0.64,D-rand,0.64
7858,B,1,B,0.39,0.18,0.34,0.39,0.21,0.06,430,1.8060000000000003e-05,1,0.39,D-rand,0.39
7857,C,2,C,0.9,0.87,0.02,0.04,0.9,0.04,499,2.0958e-05,1,0.9,D-rand,0.9
7850,C,2,A,0.55,0.41,0.55,0.12,0.29,0.04,510,2.142e-05,0,0.29,D-rand,0.55
7860,D,3,C,0.42,0.22,0.3,0.16,0.42,0.12,470,1.974e-05,0,0.12,D-rand,0.42
7863,B,1,B,0.95,0.93,0.02,0.95,0.03,0.0,465,1.953e-05,1,0.95,D-rand,0.95
7862,A,0,A,1.0,1.0,1.0,0.0,0.0,0.0,555,2.331e-05,1,1.0,D-rand,1.0
7861,B,1,B,0.5,0.33,0.2,0.5,0.26,0.04,487,2.0454e-05,1,0.5,D-rand,0.5
7864,D,3,D,0.66,0.55,0.29,0.03,0.02,0.66,480,2.016e-05,1,0.66,D-rand,0.66
7865,D,3,D,0.89,0.87,0.04,0.05,0.02,0.89,436,1.8312e-05,1,0.89,D-rand,0.89
7867,C,2,C,0.75,0.66,0.23,0.01,0.75,0.01,514,2.1588e-05,1,0.75,D-rand,0.75
7868,D,3,D,0.8,0.73,0.08,0.07,0.05,0.8,469,1.9698e-05,1,0.8,D-rand,0.8
7866,D,3,D,0.77,0.7000000000000001,0.01,0.05,0.17,0.77,500,2.1e-05,1,0.77,D-rand,0.77
7871,C,2,C,0.62,0.49,0.09,0.26,0.62,0.03,468,1.9656000000000003e-05,1,0.62,D-rand,0.62
7869,D,3,D,0.54,0.38,0.41,0.04,0.01,0.54,547,2.2974000000000004e-05,1,0.54,D-rand,0.54
7870,D,3,A,0.38,0.17,0.38,0.28,0.04,0.3,494,2.0748000000000005e-05,0,0.3,D-rand,0.38
7872,D,3,D,0.76,0.66,0.03,0.15,0.06,0.76,468,1.9656000000000003e-05,1,0.76,D-rand,0.76
7873,C,2,C,0.95,0.92,0.01,0.04,0.95,0.0,512,2.1504e-05,1,0.95,D-rand,0.95
7875,C,2,C,0.6000000000000001,0.46,0.16,0.13,0.6000000000000001,0.11,417,1.7514000000000002e-05,1,0.6000000000000001,D-rand,0.6000000000000001
7874,C,2,C,0.48,0.3,0.26,0.04,0.48,0.22,441,1.8522000000000003e-05,1,0.48,D-rand,0.48
7876,A,0,A,0.49,0.32,0.49,0.05,0.28,0.18,497,2.0874000000000004e-05,1,0.49,D-rand,0.49
7878,B,1,C,0.62,0.49,0.04,0.21,0.62,0.13,484,2.0328000000000003e-05,0,0.21,D-rand,0.62
7877,C,2,D,0.34,0.12,0.3,0.26,0.1,0.34,504,2.1168e-05,0,0.1,D-rand,0.34
7879,B,1,B,0.79,0.71,0.08,0.79,0.09,0.04,485,2.037e-05,1,0.79,D-rand,0.79
7880,B,1,C,0.71,0.62,0.11,0.17,0.71,0.01,433,1.8186e-05,0,0.17,D-rand,0.71
7883,A,0,B,0.8,0.73,0.17,0.8,0.01,0.02,527,2.2134e-05,0,0.17,D-rand,0.8
7881,D,3,D,0.78,0.71,0.05,0.06,0.11,0.78,417,1.7514000000000002e-05,1,0.78,D-rand,0.78
7882,C,2,C,1.0,1.0,0.0,0.0,1.0,0.0,446,1.8732000000000003e-05,1,1.0,D-rand,1.0
7884,B,1,A,0.39,0.18,0.39,0.3,0.04,0.27,427,1.7934e-05,0,0.3,D-rand,0.39
7886,A,0,A,0.92,0.89,0.92,0.01,0.0,0.07,458,1.9236e-05,1,0.92,D-rand,0.92
7885,B,1,B,0.87,0.84,0.1,0.87,0.01,0.02,542,2.2764000000000004e-05,1,0.87,D-rand,0.87
7887,A,0,A,0.81,0.74,0.81,0.09,0.01,0.09,531,2.2302e-05,1,0.81,D-rand,0.81
7888,D,3,D,0.98,0.97,0.02,0.0,0.0,0.98,440,1.848e-05,1,0.98,D-rand,0.98
7890,D,3,D,1.0,0.99,0.0,0.0,0.0,1.0,452,1.8984000000000003e-05,1,1.0,D-rand,1.0
7891,C,2,A,0.66,0.54,0.66,0.07,0.22,0.05,472,1.9824e-05,0,0.22,D-rand,0.66
7889,C,2,C,0.94,0.92,0.01,0.04,0.94,0.01,457,1.9194000000000003e-05,1,0.94,D-rand,0.94
7892,A,0,C,0.45,0.27,0.45,0.03,0.45,0.07,457,1.9194000000000003e-05,0,0.45,D-rand,0.45
7895,C,2,C,0.49,0.31,0.09,0.36,0.49,0.06,512,2.1504e-05,1,0.49,D-rand,0.49
7898,D,3,D,1.0,1.0,0.0,0.0,0.0,1.0,501,2.1042000000000003e-05,1,1.0,D-rand,1.0
7894,D,3,A,0.73,0.64,0.73,0.04,0.05,0.18,468,1.9656000000000003e-05,0,0.18,D-rand,0.73
7896,B,1,B,0.94,0.92,0.05,0.94,0.0,0.01,529,2.2218000000000003e-05,1,0.94,D-rand,0.94
7900,B,1,B,0.53,0.38,0.05,0.53,0.39,0.03,490,2.058e-05,1,0.53,D-rand,0.53
7893,A,0,B,0.65,0.54,0.24,0.65,0.08,0.03,492,2.0664e-05,0,0.24,D-rand,0.65
7901,B,1,B,0.79,0.72,0.17,0.79,0.01,0.03,484,2.0328000000000003e-05,1,0.79,D-rand,0.79
7899,C,2,A,0.51,0.33,0.51,0.24,0.1,0.15,483,2.0286e-05,0,0.1,D-rand,0.51
7906,A,0,C,0.52,0.36,0.06,0.29,0.52,0.13,546,2.2932000000000003e-05,0,0.06,D-rand,0.52
7902,C,2,C,0.96,0.96,0.02,0.01,0.96,0.01,465,1.953e-05,1,0.96,D-rand,0.96
7908,B,1,B,0.92,0.9,0.04,0.92,0.03,0.01,464,1.9488000000000004e-05,1,0.92,D-rand,0.92
7903,C,2,C,0.98,0.98,0.01,0.01,0.98,0.0,460,1.932e-05,1,0.98,D-rand,0.98
7910,B,1,B,1.0,1.0,0.0,1.0,0.0,0.0,431,1.8102e-05,1,1.0,D-rand,1.0
7907,D,3,A,0.48,0.31,0.48,0.29,0.14,0.09,450,1.89e-05,0,0.09,D-rand,0.48
7904,A,0,A,0.93,0.91,0.93,0.02,0.04,0.01,479,2.0118000000000003e-05,1,0.93,D-rand,0.93
7909,D,3,D,0.86,0.8200000000000001,0.01,0.05,0.08,0.86,467,1.9614e-05,1,0.86,D-rand,0.86
7913,D,3,C,0.3,0.07,0.26,0.16,0.3,0.28,459,1.9278e-05,0,0.28,D-rand,0.3
7912,D,3,A,0.66,0.55,0.66,0.01,0.02,0.31,458,1.9236e-05,0,0.31,D-rand,0.66
7914,C,2,C,0.92,0.89,0.01,0.07,0.92,0.0,466,1.9572e-05,1,0.92,D-rand,0.92
7915,A,0,A,0.45,0.27,0.45,0.06,0.06,0.43,479,2.0118000000000003e-05,1,0.45,D-rand,0.45
7920,D,3,D,0.58,0.44,0.11,0.26,0.05,0.58,498,2.0916000000000004e-05,1,0.58,D-rand,0.58
7918,B,1,D,0.8200000000000001,0.75,0.05,0.1,0.03,0.8200000000000001,502,2.1084000000000003e-05,0,0.1,D-rand,0.8200000000000001
7916,A,0,A,0.78,0.71,0.78,0.02,0.01,0.19,452,1.8984000000000003e-05,1,0.78,D-rand,0.78
7921,B,1,B,0.97,0.97,0.01,0.97,0.01,0.01,461,1.9362e-05,1,0.97,D-rand,0.97
7923,B,1,B,0.76,0.68,0.23,0.76,0.01,0.0,507,2.1294e-05,1,0.76,D-rand,0.76
7922,B,1,B,0.5,0.33,0.04,0.5,0.44,0.02,475,1.9950000000000004e-05,1,0.5,D-rand,0.5
7927,A,0,A,0.84,0.79,0.84,0.09,0.04,0.03,445,1.869e-05,1,0.84,D-rand,0.84
7924,A,0,A,0.98,0.96,0.98,0.02,0.0,0.0,472,1.9824e-05,1,0.98,D-rand,0.98
7928,D,3,D,0.99,0.98,0.01,0.0,0.0,0.99,470,1.974e-05,1,0.99,D-rand,0.99
7932,C,2,C,0.94,0.92,0.01,0.04,0.94,0.01,459,1.9278e-05,1,0.94,D-rand,0.94
7929,C,2,B,0.84,0.79,0.02,0.84,0.08,0.06,483,2.0286e-05,0,0.08,D-rand,0.84
7931,B,1,B,1.0,0.99,0.0,1.0,0.0,0.0,455,1.911e-05,1,1.0,D-rand,1.0
7933,B,1,A,0.52,0.37,0.52,0.44,0.02,0.02,538,2.2596e-05,0,0.44,D-rand,0.52
7937,C,2,C,0.97,0.95,0.0,0.01,0.97,0.02,478,2.0076e-05,1,0.97,D-rand,0.97
7934,C,2,B,0.44,0.25,0.08,0.44,0.17,0.31,431,1.8102e-05,0,0.17,D-rand,0.44
7935,D,3,D,0.66,0.54,0.04,0.26,0.04,0.66,472,1.9824e-05,1,0.66,D-rand,0.66
7936,C,2,C,0.72,0.63,0.12,0.12,0.72,0.04,501,2.1042000000000003e-05,1,0.72,D-rand,0.72
7940,C,2,A,0.42,0.23,0.42,0.31,0.2,0.07,448,1.8816000000000004e-05,0,0.2,D-rand,0.42
7938,C,2,C,0.84,0.8,0.12,0.01,0.84,0.03,454,1.9068e-05,1,0.84,D-rand,0.84
7939,B,1,D,0.81,0.75,0.07,0.07,0.05,0.81,474,1.9908000000000003e-05,0,0.07,D-rand,0.81
7941,C,2,A,0.41,0.21,0.41,0.19,0.12,0.28,456,1.9152e-05,0,0.12,D-rand,0.41
7942,C,2,C,0.9,0.87,0.1,0.0,0.9,0.0,457,1.9194000000000003e-05,1,0.9,D-rand,0.9
7943,A,0,A,1.0,0.99,1.0,0.0,0.0,0.0,463,1.9446e-05,1,1.0,D-rand,1.0
7947,A,0,A,0.86,0.8200000000000001,0.86,0.07,0.06,0.01,476,1.9992e-05,1,0.86,D-rand,0.86
7945,C,2,C,0.66,0.55,0.04,0.05,0.66,0.25,449,1.8858e-05,1,0.66,D-rand,0.66
7946,B,1,B,0.97,0.96,0.02,0.97,0.0,0.01,513,2.1546e-05,1,0.97,D-rand,0.97
7944,C,2,C,0.75,0.67,0.1,0.03,0.75,0.12,464,1.9488000000000004e-05,1,0.75,D-rand,0.75
7949,D,3,B,0.53,0.37,0.02,0.53,0.04,0.41,513,2.1546e-05,0,0.41,D-rand,0.53
7950,D,3,A,0.5700000000000001,0.43,0.5700000000000001,0.11,0.08,0.24,448,1.8816000000000004e-05,0,0.24,D-rand,0.5700000000000001
7948,C,2,C,0.92,0.91,0.01,0.01,0.92,0.06,511,2.1462e-05,1,0.92,D-rand,0.92
7951,B,1,B,0.46,0.27,0.34,0.46,0.16,0.04,447,1.8774000000000004e-05,1,0.46,D-rand,0.46
7953,A,0,A,0.43,0.24,0.43,0.23,0.03,0.31,437,1.8354e-05,1,0.43,D-rand,0.43
7955,C,2,C,0.399999999999999,0.21,0.34,0.07,0.399999999999999,0.19,508,2.1336e-05,1,0.399999999999999,D-rand,0.399999999999999
7954,D,3,D,1.0,1.0,0.0,0.0,0.0,1.0,480,2.016e-05,1,1.0,D-rand,1.0
7952,B,1,B,1.0,1.0,0.0,1.0,0.0,0.0,531,2.2302e-05,1,1.0,D-rand,1.0
7959,A,0,A,0.48,0.31,0.48,0.24,0.15,0.13,466,1.9572e-05,1,0.48,D-rand,0.48
7956,B,1,B,1.0,1.0,0.0,1.0,0.0,0.0,471,1.9782000000000005e-05,1,1.0,D-rand,1.0
7957,C,2,C,1.0,0.99,0.0,0.0,1.0,0.0,470,1.974e-05,1,1.0,D-rand,1.0
7958,B,1,B,0.4,0.2,0.35,0.4,0.05,0.2,436,1.8312e-05,1,0.4,D-rand,0.4
7961,D,3,D,0.51,0.35,0.15,0.06,0.28,0.51,444,1.8648e-05,1,0.51,D-rand,0.51
7963,A,0,A,0.96,0.94,0.96,0.01,0.01,0.02,434,1.8228e-05,1,0.96,D-rand,0.96
7962,C,2,A,0.75,0.66,0.75,0.13,0.12,0.0,428,1.7976000000000002e-05,0,0.12,D-rand,0.75
7960,D,3,D,0.89,0.85,0.01,0.04,0.06,0.89,466,1.9572e-05,1,0.89,D-rand,0.89
7964,B,1,B,1.0,1.0,0.0,1.0,0.0,0.0,514,2.1588e-05,1,1.0,D-rand,1.0
7966,B,1,B,0.8,0.74,0.07,0.8,0.1,0.02,465,1.953e-05,1,0.8,D-rand,0.8
7967,C,2,D,0.48,0.3,0.02,0.15,0.35,0.48,478,2.0076e-05,0,0.35,D-rand,0.48
7970,B,1,B,0.87,0.84,0.05,0.87,0.03,0.05,448,1.8816000000000004e-05,1,0.87,D-rand,0.87
7969,D,3,D,0.91,0.88,0.01,0.02,0.06,0.91,429,1.8018000000000003e-05,1,0.91,D-rand,0.91
7971,C,2,C,1.0,1.0,0.0,0.0,1.0,0.0,501,2.1042000000000003e-05,1,1.0,D-rand,1.0
7968,D,3,C,0.6000000000000001,0.47,0.05,0.21,0.6000000000000001,0.14,524,2.2008000000000003e-05,0,0.14,D-rand,0.6000000000000001
7965,A,0,A,1.0,0.99,1.0,0.0,0.0,0.0,441,1.8522000000000003e-05,1,1.0,D-rand,1.0
7973,C,2,A,0.55,0.4,0.55,0.07,0.32,0.06,488,2.0496e-05,0,0.32,D-rand,0.55
7972,D,3,B,0.38,0.18,0.19,0.38,0.18,0.25,446,1.8732000000000003e-05,0,0.25,D-rand,0.38
7974,D,3,C,0.48,0.3,0.13,0.13,0.48,0.26,431,1.8102e-05,0,0.26,D-rand,0.48
7976,B,1,B,1.0,0.99,0.0,1.0,0.0,0.0,478,2.0076e-05,1,1.0,D-rand,1.0
7977,C,2,C,0.78,0.71,0.19,0.01,0.78,0.02,445,1.869e-05,1,0.78,D-rand,0.78
7978,B,1,C,0.43,0.23,0.29,0.08,0.43,0.2,443,1.8606e-05,0,0.08,D-rand,0.43
7980,B,1,A,0.92,0.88,0.92,0.04,0.03,0.01,499,2.0958e-05,0,0.04,D-rand,0.92
7979,B,1,B,0.91,0.87,0.05,0.91,0.02,0.02,471,1.9782000000000005e-05,1,0.91,D-rand,0.91
7981,C,2,D,0.87,0.84,0.08,0.03,0.02,0.87,455,1.911e-05,0,0.02,D-rand,0.87
7982,C,2,C,0.45,0.27,0.09,0.08,0.45,0.38,436,1.8312e-05,1,0.45,D-rand,0.45
7984,C,2,A,0.39,0.19,0.39,0.31,0.21,0.09,475,1.9950000000000004e-05,0,0.21,D-rand,0.39
7983,D,3,D,0.78,0.71,0.16,0.03,0.03,0.78,451,1.8942000000000003e-05,1,0.78,D-rand,0.78
7987,D,3,D,0.58,0.44,0.36,0.03,0.03,0.58,500,2.1e-05,1,0.58,D-rand,0.58
7988,B,1,B,0.91,0.87,0.09,0.91,0.0,0.0,434,1.8228e-05,1,0.91,D-rand,0.91
7985,B,1,B,0.96,0.95,0.02,0.96,0.01,0.01,418,1.7556000000000003e-05,1,0.96,D-rand,0.96
7986,D,3,D,0.77,0.7000000000000001,0.04,0.18,0.01,0.77,518,2.1756000000000003e-05,1,0.77,D-rand,0.77
7989,A,0,A,0.98,0.97,0.98,0.01,0.0,0.01,564,2.3688000000000004e-05,1,0.98,D-rand,0.98
7990,A,0,D,0.75,0.66,0.09,0.08,0.08,0.75,446,1.8732000000000003e-05,0,0.09,D-rand,0.75
7992,B,1,B,1.0,1.0,0.0,1.0,0.0,0.0,441,1.8522000000000003e-05,1,1.0,D-rand,1.0
7993,D,3,D,1.0,1.0,0.0,0.0,0.0,1.0,445,1.869e-05,1,1.0,D-rand,1.0
7996,D,3,D,0.66,0.54,0.16,0.14,0.04,0.66,471,1.9782000000000005e-05,1,0.66,D-rand,0.66
7994,A,0,A,1.0,1.0,1.0,0.0,0.0,0.0,473,1.9866000000000003e-05,1,1.0,D-rand,1.0
7997,A,0,A,0.59,0.46,0.59,0.01,0.39,0.01,443,1.8606e-05,1,0.59,D-rand,0.59
7991,A,0,A,0.9,0.87,0.9,0.05,0.01,0.04,461,1.9362e-05,1,0.9,D-rand,0.9
7995,B,1,B,0.9,0.86,0.03,0.9,0.02,0.05,486,2.0412e-05,1,0.9,D-rand,0.9
7999,A,0,A,0.92,0.89,0.92,0.04,0.03,0.01,468,1.9656000000000003e-05,1,0.92,D-rand,0.92
8000,D,3,D,0.72,0.63,0.26,0.01,0.01,0.72,440,1.848e-05,1,0.72,D-rand,0.72
7998,A,0,A,0.88,0.85,0.88,0.03,0.02,0.07,539,2.2638e-05,1,0.88,D-rand,0.88
8002,D,3,A,0.54,0.37,0.54,0.09,0.32,0.05,497,2.0874000000000004e-05,0,0.05,D-rand,0.54
8001,A,0,A,0.96,0.94,0.96,0.02,0.02,0.0,473,1.9866000000000003e-05,1,0.96,D-rand,0.96
8005,D,3,A,0.86,0.8200000000000001,0.86,0.02,0.06,0.06,473,1.9866000000000003e-05,0,0.06,D-rand,0.86
8003,D,3,A,0.61,0.48,0.61,0.06,0.08,0.25,495,2.0790000000000003e-05,0,0.25,D-rand,0.61
8004,C,2,C,0.8300000000000001,0.78,0.06,0.1,0.8300000000000001,0.01,457,1.9194000000000003e-05,1,0.8300000000000001,D-rand,0.8300000000000001
8008,C,2,C,0.49,0.32,0.05,0.45,0.49,0.01,465,1.953e-05,1,0.49,D-rand,0.49
8006,C,2,C,0.9,0.86,0.07,0.0,0.9,0.03,465,1.953e-05,1,0.9,D-rand,0.9
8007,B,1,B,0.73,0.62,0.02,0.73,0.22,0.03,448,1.8816000000000004e-05,1,0.73,D-rand,0.73
8009,B,1,D,0.51,0.35,0.04,0.34,0.11,0.51,452,1.8984000000000003e-05,0,0.34,D-rand,0.51
8010,D,3,C,0.5700000000000001,0.42,0.23,0.08,0.5700000000000001,0.12,497,2.0874000000000004e-05,0,0.12,D-rand,0.5700000000000001
8011,D,3,A,0.6900000000000001,0.59,0.6900000000000001,0.2,0.08,0.03,461,1.9362e-05,0,0.03,D-rand,0.6900000000000001
8012,A,0,A,0.5700000000000001,0.42,0.5700000000000001,0.37,0.03,0.03,508,2.1336e-05,1,0.5700000000000001,D-rand,0.5700000000000001
8015,B,1,B,0.96,0.94,0.01,0.96,0.0,0.03,443,1.8606e-05,1,0.96,D-rand,0.96
8017,A,0,A,1.0,0.99,1.0,0.0,0.0,0.0,533,2.2386e-05,1,1.0,D-rand,1.0
8018,B,1,C,0.65,0.55,0.22,0.06,0.65,0.07,492,2.0664e-05,0,0.06,D-rand,0.65
8016,C,2,D,0.6900000000000001,0.6000000000000001,0.1,0.02,0.19,0.6900000000000001,435,1.827e-05,0,0.19,D-rand,0.6900000000000001
8021,B,1,B,0.81,0.75,0.06,0.81,0.1,0.02,491,2.0622e-05,1,0.81,D-rand,0.81
8022,B,1,A,0.58,0.44,0.58,0.37,0.03,0.02,500,2.1e-05,0,0.37,D-rand,0.58
8020,A,0,A,0.5700000000000001,0.42,0.5700000000000001,0.04,0.12,0.27,549,2.3058e-05,1,0.5700000000000001,D-rand,0.5700000000000001
8024,A,0,A,0.98,0.96,0.98,0.02,0.0,0.0,556,2.3352000000000003e-05,1,0.98,D-rand,0.98
8028,C,2,C,0.7000000000000001,0.6000000000000001,0.2,0.02,0.7000000000000001,0.08,503,2.1126e-05,1,0.7000000000000001,D-rand,0.7000000000000001
8025,D,3,D,0.66,0.56,0.04,0.13,0.17,0.66,485,2.037e-05,1,0.66,D-rand,0.66
8026,D,3,B,0.53,0.37,0.19,0.53,0.15,0.13,488,2.0496e-05,0,0.13,D-rand,0.53
8029,B,1,B,0.67,0.56,0.04,0.67,0.05,0.24,437,1.8354e-05,1,0.67,D-rand,0.67
8023,A,0,A,0.84,0.8,0.84,0.13,0.02,0.01,506,2.1252000000000003e-05,1,0.84,D-rand,0.84
8030,D,3,D,0.45,0.26,0.16,0.3,0.09,0.45,471,1.9782000000000005e-05,1,0.45,D-rand,0.45
8033,C,2,C,0.97,0.96,0.01,0.02,0.97,0.0,453,1.9026000000000004e-05,1,0.97,D-rand,0.97
8031,A,0,D,0.66,0.54,0.21,0.05,0.08,0.66,506,2.1252000000000003e-05,0,0.21,D-rand,0.66
8034,A,0,A,0.39,0.17,0.39,0.36,0.05,0.2,444,1.8648e-05,1,0.39,D-rand,0.39
8035,D,3,D,0.63,0.5,0.03,0.25,0.09,0.63,498,2.0916000000000004e-05,1,0.63,D-rand,0.63
8037,C,2,A,0.9,0.87,0.9,0.01,0.06,0.03,510,2.142e-05,0,0.06,D-rand,0.9
8038,C,2,C,0.45,0.26,0.33,0.13,0.45,0.09,431,1.8102e-05,1,0.45,D-rand,0.45
8039,A,0,D,0.4,0.19,0.35,0.07,0.18,0.4,427,1.7934e-05,0,0.35,D-rand,0.4
8040,C,2,C,0.68,0.58,0.11,0.19,0.68,0.01,476,1.9992e-05,1,0.68,D-rand,0.68
8041,C,2,C,0.97,0.96,0.03,0.0,0.97,0.0,482,2.0244e-05,1,0.97,D-rand,0.97
8042,C,2,A,0.47,0.29,0.47,0.14,0.38,0.01,480,2.016e-05,0,0.38,D-rand,0.47
8044,B,1,B,0.8200000000000001,0.75,0.18,0.8200000000000001,0.0,0.0,548,2.3016e-05,1,0.8200000000000001,D-rand,0.8200000000000001
8045,D,3,D,0.8200000000000001,0.76,0.1,0.04,0.04,0.8200000000000001,488,2.0496e-05,1,0.8200000000000001,D-rand,0.8200000000000001
8047,D,3,D,0.58,0.45,0.15,0.21,0.06,0.58,433,1.8186e-05,1,0.58,D-rand,0.58
8050,C,2,C,0.8,0.74,0.01,0.01,0.8,0.17,470,1.974e-05,1,0.8,D-rand,0.8
8046,B,1,B,0.61,0.47,0.08,0.61,0.27,0.04,439,1.8438e-05,1,0.61,D-rand,0.61
8048,B,1,B,0.87,0.8200000000000001,0.05,0.87,0.06,0.02,483,2.0286e-05,1,0.87,D-rand,0.87
8052,A,0,A,0.95,0.94,0.95,0.01,0.01,0.03,479,2.0118000000000003e-05,1,0.95,D-rand,0.95
8054,C,2,C,0.8200000000000001,0.77,0.1,0.06,0.8200000000000001,0.02,459,1.9278e-05,1,0.8200000000000001,D-rand,0.8200000000000001
8056,B,1,B,0.98,0.98,0.01,0.98,0.0,0.01,428,1.7976000000000002e-05,1,0.98,D-rand,0.98
8055,C,2,D,0.52,0.36,0.05,0.18,0.25,0.52,489,2.0538e-05,0,0.25,D-rand,0.52
8062,A,0,C,0.51,0.34,0.41,0.03,0.51,0.05,474,1.9908000000000003e-05,0,0.41,D-rand,0.51
8059,B,1,B,0.77,0.6900000000000001,0.06,0.77,0.14,0.03,447,1.8774000000000004e-05,1,0.77,D-rand,0.77
8061,A,0,A,0.95,0.92,0.95,0.03,0.02,0.0,463,1.9446e-05,1,0.95,D-rand,0.95
8064,C,2,C,0.58,0.44,0.15,0.1,0.58,0.17,465,1.953e-05,1,0.58,D-rand,0.58
8057,B,1,B,0.93,0.91,0.02,0.93,0.04,0.01,446,1.8732000000000003e-05,1,0.93,D-rand,0.93
8063,A,0,A,0.93,0.91,0.93,0.01,0.02,0.04,497,2.0874000000000004e-05,1,0.93,D-rand,0.93
8065,B,1,D,0.61,0.48,0.17,0.15,0.07,0.61,450,1.89e-05,0,0.15,D-rand,0.61
8066,A,0,A,0.8300000000000001,0.78,0.8300000000000001,0.15,0.01,0.01,467,1.9614e-05,1,0.8300000000000001,D-rand,0.8300000000000001
8070,B,1,D,0.52,0.36,0.05,0.42,0.01,0.52,510,2.142e-05,0,0.42,D-rand,0.52
8069,D,3,B,0.67,0.5700000000000001,0.12,0.67,0.03,0.18,453,1.9026000000000004e-05,0,0.18,D-rand,0.67
8067,A,0,A,0.9,0.87,0.9,0.05,0.03,0.02,484,2.0328000000000003e-05,1,0.9,D-rand,0.9
8076,B,1,B,0.63,0.5,0.06,0.63,0.29,0.02,455,1.911e-05,1,0.63,D-rand,0.63
8073,A,0,A,0.99,0.99,0.99,0.0,0.0,0.01,582,2.4444e-05,1,0.99,D-rand,0.99
8074,D,3,D,0.8300000000000001,0.78,0.04,0.1,0.03,0.8300000000000001,476,1.9992e-05,1,0.8300000000000001,D-rand,0.8300000000000001
8077,B,1,B,1.0,0.99,0.0,1.0,0.0,0.0,474,1.9908000000000003e-05,1,1.0,D-rand,1.0
8078,B,1,A,0.45,0.28,0.45,0.44,0.07,0.04,515,2.163e-05,0,0.44,D-rand,0.45
8081,A,0,A,0.88,0.84,0.88,0.03,0.09,0.0,442,1.8564e-05,1,0.88,D-rand,0.88
8080,D,3,D,0.52,0.36,0.14,0.16,0.18,0.52,530,2.226e-05,1,0.52,D-rand,0.52
8083,D,3,D,0.85,0.8,0.12,0.02,0.01,0.85,450,1.89e-05,1,0.85,D-rand,0.85
8082,C,2,C,1.0,0.99,0.0,0.0,1.0,0.0,414,1.7388e-05,1,1.0,D-rand,1.0
8079,B,1,B,0.99,0.99,0.01,0.99,0.0,0.0,479,2.0118000000000003e-05,1,0.99,D-rand,0.99
8084,A,0,A,1.0,1.0,1.0,0.0,0.0,0.0,447,1.8774000000000004e-05,1,1.0,D-rand,1.0
8085,B,1,B,1.0,0.99,0.0,1.0,0.0,0.0,458,1.9236e-05,1,1.0,D-rand,1.0
8086,B,1,A,0.45,0.27,0.45,0.27,0.15,0.13,456,1.9152e-05,0,0.27,D-rand,0.45
8091,B,1,B,0.79,0.72,0.07,0.79,0.04,0.1,441,1.8522000000000003e-05,1,0.79,D-rand,0.79
8087,B,1,B,1.0,0.99,0.0,1.0,0.0,0.0,469,1.9698e-05,1,1.0,D-rand,1.0
8089,C,2,C,0.89,0.85,0.05,0.01,0.89,0.05,463,1.9446e-05,1,0.89,D-rand,0.89
8088,D,3,D,0.91,0.87,0.02,0.01,0.06,0.91,442,1.8564e-05,1,0.91,D-rand,0.91
8093,B,1,B,0.64,0.52,0.06,0.64,0.07,0.23,486,2.0412e-05,1,0.64,D-rand,0.64
8092,C,2,B,0.52,0.37,0.04,0.52,0.37,0.07,538,2.2596e-05,0,0.37,D-rand,0.52
8094,A,0,A,1.0,1.0,1.0,0.0,0.0,0.0,467,1.9614e-05,1,1.0,D-rand,1.0
8095,B,1,B,0.91,0.87,0.07,0.91,0.01,0.01,485,2.037e-05,1,0.91,D-rand,0.91
8096,B,1,A,0.39,0.19,0.39,0.3,0.11,0.2,523,2.1966000000000003e-05,0,0.3,D-rand,0.39
8098,A,0,A,1.0,1.0,1.0,0.0,0.0,0.0,455,1.911e-05,1,1.0,D-rand,1.0
8100,A,0,A,0.95,0.94,0.95,0.03,0.01,0.01,462,1.9404e-05,1,0.95,D-rand,0.95
8097,D,3,C,0.65,0.52,0.08,0.11,0.65,0.16,484,2.0328000000000003e-05,0,0.16,D-rand,0.65
8101,A,0,A,1.0,1.0,1.0,0.0,0.0,0.0,520,2.1840000000000004e-05,1,1.0,D-rand,1.0
8102,D,3,D,0.96,0.96,0.02,0.01,0.01,0.96,462,1.9404e-05,1,0.96,D-rand,0.96
8099,C,2,C,0.86,0.81,0.06,0.04,0.86,0.04,552,2.3184000000000004e-05,1,0.86,D-rand,0.86
8103,A,0,D,0.41,0.22,0.23,0.22,0.14,0.41,449,1.8858e-05,0,0.23,D-rand,0.41
8106,D,3,D,0.49,0.32,0.35,0.07,0.09,0.49,490,2.058e-05,1,0.49,D-rand,0.49
8109,B,1,B,0.77,0.7000000000000001,0.21,0.77,0.01,0.01,448,1.8816000000000004e-05,1,0.77,D-rand,0.77
8111,D,3,D,0.62,0.49,0.08,0.19,0.11,0.62,524,2.2008000000000003e-05,1,0.62,D-rand,0.62
8107,D,3,A,0.44,0.25,0.44,0.09,0.1,0.37,463,1.9446e-05,0,0.37,D-rand,0.44
8113,D,3,C,0.56,0.42,0.11,0.12,0.56,0.2,448,1.8816000000000004e-05,0,0.2,D-rand,0.56
8114,B,1,B,0.45,0.26,0.14,0.45,0.06,0.35,433,1.8186e-05,1,0.45,D-rand,0.45
8116,D,3,A,0.39,0.18,0.39,0.28,0.1,0.23,477,2.0034e-05,0,0.23,D-rand,0.39
8115,C,2,A,0.5,0.33,0.5,0.03,0.45,0.02,478,2.0076e-05,0,0.45,D-rand,0.5
8118,B,1,B,0.93,0.9,0.05,0.93,0.01,0.01,457,1.9194000000000003e-05,1,0.93,D-rand,0.93
8123,D,3,B,0.47,0.29,0.12,0.47,0.05,0.36,459,1.9278e-05,0,0.36,D-rand,0.47
8121,D,3,D,0.94,0.92,0.02,0.0,0.04,0.94,525,2.2050000000000004e-05,1,0.94,D-rand,0.94
8120,C,2,C,0.99,0.99,0.0,0.01,0.99,0.0,463,1.9446e-05,1,0.99,D-rand,0.99
8122,A,0,A,0.84,0.79,0.84,0.02,0.12,0.02,462,1.9404e-05,1,0.84,D-rand,0.84
8117,B,1,B,0.85,0.79,0.03,0.85,0.02,0.1,500,2.1e-05,1,0.85,D-rand,0.85
8125,A,0,A,0.8200000000000001,0.75,0.8200000000000001,0.04,0.14,0.0,499,2.0958e-05,1,0.8200000000000001,D-rand,0.8200000000000001
8126,D,3,D,0.88,0.84,0.1,0.0,0.02,0.88,466,1.9572e-05,1,0.88,D-rand,0.88
8127,D,3,D,0.8300000000000001,0.77,0.07,0.02,0.08,0.8300000000000001,428,1.7976000000000002e-05,1,0.8300000000000001,D-rand,0.8300000000000001
8130,C,2,C,0.99,0.98,0.01,0.0,0.99,0.0,481,2.0202e-05,1,0.99,D-rand,0.99
8131,D,3,D,0.92,0.89,0.01,0.01,0.06,0.92,449,1.8858e-05,1,0.92,D-rand,0.92
8129,C,2,C,0.85,0.79,0.15,0.0,0.85,0.0,535,2.247e-05,1,0.85,D-rand,0.85
8133,A,0,A,0.55,0.4,0.55,0.01,0.41,0.03,467,1.9614e-05,1,0.55,D-rand,0.55
8134,A,0,A,0.61,0.48,0.61,0.1,0.26,0.03,452,1.8984000000000003e-05,1,0.61,D-rand,0.61
8132,D,3,D,0.97,0.97,0.02,0.01,0.0,0.97,478,2.0076e-05,1,0.97,D-rand,0.97
8136,D,3,D,0.71,0.61,0.05,0.08,0.16,0.71,447,1.8774000000000004e-05,1,0.71,D-rand,0.71
8135,C,2,C,0.93,0.9,0.02,0.04,0.93,0.01,448,1.8816000000000004e-05,1,0.93,D-rand,0.93
8137,C,2,C,0.96,0.94,0.02,0.01,0.96,0.01,466,1.9572e-05,1,0.96,D-rand,0.96
8139,C,2,C,0.93,0.91,0.04,0.01,0.93,0.02,522,2.1924e-05,1,0.93,D-rand,0.93
8140,A,0,A,0.45,0.26,0.45,0.17,0.04,0.34,479,2.0118000000000003e-05,1,0.45,D-rand,0.45
8141,A,0,A,1.0,1.0,1.0,0.0,0.0,0.0,513,2.1546e-05,1,1.0,D-rand,1.0
8142,C,2,C,0.96,0.94,0.0,0.0,0.96,0.04,472,1.9824e-05,1,0.96,D-rand,0.96
8144,C,2,C,0.94,0.93,0.01,0.04,0.94,0.01,530,2.226e-05,1,0.94,D-rand,0.94
8143,C,2,A,0.4,0.2,0.4,0.07,0.35,0.18,432,1.8144e-05,0,0.35,D-rand,0.4
8147,B,1,A,0.78,0.7000000000000001,0.78,0.04,0.11,0.07,462,1.9404e-05,0,0.04,D-rand,0.78
8145,A,0,A,0.6000000000000001,0.47,0.6000000000000001,0.04,0.06,0.3,430,1.8060000000000003e-05,1,0.6000000000000001,D-rand,0.6000000000000001
8148,D,3,D,0.52,0.36,0.17,0.2,0.11,0.52,470,1.974e-05,1,0.52,D-rand,0.52
8138,A,0,A,0.929999999999999,0.91,0.929999999999999,0.05,0.01,0.01,496,2.0832000000000003e-05,1,0.929999999999999,D-rand,0.929999999999999
8149,A,0,D,0.66,0.55,0.1,0.12,0.12,0.66,448,1.8816000000000004e-05,0,0.1,D-rand,0.66
8150,C,2,C,0.42,0.23,0.34,0.12,0.42,0.12,502,2.1084000000000003e-05,1,0.42,D-rand,0.42
8151,B,1,B,0.84,0.79,0.04,0.84,0.05,0.07,488,2.0496e-05,1,0.84,D-rand,0.84
8152,C,2,C,0.5700000000000001,0.42,0.02,0.35,0.5700000000000001,0.06,445,1.869e-05,1,0.5700000000000001,D-rand,0.5700000000000001
8153,B,1,B,1.0,0.99,0.0,1.0,0.0,0.0,442,1.8564e-05,1,1.0,D-rand,1.0
8154,A,0,A,0.72,0.63,0.72,0.03,0.23,0.02,491,2.0622e-05,1,0.72,D-rand,0.72
8157,B,1,B,0.95,0.93,0.01,0.95,0.01,0.03,493,2.0706000000000005e-05,1,0.95,D-rand,0.95
8158,B,1,B,0.75,0.67,0.07,0.75,0.03,0.15,495,2.0790000000000003e-05,1,0.75,D-rand,0.75
8155,B,1,C,0.5700000000000001,0.43,0.08,0.27,0.5700000000000001,0.08,453,1.9026000000000004e-05,0,0.27,D-rand,0.5700000000000001
8159,B,1,C,0.39,0.18,0.29,0.17,0.39,0.15,411,1.7262000000000002e-05,0,0.17,D-rand,0.39
8161,C,2,D,0.53,0.37,0.04,0.2,0.23,0.53,498,2.0916000000000004e-05,0,0.23,D-rand,0.53
8162,A,0,A,0.45,0.26,0.45,0.05,0.2,0.3,460,1.932e-05,1,0.45,D-rand,0.45
8160,C,2,C,0.81,0.75,0.02,0.14,0.81,0.03,497,2.0874000000000004e-05,1,0.81,D-rand,0.81
8163,B,1,B,0.92,0.9,0.04,0.92,0.01,0.03,419,1.7598000000000003e-05,1,0.92,D-rand,0.92
8166,C,2,C,0.96,0.95,0.01,0.02,0.96,0.01,453,1.9026000000000004e-05,1,0.96,D-rand,0.96
8165,D,3,D,0.9,0.87,0.04,0.04,0.02,0.9,502,2.1084000000000003e-05,1,0.9,D-rand,0.9
8164,A,0,A,0.76,0.67,0.76,0.12,0.01,0.11,570,2.3940000000000005e-05,1,0.76,D-rand,0.76
8167,B,1,B,0.99,0.98,0.0,0.99,0.0,0.01,514,2.1588e-05,1,0.99,D-rand,0.99
8168,D,3,D,0.71,0.61,0.04,0.01,0.24,0.71,452,1.8984000000000003e-05,1,0.71,D-rand,0.71
8170,B,1,B,0.99,0.98,0.01,0.99,0.0,0.0,440,1.848e-05,1,0.99,D-rand,0.99
8171,B,1,A,0.8300000000000001,0.78,0.8300000000000001,0.15,0.01,0.01,423,1.7766000000000002e-05,0,0.15,D-rand,0.8300000000000001
8173,D,3,D,0.94,0.93,0.01,0.04,0.01,0.94,432,1.8144e-05,1,0.94,D-rand,0.94
8172,C,2,C,0.59,0.45,0.15,0.08,0.59,0.18,491,2.0622e-05,1,0.59,D-rand,0.59
8175,A,0,A,0.95,0.93,0.95,0.02,0.0,0.03,478,2.0076e-05,1,0.95,D-rand,0.95
8178,A,0,B,0.32,0.09,0.25,0.32,0.18,0.25,441,1.8522000000000003e-05,0,0.25,D-rand,0.32
8177,A,0,A,0.77,0.6900000000000001,0.77,0.02,0.02,0.19,509,2.1378e-05,1,0.77,D-rand,0.77
8176,D,3,C,0.33,0.1,0.32,0.16,0.33,0.19,460,1.932e-05,0,0.19,D-rand,0.33
8180,C,2,C,0.75,0.66,0.17,0.05,0.75,0.03,508,2.1336e-05,1,0.75,D-rand,0.75
8179,D,3,C,0.35,0.13,0.17,0.16,0.35,0.32,425,1.7850000000000004e-05,0,0.32,D-rand,0.35
8181,A,0,A,0.96,0.95,0.96,0.02,0.01,0.01,438,1.8396e-05,1,0.96,D-rand,0.96
8185,A,0,A,0.98,0.97,0.98,0.0,0.02,0.0,457,1.9194000000000003e-05,1,0.98,D-rand,0.98
8183,A,0,A,0.79,0.72,0.79,0.08,0.02,0.11,458,1.9236e-05,1,0.79,D-rand,0.79
8186,D,3,A,0.44,0.25,0.44,0.05,0.3,0.21,498,2.0916000000000004e-05,0,0.21,D-rand,0.44
8188,C,2,C,0.99,0.98,0.0,0.01,0.99,0.0,478,2.0076e-05,1,0.99,D-rand,0.99
8187,D,3,D,0.99,0.98,0.0,0.0,0.01,0.99,511,2.1462e-05,1,0.99,D-rand,0.99
8184,D,3,D,0.56,0.41,0.16,0.06,0.22,0.56,470,1.974e-05,1,0.56,D-rand,0.56
8182,D,3,D,0.89,0.85,0.03,0.01,0.07,0.89,536,2.2512e-05,1,0.89,D-rand,0.89
8189,C,2,C,0.5,0.33,0.19,0.18,0.5,0.13,454,1.9068e-05,1,0.5,D-rand,0.5
8191,A,0,A,0.41,0.22,0.41,0.18,0.2,0.21,503,2.1126e-05,1,0.41,D-rand,0.41
8192,B,1,A,0.72,0.61,0.72,0.18,0.02,0.08,462,1.9404e-05,0,0.18,D-rand,0.72
8190,C,2,C,0.66,0.55,0.24,0.07,0.66,0.03,444,1.8648e-05,1,0.66,D-rand,0.66
8193,C,2,C,0.74,0.65,0.12,0.08,0.74,0.06,434,1.8228e-05,1,0.74,D-rand,0.74
8198,C,2,C,0.99,0.98,0.01,0.0,0.99,0.0,446,1.8732000000000003e-05,1,0.99,D-rand,0.99
8194,B,1,C,0.33,0.1,0.13,0.22,0.33,0.32,423,1.7766000000000002e-05,0,0.22,D-rand,0.33
8197,C,2,C,0.66,0.55,0.3,0.03,0.66,0.01,542,2.2764000000000004e-05,1,0.66,D-rand,0.66
8196,B,1,B,0.98,0.97,0.01,0.98,0.01,0.0,497,2.0874000000000004e-05,1,0.98,D-rand,0.98
8195,A,0,A,0.95,0.94,0.95,0.04,0.0,0.01,518,2.1756000000000003e-05,1,0.95,D-rand,0.95
8199,B,1,B,0.86,0.81,0.09,0.86,0.03,0.02,539,2.2638e-05,1,0.86,D-rand,0.86
8200,B,1,B,0.92,0.9,0.07,0.92,0.0,0.01,444,1.8648e-05,1,0.92,D-rand,0.92
8201,A,0,A,1.0,1.0,1.0,0.0,0.0,0.0,452,1.8984000000000003e-05,1,1.0,D-rand,1.0
8204,C,2,C,0.95,0.92,0.03,0.01,0.95,0.01,493,2.0706000000000005e-05,1,0.95,D-rand,0.95
8205,A,0,A,0.62,0.49,0.62,0.25,0.04,0.09,480,2.016e-05,1,0.62,D-rand,0.62
8203,A,0,A,0.98,0.97,0.98,0.0,0.02,0.0,403,1.6926000000000004e-05,1,0.98,D-rand,0.98
8206,D,3,D,0.97,0.96,0.02,0.0,0.01,0.97,476,1.9992e-05,1,0.97,D-rand,0.97
8210,D,3,A,0.809999999999999,0.76,0.809999999999999,0.01,0.01,0.17,435,1.827e-05,0,0.17,D-rand,0.809999999999999
8207,C,2,C,0.98,0.97,0.02,0.0,0.98,0.0,457,1.9194000000000003e-05,1,0.98,D-rand,0.98
8209,D,3,D,0.64,0.52,0.18,0.04,0.14,0.64,447,1.8774000000000004e-05,1,0.64,D-rand,0.64
8208,A,0,A,0.66,0.53,0.66,0.01,0.23,0.1,442,1.8564e-05,1,0.66,D-rand,0.66
8211,C,2,C,0.63,0.5,0.09,0.18,0.63,0.1,469,1.9698e-05,1,0.63,D-rand,0.63
8213,A,0,C,0.54,0.38,0.44,0.01,0.54,0.01,485,2.037e-05,0,0.44,D-rand,0.54
8215,C,2,D,0.71,0.61,0.11,0.03,0.15,0.71,434,1.8228e-05,0,0.15,D-rand,0.71
8212,C,2,C,0.46,0.28,0.15,0.08,0.46,0.31,446,1.8732000000000003e-05,1,0.46,D-rand,0.46
8216,D,3,D,0.51,0.35,0.04,0.41,0.04,0.51,433,1.8186e-05,1,0.51,D-rand,0.51
8217,A,0,A,1.0,0.99,1.0,0.0,0.0,0.0,522,2.1924e-05,1,1.0,D-rand,1.0
8214,B,1,D,0.6900000000000001,0.6000000000000001,0.2,0.09,0.02,0.6900000000000001,495,2.0790000000000003e-05,0,0.09,D-rand,0.6900000000000001
8219,D,3,D,0.5,0.33,0.07,0.13,0.3,0.5,431,1.8102e-05,1,0.5,D-rand,0.5
8222,D,3,D,0.51,0.36,0.06,0.36,0.07,0.51,487,2.0454e-05,1,0.51,D-rand,0.51
8220,B,1,B,0.97,0.97,0.01,0.97,0.01,0.01,472,1.9824e-05,1,0.97,D-rand,0.97
8223,B,1,C,0.63,0.51,0.12,0.15,0.63,0.1,507,2.1294e-05,0,0.15,D-rand,0.63
8226,C,2,C,0.84,0.79,0.14,0.01,0.84,0.01,435,1.827e-05,1,0.84,D-rand,0.84
8224,D,3,B,0.79,0.72,0.03,0.79,0.04,0.14,439,1.8438e-05,0,0.14,D-rand,0.79
8225,D,3,A,0.53,0.36,0.53,0.08,0.03,0.36,479,2.0118000000000003e-05,0,0.36,D-rand,0.53
8231,D,3,D,0.62,0.49,0.11,0.02,0.25,0.62,467,1.9614e-05,1,0.62,D-rand,0.62
8228,A,0,D,0.81,0.75,0.07,0.03,0.09,0.81,457,1.9194000000000003e-05,0,0.07,D-rand,0.81
8229,C,2,C,0.99,0.98,0.01,0.0,0.99,0.0,425,1.7850000000000004e-05,1,0.99,D-rand,0.99
8227,A,0,A,0.96,0.95,0.96,0.0,0.01,0.03,488,2.0496e-05,1,0.96,D-rand,0.96
8232,A,0,B,0.66,0.54,0.28,0.66,0.04,0.02,511,2.1462e-05,0,0.28,D-rand,0.66
8234,C,2,C,0.85,0.8,0.06,0.06,0.85,0.03,454,1.9068e-05,1,0.85,D-rand,0.85
8235,C,2,D,0.47,0.31,0.45,0.04,0.04,0.47,500,2.1e-05,0,0.04,D-rand,0.47
8233,C,2,C,1.0,0.99,0.0,0.0,1.0,0.0,434,1.8228e-05,1,1.0,D-rand,1.0
8238,B,1,B,0.64,0.52,0.36,0.64,0.0,0.0,485,2.037e-05,1,0.64,D-rand,0.64
8239,B,1,B,1.0,1.0,0.0,1.0,0.0,0.0,472,1.9824e-05,1,1.0,D-rand,1.0
8236,D,3,D,0.76,0.67,0.06,0.15,0.03,0.76,518,2.1756000000000003e-05,1,0.76,D-rand,0.76
8241,A,0,A,0.45,0.27,0.45,0.17,0.32,0.06,501,2.1042000000000003e-05,1,0.45,D-rand,0.45
8237,C,2,C,1.0,1.0,0.0,0.0,1.0,0.0,443,1.8606e-05,1,1.0,D-rand,1.0
8240,B,1,B,0.8300000000000001,0.77,0.04,0.8300000000000001,0.04,0.09,438,1.8396e-05,1,0.8300000000000001,D-rand,0.8300000000000001
8243,B,1,B,0.78,0.71,0.1,0.78,0.04,0.08,429,1.8018000000000003e-05,1,0.78,D-rand,0.78
8242,D,3,B,0.5,0.34,0.25,0.5,0.11,0.14,418,1.7556000000000003e-05,0,0.14,D-rand,0.5
8244,D,3,A,0.6000000000000001,0.48,0.6000000000000001,0.05,0.09,0.26,485,2.037e-05,0,0.26,D-rand,0.6000000000000001
8245,B,1,B,0.42,0.24,0.1,0.42,0.14,0.34,455,1.911e-05,1,0.42,D-rand,0.42
8246,C,2,C,0.8300000000000001,0.77,0.14,0.01,0.8300000000000001,0.02,407,1.7094000000000003e-05,1,0.8300000000000001,D-rand,0.8300000000000001
8249,D,3,D,1.0,0.99,0.0,0.0,0.0,1.0,465,1.953e-05,1,1.0,D-rand,1.0
8247,D,3,D,0.98,0.98,0.0,0.01,0.01,0.98,467,1.9614e-05,1,0.98,D-rand,0.98
8252,D,3,D,0.929999999999999,0.92,0.05,0.01,0.01,0.929999999999999,484,2.0328000000000003e-05,1,0.929999999999999,D-rand,0.929999999999999
8250,C,2,C,0.98,0.96,0.02,0.0,0.98,0.0,471,1.9782000000000005e-05,1,0.98,D-rand,0.98
8248,A,0,C,0.86,0.8,0.12,0.01,0.86,0.01,472,1.9824e-05,0,0.12,D-rand,0.86
8253,B,1,B,0.6000000000000001,0.47,0.22,0.6000000000000001,0.14,0.04,421,1.7682e-05,1,0.6000000000000001,D-rand,0.6000000000000001
8254,B,1,A,0.47,0.29,0.47,0.21,0.28,0.04,466,1.9572e-05,0,0.21,D-rand,0.47
8255,D,3,D,0.8,0.72,0.03,0.14,0.03,0.8,507,2.1294e-05,1,0.8,D-rand,0.8
8256,A,0,A,0.88,0.85,0.88,0.01,0.08,0.03,460,1.932e-05,1,0.88,D-rand,0.88
8258,A,0,A,0.98,0.96,0.98,0.02,0.0,0.0,458,1.9236e-05,1,0.98,D-rand,0.98
8259,D,3,D,0.87,0.8300000000000001,0.09,0.02,0.02,0.87,465,1.953e-05,1,0.87,D-rand,0.87
8261,C,2,C,0.97,0.96,0.02,0.0,0.97,0.01,478,2.0076e-05,1,0.97,D-rand,0.97
8262,D,3,D,0.5,0.33,0.07,0.32,0.11,0.5,451,1.8942000000000003e-05,1,0.5,D-rand,0.5
8263,B,1,B,0.84,0.78,0.1,0.84,0.03,0.03,543,2.2806000000000005e-05,1,0.84,D-rand,0.84
8264,B,1,B,0.94,0.92,0.04,0.94,0.01,0.01,472,1.9824e-05,1,0.94,D-rand,0.94
8265,B,1,B,0.98,0.97,0.02,0.98,0.0,0.0,490,2.058e-05,1,0.98,D-rand,0.98
8269,D,3,D,1.0,1.0,0.0,0.0,0.0,1.0,435,1.827e-05,1,1.0,D-rand,1.0
8267,B,1,B,0.97,0.96,0.01,0.97,0.01,0.01,466,1.9572e-05,1,0.97,D-rand,0.97
8266,D,3,D,0.9,0.87,0.01,0.01,0.08,0.9,476,1.9992e-05,1,0.9,D-rand,0.9
8270,D,3,D,1.0,1.0,0.0,0.0,0.0,1.0,412,1.7304000000000002e-05,1,1.0,D-rand,1.0
8271,C,2,C,0.87,0.8300000000000001,0.08,0.03,0.87,0.02,466,1.9572e-05,1,0.87,D-rand,0.87
8272,D,3,D,0.79,0.72,0.09,0.01,0.11,0.79,528,2.2176e-05,1,0.79,D-rand,0.79
8273,D,3,D,0.79,0.72,0.18,0.01,0.02,0.79,542,2.2764000000000004e-05,1,0.79,D-rand,0.79
8274,C,2,C,0.87,0.8200000000000001,0.02,0.01,0.87,0.1,442,1.8564e-05,1,0.87,D-rand,0.87
8275,D,3,D,0.7000000000000001,0.6000000000000001,0.09,0.01,0.2,0.7000000000000001,434,1.8228e-05,1,0.7000000000000001,D-rand,0.7000000000000001
8278,D,3,C,0.58,0.45,0.03,0.02,0.58,0.37,449,1.8858e-05,0,0.37,D-rand,0.58
8277,C,2,C,0.99,0.99,0.0,0.0,0.99,0.01,469,1.9698e-05,1,0.99,D-rand,0.99
8276,C,2,C,1.0,0.99,0.0,0.0,1.0,0.0,451,1.8942000000000003e-05,1,1.0,D-rand,1.0
8279,A,0,A,0.8,0.73,0.8,0.04,0.11,0.05,476,1.9992e-05,1,0.8,D-rand,0.8
8282,D,3,A,0.51,0.34,0.51,0.15,0.22,0.12,490,2.058e-05,0,0.12,D-rand,0.51
8280,A,0,A,0.78,0.71,0.78,0.18,0.01,0.03,479,2.0118000000000003e-05,1,0.78,D-rand,0.78
8284,A,0,A,0.97,0.95,0.97,0.0,0.03,0.0,450,1.89e-05,1,0.97,D-rand,0.97
8283,A,0,A,0.99,0.98,0.99,0.0,0.0,0.01,456,1.9152e-05,1,0.99,D-rand,0.99
8286,C,2,C,1.0,1.0,0.0,0.0,1.0,0.0,461,1.9362e-05,1,1.0,D-rand,1.0
8285,C,2,B,0.43,0.23,0.23,0.43,0.16,0.18,480,2.016e-05,0,0.16,D-rand,0.43
8287,A,0,A,0.97,0.95,0.97,0.0,0.01,0.02,511,2.1462e-05,1,0.97,D-rand,0.97
8288,B,1,A,0.54,0.38,0.54,0.35,0.04,0.07,471,1.9782000000000005e-05,0,0.35,D-rand,0.54
8290,D,3,B,0.47,0.29,0.03,0.47,0.03,0.47,473,1.9866000000000003e-05,0,0.47,D-rand,0.47
8291,C,2,A,0.51,0.33,0.51,0.0,0.45,0.04,432,1.8144e-05,0,0.45,D-rand,0.51
8289,C,2,C,0.92,0.89,0.06,0.02,0.92,0.0,460,1.932e-05,1,0.92,D-rand,0.92
8293,C,2,C,0.99,0.98,0.01,0.0,0.99,0.0,452,1.8984000000000003e-05,1,0.99,D-rand,0.99
8292,A,0,A,0.67,0.5700000000000001,0.67,0.26,0.03,0.04,458,1.9236e-05,1,0.67,D-rand,0.67
8295,C,2,A,0.44,0.26,0.44,0.13,0.31,0.12,443,1.8606e-05,0,0.31,D-rand,0.44
8294,A,0,A,0.99,0.99,0.99,0.01,0.0,0.0,423,1.7766000000000002e-05,1,0.99,D-rand,0.99
8297,D,3,D,0.91,0.87,0.05,0.01,0.03,0.91,479,2.0118000000000003e-05,1,0.91,D-rand,0.91
8298,D,3,D,0.95,0.92,0.02,0.0,0.03,0.95,463,1.9446e-05,1,0.95,D-rand,0.95
8301,C,2,C,0.99,0.99,0.01,0.0,0.99,0.0,506,2.1252000000000003e-05,1,0.99,D-rand,0.99
8299,B,1,B,0.58,0.45,0.24,0.58,0.1,0.08,428,1.7976000000000002e-05,1,0.58,D-rand,0.58
8302,A,0,A,0.7000000000000001,0.59,0.7000000000000001,0.27,0.02,0.01,496,2.0832000000000003e-05,1,0.7000000000000001,D-rand,0.7000000000000001
8305,C,2,C,1.0,1.0,0.0,0.0,1.0,0.0,467,1.9614e-05,1,1.0,D-rand,1.0
8304,D,3,D,0.95,0.95,0.03,0.01,0.01,0.95,471,1.9782000000000005e-05,1,0.95,D-rand,0.95
8300,D,3,D,0.99,0.97,0.01,0.0,0.0,0.99,445,1.869e-05,1,0.99,D-rand,0.99
8303,B,1,B,1.0,1.0,0.0,1.0,0.0,0.0,491,2.0622e-05,1,1.0,D-rand,1.0
8306,D,3,D,0.94,0.91,0.03,0.0,0.03,0.94,493,2.0706000000000005e-05,1,0.94,D-rand,0.94
8307,D,3,D,0.99,0.99,0.0,0.0,0.01,0.99,470,1.974e-05,1,0.99,D-rand,0.99
8308,D,3,D,1.0,0.99,0.0,0.0,0.0,1.0,480,2.016e-05,1,1.0,D-rand,1.0
8309,D,3,D,0.85,0.79,0.02,0.13,0.0,0.85,442,1.8564e-05,1,0.85,D-rand,0.85
8310,B,1,B,0.97,0.96,0.01,0.97,0.01,0.01,463,1.9446e-05,1,0.97,D-rand,0.97
8313,B,1,B,0.97,0.95,0.03,0.97,0.0,0.0,491,2.0622e-05,1,0.97,D-rand,0.97
8314,A,0,A,1.0,1.0,1.0,0.0,0.0,0.0,539,2.2638e-05,1,1.0,D-rand,1.0
8316,C,2,B,0.85,0.81,0.02,0.85,0.12,0.01,429,1.8018000000000003e-05,0,0.12,D-rand,0.85
8311,B,1,B,0.99,0.98,0.01,0.99,0.0,0.0,447,1.8774000000000004e-05,1,0.99,D-rand,0.99
8319,C,2,C,1.0,1.0,0.0,0.0,1.0,0.0,467,1.9614e-05,1,1.0,D-rand,1.0
8320,B,1,B,1.0,0.99,0.0,1.0,0.0,0.0,446,1.8732000000000003e-05,1,1.0,D-rand,1.0
8321,A,0,A,1.0,1.0,1.0,0.0,0.0,0.0,498,2.0916000000000004e-05,1,1.0,D-rand,1.0
8322,A,0,A,1.0,0.99,1.0,0.0,0.0,0.0,430,1.8060000000000003e-05,1,1.0,D-rand,1.0
8323,D,3,D,1.0,1.0,0.0,0.0,0.0,1.0,450,1.89e-05,1,1.0,D-rand,1.0
8324,D,3,D,0.95,0.93,0.03,0.0,0.02,0.95,419,1.7598000000000003e-05,1,0.95,D-rand,0.95
8327,A,0,A,0.99,0.99,0.99,0.01,0.0,0.0,452,1.8984000000000003e-05,1,0.99,D-rand,0.99
8329,C,2,B,0.76,0.67,0.04,0.76,0.11,0.09,443,1.8606e-05,0,0.11,D-rand,0.76
8326,A,0,A,1.0,0.99,1.0,0.0,0.0,0.0,474,1.9908000000000003e-05,1,1.0,D-rand,1.0
8325,C,2,C,1.0,1.0,0.0,0.0,1.0,0.0,503,2.1126e-05,1,1.0,D-rand,1.0
8328,A,0,C,0.42,0.23,0.35,0.09,0.42,0.14,501,2.1042000000000003e-05,0,0.35,D-rand,0.42
8330,B,1,B,0.84,0.78,0.04,0.84,0.1,0.02,487,2.0454e-05,1,0.84,D-rand,0.84
8331,D,3,D,0.96,0.93,0.04,0.0,0.0,0.96,441,1.8522000000000003e-05,1,0.96,D-rand,0.96
8332,A,0,A,0.58,0.44,0.58,0.06,0.11,0.25,458,1.9236e-05,1,0.58,D-rand,0.58
8337,D,3,D,0.95,0.92,0.05,0.0,0.0,0.95,515,2.163e-05,1,0.95,D-rand,0.95
8335,A,0,A,0.86,0.81,0.86,0.13,0.01,0.0,481,2.0202e-05,1,0.86,D-rand,0.86
8333,C,2,C,1.0,1.0,0.0,0.0,1.0,0.0,437,1.8354e-05,1,1.0,D-rand,1.0
8336,A,0,A,1.0,0.99,1.0,0.0,0.0,0.0,461,1.9362e-05,1,1.0,D-rand,1.0
8338,B,1,B,0.64,0.52,0.25,0.64,0.08,0.03,494,2.0748000000000005e-05,1,0.64,D-rand,0.64
8340,C,2,C,1.0,1.0,0.0,0.0,1.0,0.0,463,1.9446e-05,1,1.0,D-rand,1.0
8339,B,1,B,0.99,0.98,0.01,0.99,0.0,0.0,430,1.8060000000000003e-05,1,0.99,D-rand,0.99
8341,A,0,A,0.93,0.91,0.93,0.03,0.02,0.02,485,2.037e-05,1,0.93,D-rand,0.93
8342,D,3,D,0.71,0.62,0.21,0.05,0.03,0.71,515,2.163e-05,1,0.71,D-rand,0.71
8344,C,2,C,0.44,0.26,0.23,0.26,0.44,0.07,485,2.037e-05,1,0.44,D-rand,0.44
8343,B,1,C,0.39,0.2,0.24,0.15,0.39,0.22,458,1.9236e-05,0,0.15,D-rand,0.39
8345,D,3,B,0.88,0.84,0.05,0.88,0.01,0.06,483,2.0286e-05,0,0.06,D-rand,0.88
8347,A,0,A,1.0,0.99,1.0,0.0,0.0,0.0,444,1.8648e-05,1,1.0,D-rand,1.0
8349,A,0,A,0.64,0.53,0.64,0.22,0.05,0.09,515,2.163e-05,1,0.64,D-rand,0.64
8346,A,0,A,0.63,0.5,0.63,0.17,0.12,0.08,410,1.722e-05,1,0.63,D-rand,0.63
8350,D,3,D,1.0,1.0,0.0,0.0,0.0,1.0,468,1.9656000000000003e-05,1,1.0,D-rand,1.0
8351,B,1,B,1.0,0.99,0.0,1.0,0.0,0.0,514,2.1588e-05,1,1.0,D-rand,1.0
8352,C,2,C,0.76,0.68,0.15,0.01,0.76,0.08,531,2.2302e-05,1,0.76,D-rand,0.76
8356,C,2,D,0.38,0.18,0.24,0.27,0.11,0.38,468,1.9656000000000003e-05,0,0.11,D-rand,0.38
8354,B,1,B,0.73,0.63,0.2,0.73,0.02,0.05,569,2.3898000000000004e-05,1,0.73,D-rand,0.73
8358,B,1,C,0.74,0.64,0.19,0.04,0.74,0.03,492,2.0664e-05,0,0.04,D-rand,0.74
8357,A,0,A,0.54,0.39,0.54,0.4,0.02,0.03,451,1.8942000000000003e-05,1,0.54,D-rand,0.54
8355,B,1,B,0.71,0.61,0.21,0.71,0.02,0.06,434,1.8228e-05,1,0.71,D-rand,0.71
8359,A,0,A,0.67,0.5700000000000001,0.67,0.06,0.15,0.12,500,2.1e-05,1,0.67,D-rand,0.67
8360,B,1,A,0.32,0.09,0.32,0.31,0.14,0.23,441,1.8522000000000003e-05,0,0.31,D-rand,0.32
8362,A,0,B,0.7000000000000001,0.6000000000000001,0.23,0.7000000000000001,0.02,0.05,502,2.1084000000000003e-05,0,0.23,D-rand,0.7000000000000001
8361,D,3,D,0.85,0.8,0.1,0.02,0.03,0.85,415,1.743e-05,1,0.85,D-rand,0.85
8365,B,1,B,0.77,0.7000000000000001,0.03,0.77,0.13,0.07,532,2.2344e-05,1,0.77,D-rand,0.77
8366,A,0,A,0.88,0.84,0.88,0.04,0.04,0.04,503,2.1126e-05,1,0.88,D-rand,0.88
8368,B,1,B,1.0,0.99,0.0,1.0,0.0,0.0,450,1.89e-05,1,1.0,D-rand,1.0
8364,B,1,B,1.0,0.99,0.0,1.0,0.0,0.0,463,1.9446e-05,1,1.0,D-rand,1.0
8367,D,3,D,0.62,0.48,0.01,0.07,0.3,0.62,533,2.2386e-05,1,0.62,D-rand,0.62
8369,D,3,A,0.35,0.14,0.35,0.1,0.27,0.28,464,1.9488000000000004e-05,0,0.28,D-rand,0.35
8371,A,0,B,0.61,0.49,0.36,0.61,0.02,0.01,447,1.8774000000000004e-05,0,0.36,D-rand,0.61
8370,B,1,D,0.71,0.61,0.02,0.19,0.08,0.71,502,2.1084000000000003e-05,0,0.19,D-rand,0.71
8372,C,2,C,1.0,0.99,0.0,0.0,1.0,0.0,496,2.0832000000000003e-05,1,1.0,D-rand,1.0
8373,C,2,C,0.87,0.8200000000000001,0.06,0.06,0.87,0.01,512,2.1504e-05,1,0.87,D-rand,0.87
8376,A,0,A,1.0,1.0,1.0,0.0,0.0,0.0,449,1.8858e-05,1,1.0,D-rand,1.0
8375,D,3,D,0.96,0.95,0.01,0.02,0.01,0.96,476,1.9992e-05,1,0.96,D-rand,0.96
8374,C,2,C,0.79,0.72,0.12,0.07,0.79,0.02,449,1.8858e-05,1,0.79,D-rand,0.79
8379,C,2,C,0.72,0.64,0.13,0.03,0.72,0.12,541,2.2722e-05,1,0.72,D-rand,0.72
8378,D,3,D,0.98,0.98,0.01,0.01,0.0,0.98,469,1.9698e-05,1,0.98,D-rand,0.98
8377,D,3,B,0.49,0.31,0.16,0.49,0.01,0.34,494,2.0748000000000005e-05,0,0.34,D-rand,0.49
8380,B,1,B,1.0,0.99,0.0,1.0,0.0,0.0,453,1.9026000000000004e-05,1,1.0,D-rand,1.0
8381,A,0,A,0.91,0.88,0.91,0.01,0.07,0.01,523,2.1966000000000003e-05,1,0.91,D-rand,0.91
8382,D,3,D,1.0,0.99,0.0,0.0,0.0,1.0,497,2.0874000000000004e-05,1,1.0,D-rand,1.0
8383,D,3,D,0.53,0.38,0.05,0.04,0.38,0.53,455,1.911e-05,1,0.53,D-rand,0.53
8384,B,1,B,0.98,0.97,0.02,0.98,0.0,0.0,472,1.9824e-05,1,0.98,D-rand,0.98
8386,A,0,A,0.59,0.45,0.59,0.12,0.11,0.18,472,1.9824e-05,1,0.59,D-rand,0.59
8385,A,0,A,0.98,0.97,0.98,0.02,0.0,0.0,456,1.9152e-05,1,0.98,D-rand,0.98
8388,B,1,B,0.96,0.95,0.01,0.96,0.01,0.02,530,2.226e-05,1,0.96,D-rand,0.96
8387,D,3,D,0.97,0.95,0.02,0.01,0.0,0.97,479,2.0118000000000003e-05,1,0.97,D-rand,0.97
8390,C,2,C,0.79,0.73,0.01,0.01,0.79,0.19,533,2.2386e-05,1,0.79,D-rand,0.79
8391,B,1,B,0.72,0.63,0.25,0.72,0.01,0.02,433,1.8186e-05,1,0.72,D-rand,0.72
8389,C,2,C,0.97,0.95,0.02,0.01,0.97,0.0,431,1.8102e-05,1,0.97,D-rand,0.97
8392,B,1,A,0.76,0.67,0.76,0.06,0.1,0.08,429,1.8018000000000003e-05,0,0.06,D-rand,0.76
8394,C,2,C,0.96,0.95,0.02,0.01,0.96,0.01,500,2.1e-05,1,0.96,D-rand,0.96
8393,D,3,A,0.5,0.35,0.5,0.07,0.25,0.18,427,1.7934e-05,0,0.18,D-rand,0.5
8397,C,2,A,0.55,0.41,0.55,0.24,0.1,0.11,498,2.0916000000000004e-05,0,0.1,D-rand,0.55
8398,B,1,B,0.5,0.33,0.43,0.5,0.04,0.03,453,1.9026000000000004e-05,1,0.5,D-rand,0.5
8395,D,3,D,0.5700000000000001,0.43,0.4,0.01,0.02,0.5700000000000001,526,2.2092e-05,1,0.5700000000000001,D-rand,0.5700000000000001
8399,A,0,A,0.75,0.66,0.75,0.02,0.05,0.18,476,1.9992e-05,1,0.75,D-rand,0.75
8396,D,3,A,0.41,0.21,0.41,0.21,0.07,0.31,470,1.974e-05,0,0.31,D-rand,0.41
8400,A,0,D,0.56,0.4,0.21,0.16,0.07,0.56,468,1.9656000000000003e-05,0,0.21,D-rand,0.56
8402,B,1,B,0.5,0.34,0.27,0.5,0.14,0.09,435,1.827e-05,1,0.5,D-rand,0.5
8401,A,0,C,0.399999999999999,0.21,0.36,0.18,0.399999999999999,0.06,436,1.8312e-05,0,0.36,D-rand,0.399999999999999
8405,B,1,B,0.7000000000000001,0.61,0.12,0.7000000000000001,0.15,0.03,448,1.8816000000000004e-05,1,0.7000000000000001,D-rand,0.7000000000000001
8406,B,1,B,0.92,0.9,0.04,0.92,0.03,0.01,470,1.974e-05,1,0.92,D-rand,0.92
8403,A,0,C,0.42,0.23,0.25,0.26,0.42,0.07,480,2.016e-05,0,0.25,D-rand,0.42
8409,C,2,C,0.54,0.39,0.06,0.34,0.54,0.05,524,2.2008000000000003e-05,1,0.54,D-rand,0.54
8407,A,0,C,0.6000000000000001,0.46,0.26,0.05,0.6000000000000001,0.09,431,1.8102e-05,0,0.26,D-rand,0.6000000000000001
8408,A,0,B,0.76,0.68,0.07,0.76,0.1,0.07,475,1.9950000000000004e-05,0,0.07,D-rand,0.76
8410,C,2,C,1.0,1.0,0.0,0.0,1.0,0.0,501,2.1042000000000003e-05,1,1.0,D-rand,1.0
8411,B,1,B,1.0,0.99,0.0,1.0,0.0,0.0,422,1.7724000000000002e-05,1,1.0,D-rand,1.0
8412,B,1,D,0.89,0.85,0.03,0.03,0.05,0.89,447,1.8774000000000004e-05,0,0.03,D-rand,0.89
8413,A,0,A,0.94,0.92,0.94,0.03,0.01,0.02,502,2.1084000000000003e-05,1,0.94,D-rand,0.94
8414,D,3,A,0.77,0.6900000000000001,0.77,0.05,0.1,0.08,444,1.8648e-05,0,0.08,D-rand,0.77
8417,D,3,C,0.51,0.35,0.23,0.21,0.51,0.05,456,1.9152e-05,0,0.05,D-rand,0.51
8415,B,1,B,0.95,0.93,0.02,0.95,0.03,0.0,505,2.121e-05,1,0.95,D-rand,0.95
8416,B,1,B,0.47,0.3,0.23,0.47,0.05,0.25,509,2.1378e-05,1,0.47,D-rand,0.47
8419,D,3,D,0.95,0.94,0.02,0.01,0.02,0.95,504,2.1168e-05,1,0.95,D-rand,0.95
8420,B,1,B,1.0,1.0,0.0,1.0,0.0,0.0,433,1.8186e-05,1,1.0,D-rand,1.0
8421,D,3,D,1.0,0.99,0.0,0.0,0.0,1.0,465,1.953e-05,1,1.0,D-rand,1.0
8423,D,3,A,0.46,0.28,0.46,0.33,0.02,0.19,498,2.0916000000000004e-05,0,0.19,D-rand,0.46
8418,B,1,C,0.41,0.21,0.12,0.37,0.41,0.1,447,1.8774000000000004e-05,0,0.37,D-rand,0.41
8422,C,2,C,0.51,0.35,0.33,0.14,0.51,0.02,415,1.743e-05,1,0.51,D-rand,0.51
8424,D,3,D,0.62,0.48,0.05,0.07,0.26,0.62,448,1.8816000000000004e-05,1,0.62,D-rand,0.62
8427,B,1,A,0.51,0.33,0.51,0.36,0.11,0.02,441,1.8522000000000003e-05,0,0.36,D-rand,0.51
8425,A,0,A,0.67,0.55,0.67,0.32,0.01,0.0,516,2.1672000000000005e-05,1,0.67,D-rand,0.67
8430,A,0,B,0.54,0.4,0.3,0.54,0.04,0.12,483,2.0286e-05,0,0.3,D-rand,0.54
8429,A,0,A,0.85,0.8,0.85,0.08,0.02,0.05,471,1.9782000000000005e-05,1,0.85,D-rand,0.85
8431,A,0,D,0.63,0.51,0.24,0.02,0.11,0.63,518,2.1756000000000003e-05,0,0.24,D-rand,0.63
8434,B,1,D,0.52,0.35,0.13,0.32,0.03,0.52,460,1.932e-05,0,0.32,D-rand,0.52
8432,A,0,B,0.35,0.15,0.14,0.35,0.25,0.26,552,2.3184000000000004e-05,0,0.14,D-rand,0.35
8437,A,0,A,0.63,0.5,0.63,0.32,0.03,0.02,447,1.8774000000000004e-05,1,0.63,D-rand,0.63
8438,C,2,C,0.92,0.9,0.01,0.01,0.92,0.06,515,2.163e-05,1,0.92,D-rand,0.92
8436,A,0,A,0.98,0.96,0.98,0.01,0.0,0.01,477,2.0034e-05,1,0.98,D-rand,0.98
8440,B,1,B,0.74,0.65,0.02,0.74,0.23,0.01,479,2.0118000000000003e-05,1,0.74,D-rand,0.74
8442,A,0,A,0.97,0.97,0.97,0.01,0.01,0.01,469,1.9698e-05,1,0.97,D-rand,0.97
8439,B,1,B,0.8,0.72,0.03,0.8,0.15,0.02,442,1.8564e-05,1,0.8,D-rand,0.8
8443,C,2,A,0.59,0.46,0.59,0.09,0.22,0.1,448,1.8816000000000004e-05,0,0.22,D-rand,0.59
8441,C,2,C,0.94,0.91,0.01,0.05,0.94,0.0,458,1.9236e-05,1,0.94,D-rand,0.94
8445,A,0,A,0.56,0.42,0.56,0.06,0.36,0.02,427,1.7934e-05,1,0.56,D-rand,0.56
8447,A,0,B,0.56,0.41,0.41,0.56,0.01,0.02,441,1.8522000000000003e-05,0,0.41,D-rand,0.56
8444,C,2,C,0.52,0.35,0.34,0.08,0.52,0.06,441,1.8522000000000003e-05,1,0.52,D-rand,0.52
8448,D,3,D,0.98,0.98,0.01,0.0,0.01,0.98,532,2.2344e-05,1,0.98,D-rand,0.98
8450,C,2,D,0.61,0.47,0.09,0.05,0.25,0.61,443,1.8606e-05,0,0.25,D-rand,0.61
8449,C,2,C,0.41,0.22,0.16,0.14,0.41,0.29,425,1.7850000000000004e-05,1,0.41,D-rand,0.41
8453,A,0,D,0.53,0.36,0.08,0.39,0.0,0.53,483,2.0286e-05,0,0.08,D-rand,0.53
8456,A,0,A,0.87,0.8300000000000001,0.87,0.1,0.02,0.01,538,2.2596e-05,1,0.87,D-rand,0.87
8455,B,1,B,0.92,0.89,0.04,0.92,0.01,0.03,430,1.8060000000000003e-05,1,0.92,D-rand,0.92
8454,B,1,B,0.51,0.36,0.1,0.51,0.3,0.09,478,2.0076e-05,1,0.51,D-rand,0.51
8451,A,0,A,0.99,0.99,0.99,0.0,0.0,0.01,505,2.121e-05,1,0.99,D-rand,0.99
8457,D,3,D,0.6000000000000001,0.47,0.28,0.09,0.03,0.6000000000000001,497,2.0874000000000004e-05,1,0.6000000000000001,D-rand,0.6000000000000001
8459,B,1,B,0.87,0.84,0.03,0.87,0.09,0.01,486,2.0412e-05,1,0.87,D-rand,0.87
8460,A,0,B,0.5700000000000001,0.43,0.32,0.5700000000000001,0.04,0.07,511,2.1462e-05,0,0.32,D-rand,0.5700000000000001
8458,A,0,B,0.55,0.41,0.24,0.55,0.03,0.18,516,2.1672000000000005e-05,0,0.24,D-rand,0.55
8461,D,3,D,0.96,0.94,0.03,0.01,0.0,0.96,480,2.016e-05,1,0.96,D-rand,0.96
8464,D,3,D,0.95,0.93,0.05,0.0,0.0,0.95,467,1.9614e-05,1,0.95,D-rand,0.95
8466,A,0,A,0.99,0.98,0.99,0.0,0.01,0.0,434,1.8228e-05,1,0.99,D-rand,0.99
8463,A,0,A,0.99,0.99,0.99,0.01,0.0,0.0,482,2.0244e-05,1,0.99,D-rand,0.99
8467,D,3,D,0.98,0.98,0.01,0.0,0.01,0.98,539,2.2638e-05,1,0.98,D-rand,0.98
8468,C,2,C,0.48,0.3,0.1,0.01,0.48,0.41,445,1.869e-05,1,0.48,D-rand,0.48
8469,B,1,C,0.62,0.49,0.28,0.06,0.62,0.04,454,1.9068e-05,0,0.06,D-rand,0.62
8471,C,2,C,0.5,0.34,0.03,0.45,0.5,0.02,441,1.8522000000000003e-05,1,0.5,D-rand,0.5
8478,D,3,D,0.94,0.92,0.02,0.01,0.03,0.94,429,1.8018000000000003e-05,1,0.94,D-rand,0.94
8475,D,3,D,0.95,0.94,0.01,0.03,0.01,0.95,429,1.8018000000000003e-05,1,0.95,D-rand,0.95
8470,C,2,C,0.91,0.88,0.01,0.0,0.91,0.08,431,1.8102e-05,1,0.91,D-rand,0.91
8473,B,1,A,0.27,0.03,0.27,0.27,0.27,0.19,446,1.8732000000000003e-05,0,0.27,D-rand,0.27
8479,C,2,B,0.46,0.29,0.29,0.46,0.09,0.16,476,1.9992e-05,0,0.09,D-rand,0.46
8481,A,0,A,0.8200000000000001,0.76,0.8200000000000001,0.04,0.05,0.09,484,2.0328000000000003e-05,1,0.8200000000000001,D-rand,0.8200000000000001
8486,D,3,D,0.6000000000000001,0.46,0.38,0.01,0.01,0.6000000000000001,442,1.8564e-05,1,0.6000000000000001,D-rand,0.6000000000000001
8487,C,2,C,1.0,0.99,0.0,0.0,1.0,0.0,462,1.9404e-05,1,1.0,D-rand,1.0
8483,B,1,B,0.92,0.9,0.05,0.92,0.01,0.02,429,1.8018000000000003e-05,1,0.92,D-rand,0.92
8484,B,1,A,0.44,0.27,0.44,0.26,0.18,0.12,450,1.89e-05,0,0.26,D-rand,0.44
8488,B,1,B,1.0,1.0,0.0,1.0,0.0,0.0,452,1.8984000000000003e-05,1,1.0,D-rand,1.0
8490,C,2,C,0.99,0.99,0.01,0.0,0.99,0.0,474,1.9908000000000003e-05,1,0.99,D-rand,0.99
8489,C,2,C,1.0,0.99,0.0,0.0,1.0,0.0,443,1.8606e-05,1,1.0,D-rand,1.0
8476,A,0,A,0.8300000000000001,0.78,0.8300000000000001,0.04,0.01,0.12,424,1.7808000000000003e-05,1,0.8300000000000001,D-rand,0.8300000000000001
8491,D,3,B,0.61,0.47,0.19,0.61,0.13,0.07,409,1.7178e-05,0,0.07,D-rand,0.61
8492,D,3,D,0.89,0.85,0.09,0.01,0.01,0.89,436,1.8312e-05,1,0.89,D-rand,0.89
8493,C,2,A,0.66,0.54,0.66,0.11,0.14,0.09,454,1.9068e-05,0,0.14,D-rand,0.66
8494,D,3,D,0.73,0.64,0.08,0.1,0.09,0.73,461,1.9362e-05,1,0.73,D-rand,0.73
8495,D,3,B,0.59,0.44,0.11,0.59,0.1,0.2,434,1.8228e-05,0,0.2,D-rand,0.59
8498,A,0,A,1.0,1.0,1.0,0.0,0.0,0.0,448,1.8816000000000004e-05,1,1.0,D-rand,1.0
8500,D,3,D,0.95,0.93,0.01,0.03,0.01,0.95,491,2.0622e-05,1,0.95,D-rand,0.95
8496,B,1,B,0.75,0.68,0.15,0.75,0.03,0.07,420,1.764e-05,1,0.75,D-rand,0.75
8501,C,2,C,0.91,0.87,0.07,0.01,0.91,0.01,446,1.8732000000000003e-05,1,0.91,D-rand,0.91
8502,D,3,D,0.74,0.65,0.21,0.02,0.03,0.74,459,1.9278e-05,1,0.74,D-rand,0.74
8504,C,2,C,0.93,0.91,0.04,0.02,0.93,0.01,446,1.8732000000000003e-05,1,0.93,D-rand,0.93
8503,D,3,D,0.93,0.91,0.04,0.02,0.01,0.93,463,1.9446e-05,1,0.93,D-rand,0.93
8506,C,2,C,0.8300000000000001,0.78,0.05,0.05,0.8300000000000001,0.07,459,1.9278e-05,1,0.8300000000000001,D-rand,0.8300000000000001
8505,A,0,A,0.99,0.98,0.99,0.0,0.01,0.0,491,2.0622e-05,1,0.99,D-rand,0.99
8507,C,2,D,0.74,0.66,0.03,0.15,0.08,0.74,489,2.0538e-05,0,0.08,D-rand,0.74
8509,D,3,C,0.5700000000000001,0.43,0.24,0.03,0.5700000000000001,0.16,474,1.9908000000000003e-05,0,0.16,D-rand,0.5700000000000001
8510,B,1,B,0.84,0.79,0.05,0.84,0.02,0.09,511,2.1462e-05,1,0.84,D-rand,0.84
8508,D,3,D,0.87,0.8300000000000001,0.03,0.08,0.02,0.87,518,2.1756000000000003e-05,1,0.87,D-rand,0.87
8511,A,0,A,0.809999999999999,0.75,0.809999999999999,0.1,0.07,0.02,446,1.8732000000000003e-05,1,0.809999999999999,D-rand,0.809999999999999
8512,D,3,D,1.0,1.0,0.0,0.0,0.0,1.0,454,1.9068e-05,1,1.0,D-rand,1.0
8513,C,2,C,0.98,0.97,0.02,0.0,0.98,0.0,433,1.8186e-05,1,0.98,D-rand,0.98
8515,B,1,B,0.99,0.99,0.01,0.99,0.0,0.0,522,2.1924e-05,1,0.99,D-rand,0.99
8516,A,0,A,0.99,0.98,0.99,0.01,0.0,0.0,436,1.8312e-05,1,0.99,D-rand,0.99
8520,B,1,B,0.9,0.86,0.05,0.9,0.01,0.04,492,2.0664e-05,1,0.9,D-rand,0.9
8522,A,0,A,0.77,0.6900000000000001,0.77,0.05,0.15,0.03,417,1.7514000000000002e-05,1,0.77,D-rand,0.77
8517,D,3,D,0.35,0.14,0.32,0.19,0.14,0.35,482,2.0244e-05,1,0.35,D-rand,0.35
8523,B,1,B,0.5,0.32,0.19,0.5,0.23,0.08,505,2.121e-05,1,0.5,D-rand,0.5
8524,B,1,A,0.84,0.77,0.84,0.12,0.03,0.01,456,1.9152e-05,0,0.12,D-rand,0.84
8527,B,1,B,0.92,0.91,0.06,0.92,0.01,0.01,458,1.9236e-05,1,0.92,D-rand,0.92
8525,A,0,A,0.84,0.79,0.84,0.01,0.14,0.01,465,1.953e-05,1,0.84,D-rand,0.84
8528,A,0,A,0.98,0.98,0.98,0.01,0.0,0.01,466,1.9572e-05,1,0.98,D-rand,0.98
8526,B,1,B,0.6900000000000001,0.59,0.09,0.6900000000000001,0.2,0.02,523,2.1966000000000003e-05,1,0.6900000000000001,D-rand,0.6900000000000001
8529,A,0,B,0.87,0.8200000000000001,0.1,0.87,0.01,0.02,437,1.8354e-05,0,0.1,D-rand,0.87
8531,C,2,A,0.65,0.53,0.65,0.08,0.22,0.05,469,1.9698e-05,0,0.22,D-rand,0.65
8530,B,1,B,0.94,0.92,0.05,0.94,0.01,0.0,449,1.8858e-05,1,0.94,D-rand,0.94
8534,D,3,D,0.8200000000000001,0.76,0.04,0.02,0.12,0.8200000000000001,503,2.1126e-05,1,0.8200000000000001,D-rand,0.8200000000000001
8535,A,0,A,0.97,0.96,0.97,0.02,0.01,0.0,513,2.1546e-05,1,0.97,D-rand,0.97
8532,B,1,A,0.45,0.27,0.45,0.19,0.07,0.29,503,2.1126e-05,0,0.19,D-rand,0.45
8537,D,3,D,1.0,1.0,0.0,0.0,0.0,1.0,445,1.869e-05,1,1.0,D-rand,1.0
8536,C,2,B,0.45,0.27,0.33,0.45,0.12,0.1,464,1.9488000000000004e-05,0,0.12,D-rand,0.45
8538,A,0,B,0.89,0.86,0.1,0.89,0.01,0.0,465,1.953e-05,0,0.1,D-rand,0.89
8541,C,2,C,0.99,0.98,0.0,0.01,0.99,0.0,441,1.8522000000000003e-05,1,0.99,D-rand,0.99
8543,D,3,C,0.87,0.8300000000000001,0.02,0.03,0.87,0.08,442,1.8564e-05,0,0.08,D-rand,0.87
8539,B,1,B,0.88,0.84,0.08,0.88,0.03,0.01,498,2.0916000000000004e-05,1,0.88,D-rand,0.88
8544,A,0,A,0.78,0.71,0.78,0.17,0.02,0.03,465,1.953e-05,1,0.78,D-rand,0.78
8545,A,0,A,0.6000000000000001,0.46,0.6000000000000001,0.13,0.05,0.22,443,1.8606e-05,1,0.6000000000000001,D-rand,0.6000000000000001
8548,B,1,B,0.94,0.92,0.02,0.94,0.03,0.01,462,1.9404e-05,1,0.94,D-rand,0.94
8550,B,1,B,0.929999999999999,0.92,0.02,0.929999999999999,0.04,0.01,548,2.3016e-05,1,0.929999999999999,D-rand,0.929999999999999
8551,B,1,B,0.96,0.94,0.03,0.96,0.01,0.0,467,1.9614e-05,1,0.96,D-rand,0.96
8552,B,1,A,0.76,0.68,0.76,0.14,0.05,0.05,455,1.911e-05,0,0.14,D-rand,0.76
8554,A,0,A,0.99,0.99,0.99,0.0,0.0,0.01,507,2.1294e-05,1,0.99,D-rand,0.99
8553,D,3,B,0.5,0.34,0.05,0.5,0.04,0.41,470,1.974e-05,0,0.41,D-rand,0.5
8555,D,3,D,0.64,0.53,0.22,0.08,0.06,0.64,446,1.8732000000000003e-05,1,0.64,D-rand,0.64
8558,A,0,A,0.98,0.98,0.98,0.01,0.01,0.0,450,1.89e-05,1,0.98,D-rand,0.98
8557,C,2,C,0.94,0.91,0.01,0.03,0.94,0.02,487,2.0454e-05,1,0.94,D-rand,0.94
8556,A,0,A,0.87,0.8200000000000001,0.87,0.05,0.03,0.05,446,1.8732000000000003e-05,1,0.87,D-rand,0.87
8559,B,1,B,0.88,0.84,0.04,0.88,0.07,0.01,463,1.9446e-05,1,0.88,D-rand,0.88
8562,C,2,C,0.9,0.87,0.1,0.0,0.9,0.0,505,2.121e-05,1,0.9,D-rand,0.9
8560,D,3,D,0.59,0.45,0.19,0.12,0.1,0.59,444,1.8648e-05,1,0.59,D-rand,0.59
8561,C,2,B,0.39,0.19,0.34,0.39,0.11,0.16,450,1.89e-05,0,0.11,D-rand,0.39
8564,B,1,A,0.66,0.55,0.66,0.3,0.03,0.01,442,1.8564e-05,0,0.3,D-rand,0.66
8567,A,0,A,0.8200000000000001,0.76,0.8200000000000001,0.12,0.02,0.04,500,2.1e-05,1,0.8200000000000001,D-rand,0.8200000000000001
8568,C,2,C,0.99,0.98,0.01,0.0,0.99,0.0,474,1.9908000000000003e-05,1,0.99,D-rand,0.99
8563,B,1,B,0.93,0.91,0.02,0.93,0.04,0.0,435,1.827e-05,1,0.93,D-rand,0.93
8569,B,1,B,0.85,0.8,0.11,0.85,0.01,0.03,493,2.0706000000000005e-05,1,0.85,D-rand,0.85
8570,C,2,C,0.9,0.87,0.02,0.06,0.9,0.02,454,1.9068e-05,1,0.9,D-rand,0.9
8572,D,3,D,0.53,0.37,0.22,0.2,0.05,0.53,488,2.0496e-05,1,0.53,D-rand,0.53
8571,C,2,C,0.9,0.87,0.07,0.01,0.9,0.02,486,2.0412e-05,1,0.9,D-rand,0.9
8574,A,0,A,0.92,0.9,0.92,0.02,0.04,0.02,440,1.848e-05,1,0.92,D-rand,0.92
8576,D,3,D,0.99,0.98,0.01,0.0,0.0,0.99,508,2.1336e-05,1,0.99,D-rand,0.99
8575,B,1,B,0.41,0.22,0.2,0.41,0.36,0.03,511,2.1462e-05,1,0.41,D-rand,0.41
8577,C,2,C,0.77,0.6900000000000001,0.17,0.03,0.77,0.03,440,1.848e-05,1,0.77,D-rand,0.77
8579,B,1,C,0.47,0.29,0.2,0.31,0.47,0.02,474,1.9908000000000003e-05,0,0.31,D-rand,0.47
8580,A,0,B,0.459999999999999,0.29,0.45,0.459999999999999,0.02,0.07,550,2.31e-05,0,0.45,D-rand,0.459999999999999
8581,D,3,B,0.38,0.18,0.26,0.38,0.14,0.22,467,1.9614e-05,0,0.22,D-rand,0.38
8583,C,2,C,0.94,0.92,0.01,0.05,0.94,0.0,492,2.0664e-05,1,0.94,D-rand,0.94
8584,B,1,B,0.68,0.58,0.08,0.68,0.01,0.22,449,1.8858e-05,1,0.68,D-rand,0.68
8587,C,2,A,0.56,0.41,0.56,0.06,0.31,0.07,496,2.0832000000000003e-05,0,0.31,D-rand,0.56
8582,D,3,D,0.91,0.89,0.04,0.04,0.01,0.91,443,1.8606e-05,1,0.91,D-rand,0.91
8588,B,1,B,0.97,0.97,0.02,0.97,0.01,0.0,501,2.1042000000000003e-05,1,0.97,D-rand,0.97
8586,B,1,B,0.49,0.32,0.41,0.49,0.06,0.04,461,1.9362e-05,1,0.49,D-rand,0.49
8589,D,3,B,0.71,0.61,0.11,0.71,0.12,0.06,438,1.8396e-05,0,0.06,D-rand,0.71
8590,D,3,D,0.95,0.93,0.04,0.0,0.01,0.95,452,1.8984000000000003e-05,1,0.95,D-rand,0.95
8591,C,2,C,0.78,0.71,0.2,0.01,0.78,0.01,453,1.9026000000000004e-05,1,0.78,D-rand,0.78
8592,B,1,B,0.38,0.18,0.23,0.38,0.23,0.16,428,1.7976000000000002e-05,1,0.38,D-rand,0.38
8596,A,0,A,0.9,0.88,0.9,0.02,0.07,0.01,484,2.0328000000000003e-05,1,0.9,D-rand,0.9
8597,C,2,C,1.0,0.99,0.0,0.0,1.0,0.0,497,2.0874000000000004e-05,1,1.0,D-rand,1.0
8593,A,0,A,0.6000000000000001,0.46,0.6000000000000001,0.07,0.22,0.11,453,1.9026000000000004e-05,1,0.6000000000000001,D-rand,0.6000000000000001
8598,C,2,C,0.98,0.97,0.01,0.0,0.98,0.01,420,1.764e-05,1,0.98,D-rand,0.98
8599,A,0,A,0.88,0.84,0.88,0.02,0.06,0.04,447,1.8774000000000004e-05,1,0.88,D-rand,0.88
8595,C,2,C,0.97,0.98,0.01,0.01,0.97,0.01,481,2.0202e-05,1,0.97,D-rand,0.97
8600,D,3,D,0.97,0.96,0.02,0.01,0.0,0.97,495,2.0790000000000003e-05,1,0.97,D-rand,0.97
8601,D,3,B,0.42,0.22,0.15,0.42,0.03,0.4,471,1.9782000000000005e-05,0,0.4,D-rand,0.42
8603,A,0,A,0.72,0.63,0.72,0.07,0.05,0.16,445,1.869e-05,1,0.72,D-rand,0.72
8602,C,2,C,0.78,0.6900000000000001,0.16,0.02,0.78,0.04,439,1.8438e-05,1,0.78,D-rand,0.78
8604,D,3,B,0.36,0.15,0.18,0.36,0.19,0.27,426,1.7892000000000004e-05,0,0.27,D-rand,0.36
8605,A,0,A,1.0,0.99,1.0,0.0,0.0,0.0,492,2.0664e-05,1,1.0,D-rand,1.0
8607,B,1,A,0.41,0.21,0.41,0.33,0.13,0.13,419,1.7598000000000003e-05,0,0.33,D-rand,0.41
8608,D,3,A,0.73,0.63,0.73,0.17,0.06,0.04,502,2.1084000000000003e-05,0,0.04,D-rand,0.73
8610,A,0,B,0.77,0.6900000000000001,0.08,0.77,0.09,0.06,500,2.1e-05,0,0.08,D-rand,0.77
8609,C,2,D,0.32,0.09,0.31,0.07,0.3,0.32,471,1.9782000000000005e-05,0,0.3,D-rand,0.32
8613,A,0,B,0.45,0.27,0.33,0.45,0.1,0.12,468,1.9656000000000003e-05,0,0.33,D-rand,0.45
8612,A,0,D,0.52,0.37,0.06,0.19,0.23,0.52,434,1.8228e-05,0,0.06,D-rand,0.52
8611,A,0,A,0.38,0.18,0.38,0.06,0.21,0.35,422,1.7724000000000002e-05,1,0.38,D-rand,0.38
8615,C,2,C,0.8300000000000001,0.77,0.01,0.08,0.8300000000000001,0.08,457,1.9194000000000003e-05,1,0.8300000000000001,D-rand,0.8300000000000001
8614,A,0,B,0.71,0.62,0.16,0.71,0.07,0.06,497,2.0874000000000004e-05,0,0.16,D-rand,0.71
8617,B,1,C,0.42,0.22,0.17,0.28,0.42,0.13,476,1.9992e-05,0,0.28,D-rand,0.42
8618,C,2,A,0.49,0.33,0.49,0.02,0.23,0.26,454,1.9068e-05,0,0.23,D-rand,0.49
8616,B,1,A,0.43,0.24,0.43,0.29,0.08,0.2,455,1.911e-05,0,0.29,D-rand,0.43
8620,D,3,D,0.96,0.95,0.01,0.01,0.02,0.96,472,1.9824e-05,1,0.96,D-rand,0.96
8619,D,3,D,0.6900000000000001,0.59,0.13,0.15,0.03,0.6900000000000001,500,2.1e-05,1,0.6900000000000001,D-rand,0.6900000000000001
8621,A,0,A,0.76,0.68,0.76,0.08,0.04,0.12,513,2.1546e-05,1,0.76,D-rand,0.76
8624,A,0,A,0.51,0.35,0.51,0.05,0.36,0.08,465,1.953e-05,1,0.51,D-rand,0.51
8626,D,3,A,0.55,0.4,0.55,0.09,0.02,0.34,426,1.7892000000000004e-05,0,0.34,D-rand,0.55
8625,D,3,A,0.53,0.36,0.53,0.01,0.01,0.45,438,1.8396e-05,0,0.45,D-rand,0.53
8622,B,1,B,0.98,0.97,0.01,0.98,0.0,0.01,463,1.9446e-05,1,0.98,D-rand,0.98
8627,B,1,A,0.53,0.37,0.53,0.04,0.06,0.37,452,1.8984000000000003e-05,0,0.04,D-rand,0.53
8628,A,0,A,0.88,0.85,0.88,0.03,0.07,0.02,465,1.953e-05,1,0.88,D-rand,0.88
8629,A,0,A,0.89,0.85,0.89,0.01,0.0,0.1,543,2.2806000000000005e-05,1,0.89,D-rand,0.89
8630,C,2,C,0.97,0.95,0.02,0.0,0.97,0.01,515,2.163e-05,1,0.97,D-rand,0.97
8631,D,3,D,0.64,0.51,0.12,0.21,0.03,0.64,444,1.8648e-05,1,0.64,D-rand,0.64
8632,D,3,D,0.8300000000000001,0.79,0.05,0.04,0.08,0.8300000000000001,438,1.8396e-05,1,0.8300000000000001,D-rand,0.8300000000000001
8633,D,3,D,0.78,0.7000000000000001,0.11,0.02,0.09,0.78,478,2.0076e-05,1,0.78,D-rand,0.78
8634,D,3,D,0.67,0.56,0.22,0.08,0.03,0.67,470,1.974e-05,1,0.67,D-rand,0.67
8637,B,1,B,0.97,0.96,0.02,0.97,0.0,0.01,525,2.2050000000000004e-05,1,0.97,D-rand,0.97
8635,B,1,B,0.7000000000000001,0.6000000000000001,0.27,0.7000000000000001,0.02,0.01,432,1.8144e-05,1,0.7000000000000001,D-rand,0.7000000000000001
8638,B,1,C,0.95,0.92,0.01,0.01,0.95,0.03,456,1.9152e-05,0,0.01,D-rand,0.95
8636,A,0,A,0.97,0.95,0.97,0.03,0.0,0.0,439,1.8438e-05,1,0.97,D-rand,0.97
8639,C,2,C,0.67,0.5700000000000001,0.14,0.04,0.67,0.14,478,2.0076e-05,1,0.67,D-rand,0.67
8641,D,3,D,0.44,0.27,0.13,0.17,0.26,0.44,479,2.0118000000000003e-05,1,0.44,D-rand,0.44
8643,A,0,A,0.74,0.64,0.74,0.03,0.19,0.04,440,1.848e-05,1,0.74,D-rand,0.74
8642,B,1,B,0.8300000000000001,0.78,0.01,0.8300000000000001,0.16,0.0,489,2.0538e-05,1,0.8300000000000001,D-rand,0.8300000000000001
8645,B,1,B,0.92,0.88,0.04,0.92,0.0,0.04,472,1.9824e-05,1,0.92,D-rand,0.92
8644,D,3,D,0.36,0.16,0.14,0.36,0.14,0.36,457,1.9194000000000003e-05,1,0.36,D-rand,0.36
8647,A,0,A,0.48,0.3,0.48,0.23,0.24,0.05,437,1.8354e-05,1,0.48,D-rand,0.48
8646,C,2,C,1.0,1.0,0.0,0.0,1.0,0.0,469,1.9698e-05,1,1.0,D-rand,1.0
8649,C,2,C,0.99,0.98,0.0,0.0,0.99,0.01,446,1.8732000000000003e-05,1,0.99,D-rand,0.99
8653,D,3,D,0.96,0.94,0.01,0.0,0.03,0.96,531,2.2302e-05,1,0.96,D-rand,0.96
8648,B,1,B,1.0,0.99,0.0,1.0,0.0,0.0,435,1.827e-05,1,1.0,D-rand,1.0
8651,C,2,C,0.32,0.09,0.13,0.29,0.32,0.26,432,1.8144e-05,1,0.32,D-rand,0.32
8655,A,0,A,0.48,0.32,0.48,0.35,0.05,0.12,481,2.0202e-05,1,0.48,D-rand,0.48
8657,C,2,C,0.99,0.99,0.01,0.0,0.99,0.0,477,2.0034e-05,1,0.99,D-rand,0.99
8656,B,1,B,0.58,0.43,0.03,0.58,0.12,0.27,491,2.0622e-05,1,0.58,D-rand,0.58
8658,D,3,D,0.85,0.79,0.05,0.08,0.02,0.85,416,1.7472e-05,1,0.85,D-rand,0.85
8654,D,3,D,0.98,0.96,0.0,0.02,0.0,0.98,469,1.9698e-05,1,0.98,D-rand,0.98
8659,C,2,C,0.75,0.67,0.1,0.14,0.75,0.01,492,2.0664e-05,1,0.75,D-rand,0.75
8661,C,2,C,0.99,0.98,0.0,0.01,0.99,0.0,469,1.9698e-05,1,0.99,D-rand,0.99
8660,C,2,C,0.95,0.93,0.02,0.02,0.95,0.01,455,1.911e-05,1,0.95,D-rand,0.95
8662,A,0,B,0.6000000000000001,0.46,0.28,0.6000000000000001,0.06,0.06,481,2.0202e-05,0,0.28,D-rand,0.6000000000000001
8663,C,2,C,0.88,0.84,0.06,0.04,0.88,0.02,465,1.953e-05,1,0.88,D-rand,0.88
8665,A,0,A,1.0,1.0,1.0,0.0,0.0,0.0,465,1.953e-05,1,1.0,D-rand,1.0
8667,D,3,A,0.37,0.16,0.37,0.36,0.08,0.19,490,2.058e-05,0,0.19,D-rand,0.37
8666,C,2,C,0.93,0.9,0.07,0.0,0.93,0.0,481,2.0202e-05,1,0.93,D-rand,0.93
8673,A,0,A,0.98,0.97,0.98,0.0,0.0,0.02,470,1.974e-05,1,0.98,D-rand,0.98
8674,A,0,A,0.79,0.72,0.79,0.21,0.0,0.0,445,1.869e-05,1,0.79,D-rand,0.79
8670,D,3,B,0.51,0.34,0.12,0.51,0.04,0.33,472,1.9824e-05,0,0.33,D-rand,0.51
8671,A,0,A,0.87,0.8300000000000001,0.87,0.03,0.01,0.09,478,2.0076e-05,1,0.87,D-rand,0.87
8678,B,1,C,0.65,0.53,0.02,0.31,0.65,0.02,450,1.89e-05,0,0.31,D-rand,0.65
8675,C,2,C,0.7000000000000001,0.61,0.06,0.14,0.7000000000000001,0.1,429,1.8018000000000003e-05,1,0.7000000000000001,D-rand,0.7000000000000001
8679,C,2,C,0.81,0.75,0.03,0.14,0.81,0.02,461,1.9362e-05,1,0.81,D-rand,0.81
8668,A,0,C,0.48,0.29,0.36,0.09,0.48,0.07,452,1.8984000000000003e-05,0,0.36,D-rand,0.48
8683,A,0,A,0.41,0.21,0.41,0.06,0.16,0.37,485,2.037e-05,1,0.41,D-rand,0.41
8685,B,1,B,1.0,1.0,0.0,1.0,0.0,0.0,488,2.0496e-05,1,1.0,D-rand,1.0
8680,C,2,C,0.85,0.8,0.03,0.07,0.85,0.05,475,1.9950000000000004e-05,1,0.85,D-rand,0.85
8676,C,2,C,0.45,0.27,0.41,0.12,0.45,0.02,488,2.0496e-05,1,0.45,D-rand,0.45
8686,A,0,A,0.98,0.98,0.98,0.01,0.0,0.01,508,2.1336e-05,1,0.98,D-rand,0.98
8691,A,0,A,0.99,0.99,0.99,0.0,0.0,0.01,468,1.9656000000000003e-05,1,0.99,D-rand,0.99
8689,B,1,B,0.55,0.4,0.09,0.55,0.14,0.22,492,2.0664e-05,1,0.55,D-rand,0.55
8687,D,3,D,1.0,0.99,0.0,0.0,0.0,1.0,447,1.8774000000000004e-05,1,1.0,D-rand,1.0
8690,A,0,B,0.73,0.63,0.08,0.73,0.16,0.03,488,2.0496e-05,0,0.08,D-rand,0.73
8692,A,0,A,1.0,1.0,1.0,0.0,0.0,0.0,502,2.1084000000000003e-05,1,1.0,D-rand,1.0
8693,C,2,B,0.84,0.78,0.09,0.84,0.07,0.0,467,1.9614e-05,0,0.07,D-rand,0.84
8695,B,1,B,0.94,0.92,0.02,0.94,0.03,0.01,414,1.7388e-05,1,0.94,D-rand,0.94
8694,C,2,C,0.73,0.65,0.19,0.06,0.73,0.02,621,2.6082e-05,1,0.73,D-rand,0.73
8701,A,0,A,0.97,0.95,0.97,0.03,0.0,0.0,456,1.9152e-05,1,0.97,D-rand,0.97
8705,C,2,C,0.86,0.8200000000000001,0.07,0.06,0.86,0.01,437,1.8354e-05,1,0.86,D-rand,0.86
8702,B,1,B,0.91,0.87,0.05,0.91,0.01,0.03,419,1.7598000000000003e-05,1,0.91,D-rand,0.91
8703,C,2,B,0.65,0.52,0.08,0.65,0.08,0.19,463,1.9446e-05,0,0.08,D-rand,0.65
8697,A,0,A,1.0,1.0,1.0,0.0,0.0,0.0,484,2.0328000000000003e-05,1,1.0,D-rand,1.0
8704,B,1,A,0.92,0.9,0.92,0.04,0.03,0.01,487,2.0454e-05,0,0.04,D-rand,0.92
8707,C,2,C,0.98,0.97,0.01,0.01,0.98,0.0,509,2.1378e-05,1,0.98,D-rand,0.98
8708,C,2,A,0.46,0.27,0.46,0.12,0.37,0.05,448,1.8816000000000004e-05,0,0.37,D-rand,0.46
8709,C,2,B,0.8300000000000001,0.77,0.09,0.8300000000000001,0.06,0.02,487,2.0454e-05,0,0.06,D-rand,0.8300000000000001
8710,D,3,D,0.99,0.98,0.0,0.0,0.01,0.99,506,2.1252000000000003e-05,1,0.99,D-rand,0.99
8712,D,3,D,0.79,0.71,0.01,0.08,0.12,0.79,535,2.247e-05,1,0.79,D-rand,0.79
8711,A,0,A,0.6000000000000001,0.47,0.6000000000000001,0.13,0.27,0.0,438,1.8396e-05,1,0.6000000000000001,D-rand,0.6000000000000001
8714,B,1,B,0.75,0.66,0.23,0.75,0.01,0.01,493,2.0706000000000005e-05,1,0.75,D-rand,0.75
8715,C,2,C,0.93,0.91,0.01,0.05,0.93,0.01,448,1.8816000000000004e-05,1,0.93,D-rand,0.93
8713,B,1,B,0.9,0.86,0.06,0.9,0.02,0.02,473,1.9866000000000003e-05,1,0.9,D-rand,0.9
8716,D,3,D,0.5700000000000001,0.43,0.04,0.13,0.26,0.5700000000000001,496,2.0832000000000003e-05,1,0.5700000000000001,D-rand,0.5700000000000001
8717,A,0,A,0.99,0.99,0.99,0.0,0.0,0.01,423,1.7766000000000002e-05,1,0.99,D-rand,0.99
8718,D,3,D,0.64,0.54,0.12,0.19,0.05,0.64,467,1.9614e-05,1,0.64,D-rand,0.64
8722,C,2,C,1.0,1.0,0.0,0.0,1.0,0.0,506,2.1252000000000003e-05,1,1.0,D-rand,1.0
8720,B,1,B,1.0,1.0,0.0,1.0,0.0,0.0,444,1.8648e-05,1,1.0,D-rand,1.0
8719,D,3,D,0.86,0.81,0.04,0.02,0.08,0.86,484,2.0328000000000003e-05,1,0.86,D-rand,0.86
8721,D,3,D,1.0,1.0,0.0,0.0,0.0,1.0,444,1.8648e-05,1,1.0,D-rand,1.0
8723,C,2,C,0.48,0.31,0.06,0.04,0.48,0.42,475,1.9950000000000004e-05,1,0.48,D-rand,0.48
8725,B,1,B,0.96,0.94,0.0,0.96,0.0,0.04,480,2.016e-05,1,0.96,D-rand,0.96
8726,A,0,A,0.97,0.96,0.97,0.02,0.01,0.0,424,1.7808000000000003e-05,1,0.97,D-rand,0.97
8727,D,3,D,0.97,0.96,0.02,0.0,0.01,0.97,457,1.9194000000000003e-05,1,0.97,D-rand,0.97
8729,B,1,B,0.94,0.92,0.01,0.94,0.05,0.0,446,1.8732000000000003e-05,1,0.94,D-rand,0.94
8730,B,1,B,0.78,0.7000000000000001,0.02,0.78,0.13,0.07,471,1.9782000000000005e-05,1,0.78,D-rand,0.78
8735,A,0,A,0.35,0.14,0.35,0.3,0.1,0.25,442,1.8564e-05,1,0.35,D-rand,0.35
8731,D,3,A,0.68,0.5700000000000001,0.68,0.12,0.04,0.16,518,2.1756000000000003e-05,0,0.16,D-rand,0.68
8736,C,2,C,0.99,0.98,0.01,0.0,0.99,0.0,475,1.9950000000000004e-05,1,0.99,D-rand,0.99
8737,C,2,C,0.95,0.92,0.0,0.01,0.95,0.04,470,1.974e-05,1,0.95,D-rand,0.95
8739,A,0,A,1.0,1.0,1.0,0.0,0.0,0.0,439,1.8438e-05,1,1.0,D-rand,1.0
8740,C,2,B,0.64,0.52,0.02,0.64,0.25,0.09,453,1.9026000000000004e-05,0,0.25,D-rand,0.64
8742,D,3,D,0.8300000000000001,0.78,0.08,0.04,0.05,0.8300000000000001,465,1.953e-05,1,0.8300000000000001,D-rand,0.8300000000000001
8743,A,0,B,0.71,0.6000000000000001,0.23,0.71,0.01,0.05,420,1.764e-05,0,0.23,D-rand,0.71
8744,B,1,B,0.93,0.91,0.0,0.93,0.06,0.01,498,2.0916000000000004e-05,1,0.93,D-rand,0.93
8746,D,3,D,0.85,0.8,0.08,0.03,0.04,0.85,417,1.7514000000000002e-05,1,0.85,D-rand,0.85
8745,C,2,C,0.92,0.89,0.08,0.0,0.92,0.0,428,1.7976000000000002e-05,1,0.92,D-rand,0.92
8748,A,0,A,0.41,0.21,0.41,0.18,0.27,0.14,470,1.974e-05,1,0.41,D-rand,0.41
8750,B,1,B,0.84,0.79,0.07,0.84,0.03,0.06,463,1.9446e-05,1,0.84,D-rand,0.84
8747,C,2,C,0.93,0.91,0.03,0.02,0.93,0.01,470,1.974e-05,1,0.93,D-rand,0.93
8751,D,3,A,0.8,0.74,0.8,0.14,0.02,0.04,428,1.7976000000000002e-05,0,0.04,D-rand,0.8
8752,B,1,B,0.55,0.4,0.25,0.55,0.17,0.02,442,1.8564e-05,1,0.55,D-rand,0.55
8753,C,2,C,0.94,0.92,0.05,0.0,0.94,0.01,411,1.7262000000000002e-05,1,0.94,D-rand,0.94
8755,D,3,D,0.74,0.65,0.21,0.02,0.03,0.74,489,2.0538e-05,1,0.74,D-rand,0.74
8757,A,0,A,0.8,0.73,0.8,0.11,0.06,0.03,443,1.8606e-05,1,0.8,D-rand,0.8
8759,C,2,C,0.98,0.98,0.0,0.01,0.98,0.01,428,1.7976000000000002e-05,1,0.98,D-rand,0.98
8761,B,1,B,1.0,1.0,0.0,1.0,0.0,0.0,477,2.0034e-05,1,1.0,D-rand,1.0
8760,C,2,C,0.51,0.35,0.09,0.33,0.51,0.07,442,1.8564e-05,1,0.51,D-rand,0.51
8756,C,2,C,0.94,0.94,0.01,0.04,0.94,0.01,433,1.8186e-05,1,0.94,D-rand,0.94
8762,B,1,B,1.0,0.99,0.0,1.0,0.0,0.0,449,1.8858e-05,1,1.0,D-rand,1.0
8763,D,3,D,0.55,0.39,0.29,0.12,0.04,0.55,434,1.8228e-05,1,0.55,D-rand,0.55
8764,C,2,C,0.94,0.92,0.02,0.04,0.94,0.0,470,1.974e-05,1,0.94,D-rand,0.94
8765,C,2,C,0.84,0.79,0.08,0.07,0.84,0.01,502,2.1084000000000003e-05,1,0.84,D-rand,0.84
8766,B,1,B,0.77,0.6900000000000001,0.16,0.77,0.02,0.05,438,1.8396e-05,1,0.77,D-rand,0.77
8767,D,3,D,0.47,0.28,0.18,0.02,0.33,0.47,489,2.0538e-05,1,0.47,D-rand,0.47
8772,B,1,B,0.9,0.87,0.01,0.9,0.01,0.08,465,1.953e-05,1,0.9,D-rand,0.9
8771,C,2,C,0.97,0.96,0.02,0.01,0.97,0.0,483,2.0286e-05,1,0.97,D-rand,0.97
8779,D,3,D,0.97,0.97,0.01,0.01,0.01,0.97,461,1.9362e-05,1,0.97,D-rand,0.97
8774,A,0,B,0.53,0.36,0.38,0.53,0.03,0.06,410,1.722e-05,0,0.38,D-rand,0.53
8778,C,2,C,0.78,0.71,0.03,0.06,0.78,0.13,488,2.0496e-05,1,0.78,D-rand,0.78
8780,A,0,C,0.45,0.26,0.32,0.13,0.45,0.1,554,2.3268e-05,0,0.32,D-rand,0.45
8782,C,2,A,0.6900000000000001,0.59,0.6900000000000001,0.03,0.26,0.02,442,1.8564e-05,0,0.26,D-rand,0.6900000000000001
8781,D,3,C,0.48,0.32,0.04,0.01,0.48,0.47,415,1.743e-05,0,0.47,D-rand,0.48
8783,B,1,B,0.78,0.71,0.16,0.78,0.04,0.02,453,1.9026000000000004e-05,1,0.78,D-rand,0.78
8787,D,3,A,0.45,0.26,0.45,0.04,0.32,0.19,482,2.0244e-05,0,0.19,D-rand,0.45
8786,C,2,C,1.0,1.0,0.0,0.0,1.0,0.0,436,1.8312e-05,1,1.0,D-rand,1.0
8784,B,1,C,0.71,0.6000000000000001,0.07,0.13,0.71,0.09,484,2.0328000000000003e-05,0,0.13,D-rand,0.71
8785,B,1,D,0.37,0.16,0.22,0.07,0.34,0.37,453,1.9026000000000004e-05,0,0.07,D-rand,0.37
8792,B,1,B,0.97,0.97,0.01,0.97,0.01,0.01,471,1.9782000000000005e-05,1,0.97,D-rand,0.97
8788,B,1,B,0.79,0.73,0.19,0.79,0.01,0.01,469,1.9698e-05,1,0.79,D-rand,0.79
8794,A,0,A,0.79,0.71,0.79,0.19,0.02,0.0,493,2.0706000000000005e-05,1,0.79,D-rand,0.79
8793,B,1,B,1.0,1.0,0.0,1.0,0.0,0.0,540,2.268e-05,1,1.0,D-rand,1.0
8797,A,0,A,1.0,1.0,1.0,0.0,0.0,0.0,452,1.8984000000000003e-05,1,1.0,D-rand,1.0
8798,C,2,C,1.0,1.0,0.0,0.0,1.0,0.0,458,1.9236e-05,1,1.0,D-rand,1.0
8799,B,1,B,0.85,0.8,0.01,0.85,0.1,0.04,516,2.1672000000000005e-05,1,0.85,D-rand,0.85
8795,C,2,C,0.65,0.54,0.25,0.04,0.65,0.06,455,1.911e-05,1,0.65,D-rand,0.65
8800,D,3,A,0.55,0.4,0.55,0.19,0.13,0.13,441,1.8522000000000003e-05,0,0.13,D-rand,0.55
8802,A,0,A,0.92,0.89,0.92,0.07,0.01,0.0,469,1.9698e-05,1,0.92,D-rand,0.92
8807,A,0,A,0.97,0.95,0.97,0.0,0.02,0.01,444,1.8648e-05,1,0.97,D-rand,0.97
8804,B,1,B,0.73,0.63,0.1,0.73,0.04,0.13,454,1.9068e-05,1,0.73,D-rand,0.73
8805,A,0,A,0.77,0.68,0.77,0.01,0.0,0.22,419,1.7598000000000003e-05,1,0.77,D-rand,0.77
8808,C,2,C,0.97,0.96,0.02,0.01,0.97,0.0,466,1.9572e-05,1,0.97,D-rand,0.97
8811,B,1,B,0.95,0.94,0.03,0.95,0.01,0.01,530,2.226e-05,1,0.95,D-rand,0.95
8810,D,3,D,0.31,0.08,0.3,0.3,0.09,0.31,481,2.0202e-05,1,0.31,D-rand,0.31
8809,D,3,D,0.97,0.96,0.02,0.0,0.01,0.97,441,1.8522000000000003e-05,1,0.97,D-rand,0.97
8813,B,1,B,0.97,0.96,0.01,0.97,0.01,0.01,425,1.7850000000000004e-05,1,0.97,D-rand,0.97
8816,A,0,A,0.98,0.96,0.98,0.0,0.02,0.0,490,2.058e-05,1,0.98,D-rand,0.98
8814,D,3,D,1.0,1.0,0.0,0.0,0.0,1.0,459,1.9278e-05,1,1.0,D-rand,1.0
8815,A,0,A,0.8300000000000001,0.77,0.8300000000000001,0.11,0.02,0.04,423,1.7766000000000002e-05,1,0.8300000000000001,D-rand,0.8300000000000001
8817,D,3,D,0.8,0.74,0.03,0.13,0.04,0.8,456,1.9152e-05,1,0.8,D-rand,0.8
8820,A,0,A,0.8,0.73,0.8,0.12,0.04,0.04,514,2.1588e-05,1,0.8,D-rand,0.8
8818,A,0,A,0.78,0.71,0.78,0.01,0.12,0.09,515,2.163e-05,1,0.78,D-rand,0.78
8822,C,2,C,0.84,0.78,0.05,0.02,0.84,0.09,465,1.953e-05,1,0.84,D-rand,0.84
8821,B,1,B,0.5,0.34,0.04,0.5,0.25,0.21,432,1.8144e-05,1,0.5,D-rand,0.5
8823,A,0,A,0.54,0.39,0.54,0.42,0.02,0.02,445,1.869e-05,1,0.54,D-rand,0.54
8824,C,2,C,0.94,0.92,0.02,0.03,0.94,0.01,434,1.8228e-05,1,0.94,D-rand,0.94
8826,D,3,D,0.89,0.84,0.01,0.01,0.09,0.89,440,1.848e-05,1,0.89,D-rand,0.89
8827,B,1,B,0.95,0.95,0.03,0.95,0.01,0.01,489,2.0538e-05,1,0.95,D-rand,0.95
8828,D,3,A,0.59,0.45,0.59,0.13,0.13,0.15,470,1.974e-05,0,0.15,D-rand,0.59
8830,C,2,C,0.8,0.73,0.02,0.02,0.8,0.16,427,1.7934e-05,1,0.8,D-rand,0.8
8831,B,1,C,0.48,0.31,0.03,0.36,0.48,0.13,472,1.9824e-05,0,0.36,D-rand,0.48
8832,A,0,A,0.92,0.89,0.92,0.07,0.0,0.01,472,1.9824e-05,1,0.92,D-rand,0.92
8819,A,0,B,0.8300000000000001,0.77,0.15,0.8300000000000001,0.01,0.01,502,2.1084000000000003e-05,0,0.15,D-rand,0.8300000000000001
8835,C,2,C,1.0,0.99,0.0,0.0,1.0,0.0,470,1.974e-05,1,1.0,D-rand,1.0
8833,B,1,B,0.99,0.98,0.01,0.99,0.0,0.0,493,2.0706000000000005e-05,1,0.99,D-rand,0.99
8836,D,3,A,0.39,0.19,0.39,0.15,0.23,0.23,492,2.0664e-05,0,0.23,D-rand,0.39
8837,D,3,D,0.85,0.79,0.09,0.03,0.03,0.85,519,2.1798000000000004e-05,1,0.85,D-rand,0.85
8839,A,0,A,0.98,0.97,0.98,0.0,0.0,0.02,468,1.9656000000000003e-05,1,0.98,D-rand,0.98
8838,B,1,B,0.99,0.99,0.01,0.99,0.0,0.0,452,1.8984000000000003e-05,1,0.99,D-rand,0.99
8841,C,2,C,0.77,0.6900000000000001,0.02,0.19,0.77,0.02,439,1.8438e-05,1,0.77,D-rand,0.77
8842,C,2,C,0.99,0.99,0.01,0.0,0.99,0.0,457,1.9194000000000003e-05,1,0.99,D-rand,0.99
8843,B,1,D,0.44,0.25,0.04,0.32,0.2,0.44,483,2.0286e-05,0,0.32,D-rand,0.44
8840,C,2,C,0.92,0.89,0.05,0.01,0.92,0.02,427,1.7934e-05,1,0.92,D-rand,0.92
8844,A,0,A,0.78,0.7000000000000001,0.78,0.03,0.14,0.05,547,2.2974000000000004e-05,1,0.78,D-rand,0.78
8846,D,3,D,0.679999999999999,0.59,0.14,0.15,0.03,0.679999999999999,471,1.9782000000000005e-05,1,0.679999999999999,D-rand,0.679999999999999
8847,A,0,A,1.0,0.99,1.0,0.0,0.0,0.0,490,2.058e-05,1,1.0,D-rand,1.0
8848,C,2,C,0.87,0.8300000000000001,0.01,0.11,0.87,0.01,551,2.3142000000000003e-05,1,0.87,D-rand,0.87
8850,D,3,D,0.67,0.56,0.12,0.03,0.18,0.67,453,1.9026000000000004e-05,1,0.67,D-rand,0.67
8849,C,2,C,0.73,0.65,0.04,0.17,0.73,0.06,427,1.7934e-05,1,0.73,D-rand,0.73
8851,D,3,D,0.8,0.73,0.08,0.02,0.1,0.8,459,1.9278e-05,1,0.8,D-rand,0.8
8852,D,3,D,0.73,0.64,0.1,0.14,0.03,0.73,459,1.9278e-05,1,0.73,D-rand,0.73
8853,D,3,D,0.99,0.98,0.0,0.0,0.01,0.99,450,1.89e-05,1,0.99,D-rand,0.99
8854,C,2,C,0.79,0.72,0.06,0.05,0.79,0.1,489,2.0538e-05,1,0.79,D-rand,0.79
8856,C,2,C,0.8300000000000001,0.78,0.04,0.05,0.8300000000000001,0.08,448,1.8816000000000004e-05,1,0.8300000000000001,D-rand,0.8300000000000001
8855,A,0,A,0.94,0.91,0.94,0.05,0.01,0.0,469,1.9698e-05,1,0.94,D-rand,0.94
8857,C,2,C,0.39,0.19,0.15,0.38,0.39,0.08,431,1.8102e-05,1,0.39,D-rand,0.39
8858,D,3,D,0.46,0.28,0.37,0.09,0.08,0.46,431,1.8102e-05,1,0.46,D-rand,0.46
8860,D,3,D,0.99,0.98,0.0,0.0,0.01,0.99,493,2.0706000000000005e-05,1,0.99,D-rand,0.99
8862,D,3,D,0.55,0.4,0.08,0.11,0.26,0.55,476,1.9992e-05,1,0.55,D-rand,0.55
8859,D,3,D,0.96,0.96,0.02,0.01,0.01,0.96,467,1.9614e-05,1,0.96,D-rand,0.96
8863,D,3,D,1.0,0.99,0.0,0.0,0.0,1.0,495,2.0790000000000003e-05,1,1.0,D-rand,1.0
8861,D,3,D,0.49,0.33,0.17,0.18,0.16,0.49,398,1.6716000000000004e-05,1,0.49,D-rand,0.49
8864,D,3,A,0.63,0.52,0.63,0.18,0.05,0.14,438,1.8396e-05,0,0.14,D-rand,0.63
8866,D,3,D,0.75,0.66,0.03,0.18,0.04,0.75,437,1.8354e-05,1,0.75,D-rand,0.75
8865,C,2,C,0.85,0.8,0.03,0.06,0.85,0.06,459,1.9278e-05,1,0.85,D-rand,0.85
8867,D,3,D,0.81,0.74,0.03,0.08,0.08,0.81,452,1.8984000000000003e-05,1,0.81,D-rand,0.81
8868,A,0,A,0.51,0.35,0.51,0.06,0.02,0.41,456,1.9152e-05,1,0.51,D-rand,0.51
8869,B,1,A,0.52,0.36,0.52,0.39,0.07,0.02,485,2.037e-05,0,0.39,D-rand,0.52
8870,A,0,A,1.0,1.0,1.0,0.0,0.0,0.0,489,2.0538e-05,1,1.0,D-rand,1.0
8872,D,3,D,0.92,0.89,0.01,0.05,0.02,0.92,467,1.9614e-05,1,0.92,D-rand,0.92
8871,B,1,B,0.78,0.6900000000000001,0.14,0.78,0.08,0.0,486,2.0412e-05,1,0.78,D-rand,0.78
8873,D,3,B,0.6000000000000001,0.47,0.03,0.6000000000000001,0.08,0.29,474,1.9908000000000003e-05,0,0.29,D-rand,0.6000000000000001
8874,C,2,C,0.52,0.35,0.2,0.03,0.52,0.25,447,1.8774000000000004e-05,1,0.52,D-rand,0.52
8876,A,0,A,0.93,0.91,0.93,0.05,0.01,0.01,498,2.0916000000000004e-05,1,0.93,D-rand,0.93
8879,B,1,B,0.54,0.39,0.13,0.54,0.27,0.06,456,1.9152e-05,1,0.54,D-rand,0.54
8882,D,3,A,0.53,0.36,0.53,0.2,0.12,0.15,428,1.7976000000000002e-05,0,0.15,D-rand,0.53
8880,B,1,B,0.97,0.96,0.01,0.97,0.0,0.02,435,1.827e-05,1,0.97,D-rand,0.97
8877,C,2,C,0.65,0.54,0.26,0.05,0.65,0.04,453,1.9026000000000004e-05,1,0.65,D-rand,0.65
8878,B,1,C,0.8300000000000001,0.78,0.03,0.09,0.8300000000000001,0.05,457,1.9194000000000003e-05,0,0.09,D-rand,0.8300000000000001
8884,D,3,C,0.5,0.33,0.02,0.01,0.5,0.47,457,1.9194000000000003e-05,0,0.47,D-rand,0.5
8881,D,3,D,0.55,0.4,0.31,0.03,0.11,0.55,434,1.8228e-05,1,0.55,D-rand,0.55
8885,A,0,D,0.72,0.62,0.19,0.04,0.05,0.72,507,2.1294e-05,0,0.19,D-rand,0.72
8887,B,1,D,0.35,0.14,0.35,0.22,0.08,0.35,465,1.953e-05,0,0.22,D-rand,0.35
8886,B,1,A,0.59,0.46,0.59,0.19,0.1,0.12,456,1.9152e-05,0,0.19,D-rand,0.59
8889,D,3,D,0.8300000000000001,0.77,0.06,0.11,0.0,0.8300000000000001,461,1.9362e-05,1,0.8300000000000001,D-rand,0.8300000000000001
8890,A,0,A,0.97,0.95,0.97,0.0,0.0,0.03,505,2.121e-05,1,0.97,D-rand,0.97
8893,C,2,C,1.0,1.0,0.0,0.0,1.0,0.0,545,2.2890000000000003e-05,1,1.0,D-rand,1.0
8894,D,3,D,0.98,0.98,0.0,0.01,0.01,0.98,415,1.743e-05,1,0.98,D-rand,0.98
8892,C,2,C,0.8300000000000001,0.77,0.15,0.01,0.8300000000000001,0.01,484,2.0328000000000003e-05,1,0.8300000000000001,D-rand,0.8300000000000001
8895,A,0,A,1.0,1.0,1.0,0.0,0.0,0.0,527,2.2134e-05,1,1.0,D-rand,1.0
8896,C,2,C,0.73,0.63,0.03,0.02,0.73,0.22,520,2.1840000000000004e-05,1,0.73,D-rand,0.73
8897,B,1,B,0.56,0.41,0.05,0.56,0.16,0.23,450,1.89e-05,1,0.56,D-rand,0.56
8898,C,2,B,0.76,0.68,0.18,0.76,0.03,0.03,516,2.1672000000000005e-05,0,0.03,D-rand,0.76
8899,D,3,D,1.0,0.99,0.0,0.0,0.0,1.0,459,1.9278e-05,1,1.0,D-rand,1.0
8900,B,1,B,0.94,0.93,0.01,0.94,0.0,0.05,462,1.9404e-05,1,0.94,D-rand,0.94
8901,A,0,A,0.99,0.97,0.99,0.0,0.01,0.0,474,1.9908000000000003e-05,1,0.99,D-rand,0.99
8903,A,0,A,0.99,0.99,0.99,0.0,0.01,0.0,469,1.9698e-05,1,0.99,D-rand,0.99
8902,D,3,D,0.9,0.87,0.01,0.01,0.08,0.9,457,1.9194000000000003e-05,1,0.9,D-rand,0.9
8904,C,2,C,0.77,0.7000000000000001,0.04,0.01,0.77,0.18,505,2.121e-05,1,0.77,D-rand,0.77
8907,D,3,D,1.0,1.0,0.0,0.0,0.0,1.0,521,2.1882e-05,1,1.0,D-rand,1.0
8905,B,1,B,0.99,0.98,0.01,0.99,0.0,0.0,472,1.9824e-05,1,0.99,D-rand,0.99
8906,C,2,D,0.44,0.26,0.34,0.07,0.15,0.44,482,2.0244e-05,0,0.15,D-rand,0.44
8909,C,2,C,0.92,0.89,0.06,0.02,0.92,0.0,427,1.7934e-05,1,0.92,D-rand,0.92
8910,D,3,D,0.67,0.56,0.05,0.0,0.28,0.67,465,1.953e-05,1,0.67,D-rand,0.67
8912,D,3,D,0.88,0.84,0.02,0.03,0.07,0.88,428,1.7976000000000002e-05,1,0.88,D-rand,0.88
8908,D,3,D,1.0,1.0,0.0,0.0,0.0,1.0,462,1.9404e-05,1,1.0,D-rand,1.0
8914,A,0,A,1.0,1.0,1.0,0.0,0.0,0.0,468,1.9656000000000003e-05,1,1.0,D-rand,1.0
8913,B,1,B,0.8200000000000001,0.76,0.1,0.8200000000000001,0.06,0.02,417,1.7514000000000002e-05,1,0.8200000000000001,D-rand,0.8200000000000001
8918,A,0,A,0.86,0.8300000000000001,0.86,0.08,0.04,0.02,459,1.9278e-05,1,0.86,D-rand,0.86
8915,A,0,A,1.0,1.0,1.0,0.0,0.0,0.0,442,1.8564e-05,1,1.0,D-rand,1.0
8916,B,1,B,1.0,1.0,0.0,1.0,0.0,0.0,458,1.9236e-05,1,1.0,D-rand,1.0
8917,D,3,D,0.91,0.89,0.04,0.04,0.01,0.91,467,1.9614e-05,1,0.91,D-rand,0.91
8919,D,3,D,1.0,1.0,0.0,0.0,0.0,1.0,461,1.9362e-05,1,1.0,D-rand,1.0
8920,D,3,D,0.91,0.87,0.01,0.01,0.07,0.91,413,1.7346e-05,1,0.91,D-rand,0.91
8921,A,0,A,0.75,0.66,0.75,0.07,0.16,0.02,407,1.7094000000000003e-05,1,0.75,D-rand,0.75
8922,D,3,D,0.81,0.74,0.15,0.02,0.02,0.81,460,1.932e-05,1,0.81,D-rand,0.81
8923,D,3,B,0.5,0.34,0.39,0.5,0.05,0.06,518,2.1756000000000003e-05,0,0.06,D-rand,0.5
8924,B,1,B,1.0,1.0,0.0,1.0,0.0,0.0,460,1.932e-05,1,1.0,D-rand,1.0
8925,C,2,C,0.96,0.94,0.03,0.0,0.96,0.01,484,2.0328000000000003e-05,1,0.96,D-rand,0.96
8927,B,1,C,0.42,0.23,0.22,0.31,0.42,0.05,458,1.9236e-05,0,0.31,D-rand,0.42
8929,D,3,A,0.66,0.55,0.66,0.05,0.03,0.26,475,1.9950000000000004e-05,0,0.26,D-rand,0.66
8930,D,3,D,0.99,0.98,0.01,0.0,0.0,0.99,459,1.9278e-05,1,0.99,D-rand,0.99
8931,C,2,C,0.75,0.67,0.11,0.05,0.75,0.09,505,2.121e-05,1,0.75,D-rand,0.75
8934,B,1,B,0.45,0.28,0.31,0.45,0.05,0.19,431,1.8102e-05,1,0.45,D-rand,0.45
8935,A,0,A,1.0,1.0,1.0,0.0,0.0,0.0,458,1.9236e-05,1,1.0,D-rand,1.0
8936,B,1,B,0.95,0.94,0.02,0.95,0.02,0.01,448,1.8816000000000004e-05,1,0.95,D-rand,0.95
8938,B,1,B,0.99,0.99,0.01,0.99,0.0,0.0,519,2.1798000000000004e-05,1,0.99,D-rand,0.99
8939,B,1,B,0.94,0.92,0.01,0.94,0.0,0.05,516,2.1672000000000005e-05,1,0.94,D-rand,0.94
8940,C,2,C,0.66,0.55,0.03,0.27,0.66,0.04,514,2.1588e-05,1,0.66,D-rand,0.66
8941,D,3,D,0.99,0.98,0.01,0.0,0.0,0.99,433,1.8186e-05,1,0.99,D-rand,0.99
8942,D,3,D,0.68,0.56,0.16,0.11,0.05,0.68,510,2.142e-05,1,0.68,D-rand,0.68
8943,A,0,A,0.8,0.73,0.8,0.11,0.07,0.01,429,1.8018000000000003e-05,1,0.8,D-rand,0.8
8945,B,1,B,0.88,0.8300000000000001,0.02,0.88,0.04,0.06,496,2.0832000000000003e-05,1,0.88,D-rand,0.88
8944,D,3,A,0.34,0.11,0.34,0.05,0.31,0.3,485,2.037e-05,0,0.3,D-rand,0.34
8948,B,1,B,0.55,0.41,0.06,0.55,0.37,0.02,485,2.037e-05,1,0.55,D-rand,0.55
8947,C,2,C,0.5700000000000001,0.43,0.23,0.18,0.5700000000000001,0.02,459,1.9278e-05,1,0.5700000000000001,D-rand,0.5700000000000001
8950,A,0,A,0.66,0.55,0.66,0.11,0.05,0.18,437,1.8354e-05,1,0.66,D-rand,0.66
8949,A,0,C,0.6900000000000001,0.59,0.21,0.09,0.6900000000000001,0.01,443,1.8606e-05,0,0.21,D-rand,0.6900000000000001
8951,C,2,C,0.43,0.24,0.17,0.04,0.43,0.36,593,2.4906000000000005e-05,1,0.43,D-rand,0.43
8953,C,2,C,1.0,0.99,0.0,0.0,1.0,0.0,459,1.9278e-05,1,1.0,D-rand,1.0
8952,A,0,A,1.0,0.99,1.0,0.0,0.0,0.0,441,1.8522000000000003e-05,1,1.0,D-rand,1.0
8954,A,0,A,0.88,0.85,0.88,0.09,0.01,0.02,527,2.2134e-05,1,0.88,D-rand,0.88
8955,A,0,C,0.38,0.18,0.37,0.08,0.38,0.17,441,1.8522000000000003e-05,0,0.37,D-rand,0.38
8946,D,3,D,0.95,0.93,0.01,0.01,0.03,0.95,442,1.8564e-05,1,0.95,D-rand,0.95
8957,D,3,D,0.89,0.85,0.06,0.05,0.0,0.89,474,1.9908000000000003e-05,1,0.89,D-rand,0.89
8958,C,2,C,0.95,0.94,0.01,0.04,0.95,0.0,506,2.1252000000000003e-05,1,0.95,D-rand,0.95
8959,C,2,C,0.76,0.68,0.04,0.18,0.76,0.02,534,2.2428e-05,1,0.76,D-rand,0.76
8963,D,3,D,0.94,0.93,0.01,0.01,0.04,0.94,460,1.932e-05,1,0.94,D-rand,0.94
8962,A,0,A,0.49,0.32,0.49,0.2,0.27,0.04,446,1.8732000000000003e-05,1,0.49,D-rand,0.49
8964,C,2,C,1.0,1.0,0.0,0.0,1.0,0.0,526,2.2092e-05,1,1.0,D-rand,1.0
8965,C,2,C,0.58,0.43,0.04,0.15,0.58,0.23,442,1.8564e-05,1,0.58,D-rand,0.58
8967,C,2,C,0.79,0.73,0.07,0.01,0.79,0.13,514,2.1588e-05,1,0.79,D-rand,0.79
8966,D,3,D,1.0,0.99,0.0,0.0,0.0,1.0,465,1.953e-05,1,1.0,D-rand,1.0
8968,A,0,A,1.0,1.0,1.0,0.0,0.0,0.0,441,1.8522000000000003e-05,1,1.0,D-rand,1.0
8969,C,2,C,0.85,0.81,0.12,0.01,0.85,0.02,445,1.869e-05,1,0.85,D-rand,0.85
8972,B,1,B,0.72,0.63,0.23,0.72,0.01,0.04,500,2.1e-05,1,0.72,D-rand,0.72
8973,C,2,C,0.68,0.58,0.06,0.17,0.68,0.09,424,1.7808000000000003e-05,1,0.68,D-rand,0.68
8971,B,1,B,1.0,0.99,0.0,1.0,0.0,0.0,451,1.8942000000000003e-05,1,1.0,D-rand,1.0
8974,C,2,C,0.85,0.8,0.02,0.08,0.85,0.05,474,1.9908000000000003e-05,1,0.85,D-rand,0.85
8975,C,2,C,0.84,0.77,0.01,0.0,0.84,0.15,445,1.869e-05,1,0.84,D-rand,0.84
8980,D,3,D,0.97,0.96,0.02,0.01,0.0,0.97,431,1.8102e-05,1,0.97,D-rand,0.97
8977,C,2,C,1.0,0.99,0.0,0.0,1.0,0.0,485,2.037e-05,1,1.0,D-rand,1.0
8976,C,2,C,1.0,1.0,0.0,0.0,1.0,0.0,487,2.0454e-05,1,1.0,D-rand,1.0
8978,B,1,B,0.9,0.86,0.03,0.9,0.04,0.03,477,2.0034e-05,1,0.9,D-rand,0.9
8981,D,3,D,1.0,1.0,0.0,0.0,0.0,1.0,449,1.8858e-05,1,1.0,D-rand,1.0
8984,A,0,A,0.88,0.84,0.88,0.01,0.06,0.05,453,1.9026000000000004e-05,1,0.88,D-rand,0.88
8979,C,2,C,1.0,1.0,0.0,0.0,1.0,0.0,441,1.8522000000000003e-05,1,1.0,D-rand,1.0
8985,C,2,C,0.78,0.71,0.07,0.03,0.78,0.12,472,1.9824e-05,1,0.78,D-rand,0.78
8988,C,2,C,0.91,0.88,0.08,0.01,0.91,0.0,478,2.0076e-05,1,0.91,D-rand,0.91
8989,C,2,C,0.79,0.71,0.02,0.15,0.79,0.04,481,2.0202e-05,1,0.79,D-rand,0.79
8986,D,3,D,0.84,0.78,0.11,0.03,0.02,0.84,434,1.8228e-05,1,0.84,D-rand,0.84
8990,D,3,A,0.54,0.39,0.54,0.2,0.06,0.2,487,2.0454e-05,0,0.2,D-rand,0.54
8987,D,3,D,0.99,0.99,0.0,0.0,0.01,0.99,501,2.1042000000000003e-05,1,0.99,D-rand,0.99
8991,B,1,B,0.97,0.95,0.02,0.97,0.01,0.0,476,1.9992e-05,1,0.97,D-rand,0.97
8992,A,0,B,0.4,0.19,0.3,0.4,0.03,0.27,491,2.0622e-05,0,0.3,D-rand,0.4
8993,C,2,D,0.45,0.26,0.13,0.24,0.18,0.45,516,2.1672000000000005e-05,0,0.18,D-rand,0.45
8994,D,3,A,0.47,0.3,0.47,0.15,0.19,0.19,493,2.0706000000000005e-05,0,0.19,D-rand,0.47
8996,A,0,A,0.63,0.5,0.63,0.04,0.11,0.22,426,1.7892000000000004e-05,1,0.63,D-rand,0.63
8995,B,1,B,0.96,0.95,0.02,0.96,0.01,0.01,458,1.9236e-05,1,0.96,D-rand,0.96
8998,B,1,B,0.97,0.96,0.01,0.97,0.01,0.01,458,1.9236e-05,1,0.97,D-rand,0.97
8997,A,0,D,0.66,0.54,0.12,0.1,0.12,0.66,409,1.7178e-05,0,0.12,D-rand,0.66
8999,D,3,D,1.0,0.99,0.0,0.0,0.0,1.0,445,1.869e-05,1,1.0,D-rand,1.0
9000,C,2,C,1.0,1.0,0.0,0.0,1.0,0.0,437,1.8354e-05,1,1.0,D-rand,1.0
9001,B,1,B,0.9,0.87,0.06,0.9,0.01,0.03,497,2.0874000000000004e-05,1,0.9,D-rand,0.9
9002,B,1,B,0.99,0.98,0.01,0.99,0.0,0.0,453,1.9026000000000004e-05,1,0.99,D-rand,0.99
9003,D,3,D,0.67,0.55,0.02,0.06,0.25,0.67,519,2.1798000000000004e-05,1,0.67,D-rand,0.67
9004,D,3,C,0.5,0.34,0.22,0.06,0.5,0.22,484,2.0328000000000003e-05,0,0.22,D-rand,0.5
9007,A,0,A,1.0,0.99,1.0,0.0,0.0,0.0,496,2.0832000000000003e-05,1,1.0,D-rand,1.0
9009,C,2,C,0.99,0.99,0.01,0.0,0.99,0.0,442,1.8564e-05,1,0.99,D-rand,0.99
9010,B,1,B,0.8,0.74,0.12,0.8,0.01,0.07,489,2.0538e-05,1,0.8,D-rand,0.8
9008,A,0,A,0.96,0.94,0.96,0.01,0.03,0.0,489,2.0538e-05,1,0.96,D-rand,0.96
9011,B,1,B,1.0,1.0,0.0,1.0,0.0,0.0,506,2.1252000000000003e-05,1,1.0,D-rand,1.0
9012,A,0,B,0.49,0.3,0.44,0.49,0.04,0.03,444,1.8648e-05,0,0.44,D-rand,0.49
9013,B,1,B,1.0,1.0,0.0,1.0,0.0,0.0,465,1.953e-05,1,1.0,D-rand,1.0
9014,D,3,D,0.94,0.92,0.04,0.01,0.01,0.94,476,1.9992e-05,1,0.94,D-rand,0.94
9015,D,3,D,0.67,0.5700000000000001,0.3,0.02,0.01,0.67,453,1.9026000000000004e-05,1,0.67,D-rand,0.67
9016,B,1,A,0.53,0.38,0.53,0.25,0.15,0.07,474,1.9908000000000003e-05,0,0.25,D-rand,0.53
9018,C,2,C,0.58,0.44,0.03,0.03,0.58,0.36,452,1.8984000000000003e-05,1,0.58,D-rand,0.58
9019,D,3,D,0.88,0.84,0.02,0.01,0.09,0.88,541,2.2722e-05,1,0.88,D-rand,0.88
9022,C,2,C,0.61,0.48,0.24,0.04,0.61,0.11,421,1.7682e-05,1,0.61,D-rand,0.61
9020,A,0,B,0.86,0.8200000000000001,0.08,0.86,0.05,0.01,515,2.163e-05,0,0.08,D-rand,0.86
9021,D,3,A,0.48,0.31,0.48,0.03,0.1,0.39,501,2.1042000000000003e-05,0,0.39,D-rand,0.48
9025,C,2,B,0.31,0.08,0.3,0.31,0.26,0.13,473,1.9866000000000003e-05,0,0.26,D-rand,0.31
9024,A,0,A,1.0,0.99,1.0,0.0,0.0,0.0,472,1.9824e-05,1,1.0,D-rand,1.0
9023,A,0,A,0.92,0.9,0.92,0.01,0.02,0.05,462,1.9404e-05,1,0.92,D-rand,0.92
9027,C,2,C,0.59,0.46,0.08,0.07,0.59,0.26,483,2.0286e-05,1,0.59,D-rand,0.59
9029,D,3,D,0.9,0.87,0.05,0.02,0.03,0.9,446,1.8732000000000003e-05,1,0.9,D-rand,0.9
9028,A,0,A,0.59,0.46,0.59,0.03,0.28,0.1,440,1.848e-05,1,0.59,D-rand,0.59
9030,D,3,D,0.29,0.05,0.27,0.26,0.18,0.29,487,2.0454e-05,1,0.29,D-rand,0.29
9031,A,0,A,0.89,0.85,0.89,0.0,0.0,0.11,479,2.0118000000000003e-05,1,0.89,D-rand,0.89
9026,B,1,B,0.8200000000000001,0.77,0.11,0.8200000000000001,0.03,0.04,480,2.016e-05,1,0.8200000000000001,D-rand,0.8200000000000001
9034,D,3,D,0.96,0.95,0.0,0.03,0.01,0.96,625,2.625e-05,1,0.96,D-rand,0.96
9032,A,0,B,0.42,0.23,0.16,0.42,0.26,0.16,529,2.2218000000000003e-05,0,0.16,D-rand,0.42
9039,B,1,B,0.96,0.94,0.02,0.96,0.01,0.01,429,1.8018000000000003e-05,1,0.96,D-rand,0.96
9036,B,1,B,0.95,0.92,0.04,0.95,0.01,0.0,499,2.0958e-05,1,0.95,D-rand,0.95
9035,D,3,D,0.39,0.17,0.36,0.13,0.12,0.39,477,2.0034e-05,1,0.39,D-rand,0.39
9044,C,2,C,0.88,0.84,0.01,0.1,0.88,0.01,504,2.1168e-05,1,0.88,D-rand,0.88
9043,A,0,A,0.74,0.66,0.74,0.17,0.03,0.06,475,1.9950000000000004e-05,1,0.74,D-rand,0.74
9045,A,0,A,0.84,0.79,0.84,0.05,0.02,0.09,434,1.8228e-05,1,0.84,D-rand,0.84
9047,A,0,A,0.45,0.25,0.45,0.08,0.2,0.27,434,1.8228e-05,1,0.45,D-rand,0.45
9048,D,3,D,0.71,0.61,0.05,0.05,0.19,0.71,439,1.8438e-05,1,0.71,D-rand,0.71
9049,D,3,D,0.95,0.94,0.01,0.01,0.03,0.95,506,2.1252000000000003e-05,1,0.95,D-rand,0.95
9050,C,2,B,0.36,0.15,0.23,0.36,0.24,0.17,455,1.911e-05,0,0.24,D-rand,0.36
9051,B,1,B,0.73,0.64,0.01,0.73,0.25,0.01,491,2.0622e-05,1,0.73,D-rand,0.73
9052,A,0,A,0.88,0.8300000000000001,0.88,0.01,0.1,0.01,472,1.9824e-05,1,0.88,D-rand,0.88
9053,D,3,D,0.72,0.62,0.06,0.11,0.11,0.72,449,1.8858e-05,1,0.72,D-rand,0.72
9056,B,1,C,0.43,0.23,0.06,0.37,0.43,0.14,480,2.016e-05,0,0.37,D-rand,0.43
9055,D,3,D,0.63,0.5,0.34,0.02,0.01,0.63,483,2.0286e-05,1,0.63,D-rand,0.63
9057,C,2,C,0.85,0.8,0.06,0.08,0.85,0.01,545,2.2890000000000003e-05,1,0.85,D-rand,0.85
9054,C,2,A,0.52,0.36,0.52,0.1,0.16,0.22,430,1.8060000000000003e-05,0,0.16,D-rand,0.52
9059,B,1,B,0.72,0.64,0.07,0.72,0.04,0.17,474,1.9908000000000003e-05,1,0.72,D-rand,0.72
9058,B,1,B,0.77,0.7000000000000001,0.18,0.77,0.03,0.02,434,1.8228e-05,1,0.77,D-rand,0.77
9060,C,2,A,0.64,0.51,0.64,0.08,0.25,0.03,506,2.1252000000000003e-05,0,0.25,D-rand,0.64
9062,C,2,C,0.44,0.25,0.21,0.08,0.44,0.27,435,1.827e-05,1,0.44,D-rand,0.44
9061,C,2,C,0.65,0.53,0.15,0.17,0.65,0.03,455,1.911e-05,1,0.65,D-rand,0.65
9063,A,0,A,0.76,0.7000000000000001,0.76,0.06,0.11,0.07,420,1.764e-05,1,0.76,D-rand,0.76
9066,A,0,A,1.0,1.0,1.0,0.0,0.0,0.0,482,2.0244e-05,1,1.0,D-rand,1.0
9065,D,3,D,1.0,1.0,0.0,0.0,0.0,1.0,476,1.9992e-05,1,1.0,D-rand,1.0
9064,C,2,C,0.76,0.67,0.13,0.03,0.76,0.08,445,1.869e-05,1,0.76,D-rand,0.76
9067,A,0,A,0.53,0.38,0.53,0.16,0.29,0.02,453,1.9026000000000004e-05,1,0.53,D-rand,0.53
9041,A,0,A,0.99,0.98,0.99,0.01,0.0,0.0,452,1.8984000000000003e-05,1,0.99,D-rand,0.99
9068,A,0,D,0.54,0.39,0.26,0.11,0.09,0.54,551,2.3142000000000003e-05,0,0.26,D-rand,0.54
9073,A,0,A,0.8200000000000001,0.76,0.8200000000000001,0.02,0.16,0.0,550,2.31e-05,1,0.8200000000000001,D-rand,0.8200000000000001
9071,A,0,A,0.87,0.8300000000000001,0.87,0.02,0.01,0.1,448,1.8816000000000004e-05,1,0.87,D-rand,0.87
9070,A,0,A,0.98,0.97,0.98,0.0,0.0,0.02,467,1.9614e-05,1,0.98,D-rand,0.98
9074,D,3,D,0.93,0.9,0.04,0.02,0.01,0.93,497,2.0874000000000004e-05,1,0.93,D-rand,0.93
9069,C,2,A,0.53,0.38,0.53,0.05,0.11,0.31,400,1.6800000000000002e-05,0,0.11,D-rand,0.53
9075,C,2,C,0.88,0.85,0.09,0.02,0.88,0.01,448,1.8816000000000004e-05,1,0.88,D-rand,0.88
9076,D,3,D,0.8200000000000001,0.76,0.08,0.04,0.06,0.8200000000000001,470,1.974e-05,1,0.8200000000000001,D-rand,0.8200000000000001
9078,A,0,A,0.61,0.46,0.61,0.05,0.06,0.28,442,1.8564e-05,1,0.61,D-rand,0.61
9077,D,3,D,0.85,0.8,0.03,0.09,0.03,0.85,517,2.1714000000000003e-05,1,0.85,D-rand,0.85
9079,A,0,A,0.79,0.72,0.79,0.06,0.11,0.04,494,2.0748000000000005e-05,1,0.79,D-rand,0.79
9081,A,0,D,0.56,0.41,0.06,0.34,0.04,0.56,531,2.2302e-05,0,0.06,D-rand,0.56
9082,C,2,D,0.84,0.78,0.07,0.05,0.04,0.84,490,2.058e-05,0,0.04,D-rand,0.84
9083,A,0,A,0.98,0.97,0.98,0.01,0.0,0.01,440,1.848e-05,1,0.98,D-rand,0.98
9086,D,3,D,0.81,0.75,0.11,0.01,0.07,0.81,424,1.7808000000000003e-05,1,0.81,D-rand,0.81
9088,A,0,A,0.8,0.74,0.8,0.01,0.18,0.01,474,1.9908000000000003e-05,1,0.8,D-rand,0.8
9090,C,2,C,1.0,1.0,0.0,0.0,1.0,0.0,550,2.31e-05,1,1.0,D-rand,1.0
9087,A,0,B,0.8,0.74,0.16,0.8,0.02,0.02,572,2.4024e-05,0,0.16,D-rand,0.8
9091,B,1,B,0.61,0.47,0.14,0.61,0.2,0.05,432,1.8144e-05,1,0.61,D-rand,0.61
9093,B,1,B,0.76,0.68,0.09,0.76,0.11,0.04,446,1.8732000000000003e-05,1,0.76,D-rand,0.76
9092,A,0,A,0.79,0.71,0.79,0.06,0.1,0.05,579,2.4318e-05,1,0.79,D-rand,0.79
9094,D,3,D,0.58,0.44,0.02,0.02,0.38,0.58,563,2.3646000000000004e-05,1,0.58,D-rand,0.58
9089,A,0,A,0.76,0.68,0.76,0.14,0.04,0.06,477,2.0034e-05,1,0.76,D-rand,0.76
9098,B,1,B,0.88,0.84,0.01,0.88,0.0,0.11,465,1.953e-05,1,0.88,D-rand,0.88
9095,B,1,B,0.9,0.86,0.05,0.9,0.01,0.04,567,2.3814000000000003e-05,1,0.9,D-rand,0.9
9102,A,0,A,0.44,0.25,0.44,0.15,0.09,0.32,519,2.1798000000000004e-05,1,0.44,D-rand,0.44
9104,C,2,B,0.53,0.38,0.15,0.53,0.17,0.15,462,1.9404e-05,0,0.17,D-rand,0.53
9105,B,1,B,0.6900000000000001,0.58,0.05,0.6900000000000001,0.04,0.22,520,2.1840000000000004e-05,1,0.6900000000000001,D-rand,0.6900000000000001
9100,D,3,D,0.99,0.98,0.0,0.01,0.0,0.99,509,2.1378e-05,1,0.99,D-rand,0.99
9106,B,1,B,0.65,0.54,0.21,0.65,0.05,0.09,438,1.8396e-05,1,0.65,D-rand,0.65
9107,A,0,A,0.99,0.98,0.99,0.01,0.0,0.0,456,1.9152e-05,1,0.99,D-rand,0.99
9109,A,0,B,0.51,0.36,0.19,0.51,0.26,0.04,494,2.0748000000000005e-05,0,0.19,D-rand,0.51
9108,C,2,B,0.78,0.7000000000000001,0.07,0.78,0.14,0.01,506,2.1252000000000003e-05,0,0.14,D-rand,0.78
9103,B,1,C,0.4,0.2,0.09,0.17,0.4,0.34,433,1.8186e-05,0,0.17,D-rand,0.4
9114,C,2,D,0.45,0.27,0.14,0.09,0.32,0.45,424,1.7808000000000003e-05,0,0.32,D-rand,0.45
9111,B,1,A,0.36,0.15,0.36,0.17,0.22,0.25,461,1.9362e-05,0,0.17,D-rand,0.36
9112,B,1,C,0.38,0.17,0.26,0.3,0.38,0.06,473,1.9866000000000003e-05,0,0.3,D-rand,0.38
9113,C,2,C,0.44,0.25,0.14,0.23,0.44,0.19,484,2.0328000000000003e-05,1,0.44,D-rand,0.44
9115,D,3,D,0.53,0.37,0.09,0.29,0.09,0.53,521,2.1882e-05,1,0.53,D-rand,0.53
9119,A,0,A,0.89,0.85,0.89,0.11,0.0,0.0,450,1.89e-05,1,0.89,D-rand,0.89
9116,D,3,A,0.59,0.44,0.59,0.2,0.13,0.08,462,1.9404e-05,0,0.08,D-rand,0.59
9117,A,0,A,0.61,0.47,0.61,0.02,0.3,0.07,440,1.848e-05,1,0.61,D-rand,0.61
9120,A,0,A,0.58,0.44,0.58,0.04,0.09,0.29,474,1.9908000000000003e-05,1,0.58,D-rand,0.58
9121,C,2,C,1.0,0.99,0.0,0.0,1.0,0.0,479,2.0118000000000003e-05,1,1.0,D-rand,1.0
9124,C,2,C,0.93,0.91,0.05,0.0,0.93,0.02,443,1.8606e-05,1,0.93,D-rand,0.93
9123,C,2,C,1.0,1.0,0.0,0.0,1.0,0.0,525,2.2050000000000004e-05,1,1.0,D-rand,1.0
9122,B,1,B,0.96,0.95,0.02,0.96,0.01,0.01,512,2.1504e-05,1,0.96,D-rand,0.96
9125,D,3,D,0.4,0.19,0.2,0.39,0.01,0.4,419,1.7598000000000003e-05,1,0.4,D-rand,0.4
9127,B,1,B,0.47,0.29,0.36,0.47,0.09,0.08,459,1.9278e-05,1,0.47,D-rand,0.47
9126,C,2,C,0.96,0.95,0.02,0.01,0.96,0.01,419,1.7598000000000003e-05,1,0.96,D-rand,0.96
9130,B,1,B,0.91,0.88,0.06,0.91,0.01,0.02,462,1.9404e-05,1,0.91,D-rand,0.91
9129,D,3,D,0.64,0.52,0.18,0.17,0.01,0.64,438,1.8396e-05,1,0.64,D-rand,0.64
9132,A,0,A,0.6900000000000001,0.59,0.6900000000000001,0.05,0.23,0.03,458,1.9236e-05,1,0.6900000000000001,D-rand,0.6900000000000001
9133,C,2,B,0.37,0.17,0.26,0.37,0.31,0.06,433,1.8186e-05,0,0.31,D-rand,0.37
9131,B,1,B,0.93,0.89,0.0,0.93,0.02,0.05,508,2.1336e-05,1,0.93,D-rand,0.93
9134,A,0,A,0.94,0.93,0.94,0.01,0.01,0.04,491,2.0622e-05,1,0.94,D-rand,0.94
9137,A,0,C,0.44,0.25,0.43,0.09,0.44,0.04,468,1.9656000000000003e-05,0,0.43,D-rand,0.44
9135,C,2,C,0.78,0.71,0.08,0.08,0.78,0.06,490,2.058e-05,1,0.78,D-rand,0.78
9136,A,0,A,0.8,0.73,0.8,0.01,0.16,0.03,453,1.9026000000000004e-05,1,0.8,D-rand,0.8
9138,B,1,B,0.79,0.72,0.07,0.79,0.12,0.02,452,1.8984000000000003e-05,1,0.79,D-rand,0.79
9139,B,1,B,0.91,0.88,0.02,0.91,0.03,0.04,414,1.7388e-05,1,0.91,D-rand,0.91
9140,D,3,B,0.53,0.38,0.06,0.53,0.23,0.18,445,1.869e-05,0,0.18,D-rand,0.53
9141,A,0,B,0.53,0.39,0.34,0.53,0.06,0.07,446,1.8732000000000003e-05,0,0.34,D-rand,0.53
9142,A,0,A,0.76,0.6900000000000001,0.76,0.04,0.01,0.19,456,1.9152e-05,1,0.76,D-rand,0.76
9143,C,2,C,0.54,0.4,0.38,0.03,0.54,0.05,500,2.1e-05,1,0.54,D-rand,0.54
9144,C,2,C,0.85,0.79,0.03,0.02,0.85,0.1,465,1.953e-05,1,0.85,D-rand,0.85
9145,C,2,C,0.99,0.98,0.0,0.0,0.99,0.01,453,1.9026000000000004e-05,1,0.99,D-rand,0.99
9146,A,0,A,0.98,0.96,0.98,0.01,0.0,0.01,420,1.764e-05,1,0.98,D-rand,0.98
9147,C,2,C,0.99,0.99,0.0,0.0,0.99,0.01,426,1.7892000000000004e-05,1,0.99,D-rand,0.99
9149,C,2,C,0.54,0.4,0.08,0.3,0.54,0.08,500,2.1e-05,1,0.54,D-rand,0.54
9148,D,3,D,0.68,0.56,0.26,0.0,0.06,0.68,464,1.9488000000000004e-05,1,0.68,D-rand,0.68
9150,C,2,C,1.0,1.0,0.0,0.0,1.0,0.0,485,2.037e-05,1,1.0,D-rand,1.0
9151,D,3,D,0.96,0.95,0.02,0.01,0.01,0.96,446,1.8732000000000003e-05,1,0.96,D-rand,0.96
9153,D,3,D,1.0,0.99,0.0,0.0,0.0,1.0,429,1.8018000000000003e-05,1,1.0,D-rand,1.0
9152,A,0,A,0.56,0.41,0.56,0.07,0.19,0.18,520,2.1840000000000004e-05,1,0.56,D-rand,0.56
9154,A,0,A,0.92,0.9,0.92,0.01,0.04,0.03,417,1.7514000000000002e-05,1,0.92,D-rand,0.92
9157,D,3,D,1.0,0.99,0.0,0.0,0.0,1.0,468,1.9656000000000003e-05,1,1.0,D-rand,1.0
9156,A,0,A,0.54,0.4,0.54,0.03,0.08,0.35,487,2.0454e-05,1,0.54,D-rand,0.54
9159,C,2,C,0.93,0.9,0.01,0.03,0.93,0.03,523,2.1966000000000003e-05,1,0.93,D-rand,0.93
9158,B,1,D,0.41,0.22,0.15,0.3,0.14,0.41,510,2.142e-05,0,0.3,D-rand,0.41
9155,C,2,C,0.92,0.9,0.02,0.02,0.92,0.04,461,1.9362e-05,1,0.92,D-rand,0.92
9160,D,3,D,0.75,0.66,0.09,0.11,0.05,0.75,423,1.7766000000000002e-05,1,0.75,D-rand,0.75
9161,D,3,D,0.99,0.99,0.01,0.0,0.0,0.99,514,2.1588e-05,1,0.99,D-rand,0.99
9164,C,2,C,0.91,0.88,0.03,0.04,0.91,0.02,468,1.9656000000000003e-05,1,0.91,D-rand,0.91
9162,B,1,B,0.94,0.93,0.04,0.94,0.01,0.01,451,1.8942000000000003e-05,1,0.94,D-rand,0.94
9166,B,1,B,0.81,0.75,0.03,0.81,0.11,0.05,437,1.8354e-05,1,0.81,D-rand,0.81
9163,B,1,B,0.51,0.35,0.45,0.51,0.02,0.02,452,1.8984000000000003e-05,1,0.51,D-rand,0.51
9165,C,2,C,0.99,0.99,0.01,0.0,0.99,0.0,463,1.9446e-05,1,0.99,D-rand,0.99
9168,A,0,A,0.77,0.7000000000000001,0.77,0.03,0.19,0.01,437,1.8354e-05,1,0.77,D-rand,0.77
9167,A,0,A,1.0,0.99,1.0,0.0,0.0,0.0,452,1.8984000000000003e-05,1,1.0,D-rand,1.0
9171,A,0,A,0.8200000000000001,0.77,0.8200000000000001,0.06,0.08,0.04,439,1.8438e-05,1,0.8200000000000001,D-rand,0.8200000000000001
9170,D,3,A,0.51,0.34,0.51,0.12,0.16,0.21,472,1.9824e-05,0,0.21,D-rand,0.51
9173,B,1,B,0.98,0.98,0.01,0.98,0.0,0.01,498,2.0916000000000004e-05,1,0.98,D-rand,0.98
9175,D,3,D,0.72,0.62,0.14,0.11,0.03,0.72,467,1.9614e-05,1,0.72,D-rand,0.72
9174,B,1,A,0.37,0.16,0.37,0.31,0.3,0.02,460,1.932e-05,0,0.31,D-rand,0.37
9169,D,3,A,0.5,0.32,0.5,0.31,0.02,0.17,453,1.9026000000000004e-05,0,0.17,D-rand,0.5
9172,D,3,D,0.809999999999999,0.76,0.11,0.02,0.06,0.809999999999999,509,2.1378e-05,1,0.809999999999999,D-rand,0.809999999999999
9176,C,2,B,0.48,0.3,0.09,0.48,0.42,0.01,449,1.8858e-05,0,0.42,D-rand,0.48
9177,D,3,D,0.72,0.62,0.02,0.25,0.01,0.72,478,2.0076e-05,1,0.72,D-rand,0.72
9180,C,2,C,0.41,0.22,0.08,0.09,0.41,0.42,438,1.8396e-05,1,0.41,D-rand,0.41
9178,C,2,D,0.51,0.34,0.28,0.06,0.15,0.51,530,2.226e-05,0,0.15,D-rand,0.51
9182,B,1,C,0.37,0.16,0.08,0.34,0.37,0.21,459,1.9278e-05,0,0.34,D-rand,0.37
9181,B,1,D,0.5,0.34,0.11,0.32,0.07,0.5,457,1.9194000000000003e-05,0,0.32,D-rand,0.5
9184,A,0,A,0.86,0.81,0.86,0.01,0.02,0.11,477,2.0034e-05,1,0.86,D-rand,0.86
9183,B,1,B,0.51,0.36,0.35,0.51,0.05,0.09,454,1.9068e-05,1,0.51,D-rand,0.51
9186,A,0,A,0.98,0.97,0.98,0.02,0.0,0.0,539,2.2638e-05,1,0.98,D-rand,0.98
9185,A,0,A,1.0,0.99,1.0,0.0,0.0,0.0,433,1.8186e-05,1,1.0,D-rand,1.0
9188,A,0,A,0.5,0.33,0.5,0.02,0.45,0.03,499,2.0958e-05,1,0.5,D-rand,0.5
9187,D,3,D,1.0,1.0,0.0,0.0,0.0,1.0,456,1.9152e-05,1,1.0,D-rand,1.0
9189,D,3,A,0.67,0.56,0.67,0.24,0.02,0.07,500,2.1e-05,0,0.07,D-rand,0.67
9190,C,2,A,0.68,0.58,0.68,0.11,0.16,0.05,462,1.9404e-05,0,0.16,D-rand,0.68
9191,C,2,C,0.79,0.72,0.02,0.02,0.79,0.17,425,1.7850000000000004e-05,1,0.79,D-rand,0.79
9193,D,3,D,0.85,0.79,0.04,0.02,0.09,0.85,472,1.9824e-05,1,0.85,D-rand,0.85
9192,B,1,B,0.75,0.66,0.09,0.75,0.08,0.08,444,1.8648e-05,1,0.75,D-rand,0.75
9194,C,2,C,0.53,0.37,0.26,0.09,0.53,0.12,444,1.8648e-05,1,0.53,D-rand,0.53
9197,D,3,D,0.99,0.99,0.0,0.0,0.01,0.99,490,2.058e-05,1,0.99,D-rand,0.99
9195,A,0,A,0.99,0.98,0.99,0.01,0.0,0.0,487,2.0454e-05,1,0.99,D-rand,0.99
9196,D,3,B,0.67,0.5700000000000001,0.13,0.67,0.02,0.17,487,2.0454e-05,0,0.17,D-rand,0.67
9179,C,2,C,0.42,0.23,0.36,0.17,0.42,0.05,452,1.8984000000000003e-05,1,0.42,D-rand,0.42
9198,B,1,B,0.76,0.67,0.02,0.76,0.18,0.04,476,1.9992e-05,1,0.76,D-rand,0.76
9201,D,3,D,0.99,0.98,0.01,0.0,0.0,0.99,457,1.9194000000000003e-05,1,0.99,D-rand,0.99
9204,C,2,C,0.98,0.98,0.01,0.0,0.98,0.01,437,1.8354e-05,1,0.98,D-rand,0.98
9199,B,1,B,0.74,0.64,0.15,0.74,0.04,0.07,503,2.1126e-05,1,0.74,D-rand,0.74
9206,A,0,A,0.89,0.86,0.89,0.05,0.02,0.04,446,1.8732000000000003e-05,1,0.89,D-rand,0.89
9203,B,1,B,0.43,0.23,0.25,0.43,0.22,0.1,494,2.0748000000000005e-05,1,0.43,D-rand,0.43
9207,C,2,C,0.87,0.8200000000000001,0.02,0.11,0.87,0.0,493,2.0706000000000005e-05,1,0.87,D-rand,0.87
9200,A,0,A,0.98,0.97,0.98,0.0,0.02,0.0,451,1.8942000000000003e-05,1,0.98,D-rand,0.98
9208,D,3,C,0.43,0.24,0.03,0.24,0.43,0.3,470,1.974e-05,0,0.3,D-rand,0.43
9209,D,3,D,1.0,1.0,0.0,0.0,0.0,1.0,470,1.974e-05,1,1.0,D-rand,1.0
9210,A,0,B,0.59,0.45,0.22,0.59,0.04,0.15,485,2.037e-05,0,0.22,D-rand,0.59
9211,A,0,A,0.48,0.31,0.48,0.11,0.3,0.11,484,2.0328000000000003e-05,1,0.48,D-rand,0.48
9215,D,3,D,1.0,0.99,0.0,0.0,0.0,1.0,449,1.8858e-05,1,1.0,D-rand,1.0
9213,A,0,A,0.6000000000000001,0.48,0.6000000000000001,0.38,0.01,0.01,457,1.9194000000000003e-05,1,0.6000000000000001,D-rand,0.6000000000000001
9214,C,2,C,0.53,0.38,0.33,0.1,0.53,0.04,444,1.8648e-05,1,0.53,D-rand,0.53
9212,D,3,D,0.8200000000000001,0.76,0.1,0.03,0.05,0.8200000000000001,490,2.058e-05,1,0.8200000000000001,D-rand,0.8200000000000001
9216,B,1,B,0.97,0.96,0.01,0.97,0.01,0.01,451,1.8942000000000003e-05,1,0.97,D-rand,0.97
9218,B,1,B,0.55,0.4,0.14,0.55,0.07,0.24,466,1.9572e-05,1,0.55,D-rand,0.55
9219,B,1,B,0.95,0.92,0.03,0.95,0.0,0.02,589,2.4738e-05,1,0.95,D-rand,0.95
9217,D,3,A,0.78,0.71,0.78,0.06,0.05,0.11,441,1.8522000000000003e-05,0,0.11,D-rand,0.78
9222,A,0,A,1.0,1.0,1.0,0.0,0.0,0.0,507,2.1294e-05,1,1.0,D-rand,1.0
9221,C,2,C,0.96,0.94,0.01,0.03,0.96,0.0,471,1.9782000000000005e-05,1,0.96,D-rand,0.96
9220,A,0,A,1.0,0.99,1.0,0.0,0.0,0.0,592,2.4864000000000005e-05,1,1.0,D-rand,1.0
9225,C,2,C,0.45,0.27,0.25,0.14,0.45,0.16,501,2.1042000000000003e-05,1,0.45,D-rand,0.45
9224,D,3,A,0.52,0.37,0.52,0.18,0.19,0.11,472,1.9824e-05,0,0.11,D-rand,0.52
9223,D,3,D,0.8,0.73,0.1,0.02,0.08,0.8,485,2.037e-05,1,0.8,D-rand,0.8
9226,A,0,A,0.87,0.8300000000000001,0.87,0.02,0.1,0.01,459,1.9278e-05,1,0.87,D-rand,0.87
9229,C,2,C,0.87,0.8300000000000001,0.05,0.06,0.87,0.02,435,1.827e-05,1,0.87,D-rand,0.87
9228,B,1,B,0.65,0.55,0.04,0.65,0.04,0.27,505,2.121e-05,1,0.65,D-rand,0.65
9231,C,2,B,0.53,0.37,0.2,0.53,0.23,0.04,465,1.953e-05,0,0.23,D-rand,0.53
9232,B,1,B,0.65,0.54,0.06,0.65,0.1,0.19,465,1.953e-05,1,0.65,D-rand,0.65
9227,C,2,C,0.74,0.65,0.12,0.11,0.74,0.03,447,1.8774000000000004e-05,1,0.74,D-rand,0.74
9234,B,1,B,0.92,0.89,0.07,0.92,0.0,0.01,510,2.142e-05,1,0.92,D-rand,0.92
9235,C,2,C,0.52,0.35,0.26,0.1,0.52,0.12,479,2.0118000000000003e-05,1,0.52,D-rand,0.52
9233,A,0,C,0.51,0.35,0.35,0.08,0.51,0.06,453,1.9026000000000004e-05,0,0.35,D-rand,0.51
9237,B,1,C,0.68,0.5700000000000001,0.17,0.1,0.68,0.04,427,1.7934e-05,0,0.1,D-rand,0.68
9236,A,0,A,0.38,0.18,0.38,0.26,0.05,0.31,433,1.8186e-05,1,0.38,D-rand,0.38
9238,A,0,D,0.8,0.73,0.08,0.04,0.08,0.8,474,1.9908000000000003e-05,0,0.08,D-rand,0.8
9239,B,1,B,1.0,0.99,0.0,1.0,0.0,0.0,468,1.9656000000000003e-05,1,1.0,D-rand,1.0
9240,B,1,D,0.6900000000000001,0.59,0.08,0.17,0.06,0.6900000000000001,450,1.89e-05,0,0.17,D-rand,0.6900000000000001
9241,B,1,B,0.64,0.53,0.2,0.64,0.09,0.07,421,1.7682e-05,1,0.64,D-rand,0.64
9243,A,0,A,0.98,0.98,0.98,0.01,0.01,0.0,539,2.2638e-05,1,0.98,D-rand,0.98
9242,C,2,C,0.8300000000000001,0.77,0.04,0.03,0.8300000000000001,0.1,432,1.8144e-05,1,0.8300000000000001,D-rand,0.8300000000000001
9244,A,0,D,0.77,0.68,0.22,0.01,0.0,0.77,476,1.9992e-05,0,0.22,D-rand,0.77
9246,B,1,C,0.42,0.23,0.18,0.25,0.42,0.15,448,1.8816000000000004e-05,0,0.25,D-rand,0.42
9245,A,0,A,0.95,0.93,0.95,0.04,0.01,0.0,490,2.058e-05,1,0.95,D-rand,0.95
9249,C,2,C,0.97,0.97,0.02,0.01,0.97,0.0,478,2.0076e-05,1,0.97,D-rand,0.97
9250,C,2,C,0.96,0.94,0.02,0.01,0.96,0.01,500,2.1e-05,1,0.96,D-rand,0.96
9248,A,0,A,0.91,0.88,0.91,0.06,0.01,0.02,506,2.1252000000000003e-05,1,0.91,D-rand,0.91
9252,B,1,B,0.58,0.43,0.29,0.58,0.03,0.1,434,1.8228e-05,1,0.58,D-rand,0.58
9253,D,3,D,1.0,1.0,0.0,0.0,0.0,1.0,507,2.1294e-05,1,1.0,D-rand,1.0
9251,A,0,A,0.95,0.94,0.95,0.01,0.01,0.03,438,1.8396e-05,1,0.95,D-rand,0.95
9255,C,2,C,0.49,0.33,0.28,0.06,0.49,0.17,469,1.9698e-05,1,0.49,D-rand,0.49
9256,C,2,D,0.51,0.35,0.06,0.14,0.29,0.51,478,2.0076e-05,0,0.29,D-rand,0.51
9254,C,2,C,1.0,1.0,0.0,0.0,1.0,0.0,441,1.8522000000000003e-05,1,1.0,D-rand,1.0
9257,D,3,D,0.45,0.27,0.32,0.11,0.12,0.45,528,2.2176e-05,1,0.45,D-rand,0.45
9259,B,1,B,1.0,0.99,0.0,1.0,0.0,0.0,504,2.1168e-05,1,1.0,D-rand,1.0
9258,D,3,D,0.99,0.99,0.01,0.0,0.0,0.99,410,1.722e-05,1,0.99,D-rand,0.99
9262,B,1,B,0.85,0.8,0.06,0.85,0.01,0.08,487,2.0454e-05,1,0.85,D-rand,0.85
9261,B,1,B,0.4,0.2,0.25,0.4,0.3,0.05,487,2.0454e-05,1,0.4,D-rand,0.4
9265,D,3,B,0.73,0.64,0.04,0.73,0.09,0.14,544,2.2848e-05,0,0.14,D-rand,0.73
9263,C,2,B,0.54,0.39,0.09,0.54,0.29,0.08,427,1.7934e-05,0,0.29,D-rand,0.54
9266,D,3,D,0.94,0.94,0.04,0.01,0.01,0.94,519,2.1798000000000004e-05,1,0.94,D-rand,0.94
9264,D,3,A,0.58,0.45,0.58,0.28,0.04,0.1,448,1.8816000000000004e-05,0,0.1,D-rand,0.58
9267,B,1,B,0.8200000000000001,0.76,0.05,0.8200000000000001,0.12,0.01,455,1.911e-05,1,0.8200000000000001,D-rand,0.8200000000000001
9268,A,0,C,0.43,0.23,0.32,0.05,0.43,0.2,455,1.911e-05,0,0.32,D-rand,0.43
9269,D,3,D,0.58,0.43,0.13,0.08,0.21,0.58,448,1.8816000000000004e-05,1,0.58,D-rand,0.58
9270,A,0,A,0.86,0.8,0.86,0.06,0.03,0.05,485,2.037e-05,1,0.86,D-rand,0.86
9272,A,0,A,0.75,0.66,0.75,0.11,0.12,0.02,419,1.7598000000000003e-05,1,0.75,D-rand,0.75
9275,A,0,A,0.97,0.96,0.97,0.02,0.0,0.01,521,2.1882e-05,1,0.97,D-rand,0.97
9274,B,1,B,0.56,0.42,0.01,0.56,0.41,0.02,445,1.869e-05,1,0.56,D-rand,0.56
9276,A,0,B,0.66,0.53,0.22,0.66,0.05,0.07,469,1.9698e-05,0,0.22,D-rand,0.66
9277,C,2,C,0.84,0.78,0.11,0.01,0.84,0.04,479,2.0118000000000003e-05,1,0.84,D-rand,0.84
9273,A,0,C,0.62,0.5,0.2,0.04,0.62,0.14,468,1.9656000000000003e-05,0,0.2,D-rand,0.62
9279,D,3,D,0.79,0.71,0.19,0.01,0.01,0.79,480,2.016e-05,1,0.79,D-rand,0.79
9278,C,2,C,0.44,0.26,0.16,0.18,0.44,0.22,481,2.0202e-05,1,0.44,D-rand,0.44
9281,C,2,D,0.42,0.22,0.08,0.39,0.11,0.42,445,1.869e-05,0,0.11,D-rand,0.42
9282,D,3,D,0.75,0.66,0.1,0.02,0.13,0.75,435,1.827e-05,1,0.75,D-rand,0.75
9280,C,2,A,0.59,0.46,0.59,0.08,0.26,0.07,435,1.827e-05,0,0.26,D-rand,0.59
9283,B,1,B,0.73,0.64,0.16,0.73,0.09,0.02,439,1.8438e-05,1,0.73,D-rand,0.73
9286,D,3,A,0.6900000000000001,0.58,0.6900000000000001,0.03,0.14,0.14,442,1.8564e-05,0,0.14,D-rand,0.6900000000000001
9285,A,0,C,0.36,0.16,0.15,0.31,0.36,0.18,463,1.9446e-05,0,0.15,D-rand,0.36
9288,C,2,C,0.79,0.72,0.02,0.18,0.79,0.01,466,1.9572e-05,1,0.79,D-rand,0.79
9287,D,3,D,0.56,0.41,0.27,0.07,0.1,0.56,418,1.7556000000000003e-05,1,0.56,D-rand,0.56
9290,D,3,A,0.809999999999999,0.76,0.809999999999999,0.02,0.02,0.15,453,1.9026000000000004e-05,0,0.15,D-rand,0.809999999999999
9292,A,0,C,0.339999999999999,0.13,0.29,0.18,0.339999999999999,0.19,490,2.058e-05,0,0.29,D-rand,0.339999999999999
9293,A,0,A,0.56,0.4,0.56,0.26,0.12,0.06,457,1.9194000000000003e-05,1,0.56,D-rand,0.56
9295,C,2,B,0.64,0.51,0.09,0.64,0.17,0.1,432,1.8144e-05,0,0.17,D-rand,0.64
9291,A,0,B,0.42,0.22,0.27,0.42,0.06,0.25,438,1.8396e-05,0,0.27,D-rand,0.42
9294,B,1,B,0.32,0.09,0.32,0.32,0.29,0.07,422,1.7724000000000002e-05,1,0.32,D-rand,0.32
9296,A,0,D,0.36,0.14,0.19,0.34,0.11,0.36,450,1.89e-05,0,0.19,D-rand,0.36
9298,A,0,B,0.61,0.47,0.07,0.61,0.27,0.05,445,1.869e-05,0,0.07,D-rand,0.61
9299,B,1,B,0.73,0.64,0.08,0.73,0.13,0.06,423,1.7766000000000002e-05,1,0.73,D-rand,0.73
9297,C,2,C,0.36,0.15,0.05,0.34,0.36,0.25,439,1.8438e-05,1,0.36,D-rand,0.36
9300,D,3,D,0.52,0.36,0.34,0.02,0.12,0.52,556,2.3352000000000003e-05,1,0.52,D-rand,0.52
9303,A,0,A,0.79,0.72,0.79,0.09,0.1,0.02,474,1.9908000000000003e-05,1,0.79,D-rand,0.79
9301,A,0,A,0.96,0.94,0.96,0.03,0.01,0.0,494,2.0748000000000005e-05,1,0.96,D-rand,0.96
9302,D,3,D,0.74,0.65,0.1,0.05,0.11,0.74,515,2.163e-05,1,0.74,D-rand,0.74
9304,D,3,A,0.53,0.37,0.53,0.05,0.12,0.3,443,1.8606e-05,0,0.3,D-rand,0.53
9305,A,0,A,0.86,0.8,0.86,0.05,0.02,0.07,457,1.9194000000000003e-05,1,0.86,D-rand,0.86
9308,C,2,B,0.7000000000000001,0.6000000000000001,0.21,0.7000000000000001,0.08,0.01,458,1.9236e-05,0,0.08,D-rand,0.7000000000000001
9307,A,0,A,0.93,0.91,0.93,0.02,0.04,0.01,475,1.9950000000000004e-05,1,0.93,D-rand,0.93
9309,B,1,B,0.8200000000000001,0.76,0.11,0.8200000000000001,0.03,0.04,437,1.8354e-05,1,0.8200000000000001,D-rand,0.8200000000000001
9314,C,2,A,0.5700000000000001,0.43,0.5700000000000001,0.02,0.38,0.03,433,1.8186e-05,0,0.38,D-rand,0.5700000000000001
9311,C,2,C,0.46,0.27,0.12,0.39,0.46,0.03,482,2.0244e-05,1,0.46,D-rand,0.46
9313,D,3,D,1.0,0.99,0.0,0.0,0.0,1.0,480,2.016e-05,1,1.0,D-rand,1.0
9320,C,2,C,0.98,0.97,0.01,0.01,0.98,0.0,447,1.8774000000000004e-05,1,0.98,D-rand,0.98
9316,A,0,A,0.52,0.36,0.52,0.08,0.22,0.18,460,1.932e-05,1,0.52,D-rand,0.52
9321,B,1,B,0.84,0.79,0.11,0.84,0.04,0.01,456,1.9152e-05,1,0.84,D-rand,0.84
9322,D,3,C,0.43,0.24,0.23,0.05,0.43,0.29,420,1.764e-05,0,0.29,D-rand,0.43
9324,C,2,C,0.99,0.98,0.01,0.0,0.99,0.0,449,1.8858e-05,1,0.99,D-rand,0.99
9327,B,1,C,0.31,0.08,0.26,0.27,0.31,0.16,440,1.848e-05,0,0.27,D-rand,0.31
9325,D,3,B,0.39,0.18,0.31,0.39,0.22,0.08,450,1.89e-05,0,0.08,D-rand,0.39
9328,C,2,D,0.7000000000000001,0.6000000000000001,0.11,0.08,0.11,0.7000000000000001,493,2.0706000000000005e-05,0,0.11,D-rand,0.7000000000000001
9329,D,3,D,0.8,0.74,0.03,0.14,0.03,0.8,550,2.31e-05,1,0.8,D-rand,0.8
9332,B,1,B,0.92,0.91,0.03,0.92,0.01,0.04,464,1.9488000000000004e-05,1,0.92,D-rand,0.92
9333,D,3,D,0.64,0.52,0.01,0.29,0.06,0.64,473,1.9866000000000003e-05,1,0.64,D-rand,0.64
9330,A,0,A,1.0,0.99,1.0,0.0,0.0,0.0,439,1.8438e-05,1,1.0,D-rand,1.0
9336,C,2,B,0.76,0.68,0.04,0.76,0.08,0.12,443,1.8606e-05,0,0.08,D-rand,0.76
9335,C,2,C,0.65,0.53,0.21,0.04,0.65,0.1,421,1.7682e-05,1,0.65,D-rand,0.65
9334,A,0,A,0.89,0.86,0.89,0.04,0.01,0.06,429,1.8018000000000003e-05,1,0.89,D-rand,0.89
9338,A,0,A,0.75,0.67,0.75,0.09,0.1,0.06,509,2.1378e-05,1,0.75,D-rand,0.75
9340,B,1,A,0.5,0.33,0.5,0.3,0.02,0.18,464,1.9488000000000004e-05,0,0.3,D-rand,0.5
9341,C,2,B,0.5,0.34,0.28,0.5,0.16,0.06,468,1.9656000000000003e-05,0,0.16,D-rand,0.5
9342,A,0,C,0.73,0.64,0.08,0.17,0.73,0.02,446,1.8732000000000003e-05,0,0.08,D-rand,0.73
9339,A,0,A,0.46,0.28,0.46,0.27,0.16,0.11,455,1.911e-05,1,0.46,D-rand,0.46
9345,B,1,B,0.48,0.3,0.14,0.48,0.01,0.37,493,2.0706000000000005e-05,1,0.48,D-rand,0.48
9346,B,1,B,0.91,0.88,0.06,0.91,0.01,0.02,480,2.016e-05,1,0.91,D-rand,0.91
9344,D,3,B,0.43,0.25,0.13,0.43,0.01,0.43,510,2.142e-05,0,0.43,D-rand,0.43
9347,D,3,C,0.59,0.45,0.28,0.03,0.59,0.1,476,1.9992e-05,0,0.1,D-rand,0.59
9349,C,2,C,0.8200000000000001,0.77,0.05,0.1,0.8200000000000001,0.03,468,1.9656000000000003e-05,1,0.8200000000000001,D-rand,0.8200000000000001
9350,D,3,A,0.46,0.29,0.46,0.05,0.44,0.05,410,1.722e-05,0,0.05,D-rand,0.46
9352,A,0,A,0.72,0.63,0.72,0.04,0.22,0.02,477,2.0034e-05,1,0.72,D-rand,0.72
9351,A,0,A,0.71,0.6000000000000001,0.71,0.07,0.08,0.14,464,1.9488000000000004e-05,1,0.71,D-rand,0.71
9353,D,3,B,0.32,0.1,0.17,0.32,0.2,0.31,492,2.0664e-05,0,0.31,D-rand,0.32
9354,C,2,C,0.85,0.8,0.05,0.01,0.85,0.09,529,2.2218000000000003e-05,1,0.85,D-rand,0.85
9355,B,1,B,0.77,0.68,0.02,0.77,0.18,0.03,451,1.8942000000000003e-05,1,0.77,D-rand,0.77
9356,D,3,D,0.77,0.6900000000000001,0.18,0.02,0.03,0.77,513,2.1546e-05,1,0.77,D-rand,0.77
9357,C,2,C,0.98,0.98,0.01,0.0,0.98,0.01,465,1.953e-05,1,0.98,D-rand,0.98
9359,D,3,D,0.85,0.8,0.07,0.07,0.01,0.85,447,1.8774000000000004e-05,1,0.85,D-rand,0.85
9360,C,2,C,1.0,1.0,0.0,0.0,1.0,0.0,469,1.9698e-05,1,1.0,D-rand,1.0
9358,D,3,D,0.98,0.98,0.01,0.0,0.01,0.98,430,1.8060000000000003e-05,1,0.98,D-rand,0.98
9361,A,0,A,0.929999999999999,0.91,0.929999999999999,0.04,0.01,0.02,470,1.974e-05,1,0.929999999999999,D-rand,0.929999999999999
9362,B,1,B,0.54,0.39,0.44,0.54,0.01,0.01,515,2.163e-05,1,0.54,D-rand,0.54
9364,B,1,B,0.71,0.6000000000000001,0.28,0.71,0.0,0.01,511,2.1462e-05,1,0.71,D-rand,0.71
9366,C,2,C,0.4,0.2,0.05,0.2,0.4,0.34,434,1.8228e-05,1,0.4,D-rand,0.4
9363,D,3,D,0.9,0.87,0.03,0.03,0.04,0.9,436,1.8312e-05,1,0.9,D-rand,0.9
9368,A,0,B,0.53,0.37,0.4,0.53,0.01,0.06,464,1.9488000000000004e-05,0,0.4,D-rand,0.53
9367,C,2,A,0.43,0.25,0.43,0.33,0.16,0.08,448,1.8816000000000004e-05,0,0.16,D-rand,0.43
9365,C,2,C,0.49,0.33,0.36,0.03,0.49,0.12,481,2.0202e-05,1,0.49,D-rand,0.49
9369,D,3,B,0.58,0.44,0.2,0.58,0.14,0.08,470,1.974e-05,0,0.08,D-rand,0.58
9372,A,0,A,1.0,0.99,1.0,0.0,0.0,0.0,439,1.8438e-05,1,1.0,D-rand,1.0
9370,C,2,A,0.43,0.24,0.43,0.3,0.12,0.15,451,1.8942000000000003e-05,0,0.12,D-rand,0.43
9374,C,2,C,0.95,0.92,0.05,0.0,0.95,0.0,492,2.0664e-05,1,0.95,D-rand,0.95
9375,A,0,A,0.99,0.97,0.99,0.0,0.01,0.0,499,2.0958e-05,1,0.99,D-rand,0.99
9373,A,0,B,0.5700000000000001,0.44,0.37,0.5700000000000001,0.01,0.05,452,1.8984000000000003e-05,0,0.37,D-rand,0.5700000000000001
9371,D,3,D,0.92,0.89,0.01,0.01,0.06,0.92,456,1.9152e-05,1,0.92,D-rand,0.92
9376,B,1,B,0.72,0.62,0.08,0.72,0.01,0.19,428,1.7976000000000002e-05,1,0.72,D-rand,0.72
9378,C,2,C,0.44,0.25,0.26,0.19,0.44,0.11,463,1.9446e-05,1,0.44,D-rand,0.44
9380,A,0,C,0.5,0.34,0.09,0.38,0.5,0.03,482,2.0244e-05,0,0.09,D-rand,0.5
9381,B,1,B,0.93,0.9,0.04,0.93,0.02,0.01,502,2.1084000000000003e-05,1,0.93,D-rand,0.93
9382,C,2,B,0.46,0.28,0.15,0.46,0.17,0.22,457,1.9194000000000003e-05,0,0.17,D-rand,0.46
9383,A,0,B,0.64,0.52,0.07,0.64,0.24,0.05,445,1.869e-05,0,0.07,D-rand,0.64
9384,B,1,B,0.58,0.45,0.28,0.58,0.08,0.06,453,1.9026000000000004e-05,1,0.58,D-rand,0.58
9377,A,0,A,0.8300000000000001,0.78,0.8300000000000001,0.03,0.01,0.13,481,2.0202e-05,1,0.8300000000000001,D-rand,0.8300000000000001
9379,D,3,C,0.49,0.32,0.11,0.18,0.49,0.22,453,1.9026000000000004e-05,0,0.22,D-rand,0.49
9385,A,0,A,0.79,0.72,0.79,0.06,0.02,0.13,424,1.7808000000000003e-05,1,0.79,D-rand,0.79
9387,A,0,A,0.99,0.99,0.99,0.01,0.0,0.0,507,2.1294e-05,1,0.99,D-rand,0.99
9386,D,3,D,0.52,0.36,0.37,0.07,0.04,0.52,498,2.0916000000000004e-05,1,0.52,D-rand,0.52
9388,D,3,D,1.0,0.99,0.0,0.0,0.0,1.0,488,2.0496e-05,1,1.0,D-rand,1.0
9391,D,3,D,0.88,0.8300000000000001,0.07,0.01,0.04,0.88,533,2.2386e-05,1,0.88,D-rand,0.88
9390,D,3,D,0.98,0.98,0.0,0.01,0.01,0.98,474,1.9908000000000003e-05,1,0.98,D-rand,0.98
9392,C,2,C,1.0,0.99,0.0,0.0,1.0,0.0,492,2.0664e-05,1,1.0,D-rand,1.0
9389,B,1,B,0.99,0.98,0.01,0.99,0.0,0.0,478,2.0076e-05,1,0.99,D-rand,0.99
9394,D,3,D,1.0,0.99,0.0,0.0,0.0,1.0,464,1.9488000000000004e-05,1,1.0,D-rand,1.0
9395,B,1,B,0.7000000000000001,0.59,0.13,0.7000000000000001,0.1,0.07,479,2.0118000000000003e-05,1,0.7000000000000001,D-rand,0.7000000000000001
9396,D,3,D,0.88,0.85,0.02,0.01,0.09,0.88,432,1.8144e-05,1,0.88,D-rand,0.88
9397,A,0,A,0.9,0.87,0.9,0.02,0.07,0.01,469,1.9698e-05,1,0.9,D-rand,0.9
9402,B,1,B,0.6900000000000001,0.58,0.03,0.6900000000000001,0.1,0.18,505,2.121e-05,1,0.6900000000000001,D-rand,0.6900000000000001
9400,B,1,B,0.6900000000000001,0.58,0.11,0.6900000000000001,0.18,0.02,496,2.0832000000000003e-05,1,0.6900000000000001,D-rand,0.6900000000000001
9399,B,1,B,0.95,0.93,0.01,0.95,0.0,0.04,449,1.8858e-05,1,0.95,D-rand,0.95
9403,A,0,A,1.0,0.99,1.0,0.0,0.0,0.0,429,1.8018000000000003e-05,1,1.0,D-rand,1.0
9404,C,2,C,0.99,0.97,0.01,0.0,0.99,0.0,566,2.377200000000001e-05,1,0.99,D-rand,0.99
9406,C,2,C,0.45,0.27,0.24,0.2,0.45,0.11,461,1.9362e-05,1,0.45,D-rand,0.45
9407,B,1,B,1.0,0.99,0.0,1.0,0.0,0.0,472,1.9824e-05,1,1.0,D-rand,1.0
9405,A,0,A,0.47,0.3,0.47,0.31,0.08,0.14,440,1.848e-05,1,0.47,D-rand,0.47
9408,B,1,B,0.8,0.75,0.15,0.8,0.03,0.02,491,2.0622e-05,1,0.8,D-rand,0.8
9409,C,2,C,0.87,0.84,0.07,0.05,0.87,0.01,501,2.1042000000000003e-05,1,0.87,D-rand,0.87
9410,A,0,A,0.97,0.96,0.97,0.02,0.0,0.01,461,1.9362e-05,1,0.97,D-rand,0.97
9411,D,3,D,0.79,0.72,0.04,0.08,0.09,0.79,426,1.7892000000000004e-05,1,0.79,D-rand,0.79
9412,A,0,A,0.61,0.47,0.61,0.08,0.3,0.01,443,1.8606e-05,1,0.61,D-rand,0.61
9413,C,2,C,0.42,0.23,0.12,0.33,0.42,0.13,448,1.8816000000000004e-05,1,0.42,D-rand,0.42
9415,B,1,B,0.87,0.8300000000000001,0.03,0.87,0.01,0.09,468,1.9656000000000003e-05,1,0.87,D-rand,0.87
9418,C,2,C,0.45,0.27,0.1,0.39,0.45,0.06,430,1.8060000000000003e-05,1,0.45,D-rand,0.45
9414,D,3,B,0.49,0.32,0.15,0.49,0.06,0.3,479,2.0118000000000003e-05,0,0.3,D-rand,0.49
9417,B,1,B,1.0,0.99,0.0,1.0,0.0,0.0,467,1.9614e-05,1,1.0,D-rand,1.0
9416,A,0,A,1.0,1.0,1.0,0.0,0.0,0.0,436,1.8312e-05,1,1.0,D-rand,1.0
9419,C,2,C,1.0,1.0,0.0,0.0,1.0,0.0,496,2.0832000000000003e-05,1,1.0,D-rand,1.0
9420,D,3,B,0.42,0.24,0.24,0.42,0.09,0.25,478,2.0076e-05,0,0.25,D-rand,0.42
9422,A,0,C,0.48,0.3,0.35,0.07,0.48,0.1,430,1.8060000000000003e-05,0,0.35,D-rand,0.48
9421,D,3,D,0.7000000000000001,0.59,0.17,0.04,0.09,0.7000000000000001,476,1.9992e-05,1,0.7000000000000001,D-rand,0.7000000000000001
9424,B,1,B,0.99,0.98,0.0,0.99,0.0,0.01,604,2.5368e-05,1,0.99,D-rand,0.99
9423,C,2,C,0.56,0.41,0.29,0.12,0.56,0.03,495,2.0790000000000003e-05,1,0.56,D-rand,0.56
9425,A,0,C,0.5700000000000001,0.43,0.37,0.04,0.5700000000000001,0.02,441,1.8522000000000003e-05,0,0.37,D-rand,0.5700000000000001
9429,C,2,A,0.47,0.29,0.47,0.05,0.31,0.17,466,1.9572e-05,0,0.31,D-rand,0.47
9427,D,3,A,0.76,0.67,0.76,0.07,0.04,0.13,436,1.8312e-05,0,0.13,D-rand,0.76
9428,D,3,D,0.75,0.67,0.02,0.01,0.22,0.75,449,1.8858e-05,1,0.75,D-rand,0.75
9431,C,2,C,0.68,0.5700000000000001,0.14,0.12,0.68,0.06,440,1.848e-05,1,0.68,D-rand,0.68
9430,D,3,B,0.43,0.24,0.17,0.43,0.06,0.34,510,2.142e-05,0,0.34,D-rand,0.43
9432,A,0,A,0.75,0.66,0.75,0.12,0.1,0.03,471,1.9782000000000005e-05,1,0.75,D-rand,0.75
9434,D,3,C,0.54,0.39,0.09,0.1,0.54,0.27,450,1.89e-05,0,0.27,D-rand,0.54
9433,A,0,A,0.99,0.98,0.99,0.0,0.01,0.0,524,2.2008000000000003e-05,1,0.99,D-rand,0.99
9437,D,3,D,0.53,0.37,0.32,0.11,0.04,0.53,532,2.2344e-05,1,0.53,D-rand,0.53
9439,B,1,B,0.8200000000000001,0.76,0.06,0.8200000000000001,0.05,0.07,466,1.9572e-05,1,0.8200000000000001,D-rand,0.8200000000000001
9436,C,2,C,0.92,0.9,0.02,0.05,0.92,0.01,475,1.9950000000000004e-05,1,0.92,D-rand,0.92
9438,B,1,B,0.99,0.98,0.0,0.99,0.0,0.01,462,1.9404e-05,1,0.99,D-rand,0.99
9440,A,0,A,0.68,0.58,0.68,0.27,0.03,0.02,491,2.0622e-05,1,0.68,D-rand,0.68
9441,D,3,D,0.84,0.79,0.13,0.01,0.02,0.84,517,2.1714000000000003e-05,1,0.84,D-rand,0.84
9442,B,1,B,0.99,0.99,0.01,0.99,0.0,0.0,496,2.0832000000000003e-05,1,0.99,D-rand,0.99
9443,C,2,C,1.0,0.99,0.0,0.0,1.0,0.0,445,1.869e-05,1,1.0,D-rand,1.0
9444,C,2,C,0.85,0.79,0.05,0.08,0.85,0.02,438,1.8396e-05,1,0.85,D-rand,0.85
9446,D,3,A,0.51,0.36,0.51,0.06,0.4,0.03,471,1.9782000000000005e-05,0,0.03,D-rand,0.51
9448,B,1,B,0.66,0.54,0.16,0.66,0.12,0.06,468,1.9656000000000003e-05,1,0.66,D-rand,0.66
9450,C,2,C,0.86,0.81,0.07,0.04,0.86,0.03,463,1.9446e-05,1,0.86,D-rand,0.86
9447,A,0,B,0.48,0.29,0.16,0.48,0.13,0.23,446,1.8732000000000003e-05,0,0.16,D-rand,0.48
9454,A,0,A,0.98,0.97,0.98,0.01,0.01,0.0,461,1.9362e-05,1,0.98,D-rand,0.98
9451,A,0,C,0.53,0.37,0.04,0.18,0.53,0.25,518,2.1756000000000003e-05,0,0.04,D-rand,0.53
9453,B,1,A,0.81,0.75,0.81,0.1,0.02,0.07,441,1.8522000000000003e-05,0,0.1,D-rand,0.81
9457,B,1,B,0.8300000000000001,0.77,0.08,0.8300000000000001,0.04,0.05,487,2.0454e-05,1,0.8300000000000001,D-rand,0.8300000000000001
9458,C,2,C,1.0,0.99,0.0,0.0,1.0,0.0,436,1.8312e-05,1,1.0,D-rand,1.0
9455,B,1,D,0.48,0.31,0.04,0.27,0.21,0.48,426,1.7892000000000004e-05,0,0.27,D-rand,0.48
9459,B,1,B,0.98,0.96,0.02,0.98,0.0,0.0,486,2.0412e-05,1,0.98,D-rand,0.98
9460,B,1,A,0.59,0.46,0.59,0.15,0.1,0.16,499,2.0958e-05,0,0.15,D-rand,0.59
9461,C,2,C,0.88,0.85,0.06,0.02,0.88,0.04,480,2.016e-05,1,0.88,D-rand,0.88
9463,D,3,D,0.6000000000000001,0.45,0.13,0.22,0.05,0.6000000000000001,438,1.8396e-05,1,0.6000000000000001,D-rand,0.6000000000000001
9464,C,2,C,0.52,0.35,0.05,0.11,0.52,0.32,462,1.9404e-05,1,0.52,D-rand,0.52
9462,C,2,A,0.93,0.89,0.93,0.02,0.04,0.01,473,1.9866000000000003e-05,0,0.04,D-rand,0.93
9466,C,2,C,0.95,0.94,0.02,0.02,0.95,0.01,436,1.8312e-05,1,0.95,D-rand,0.95
9470,A,0,A,0.99,0.99,0.99,0.01,0.0,0.0,458,1.9236e-05,1,0.99,D-rand,0.99
9467,C,2,C,0.99,0.98,0.0,0.01,0.99,0.0,471,1.9782000000000005e-05,1,0.99,D-rand,0.99
9468,D,3,B,0.5,0.34,0.07,0.5,0.11,0.32,464,1.9488000000000004e-05,0,0.32,D-rand,0.5
9472,A,0,A,1.0,0.99,1.0,0.0,0.0,0.0,530,2.226e-05,1,1.0,D-rand,1.0
9473,A,0,A,0.96,0.94,0.96,0.03,0.01,0.0,470,1.974e-05,1,0.96,D-rand,0.96
9475,D,3,D,0.7000000000000001,0.6000000000000001,0.04,0.17,0.09,0.7000000000000001,479,2.0118000000000003e-05,1,0.7000000000000001,D-rand,0.7000000000000001
9474,D,3,C,0.48,0.31,0.03,0.02,0.48,0.47,488,2.0496e-05,0,0.47,D-rand,0.48
9476,A,0,A,0.95,0.93,0.95,0.0,0.0,0.05,448,1.8816000000000004e-05,1,0.95,D-rand,0.95
9478,D,3,D,0.79,0.72,0.2,0.0,0.01,0.79,522,2.1924e-05,1,0.79,D-rand,0.79
9477,A,0,A,0.42,0.22,0.42,0.11,0.41,0.06,449,1.8858e-05,1,0.42,D-rand,0.42
9479,C,2,C,0.75,0.67,0.08,0.16,0.75,0.01,439,1.8438e-05,1,0.75,D-rand,0.75
9480,A,0,A,0.95,0.94,0.95,0.01,0.01,0.03,438,1.8396e-05,1,0.95,D-rand,0.95
9481,A,0,A,1.0,0.99,1.0,0.0,0.0,0.0,485,2.037e-05,1,1.0,D-rand,1.0
9484,A,0,A,1.0,0.99,1.0,0.0,0.0,0.0,511,2.1462e-05,1,1.0,D-rand,1.0
9482,A,0,D,0.64,0.52,0.27,0.05,0.04,0.64,446,1.8732000000000003e-05,0,0.27,D-rand,0.64
9483,A,0,A,0.28,0.04,0.28,0.28,0.19,0.25,509,2.1378e-05,1,0.28,D-rand,0.28
9486,C,2,C,0.51,0.35,0.08,0.4,0.51,0.01,467,1.9614e-05,1,0.51,D-rand,0.51
9485,C,2,C,0.98,0.97,0.0,0.01,0.98,0.01,482,2.0244e-05,1,0.98,D-rand,0.98
9487,B,1,B,0.75,0.67,0.09,0.75,0.14,0.02,440,1.848e-05,1,0.75,D-rand,0.75
9488,B,1,B,0.44,0.24,0.13,0.44,0.07,0.36,446,1.8732000000000003e-05,1,0.44,D-rand,0.44
9491,A,0,A,0.99,0.98,0.99,0.0,0.01,0.0,442,1.8564e-05,1,0.99,D-rand,0.99
9489,C,2,C,0.61,0.47,0.27,0.11,0.61,0.01,489,2.0538e-05,1,0.61,D-rand,0.61
9492,A,0,A,0.84,0.79,0.84,0.09,0.05,0.02,490,2.058e-05,1,0.84,D-rand,0.84
9494,A,0,A,0.99,0.98,0.99,0.01,0.0,0.0,452,1.8984000000000003e-05,1,0.99,D-rand,0.99
9490,C,2,C,0.99,0.99,0.0,0.01,0.99,0.0,501,2.1042000000000003e-05,1,0.99,D-rand,0.99
9493,D,3,B,0.46,0.28,0.08,0.46,0.02,0.44,454,1.9068e-05,0,0.44,D-rand,0.46
9495,D,3,D,1.0,1.0,0.0,0.0,0.0,1.0,455,1.911e-05,1,1.0,D-rand,1.0
9496,D,3,D,0.86,0.8200000000000001,0.05,0.01,0.08,0.86,470,1.974e-05,1,0.86,D-rand,0.86
9498,C,2,C,0.53,0.37,0.27,0.07,0.53,0.13,451,1.8942000000000003e-05,1,0.53,D-rand,0.53
9500,B,1,B,0.43,0.23,0.27,0.43,0.15,0.15,506,2.1252000000000003e-05,1,0.43,D-rand,0.43
9502,C,2,C,0.6000000000000001,0.47,0.07,0.09,0.6000000000000001,0.24,519,2.1798000000000004e-05,1,0.6000000000000001,D-rand,0.6000000000000001
9501,C,2,A,0.32,0.1,0.32,0.17,0.27,0.24,459,1.9278e-05,0,0.27,D-rand,0.32
9497,C,2,C,0.53,0.37,0.25,0.07,0.53,0.15,482,2.0244e-05,1,0.53,D-rand,0.53
9499,C,2,C,0.8300000000000001,0.78,0.06,0.09,0.8300000000000001,0.02,446,1.8732000000000003e-05,1,0.8300000000000001,D-rand,0.8300000000000001
9503,B,1,B,0.99,0.97,0.01,0.99,0.0,0.0,452,1.8984000000000003e-05,1,0.99,D-rand,0.99
9504,C,2,C,0.98,0.97,0.0,0.02,0.98,0.0,443,1.8606e-05,1,0.98,D-rand,0.98
9505,A,0,A,1.0,1.0,1.0,0.0,0.0,0.0,431,1.8102e-05,1,1.0,D-rand,1.0
9507,A,0,A,0.85,0.8,0.85,0.07,0.02,0.06,458,1.9236e-05,1,0.85,D-rand,0.85
9510,D,3,D,0.98,0.97,0.0,0.02,0.0,0.98,459,1.9278e-05,1,0.98,D-rand,0.98
9509,C,2,C,0.95,0.93,0.0,0.01,0.95,0.04,444,1.8648e-05,1,0.95,D-rand,0.95
9506,C,2,C,0.74,0.65,0.01,0.01,0.74,0.24,461,1.9362e-05,1,0.74,D-rand,0.74
9511,C,2,C,0.85,0.8,0.02,0.07,0.85,0.06,457,1.9194000000000003e-05,1,0.85,D-rand,0.85
9513,D,3,D,0.95,0.94,0.02,0.01,0.02,0.95,464,1.9488000000000004e-05,1,0.95,D-rand,0.95
9515,C,2,C,0.63,0.5,0.17,0.01,0.63,0.19,455,1.911e-05,1,0.63,D-rand,0.63
9514,D,3,A,0.71,0.62,0.71,0.03,0.08,0.18,422,1.7724000000000002e-05,0,0.18,D-rand,0.71
9516,D,3,D,0.93,0.91,0.05,0.01,0.01,0.93,455,1.911e-05,1,0.93,D-rand,0.93
9520,D,3,D,0.45,0.27,0.24,0.12,0.19,0.45,433,1.8186e-05,1,0.45,D-rand,0.45
9523,B,1,B,0.87,0.81,0.05,0.87,0.06,0.02,510,2.142e-05,1,0.87,D-rand,0.87
9517,C,2,C,1.0,0.99,0.0,0.0,1.0,0.0,452,1.8984000000000003e-05,1,1.0,D-rand,1.0
9524,D,3,A,0.75,0.67,0.75,0.2,0.02,0.03,487,2.0454e-05,0,0.03,D-rand,0.75
9522,A,0,A,0.91,0.88,0.91,0.04,0.04,0.01,465,1.953e-05,1,0.91,D-rand,0.91
9521,C,2,C,0.5,0.34,0.29,0.07,0.5,0.14,462,1.9404e-05,1,0.5,D-rand,0.5
9518,A,0,A,0.8300000000000001,0.77,0.8300000000000001,0.07,0.09,0.01,563,2.3646000000000004e-05,1,0.8300000000000001,D-rand,0.8300000000000001
9526,C,2,D,0.52,0.37,0.04,0.36,0.08,0.52,475,1.9950000000000004e-05,0,0.08,D-rand,0.52
9527,C,2,C,0.809999999999999,0.76,0.04,0.09,0.809999999999999,0.06,511,2.1462e-05,1,0.809999999999999,D-rand,0.809999999999999
9525,A,0,A,1.0,1.0,1.0,0.0,0.0,0.0,549,2.3058e-05,1,1.0,D-rand,1.0
9529,D,3,A,0.42,0.22,0.42,0.11,0.07,0.4,499,2.0958e-05,0,0.4,D-rand,0.42
9528,D,3,D,0.55,0.4,0.26,0.08,0.11,0.55,515,2.163e-05,1,0.55,D-rand,0.55
9533,D,3,A,0.31,0.08,0.31,0.28,0.13,0.28,443,1.8606e-05,0,0.28,D-rand,0.31
9532,A,0,A,0.73,0.64,0.73,0.08,0.08,0.11,460,1.932e-05,1,0.73,D-rand,0.73
9531,D,3,D,0.48,0.31,0.29,0.05,0.18,0.48,468,1.9656000000000003e-05,1,0.48,D-rand,0.48
9534,A,0,A,0.53,0.38,0.53,0.19,0.13,0.15,463,1.9446e-05,1,0.53,D-rand,0.53
9539,D,3,A,0.74,0.66,0.74,0.04,0.05,0.17,525,2.2050000000000004e-05,0,0.17,D-rand,0.74
9537,C,2,C,0.98,0.97,0.01,0.01,0.98,0.0,454,1.9068e-05,1,0.98,D-rand,0.98
9536,B,1,A,0.559999999999999,0.42,0.559999999999999,0.19,0.1,0.15,456,1.9152e-05,0,0.19,D-rand,0.559999999999999
9541,C,2,C,1.0,1.0,0.0,0.0,1.0,0.0,613,2.5746000000000004e-05,1,1.0,D-rand,1.0
9535,C,2,A,0.58,0.44,0.58,0.12,0.09,0.21,444,1.8648e-05,0,0.09,D-rand,0.58
9540,D,3,D,0.85,0.81,0.07,0.04,0.04,0.85,443,1.8606e-05,1,0.85,D-rand,0.85
9538,B,1,B,0.72,0.63,0.1,0.72,0.13,0.05,470,1.974e-05,1,0.72,D-rand,0.72
9542,C,2,C,1.0,1.0,0.0,0.0,1.0,0.0,505,2.121e-05,1,1.0,D-rand,1.0
9544,A,0,A,0.51,0.35,0.51,0.15,0.12,0.22,564,2.3688000000000004e-05,1,0.51,D-rand,0.51
9543,B,1,B,0.74,0.65,0.11,0.74,0.09,0.06,432,1.8144e-05,1,0.74,D-rand,0.74
9546,B,1,C,0.5700000000000001,0.42,0.13,0.27,0.5700000000000001,0.03,449,1.8858e-05,0,0.27,D-rand,0.5700000000000001
9547,C,2,C,0.64,0.52,0.15,0.12,0.64,0.09,465,1.953e-05,1,0.64,D-rand,0.64
9548,C,2,B,0.29,0.06,0.16,0.29,0.26,0.29,460,1.932e-05,0,0.26,D-rand,0.29
9549,D,3,D,0.96,0.95,0.0,0.01,0.03,0.96,507,2.1294e-05,1,0.96,D-rand,0.96
9550,A,0,B,0.6000000000000001,0.47,0.31,0.6000000000000001,0.05,0.04,490,2.058e-05,0,0.31,D-rand,0.6000000000000001
9551,D,3,D,0.45,0.26,0.17,0.04,0.34,0.45,471,1.9782000000000005e-05,1,0.45,D-rand,0.45
9552,B,1,B,0.42,0.23,0.38,0.42,0.07,0.13,459,1.9278e-05,1,0.42,D-rand,0.42
9553,B,1,B,0.85,0.8,0.11,0.85,0.02,0.02,483,2.0286e-05,1,0.85,D-rand,0.85
9554,B,1,B,0.65,0.54,0.03,0.65,0.13,0.19,471,1.9782000000000005e-05,1,0.65,D-rand,0.65
9555,A,0,A,0.71,0.61,0.71,0.05,0.16,0.08,443,1.8606e-05,1,0.71,D-rand,0.71
9556,A,0,A,0.86,0.81,0.86,0.06,0.05,0.03,469,1.9698e-05,1,0.86,D-rand,0.86
9557,C,2,C,0.99,0.99,0.0,0.01,0.99,0.0,458,1.9236e-05,1,0.99,D-rand,0.99
9559,D,3,D,0.62,0.49,0.06,0.02,0.3,0.62,450,1.89e-05,1,0.62,D-rand,0.62
9558,A,0,A,0.98,0.96,0.98,0.01,0.01,0.0,447,1.8774000000000004e-05,1,0.98,D-rand,0.98
9561,D,3,D,0.53,0.37,0.05,0.02,0.4,0.53,479,2.0118000000000003e-05,1,0.53,D-rand,0.53
9562,B,1,B,0.94,0.93,0.04,0.94,0.02,0.0,458,1.9236e-05,1,0.94,D-rand,0.94
9560,B,1,D,0.89,0.85,0.04,0.04,0.03,0.89,468,1.9656000000000003e-05,0,0.04,D-rand,0.89
9566,B,1,B,0.72,0.63,0.24,0.72,0.02,0.02,462,1.9404e-05,1,0.72,D-rand,0.72
9565,C,2,A,0.36,0.14,0.36,0.24,0.28,0.12,527,2.2134e-05,0,0.28,D-rand,0.36
9564,A,0,A,0.87,0.84,0.87,0.1,0.02,0.01,431,1.8102e-05,1,0.87,D-rand,0.87
9567,C,2,C,0.89,0.85,0.01,0.1,0.89,0.0,449,1.8858e-05,1,0.89,D-rand,0.89
9563,A,0,A,0.62,0.49,0.62,0.05,0.27,0.06,433,1.8186e-05,1,0.62,D-rand,0.62
9570,B,1,B,1.0,1.0,0.0,1.0,0.0,0.0,513,2.1546e-05,1,1.0,D-rand,1.0
9568,B,1,B,0.97,0.97,0.01,0.97,0.01,0.01,453,1.9026000000000004e-05,1,0.97,D-rand,0.97
9569,C,2,C,0.43,0.24,0.42,0.04,0.43,0.11,495,2.0790000000000003e-05,1,0.43,D-rand,0.43
9571,B,1,B,1.0,1.0,0.0,1.0,0.0,0.0,456,1.9152e-05,1,1.0,D-rand,1.0
9574,D,3,D,1.0,0.99,0.0,0.0,0.0,1.0,490,2.058e-05,1,1.0,D-rand,1.0
9573,B,1,B,0.52,0.36,0.22,0.52,0.21,0.05,420,1.764e-05,1,0.52,D-rand,0.52
9572,B,1,B,0.89,0.85,0.03,0.89,0.02,0.06,439,1.8438e-05,1,0.89,D-rand,0.89
9575,D,3,B,0.32,0.1,0.16,0.32,0.24,0.28,493,2.0706000000000005e-05,0,0.28,D-rand,0.32
9580,C,2,B,0.6900000000000001,0.6000000000000001,0.12,0.6900000000000001,0.13,0.06,467,1.9614e-05,0,0.13,D-rand,0.6900000000000001
9581,C,2,C,0.87,0.8300000000000001,0.02,0.01,0.87,0.1,494,2.0748000000000005e-05,1,0.87,D-rand,0.87
9577,D,3,D,0.95,0.93,0.04,0.0,0.01,0.95,445,1.869e-05,1,0.95,D-rand,0.95
9583,C,2,C,0.95,0.94,0.01,0.03,0.95,0.01,458,1.9236e-05,1,0.95,D-rand,0.95
9582,A,0,D,0.86,0.81,0.13,0.01,0.0,0.86,456,1.9152e-05,0,0.13,D-rand,0.86
9587,A,0,A,0.84,0.79,0.84,0.02,0.12,0.02,549,2.3058e-05,1,0.84,D-rand,0.84
9586,C,2,C,1.0,0.99,0.0,0.0,1.0,0.0,532,2.2344e-05,1,1.0,D-rand,1.0
9590,B,1,B,0.99,0.99,0.01,0.99,0.0,0.0,426,1.7892000000000004e-05,1,0.99,D-rand,0.99
9588,A,0,A,0.58,0.44,0.58,0.08,0.28,0.06,489,2.0538e-05,1,0.58,D-rand,0.58
9589,B,1,B,0.78,0.71,0.11,0.78,0.03,0.08,463,1.9446e-05,1,0.78,D-rand,0.78
9591,B,1,B,0.97,0.96,0.02,0.97,0.0,0.01,478,2.0076e-05,1,0.97,D-rand,0.97
9592,A,0,A,0.98,0.96,0.98,0.01,0.01,0.0,448,1.8816000000000004e-05,1,0.98,D-rand,0.98
9595,C,2,C,1.0,0.99,0.0,0.0,1.0,0.0,466,1.9572e-05,1,1.0,D-rand,1.0
9594,A,0,A,0.97,0.95,0.97,0.01,0.01,0.01,512,2.1504e-05,1,0.97,D-rand,0.97
9596,C,2,A,0.62,0.49,0.62,0.05,0.32,0.01,465,1.953e-05,0,0.32,D-rand,0.62
9597,B,1,B,0.92,0.91,0.02,0.92,0.01,0.05,423,1.7766000000000002e-05,1,0.92,D-rand,0.92
9600,D,3,D,0.99,0.98,0.01,0.0,0.0,0.99,440,1.848e-05,1,0.99,D-rand,0.99
9601,D,3,B,0.34,0.11,0.31,0.34,0.09,0.26,523,2.1966000000000003e-05,0,0.26,D-rand,0.34
9602,D,3,D,0.9,0.87,0.07,0.01,0.02,0.9,458,1.9236e-05,1,0.9,D-rand,0.9
9603,A,0,A,0.62,0.49,0.62,0.27,0.05,0.06,502,2.1084000000000003e-05,1,0.62,D-rand,0.62
9605,A,0,A,0.88,0.8300000000000001,0.88,0.06,0.03,0.03,463,1.9446e-05,1,0.88,D-rand,0.88
9604,A,0,A,0.74,0.65,0.74,0.25,0.01,0.0,419,1.7598000000000003e-05,1,0.74,D-rand,0.74
9606,A,0,A,0.87,0.8300000000000001,0.87,0.09,0.03,0.01,513,2.1546e-05,1,0.87,D-rand,0.87
9607,C,2,A,0.5700000000000001,0.44,0.5700000000000001,0.1,0.26,0.07,408,1.7136e-05,0,0.26,D-rand,0.5700000000000001
9612,B,1,A,0.45,0.28,0.45,0.19,0.27,0.09,470,1.974e-05,0,0.19,D-rand,0.45
9610,A,0,A,0.68,0.58,0.68,0.17,0.14,0.01,451,1.8942000000000003e-05,1,0.68,D-rand,0.68
9611,B,1,B,0.87,0.8200000000000001,0.05,0.87,0.07,0.01,468,1.9656000000000003e-05,1,0.87,D-rand,0.87
9613,A,0,A,0.98,0.98,0.98,0.01,0.0,0.01,517,2.1714000000000003e-05,1,0.98,D-rand,0.98
9614,D,3,D,0.5,0.32,0.05,0.39,0.06,0.5,427,1.7934e-05,1,0.5,D-rand,0.5
9616,B,1,B,0.9,0.87,0.02,0.9,0.06,0.02,457,1.9194000000000003e-05,1,0.9,D-rand,0.9
9617,A,0,B,0.44,0.26,0.42,0.44,0.04,0.1,519,2.1798000000000004e-05,0,0.42,D-rand,0.44
9618,C,2,C,0.81,0.74,0.02,0.06,0.81,0.11,465,1.953e-05,1,0.81,D-rand,0.81
9615,C,2,C,0.9,0.87,0.05,0.01,0.9,0.04,547,2.2974000000000004e-05,1,0.9,D-rand,0.9
9620,A,0,A,0.96,0.93,0.96,0.0,0.02,0.02,511,2.1462e-05,1,0.96,D-rand,0.96
9619,B,1,B,0.6900000000000001,0.6000000000000001,0.15,0.6900000000000001,0.05,0.11,463,1.9446e-05,1,0.6900000000000001,D-rand,0.6900000000000001
9621,A,0,A,0.96,0.94,0.96,0.01,0.02,0.01,448,1.8816000000000004e-05,1,0.96,D-rand,0.96
9622,A,0,A,0.99,0.99,0.99,0.0,0.01,0.0,482,2.0244e-05,1,0.99,D-rand,0.99
9623,C,2,C,0.87,0.8200000000000001,0.08,0.01,0.87,0.04,500,2.1e-05,1,0.87,D-rand,0.87
9625,C,2,C,1.0,0.99,0.0,0.0,1.0,0.0,439,1.8438e-05,1,1.0,D-rand,1.0
9584,C,2,C,0.8200000000000001,0.76,0.07,0.01,0.8200000000000001,0.1,427,1.7934e-05,1,0.8200000000000001,D-rand,0.8200000000000001
9627,A,0,B,0.41,0.21,0.4,0.41,0.15,0.04,446,1.8732000000000003e-05,0,0.4,D-rand,0.41
9624,A,0,A,0.74,0.65,0.74,0.12,0.04,0.1,459,1.9278e-05,1,0.74,D-rand,0.74
9626,C,2,C,1.0,1.0,0.0,0.0,1.0,0.0,429,1.8018000000000003e-05,1,1.0,D-rand,1.0
9628,D,3,D,0.93,0.9,0.0,0.07,0.0,0.93,489,2.0538e-05,1,0.93,D-rand,0.93
9631,B,1,B,0.97,0.97,0.02,0.97,0.01,0.0,486,2.0412e-05,1,0.97,D-rand,0.97
9629,D,3,D,0.9,0.86,0.08,0.0,0.02,0.9,486,2.0412e-05,1,0.9,D-rand,0.9
9630,B,1,B,1.0,1.0,0.0,1.0,0.0,0.0,470,1.974e-05,1,1.0,D-rand,1.0
9636,B,1,B,0.89,0.84,0.02,0.89,0.0,0.09,447,1.8774000000000004e-05,1,0.89,D-rand,0.89
9632,B,1,B,0.86,0.8200000000000001,0.03,0.86,0.09,0.02,567,2.3814000000000003e-05,1,0.86,D-rand,0.86
9633,B,1,B,0.89,0.84,0.03,0.89,0.07,0.01,454,1.9068e-05,1,0.89,D-rand,0.89
9637,D,3,D,1.0,0.99,0.0,0.0,0.0,1.0,446,1.8732000000000003e-05,1,1.0,D-rand,1.0
9635,A,0,A,0.88,0.8300000000000001,0.88,0.06,0.01,0.05,450,1.89e-05,1,0.88,D-rand,0.88
9638,C,2,C,0.78,0.71,0.02,0.06,0.78,0.14,495,2.0790000000000003e-05,1,0.78,D-rand,0.78
9639,B,1,B,0.99,0.99,0.01,0.99,0.0,0.0,481,2.0202e-05,1,0.99,D-rand,0.99
9640,B,1,B,0.86,0.81,0.05,0.86,0.01,0.08,461,1.9362e-05,1,0.86,D-rand,0.86
9641,A,0,B,0.5700000000000001,0.43,0.36,0.5700000000000001,0.04,0.03,426,1.7892000000000004e-05,0,0.36,D-rand,0.5700000000000001
9642,C,2,C,1.0,0.99,0.0,0.0,1.0,0.0,492,2.0664e-05,1,1.0,D-rand,1.0
9647,C,2,C,1.0,1.0,0.0,0.0,1.0,0.0,432,1.8144e-05,1,1.0,D-rand,1.0
9649,D,3,A,0.6000000000000001,0.47,0.6000000000000001,0.11,0.04,0.25,468,1.9656000000000003e-05,0,0.25,D-rand,0.6000000000000001
9650,C,2,C,0.94,0.93,0.03,0.01,0.94,0.02,466,1.9572e-05,1,0.94,D-rand,0.94
9648,A,0,A,0.67,0.56,0.67,0.2,0.04,0.09,436,1.8312e-05,1,0.67,D-rand,0.67
9652,B,1,B,0.92,0.89,0.03,0.92,0.01,0.04,435,1.827e-05,1,0.92,D-rand,0.92
9653,B,1,A,0.84,0.79,0.84,0.11,0.04,0.01,495,2.0790000000000003e-05,0,0.11,D-rand,0.84
9651,A,0,A,1.0,1.0,1.0,0.0,0.0,0.0,472,1.9824e-05,1,1.0,D-rand,1.0
9655,B,1,B,0.94,0.93,0.04,0.94,0.01,0.01,457,1.9194000000000003e-05,1,0.94,D-rand,0.94
9654,A,0,A,0.99,0.99,0.99,0.01,0.0,0.0,496,2.0832000000000003e-05,1,0.99,D-rand,0.99
9658,B,1,B,0.56,0.41,0.04,0.56,0.38,0.02,506,2.1252000000000003e-05,1,0.56,D-rand,0.56
9656,B,1,B,0.92,0.89,0.01,0.92,0.07,0.0,516,2.1672000000000005e-05,1,0.92,D-rand,0.92
9657,A,0,A,0.98,0.97,0.98,0.02,0.0,0.0,460,1.932e-05,1,0.98,D-rand,0.98
9659,B,1,B,0.75,0.66,0.15,0.75,0.03,0.07,423,1.7766000000000002e-05,1,0.75,D-rand,0.75
9661,B,1,B,0.78,0.7000000000000001,0.03,0.78,0.12,0.07,418,1.7556000000000003e-05,1,0.78,D-rand,0.78
9660,B,1,B,0.52,0.37,0.2,0.52,0.03,0.25,440,1.848e-05,1,0.52,D-rand,0.52
9662,D,3,D,0.6900000000000001,0.58,0.16,0.09,0.06,0.6900000000000001,443,1.8606e-05,1,0.6900000000000001,D-rand,0.6900000000000001
9663,D,3,A,0.54,0.38,0.54,0.13,0.07,0.26,414,1.7388e-05,0,0.26,D-rand,0.54
9666,D,3,D,0.6900000000000001,0.58,0.06,0.17,0.08,0.6900000000000001,505,2.121e-05,1,0.6900000000000001,D-rand,0.6900000000000001
9667,B,1,B,0.84,0.79,0.08,0.84,0.05,0.03,453,1.9026000000000004e-05,1,0.84,D-rand,0.84
9665,B,1,B,0.98,0.97,0.0,0.98,0.01,0.01,431,1.8102e-05,1,0.98,D-rand,0.98
9668,D,3,D,0.93,0.91,0.03,0.02,0.02,0.93,502,2.1084000000000003e-05,1,0.93,D-rand,0.93
9669,A,0,A,0.99,0.98,0.99,0.0,0.01,0.0,467,1.9614e-05,1,0.99,D-rand,0.99
9672,C,2,C,0.99,0.98,0.01,0.0,0.99,0.0,437,1.8354e-05,1,0.99,D-rand,0.99
9671,B,1,B,0.58,0.44,0.01,0.58,0.13,0.28,468,1.9656000000000003e-05,1,0.58,D-rand,0.58
9673,B,1,B,0.92,0.9,0.06,0.92,0.01,0.01,467,1.9614e-05,1,0.92,D-rand,0.92
9674,A,0,A,0.52,0.35,0.52,0.08,0.32,0.08,468,1.9656000000000003e-05,1,0.52,D-rand,0.52
9677,A,0,C,0.62,0.51,0.18,0.13,0.62,0.07,501,2.1042000000000003e-05,0,0.18,D-rand,0.62
9675,A,0,A,0.62,0.49,0.62,0.36,0.01,0.01,510,2.142e-05,1,0.62,D-rand,0.62
9676,C,2,C,0.8,0.74,0.03,0.03,0.8,0.14,485,2.037e-05,1,0.8,D-rand,0.8
9681,A,0,A,0.99,0.99,0.99,0.0,0.0,0.01,560,2.352e-05,1,0.99,D-rand,0.99
9678,A,0,A,0.9,0.86,0.9,0.04,0.01,0.05,434,1.8228e-05,1,0.9,D-rand,0.9
9684,B,1,B,0.94,0.92,0.01,0.94,0.03,0.02,482,2.0244e-05,1,0.94,D-rand,0.94
9687,D,3,A,0.41,0.21,0.41,0.23,0.29,0.07,496,2.0832000000000003e-05,0,0.07,D-rand,0.41
9686,A,0,A,0.67,0.55,0.67,0.33,0.0,0.0,447,1.8774000000000004e-05,1,0.67,D-rand,0.67
9688,A,0,A,0.95,0.93,0.95,0.05,0.0,0.0,439,1.8438e-05,1,0.95,D-rand,0.95
9682,B,1,B,0.78,0.71,0.07,0.78,0.07,0.08,463,1.9446e-05,1,0.78,D-rand,0.78
9689,B,1,B,0.88,0.8300000000000001,0.1,0.88,0.0,0.02,457,1.9194000000000003e-05,1,0.88,D-rand,0.88
9685,D,3,D,0.9,0.87,0.03,0.06,0.01,0.9,447,1.8774000000000004e-05,1,0.9,D-rand,0.9
9690,B,1,B,0.97,0.96,0.02,0.97,0.0,0.01,416,1.7472e-05,1,0.97,D-rand,0.97
9691,B,1,C,0.37,0.16,0.24,0.35,0.37,0.04,490,2.058e-05,0,0.35,D-rand,0.37
9693,B,1,B,0.77,0.6900000000000001,0.2,0.77,0.01,0.02,520,2.1840000000000004e-05,1,0.77,D-rand,0.77
9695,B,1,D,0.9,0.86,0.03,0.05,0.02,0.9,584,2.4528e-05,0,0.05,D-rand,0.9
9696,A,0,B,0.73,0.64,0.1,0.73,0.08,0.09,456,1.9152e-05,0,0.1,D-rand,0.73
9692,B,1,B,0.36,0.15,0.28,0.36,0.28,0.08,458,1.9236e-05,1,0.36,D-rand,0.36
9694,B,1,D,0.61,0.48,0.23,0.1,0.06,0.61,572,2.4024e-05,0,0.1,D-rand,0.61
9697,A,0,A,0.53,0.38,0.53,0.35,0.08,0.04,442,1.8564e-05,1,0.53,D-rand,0.53
9698,D,3,D,1.0,1.0,0.0,0.0,0.0,1.0,545,2.2890000000000003e-05,1,1.0,D-rand,1.0
9699,D,3,D,0.85,0.81,0.13,0.01,0.01,0.85,537,2.2554e-05,1,0.85,D-rand,0.85
9701,D,3,D,0.46,0.28,0.2,0.16,0.18,0.46,545,2.2890000000000003e-05,1,0.46,D-rand,0.46
9700,D,3,D,0.63,0.5,0.23,0.1,0.04,0.63,507,2.1294e-05,1,0.63,D-rand,0.63
9702,B,1,B,1.0,1.0,0.0,1.0,0.0,0.0,514,2.1588e-05,1,1.0,D-rand,1.0
9704,D,3,B,0.29,0.06,0.29,0.29,0.15,0.27,478,2.0076e-05,0,0.27,D-rand,0.29
9705,B,1,C,0.55,0.4,0.23,0.08,0.55,0.14,451,1.8942000000000003e-05,0,0.08,D-rand,0.55
9706,C,2,B,0.64,0.52,0.13,0.64,0.11,0.12,499,2.0958e-05,0,0.11,D-rand,0.64
9703,D,3,D,0.71,0.61,0.01,0.1,0.18,0.71,496,2.0832000000000003e-05,1,0.71,D-rand,0.71
9710,D,3,B,0.71,0.62,0.1,0.71,0.02,0.17,569,2.3898000000000004e-05,0,0.17,D-rand,0.71
9709,A,0,A,0.99,0.98,0.99,0.0,0.01,0.0,529,2.2218000000000003e-05,1,0.99,D-rand,0.99
9707,C,2,C,0.76,0.68,0.19,0.02,0.76,0.03,448,1.8816000000000004e-05,1,0.76,D-rand,0.76
9715,B,1,A,0.62,0.5,0.62,0.24,0.04,0.1,456,1.9152e-05,0,0.24,D-rand,0.62
9713,B,1,B,0.86,0.8,0.11,0.86,0.02,0.01,496,2.0832000000000003e-05,1,0.86,D-rand,0.86
9711,B,1,A,0.71,0.61,0.71,0.23,0.02,0.04,442,1.8564e-05,0,0.23,D-rand,0.71
9712,C,2,C,0.74,0.65,0.03,0.02,0.74,0.21,479,2.0118000000000003e-05,1,0.74,D-rand,0.74
9716,B,1,B,0.56,0.41,0.15,0.56,0.12,0.17,464,1.9488000000000004e-05,1,0.56,D-rand,0.56
9718,B,1,B,0.84,0.79,0.11,0.84,0.04,0.01,480,2.016e-05,1,0.84,D-rand,0.84
9720,D,3,D,0.5700000000000001,0.43,0.11,0.11,0.21,0.5700000000000001,424,1.7808000000000003e-05,1,0.5700000000000001,D-rand,0.5700000000000001
9722,D,3,B,0.52,0.37,0.02,0.52,0.01,0.45,512,2.1504e-05,0,0.45,D-rand,0.52
9717,D,3,B,0.68,0.56,0.1,0.68,0.11,0.11,482,2.0244e-05,0,0.11,D-rand,0.68
9723,D,3,D,0.65,0.53,0.21,0.09,0.05,0.65,444,1.8648e-05,1,0.65,D-rand,0.65
9721,B,1,B,0.59,0.45,0.2,0.59,0.07,0.14,548,2.3016e-05,1,0.59,D-rand,0.59
9725,A,0,B,0.6000000000000001,0.46,0.26,0.6000000000000001,0.09,0.05,454,1.9068e-05,0,0.26,D-rand,0.6000000000000001
9724,A,0,B,0.41,0.21,0.29,0.41,0.25,0.05,485,2.037e-05,0,0.29,D-rand,0.41
9726,B,1,B,0.97,0.95,0.01,0.97,0.01,0.01,451,1.8942000000000003e-05,1,0.97,D-rand,0.97
9729,D,3,D,1.0,0.99,0.0,0.0,0.0,1.0,517,2.1714000000000003e-05,1,1.0,D-rand,1.0
9730,A,0,A,0.76,0.68,0.76,0.1,0.03,0.11,410,1.722e-05,1,0.76,D-rand,0.76
9728,A,0,A,1.0,1.0,1.0,0.0,0.0,0.0,510,2.142e-05,1,1.0,D-rand,1.0
9727,C,2,C,0.98,0.98,0.0,0.01,0.98,0.01,447,1.8774000000000004e-05,1,0.98,D-rand,0.98
9733,B,1,B,0.8300000000000001,0.77,0.09,0.8300000000000001,0.07,0.01,453,1.9026000000000004e-05,1,0.8300000000000001,D-rand,0.8300000000000001
9734,C,2,C,1.0,0.99,0.0,0.0,1.0,0.0,477,2.0034e-05,1,1.0,D-rand,1.0
9732,D,3,D,0.91,0.87,0.03,0.06,0.0,0.91,454,1.9068e-05,1,0.91,D-rand,0.91
9735,D,3,D,0.94,0.92,0.01,0.0,0.05,0.94,448,1.8816000000000004e-05,1,0.94,D-rand,0.94
9738,C,2,C,0.7000000000000001,0.61,0.04,0.01,0.7000000000000001,0.25,473,1.9866000000000003e-05,1,0.7000000000000001,D-rand,0.7000000000000001
9742,B,1,B,0.94,0.92,0.03,0.94,0.01,0.02,431,1.8102e-05,1,0.94,D-rand,0.94
9739,D,3,C,0.89,0.85,0.03,0.01,0.89,0.07,536,2.2512e-05,0,0.07,D-rand,0.89
9740,B,1,A,0.29,0.05,0.29,0.19,0.28,0.24,443,1.8606e-05,0,0.19,D-rand,0.29
9743,B,1,D,0.48,0.31,0.3,0.12,0.1,0.48,445,1.869e-05,0,0.12,D-rand,0.48
9741,D,3,D,1.0,0.99,0.0,0.0,0.0,1.0,482,2.0244e-05,1,1.0,D-rand,1.0
9744,B,1,B,0.9,0.87,0.04,0.9,0.04,0.02,493,2.0706000000000005e-05,1,0.9,D-rand,0.9
9745,D,3,D,0.97,0.95,0.02,0.01,0.0,0.97,461,1.9362e-05,1,0.97,D-rand,0.97
9746,C,2,C,0.36,0.15,0.36,0.07,0.36,0.21,484,2.0328000000000003e-05,1,0.36,D-rand,0.36
9749,D,3,C,0.41,0.21,0.26,0.16,0.41,0.17,449,1.8858e-05,0,0.17,D-rand,0.41
9750,A,0,D,0.66,0.54,0.24,0.04,0.06,0.66,440,1.848e-05,0,0.24,D-rand,0.66
9751,B,1,B,0.87,0.8300000000000001,0.11,0.87,0.01,0.01,468,1.9656000000000003e-05,1,0.87,D-rand,0.87
9753,A,0,A,0.96,0.94,0.96,0.01,0.0,0.03,523,2.1966000000000003e-05,1,0.96,D-rand,0.96
9747,B,1,B,0.99,0.98,0.01,0.99,0.0,0.0,541,2.2722e-05,1,0.99,D-rand,0.99
9748,C,2,C,0.75,0.66,0.01,0.14,0.75,0.1,461,1.9362e-05,1,0.75,D-rand,0.75
9754,A,0,A,0.65,0.54,0.65,0.31,0.03,0.01,492,2.0664e-05,1,0.65,D-rand,0.65
9755,D,3,D,0.93,0.91,0.02,0.01,0.04,0.93,532,2.2344e-05,1,0.93,D-rand,0.93
9756,C,2,C,0.95,0.92,0.02,0.03,0.95,0.0,562,2.3604e-05,1,0.95,D-rand,0.95
9758,D,3,D,0.98,0.97,0.0,0.01,0.01,0.98,532,2.2344e-05,1,0.98,D-rand,0.98
9759,D,3,D,0.67,0.55,0.06,0.21,0.06,0.67,455,1.911e-05,1,0.67,D-rand,0.67
9762,B,1,B,0.72,0.63,0.12,0.72,0.01,0.15,415,1.743e-05,1,0.72,D-rand,0.72
9760,C,2,C,0.98,0.97,0.0,0.02,0.98,0.0,431,1.8102e-05,1,0.98,D-rand,0.98
9761,C,2,C,0.52,0.36,0.19,0.15,0.52,0.14,518,2.1756000000000003e-05,1,0.52,D-rand,0.52
9763,D,3,D,1.0,1.0,0.0,0.0,0.0,1.0,494,2.0748000000000005e-05,1,1.0,D-rand,1.0
9757,B,1,D,0.49,0.31,0.02,0.47,0.02,0.49,483,2.0286e-05,0,0.47,D-rand,0.49
9764,C,2,C,1.0,1.0,0.0,0.0,1.0,0.0,465,1.953e-05,1,1.0,D-rand,1.0
9766,D,3,D,0.96,0.96,0.02,0.01,0.01,0.96,477,2.0034e-05,1,0.96,D-rand,0.96
9767,D,3,B,0.62,0.48,0.1,0.62,0.07,0.21,510,2.142e-05,0,0.21,D-rand,0.62
9765,B,1,B,1.0,0.99,0.0,1.0,0.0,0.0,472,1.9824e-05,1,1.0,D-rand,1.0
9768,C,2,C,1.0,1.0,0.0,0.0,1.0,0.0,471,1.9782000000000005e-05,1,1.0,D-rand,1.0
9771,B,1,B,0.61,0.47,0.39,0.61,0.0,0.0,486,2.0412e-05,1,0.61,D-rand,0.61
9770,B,1,B,0.86,0.8300000000000001,0.09,0.86,0.02,0.03,500,2.1e-05,1,0.86,D-rand,0.86
9772,A,0,A,1.0,0.99,1.0,0.0,0.0,0.0,472,1.9824e-05,1,1.0,D-rand,1.0
9773,A,0,B,0.39,0.18,0.29,0.39,0.3,0.02,475,1.9950000000000004e-05,0,0.29,D-rand,0.39
9775,D,3,D,0.92,0.89,0.03,0.02,0.03,0.92,502,2.1084000000000003e-05,1,0.92,D-rand,0.92
9774,D,3,D,0.71,0.6000000000000001,0.05,0.16,0.08,0.71,502,2.1084000000000003e-05,1,0.71,D-rand,0.71
9776,A,0,A,0.5700000000000001,0.42,0.5700000000000001,0.07,0.03,0.33,480,2.016e-05,1,0.5700000000000001,D-rand,0.5700000000000001
9778,C,2,C,0.39,0.18,0.33,0.15,0.39,0.13,449,1.8858e-05,1,0.39,D-rand,0.39
9777,A,0,A,1.0,1.0,1.0,0.0,0.0,0.0,451,1.8942000000000003e-05,1,1.0,D-rand,1.0
9779,A,0,D,0.5700000000000001,0.42,0.24,0.1,0.09,0.5700000000000001,453,1.9026000000000004e-05,0,0.24,D-rand,0.5700000000000001
9780,D,3,D,0.85,0.8,0.06,0.05,0.04,0.85,448,1.8816000000000004e-05,1,0.85,D-rand,0.85
9784,A,0,A,0.79,0.71,0.79,0.1,0.08,0.03,456,1.9152e-05,1,0.79,D-rand,0.79
9785,B,1,B,0.97,0.96,0.02,0.97,0.0,0.01,540,2.268e-05,1,0.97,D-rand,0.97
9783,D,3,D,0.96,0.94,0.01,0.03,0.0,0.96,477,2.0034e-05,1,0.96,D-rand,0.96
9786,A,0,A,0.95,0.94,0.95,0.03,0.02,0.0,492,2.0664e-05,1,0.95,D-rand,0.95
9782,D,3,D,0.96,0.95,0.02,0.0,0.02,0.96,504,2.1168e-05,1,0.96,D-rand,0.96
9787,B,1,A,0.78,0.71,0.78,0.15,0.02,0.05,441,1.8522000000000003e-05,0,0.15,D-rand,0.78
9789,B,1,B,0.72,0.62,0.1,0.72,0.08,0.1,501,2.1042000000000003e-05,1,0.72,D-rand,0.72
9790,B,1,B,0.98,0.98,0.01,0.98,0.0,0.01,458,1.9236e-05,1,0.98,D-rand,0.98
9792,D,3,A,0.67,0.5700000000000001,0.67,0.03,0.02,0.28,445,1.869e-05,0,0.28,D-rand,0.67
9793,D,3,D,0.53,0.38,0.33,0.11,0.03,0.53,546,2.2932000000000003e-05,1,0.53,D-rand,0.53
9796,B,1,B,0.99,0.98,0.0,0.99,0.01,0.0,538,2.2596e-05,1,0.99,D-rand,0.99
9795,D,3,D,1.0,0.99,0.0,0.0,0.0,1.0,451,1.8942000000000003e-05,1,1.0,D-rand,1.0
9794,D,3,A,0.56,0.42,0.56,0.09,0.13,0.22,428,1.7976000000000002e-05,0,0.22,D-rand,0.56
9797,A,0,A,0.92,0.89,0.92,0.04,0.03,0.01,446,1.8732000000000003e-05,1,0.92,D-rand,0.92
9799,A,0,A,1.0,1.0,1.0,0.0,0.0,0.0,538,2.2596e-05,1,1.0,D-rand,1.0
9800,C,2,C,1.0,0.99,0.0,0.0,1.0,0.0,494,2.0748000000000005e-05,1,1.0,D-rand,1.0
9804,C,2,D,0.51,0.35,0.28,0.08,0.13,0.51,443,1.8606e-05,0,0.13,D-rand,0.51
9802,D,3,D,0.54,0.38,0.18,0.01,0.27,0.54,433,1.8186e-05,1,0.54,D-rand,0.54
9805,B,1,B,0.5700000000000001,0.42,0.35,0.5700000000000001,0.06,0.02,474,1.9908000000000003e-05,1,0.5700000000000001,D-rand,0.5700000000000001
9803,B,1,B,0.96,0.94,0.04,0.96,0.0,0.0,487,2.0454e-05,1,0.96,D-rand,0.96
9809,C,2,C,0.95,0.94,0.02,0.02,0.95,0.01,440,1.848e-05,1,0.95,D-rand,0.95
9806,C,2,A,0.81,0.75,0.81,0.04,0.09,0.06,501,2.1042000000000003e-05,0,0.09,D-rand,0.81
9811,B,1,C,0.53,0.38,0.08,0.38,0.53,0.01,496,2.0832000000000003e-05,0,0.38,D-rand,0.53
9808,D,3,D,0.75,0.66,0.17,0.06,0.02,0.75,444,1.8648e-05,1,0.75,D-rand,0.75
9813,B,1,B,0.77,0.6900000000000001,0.14,0.77,0.02,0.07,447,1.8774000000000004e-05,1,0.77,D-rand,0.77
9814,B,1,B,0.65,0.54,0.16,0.65,0.01,0.18,436,1.8312e-05,1,0.65,D-rand,0.65
9815,D,3,D,0.59,0.46,0.06,0.1,0.25,0.59,499,2.0958e-05,1,0.59,D-rand,0.59
9812,B,1,B,1.0,1.0,0.0,1.0,0.0,0.0,488,2.0496e-05,1,1.0,D-rand,1.0
9816,C,2,C,0.45,0.26,0.37,0.15,0.45,0.03,475,1.9950000000000004e-05,1,0.45,D-rand,0.45
9817,A,0,B,0.73,0.64,0.18,0.73,0.07,0.02,568,2.3856000000000003e-05,0,0.18,D-rand,0.73
9818,D,3,D,0.67,0.56,0.18,0.05,0.1,0.67,568,2.3856000000000003e-05,1,0.67,D-rand,0.67
9819,C,2,C,0.52,0.36,0.1,0.15,0.52,0.23,445,1.869e-05,1,0.52,D-rand,0.52
9820,D,3,D,0.5700000000000001,0.42,0.2,0.06,0.17,0.5700000000000001,420,1.764e-05,1,0.5700000000000001,D-rand,0.5700000000000001
9821,D,3,A,0.53,0.37,0.53,0.05,0.02,0.4,469,1.9698e-05,0,0.4,D-rand,0.53
9823,A,0,B,0.73,0.65,0.23,0.73,0.02,0.02,494,2.0748000000000005e-05,0,0.23,D-rand,0.73
9822,C,2,C,0.31,0.08,0.28,0.16,0.31,0.25,463,1.9446e-05,1,0.31,D-rand,0.31
9824,A,0,A,0.99,0.99,0.99,0.0,0.0,0.01,424,1.7808000000000003e-05,1,0.99,D-rand,0.99
9825,B,1,B,0.85,0.78,0.12,0.85,0.01,0.02,436,1.8312e-05,1,0.85,D-rand,0.85
9826,B,1,B,0.99,0.98,0.01,0.99,0.0,0.0,412,1.7304000000000002e-05,1,0.99,D-rand,0.99
9827,C,2,C,0.95,0.93,0.04,0.0,0.95,0.01,488,2.0496e-05,1,0.95,D-rand,0.95
9828,B,1,B,0.929999999999999,0.92,0.03,0.929999999999999,0.02,0.02,445,1.869e-05,1,0.929999999999999,D-rand,0.929999999999999
9829,C,2,C,1.0,0.99,0.0,0.0,1.0,0.0,446,1.8732000000000003e-05,1,1.0,D-rand,1.0
9835,A,0,C,0.5,0.34,0.15,0.1,0.5,0.25,528,2.2176e-05,0,0.15,D-rand,0.5
9830,B,1,B,0.81,0.74,0.08,0.81,0.09,0.02,517,2.1714000000000003e-05,1,0.81,D-rand,0.81
9833,D,3,D,0.99,0.99,0.01,0.0,0.0,0.99,441,1.8522000000000003e-05,1,0.99,D-rand,0.99
9834,C,2,C,0.81,0.74,0.03,0.13,0.81,0.03,421,1.7682e-05,1,0.81,D-rand,0.81
9836,A,0,A,0.96,0.94,0.96,0.02,0.01,0.01,460,1.932e-05,1,0.96,D-rand,0.96
9837,D,3,B,0.39,0.18,0.33,0.39,0.17,0.11,500,2.1e-05,0,0.11,D-rand,0.39
9838,D,3,D,0.92,0.91,0.01,0.05,0.02,0.92,496,2.0832000000000003e-05,1,0.92,D-rand,0.92
9842,B,1,B,0.91,0.87,0.09,0.91,0.0,0.0,464,1.9488000000000004e-05,1,0.91,D-rand,0.91
9841,D,3,D,0.77,0.6900000000000001,0.1,0.12,0.01,0.77,487,2.0454e-05,1,0.77,D-rand,0.77
9839,B,1,C,0.87,0.8200000000000001,0.04,0.07,0.87,0.02,480,2.016e-05,0,0.07,D-rand,0.87
9840,C,2,C,1.0,1.0,0.0,0.0,1.0,0.0,439,1.8438e-05,1,1.0,D-rand,1.0
9844,B,1,B,0.49,0.32,0.02,0.49,0.35,0.14,514,2.1588e-05,1,0.49,D-rand,0.49
9845,A,0,C,0.65,0.53,0.2,0.08,0.65,0.07,476,1.9992e-05,0,0.2,D-rand,0.65
9843,C,2,C,0.74,0.66,0.08,0.04,0.74,0.14,456,1.9152e-05,1,0.74,D-rand,0.74
9846,A,0,A,0.99,0.98,0.99,0.0,0.0,0.01,442,1.8564e-05,1,0.99,D-rand,0.99
9847,A,0,A,0.86,0.81,0.86,0.01,0.12,0.01,454,1.9068e-05,1,0.86,D-rand,0.86
9849,B,1,B,0.76,0.68,0.12,0.76,0.1,0.02,433,1.8186e-05,1,0.76,D-rand,0.76
9848,D,3,D,0.9,0.86,0.05,0.01,0.04,0.9,450,1.89e-05,1,0.9,D-rand,0.9
9853,C,2,C,0.99,0.98,0.01,0.0,0.99,0.0,446,1.8732000000000003e-05,1,0.99,D-rand,0.99
9852,D,3,D,1.0,1.0,0.0,0.0,0.0,1.0,476,1.9992e-05,1,1.0,D-rand,1.0
9854,D,3,D,0.72,0.64,0.03,0.1,0.15,0.72,519,2.1798000000000004e-05,1,0.72,D-rand,0.72
9850,A,0,D,0.52,0.36,0.25,0.16,0.07,0.52,501,2.1042000000000003e-05,0,0.25,D-rand,0.52
9851,D,3,D,0.929999999999999,0.92,0.03,0.01,0.03,0.929999999999999,501,2.1042000000000003e-05,1,0.929999999999999,D-rand,0.929999999999999
9856,D,3,D,0.99,0.98,0.0,0.01,0.0,0.99,464,1.9488000000000004e-05,1,0.99,D-rand,0.99
9855,B,1,B,0.78,0.71,0.04,0.78,0.12,0.06,456,1.9152e-05,1,0.78,D-rand,0.78
9857,D,3,D,1.0,1.0,0.0,0.0,0.0,1.0,445,1.869e-05,1,1.0,D-rand,1.0
9859,D,3,D,0.8200000000000001,0.76,0.06,0.11,0.01,0.8200000000000001,465,1.953e-05,1,0.8200000000000001,D-rand,0.8200000000000001
9858,C,2,C,1.0,1.0,0.0,0.0,1.0,0.0,434,1.8228e-05,1,1.0,D-rand,1.0
9862,C,2,C,0.84,0.78,0.06,0.08,0.84,0.02,477,2.0034e-05,1,0.84,D-rand,0.84
9860,A,0,A,0.96,0.94,0.96,0.01,0.03,0.0,454,1.9068e-05,1,0.96,D-rand,0.96
9863,C,2,C,0.98,0.98,0.01,0.0,0.98,0.01,482,2.0244e-05,1,0.98,D-rand,0.98
9864,D,3,D,1.0,0.99,0.0,0.0,0.0,1.0,460,1.932e-05,1,1.0,D-rand,1.0
9867,B,1,B,0.99,0.99,0.01,0.99,0.0,0.0,450,1.89e-05,1,0.99,D-rand,0.99
9865,B,1,B,1.0,0.99,0.0,1.0,0.0,0.0,474,1.9908000000000003e-05,1,1.0,D-rand,1.0
9868,D,3,D,1.0,0.99,0.0,0.0,0.0,1.0,446,1.8732000000000003e-05,1,1.0,D-rand,1.0
9866,A,0,A,0.99,0.99,0.99,0.0,0.0,0.01,505,2.121e-05,1,0.99,D-rand,0.99
9869,C,2,C,1.0,0.99,0.0,0.0,1.0,0.0,460,1.932e-05,1,1.0,D-rand,1.0
9870,A,0,A,1.0,0.99,1.0,0.0,0.0,0.0,442,1.8564e-05,1,1.0,D-rand,1.0
9871,C,2,C,0.76,0.6900000000000001,0.08,0.03,0.76,0.13,479,2.0118000000000003e-05,1,0.76,D-rand,0.76
9872,C,2,C,0.79,0.73,0.14,0.06,0.79,0.01,494,2.0748000000000005e-05,1,0.79,D-rand,0.79
9873,A,0,A,1.0,0.99,1.0,0.0,0.0,0.0,475,1.9950000000000004e-05,1,1.0,D-rand,1.0
9876,A,0,A,1.0,0.99,1.0,0.0,0.0,0.0,545,2.2890000000000003e-05,1,1.0,D-rand,1.0
9877,A,0,A,0.41,0.21,0.41,0.36,0.15,0.08,455,1.911e-05,1,0.41,D-rand,0.41
9878,D,3,D,1.0,0.99,0.0,0.0,0.0,1.0,446,1.8732000000000003e-05,1,1.0,D-rand,1.0
9879,B,1,B,0.59,0.45,0.3,0.59,0.02,0.09,472,1.9824e-05,1,0.59,D-rand,0.59
9880,A,0,A,0.97,0.96,0.97,0.0,0.01,0.02,500,2.1e-05,1,0.97,D-rand,0.97
9881,C,2,C,0.92,0.89,0.02,0.02,0.92,0.04,437,1.8354e-05,1,0.92,D-rand,0.92
9882,B,1,B,0.71,0.62,0.04,0.71,0.21,0.04,478,2.0076e-05,1,0.71,D-rand,0.71
9883,A,0,A,1.0,0.99,1.0,0.0,0.0,0.0,431,1.8102e-05,1,1.0,D-rand,1.0
9885,C,2,C,0.98,0.96,0.0,0.02,0.98,0.0,486,2.0412e-05,1,0.98,D-rand,0.98
9884,A,0,A,1.0,1.0,1.0,0.0,0.0,0.0,540,2.268e-05,1,1.0,D-rand,1.0
9886,A,0,A,0.99,0.99,0.99,0.0,0.01,0.0,469,1.9698e-05,1,0.99,D-rand,0.99
9887,D,3,D,0.61,0.48,0.27,0.04,0.08,0.61,472,1.9824e-05,1,0.61,D-rand,0.61
9889,C,2,A,0.8300000000000001,0.77,0.8300000000000001,0.04,0.04,0.09,433,1.8186e-05,0,0.04,D-rand,0.8300000000000001
9888,C,2,C,1.0,1.0,0.0,0.0,1.0,0.0,492,2.0664e-05,1,1.0,D-rand,1.0
9890,B,1,C,0.34,0.11,0.3,0.28,0.34,0.08,440,1.848e-05,0,0.28,D-rand,0.34
9891,B,1,B,0.76,0.68,0.05,0.76,0.02,0.17,440,1.848e-05,1,0.76,D-rand,0.76
9893,A,0,C,0.47,0.29,0.3,0.21,0.47,0.02,481,2.0202e-05,0,0.3,D-rand,0.47
9892,C,2,C,0.99,0.99,0.0,0.01,0.99,0.0,457,1.9194000000000003e-05,1,0.99,D-rand,0.99
9895,B,1,B,0.55,0.4,0.21,0.55,0.19,0.05,450,1.89e-05,1,0.55,D-rand,0.55
9894,B,1,C,0.8300000000000001,0.77,0.03,0.12,0.8300000000000001,0.02,499,2.0958e-05,0,0.12,D-rand,0.8300000000000001
9899,D,3,D,0.41,0.21,0.09,0.29,0.21,0.41,503,2.1126e-05,1,0.41,D-rand,0.41
9898,C,2,C,0.52,0.36,0.43,0.03,0.52,0.02,466,1.9572e-05,1,0.52,D-rand,0.52
9896,D,3,D,1.0,0.99,0.0,0.0,0.0,1.0,430,1.8060000000000003e-05,1,1.0,D-rand,1.0
9897,C,2,C,0.54,0.39,0.27,0.09,0.54,0.1,503,2.1126e-05,1,0.54,D-rand,0.54
9900,D,3,D,1.0,1.0,0.0,0.0,0.0,1.0,478,2.0076e-05,1,1.0,D-rand,1.0
9901,C,2,C,0.63,0.52,0.02,0.01,0.63,0.34,451,1.8942000000000003e-05,1,0.63,D-rand,0.63
9904,D,3,D,0.98,0.98,0.01,0.0,0.01,0.98,440,1.848e-05,1,0.98,D-rand,0.98
9907,B,1,B,0.73,0.65,0.05,0.73,0.18,0.04,501,2.1042000000000003e-05,1,0.73,D-rand,0.73
9905,A,0,A,0.98,0.97,0.98,0.0,0.02,0.0,521,2.1882e-05,1,0.98,D-rand,0.98
9903,D,3,D,0.97,0.95,0.03,0.0,0.0,0.97,436,1.8312e-05,1,0.97,D-rand,0.97
9908,C,2,A,0.48,0.32,0.48,0.18,0.31,0.03,502,2.1084000000000003e-05,0,0.31,D-rand,0.48
9909,D,3,A,0.38,0.18,0.38,0.33,0.2,0.09,500,2.1e-05,0,0.09,D-rand,0.38
9911,A,0,B,0.43,0.24,0.27,0.43,0.17,0.13,455,1.911e-05,0,0.27,D-rand,0.43
9906,B,1,B,0.99,0.98,0.01,0.99,0.0,0.0,490,2.058e-05,1,0.99,D-rand,0.99
9910,C,2,C,0.75,0.66,0.17,0.06,0.75,0.02,454,1.9068e-05,1,0.75,D-rand,0.75
9913,C,2,C,0.8,0.73,0.05,0.05,0.8,0.1,441,1.8522000000000003e-05,1,0.8,D-rand,0.8
9916,B,1,C,0.459999999999999,0.29,0.12,0.31,0.459999999999999,0.11,455,1.911e-05,0,0.31,D-rand,0.459999999999999
9914,A,0,A,0.67,0.56,0.67,0.16,0.1,0.07,464,1.9488000000000004e-05,1,0.67,D-rand,0.67
9917,B,1,B,0.86,0.8200000000000001,0.1,0.86,0.01,0.03,495,2.0790000000000003e-05,1,0.86,D-rand,0.86
9915,B,1,D,0.48,0.32,0.13,0.31,0.08,0.48,531,2.2302e-05,0,0.31,D-rand,0.48
9918,C,2,C,0.47,0.3,0.46,0.02,0.47,0.05,460,1.932e-05,1,0.47,D-rand,0.47
9919,C,2,C,0.47,0.29,0.26,0.25,0.47,0.02,444,1.8648e-05,1,0.47,D-rand,0.47
9920,A,0,A,0.81,0.74,0.81,0.01,0.01,0.17,493,2.0706000000000005e-05,1,0.81,D-rand,0.81
9921,B,1,B,0.63,0.51,0.32,0.63,0.04,0.01,500,2.1e-05,1,0.63,D-rand,0.63
9922,C,2,C,1.0,0.99,0.0,0.0,1.0,0.0,463,1.9446e-05,1,1.0,D-rand,1.0
9923,D,3,D,0.9,0.86,0.06,0.01,0.03,0.9,481,2.0202e-05,1,0.9,D-rand,0.9
9929,D,3,D,0.32,0.1,0.27,0.14,0.27,0.32,468,1.9656000000000003e-05,1,0.32,D-rand,0.32
9928,A,0,B,0.41,0.22,0.3,0.41,0.06,0.23,434,1.8228e-05,0,0.3,D-rand,0.41
9924,B,1,C,0.39,0.19,0.18,0.37,0.39,0.06,452,1.8984000000000003e-05,0,0.37,D-rand,0.39
9925,C,2,A,0.44,0.24,0.44,0.14,0.32,0.1,451,1.8942000000000003e-05,0,0.32,D-rand,0.44
9926,A,0,A,0.94,0.91,0.94,0.01,0.04,0.01,427,1.7934e-05,1,0.94,D-rand,0.94
9931,C,2,C,0.97,0.96,0.01,0.01,0.97,0.01,420,1.764e-05,1,0.97,D-rand,0.97
9930,A,0,A,0.92,0.9,0.92,0.05,0.03,0.0,422,1.7724000000000002e-05,1,0.92,D-rand,0.92
9932,C,2,A,0.85,0.81,0.85,0.07,0.06,0.02,460,1.932e-05,0,0.06,D-rand,0.85
9934,D,3,A,0.5700000000000001,0.43,0.5700000000000001,0.08,0.11,0.24,473,1.9866000000000003e-05,0,0.24,D-rand,0.5700000000000001
9936,C,2,C,0.84,0.79,0.04,0.06,0.84,0.06,476,1.9992e-05,1,0.84,D-rand,0.84
9933,A,0,A,0.8,0.73,0.8,0.14,0.02,0.04,448,1.8816000000000004e-05,1,0.8,D-rand,0.8
9938,D,3,C,0.37,0.16,0.31,0.02,0.37,0.3,421,1.7682e-05,0,0.3,D-rand,0.37
9937,A,0,A,0.96,0.95,0.96,0.01,0.01,0.02,515,2.163e-05,1,0.96,D-rand,0.96
9940,D,3,A,0.71,0.61,0.71,0.11,0.08,0.1,508,2.1336e-05,0,0.1,D-rand,0.71
9939,B,1,B,0.92,0.9,0.06,0.92,0.01,0.01,450,1.89e-05,1,0.92,D-rand,0.92
9944,D,3,D,0.92,0.88,0.04,0.0,0.04,0.92,485,2.037e-05,1,0.92,D-rand,0.92
9945,B,1,C,0.54,0.37,0.23,0.14,0.54,0.09,469,1.9698e-05,0,0.14,D-rand,0.54
9946,B,1,D,0.39,0.19,0.22,0.36,0.03,0.39,447,1.8774000000000004e-05,0,0.36,D-rand,0.39
9947,D,3,D,0.44,0.26,0.34,0.05,0.17,0.44,486,2.0412e-05,1,0.44,D-rand,0.44
9951,D,3,D,0.6000000000000001,0.47,0.12,0.13,0.15,0.6000000000000001,479,2.0118000000000003e-05,1,0.6000000000000001,D-rand,0.6000000000000001
9952,D,3,C,0.44,0.26,0.16,0.33,0.44,0.07,475,1.9950000000000004e-05,0,0.07,D-rand,0.44
9948,D,3,D,0.929999999999999,0.91,0.05,0.01,0.01,0.929999999999999,536,2.2512e-05,1,0.929999999999999,D-rand,0.929999999999999
9950,C,2,C,0.74,0.67,0.06,0.07,0.74,0.13,424,1.7808000000000003e-05,1,0.74,D-rand,0.74
9953,D,3,B,0.51,0.36,0.05,0.51,0.24,0.2,500,2.1e-05,0,0.2,D-rand,0.51
9954,A,0,A,0.94,0.92,0.94,0.02,0.02,0.02,431,1.8102e-05,1,0.94,D-rand,0.94
9955,C,2,C,0.78,0.72,0.04,0.1,0.78,0.08,451,1.8942000000000003e-05,1,0.78,D-rand,0.78
9958,B,1,B,0.4,0.21,0.32,0.4,0.08,0.2,444,1.8648e-05,1,0.4,D-rand,0.4
9959,C,2,C,0.91,0.87,0.02,0.06,0.91,0.01,597,2.5074000000000004e-05,1,0.91,D-rand,0.91
9957,B,1,D,0.399999999999999,0.21,0.15,0.14,0.31,0.399999999999999,483,2.0286e-05,0,0.14,D-rand,0.399999999999999
9956,A,0,A,0.91,0.88,0.91,0.01,0.06,0.02,506,2.1252000000000003e-05,1,0.91,D-rand,0.91
9960,B,1,B,0.92,0.9,0.04,0.92,0.01,0.03,436,1.8312e-05,1,0.92,D-rand,0.92
9961,C,2,C,0.39,0.19,0.01,0.37,0.39,0.23,467,1.9614e-05,1,0.39,D-rand,0.39
9962,B,1,B,0.85,0.8,0.09,0.85,0.03,0.03,461,1.9362e-05,1,0.85,D-rand,0.85
9963,A,0,A,0.97,0.95,0.97,0.01,0.02,0.0,440,1.848e-05,1,0.97,D-rand,0.97
9965,D,3,D,0.68,0.58,0.19,0.07,0.06,0.68,444,1.8648e-05,1,0.68,D-rand,0.68
9964,D,3,A,0.62,0.49,0.62,0.01,0.01,0.36,526,2.2092e-05,0,0.36,D-rand,0.62
9966,A,0,A,0.96,0.95,0.96,0.02,0.01,0.01,457,1.9194000000000003e-05,1,0.96,D-rand,0.96
9968,D,3,D,0.92,0.89,0.08,0.0,0.0,0.92,468,1.9656000000000003e-05,1,0.92,D-rand,0.92
9967,C,2,C,0.79,0.73,0.03,0.15,0.79,0.03,488,2.0496e-05,1,0.79,D-rand,0.79
9973,A,0,C,0.75,0.67,0.2,0.04,0.75,0.01,549,2.3058e-05,0,0.2,D-rand,0.75
9974,B,1,B,0.86,0.81,0.02,0.86,0.05,0.07,433,1.8186e-05,1,0.86,D-rand,0.86
9972,C,2,B,0.45,0.27,0.08,0.45,0.39,0.08,450,1.89e-05,0,0.39,D-rand,0.45
9975,B,1,B,0.62,0.49,0.14,0.62,0.02,0.22,414,1.7388e-05,1,0.62,D-rand,0.62
9976,D,3,C,0.53,0.38,0.02,0.01,0.53,0.44,459,1.9278e-05,0,0.44,D-rand,0.53
9977,D,3,D,0.96,0.94,0.0,0.01,0.03,0.96,452,1.8984000000000003e-05,1,0.96,D-rand,0.96
9979,A,0,A,0.97,0.97,0.97,0.01,0.01,0.01,427,1.7934e-05,1,0.97,D-rand,0.97
9980,A,0,A,0.929999999999999,0.92,0.929999999999999,0.02,0.04,0.01,465,1.953e-05,1,0.929999999999999,D-rand,0.929999999999999
9981,A,0,B,0.38,0.18,0.24,0.38,0.2,0.18,481,2.0202e-05,0,0.24,D-rand,0.38
9982,B,1,A,0.49,0.33,0.49,0.04,0.32,0.15,437,1.8354e-05,0,0.04,D-rand,0.49
9985,A,0,A,0.72,0.63,0.72,0.12,0.05,0.11,475,1.9950000000000004e-05,1,0.72,D-rand,0.72
9986,C,2,C,0.8,0.73,0.03,0.07,0.8,0.1,472,1.9824e-05,1,0.8,D-rand,0.8
9984,D,3,A,0.81,0.75,0.81,0.02,0.0,0.17,460,1.932e-05,0,0.17,D-rand,0.81
9987,D,3,D,0.8,0.74,0.1,0.08,0.02,0.8,463,1.9446e-05,1,0.8,D-rand,0.8
9989,D,3,D,0.49,0.32,0.07,0.42,0.02,0.49,475,1.9950000000000004e-05,1,0.49,D-rand,0.49
9988,D,3,D,0.7000000000000001,0.61,0.13,0.15,0.02,0.7000000000000001,499,2.0958e-05,1,0.7000000000000001,D-rand,0.7000000000000001
9990,C,2,C,0.48,0.3,0.21,0.22,0.48,0.09,521,2.1882e-05,1,0.48,D-rand,0.48
9994,D,3,D,0.8200000000000001,0.75,0.11,0.02,0.05,0.8200000000000001,485,2.037e-05,1,0.8200000000000001,D-rand,0.8200000000000001
9991,A,0,B,0.31,0.09,0.28,0.31,0.24,0.17,442,1.8564e-05,0,0.28,D-rand,0.31
9995,A,0,A,0.74,0.66,0.74,0.04,0.19,0.03,434,1.8228e-05,1,0.74,D-rand,0.74
9993,B,1,B,0.81,0.73,0.04,0.81,0.11,0.04,512,2.1504e-05,1,0.81,D-rand,0.81
9997,A,0,A,0.93,0.91,0.93,0.0,0.0,0.07,491,2.0622e-05,1,0.93,D-rand,0.93
9996,B,1,B,0.8300000000000001,0.77,0.08,0.8300000000000001,0.08,0.01,459,1.9278e-05,1,0.8300000000000001,D-rand,0.8300000000000001
10001,C,2,C,0.73,0.65,0.12,0.04,0.73,0.11,541,2.2722e-05,1,0.73,D-rand,0.73
9998,B,1,B,0.93,0.91,0.03,0.93,0.02,0.02,408,1.7136e-05,1,0.93,D-rand,0.93
9999,A,0,B,0.55,0.39,0.17,0.55,0.14,0.14,473,1.9866000000000003e-05,0,0.17,D-rand,0.55
10003,B,1,B,0.95,0.92,0.04,0.95,0.0,0.01,440,1.848e-05,1,0.95,D-rand,0.95
10004,A,0,A,0.65,0.53,0.65,0.18,0.06,0.11,467,1.9614e-05,1,0.65,D-rand,0.65
10006,C,2,C,0.89,0.86,0.02,0.04,0.89,0.05,479,2.0118000000000003e-05,1,0.89,D-rand,0.89
10005,B,1,B,0.67,0.5700000000000001,0.12,0.67,0.15,0.06,485,2.037e-05,1,0.67,D-rand,0.67
10007,D,3,A,0.41,0.21,0.41,0.3,0.11,0.18,501,2.1042000000000003e-05,0,0.18,D-rand,0.41
10010,C,2,C,0.35,0.13,0.22,0.22,0.35,0.21,478,2.0076e-05,1,0.35,D-rand,0.35
10008,B,1,B,1.0,0.99,0.0,1.0,0.0,0.0,487,2.0454e-05,1,1.0,D-rand,1.0
10012,B,1,D,0.56,0.41,0.02,0.25,0.17,0.56,417,1.7514000000000002e-05,0,0.25,D-rand,0.56
9978,B,1,A,0.54,0.38,0.54,0.21,0.16,0.09,447,1.8774000000000004e-05,0,0.21,D-rand,0.54
10014,A,0,A,0.85,0.8,0.85,0.05,0.09,0.01,487,2.0454e-05,1,0.85,D-rand,0.85
10013,A,0,A,0.8,0.73,0.8,0.03,0.02,0.14,420,1.764e-05,1,0.8,D-rand,0.8
10015,A,0,A,1.0,0.99,1.0,0.0,0.0,0.0,463,1.9446e-05,1,1.0,D-rand,1.0
10016,C,2,C,0.93,0.9,0.03,0.03,0.93,0.01,465,1.953e-05,1,0.93,D-rand,0.93
10009,C,2,C,0.98,0.97,0.0,0.01,0.98,0.01,471,1.9782000000000005e-05,1,0.98,D-rand,0.98
10018,D,3,D,0.99,0.98,0.0,0.01,0.0,0.99,490,2.058e-05,1,0.99,D-rand,0.99
10017,A,0,A,1.0,1.0,1.0,0.0,0.0,0.0,417,1.7514000000000002e-05,1,1.0,D-rand,1.0
10019,D,3,D,0.61,0.49,0.03,0.3,0.06,0.61,506,2.1252000000000003e-05,1,0.61,D-rand,0.61
10021,C,2,C,0.89,0.85,0.02,0.01,0.89,0.08,454,1.9068e-05,1,0.89,D-rand,0.89
10020,B,1,B,0.94,0.93,0.03,0.94,0.01,0.02,477,2.0034e-05,1,0.94,D-rand,0.94
10023,D,3,B,0.55,0.4,0.27,0.55,0.13,0.05,501,2.1042000000000003e-05,0,0.05,D-rand,0.55
10022,C,2,C,0.81,0.75,0.06,0.05,0.81,0.08,511,2.1462e-05,1,0.81,D-rand,0.81
10026,A,0,A,0.76,0.68,0.76,0.15,0.06,0.03,463,1.9446e-05,1,0.76,D-rand,0.76
10025,A,0,B,0.65,0.54,0.25,0.65,0.08,0.02,464,1.9488000000000004e-05,0,0.25,D-rand,0.65
10024,C,2,C,0.64,0.51,0.02,0.32,0.64,0.02,432,1.8144e-05,1,0.64,D-rand,0.64
10032,D,3,D,0.46,0.28,0.24,0.14,0.16,0.46,491,2.0622e-05,1,0.46,D-rand,0.46
10027,B,1,B,0.41,0.21,0.16,0.41,0.07,0.36,418,1.7556000000000003e-05,1,0.41,D-rand,0.41
10033,C,2,C,0.53,0.38,0.14,0.04,0.53,0.28,518,2.1756000000000003e-05,1,0.53,D-rand,0.53
10034,C,2,C,0.87,0.84,0.03,0.03,0.87,0.07,474,1.9908000000000003e-05,1,0.87,D-rand,0.87
10038,C,2,A,0.54,0.39,0.54,0.02,0.37,0.07,469,1.9698e-05,0,0.37,D-rand,0.54
10039,A,0,C,0.6900000000000001,0.58,0.2,0.05,0.6900000000000001,0.06,508,2.1336e-05,0,0.2,D-rand,0.6900000000000001
10037,D,3,D,0.8200000000000001,0.76,0.08,0.07,0.03,0.8200000000000001,478,2.0076e-05,1,0.8200000000000001,D-rand,0.8200000000000001
10036,D,3,C,0.53,0.37,0.05,0.24,0.53,0.18,545,2.2890000000000003e-05,0,0.18,D-rand,0.53
10040,A,0,A,0.87,0.8200000000000001,0.87,0.03,0.06,0.04,478,2.0076e-05,1,0.87,D-rand,0.87
10041,A,0,A,0.62,0.49,0.62,0.01,0.22,0.15,458,1.9236e-05,1,0.62,D-rand,0.62
10043,A,0,A,0.99,0.98,0.99,0.0,0.01,0.0,433,1.8186e-05,1,0.99,D-rand,0.99
10046,B,1,B,0.33,0.1,0.21,0.33,0.29,0.17,446,1.8732000000000003e-05,1,0.33,D-rand,0.33
10044,B,1,B,0.71,0.62,0.18,0.71,0.03,0.08,481,2.0202e-05,1,0.71,D-rand,0.71
10045,D,3,D,0.97,0.96,0.02,0.01,0.0,0.97,457,1.9194000000000003e-05,1,0.97,D-rand,0.97
10048,D,3,D,0.86,0.81,0.01,0.06,0.07,0.86,435,1.827e-05,1,0.86,D-rand,0.86
10047,C,2,C,0.8,0.74,0.14,0.04,0.8,0.01,473,1.9866000000000003e-05,1,0.8,D-rand,0.8
10050,D,3,D,0.87,0.8300000000000001,0.0,0.01,0.12,0.87,491,2.0622e-05,1,0.87,D-rand,0.87
10049,C,2,C,0.63,0.5,0.08,0.29,0.63,0.0,511,2.1462e-05,1,0.63,D-rand,0.63
10051,A,0,A,0.95,0.94,0.95,0.01,0.04,0.0,462,1.9404e-05,1,0.95,D-rand,0.95
10052,C,2,B,0.34,0.12,0.12,0.34,0.3,0.24,448,1.8816000000000004e-05,0,0.3,D-rand,0.34
10053,B,1,B,0.49,0.31,0.47,0.49,0.01,0.03,465,1.953e-05,1,0.49,D-rand,0.49
10054,A,0,A,0.89,0.85,0.89,0.08,0.01,0.02,437,1.8354e-05,1,0.89,D-rand,0.89
10057,A,0,A,0.79,0.72,0.79,0.0,0.01,0.2,463,1.9446e-05,1,0.79,D-rand,0.79
10055,D,3,D,0.94,0.92,0.02,0.03,0.01,0.94,467,1.9614e-05,1,0.94,D-rand,0.94
10058,D,3,D,0.99,0.97,0.01,0.0,0.0,0.99,459,1.9278e-05,1,0.99,D-rand,0.99
10062,C,2,C,0.63,0.51,0.3,0.0,0.63,0.07,478,2.0076e-05,1,0.63,D-rand,0.63
10056,B,1,B,0.94,0.91,0.06,0.94,0.0,0.0,448,1.8816000000000004e-05,1,0.94,D-rand,0.94
10065,B,1,A,0.74,0.64,0.74,0.18,0.02,0.06,473,1.9866000000000003e-05,0,0.18,D-rand,0.74
10066,C,2,C,0.5700000000000001,0.42,0.36,0.06,0.5700000000000001,0.01,501,2.1042000000000003e-05,1,0.5700000000000001,D-rand,0.5700000000000001
10064,A,0,A,0.81,0.75,0.81,0.01,0.18,0.0,465,1.953e-05,1,0.81,D-rand,0.81
10068,C,2,C,0.8200000000000001,0.77,0.06,0.06,0.8200000000000001,0.06,442,1.8564e-05,1,0.8200000000000001,D-rand,0.8200000000000001
10067,C,2,C,0.77,0.6900000000000001,0.08,0.13,0.77,0.02,463,1.9446e-05,1,0.77,D-rand,0.77
10070,D,3,D,0.9,0.88,0.01,0.08,0.01,0.9,483,2.0286e-05,1,0.9,D-rand,0.9
10073,C,2,C,0.929999999999999,0.92,0.01,0.04,0.929999999999999,0.02,469,1.9698e-05,1,0.929999999999999,D-rand,0.929999999999999
10075,D,3,D,0.8200000000000001,0.76,0.06,0.03,0.09,0.8200000000000001,446,1.8732000000000003e-05,1,0.8200000000000001,D-rand,0.8200000000000001
10074,C,2,C,0.91,0.88,0.06,0.02,0.91,0.01,455,1.911e-05,1,0.91,D-rand,0.91
10071,B,1,A,0.47,0.29,0.47,0.19,0.04,0.3,469,1.9698e-05,0,0.19,D-rand,0.47
10069,B,1,B,0.9,0.87,0.02,0.9,0.06,0.02,488,2.0496e-05,1,0.9,D-rand,0.9
10077,C,2,A,0.71,0.6000000000000001,0.71,0.02,0.25,0.02,455,1.911e-05,0,0.25,D-rand,0.71
10076,D,3,C,0.54,0.39,0.29,0.05,0.54,0.12,464,1.9488000000000004e-05,0,0.12,D-rand,0.54
10078,C,2,C,0.42,0.23,0.1,0.11,0.42,0.37,452,1.8984000000000003e-05,1,0.42,D-rand,0.42
10080,A,0,A,1.0,0.99,1.0,0.0,0.0,0.0,462,1.9404e-05,1,1.0,D-rand,1.0
10079,D,3,D,0.92,0.88,0.02,0.06,0.0,0.92,471,1.9782000000000005e-05,1,0.92,D-rand,0.92
10084,B,1,B,0.5700000000000001,0.44,0.33,0.5700000000000001,0.07,0.03,426,1.7892000000000004e-05,1,0.5700000000000001,D-rand,0.5700000000000001
10082,C,2,A,0.84,0.8,0.84,0.01,0.14,0.01,457,1.9194000000000003e-05,0,0.14,D-rand,0.84
10081,B,1,B,1.0,1.0,0.0,1.0,0.0,0.0,468,1.9656000000000003e-05,1,1.0,D-rand,1.0
10087,C,2,C,0.809999999999999,0.76,0.01,0.05,0.809999999999999,0.13,461,1.9362e-05,1,0.809999999999999,D-rand,0.809999999999999
10090,D,3,D,0.89,0.85,0.03,0.02,0.06,0.89,475,1.9950000000000004e-05,1,0.89,D-rand,0.89
10089,B,1,A,0.5,0.33,0.5,0.33,0.04,0.13,418,1.7556000000000003e-05,0,0.33,D-rand,0.5
10088,D,3,D,0.47,0.29,0.33,0.07,0.13,0.47,473,1.9866000000000003e-05,1,0.47,D-rand,0.47
10092,D,3,D,0.93,0.91,0.05,0.01,0.01,0.93,469,1.9698e-05,1,0.93,D-rand,0.93
10093,C,2,B,0.45,0.27,0.23,0.45,0.23,0.09,438,1.8396e-05,0,0.23,D-rand,0.45
10097,C,2,A,0.77,0.7000000000000001,0.77,0.03,0.08,0.12,430,1.8060000000000003e-05,0,0.08,D-rand,0.77
10094,C,2,C,0.96,0.94,0.02,0.0,0.96,0.02,459,1.9278e-05,1,0.96,D-rand,0.96
10100,B,1,B,0.92,0.89,0.03,0.92,0.02,0.03,466,1.9572e-05,1,0.92,D-rand,0.92
10102,B,1,B,0.4,0.2,0.34,0.4,0.12,0.14,448,1.8816000000000004e-05,1,0.4,D-rand,0.4
10103,C,2,A,0.8,0.74,0.8,0.12,0.02,0.06,474,1.9908000000000003e-05,0,0.02,D-rand,0.8
10104,C,2,C,0.99,0.97,0.0,0.0,0.99,0.01,501,2.1042000000000003e-05,1,0.99,D-rand,0.99
10101,C,2,B,0.52,0.36,0.05,0.52,0.4,0.03,458,1.9236e-05,0,0.4,D-rand,0.52
10105,A,0,A,0.97,0.96,0.97,0.03,0.0,0.0,455,1.911e-05,1,0.97,D-rand,0.97
10106,C,2,C,0.96,0.93,0.04,0.0,0.96,0.0,450,1.89e-05,1,0.96,D-rand,0.96
10109,C,2,C,0.59,0.46,0.12,0.11,0.59,0.18,445,1.869e-05,1,0.59,D-rand,0.59
10110,A,0,C,0.559999999999999,0.42,0.22,0.02,0.559999999999999,0.2,468,1.9656000000000003e-05,0,0.22,D-rand,0.559999999999999
10108,A,0,A,0.88,0.8300000000000001,0.88,0.04,0.07,0.01,459,1.9278e-05,1,0.88,D-rand,0.88
10113,A,0,A,0.64,0.51,0.64,0.31,0.04,0.01,457,1.9194000000000003e-05,1,0.64,D-rand,0.64
10111,B,1,C,0.56,0.4,0.11,0.31,0.56,0.02,480,2.016e-05,0,0.31,D-rand,0.56
10114,C,2,C,0.99,0.98,0.0,0.01,0.99,0.0,460,1.932e-05,1,0.99,D-rand,0.99
10116,D,3,D,1.0,0.99,0.0,0.0,0.0,1.0,484,2.0328000000000003e-05,1,1.0,D-rand,1.0
10119,D,3,D,0.8300000000000001,0.77,0.12,0.03,0.02,0.8300000000000001,442,1.8564e-05,1,0.8300000000000001,D-rand,0.8300000000000001
10118,C,2,D,0.5,0.34,0.07,0.33,0.1,0.5,461,1.9362e-05,0,0.1,D-rand,0.5
10122,B,1,B,0.85,0.81,0.06,0.85,0.04,0.05,477,2.0034e-05,1,0.85,D-rand,0.85
10123,C,2,C,0.84,0.79,0.08,0.02,0.84,0.06,495,2.0790000000000003e-05,1,0.84,D-rand,0.84
10120,A,0,C,0.89,0.84,0.05,0.03,0.89,0.03,468,1.9656000000000003e-05,0,0.05,D-rand,0.89
10117,C,2,C,0.93,0.9,0.01,0.02,0.93,0.04,483,2.0286e-05,1,0.93,D-rand,0.93
10125,C,2,C,0.72,0.63,0.1,0.15,0.72,0.03,442,1.8564e-05,1,0.72,D-rand,0.72
10124,B,1,B,0.39,0.19,0.29,0.39,0.19,0.13,450,1.89e-05,1,0.39,D-rand,0.39
10127,A,0,A,0.45,0.27,0.45,0.42,0.1,0.03,434,1.8228e-05,1,0.45,D-rand,0.45
10131,C,2,C,0.96,0.94,0.01,0.03,0.96,0.0,463,1.9446e-05,1,0.96,D-rand,0.96
10126,D,3,D,0.54,0.39,0.26,0.13,0.07,0.54,451,1.8942000000000003e-05,1,0.54,D-rand,0.54
10133,A,0,A,0.5,0.34,0.5,0.24,0.23,0.03,480,2.016e-05,1,0.5,D-rand,0.5
10135,D,3,D,0.53,0.37,0.06,0.26,0.15,0.53,434,1.8228e-05,1,0.53,D-rand,0.53
10132,C,2,C,0.65,0.54,0.28,0.04,0.65,0.03,470,1.974e-05,1,0.65,D-rand,0.65
10137,D,3,C,0.63,0.51,0.16,0.05,0.63,0.16,438,1.8396e-05,0,0.16,D-rand,0.63
10139,C,2,C,0.74,0.65,0.07,0.1,0.74,0.09,502,2.1084000000000003e-05,1,0.74,D-rand,0.74
10142,C,2,C,0.61,0.48,0.07,0.31,0.61,0.01,507,2.1294e-05,1,0.61,D-rand,0.61
10146,B,1,A,0.71,0.62,0.71,0.05,0.1,0.14,499,2.0958e-05,0,0.05,D-rand,0.71
10144,D,3,A,0.6900000000000001,0.59,0.6900000000000001,0.07,0.11,0.13,461,1.9362e-05,0,0.13,D-rand,0.6900000000000001
10152,A,0,A,0.6000000000000001,0.47,0.6000000000000001,0.06,0.03,0.31,486,2.0412e-05,1,0.6000000000000001,D-rand,0.6000000000000001
10147,D,3,A,0.89,0.86,0.89,0.01,0.03,0.07,448,1.8816000000000004e-05,0,0.07,D-rand,0.89
10150,A,0,B,0.54,0.39,0.42,0.54,0.03,0.01,472,1.9824e-05,0,0.42,D-rand,0.54
10153,A,0,C,0.679999999999999,0.58,0.3,0.01,0.679999999999999,0.01,469,1.9698e-05,0,0.3,D-rand,0.679999999999999
10156,D,3,D,0.99,0.98,0.0,0.01,0.0,0.99,462,1.9404e-05,1,0.99,D-rand,0.99
10151,A,0,A,0.8,0.72,0.8,0.03,0.06,0.11,454,1.9068e-05,1,0.8,D-rand,0.8
10158,C,2,D,0.56,0.42,0.14,0.13,0.16,0.56,458,1.9236e-05,0,0.16,D-rand,0.56
10161,A,0,A,0.74,0.64,0.74,0.02,0.24,0.0,440,1.848e-05,1,0.74,D-rand,0.74
10162,C,2,C,0.55,0.4,0.35,0.08,0.55,0.02,462,1.9404e-05,1,0.55,D-rand,0.55
10163,B,1,B,1.0,0.99,0.0,1.0,0.0,0.0,453,1.9026000000000004e-05,1,1.0,D-rand,1.0
10164,A,0,A,0.929999999999999,0.91,0.929999999999999,0.05,0.02,0.0,496,2.0832000000000003e-05,1,0.929999999999999,D-rand,0.929999999999999
10168,A,0,C,0.64,0.53,0.25,0.06,0.64,0.05,464,1.9488000000000004e-05,0,0.25,D-rand,0.64
10165,D,3,C,0.43,0.23,0.23,0.08,0.43,0.26,461,1.9362e-05,0,0.26,D-rand,0.43
10166,C,2,B,0.45,0.27,0.3,0.45,0.2,0.05,464,1.9488000000000004e-05,0,0.2,D-rand,0.45
10169,D,3,B,0.49,0.32,0.09,0.49,0.04,0.38,454,1.9068e-05,0,0.38,D-rand,0.49
10171,C,2,C,0.96,0.94,0.0,0.02,0.96,0.02,464,1.9488000000000004e-05,1,0.96,D-rand,0.96
10170,D,3,D,0.8300000000000001,0.77,0.1,0.06,0.01,0.8300000000000001,505,2.121e-05,1,0.8300000000000001,D-rand,0.8300000000000001
10173,D,3,D,0.99,0.98,0.01,0.0,0.0,0.99,421,1.7682e-05,1,0.99,D-rand,0.99
10172,D,3,B,0.63,0.51,0.08,0.63,0.02,0.27,437,1.8354e-05,0,0.27,D-rand,0.63
10175,B,1,C,0.62,0.5,0.07,0.24,0.62,0.07,428,1.7976000000000002e-05,0,0.24,D-rand,0.62
10176,D,3,A,0.45,0.26,0.45,0.18,0.02,0.35,472,1.9824e-05,0,0.35,D-rand,0.45
10177,A,0,A,0.97,0.96,0.97,0.0,0.03,0.0,480,2.016e-05,1,0.97,D-rand,0.97
10179,C,2,C,0.809999999999999,0.76,0.12,0.05,0.809999999999999,0.02,455,1.911e-05,1,0.809999999999999,D-rand,0.809999999999999
10181,C,2,C,0.73,0.63,0.11,0.12,0.73,0.04,479,2.0118000000000003e-05,1,0.73,D-rand,0.73
10178,A,0,A,0.89,0.86,0.89,0.02,0.06,0.03,480,2.016e-05,1,0.89,D-rand,0.89
10183,A,0,B,0.49,0.33,0.07,0.49,0.06,0.38,485,2.037e-05,0,0.07,D-rand,0.49
10182,B,1,B,0.92,0.9,0.04,0.92,0.02,0.02,465,1.953e-05,1,0.92,D-rand,0.92
10185,B,1,B,0.76,0.68,0.2,0.76,0.02,0.02,419,1.7598000000000003e-05,1,0.76,D-rand,0.76
10186,D,3,B,0.41,0.22,0.27,0.41,0.14,0.18,410,1.722e-05,0,0.18,D-rand,0.41
10188,C,2,C,0.41,0.22,0.34,0.03,0.41,0.22,450,1.89e-05,1,0.41,D-rand,0.41
10189,B,1,A,0.59,0.45,0.59,0.19,0.06,0.16,437,1.8354e-05,0,0.19,D-rand,0.59
10191,A,0,A,0.96,0.94,0.96,0.0,0.02,0.02,426,1.7892000000000004e-05,1,0.96,D-rand,0.96
10190,C,2,C,0.76,0.67,0.04,0.03,0.76,0.17,445,1.869e-05,1,0.76,D-rand,0.76
10194,C,2,B,0.63,0.51,0.11,0.63,0.23,0.03,468,1.9656000000000003e-05,0,0.23,D-rand,0.63
10192,A,0,A,0.37,0.16,0.37,0.36,0.02,0.25,474,1.9908000000000003e-05,1,0.37,D-rand,0.37
10193,D,3,D,0.97,0.96,0.01,0.01,0.01,0.97,455,1.911e-05,1,0.97,D-rand,0.97
10195,A,0,D,0.73,0.64,0.2,0.01,0.06,0.73,478,2.0076e-05,0,0.2,D-rand,0.73
10196,B,1,B,0.84,0.79,0.02,0.84,0.13,0.01,465,1.953e-05,1,0.84,D-rand,0.84
10197,A,0,A,0.5,0.34,0.5,0.22,0.15,0.13,495,2.0790000000000003e-05,1,0.5,D-rand,0.5
10198,D,3,D,0.36,0.15,0.09,0.19,0.36,0.36,449,1.8858e-05,1,0.36,D-rand,0.36
10199,D,3,B,0.49,0.32,0.3,0.49,0.01,0.2,457,1.9194000000000003e-05,0,0.2,D-rand,0.49
10201,A,0,A,1.0,1.0,1.0,0.0,0.0,0.0,546,2.2932000000000003e-05,1,1.0,D-rand,1.0
10200,B,1,D,0.59,0.45,0.05,0.3,0.06,0.59,636,2.6712e-05,0,0.3,D-rand,0.59
10202,A,0,A,0.96,0.95,0.96,0.0,0.03,0.01,504,2.1168e-05,1,0.96,D-rand,0.96
10203,A,0,A,1.0,1.0,1.0,0.0,0.0,0.0,483,2.0286e-05,1,1.0,D-rand,1.0
10204,A,0,A,0.99,0.99,0.99,0.01,0.0,0.0,482,2.0244e-05,1,0.99,D-rand,0.99
10205,C,2,C,0.97,0.95,0.01,0.01,0.97,0.01,478,2.0076e-05,1,0.97,D-rand,0.97
10208,C,2,C,0.86,0.81,0.04,0.09,0.86,0.01,453,1.9026000000000004e-05,1,0.86,D-rand,0.86
10206,A,0,A,0.94,0.92,0.94,0.04,0.01,0.01,484,2.0328000000000003e-05,1,0.94,D-rand,0.94
10209,A,0,A,0.6000000000000001,0.46,0.6000000000000001,0.06,0.3,0.04,462,1.9404e-05,1,0.6000000000000001,D-rand,0.6000000000000001
10211,B,1,B,0.95,0.94,0.01,0.95,0.03,0.01,462,1.9404e-05,1,0.95,D-rand,0.95
10212,B,1,B,0.6000000000000001,0.46,0.05,0.6000000000000001,0.3,0.05,513,2.1546e-05,1,0.6000000000000001,D-rand,0.6000000000000001
10214,B,1,B,0.88,0.85,0.08,0.88,0.01,0.03,453,1.9026000000000004e-05,1,0.88,D-rand,0.88
10213,B,1,B,0.68,0.58,0.1,0.68,0.04,0.17,459,1.9278e-05,1,0.68,D-rand,0.68
10217,B,1,B,1.0,1.0,0.0,1.0,0.0,0.0,433,1.8186e-05,1,1.0,D-rand,1.0
10220,D,3,D,0.76,0.68,0.03,0.11,0.1,0.76,458,1.9236e-05,1,0.76,D-rand,0.76
10218,A,0,A,1.0,0.99,1.0,0.0,0.0,0.0,436,1.8312e-05,1,1.0,D-rand,1.0
10219,C,2,C,0.98,0.98,0.01,0.0,0.98,0.01,449,1.8858e-05,1,0.98,D-rand,0.98
10224,D,3,D,0.96,0.95,0.01,0.01,0.02,0.96,502,2.1084000000000003e-05,1,0.96,D-rand,0.96
10223,D,3,D,0.929999999999999,0.92,0.02,0.03,0.02,0.929999999999999,506,2.1252000000000003e-05,1,0.929999999999999,D-rand,0.929999999999999
10227,A,0,A,0.98,0.97,0.98,0.01,0.01,0.0,480,2.016e-05,1,0.98,D-rand,0.98
10229,B,1,B,1.0,1.0,0.0,1.0,0.0,0.0,455,1.911e-05,1,1.0,D-rand,1.0
10222,C,2,C,0.89,0.85,0.03,0.04,0.89,0.04,485,2.037e-05,1,0.89,D-rand,0.89
10228,B,1,B,0.99,0.99,0.01,0.99,0.0,0.0,432,1.8144e-05,1,0.99,D-rand,0.99
10226,D,3,D,0.85,0.8,0.02,0.0,0.13,0.85,495,2.0790000000000003e-05,1,0.85,D-rand,0.85
10233,C,2,B,0.3,0.07,0.27,0.3,0.21,0.22,494,2.0748000000000005e-05,0,0.21,D-rand,0.3
10230,A,0,A,0.45,0.27,0.45,0.44,0.04,0.07,445,1.869e-05,1,0.45,D-rand,0.45
10235,C,2,C,0.99,0.98,0.0,0.0,0.99,0.01,464,1.9488000000000004e-05,1,0.99,D-rand,0.99
10234,B,1,B,0.56,0.41,0.2,0.56,0.09,0.15,483,2.0286e-05,1,0.56,D-rand,0.56
10231,B,1,B,0.94,0.92,0.03,0.94,0.01,0.02,477,2.0034e-05,1,0.94,D-rand,0.94
10236,D,3,C,0.78,0.7000000000000001,0.05,0.01,0.78,0.16,475,1.9950000000000004e-05,0,0.16,D-rand,0.78
10238,A,0,A,0.5700000000000001,0.43,0.5700000000000001,0.12,0.26,0.05,446,1.8732000000000003e-05,1,0.5700000000000001,D-rand,0.5700000000000001
10237,D,3,D,1.0,1.0,0.0,0.0,0.0,1.0,494,2.0748000000000005e-05,1,1.0,D-rand,1.0
10240,A,0,A,1.0,1.0,1.0,0.0,0.0,0.0,494,2.0748000000000005e-05,1,1.0,D-rand,1.0
10242,A,0,A,1.0,0.99,1.0,0.0,0.0,0.0,422,1.7724000000000002e-05,1,1.0,D-rand,1.0
10239,B,1,B,1.0,0.99,0.0,1.0,0.0,0.0,451,1.8942000000000003e-05,1,1.0,D-rand,1.0
10246,C,2,C,0.81,0.75,0.03,0.14,0.81,0.02,477,2.0034e-05,1,0.81,D-rand,0.81
10243,C,2,C,0.79,0.72,0.19,0.01,0.79,0.01,480,2.016e-05,1,0.79,D-rand,0.79
10247,C,2,B,0.42,0.23,0.15,0.42,0.37,0.06,444,1.8648e-05,0,0.37,D-rand,0.42
10244,B,1,B,0.59,0.46,0.2,0.59,0.09,0.12,453,1.9026000000000004e-05,1,0.59,D-rand,0.59
10245,C,2,B,0.64,0.52,0.09,0.64,0.06,0.21,528,2.2176e-05,0,0.06,D-rand,0.64
10252,C,2,C,0.5700000000000001,0.43,0.23,0.05,0.5700000000000001,0.15,445,1.869e-05,1,0.5700000000000001,D-rand,0.5700000000000001
10250,A,0,A,0.89,0.85,0.89,0.04,0.02,0.05,454,1.9068e-05,1,0.89,D-rand,0.89
10251,A,0,A,0.65,0.54,0.65,0.24,0.06,0.05,445,1.869e-05,1,0.65,D-rand,0.65
10253,D,3,D,0.88,0.85,0.02,0.06,0.04,0.88,428,1.7976000000000002e-05,1,0.88,D-rand,0.88
10256,D,3,D,0.42,0.22,0.32,0.19,0.07,0.42,441,1.8522000000000003e-05,1,0.42,D-rand,0.42
10255,D,3,D,0.61,0.49,0.32,0.06,0.01,0.61,550,2.31e-05,1,0.61,D-rand,0.61
10248,B,1,A,0.47,0.29,0.47,0.44,0.03,0.06,456,1.9152e-05,0,0.44,D-rand,0.47
10254,C,2,D,0.58,0.44,0.07,0.06,0.29,0.58,449,1.8858e-05,0,0.29,D-rand,0.58
10257,D,3,D,0.93,0.91,0.02,0.02,0.02,0.93,442,1.8564e-05,1,0.93,D-rand,0.93
10259,A,0,A,0.5,0.34,0.5,0.02,0.23,0.25,488,2.0496e-05,1,0.5,D-rand,0.5
10260,D,3,B,0.8,0.74,0.03,0.8,0.04,0.13,559,2.3478e-05,0,0.13,D-rand,0.8
10258,C,2,C,0.81,0.75,0.07,0.03,0.81,0.09,463,1.9446e-05,1,0.81,D-rand,0.81
10261,C,2,C,0.88,0.84,0.08,0.01,0.88,0.03,498,2.0916000000000004e-05,1,0.88,D-rand,0.88
10263,C,2,C,0.93,0.9,0.01,0.05,0.93,0.01,484,2.0328000000000003e-05,1,0.93,D-rand,0.93
10262,C,2,A,0.49,0.32,0.49,0.18,0.3,0.03,450,1.89e-05,0,0.3,D-rand,0.49
10264,B,1,D,0.3,0.06,0.18,0.26,0.26,0.3,432,1.8144e-05,0,0.26,D-rand,0.3
10266,C,2,D,0.6000000000000001,0.46,0.09,0.16,0.15,0.6000000000000001,462,1.9404e-05,0,0.15,D-rand,0.6000000000000001
10267,B,1,D,0.53,0.37,0.33,0.05,0.09,0.53,512,2.1504e-05,0,0.05,D-rand,0.53
10268,D,3,D,0.61,0.48,0.19,0.08,0.12,0.61,436,1.8312e-05,1,0.61,D-rand,0.61
10265,C,2,C,0.73,0.64,0.04,0.21,0.73,0.02,460,1.932e-05,1,0.73,D-rand,0.73
10273,D,3,D,0.98,0.98,0.02,0.0,0.0,0.98,431,1.8102e-05,1,0.98,D-rand,0.98
10270,C,2,A,0.53,0.38,0.53,0.1,0.33,0.04,491,2.0622e-05,0,0.33,D-rand,0.53
10274,D,3,D,0.96,0.94,0.01,0.03,0.0,0.96,447,1.8774000000000004e-05,1,0.96,D-rand,0.96
10271,B,1,D,0.48,0.31,0.24,0.11,0.17,0.48,457,1.9194000000000003e-05,0,0.11,D-rand,0.48
10275,A,0,A,0.93,0.91,0.93,0.04,0.02,0.01,540,2.268e-05,1,0.93,D-rand,0.93
10279,B,1,C,0.399999999999999,0.21,0.21,0.19,0.399999999999999,0.2,444,1.8648e-05,0,0.19,D-rand,0.399999999999999
10276,D,3,D,0.35,0.13,0.33,0.1,0.22,0.35,430,1.8060000000000003e-05,1,0.35,D-rand,0.35
10277,B,1,B,0.98,0.98,0.01,0.98,0.0,0.01,479,2.0118000000000003e-05,1,0.98,D-rand,0.98
10280,C,2,C,0.75,0.66,0.17,0.03,0.75,0.05,462,1.9404e-05,1,0.75,D-rand,0.75
10282,A,0,A,0.97,0.97,0.97,0.0,0.01,0.02,521,2.1882e-05,1,0.97,D-rand,0.97
10284,B,1,B,1.0,0.99,0.0,1.0,0.0,0.0,504,2.1168e-05,1,1.0,D-rand,1.0
10285,B,1,B,0.58,0.43,0.04,0.58,0.34,0.04,453,1.9026000000000004e-05,1,0.58,D-rand,0.58
10283,C,2,C,0.56,0.41,0.05,0.27,0.56,0.12,445,1.869e-05,1,0.56,D-rand,0.56
10287,A,0,D,0.58,0.44,0.11,0.06,0.25,0.58,473,1.9866000000000003e-05,0,0.11,D-rand,0.58
10289,D,3,D,0.92,0.9,0.04,0.01,0.03,0.92,457,1.9194000000000003e-05,1,0.92,D-rand,0.92
10290,A,0,A,0.7000000000000001,0.61,0.7000000000000001,0.17,0.1,0.03,441,1.8522000000000003e-05,1,0.7000000000000001,D-rand,0.7000000000000001
10288,A,0,A,1.0,0.99,1.0,0.0,0.0,0.0,514,2.1588e-05,1,1.0,D-rand,1.0
10294,A,0,A,0.6900000000000001,0.59,0.6900000000000001,0.05,0.25,0.01,470,1.974e-05,1,0.6900000000000001,D-rand,0.6900000000000001
10292,B,1,B,0.97,0.95,0.02,0.97,0.0,0.01,448,1.8816000000000004e-05,1,0.97,D-rand,0.97
10295,D,3,D,0.9,0.86,0.08,0.01,0.01,0.9,482,2.0244e-05,1,0.9,D-rand,0.9
10296,C,2,B,0.55,0.41,0.29,0.55,0.08,0.08,439,1.8438e-05,0,0.08,D-rand,0.55
10297,B,1,B,0.9,0.86,0.04,0.9,0.01,0.05,512,2.1504e-05,1,0.9,D-rand,0.9
10298,A,0,A,0.89,0.84,0.89,0.11,0.0,0.0,457,1.9194000000000003e-05,1,0.89,D-rand,0.89
10299,D,3,D,0.87,0.84,0.1,0.01,0.02,0.87,526,2.2092e-05,1,0.87,D-rand,0.87
10300,D,3,A,0.63,0.51,0.63,0.14,0.11,0.12,433,1.8186e-05,0,0.12,D-rand,0.63
10301,B,1,D,0.45,0.27,0.35,0.06,0.14,0.45,454,1.9068e-05,0,0.06,D-rand,0.45
10303,B,1,B,0.76,0.67,0.13,0.76,0.05,0.06,541,2.2722e-05,1,0.76,D-rand,0.76
10306,A,0,A,0.929999999999999,0.92,0.929999999999999,0.01,0.01,0.05,494,2.0748000000000005e-05,1,0.929999999999999,D-rand,0.929999999999999
10302,C,2,C,0.559999999999999,0.43,0.34,0.03,0.559999999999999,0.07,439,1.8438e-05,1,0.559999999999999,D-rand,0.559999999999999
10307,A,0,A,0.98,0.97,0.98,0.0,0.01,0.01,469,1.9698e-05,1,0.98,D-rand,0.98
10308,A,0,A,0.97,0.96,0.97,0.03,0.0,0.0,440,1.848e-05,1,0.97,D-rand,0.97
10310,D,3,D,0.94,0.92,0.02,0.03,0.01,0.94,450,1.89e-05,1,0.94,D-rand,0.94
10309,C,2,C,0.99,0.98,0.0,0.01,0.99,0.0,480,2.016e-05,1,0.99,D-rand,0.99
10311,C,2,C,0.8200000000000001,0.77,0.02,0.03,0.8200000000000001,0.13,429,1.8018000000000003e-05,1,0.8200000000000001,D-rand,0.8200000000000001
10312,B,1,B,0.9,0.87,0.04,0.9,0.04,0.02,438,1.8396e-05,1,0.9,D-rand,0.9
10313,A,0,B,0.78,0.7000000000000001,0.08,0.78,0.11,0.03,453,1.9026000000000004e-05,0,0.08,D-rand,0.78
10314,D,3,D,0.45,0.27,0.34,0.18,0.03,0.45,646,2.7132000000000004e-05,1,0.45,D-rand,0.45
10315,D,3,A,0.78,0.7000000000000001,0.78,0.04,0.01,0.17,445,1.869e-05,0,0.17,D-rand,0.78
10316,D,3,D,0.96,0.95,0.02,0.01,0.01,0.96,486,2.0412e-05,1,0.96,D-rand,0.96
10319,C,2,C,1.0,1.0,0.0,0.0,1.0,0.0,454,1.9068e-05,1,1.0,D-rand,1.0
10318,D,3,D,0.99,0.99,0.01,0.0,0.0,0.99,494,2.0748000000000005e-05,1,0.99,D-rand,0.99
10320,D,3,D,0.76,0.6900000000000001,0.07,0.02,0.15,0.76,485,2.037e-05,1,0.76,D-rand,0.76
10317,C,2,A,0.42,0.22,0.42,0.17,0.27,0.14,450,1.89e-05,0,0.27,D-rand,0.42
10321,D,3,A,0.37,0.17,0.37,0.34,0.22,0.07,456,1.9152e-05,0,0.07,D-rand,0.37
10322,C,2,C,1.0,0.99,0.0,0.0,1.0,0.0,427,1.7934e-05,1,1.0,D-rand,1.0
10324,A,0,A,0.88,0.85,0.88,0.02,0.09,0.01,437,1.8354e-05,1,0.88,D-rand,0.88
10323,C,2,A,0.66,0.54,0.66,0.07,0.26,0.01,542,2.2764000000000004e-05,0,0.26,D-rand,0.66
10327,A,0,A,0.68,0.56,0.68,0.03,0.26,0.03,471,1.9782000000000005e-05,1,0.68,D-rand,0.68
10326,A,0,A,0.85,0.81,0.85,0.04,0.09,0.02,424,1.7808000000000003e-05,1,0.85,D-rand,0.85
10325,A,0,A,0.98,0.97,0.98,0.02,0.0,0.0,453,1.9026000000000004e-05,1,0.98,D-rand,0.98
10329,B,1,B,0.89,0.85,0.03,0.89,0.07,0.01,468,1.9656000000000003e-05,1,0.89,D-rand,0.89
10331,B,1,B,0.68,0.5700000000000001,0.13,0.68,0.1,0.09,476,1.9992e-05,1,0.68,D-rand,0.68
10330,C,2,C,0.95,0.94,0.02,0.01,0.95,0.02,422,1.7724000000000002e-05,1,0.95,D-rand,0.95
10333,D,3,D,0.89,0.86,0.01,0.05,0.05,0.89,439,1.8438e-05,1,0.89,D-rand,0.89
10335,D,3,D,0.74,0.65,0.07,0.18,0.01,0.74,460,1.932e-05,1,0.74,D-rand,0.74
10334,C,2,C,1.0,1.0,0.0,0.0,1.0,0.0,443,1.8606e-05,1,1.0,D-rand,1.0
10338,A,0,A,0.89,0.84,0.89,0.03,0.07,0.01,484,2.0328000000000003e-05,1,0.89,D-rand,0.89
10336,A,0,A,0.67,0.5700000000000001,0.67,0.02,0.29,0.02,470,1.974e-05,1,0.67,D-rand,0.67
10337,B,1,B,1.0,0.99,0.0,1.0,0.0,0.0,516,2.1672000000000005e-05,1,1.0,D-rand,1.0
10339,D,3,D,0.37,0.16,0.26,0.33,0.04,0.37,484,2.0328000000000003e-05,1,0.37,D-rand,0.37
10341,B,1,B,0.72,0.62,0.13,0.72,0.01,0.14,425,1.7850000000000004e-05,1,0.72,D-rand,0.72
10340,C,2,C,0.85,0.8,0.03,0.04,0.85,0.08,456,1.9152e-05,1,0.85,D-rand,0.85
10342,C,2,C,0.92,0.9,0.04,0.01,0.92,0.03,502,2.1084000000000003e-05,1,0.92,D-rand,0.92
10343,C,2,C,0.95,0.93,0.0,0.04,0.95,0.01,465,1.953e-05,1,0.95,D-rand,0.95
10344,D,3,D,1.0,1.0,0.0,0.0,0.0,1.0,459,1.9278e-05,1,1.0,D-rand,1.0
10346,C,2,C,0.97,0.96,0.02,0.0,0.97,0.01,463,1.9446e-05,1,0.97,D-rand,0.97
10345,A,0,B,0.88,0.8300000000000001,0.07,0.88,0.02,0.03,487,2.0454e-05,0,0.07,D-rand,0.88
10348,D,3,D,0.75,0.67,0.02,0.06,0.17,0.75,567,2.3814000000000003e-05,1,0.75,D-rand,0.75
10349,A,0,D,0.58,0.44,0.11,0.3,0.01,0.58,472,1.9824e-05,0,0.11,D-rand,0.58
10347,A,0,A,0.47,0.3,0.47,0.13,0.07,0.33,466,1.9572e-05,1,0.47,D-rand,0.47
10351,B,1,B,0.95,0.93,0.02,0.95,0.01,0.02,516,2.1672000000000005e-05,1,0.95,D-rand,0.95
10352,A,0,A,0.7000000000000001,0.6000000000000001,0.7000000000000001,0.06,0.01,0.23,458,1.9236e-05,1,0.7000000000000001,D-rand,0.7000000000000001
10353,A,0,A,0.76,0.6900000000000001,0.76,0.1,0.03,0.11,548,2.3016e-05,1,0.76,D-rand,0.76
10355,D,3,D,1.0,0.99,0.0,0.0,0.0,1.0,443,1.8606e-05,1,1.0,D-rand,1.0
10354,A,0,A,0.74,0.66,0.74,0.01,0.01,0.24,448,1.8816000000000004e-05,1,0.74,D-rand,0.74
10356,A,0,D,0.6000000000000001,0.46,0.07,0.31,0.02,0.6000000000000001,457,1.9194000000000003e-05,0,0.07,D-rand,0.6000000000000001
10357,D,3,D,0.87,0.8200000000000001,0.09,0.02,0.02,0.87,519,2.1798000000000004e-05,1,0.87,D-rand,0.87
10360,D,3,A,0.63,0.5,0.63,0.14,0.16,0.07,458,1.9236e-05,0,0.07,D-rand,0.63
10358,B,1,D,0.64,0.52,0.14,0.2,0.02,0.64,522,2.1924e-05,0,0.2,D-rand,0.64
10359,B,1,B,0.43,0.24,0.16,0.43,0.35,0.06,497,2.0874000000000004e-05,1,0.43,D-rand,0.43
10361,C,2,C,0.9,0.86,0.06,0.01,0.9,0.03,464,1.9488000000000004e-05,1,0.9,D-rand,0.9
