id,arm,language,family,gold_key,lit_key,gold_pos,pred,correct,chose_literal,p_gold,p_literal,max_prob,conf_head,p_A,p_B,p_C,p_D
1,lod-lille-0.6b,bn,D-lit,B,A,1,A,0,1,0.145307213068008,0.623043835163116,0.623043835163116,0.307951122522354,0.623043835163116,0.145307213068008,0.12016573548316901,0.11148323118686601
6,lod-lille-0.6b,bn,D-lit,C,A,2,A,0,1,0.023235898464918,0.939032971858978,0.939032971858978,0.791292190551757,0.939032971858978,0.024305729195475002,0.023235898464918,0.013425350189208
13,lod-lille-0.6b,bn,D-lit,A,B,0,B,0,1,0.07857034355401901,0.739823341369628,0.739823341369628,0.523337006568908,0.07857034355401901,0.739823341369628,0.107717923820018,0.07388840615749301
14,lod-lille-0.6b,bn,D-lit,D,C,3,C,0,1,0.114084623754024,0.7664027214050291,0.7664027214050291,0.535521686077117,0.049407344311475004,0.07010529935359901,0.7664027214050291,0.114084623754024
17,lod-lille-0.6b,bn,D-lit,B,A,1,A,0,1,0.06824367493391001,0.853387653827667,0.853387653827667,0.575225830078125,0.853387653827667,0.06824367493391001,0.041164096444845005,0.037204556167125
21,lod-lille-0.6b,bn,D-lit,A,B,0,B,0,1,0.151000097393989,0.57181042432785,0.57181042432785,0.38032707571983304,0.151000097393989,0.57181042432785,0.128371968865394,0.148817464709281
28,lod-lille-0.6b,bn,D-lit,B,D,1,D,0,1,0.033812206238508,0.867938458919525,0.867938458919525,0.723912000656127,0.06441555917263,0.033812206238508,0.033833753317594,0.867938458919525
50,lod-lille-0.6b,bn,D-lit,A,C,0,C,0,1,0.019829513505101003,0.9361716508865351,0.9361716508865351,0.8254644870758051,0.019829513505101003,0.011713031679391,0.9361716508865351,0.032285839319229
52,lod-lille-0.6b,bn,D-lit,D,B,3,B,0,1,0.018904488533735,0.9370059967041011,0.9370059967041011,0.8035917878150941,0.028831437230110002,0.9370059967041011,0.015258066356182001,0.018904488533735
53,lod-lille-0.6b,bn,D-lit,B,A,1,A,0,1,0.035047635436058,0.8659152984619141,0.8659152984619141,0.6111785769462581,0.8659152984619141,0.035047635436058,0.037835240364074006,0.061201851814985005
55,lod-lille-0.6b,bn,D-lit,A,C,0,C,0,1,0.021592412143945,0.9756727814674371,0.9756727814674371,0.8507109284400941,0.021592412143945,0.00155544548761,0.9756727814674371,0.0011793796438720001
56,lod-lille-0.6b,bn,D-lit,A,B,0,B,0,1,0.141164556145668,0.8215450644493101,0.8215450644493101,0.6847013831138611,0.141164556145668,0.8215450644493101,0.01731058768928,0.019979810342192
57,lod-lille-0.6b,bn,D-lit,A,D,0,D,0,1,0.013043716549873002,0.953967452049255,0.953967452049255,0.731630384922027,0.013043716549873002,0.025304555892944003,0.007684227079153,0.953967452049255
58,lod-lille-0.6b,bn,D-lit,C,B,2,B,0,1,0.008685132488608001,0.9701328873634331,0.9701328873634331,0.863344550132751,0.015411644242703,0.9701328873634331,0.008685132488608001,0.005770296324044
61,lod-lille-0.6b,bn,D-lit,B,A,1,A,0,1,0.07694248855113901,0.918068051338195,0.918068051338195,0.8219060301780701,0.918068051338195,0.07694248855113901,0.003709099953994,0.001280379947274
62,lod-lille-0.6b,bn,D-lit,A,D,0,D,0,1,0.141417637467384,0.570242047309875,0.570242047309875,0.484378635883331,0.141417637467384,0.155470952391624,0.13286946713924402,0.570242047309875
63,lod-lille-0.6b,bn,D-lit,A,B,0,B,0,1,0.008593894541263001,0.9816647768020631,0.9816647768020631,0.875076651573181,0.008593894541263001,0.9816647768020631,0.004830566234886,0.004910788498818
64,lod-lille-0.6b,bn,D-lit,B,C,1,C,0,1,0.002396500669419,0.9915340542793271,0.9915340542793271,0.880383908748626,0.005189784336835,0.002396500669419,0.9915340542793271,0.000879692437592
65,lod-lille-0.6b,bn,D-lit,A,C,0,C,0,1,0.070775315165519,0.8413398265838621,0.8413398265838621,0.7248152494430541,0.070775315165519,0.067887693643569,0.8413398265838621,0.019997149705886
66,lod-lille-0.6b,bn,D-lit,A,D,0,D,0,1,0.007957803085446,0.9741214513778681,0.9741214513778681,0.82994657754898,0.007957803085446,0.0062575181946150004,0.011663222685456,0.9741214513778681
70,lod-lille-0.6b,bn,D-lit,D,B,3,B,0,1,0.10675916820764501,0.773140370845794,0.773140370845794,0.5797018408775331,0.067928537726402,0.773140370845794,0.052171863615512,0.10675916820764501
80,lod-lille-0.6b,bn,D-lit,B,C,1,A,0,0,0.249232739210128,0.294809371232986,0.36825209856033303,0.28925710916519104,0.36825209856033303,0.249232739210128,0.294809371232986,0.08770582824945401
81,lod-lille-0.6b,bn,D-lit,A,D,0,D,0,1,0.022781141102313003,0.844600558280944,0.844600558280944,0.632490515708923,0.022781141102313003,0.08617278933525001,0.046445522457361006,0.844600558280944
85,lod-lille-0.6b,bn,D-lit,B,A,1,A,0,1,0.012549620121717,0.958792388439178,0.958792388439178,0.802037477493286,0.958792388439178,0.012549620121717,0.01599058881402,0.012667422182857001
94,lod-lille-0.6b,bn,D-lit,B,C,1,C,0,1,0.018742738291621,0.9116418957710261,0.9116418957710261,0.792516350746154,0.033300898969173,0.018742738291621,0.9116418957710261,0.036314424127340005
95,lod-lille-0.6b,bn,D-lit,A,D,0,D,0,1,0.08296947181224801,0.8755918145179741,0.8755918145179741,0.6781294941902161,0.08296947181224801,0.017257953062653,0.024180764332413,0.8755918145179741
103,lod-lille-0.6b,bn,D-lit,A,D,0,D,0,1,0.018528549000620002,0.8938438296318051,0.8938438296318051,0.770951449871063,0.018528549000620002,0.017019145190715002,0.070608593523502,0.8938438296318051
109,lod-lille-0.6b,bn,D-lit,B,A,1,A,0,1,0.14261652529239602,0.675319671630859,0.675319671630859,0.37575510144233704,0.675319671630859,0.14261652529239602,0.038484059274196,0.14357975125312802
114,lod-lille-0.6b,bn,D-lit,A,C,0,C,0,1,0.393174141645431,0.47091823816299405,0.47091823816299405,0.343955099582672,0.393174141645431,0.077445268630981,0.47091823816299405,0.05846230685710901
118,lod-lille-0.6b,bn,D-lit,B,C,1,C,0,1,0.045436672866344,0.795051395893096,0.795051395893096,0.589556992053985,0.06836780160665501,0.045436672866344,0.795051395893096,0.091144159436225
119,lod-lille-0.6b,bn,D-lit,B,D,1,D,0,1,0.0319305062294,0.8614835143089291,0.8614835143089291,0.6427541971206661,0.049532230943441,0.0319305062294,0.057053729891777004,0.8614835143089291
123,lod-lille-0.6b,bn,D-lit,C,A,2,A,0,1,0.028788417577743003,0.926936984062194,0.926936984062194,0.816819071769714,0.926936984062194,0.023524349555373,0.028788417577743003,0.020750237628817003
126,lod-lille-0.6b,bn,D-lit,B,D,1,D,0,1,0.311351209878921,0.574923396110534,0.574923396110534,0.37266430258750904,0.06318231672048501,0.311351209878921,0.050543043762445006,0.574923396110534
137,lod-lille-0.6b,bn,D-lit,A,D,0,D,0,1,0.019846135750412,0.935035169124603,0.935035169124603,0.7819031476974481,0.019846135750412,0.025926468893885002,0.019192203879356003,0.935035169124603
145,lod-lille-0.6b,bn,D-lit,A,B,0,B,0,1,0.23731748759746502,0.604439616203308,0.604439616203308,0.43824219703674305,0.23731748759746502,0.604439616203308,0.059489641338586,0.09875325113534901
150,lod-lille-0.6b,bn,D-lit,D,C,3,C,0,1,0.276507049798965,0.652617931365966,0.652617931365966,0.443220138549804,0.029878271743655004,0.040996726602315,0.652617931365966,0.276507049798965
153,lod-lille-0.6b,bn,D-lit,D,C,3,C,0,1,0.07885958254337301,0.6668990254402161,0.6668990254402161,0.491693407297134,0.13159105181694,0.122650347650051,0.6668990254402161,0.07885958254337301
156,lod-lille-0.6b,bn,D-lit,C,B,2,C,1,0,0.42519924044609003,0.194269299507141,0.42519924044609003,0.251369029283523,0.16119807958602902,0.194269299507141,0.42519924044609003,0.21933336555957703
159,lod-lille-0.6b,bn,D-lit,C,D,2,D,0,1,0.056617815047502004,0.817656278610229,0.817656278610229,0.5554848313331601,0.086269713938236,0.039456203579902004,0.056617815047502004,0.817656278610229
163,lod-lille-0.6b,bn,D-lit,A,C,0,C,0,1,0.008302859961986,0.978406190872192,0.978406190872192,0.852504611015319,0.008302859961986,0.007509426213800001,0.978406190872192,0.005781499203294
164,lod-lille-0.6b,bn,D-lit,B,C,1,C,0,1,0.014695488847792001,0.9039957523345941,0.9039957523345941,0.760566532611846,0.05495229363441401,0.014695488847792001,0.9039957523345941,0.026356343179941
165,lod-lille-0.6b,bn,D-lit,B,C,1,C,0,1,0.08494169265031801,0.710618257522583,0.710618257522583,0.5140838027000421,0.12012704461812901,0.08494169265031801,0.710618257522583,0.084313005208969
169,lod-lille-0.6b,bn,D-lit,D,A,3,A,0,1,0.041414588689804,0.9172260165214531,0.9172260165214531,0.8017670512199401,0.9172260165214531,0.019089022651314,0.022270297631621003,0.041414588689804
175,lod-lille-0.6b,bn,D-lit,A,C,0,C,0,1,0.259465843439102,0.477452546358108,0.477452546358108,0.258016467094421,0.259465843439102,0.141353920102119,0.477452546358108,0.12172766774892801
176,lod-lille-0.6b,bn,D-lit,C,B,2,B,0,1,0.036081347614526006,0.9040834307670591,0.9040834307670591,0.74741131067276,0.036127489060163005,0.9040834307670591,0.036081347614526006,0.023707784712314002
177,lod-lille-0.6b,bn,D-lit,D,A,3,A,0,1,0.05389924719929601,0.8877046108245851,0.8877046108245851,0.6620405316352841,0.8877046108245851,0.026847662404179,0.0315484367311,0.05389924719929601
178,lod-lille-0.6b,bn,D-lit,C,A,2,A,0,1,0.139805749058723,0.6560506224632261,0.6560506224632261,0.38269615173339805,0.6560506224632261,0.123623795807361,0.139805749058723,0.080519810318946
179,lod-lille-0.6b,bn,D-lit,A,D,0,D,0,1,0.259616941213607,0.6781432032585141,0.6781432032585141,0.5419040918350221,0.259616941213607,0.043598521500825,0.018641406670212,0.6781432032585141
180,lod-lille-0.6b,bn,D-lit,D,A,3,A,0,1,0.012721273116767,0.915334820747375,0.915334820747375,0.7913743853569031,0.915334820747375,0.057029061019420006,0.014914754778146001,0.012721273116767
181,lod-lille-0.6b,bn,D-lit,C,B,2,B,0,1,0.11137150973081501,0.7955248355865471,0.7955248355865471,0.5794495344161981,0.062595427036285,0.7955248355865471,0.11137150973081501,0.030508229508996003
183,lod-lille-0.6b,bn,D-lit,A,B,0,A,1,0,0.41714951395988403,0.41176539659500105,0.41714951395988403,0.20724514126777602,0.41714951395988403,0.41176539659500105,0.062625728547573,0.10845930129289601
189,lod-lille-0.6b,bn,D-lit,B,C,1,C,0,1,0.018119648098945,0.937543451786041,0.937543451786041,0.772002577781677,0.025918802246451003,0.018119648098945,0.937543451786041,0.018418107181787
191,lod-lille-0.6b,bn,D-lit,D,B,3,B,0,1,0.21552145481109602,0.732845962047576,0.732845962047576,0.46403634548187206,0.036765985190868,0.732845962047576,0.014866577461361,0.21552145481109602
196,lod-lille-0.6b,bn,D-lit,A,B,0,B,0,1,0.06799121201038301,0.695375204086303,0.695375204086303,0.581147968769073,0.06799121201038301,0.695375204086303,0.114103719592094,0.12252982705831501
197,lod-lille-0.6b,bn,D-lit,C,A,2,A,0,1,0.028394626453518004,0.87981230020523,0.87981230020523,0.663473010063171,0.87981230020523,0.053585093468427006,0.028394626453518004,0.038207951933145
203,lod-lille-0.6b,bn,D-lit,B,C,1,C,0,1,0.031989563256502006,0.8911887407302851,0.8911887407302851,0.741432726383209,0.052014660090208005,0.031989563256502006,0.8911887407302851,0.024807069450616
204,lod-lille-0.6b,bn,D-lit,A,C,0,C,0,1,0.048706676810979004,0.8908703327178951,0.8908703327178951,0.7321000695228571,0.048706676810979004,0.030788235366344,0.8908703327178951,0.029634704813361
205,lod-lille-0.6b,bn,D-lit,C,D,2,D,0,1,0.013421431183815,0.9429548978805541,0.9429548978805541,0.809555768966674,0.026071889325976,0.017551742494106,0.013421431183815,0.9429548978805541
212,lod-lille-0.6b,bn,D-lit,A,C,0,C,0,1,0.058594636619091006,0.7002694606781,0.7002694606781,0.513419389724731,0.058594636619091006,0.18831804394721902,0.7002694606781,0.052817821502685006
220,lod-lille-0.6b,bn,D-lit,A,C,0,A,1,0,0.45195177197456304,0.35247123241424505,0.45195177197456304,0.220737546682357,0.45195177197456304,0.054447021335363006,0.35247123241424505,0.14113001525402002
221,lod-lille-0.6b,bn,D-lit,A,B,0,B,0,1,0.046718489378690005,0.866299092769622,0.866299092769622,0.7146719694137571,0.046718489378690005,0.866299092769622,0.046577110886573,0.040405370295047004
222,lod-lille-0.6b,bn,D-lit,D,A,3,A,0,1,0.087815344333648,0.8785980343818661,0.8785980343818661,0.754967868328094,0.8785980343818661,0.014000598341226002,0.019586026668548,0.087815344333648
233,lod-lille-0.6b,bn,D-lit,B,A,1,A,0,1,0.036250367760658,0.9595540761947631,0.9595540761947631,0.804212510585784,0.9595540761947631,0.036250367760658,0.0025999043136830003,0.001595570123754
239,lod-lille-0.6b,bn,D-lit,D,C,3,C,0,1,0.024651015177369003,0.9168296456336971,0.9168296456336971,0.69470989704132,0.024973522871732,0.033545847982168,0.9168296456336971,0.024651015177369003
245,lod-lille-0.6b,bn,D-lit,A,D,0,B,0,0,0.267306268215179,0.10399463772773701,0.390993803739547,0.19394150376319802,0.267306268215179,0.390993803739547,0.237705335021018,0.10399463772773701
246,lod-lille-0.6b,bn,D-lit,A,B,0,B,0,1,0.10101641714572901,0.853465020656585,0.853465020656585,0.704133510589599,0.10101641714572901,0.853465020656585,0.018412692472338,0.027105791494250003
247,lod-lille-0.6b,bn,D-lit,A,B,0,B,0,1,0.047935966402292,0.902550637722015,0.902550637722015,0.7835456728935241,0.047935966402292,0.902550637722015,0.016461327672004002,0.033052075654268
249,lod-lille-0.6b,bn,D-lit,D,A,3,A,0,1,0.21089805662631902,0.58049988746643,0.58049988746643,0.374020338058471,0.58049988746643,0.055892810225486006,0.152709290385246,0.21089805662631902
250,lod-lille-0.6b,bn,D-lit,D,C,3,C,0,1,0.002406257204711,0.983577966690063,0.983577966690063,0.852440953254699,0.0060681048780670006,0.007947603240609,0.983577966690063,0.002406257204711
251,lod-lille-0.6b,bn,D-lit,A,B,0,B,0,1,0.143868789076805,0.7880557775497431,0.7880557775497431,0.695336282253265,0.143868789076805,0.7880557775497431,0.033006224781274004,0.035069219768047
253,lod-lille-0.6b,bn,D-lit,D,A,3,A,0,1,0.22397257387638,0.567435145378112,0.567435145378112,0.46061864495277405,0.567435145378112,0.12088476121425601,0.08770751953125,0.22397257387638
256,lod-lille-0.6b,bn,D-lit,D,C,3,C,0,1,0.21863417327404003,0.444864273071289,0.444864273071289,0.33782738447189303,0.257609337568283,0.07889217138290401,0.444864273071289,0.21863417327404003
259,lod-lille-0.6b,bn,D-lit,D,B,3,B,0,1,0.313037812709808,0.477214068174362,0.477214068174362,0.26714152097702004,0.10933180898427901,0.477214068174362,0.100416265428066,0.313037812709808
262,lod-lille-0.6b,bn,D-lit,C,D,2,D,0,1,0.027041146531701,0.928002774715423,0.928002774715423,0.763502240180969,0.028497749939560002,0.016458321362733,0.027041146531701,0.928002774715423
263,lod-lille-0.6b,bn,D-lit,D,C,3,C,0,1,0.230123147368431,0.693229019641876,0.693229019641876,0.49038401246070806,0.039472848176956,0.037174966186285005,0.693229019641876,0.230123147368431
270,lod-lille-0.6b,bn,D-lit,D,B,3,B,0,1,0.015513658523559001,0.9774027466773981,0.9774027466773981,0.8445497155189511,0.004459725692868,0.9774027466773981,0.0026238309219470003,0.015513658523559001
272,lod-lille-0.6b,bn,D-lit,C,D,2,D,0,1,0.107800796627998,0.741875529289245,0.741875529289245,0.58524352312088,0.05420183017849901,0.09612177312374101,0.107800796627998,0.741875529289245
279,lod-lille-0.6b,bn,D-lit,B,C,1,C,0,1,0.019727535545825,0.938204050064086,0.938204050064086,0.7367029190063471,0.018195485696196,0.019727535545825,0.938204050064086,0.023872999474406003
284,lod-lille-0.6b,bn,D-lit,B,C,1,C,0,1,0.181181281805038,0.50330638885498,0.50330638885498,0.351922988891601,0.126414805650711,0.181181281805038,0.50330638885498,0.18909749388694702
285,lod-lille-0.6b,bn,D-lit,D,A,3,A,0,1,0.043414179235696,0.9015806317329401,0.9015806317329401,0.7585678100585931,0.9015806317329401,0.034883558750152005,0.020121740177273,0.043414179235696
289,lod-lille-0.6b,bn,D-lit,D,C,3,C,0,1,0.06910548359155601,0.811120152473449,0.811120152473449,0.570994555950164,0.091205857694149,0.028568552806973003,0.811120152473449,0.06910548359155601
291,lod-lille-0.6b,bn,D-lit,D,B,3,B,0,1,0.041524413973093005,0.8394750356674191,0.8394750356674191,0.6306302547454831,0.026721455156803003,0.8394750356674191,0.092279091477394,0.041524413973093005
296,lod-lille-0.6b,bn,D-lit,B,D,1,D,0,1,0.08198758214712101,0.7724894285202021,0.7724894285202021,0.5525744557380671,0.052235137671232,0.08198758214712101,0.09328775107860501,0.7724894285202021
300,lod-lille-0.6b,bn,D-lit,A,D,0,D,0,1,0.102882616221904,0.617989122867584,0.617989122867584,0.39627546072006203,0.102882616221904,0.228974446654319,0.050153806805610004,0.617989122867584
302,lod-lille-0.6b,bn,D-lit,A,B,0,B,0,1,0.018811961635947002,0.977535784244537,0.977535784244537,0.841457426548004,0.018811961635947002,0.977535784244537,0.001045023207552,0.002607249189168
304,lod-lille-0.6b,bn,D-lit,A,C,0,C,0,1,0.041937243193387,0.8626742362976071,0.8626742362976071,0.730950593948364,0.041937243193387,0.076039016246795,0.8626742362976071,0.019349489361047002
308,lod-lille-0.6b,bn,D-lit,A,D,0,A,1,0,0.316218644380569,0.15711218118667603,0.316218644380569,0.17133273184299402,0.316218644380569,0.289483666419982,0.23718553781509402,0.15711218118667603
314,lod-lille-0.6b,bn,D-lit,B,A,1,A,0,1,0.019724410027265,0.9064190983772271,0.9064190983772271,0.74918395280838,0.9064190983772271,0.019724410027265,0.025071131065487,0.048785362392663005
321,lod-lille-0.6b,bn,D-lit,D,C,3,C,0,1,0.14801809191703702,0.553191602230072,0.553191602230072,0.35108450055122303,0.18007826805114702,0.11871203035116101,0.553191602230072,0.14801809191703702
327,lod-lille-0.6b,bn,D-lit,C,A,2,A,0,1,0.14169673621654502,0.8260421156883241,0.8260421156883241,0.675825238227844,0.8260421156883241,0.024482341483235002,0.14169673621654502,0.007778866682201
330,lod-lille-0.6b,bn,D-lit,D,A,3,A,0,1,0.070430442690849,0.8757383227348321,0.8757383227348321,0.6882658600807191,0.8757383227348321,0.026448285207152002,0.027382971718907002,0.070430442690849
336,lod-lille-0.6b,bn,D-lit,C,D,2,D,0,1,0.116203166544437,0.651236116886138,0.651236116886138,0.5962614417076111,0.129803717136383,0.10275701433420101,0.116203166544437,0.651236116886138
339,lod-lille-0.6b,bn,D-lit,D,B,3,B,0,1,0.163261786103248,0.372683048248291,0.372683048248291,0.155282333493232,0.21686266362667,0.372683048248291,0.24719253182411102,0.163261786103248
340,lod-lille-0.6b,bn,D-lit,B,D,1,B,1,0,0.306636542081832,0.27349877357482905,0.306636542081832,0.18299476802349002,0.217677503824234,0.306636542081832,0.202187120914459,0.27349877357482905
348,lod-lille-0.6b,bn,D-lit,D,B,3,B,0,1,0.11270738393068301,0.6884465813636781,0.6884465813636781,0.5212886333465571,0.12184216827154101,0.6884465813636781,0.077003851532936,0.11270738393068301
350,lod-lille-0.6b,bn,D-lit,B,D,1,D,0,1,0.014561471529304001,0.9722680449485771,0.9722680449485771,0.861063420772552,0.0034954159054900002,0.014561471529304001,0.009675030596554,0.9722680449485771
352,lod-lille-0.6b,bn,D-lit,D,C,3,C,0,1,0.058392323553562005,0.8283308148384091,0.8283308148384091,0.614646077156066,0.059837594628334004,0.053439270704984006,0.8283308148384091,0.058392323553562005
357,lod-lille-0.6b,bn,D-lit,A,D,0,D,0,1,0.088713526725769,0.762897610664367,0.762897610664367,0.554448425769805,0.088713526725769,0.031964682042598,0.116424143314361,0.762897610664367
359,lod-lille-0.6b,bn,D-lit,C,A,2,A,0,1,0.007246122695505001,0.970105528831481,0.970105528831481,0.879321157932281,0.970105528831481,0.01839773915708,0.007246122695505001,0.0042506209574630005
362,lod-lille-0.6b,bn,D-lit,A,C,0,C,0,1,0.0040235705673690005,0.9825907349586481,0.9825907349586481,0.818050801753997,0.0040235705673690005,0.006203602533787001,0.9825907349586481,0.007182146422564001
363,lod-lille-0.6b,bn,D-lit,C,A,2,A,0,1,0.045331470668315006,0.8985905647277831,0.8985905647277831,0.71427696943283,0.8985905647277831,0.027465168386697002,0.045331470668315006,0.028612785041332002
373,lod-lille-0.6b,bn,D-lit,B,D,1,D,0,1,0.006670371163636,0.9566801786422731,0.9566801786422731,0.8568431735038751,0.010980553925037,0.006670371163636,0.025668941438198003,0.9566801786422731
375,lod-lille-0.6b,bn,D-lit,C,D,2,D,0,1,0.011459786444902,0.9646723270416261,0.9646723270416261,0.849006354808807,0.016089711338281,0.00777826225385,0.011459786444902,0.9646723270416261
379,lod-lille-0.6b,bn,D-lit,B,A,1,A,0,1,0.27877855300903304,0.6816521286964411,0.6816521286964411,0.584415912628173,0.6816521286964411,0.27877855300903304,0.019306376576423003,0.020262937992811002
381,lod-lille-0.6b,bn,D-lit,C,D,2,D,0,1,0.005446752533316001,0.9839097857475281,0.9839097857475281,0.8891658186912531,0.003716842969879,0.006926634814590001,0.005446752533316001,0.9839097857475281
382,lod-lille-0.6b,bn,D-lit,C,D,2,D,0,1,0.050858460366725006,0.7480813264846801,0.7480813264846801,0.614212870597839,0.022743972018361,0.178316220641136,0.050858460366725006,0.7480813264846801
383,lod-lille-0.6b,bn,D-lit,C,B,2,A,0,0,0.286598563194274,0.17130030691623602,0.43691495060920704,0.23571920394897403,0.43691495060920704,0.17130030691623602,0.286598563194274,0.10518612712621601
384,lod-lille-0.6b,bn,D-lit,B,A,1,A,0,1,0.016354467719793,0.9586691260337831,0.9586691260337831,0.7080447077751161,0.9586691260337831,0.016354467719793,0.009531337767839002,0.015445037744939001
387,lod-lille-0.6b,bn,D-lit,A,D,0,D,0,1,0.055472854524850006,0.8725987672805781,0.8725987672805781,0.686223685741424,0.055472854524850006,0.040294192731380005,0.031634181737899,0.8725987672805781
390,lod-lille-0.6b,bn,D-lit,C,D,2,D,0,1,0.12310320138931201,0.7235055565834041,0.7235055565834041,0.49540033936500505,0.023058451712131,0.130332767963409,0.12310320138931201,0.7235055565834041
391,lod-lille-0.6b,bn,D-lit,D,A,3,A,0,1,0.403655678033828,0.40866434574127203,0.40866434574127203,0.240035012364387,0.40866434574127203,0.10157480090856501,0.086105212569236,0.403655678033828
403,lod-lille-0.6b,bn,D-lit,A,C,0,C,0,1,0.048122521489858,0.8647412061691281,0.8647412061691281,0.68440568447113,0.048122521489858,0.042634140700101006,0.8647412061691281,0.044502131640911005
404,lod-lille-0.6b,bn,D-lit,B,D,1,D,0,1,0.140160888433456,0.834790587425231,0.834790587425231,0.635858297348022,0.010538903065025002,0.140160888433456,0.014509577304124001,0.834790587425231
408,lod-lille-0.6b,bn,D-lit,B,A,1,A,0,1,0.11443191766738801,0.8659098148345941,0.8659098148345941,0.6824715137481691,0.8659098148345941,0.11443191766738801,0.009616472758352,0.010041789151728
410,lod-lille-0.6b,bn,D-lit,A,B,0,B,0,1,0.044060654938220006,0.8800252079963681,0.8800252079963681,0.732648253440856,0.044060654938220006,0.8800252079963681,0.052118934690952,0.023795172572135002
412,lod-lille-0.6b,bn,D-lit,B,C,1,C,0,1,0.016941204667091002,0.945586502552032,0.945586502552032,0.8051593899726861,0.016830556094646003,0.016941204667091002,0.945586502552032,0.020641731098294
413,lod-lille-0.6b,bn,D-lit,A,C,0,C,0,1,0.257666230201721,0.5574238300323481,0.5574238300323481,0.428710758686065,0.257666230201721,0.117381289601325,0.5574238300323481,0.067528687417507
415,lod-lille-0.6b,bn,D-lit,D,B,3,B,0,1,0.083560958504676,0.686675310134887,0.686675310134887,0.45684605836868203,0.097217895090579,0.686675310134887,0.13254590332508,0.083560958504676
416,lod-lille-0.6b,bn,D-lit,D,A,3,D,1,0,0.579487204551696,0.36570096015930104,0.579487204551696,0.47693336009979204,0.36570096015930104,0.02637768164277,0.028434131294488,0.579487204551696
418,lod-lille-0.6b,bn,D-lit,A,C,0,C,0,1,0.025977592915296003,0.9297795891761781,0.9297795891761781,0.7365645170211791,0.025977592915296003,0.031069457530975002,0.9297795891761781,0.013173370622098002
420,lod-lille-0.6b,bn,D-lit,D,B,3,B,0,1,0.08682986348867401,0.686497688293457,0.686497688293457,0.47188526391983004,0.14566616714000702,0.686497688293457,0.08100626617670001,0.08682986348867401
428,lod-lille-0.6b,bn,D-lit,A,B,0,B,0,1,0.177936017513275,0.765702128410339,0.765702128410339,0.5032639503479001,0.177936017513275,0.765702128410339,0.028986232355237004,0.027375582605600003
432,lod-lille-0.6b,bn,D-lit,D,C,3,C,0,1,0.14919626712799,0.752284944057464,0.752284944057464,0.432329416275024,0.076663635671138,0.021855195984244003,0.752284944057464,0.14919626712799
435,lod-lille-0.6b,bn,D-lit,B,D,1,D,0,1,0.14457379281520802,0.680960237979888,0.680960237979888,0.353347122669219,0.12592726945877,0.14457379281520802,0.048538703471422,0.680960237979888
436,lod-lille-0.6b,bn,D-lit,C,D,2,D,0,1,0.075533114373683,0.7712633609771721,0.7712633609771721,0.44381847977638206,0.09523640573024701,0.057967126369476006,0.075533114373683,0.7712633609771721
437,lod-lille-0.6b,bn,D-lit,D,C,3,C,0,1,0.24329808354377702,0.35403221845626803,0.35403221845626803,0.14141589403152402,0.255451411008834,0.147218212485313,0.35403221845626803,0.24329808354377702
440,lod-lille-0.6b,bn,D-lit,A,D,0,D,0,1,0.031573422253131,0.90175175666809,0.90175175666809,0.6761261820793151,0.031573422253131,0.026140827685594004,0.040533974766731005,0.90175175666809
446,lod-lille-0.6b,bn,D-lit,A,D,0,D,0,1,0.299887359142303,0.631252765655517,0.631252765655517,0.47563213109970004,0.299887359142303,0.036576602607965004,0.032283302396535,0.631252765655517
450,lod-lille-0.6b,bn,D-lit,B,A,1,A,0,1,0.420286387205123,0.49365079402923506,0.49365079402923506,0.20986828207969602,0.49365079402923506,0.420286387205123,0.050844863057136,0.035217985510826
451,lod-lille-0.6b,bn,D-lit,A,C,0,C,0,1,0.21426139771938302,0.351212590932846,0.351212590932846,0.18240188062191,0.21426139771938302,0.09240597486495901,0.351212590932846,0.342120021581649
454,lod-lille-0.6b,bn,D-lit,A,D,0,D,0,1,0.115841567516326,0.6748223900794981,0.6748223900794981,0.48328673839569003,0.115841567516326,0.084991060197353,0.12434494495391801,0.6748223900794981
455,lod-lille-0.6b,bn,D-lit,A,C,0,C,0,1,0.19069555401802002,0.5560999512672421,0.5560999512672421,0.374451965093612,0.19069555401802002,0.12790159881114901,0.5560999512672421,0.125302895903587
456,lod-lille-0.6b,bn,D-lit,C,D,2,C,1,0,0.46630299091339106,0.15468198060989302,0.46630299091339106,0.239247098565101,0.19775143265724102,0.18126362562179502,0.46630299091339106,0.15468198060989302
459,lod-lille-0.6b,bn,D-lit,B,D,1,D,0,1,0.420881420373916,0.42814236879348705,0.42814236879348705,0.19603276252746502,0.09458162635564801,0.420881420373916,0.05639456957578601,0.42814236879348705
467,lod-lille-0.6b,bn,D-lit,D,A,3,A,0,1,0.030144641175866002,0.925902664661407,0.925902664661407,0.766148567199707,0.925902664661407,0.019816644489765,0.024136120453476,0.030144641175866002
469,lod-lille-0.6b,bn,D-lit,D,A,3,A,0,1,0.09954292327165601,0.701792299747467,0.701792299747467,0.48010370135307306,0.701792299747467,0.126135781407356,0.07252900302410101,0.09954292327165601
471,lod-lille-0.6b,bn,D-lit,D,A,3,A,0,1,0.009577020071446,0.953545451164245,0.953545451164245,0.8374950289726251,0.953545451164245,0.018780617043375,0.018096979707479,0.009577020071446
475,lod-lille-0.6b,bn,D-lit,A,C,0,D,0,0,0.23336194455623602,0.193850204348564,0.28804758191108704,0.198937088251113,0.23336194455623602,0.28474023938179,0.193850204348564,0.28804758191108704
476,lod-lille-0.6b,bn,D-lit,C,D,2,A,0,0,0.222864165902137,0.18336629867553703,0.41720196604728704,0.24461255967617002,0.41720196604728704,0.17656759917736,0.222864165902137,0.18336629867553703
483,lod-lille-0.6b,bn,D-lit,C,B,2,B,0,1,0.095834508538246,0.855351388454437,0.855351388454437,0.731672048568725,0.023731669411063003,0.855351388454437,0.095834508538246,0.025082508102059003
484,lod-lille-0.6b,bn,D-lit,D,A,3,A,0,1,0.063188068568706,0.665241479873657,0.665241479873657,0.421276986598968,0.665241479873657,0.132798358798027,0.138772115111351,0.063188068568706
493,lod-lille-0.6b,bn,D-lit,A,B,0,B,0,1,0.057098716497421,0.872002661228179,0.872002661228179,0.6595166325569151,0.057098716497421,0.872002661228179,0.033901859074831,0.036996714770793006
494,lod-lille-0.6b,bn,D-lit,A,B,0,B,0,1,0.101039171218872,0.8761984109878541,0.8761984109878541,0.701298236846923,0.101039171218872,0.8761984109878541,0.009733082726597,0.013029321096837
495,lod-lille-0.6b,bn,D-lit,C,D,2,D,0,1,0.33445516228675803,0.654695272445678,0.654695272445678,0.534276843070983,0.007067695260047,0.0037818902637800004,0.33445516228675803,0.654695272445678
498,lod-lille-0.6b,bn,D-lit,A,D,0,D,0,1,0.103472828865051,0.8295683264732361,0.8295683264732361,0.703518688678741,0.103472828865051,0.032087832689285,0.034871049225330006,0.8295683264732361
501,lod-lille-0.6b,bn,D-lit,C,B,2,B,0,1,0.052017465233802004,0.8793368339538571,0.8793368339538571,0.70665830373764,0.041920147836208004,0.8793368339538571,0.052017465233802004,0.026725487783551
503,lod-lille-0.6b,bn,D-lit,C,A,2,A,0,1,0.024258743971586002,0.951903343200683,0.951903343200683,0.753334283828735,0.951903343200683,0.013076456263661001,0.024258743971586002,0.01076147891581
516,lod-lille-0.6b,bn,D-lit,B,C,1,C,0,1,0.10553125292062701,0.8250038623809811,0.8250038623809811,0.641501784324646,0.038991212844848,0.10553125292062701,0.8250038623809811,0.030473677441477002
518,lod-lille-0.6b,bn,D-lit,B,C,1,C,0,1,0.026704909279942003,0.917531907558441,0.917531907558441,0.845871806144714,0.032717775553464,0.026704909279942003,0.917531907558441,0.023045426234602002
520,lod-lille-0.6b,bn,D-lit,B,A,1,A,0,1,0.112972095608711,0.796976864337921,0.796976864337921,0.541370213031768,0.796976864337921,0.112972095608711,0.041490312665700003,0.048560678958892003
521,lod-lille-0.6b,bn,D-lit,A,C,0,C,0,1,0.294085294008255,0.536256372928619,0.536256372928619,0.37655550241470304,0.294085294008255,0.079779207706451,0.536256372928619,0.089879125356674
523,lod-lille-0.6b,bn,D-lit,B,C,1,C,0,1,0.28597244620323103,0.608264565467834,0.608264565467834,0.41181260347366305,0.05891611054539601,0.28597244620323103,0.608264565467834,0.046846877783536
525,lod-lille-0.6b,bn,D-lit,D,A,3,A,0,1,0.129259049892425,0.466129064559936,0.466129064559936,0.20331993699073703,0.466129064559936,0.225503161549568,0.179108768701553,0.129259049892425
528,lod-lille-0.6b,bn,D-lit,C,A,2,A,0,1,0.247978061437606,0.326615095138549,0.326615095138549,0.14791679382324202,0.326615095138549,0.16643467545509302,0.247978061437606,0.25897216796875
532,lod-lille-0.6b,bn,D-lit,A,D,0,A,1,0,0.315092176198959,0.27731484174728305,0.315092176198959,0.17585438489913902,0.315092176198959,0.26698631048202504,0.14060662686824701,0.27731484174728305
540,lod-lille-0.6b,bn,D-lit,A,D,0,A,1,0,0.532184660434722,0.343828946352005,0.532184660434722,0.30561026930809004,0.532184660434722,0.030156243592500003,0.09383014589548101,0.343828946352005
544,lod-lille-0.6b,bn,D-lit,B,C,1,C,0,1,0.16852453351020802,0.7932302355766291,0.7932302355766291,0.5947606563568111,0.021097877994179,0.16852453351020802,0.7932302355766291,0.01714738458395
546,lod-lille-0.6b,bn,D-lit,A,B,0,B,0,1,0.031008154153823003,0.9471599459648131,0.9471599459648131,0.7849185466766351,0.031008154153823003,0.9471599459648131,0.013681043870747001,0.008150844834744
554,lod-lille-0.6b,bn,D-lit,C,A,2,A,0,1,0.008376412093639,0.9681981205940241,0.9681981205940241,0.7943761944770811,0.9681981205940241,0.012730547226965,0.008376412093639,0.01069501414895
560,lod-lille-0.6b,bn,D-lit,A,D,0,D,0,1,0.29521223902702304,0.36596879363060003,0.36596879363060003,0.189731016755104,0.29521223902702304,0.21786910295486403,0.12094986438751201,0.36596879363060003
561,lod-lille-0.6b,bn,D-lit,A,B,0,B,0,1,0.087280869483947,0.8459095954895021,0.8459095954895021,0.646657884120941,0.087280869483947,0.8459095954895021,0.027297684922814,0.039511851966381004
563,lod-lille-0.6b,bn,D-lit,D,B,3,B,0,1,0.052028704434633005,0.91340947151184,0.91340947151184,0.793866872787475,0.017727794125676002,0.91340947151184,0.016834123060107002,0.052028704434633005
565,lod-lille-0.6b,bn,D-lit,A,D,0,D,0,1,0.260725170373916,0.62037456035614,0.62037456035614,0.40388402342796303,0.260725170373916,0.03261524066329,0.08628501743078201,0.62037456035614
568,lod-lille-0.6b,bn,D-lit,A,B,0,A,1,0,0.36895915865898105,0.29824614524841303,0.36895915865898105,0.24796950817108102,0.36895915865898105,0.29824614524841303,0.23056885600090002,0.10222589969635001
573,lod-lille-0.6b,bn,D-lit,A,C,0,C,0,1,0.06624921411275801,0.81981211900711,0.81981211900711,0.6362670063972471,0.06624921411275801,0.062701433897018,0.81981211900711,0.05123728141188601
574,lod-lille-0.6b,bn,D-lit,D,A,3,A,0,1,0.026578592136502002,0.917656898498535,0.917656898498535,0.758086919784545,0.917656898498535,0.038543783128261004,0.017220787703990003,0.026578592136502002
585,lod-lille-0.6b,bn,D-lit,C,D,2,D,0,1,0.10121992230415301,0.7978854775428771,0.7978854775428771,0.5555146336555481,0.043302241712808005,0.057592339813709,0.10121992230415301,0.7978854775428771
594,lod-lille-0.6b,bn,D-lit,D,C,3,B,0,0,0.335074692964553,0.10038831084966601,0.385157883167266,0.16678917407989502,0.17937915027141502,0.385157883167266,0.10038831084966601,0.335074692964553
595,lod-lille-0.6b,bn,D-lit,D,A,3,D,1,0,0.35110336542129505,0.203396618366241,0.35110336542129505,0.17677329480648002,0.203396618366241,0.18990956246852803,0.25559049844741805,0.35110336542129505
598,lod-lille-0.6b,bn,D-lit,A,B,0,B,0,1,0.161393612623214,0.47678491473197904,0.47678491473197904,0.262469053268432,0.161393612623214,0.47678491473197904,0.179188668727874,0.182632803916931
607,lod-lille-0.6b,bn,D-lit,A,D,0,D,0,1,0.034267831593751005,0.9605332612991331,0.9605332612991331,0.8322703838348381,0.034267831593751005,0.0025138049386440003,0.002685006475076,0.9605332612991331
614,lod-lille-0.6b,bn,D-lit,C,D,2,D,0,1,0.204975381493568,0.511428952217102,0.511428952217102,0.269878149032592,0.12346556037664401,0.16013011336326602,0.204975381493568,0.511428952217102
617,lod-lille-0.6b,bn,D-lit,C,D,2,D,0,1,0.187139958143234,0.57155418395996,0.57155418395996,0.36598315834999,0.09270182251930201,0.14860406517982402,0.187139958143234,0.57155418395996
625,lod-lille-0.6b,bn,D-lit,B,A,1,A,0,1,0.30723616480827304,0.558368265628814,0.558368265628814,0.31752067804336503,0.558368265628814,0.30723616480827304,0.08021939545869801,0.054176099598407
631,lod-lille-0.6b,bn,D-lit,D,C,3,C,0,1,0.059615176171064,0.8821784853935241,0.8821784853935241,0.7464526891708371,0.02507503144443,0.033131223171949005,0.8821784853935241,0.059615176171064
635,lod-lille-0.6b,bn,D-lit,B,C,1,C,0,1,0.101450733840465,0.7217601537704461,0.7217601537704461,0.5627092719078061,0.104776814579963,0.101450733840465,0.7217601537704461,0.072012335062026
637,lod-lille-0.6b,bn,D-lit,D,B,3,B,0,1,0.0041679567657410006,0.9774948954582211,0.9774948954582211,0.82880425453186,0.012086802162230001,0.9774948954582211,0.006250337231904,0.0041679567657410006
638,lod-lille-0.6b,bn,D-lit,C,B,2,B,0,1,0.05260431766510001,0.8501997590065,0.8501997590065,0.569887816905975,0.061180673539638006,0.8501997590065,0.05260431766510001,0.036015234887599
641,lod-lille-0.6b,bn,D-lit,C,B,2,B,0,1,0.005670781247317001,0.9835736751556391,0.9835736751556391,0.886151611804962,0.004882285371422,0.9835736751556391,0.005670781247317001,0.005873233545571
642,lod-lille-0.6b,bn,D-lit,A,D,0,D,0,1,0.095418401062488,0.8952978849411011,0.8952978849411011,0.817934334278106,0.095418401062488,0.0051945042796430006,0.0040891603566700005,0.8952978849411011
643,lod-lille-0.6b,bn,D-lit,A,C,0,C,0,1,0.065697394311428,0.8375639319419861,0.8375639319419861,0.5823037028312681,0.065697394311428,0.046492926776409,0.8375639319419861,0.050245743244886
645,lod-lille-0.6b,bn,D-lit,C,B,2,B,0,1,0.005355228669941,0.9577359557151791,0.9577359557151791,0.8428734540939331,0.020919168367981,0.9577359557151791,0.005355228669941,0.015989704057574
649,lod-lille-0.6b,bn,D-lit,B,A,1,A,0,1,0.015484145842492001,0.9230791330337521,0.9230791330337521,0.826878190040588,0.9230791330337521,0.015484145842492001,0.034173462539911,0.027263309806585003
650,lod-lille-0.6b,bn,D-lit,B,C,1,C,0,1,0.027053626254200002,0.9221301674842831,0.9221301674842831,0.7528161406517021,0.040312726050615005,0.027053626254200002,0.9221301674842831,0.010503564029932001
651,lod-lille-0.6b,bn,D-lit,A,B,0,B,0,1,0.074128240346908,0.7886576652526851,0.7886576652526851,0.5438850522041321,0.074128240346908,0.7886576652526851,0.081699676811695,0.055514380335807
657,lod-lille-0.6b,bn,D-lit,A,C,0,C,0,1,0.046523325145244,0.834007978439331,0.834007978439331,0.662862837314605,0.046523325145244,0.057054050266742005,0.834007978439331,0.06241467595100401
659,lod-lille-0.6b,bn,D-lit,D,B,3,D,1,0,0.48819535970687805,0.42798578739166204,0.48819535970687805,0.321883738040924,0.05383683741092601,0.42798578739166204,0.029982006177306002,0.48819535970687805
660,lod-lille-0.6b,bn,D-lit,C,B,2,B,0,1,0.007051615510135001,0.9797985553741451,0.9797985553741451,0.8541285395622251,0.005652505438774,0.9797985553741451,0.007051615510135001,0.007497392129153
665,lod-lille-0.6b,bn,D-lit,D,C,3,C,0,1,0.04311865568161,0.902045667171478,0.902045667171478,0.7964874505996701,0.024243291467428003,0.030592430382966003,0.902045667171478,0.04311865568161
666,lod-lille-0.6b,bn,D-lit,D,B,3,B,0,1,0.099754579365253,0.6775630116462701,0.6775630116462701,0.471201926469802,0.14095468819141302,0.6775630116462701,0.081727765500545,0.099754579365253
670,lod-lille-0.6b,bn,D-lit,D,A,3,A,0,1,0.043196272104978006,0.8496875762939451,0.8496875762939451,0.548743605613708,0.8496875762939451,0.08014065772294901,0.026975376531481,0.043196272104978006
672,lod-lille-0.6b,bn,D-lit,C,B,2,B,0,1,0.006831489503383001,0.975868344306945,0.975868344306945,0.912621319293975,0.010290663689374,0.975868344306945,0.006831489503383001,0.00700947549194
677,lod-lille-0.6b,bn,D-lit,D,B,3,B,0,1,0.07653713226318301,0.746750593185424,0.746750593185424,0.571784675121307,0.09084141254425,0.746750593185424,0.085870884358882,0.07653713226318301
680,lod-lille-0.6b,bn,D-lit,C,D,2,D,0,1,0.105451323091983,0.639519572257995,0.639519572257995,0.485671401023864,0.14578755199909202,0.10924153774976701,0.105451323091983,0.639519572257995
685,lod-lille-0.6b,bn,D-lit,D,C,3,C,0,1,0.024812819436192003,0.9118825197219841,0.9118825197219841,0.7515071630477901,0.05173160880804,0.011573080904781001,0.9118825197219841,0.024812819436192003
695,lod-lille-0.6b,bn,D-lit,C,A,2,A,0,1,0.018921047449111,0.9747573733329771,0.9747573733329771,0.8693318367004391,0.9747573733329771,0.0034250500611960003,0.018921047449111,0.0028964115772390003
698,lod-lille-0.6b,bn,D-lit,D,A,3,A,0,1,0.013887050561606001,0.9175953269004821,0.9175953269004821,0.8372468352317811,0.9175953269004821,0.032187391072511,0.036330237984657,0.013887050561606001
699,lod-lille-0.6b,bn,D-lit,C,B,2,B,0,1,0.038339704275131004,0.930976271629333,0.930976271629333,0.8548418283462521,0.022223822772502,0.930976271629333,0.038339704275131004,0.008460232056677001
700,lod-lille-0.6b,bn,D-lit,B,A,1,A,0,1,0.019772933796048,0.94765305519104,0.94765305519104,0.6884138584136961,0.94765305519104,0.019772933796048,0.013608268462121001,0.018965749070048003
702,lod-lille-0.6b,bn,D-lit,B,D,1,D,0,1,0.099449396133422,0.7566227316856381,0.7566227316856381,0.69341641664505,0.09350436925888,0.099449396133422,0.05042354017496101,0.7566227316856381
703,lod-lille-0.6b,bn,D-lit,B,A,1,A,0,1,0.032689437270164004,0.921391785144805,0.921391785144805,0.6705135107040401,0.921391785144805,0.032689437270164004,0.020628076046705003,0.025290666148066
706,lod-lille-0.6b,bn,D-lit,A,B,0,A,1,0,0.40860807895660406,0.22278943657875003,0.40860807895660406,0.18001088500022802,0.40860807895660406,0.22278943657875003,0.229845628142356,0.138756856322288
709,lod-lille-0.6b,bn,D-lit,B,A,1,A,0,1,0.037922792136669006,0.9524874091148371,0.9524874091148371,0.8010197281837461,0.9524874091148371,0.037922792136669006,0.0070496667176480005,0.002540125977247
710,lod-lille-0.6b,bn,D-lit,D,B,3,B,0,1,0.023784199729561,0.966443836688995,0.966443836688995,0.8443810939788811,0.005783403292298,0.966443836688995,0.003988558426499001,0.023784199729561
712,lod-lille-0.6b,bn,D-lit,B,D,1,D,0,1,0.021617047488689003,0.9002689719200131,0.9002689719200131,0.698171496391296,0.038979928940534,0.021617047488689003,0.039134100079536,0.9002689719200131
719,lod-lille-0.6b,bn,D-lit,A,C,0,C,0,1,0.035961635410785,0.9423242211341851,0.9423242211341851,0.7726147174835201,0.035961635410785,0.01153000537306,0.9423242211341851,0.010184125043451
722,lod-lille-0.6b,bn,D-lit,D,C,3,D,1,0,0.41469287872314403,0.21590031683444902,0.41469287872314403,0.17362007498741103,0.208834454417228,0.16057245433330503,0.21590031683444902,0.41469287872314403
723,lod-lille-0.6b,bn,D-lit,B,C,1,C,0,1,0.012866090983152001,0.96855628490448,0.96855628490448,0.790839493274688,0.012974058277904,0.012866090983152001,0.96855628490448,0.005603526253253
724,lod-lille-0.6b,bn,D-lit,A,B,0,B,0,1,0.008430118672549001,0.985691726207733,0.985691726207733,0.897637486457824,0.008430118672549001,0.985691726207733,0.004397563636302,0.0014806407270950002
726,lod-lille-0.6b,bn,D-lit,B,D,1,D,0,1,0.015722669661045,0.9463284015655511,0.9463284015655511,0.773145616054534,0.022776018828153003,0.015722669661045,0.015172881074249002,0.9463284015655511
727,lod-lille-0.6b,bn,D-lit,D,B,3,B,0,1,0.0020070441532880003,0.9896099567413331,0.9896099567413331,0.93006956577301,0.005833174567669,0.9896099567413331,0.002549877623096,0.0020070441532880003
728,lod-lille-0.6b,bn,D-lit,B,A,1,A,0,1,0.10534219443798001,0.7002184987068171,0.7002184987068171,0.5151739716529841,0.7002184987068171,0.10534219443798001,0.065615251660346,0.12882407009601501
729,lod-lille-0.6b,bn,D-lit,B,D,1,D,0,1,0.024392651394009,0.930777311325073,0.930777311325073,0.768571138381958,0.025048999115824002,0.024392651394009,0.019781129434704,0.930777311325073
731,lod-lille-0.6b,bn,D-lit,C,B,2,B,0,1,0.11018719524145101,0.716169595718383,0.716169595718383,0.46715182065963706,0.129358544945716,0.716169595718383,0.11018719524145101,0.044284749776124004
732,lod-lille-0.6b,bn,D-lit,D,A,3,A,0,1,0.09646655619144401,0.7743595838546751,0.7743595838546751,0.574748575687408,0.7743595838546751,0.029509525746107,0.09966433793306301,0.09646655619144401
733,lod-lille-0.6b,bn,D-lit,B,C,1,C,0,1,0.0030850595794610003,0.9952542781829831,0.9952542781829831,0.899990320205688,0.000908303831238,0.0030850595794610003,0.9952542781829831,0.0007523280801250001
734,lod-lille-0.6b,bn,D-lit,C,A,2,A,0,1,0.005552005022764,0.984956324100494,0.984956324100494,0.8644532561302181,0.984956324100494,0.007062302436679001,0.005552005022764,0.0024293642491100003
735,lod-lille-0.6b,bn,D-lit,A,D,0,D,0,1,0.028615256771445004,0.9205046892166131,0.9205046892166131,0.6815086007118221,0.028615256771445004,0.029247628524899004,0.021632416173815002,0.9205046892166131
736,lod-lille-0.6b,bn,D-lit,B,D,1,D,0,1,0.018710853531956003,0.9285837411880491,0.9285837411880491,0.771569311618804,0.01991125755012,0.018710853531956003,0.032794222235679,0.9285837411880491
739,lod-lille-0.6b,bn,D-lit,D,A,3,D,1,0,0.510630428791046,0.36898532509803705,0.510630428791046,0.274885207414627,0.36898532509803705,0.069862626492977,0.05052164196968,0.510630428791046
743,lod-lille-0.6b,bn,D-lit,D,C,3,C,0,1,0.035045951604843,0.9306835532188411,0.9306835532188411,0.751667201519012,0.019674077630043002,0.014596424065530002,0.9306835532188411,0.035045951604843
748,lod-lille-0.6b,bn,D-lit,C,B,2,C,1,0,0.360176444053649,0.290298402309417,0.360176444053649,0.15185423195362002,0.14797106385231001,0.290298402309417,0.360176444053649,0.20155414938926602
752,lod-lille-0.6b,bn,D-lit,A,C,0,C,0,1,0.13067626953125,0.6827012896537781,0.6827012896537781,0.493194311857223,0.13067626953125,0.12058848887681901,0.6827012896537781,0.06603398174047401
756,lod-lille-0.6b,bn,D-lit,D,C,3,C,0,1,0.084805190563201,0.724089980125427,0.724089980125427,0.43270090222358704,0.12125195562839501,0.069852881133556,0.724089980125427,0.084805190563201
757,lod-lille-0.6b,bn,D-lit,C,A,2,A,0,1,0.40903702378273005,0.48890700936317405,0.48890700936317405,0.183366045355796,0.48890700936317405,0.035004433244466004,0.40903702378273005,0.067051485180854
758,lod-lille-0.6b,bn,D-lit,A,B,0,B,0,1,0.028119947761297004,0.85600870847702,0.85600870847702,0.595383763313293,0.028119947761297004,0.85600870847702,0.069856517016887,0.046014811843633006
759,lod-lille-0.6b,bn,D-lit,B,C,1,C,0,1,0.040745466947555,0.88755863904953,0.88755863904953,0.7919767498970031,0.044317115098237006,0.040745466947555,0.88755863904953,0.027378661558032
760,lod-lille-0.6b,bn,D-lit,C,A,2,A,0,1,0.009226813912391,0.9640507698059081,0.9640507698059081,0.7980986237525941,0.9640507698059081,0.015781829133629,0.009226813912391,0.01094059459865
764,lod-lille-0.6b,bn,D-lit,A,D,0,D,0,1,0.107591703534126,0.857356905937194,0.857356905937194,0.663978099822998,0.107591703534126,0.022345870733261,0.012705562636256001,0.857356905937194
765,lod-lille-0.6b,bn,D-lit,B,C,1,C,0,1,0.040849186480045006,0.8960055112838741,0.8960055112838741,0.7316874265670771,0.041875213384628004,0.040849186480045006,0.8960055112838741,0.021270081400871003
767,lod-lille-0.6b,bn,D-lit,A,D,0,D,0,1,0.029860856011509004,0.8995081782341001,0.8995081782341001,0.7034391760826111,0.029860856011509004,0.047666516155004,0.022964498028159003,0.8995081782341001
769,lod-lille-0.6b,bn,D-lit,D,C,3,C,0,1,0.033374276012182,0.858425080776214,0.858425080776214,0.672243416309356,0.033350799232721,0.074849814176559,0.858425080776214,0.033374276012182
776,lod-lille-0.6b,bn,D-lit,D,B,3,B,0,1,0.12910521030426,0.6696473956108091,0.6696473956108091,0.49994289875030506,0.045043345540761004,0.6696473956108091,0.156204104423522,0.12910521030426
787,lod-lille-0.6b,bn,D-lit,A,B,0,C,0,0,0.295423954725265,0.19043126702308602,0.36472126841545105,0.170249849557876,0.295423954725265,0.19043126702308602,0.36472126841545105,0.149423480033874
803,lod-lille-0.6b,bn,D-lit,D,C,3,C,0,1,0.032210908830165,0.86427354812622,0.86427354812622,0.6486911177635191,0.043151676654815,0.06036376953125,0.86427354812622,0.032210908830165
810,lod-lille-0.6b,bn,D-lit,B,A,1,A,0,1,0.031391955912113,0.8010979890823361,0.8010979890823361,0.5403841733932491,0.8010979890823361,0.031391955912113,0.09513445943593901,0.072375521063804
814,lod-lille-0.6b,bn,D-lit,C,D,2,D,0,1,0.07170632481575001,0.7124967575073241,0.7124967575073241,0.457162678241729,0.09789876639842901,0.11789809912443101,0.07170632481575001,0.7124967575073241
816,lod-lille-0.6b,bn,D-lit,B,C,1,D,0,0,0.102883324027061,0.28643703460693304,0.46049407124519304,0.24798084795475,0.15018557012081102,0.102883324027061,0.28643703460693304,0.46049407124519304
818,lod-lille-0.6b,bn,D-lit,B,C,1,C,0,1,0.132141023874282,0.766981184482574,0.766981184482574,0.6046348214149471,0.035852376371622,0.132141023874282,0.766981184482574,0.06502541154623001
822,lod-lille-0.6b,bn,D-lit,B,D,1,D,0,1,0.025600600987672,0.8731028437614441,0.8731028437614441,0.6982763409614561,0.043198410421609004,0.025600600987672,0.058098100125789004,0.8731028437614441
823,lod-lille-0.6b,bn,D-lit,D,B,3,B,0,1,0.20043297111988,0.6737759113311761,0.6737759113311761,0.40294587612152105,0.079978495836257,0.6737759113311761,0.04581257328391,0.20043297111988
824,lod-lille-0.6b,bn,D-lit,D,A,3,A,0,1,0.11016481369733801,0.8113636970520021,0.8113636970520021,0.515249371528625,0.8113636970520021,0.041471801698207,0.036999650299549006,0.11016481369733801
826,lod-lille-0.6b,bn,D-lit,C,B,2,B,0,1,0.043432980775833005,0.8869938850402831,0.8869938850402831,0.6518982052803041,0.053428143262863007,0.8869938850402831,0.043432980775833005,0.016145003959536
829,lod-lille-0.6b,bn,D-lit,D,B,3,B,0,1,0.048296570777893004,0.8257704973220821,0.8257704973220821,0.562858045101165,0.07349476963281601,0.8257704973220821,0.052438080310821006,0.048296570777893004
832,lod-lille-0.6b,bn,D-lit,A,C,0,C,0,1,0.198110207915306,0.62987607717514,0.62987607717514,0.274030983448028,0.198110207915306,0.065403304994106,0.62987607717514,0.10661036521196302
836,lod-lille-0.6b,bn,D-lit,C,A,2,A,0,1,0.055591974407434006,0.8701900839805601,0.8701900839805601,0.690794825553894,0.8701900839805601,0.025375826284289003,0.055591974407434006,0.048842143267393
839,lod-lille-0.6b,bn,D-lit,A,B,0,B,0,1,0.237099170684814,0.524595916271209,0.524595916271209,0.174566775560379,0.237099170684814,0.524595916271209,0.16301116347312902,0.075293757021427
842,lod-lille-0.6b,bn,D-lit,C,A,2,A,0,1,0.080712422728538,0.403575301170349,0.403575301170349,0.23311248421669,0.403575301170349,0.241215512156486,0.080712422728538,0.274496734142303
844,lod-lille-0.6b,bn,D-lit,C,B,2,B,0,1,0.023338995873928,0.9089363217353821,0.9089363217353821,0.670195817947387,0.05115257948637,0.9089363217353821,0.023338995873928,0.016572048887610002
848,lod-lille-0.6b,bn,D-lit,B,A,1,A,0,1,0.019781976938247,0.951054751873016,0.951054751873016,0.8159132599830621,0.951054751873016,0.019781976938247,0.011453620158135001,0.017709609121084
851,lod-lille-0.6b,bn,D-lit,B,A,1,A,0,1,0.033979214727878,0.9147795438766481,0.9147795438766481,0.7215132713317871,0.9147795438766481,0.033979214727878,0.025681229308247,0.025560017675161
855,lod-lille-0.6b,bn,D-lit,A,C,0,C,0,1,0.007078505121171001,0.9707453846931451,0.9707453846931451,0.829126119613647,0.007078505121171001,0.012106921523809001,0.9707453846931451,0.010069204494357002
856,lod-lille-0.6b,bn,D-lit,D,B,3,B,0,1,0.065166056156158,0.911728024482727,0.911728024482727,0.759909451007843,0.007250658236443001,0.911728024482727,0.015855314210057002,0.065166056156158
857,lod-lille-0.6b,bn,D-lit,C,D,2,D,0,1,0.011658108793199002,0.9677580595016481,0.9677580595016481,0.8075422644615171,0.005129396449774001,0.015454482287168001,0.011658108793199002,0.9677580595016481
861,lod-lille-0.6b,bn,D-lit,B,D,1,A,0,0,0.23424075543880402,0.22462752461433402,0.318293869495391,0.20926828682422602,0.318293869495391,0.23424075543880402,0.222837805747985,0.22462752461433402
862,lod-lille-0.6b,bn,D-lit,A,C,0,C,0,1,0.101478166878223,0.600435376167297,0.600435376167297,0.384417206048965,0.101478166878223,0.085443302989006,0.600435376167297,0.21264313161373102
874,lod-lille-0.6b,bn,D-lit,C,B,2,B,0,1,0.022024471312761,0.940262556076049,0.940262556076049,0.784193396568298,0.017646465450525003,0.940262556076049,0.022024471312761,0.020066451281309003
877,lod-lille-0.6b,bn,D-lit,C,A,2,A,0,1,0.100967369973659,0.8325337171554561,0.8325337171554561,0.6815694570541381,0.8325337171554561,0.035438332706689,0.100967369973659,0.031060537323355
878,lod-lille-0.6b,bn,D-lit,B,A,1,A,0,1,0.205721661448478,0.6378037929534911,0.6378037929534911,0.44008010625839206,0.6378037929534911,0.205721661448478,0.073890216648578,0.08258432149887
879,lod-lille-0.6b,bn,D-lit,B,D,1,D,0,1,0.031276926398277005,0.8939211368560791,0.8939211368560791,0.694782376289367,0.04078139364719301,0.031276926398277005,0.034020628780126,0.8939211368560791
880,lod-lille-0.6b,bn,D-lit,B,C,1,C,0,1,0.040464442223310006,0.907838582992553,0.907838582992553,0.787241995334625,0.036699309945106,0.040464442223310006,0.907838582992553,0.014997661113739002
881,lod-lille-0.6b,bn,D-lit,D,C,3,C,0,1,0.035379488021135004,0.9041473865509031,0.9041473865509031,0.7458524107933041,0.034542277455329,0.025930820032954,0.9041473865509031,0.035379488021135004
891,lod-lille-0.6b,bn,D-lit,C,D,2,D,0,1,0.194601461291313,0.656495928764343,0.656495928764343,0.467338740825653,0.056512787938117,0.092389807105064,0.194601461291313,0.656495928764343
894,lod-lille-0.6b,bn,D-lit,D,C,3,C,0,1,0.030434183776378004,0.8505114316940301,0.8505114316940301,0.672915339469909,0.07736635208129801,0.041688010096549,0.8505114316940301,0.030434183776378004
896,lod-lille-0.6b,bn,D-lit,B,D,1,D,0,1,0.08977619558572701,0.48966816067695607,0.48966816067695607,0.34596991539001404,0.17899475991725902,0.08977619558572701,0.241560891270637,0.48966816067695607
899,lod-lille-0.6b,bn,D-lit,C,A,2,C,1,0,0.40536770224571206,0.29346752166748,0.40536770224571206,0.276460886001586,0.29346752166748,0.114896900951862,0.40536770224571206,0.18626779317855802
900,lod-lille-0.6b,bn,D-lit,B,A,1,A,0,1,0.10884098708629601,0.582613050937652,0.582613050937652,0.318342417478561,0.582613050937652,0.10884098708629601,0.20084752142429302,0.10769841820001601
907,lod-lille-0.6b,bn,D-lit,D,C,3,B,0,0,0.179369077086448,0.24077075719833302,0.362913191318511,0.273359447717666,0.21694689989089902,0.362913191318511,0.24077075719833302,0.179369077086448
912,lod-lille-0.6b,bn,D-lit,D,B,3,B,0,1,0.027665330097079003,0.9337797760963441,0.9337797760963441,0.759262800216674,0.024966808035969002,0.9337797760963441,0.013588150963187001,0.027665330097079003
913,lod-lille-0.6b,bn,D-lit,D,C,3,C,0,1,0.143014386296272,0.7771966457366941,0.7771966457366941,0.533849537372589,0.050876323133707005,0.028912689536809002,0.7771966457366941,0.143014386296272
914,lod-lille-0.6b,bn,D-lit,C,A,2,A,0,1,0.19491943717002802,0.7242581844329831,0.7242581844329831,0.319942981004714,0.7242581844329831,0.037800021469593,0.19491943717002802,0.043022409081459004
919,lod-lille-0.6b,bn,D-lit,D,B,3,B,0,1,0.08383123576641001,0.862500727176666,0.862500727176666,0.6709327101707451,0.024194864556193,0.862500727176666,0.029473183676600002,0.08383123576641001
921,lod-lille-0.6b,bn,D-lit,B,A,1,D,0,0,0.11612250655889501,0.328045487403869,0.40742102265357905,0.185109183192253,0.328045487403869,0.11612250655889501,0.148411020636558,0.40742102265357905
927,lod-lille-0.6b,bn,D-lit,A,B,0,B,0,1,0.055465977638959,0.8058867454528801,0.8058867454528801,0.7032092213630671,0.055465977638959,0.8058867454528801,0.10320736467838201,0.035439968109130006
928,lod-lille-0.6b,bn,D-lit,D,A,3,A,0,1,0.102641217410564,0.5985950231552121,0.5985950231552121,0.420061826705932,0.5985950231552121,0.08158948272466601,0.21717429161071702,0.102641217410564
929,lod-lille-0.6b,bn,D-lit,C,A,2,A,0,1,0.262568682432174,0.6045844554901121,0.6045844554901121,0.37369892001152005,0.6045844554901121,0.08867309987545001,0.262568682432174,0.044173777103424
931,lod-lille-0.6b,bn,D-lit,B,A,1,A,0,1,0.010956869460642001,0.976006269454956,0.976006269454956,0.8571068644523621,0.976006269454956,0.010956869460642001,0.008213735185563,0.004823031835258
932,lod-lille-0.6b,bn,D-lit,C,B,2,B,0,1,0.0031701675616200003,0.9915531277656551,0.9915531277656551,0.8678593039512631,0.004340040497481001,0.9915531277656551,0.0031701675616200003,0.000936619471758
938,lod-lille-0.6b,bn,D-lit,C,A,2,A,0,1,0.040226858109235,0.8820385336875911,0.8820385336875911,0.7194779515266411,0.8820385336875911,0.033686634153127004,0.040226858109235,0.044047892093658
941,lod-lille-0.6b,bn,D-lit,C,D,2,D,0,1,0.129698902368545,0.7548089623451231,0.7548089623451231,0.552187025547027,0.067387968301773,0.048104122281074004,0.129698902368545,0.7548089623451231
943,lod-lille-0.6b,bn,D-lit,A,D,0,D,0,1,0.11225552111864001,0.693607687950134,0.693607687950134,0.561858117580413,0.11225552111864001,0.053112801164388004,0.14102403819561002,0.693607687950134
950,lod-lille-0.6b,bn,D-lit,D,C,3,C,0,1,0.20816120505332902,0.5854695439338681,0.5854695439338681,0.380932807922363,0.11820937693119,0.08815982937812801,0.5854695439338681,0.20816120505332902
951,lod-lille-0.6b,bn,D-lit,B,D,1,D,0,1,0.063924238085746,0.854469716548919,0.854469716548919,0.6264438629150391,0.030173109844326,0.063924238085746,0.051432922482490005,0.854469716548919
959,lod-lille-0.6b,bn,D-lit,A,D,0,D,0,1,0.004244308453053,0.9876317381858821,0.9876317381858821,0.892626762390136,0.004244308453053,0.0025279391556970003,0.005596069153398,0.9876317381858821
962,lod-lille-0.6b,bn,D-lit,C,D,2,D,0,1,0.06473553180694501,0.8887248635292051,0.8887248635292051,0.604355573654174,0.018211647868156003,0.028328064829111002,0.06473553180694501,0.8887248635292051
966,lod-lille-0.6b,bn,D-lit,B,C,1,C,0,1,0.10397582501173001,0.723406970500946,0.723406970500946,0.5297698378562921,0.059843193739652,0.10397582501173001,0.723406970500946,0.11277399212121901
967,lod-lille-0.6b,bn,D-lit,C,D,2,D,0,1,0.044186443090438,0.8313126564025871,0.8313126564025871,0.679343223571777,0.09159780293703,0.032903149724006,0.044186443090438,0.8313126564025871
976,lod-lille-0.6b,bn,D-lit,B,A,1,A,0,1,0.08450043946504501,0.7058118581771851,0.7058118581771851,0.481998533010482,0.7058118581771851,0.08450043946504501,0.13534443080425201,0.07434329390525801
978,lod-lille-0.6b,bn,D-lit,B,D,1,D,0,1,0.0029122687410560004,0.9932692646980281,0.9932692646980281,0.863757491111755,0.001394273596815,0.0029122687410560004,0.002424281323328,0.9932692646980281
981,lod-lille-0.6b,bn,D-lit,C,D,2,D,0,1,0.027498489245772,0.94813585281372,0.94813585281372,0.7706881165504451,0.013948181644082002,0.010417603887617,0.027498489245772,0.94813585281372
982,lod-lille-0.6b,bn,D-lit,C,B,2,B,0,1,0.040862403810024005,0.8389363288879391,0.8389363288879391,0.6441624760627741,0.080912351608276,0.8389363288879391,0.040862403810024005,0.039288975298404
984,lod-lille-0.6b,bn,D-lit,C,A,2,A,0,1,0.053614657372236,0.8688990473747251,0.8688990473747251,0.6039349436759941,0.8688990473747251,0.039451196789741,0.053614657372236,0.038035012781620005
985,lod-lille-0.6b,bn,D-lit,B,A,1,A,0,1,0.217823937535285,0.724186301231384,0.724186301231384,0.40038573741912803,0.724186301231384,0.217823937535285,0.017705641686916,0.040284097194671006
986,lod-lille-0.6b,bn,D-lit,D,B,3,B,0,1,0.134592071175575,0.655643880367279,0.655643880367279,0.5756228566169731,0.088098600506782,0.655643880367279,0.12166540324687901,0.134592071175575
993,lod-lille-0.6b,bn,D-lit,D,B,3,B,0,1,0.075362153351306,0.8722732067108151,0.8722732067108151,0.600773572921752,0.026286741718649004,0.8722732067108151,0.026077913120388003,0.075362153351306
996,lod-lille-0.6b,bn,D-lit,D,C,3,C,0,1,0.062215592712163,0.823499917984008,0.823499917984008,0.624436736106872,0.07853672653436601,0.035747766494750005,0.823499917984008,0.062215592712163
999,lod-lille-0.6b,bn,D-lit,A,B,0,B,0,1,0.068510130047798,0.8745870590209961,0.8745870590209961,0.7781098484992981,0.068510130047798,0.8745870590209961,0.018232539296150003,0.038670264184474
1004,lod-lille-0.6b,bn,D-lit,C,A,2,A,0,1,0.12785570323467202,0.64929449558258,0.64929449558258,0.381953507661819,0.64929449558258,0.11344424635171801,0.12785570323467202,0.10940556973218901
1008,lod-lille-0.6b,bn,D-lit,C,A,2,A,0,1,0.24621400237083402,0.6988196969032281,0.6988196969032281,0.462124615907669,0.6988196969032281,0.033839490264654,0.24621400237083402,0.021126886829733002
1011,lod-lille-0.6b,bn,D-lit,D,A,3,A,0,1,0.10074907541275001,0.827958106994628,0.827958106994628,0.5849868655204771,0.827958106994628,0.029754249379038002,0.041538652032613005,0.10074907541275001
1013,lod-lille-0.6b,bn,D-lit,A,C,0,C,0,1,0.033091884106397004,0.9278853535652161,0.9278853535652161,0.749641478061676,0.033091884106397004,0.018051397055387,0.9278853535652161,0.020971378311514
1026,lod-lille-0.6b,bn,D-lit,D,A,3,A,0,1,0.306243568658828,0.42934790253639205,0.42934790253639205,0.20989142358303,0.42934790253639205,0.164743974804878,0.09966462105512601,0.306243568658828
1031,lod-lille-0.6b,bn,D-lit,A,B,0,B,0,1,0.23718608915805803,0.6382507681846611,0.6382507681846611,0.39671650528907704,0.23718608915805803,0.6382507681846611,0.070379450917243,0.05418361723423001
1035,lod-lille-0.6b,bn,D-lit,D,A,3,A,0,1,0.119031280279159,0.7841989994049071,0.7841989994049071,0.618524193763732,0.7841989994049071,0.061511375010013004,0.035258345305919,0.119031280279159
1039,lod-lille-0.6b,bn,D-lit,A,D,0,D,0,1,0.307512819766998,0.533498704433441,0.533498704433441,0.211517110466957,0.307512819766998,0.08505080640316001,0.07393765449523901,0.533498704433441
1041,lod-lille-0.6b,bn,D-lit,C,D,2,D,0,1,0.11841172724962201,0.8680752515792841,0.8680752515792841,0.722577691078186,0.00875877123326,0.0047542196698480005,0.11841172724962201,0.8680752515792841
1044,lod-lille-0.6b,bn,D-lit,B,A,1,A,0,1,0.043868467211723,0.9074289202690121,0.9074289202690121,0.7930079102516171,0.9074289202690121,0.043868467211723,0.017883755266666003,0.030818879604339003
1046,lod-lille-0.6b,bn,D-lit,B,C,1,C,0,1,0.012609505094587001,0.933967471122741,0.933967471122741,0.8042668104171751,0.014143337495625002,0.012609505094587001,0.933967471122741,0.039279725402593
1049,lod-lille-0.6b,bn,D-lit,D,B,3,B,0,1,0.0355727635324,0.8905553221702571,0.8905553221702571,0.722918927669525,0.046422883868217,0.8905553221702571,0.02744897827506,0.0355727635324
1051,lod-lille-0.6b,bn,D-lit,D,C,3,C,0,1,0.030419366434216003,0.8777547478675841,0.8777547478675841,0.692321121692657,0.041673131287097,0.050152778625488004,0.8777547478675841,0.030419366434216003
1057,lod-lille-0.6b,bn,D-lit,B,A,1,A,0,1,0.171653464436531,0.7912250757217401,0.7912250757217401,0.621450781822204,0.7912250757217401,0.171653464436531,0.016928834840655,0.020192613825201003
1065,lod-lille-0.6b,bn,D-lit,B,A,1,A,0,1,0.092936977744102,0.8214752078056331,0.8214752078056331,0.47649094462394703,0.8214752078056331,0.092936977744102,0.031153917312622,0.054433859884738006
1070,lod-lille-0.6b,bn,D-lit,B,D,1,D,0,1,0.067074209451675,0.8880005478858941,0.8880005478858941,0.7433013916015621,0.022356852889060003,0.067074209451675,0.022568367421627003,0.8880005478858941
1071,lod-lille-0.6b,bn,D-lit,C,A,2,A,0,1,0.11822108179330801,0.753011763095855,0.753011763095855,0.514126181602478,0.753011763095855,0.039406344294548,0.11822108179330801,0.08936080336570701
1073,lod-lille-0.6b,bn,D-lit,A,C,0,C,0,1,0.33974680304527205,0.5683991312980651,0.5683991312980651,0.39994293451309204,0.33974680304527205,0.035099722445011,0.5683991312980651,0.056754298508167
1074,lod-lille-0.6b,bn,D-lit,D,B,3,B,0,1,0.320635169744491,0.33643764257431,0.33643764257431,0.27981203794479304,0.097091935575008,0.33643764257431,0.24583524465560902,0.320635169744491
1076,lod-lille-0.6b,bn,D-lit,B,D,1,D,0,1,0.30629721283912603,0.6514344811439511,0.6514344811439511,0.439816057682037,0.020775239914655002,0.30629721283912603,0.021492999047040003,0.6514344811439511
1083,lod-lille-0.6b,bn,D-lit,D,B,3,B,0,1,0.058073285967111005,0.8990350365638731,0.8990350365638731,0.744611859321594,0.024271363392472003,0.8990350365638731,0.018620371818542,0.058073285967111005
1090,lod-lille-0.6b,bn,D-lit,D,B,3,B,0,1,0.06079656258225401,0.8785878419876091,0.8785878419876091,0.7398747801780701,0.038714449852705,0.8785878419876091,0.021901192143559,0.06079656258225401
1094,lod-lille-0.6b,bn,D-lit,A,C,0,C,0,1,0.228458568453788,0.503850638866424,0.503850638866424,0.291254132986068,0.228458568453788,0.19860440492630002,0.503850638866424,0.06908641010522801
1095,lod-lille-0.6b,bn,D-lit,B,C,1,B,1,0,0.331099867820739,0.23393122851848602,0.331099867820739,0.22297254204750003,0.238989949226379,0.331099867820739,0.23393122851848602,0.19597889482975
1097,lod-lille-0.6b,bn,D-lit,D,A,3,A,0,1,0.062514461576938,0.837218165397644,0.837218165397644,0.633302748203277,0.837218165397644,0.047069389373064006,0.053197983652353,0.062514461576938
1100,lod-lille-0.6b,bn,D-lit,A,C,0,C,0,1,0.027849635109305004,0.9420253038406371,0.9420253038406371,0.8023607134819031,0.027849635109305004,0.022863544523715,0.9420253038406371,0.007261538878083001
1101,lod-lille-0.6b,bn,D-lit,A,C,0,C,0,1,0.018105249851942,0.941255450248718,0.941255450248718,0.7964120507240291,0.018105249851942,0.021219186484813003,0.941255450248718,0.019420079886913
1102,lod-lille-0.6b,bn,D-lit,D,C,3,C,0,1,0.05880718678236001,0.8487690091133111,0.8487690091133111,0.671910107135772,0.029182160273194,0.063241697847843,0.8487690091133111,0.05880718678236001
1104,lod-lille-0.6b,bn,D-lit,A,C,0,C,0,1,0.109774023294448,0.599825620651245,0.599825620651245,0.45520308613777105,0.109774023294448,0.128435790538787,0.599825620651245,0.16196458041667902
1105,lod-lille-0.6b,bn,D-lit,C,B,2,B,0,1,0.12331115454435301,0.517195224761962,0.517195224761962,0.23098681867122603,0.269391179084777,0.517195224761962,0.12331115454435301,0.090102396905422
1108,lod-lille-0.6b,bn,D-lit,A,B,0,B,0,1,0.36608380079269404,0.47923532128334,0.47923532128334,0.22692388296127303,0.36608380079269404,0.47923532128334,0.07392493635416,0.080755986273288
1111,lod-lille-0.6b,bn,D-lit,D,A,3,A,0,1,0.271508991718292,0.7053540945053101,0.7053540945053101,0.57786601781845,0.7053540945053101,0.009873467497527,0.013263439759612,0.271508991718292
1113,lod-lille-0.6b,bn,D-lit,D,B,3,B,0,1,0.007125831674784,0.983120083808898,0.983120083808898,0.865099966526031,0.005596597678959,0.983120083808898,0.0041574286296960005,0.007125831674784
1115,lod-lille-0.6b,bn,D-lit,C,D,2,D,0,1,0.039296530187129,0.9374582767486571,0.9374582767486571,0.7453426718711851,0.009191586636006001,0.014053561724722,0.039296530187129,0.9374582767486571
1119,lod-lille-0.6b,bn,D-lit,A,C,0,C,0,1,0.140947222709655,0.7166424989700311,0.7166424989700311,0.586938738822937,0.140947222709655,0.08249541372060701,0.7166424989700311,0.05991486459970401
1123,lod-lille-0.6b,bn,D-lit,D,A,3,A,0,1,0.271294176578521,0.6757017374038691,0.6757017374038691,0.48674193024635304,0.6757017374038691,0.023180644959211003,0.029823407530784003,0.271294176578521
1125,lod-lille-0.6b,bn,D-lit,A,C,0,C,0,1,0.107279658317565,0.772879600524902,0.772879600524902,0.5747463703155511,0.107279658317565,0.067303590476512,0.772879600524902,0.05253716558218
1134,lod-lille-0.6b,bn,D-lit,A,C,0,C,0,1,0.024409731850028003,0.933914303779602,0.933914303779602,0.7648050785064691,0.024409731850028003,0.023631462827324003,0.933914303779602,0.018044466152787
1137,lod-lille-0.6b,bn,D-lit,C,B,2,B,0,1,0.409967392683029,0.48226720094680703,0.48226720094680703,0.223806768655776,0.077369943261146,0.48226720094680703,0.409967392683029,0.030395530164241003
1140,lod-lille-0.6b,bn,D-lit,A,D,0,D,0,1,0.19180524349212602,0.682392179965972,0.682392179965972,0.41668295860290505,0.19180524349212602,0.08755773305892901,0.038244895637035,0.682392179965972
1144,lod-lille-0.6b,bn,D-lit,C,D,2,D,0,1,0.098042480647563,0.6524088382720941,0.6524088382720941,0.383091062307357,0.134418010711669,0.11513067036867101,0.098042480647563,0.6524088382720941
1163,lod-lille-0.6b,bn,D-lit,B,A,1,A,0,1,0.027930088341236003,0.8672788143157951,0.8672788143157951,0.5680665373802181,0.8672788143157951,0.027930088341236003,0.05768586695194201,0.047105211764574
1164,lod-lille-0.6b,bn,D-lit,A,B,0,B,0,1,0.018438383936882,0.9191674590110771,0.9191674590110771,0.7195639610290521,0.018438383936882,0.9191674590110771,0.053024962544441,0.00936914794147
1165,lod-lille-0.6b,bn,D-lit,D,C,3,C,0,1,0.342950493097305,0.45815607905387806,0.45815607905387806,0.19213937222957603,0.109225809574127,0.089667573571205,0.45815607905387806,0.342950493097305
1166,lod-lille-0.6b,bn,D-lit,C,D,2,D,0,1,0.10505862534046101,0.765280067920684,0.765280067920684,0.576321482658386,0.061828158795833005,0.067833162844181,0.10505862534046101,0.765280067920684
1173,lod-lille-0.6b,bn,D-lit,D,B,3,C,0,0,0.24415716528892503,0.148547485470771,0.322885066270828,0.18371382355690002,0.28441035747528004,0.148547485470771,0.322885066270828,0.24415716528892503
1175,lod-lille-0.6b,bn,D-lit,A,B,0,B,0,1,0.07932573556900001,0.723856806755065,0.723856806755065,0.565449178218841,0.07932573556900001,0.723856806755065,0.054628752171993006,0.142188727855682
1179,lod-lille-0.6b,bn,D-lit,D,B,3,B,0,1,0.138802126049995,0.44481047987937905,0.44481047987937905,0.24958655238151503,0.18260143697261802,0.44481047987937905,0.233785957098007,0.138802126049995
1181,lod-lille-0.6b,bn,D-lit,A,C,0,C,0,1,0.13120421767234802,0.501439452171325,0.501439452171325,0.347438216209411,0.13120421767234802,0.23343649506568903,0.501439452171325,0.13391980528831401
1183,lod-lille-0.6b,bn,D-lit,A,B,0,B,0,1,0.283368289470672,0.6592891812324521,0.6592891812324521,0.44324740767478904,0.283368289470672,0.6592891812324521,0.037717677652835006,0.019624853506684
1187,lod-lille-0.6b,bn,D-lit,D,C,3,C,0,1,0.12337823212146701,0.630179047584533,0.630179047584533,0.309879511594772,0.124393709003925,0.122049063444137,0.630179047584533,0.12337823212146701
1190,lod-lille-0.6b,bn,D-lit,C,A,2,A,0,1,0.21008241176605202,0.6804453730583191,0.6804453730583191,0.48121818900108304,0.6804453730583191,0.060693472623825004,0.21008241176605202,0.04877871647477101
1196,lod-lille-0.6b,bn,D-lit,B,D,1,C,0,0,0.210396438837051,0.266953885555267,0.290489494800567,0.14431022107601102,0.232160165905952,0.210396438837051,0.290489494800567,0.266953885555267
1205,lod-lille-0.6b,bn,D-lit,A,D,0,D,0,1,0.11418509483337401,0.7793946266174311,0.7793946266174311,0.5911102294921871,0.11418509483337401,0.040473897010087,0.065946348011493,0.7793946266174311
1208,lod-lille-0.6b,bn,D-lit,A,B,0,B,0,1,0.30394029617309504,0.39228740334510803,0.39228740334510803,0.153001859784126,0.30394029617309504,0.39228740334510803,0.167693182826042,0.136079117655754
1213,lod-lille-0.6b,bn,D-lit,A,C,0,C,0,1,0.185870677232742,0.7175137400627131,0.7175137400627131,0.6364810466766351,0.185870677232742,0.06059180572628901,0.7175137400627131,0.03602385520935
1215,lod-lille-0.6b,bn,D-lit,C,D,2,D,0,1,0.032566186040639,0.8582167029380791,0.8582167029380791,0.660771906375885,0.064320906996726,0.044896256178617006,0.032566186040639,0.8582167029380791
1218,lod-lille-0.6b,bn,D-lit,B,C,1,C,0,1,0.06845065951347301,0.8728232383728021,0.8728232383728021,0.613419473171234,0.032395530492067004,0.06845065951347301,0.8728232383728021,0.026330618187785003
1223,lod-lille-0.6b,bn,D-lit,B,D,1,A,0,0,0.13981769979,0.098835974931716,0.609524190425872,0.41198346018791204,0.609524190425872,0.13981769979,0.15182214975357,0.098835974931716
1239,lod-lille-0.6b,bn,D-lit,B,C,1,C,0,1,0.015488860197365001,0.9361186623573301,0.9361186623573301,0.757878184318542,0.036122277379035006,0.015488860197365001,0.9361186623573301,0.012270167469978001
1240,lod-lille-0.6b,bn,D-lit,B,A,1,A,0,1,0.039372224360704006,0.909758567810058,0.909758567810058,0.749700188636779,0.909758567810058,0.039372224360704006,0.023683099076151,0.02718611061573
1241,lod-lille-0.6b,bn,D-lit,A,B,0,B,0,1,0.053264521062374004,0.7386876344680781,0.7386876344680781,0.509516060352325,0.053264521062374004,0.7386876344680781,0.108693860471248,0.09935391694307301
1246,lod-lille-0.6b,bn,D-lit,C,B,2,B,0,1,0.056847047060728004,0.881024956703186,0.881024956703186,0.75105857849121,0.030970154330134003,0.881024956703186,0.056847047060728004,0.03115782700479
1247,lod-lille-0.6b,bn,D-lit,D,C,3,C,0,1,0.012247532606124,0.9532399773597711,0.9532399773597711,0.7636941075325011,0.026779528707265,0.007732967846095001,0.9532399773597711,0.012247532606124
1249,lod-lille-0.6b,bn,D-lit,D,B,3,B,0,1,0.08366971462965,0.765985131263732,0.765985131263732,0.5681771039962761,0.06852594017982401,0.765985131263732,0.081819266080856,0.08366971462965
1250,lod-lille-0.6b,bn,D-lit,C,A,2,A,0,1,0.072642222046852,0.7214025259017941,0.7214025259017941,0.5238794684410091,0.7214025259017941,0.060304887592792004,0.072642222046852,0.14565031230449602
1253,lod-lille-0.6b,bn,D-lit,B,A,1,A,0,1,0.06737986207008301,0.851469695568084,0.851469695568084,0.704580962657928,0.851469695568084,0.06737986207008301,0.044063724577426,0.037086695432662006
1258,lod-lille-0.6b,bn,D-lit,A,D,0,A,1,0,0.496262401342391,0.16992202401161102,0.496262401342391,0.23206357657909302,0.496262401342391,0.138178601861,0.195636972784996,0.16992202401161102
1260,lod-lille-0.6b,bn,D-lit,A,D,0,A,1,0,0.35206332802772505,0.225910991430282,0.35206332802772505,0.172119051218032,0.35206332802772505,0.237083181738853,0.184942483901977,0.225910991430282
1270,lod-lille-0.6b,bn,D-lit,D,C,3,C,0,1,0.102414481341838,0.71974766254425,0.71974766254425,0.5022617578506471,0.068558976054191,0.109278850257396,0.71974766254425,0.102414481341838
1274,lod-lille-0.6b,bn,D-lit,C,B,2,B,0,1,0.11707774549722601,0.8605707883834831,0.8605707883834831,0.6836754679679871,0.010300793685019,0.8605707883834831,0.11707774549722601,0.012050659395754
1275,lod-lille-0.6b,bn,D-lit,D,C,3,C,0,1,0.023134727030992,0.917815625667572,0.917815625667572,0.7724649906158441,0.042503528296947,0.016546137630939,0.917815625667572,0.023134727030992
1281,lod-lille-0.6b,bn,D-lit,A,D,0,B,0,0,0.29160004854202204,0.198457151651382,0.305051892995834,0.162653803825378,0.29160004854202204,0.305051892995834,0.20489090681076003,0.198457151651382
1283,lod-lille-0.6b,bn,D-lit,A,D,0,C,0,0,0.22947640717029502,0.21701611578464503,0.347379863262176,0.20313835144042902,0.22947640717029502,0.20612764358520502,0.347379863262176,0.21701611578464503
1289,lod-lille-0.6b,bn,D-lit,C,D,2,D,0,1,0.023966927081346002,0.963414132595062,0.963414132595062,0.8905803561210631,0.004474612418562,0.008144327439367001,0.023966927081346002,0.963414132595062
1294,lod-lille-0.6b,bn,D-lit,A,C,0,C,0,1,0.109576702117919,0.6093592643737791,0.6093592643737791,0.300847947597503,0.109576702117919,0.225568503141403,0.6093592643737791,0.055495567619800006
1317,lod-lille-0.6b,bn,D-lit,B,C,1,C,0,1,0.08946723490953401,0.7406241297721861,0.7406241297721861,0.5531204938888551,0.08180635422468101,0.08946723490953401,0.7406241297721861,0.08810226619243601
1320,lod-lille-0.6b,bn,D-lit,B,C,1,C,0,1,0.020546754822134,0.9566161036491391,0.9566161036491391,0.774402678012847,0.014855686575174,0.020546754822134,0.9566161036491391,0.007981412112712001
1324,lod-lille-0.6b,bn,D-lit,D,B,3,B,0,1,0.007754629943519001,0.9359299540519711,0.9359299540519711,0.811561465263366,0.017313299700617003,0.9359299540519711,0.0390020981431,0.007754629943519001
1327,lod-lille-0.6b,bn,D-lit,A,B,0,B,0,1,0.11757206916809002,0.6612387299537651,0.6612387299537651,0.44627577066421503,0.11757206916809002,0.6612387299537651,0.10841666162014,0.11277253925800301
1337,lod-lille-0.6b,bn,D-lit,D,A,3,A,0,1,0.13249935209751101,0.801935195922851,0.801935195922851,0.589448451995849,0.801935195922851,0.025082947686314003,0.040482483804225006,0.13249935209751101
1345,lod-lille-0.6b,bn,D-lit,D,C,3,C,0,1,0.16748596727848,0.802434086799621,0.802434086799621,0.679168224334716,0.018093135207891003,0.011986783705651,0.802434086799621,0.16748596727848
1351,lod-lille-0.6b,bn,D-lit,B,D,1,B,1,0,0.9420456886291501,0.018045710399746,0.9420456886291501,0.7794170975685121,0.024504380300641,0.9420456886291501,0.015404181554913,0.018045710399746
1352,lod-lille-0.6b,bn,D-lit,C,A,2,A,0,1,0.036711901426315,0.9456037878990171,0.9456037878990171,0.755148291587829,0.9456037878990171,0.008751445449888,0.036711901426315,0.008932869881391001
1362,lod-lille-0.6b,bn,D-lit,A,B,0,B,0,1,0.19101458787918002,0.773989140987396,0.773989140987396,0.6700218915939331,0.19101458787918002,0.773989140987396,0.009270824491977001,0.025725439190864
1363,lod-lille-0.6b,bn,D-lit,B,C,1,C,0,1,0.043023008853197,0.949317634105682,0.949317634105682,0.856921911239624,0.0036014576908200003,0.043023008853197,0.949317634105682,0.004057902377098
1364,lod-lille-0.6b,bn,D-lit,B,A,1,A,0,1,0.34957084059715204,0.571272134780883,0.571272134780883,0.390044510364532,0.571272134780883,0.34957084059715204,0.039503782987594,0.039653275161981
1365,lod-lille-0.6b,bn,D-lit,B,C,1,C,0,1,0.010450822301208001,0.9695389270782471,0.9695389270782471,0.8738905191421501,0.013022468425333,0.010450822301208001,0.9695389270782471,0.006987656466662001
1366,lod-lille-0.6b,bn,D-lit,A,B,0,B,0,1,0.21261598169803603,0.7690192461013791,0.7690192461013791,0.605240881443023,0.21261598169803603,0.7690192461013791,0.011435138992965001,0.006929616909474001
1369,lod-lille-0.6b,bn,D-lit,D,C,3,C,0,1,0.041988067328929006,0.9137744307518001,0.9137744307518001,0.7943146824836731,0.019116664305329,0.025120919570326004,0.9137744307518001,0.041988067328929006
1372,lod-lille-0.6b,bn,D-lit,C,A,2,C,1,0,0.48984473943710305,0.085725128650665,0.48984473943710305,0.261771202087402,0.085725128650665,0.302357792854309,0.48984473943710305,0.122072286903858
1382,lod-lille-0.6b,bn,D-lit,D,C,3,C,0,1,0.009815408848226001,0.9777231216430661,0.9777231216430661,0.852438449859619,0.006884289439767001,0.005577297881245001,0.9777231216430661,0.009815408848226001
1384,lod-lille-0.6b,bn,D-lit,B,D,1,D,0,1,0.004295128863304,0.9859074354171751,0.9859074354171751,0.8389734625816341,0.003438040148466,0.004295128863304,0.0063594589009880005,0.9859074354171751
1385,lod-lille-0.6b,bn,D-lit,A,B,0,B,0,1,0.282061219215393,0.334094762802124,0.334094762802124,0.191897690296173,0.282061219215393,0.334094762802124,0.203553423285484,0.18029053509235302
1386,lod-lille-0.6b,bn,D-lit,A,D,0,D,0,1,0.022138120606541002,0.9520851373672481,0.9520851373672481,0.783407390117645,0.022138120606541002,0.012264912016689,0.013511908240616,0.9520851373672481
1387,lod-lille-0.6b,bn,D-lit,D,C,3,C,0,1,0.14961618185043302,0.531211256980896,0.531211256980896,0.29638740420341403,0.235723182559013,0.08344938606023701,0.531211256980896,0.14961618185043302
1388,lod-lille-0.6b,bn,D-lit,B,C,1,C,0,1,0.046685751527547004,0.7447131276130671,0.7447131276130671,0.48925918340682906,0.07509730011224701,0.046685751527547004,0.7447131276130671,0.133503854274749
1390,lod-lille-0.6b,bn,D-lit,C,B,2,B,0,1,0.044609840959310004,0.9117860198020931,0.9117860198020931,0.7046023011207581,0.014793310314416,0.9117860198020931,0.044609840959310004,0.028810812160372002
1391,lod-lille-0.6b,bn,D-lit,B,A,1,A,0,1,0.039695724844932,0.9315771460533141,0.9315771460533141,0.794003248214721,0.9315771460533141,0.039695724844932,0.018590226769447,0.010136968456208002
1392,lod-lille-0.6b,bn,D-lit,B,C,1,C,0,1,0.022725369781255,0.9305005073547361,0.9305005073547361,0.79669964313507,0.019922163337469,0.022725369781255,0.9305005073547361,0.026851987466216
1393,lod-lille-0.6b,bn,D-lit,D,B,3,B,0,1,0.11376187205314602,0.786916732788085,0.786916732788085,0.527026414871215,0.04496800899505601,0.786916732788085,0.054353438317775005,0.11376187205314602
1394,lod-lille-0.6b,bn,D-lit,C,A,2,A,0,1,0.055463314056396006,0.81903475522995,0.81903475522995,0.608447730541229,0.81903475522995,0.057251088321208,0.055463314056396006,0.068250782787799
1397,lod-lille-0.6b,bn,D-lit,C,D,2,B,0,0,0.11623118817806201,0.263582557439804,0.49147468805313105,0.293900281190872,0.12871161103248502,0.49147468805313105,0.11623118817806201,0.263582557439804
1398,lod-lille-0.6b,bn,D-lit,B,C,1,B,1,0,0.29680579900741505,0.241473674774169,0.29680579900741505,0.150163769721984,0.279514014720916,0.29680579900741505,0.241473674774169,0.182206526398658
1400,lod-lille-0.6b,bn,D-lit,A,D,0,D,0,1,0.032807637006044,0.8783189058303831,0.8783189058303831,0.76537674665451,0.032807637006044,0.042622130364179,0.04625131189823101,0.8783189058303831
1402,lod-lille-0.6b,bn,D-lit,B,C,1,C,0,1,0.039228849112987005,0.9237834811210631,0.9237834811210631,0.80894786119461,0.01746984757483,0.039228849112987005,0.9237834811210631,0.019517745822668003
1404,lod-lille-0.6b,bn,D-lit,A,C,0,C,0,1,0.076980255544185,0.8143561482429501,0.8143561482429501,0.695566475391387,0.076980255544185,0.072660110890865,0.8143561482429501,0.03600338101387
1405,lod-lille-0.6b,bn,D-lit,B,A,1,A,0,1,0.05556708201766,0.732149839401245,0.732149839401245,0.6213800311088561,0.732149839401245,0.05556708201766,0.065821819007396,0.146461278200149
1408,lod-lille-0.6b,bn,D-lit,A,B,0,B,0,1,0.33469775319099404,0.434116125106811,0.434116125106811,0.344034194946289,0.33469775319099404,0.434116125106811,0.021796246990561003,0.209389895200729
1420,lod-lille-0.6b,bn,D-lit,B,C,1,C,0,1,0.00400548800826,0.9881491661071771,0.9881491661071771,0.8592001199722291,0.0016982883680610001,0.00400548800826,0.9881491661071771,0.006147071719169001
1425,lod-lille-0.6b,bn,D-lit,A,D,0,D,0,1,0.028567310422658,0.9477289915084831,0.9477289915084831,0.8751969933509821,0.028567310422658,0.008343185298144,0.015360495075583002,0.9477289915084831
1428,lod-lille-0.6b,bn,D-lit,A,D,0,D,0,1,0.011151827871799,0.9714607000350951,0.9714607000350951,0.8292497396469111,0.011151827871799,0.009923541918396001,0.007463983725756001,0.9714607000350951
1429,lod-lille-0.6b,bn,D-lit,A,B,0,B,0,1,0.269560247659683,0.6994241476058961,0.6994241476058961,0.5556701421737671,0.269560247659683,0.6994241476058961,0.009166804142296,0.021848835051059
1430,lod-lille-0.6b,bn,D-lit,A,D,0,D,0,1,0.367077380418777,0.5127321481704711,0.5127321481704711,0.346673607826232,0.367077380418777,0.099166400730609,0.021024065092206,0.5127321481704711
1431,lod-lille-0.6b,bn,D-lit,A,C,0,C,0,1,0.026593524962663,0.966404318809509,0.966404318809509,0.8178046345710751,0.026593524962663,0.0031901439651840003,0.966404318809509,0.0038119286764410005
1433,lod-lille-0.6b,bn,D-lit,B,D,1,D,0,1,0.0077632884494960004,0.983428061008453,0.983428061008453,0.8512080907821651,0.004494439344853001,0.0077632884494960004,0.0043141329661010005,0.983428061008453
1434,lod-lille-0.6b,bn,D-lit,B,A,1,A,0,1,0.025483490899205003,0.9028847217559811,0.9028847217559811,0.724975109100341,0.9028847217559811,0.025483490899205003,0.059660755097866,0.011971070431172001
1441,lod-lille-0.6b,bn,D-lit,C,B,2,B,0,1,0.04500176012516,0.8438337445259091,0.8438337445259091,0.7113575935363771,0.05531570315361001,0.8438337445259091,0.04500176012516,0.055848758667707006
1442,lod-lille-0.6b,bn,D-lit,A,C,0,C,0,1,0.244996353983879,0.709725081920623,0.709725081920623,0.55059140920639,0.244996353983879,0.028409851714968,0.709725081920623,0.016868755221366
1454,lod-lille-0.6b,bn,D-lit,B,D,1,D,0,1,0.16319721937179502,0.811420500278472,0.811420500278472,0.6184484362602231,0.010354538448154,0.16319721937179502,0.015027699060738002,0.811420500278472
1470,lod-lille-0.6b,bn,D-lit,C,A,2,C,1,0,0.345707178115844,0.32047104835510204,0.345707178115844,0.194894239306449,0.32047104835510204,0.20742604136466902,0.345707178115844,0.12639571726322102
1475,lod-lille-0.6b,bn,D-lit,D,B,3,B,0,1,0.30259880423545804,0.454836457967758,0.454836457967758,0.20077833533287,0.10957861691713301,0.454836457967758,0.13298608362674702,0.30259880423545804
1477,lod-lille-0.6b,bn,D-lit,A,C,0,C,0,1,0.102124236524105,0.825662970542907,0.825662970542907,0.6485823392868041,0.102124236524105,0.027813717722892,0.825662970542907,0.044399082660675
1478,lod-lille-0.6b,bn,D-lit,D,C,3,C,0,1,0.40296667814254705,0.445431232452392,0.445431232452392,0.22663563489913902,0.119155384600162,0.032446678727865004,0.445431232452392,0.40296667814254705
1483,lod-lille-0.6b,bn,D-lit,B,C,1,C,0,1,0.26609832048416104,0.538526237010955,0.538526237010955,0.339091569185256,0.054689463227987005,0.26609832048416104,0.538526237010955,0.140686020255088
1484,lod-lille-0.6b,bn,D-lit,B,D,1,D,0,1,0.021402943879365,0.928366243839263,0.928366243839263,0.8057445287704461,0.029050547629594,0.021402943879365,0.021180270239710003,0.928366243839263
1486,lod-lille-0.6b,bn,D-lit,D,B,3,B,0,1,0.188631042838096,0.7057830691337581,0.7057830691337581,0.443527042865753,0.086732566356658,0.7057830691337581,0.018853332847356002,0.188631042838096
1488,lod-lille-0.6b,bn,D-lit,B,A,1,A,0,1,0.23967327177524503,0.5395160317420961,0.5395160317420961,0.330832690000534,0.5395160317420961,0.23967327177524503,0.13042552769184101,0.09038515388965601
1491,lod-lille-0.6b,bn,D-lit,D,B,3,B,0,1,0.040384121239185,0.8785800933837891,0.8785800933837891,0.7170605063438411,0.05400276184082001,0.8785800933837891,0.027033010497689,0.040384121239185
1498,lod-lille-0.6b,bn,D-lit,A,B,0,B,0,1,0.12295564264059002,0.7595387101173401,0.7595387101173401,0.575266540050506,0.12295564264059002,0.7595387101173401,0.07975390553474401,0.03775180503726
1501,lod-lille-0.6b,bn,D-lit,C,B,2,B,0,1,0.257642954587936,0.539008498191833,0.539008498191833,0.30315899848937905,0.096848174929618,0.539008498191833,0.257642954587936,0.10650035738945
1502,lod-lille-0.6b,bn,D-lit,D,C,3,C,0,1,0.10908474028110501,0.664843499660491,0.664843499660491,0.552834153175354,0.11652795225381801,0.109543778002262,0.664843499660491,0.10908474028110501
1508,lod-lille-0.6b,bn,D-lit,D,B,3,B,0,1,0.012545046396553001,0.9777194261550901,0.9777194261550901,0.866670548915863,0.0053059062920510006,0.9777194261550901,0.004429595544934,0.012545046396553001
1509,lod-lille-0.6b,bn,D-lit,D,A,3,A,0,1,0.006564136594533001,0.9602639079093931,0.9602639079093931,0.8151107430458061,0.9602639079093931,0.007854984141886,0.025316946208477003,0.006564136594533001
1514,lod-lille-0.6b,bn,D-lit,B,A,1,A,0,1,0.03067517094314,0.9378949999809261,0.9378949999809261,0.8451619148254391,0.9378949999809261,0.03067517094314,0.021877158433198002,0.00955266226083
1527,lod-lille-0.6b,bn,D-lit,B,C,1,C,0,1,0.154476344585418,0.8230370879173271,0.8230370879173271,0.5658329129219051,0.01397297438234,0.154476344585418,0.8230370879173271,0.008513629436492
1528,lod-lille-0.6b,bn,D-lit,A,B,0,B,0,1,0.073147878050804,0.804461777210235,0.804461777210235,0.620615303516387,0.073147878050804,0.804461777210235,0.047877661883831,0.074512705206871
1529,lod-lille-0.6b,bn,D-lit,A,C,0,C,0,1,0.051855679601430005,0.8204913139343261,0.8204913139343261,0.655450880527496,0.051855679601430005,0.09586451202630901,0.8204913139343261,0.031788576394319
1530,lod-lille-0.6b,bn,D-lit,B,D,1,B,1,0,0.40325558185577304,0.36642095446586603,0.40325558185577304,0.24363063275814,0.10598454624414401,0.40325558185577304,0.12433899194002102,0.36642095446586603
1533,lod-lille-0.6b,bn,D-lit,A,C,0,C,0,1,0.138309210538864,0.670115232467651,0.670115232467651,0.48030358552932706,0.138309210538864,0.12131080031394902,0.670115232467651,0.070264838635921
1534,lod-lille-0.6b,bn,D-lit,D,A,3,A,0,1,0.072042226791381,0.8811960816383361,0.8811960816383361,0.774402022361755,0.8811960816383361,0.020492369309067,0.026269253343343003,0.072042226791381
1542,lod-lille-0.6b,bn,D-lit,C,B,2,B,0,1,0.0102304155007,0.9707504510879511,0.9707504510879511,0.7983456850051881,0.009291041642427,0.9707504510879511,0.0102304155007,0.00972812436521
1543,lod-lille-0.6b,bn,D-lit,D,B,3,B,0,1,0.010611522011458001,0.9632937908172601,0.9632937908172601,0.845788717269897,0.015099622309207,0.9632937908172601,0.010995076037943,0.010611522011458001
1544,lod-lille-0.6b,bn,D-lit,A,D,0,D,0,1,0.057838562875986,0.890491425991058,0.890491425991058,0.7262741923332211,0.057838562875986,0.030055681243538003,0.021614314988255,0.890491425991058
1545,lod-lille-0.6b,bn,D-lit,A,B,0,B,0,1,0.07228831946849801,0.857352018356323,0.857352018356323,0.746601223945617,0.07228831946849801,0.857352018356323,0.024347150698304003,0.046012453734874004
1546,lod-lille-0.6b,bn,D-lit,D,C,3,C,0,1,0.094456985592842,0.770151436328887,0.770151436328887,0.6043318510055541,0.093071997165679,0.042319517582654,0.770151436328887,0.094456985592842
1548,lod-lille-0.6b,bn,D-lit,B,A,1,A,0,1,0.016320317983627,0.9421437978744501,0.9421437978744501,0.7999212145805351,0.9421437978744501,0.016320317983627,0.015886481851339,0.025649400427937
1549,lod-lille-0.6b,bn,D-lit,B,A,1,A,0,1,0.188599959015846,0.688837051391601,0.688837051391601,0.47204655408859203,0.688837051391601,0.188599959015846,0.059647884219884005,0.062915056943893
1550,lod-lille-0.6b,bn,D-lit,B,D,1,D,0,1,0.059487488120794005,0.918731033802032,0.918731033802032,0.8180957436561581,0.0032048167195170003,0.059487488120794005,0.018576636910438,0.918731033802032
1555,lod-lille-0.6b,bn,D-lit,D,A,3,A,0,1,0.034702934324741,0.9048936963081361,0.9048936963081361,0.721082508563995,0.9048936963081361,0.029535908252000004,0.030867453664541,0.034702934324741
1556,lod-lille-0.6b,bn,D-lit,A,C,0,C,0,1,0.014352960512042,0.9582529664039611,0.9582529664039611,0.8347318768501281,0.014352960512042,0.011528908275067001,0.9582529664039611,0.015865081921219
1557,lod-lille-0.6b,bn,D-lit,C,B,2,B,0,1,0.067854762077331,0.8278421163558961,0.8278421163558961,0.619289875030517,0.048618014901876005,0.8278421163558961,0.067854762077331,0.055685143917798004
1558,lod-lille-0.6b,bn,D-lit,A,D,0,D,0,1,0.031758077442646006,0.9238259792327881,0.9238259792327881,0.7250120043754571,0.031758077442646006,0.025392472743988002,0.019023448228836,0.9238259792327881
1559,lod-lille-0.6b,bn,D-lit,B,C,1,C,0,1,0.013672780245542,0.9702677726745601,0.9702677726745601,0.8676736354827881,0.008147103711962,0.013672780245542,0.9702677726745601,0.007912353612482001
1561,lod-lille-0.6b,bn,D-lit,C,A,2,A,0,1,0.099043972790241,0.705254852771759,0.705254852771759,0.567413628101348,0.705254852771759,0.091672651469707,0.099043972790241,0.10402851551771101
1564,lod-lille-0.6b,bn,D-lit,B,A,1,A,0,1,0.08849673718214,0.8785603046417231,0.8785603046417231,0.7146582007408141,0.8785603046417231,0.08849673718214,0.010643325746059001,0.022299669682979
1566,lod-lille-0.6b,bn,D-lit,D,B,3,B,0,1,0.068887822329998,0.7883828282356261,0.7883828282356261,0.630034387111663,0.087531559169292,0.7883828282356261,0.05519779026508301,0.068887822329998
1568,lod-lille-0.6b,bn,D-lit,C,A,2,A,0,1,0.24519835412502203,0.35996481776237405,0.35996481776237405,0.22948972880840302,0.35996481776237405,0.21357868611812503,0.24519835412502203,0.18125811219215301
1569,lod-lille-0.6b,bn,D-lit,B,C,1,C,0,1,0.011436482891440001,0.9605653882026671,0.9605653882026671,0.8498839735984801,0.014150501228868,0.011436482891440001,0.9605653882026671,0.013847695663571
1572,lod-lille-0.6b,bn,D-lit,D,C,3,C,0,1,0.008657136000692001,0.967167913913726,0.967167913913726,0.828912436962127,0.011151058599352,0.013023915700614001,0.967167913913726,0.008657136000692001
1573,lod-lille-0.6b,bn,D-lit,D,B,3,B,0,1,0.050366248935461,0.9286775588989251,0.9286775588989251,0.816979169845581,0.009400762617588002,0.9286775588989251,0.011555440723896,0.050366248935461
1576,lod-lille-0.6b,bn,D-lit,D,B,3,B,0,1,0.024597378447651003,0.8848847150802611,0.8848847150802611,0.758738219738006,0.070826090872287,0.8848847150802611,0.019691826775670003,0.024597378447651003
1579,lod-lille-0.6b,bn,D-lit,B,C,1,C,0,1,0.045723978430032,0.8930972814559931,0.8930972814559931,0.786093711853027,0.027940433472394003,0.045723978430032,0.8930972814559931,0.033238273113965
1582,lod-lille-0.6b,bn,D-lit,D,A,3,A,0,1,0.046313896775245,0.842492938041687,0.842492938041687,0.6393604874610901,0.842492938041687,0.042520776391029004,0.06867234408855401,0.046313896775245
1584,lod-lille-0.6b,bn,D-lit,B,A,1,A,0,1,0.066513746976852,0.8140180110931391,0.8140180110931391,0.61626249551773,0.8140180110931391,0.066513746976852,0.06626803427934601,0.053200203925371004
1586,lod-lille-0.6b,bn,D-lit,B,D,1,D,0,1,0.058336023241281,0.7980207800865171,0.7980207800865171,0.581678986549377,0.10574633628129901,0.058336023241281,0.037896785885095,0.7980207800865171
1591,lod-lille-0.6b,bn,D-lit,C,A,2,A,0,1,0.050948146730661004,0.8470968008041381,0.8470968008041381,0.60709935426712,0.8470968008041381,0.07050653547048501,0.050948146730661004,0.031448531895875
1595,lod-lille-0.6b,bn,D-lit,C,B,2,B,0,1,0.137998148798942,0.685132324695587,0.685132324695587,0.426334112882614,0.11135626584291401,0.685132324695587,0.137998148798942,0.065513312816619
1600,lod-lille-0.6b,bn,D-lit,D,A,3,A,0,1,0.10649083554744701,0.5180176496505731,0.5180176496505731,0.29970389604568404,0.5180176496505731,0.10347092151641801,0.272020608186721,0.10649083554744701
1610,lod-lille-0.6b,bn,D-lit,A,D,0,D,0,1,0.031753852963447,0.881308376789093,0.881308376789093,0.69642961025238,0.031753852963447,0.050440669059753,0.036497075110673,0.881308376789093
1613,lod-lille-0.6b,bn,D-lit,A,C,0,C,0,1,0.025840962305665002,0.9278621673583981,0.9278621673583981,0.8387538790702821,0.025840962305665002,0.030585728585720003,0.9278621673583981,0.015711057931184002
1615,lod-lille-0.6b,bn,D-lit,C,A,2,A,0,1,0.180440455675125,0.6732662320137021,0.6732662320137021,0.44986280798912004,0.6732662320137021,0.06710689514875401,0.180440455675125,0.079186461865901
1617,lod-lille-0.6b,bn,D-lit,B,C,1,C,0,1,0.096644908189773,0.7512021660804741,0.7512021660804741,0.589210450649261,0.074807927012443,0.096644908189773,0.7512021660804741,0.077345021069049
1618,lod-lille-0.6b,bn,D-lit,C,A,2,B,0,0,0.16249543428421,0.22926639020442902,0.43179503083229004,0.29831090569496105,0.22926639020442902,0.43179503083229004,0.16249543428421,0.17644321918487502
1621,lod-lille-0.6b,bn,D-lit,A,D,0,D,0,1,0.042359422892332,0.8745566010475151,0.8745566010475151,0.679554283618927,0.042359422892332,0.048987798392772,0.034096203744411004,0.8745566010475151
1623,lod-lille-0.6b,bn,D-lit,D,C,3,C,0,1,0.07445652782917,0.8482055068016051,0.8482055068016051,0.6896890997886651,0.035724554210901004,0.041613392531871005,0.8482055068016051,0.07445652782917
1627,lod-lille-0.6b,bn,D-lit,B,C,1,C,0,1,0.26791489124298,0.688245773315429,0.688245773315429,0.6029529571533201,0.01672875508666,0.26791489124298,0.688245773315429,0.027110561728477003
1628,lod-lille-0.6b,bn,D-lit,A,D,0,D,0,1,0.11437676846981001,0.6985228657722471,0.6985228657722471,0.515099465847015,0.11437676846981001,0.106577329337596,0.080523066222667,0.6985228657722471
1631,lod-lille-0.6b,bn,D-lit,D,A,3,A,0,1,0.047677055001258004,0.8869436979293821,0.8869436979293821,0.70657604932785,0.8869436979293821,0.034087490290403005,0.03129182010889,0.047677055001258004
1637,lod-lille-0.6b,bn,D-lit,B,A,1,B,1,0,0.524712622165679,0.150859415531158,0.524712622165679,0.25036746263504,0.150859415531158,0.524712622165679,0.227284878492355,0.09714303165674201
1638,lod-lille-0.6b,bn,D-lit,B,D,1,D,0,1,0.036486122757196,0.8689027428627011,0.8689027428627011,0.620768666267395,0.021865168586373003,0.036486122757196,0.072745934128761,0.8689027428627011
1641,lod-lille-0.6b,bn,D-lit,D,A,3,A,0,1,0.133727058768272,0.801129817962646,0.801129817962646,0.618784427642822,0.801129817962646,0.037500549107789,0.027642641216516002,0.133727058768272
1642,lod-lille-0.6b,bn,D-lit,B,D,1,D,0,1,0.007863637059926001,0.963708221912384,0.963708221912384,0.807840585708618,0.013747536577284001,0.007863637059926001,0.014680549502372001,0.963708221912384
1646,lod-lille-0.6b,bn,D-lit,C,A,2,A,0,1,0.020552309229969,0.9557083845138551,0.9557083845138551,0.7451701760292051,0.9557083845138551,0.011637388728559002,0.020552309229969,0.012101962231099
1647,lod-lille-0.6b,bn,D-lit,A,B,0,B,0,1,0.25756487250328003,0.729618549346923,0.729618549346923,0.6341223716735841,0.25756487250328003,0.729618549346923,0.008740542456507001,0.004076125100255
1650,lod-lille-0.6b,bn,D-lit,A,C,0,C,0,1,0.011056958697736001,0.9582195878028871,0.9582195878028871,0.8309967517852781,0.011056958697736001,0.01523988507688,0.9582195878028871,0.015483554452657
1652,lod-lille-0.6b,bn,D-lit,A,C,0,C,0,1,0.012616047635674001,0.9702255725860591,0.9702255725860591,0.8113845586776731,0.012616047635674001,0.007222197949886,0.9702255725860591,0.009936136193573001
1659,lod-lille-0.6b,bn,D-lit,C,B,2,B,0,1,0.250744491815567,0.34273800253868103,0.34273800253868103,0.13644713163375802,0.261072248220443,0.34273800253868103,0.250744491815567,0.145445257425308
1662,lod-lille-0.6b,bn,D-lit,A,B,0,B,0,1,0.013420998118817001,0.9682735800743101,0.9682735800743101,0.79954993724823,0.013420998118817001,0.9682735800743101,0.008356851525604002,0.009948579594492002
1670,lod-lille-0.6b,bn,D-lit,D,C,3,C,0,1,0.011992667801678,0.9503172636032101,0.9503172636032101,0.75965678691864,0.009955421090126001,0.027734713628888002,0.9503172636032101,0.011992667801678
1673,lod-lille-0.6b,bn,D-lit,A,B,0,B,0,1,0.049539275467395005,0.8023487925529481,0.8023487925529481,0.656166136264801,0.049539275467395005,0.8023487925529481,0.09950134158134401,0.048610571771860005
1675,lod-lille-0.6b,bn,D-lit,C,A,2,A,0,1,0.021583354100584002,0.9316003322601311,0.9316003322601311,0.7663114666938781,0.9316003322601311,0.019087333232164,0.021583354100584002,0.027728928253054
1677,lod-lille-0.6b,bn,D-lit,D,C,3,D,1,0,0.612309277057647,0.05551025271415701,0.612309277057647,0.41050723195075906,0.1349338889122,0.197246566414833,0.05551025271415701,0.612309277057647
1680,lod-lille-0.6b,bn,D-lit,C,D,2,B,0,0,0.185186192393302,0.167412504553794,0.360232025384902,0.18603745102882302,0.28716936707496604,0.360232025384902,0.185186192393302,0.167412504553794
1685,lod-lille-0.6b,bn,D-lit,B,A,1,A,0,1,0.034459587186574006,0.872684836387634,0.872684836387634,0.600305795669555,0.872684836387634,0.034459587186574006,0.05760609358549101,0.035249393433332006
1686,lod-lille-0.6b,bn,D-lit,A,C,0,C,0,1,0.0033645508810870002,0.9905473589897151,0.9905473589897151,0.894422233104705,0.0033645508810870002,0.002067593857645,0.9905473589897151,0.004020477645099
1689,lod-lille-0.6b,bn,D-lit,B,D,1,D,0,1,0.003384865820407,0.9887514710426331,0.9887514710426331,0.876755774021148,0.0034173999447370002,0.003384865820407,0.004446293227374,0.9887514710426331
1690,lod-lille-0.6b,bn,D-lit,A,B,0,B,0,1,0.006494382396340001,0.9883362650871271,0.9883362650871271,0.8838698267936701,0.006494382396340001,0.9883362650871271,0.003237946657463,0.00193140679039
1693,lod-lille-0.6b,bn,D-lit,C,A,2,A,0,1,0.020042713731527002,0.9474387168884271,0.9474387168884271,0.8052436709403991,0.9474387168884271,0.01260011922568,0.020042713731527002,0.019918439909815
1699,lod-lille-0.6b,bn,D-lit,C,A,2,A,0,1,0.058260720223188005,0.835995256900787,0.835995256900787,0.679099023342132,0.835995256900787,0.051195729523897004,0.058260720223188005,0.054548319429159005
1711,lod-lille-0.6b,bn,D-lit,A,B,0,B,0,1,0.026264036074280003,0.9084902405738831,0.9084902405738831,0.6506744027137751,0.026264036074280003,0.9084902405738831,0.027172707021236003,0.038073025643825004
1716,lod-lille-0.6b,bn,D-lit,D,B,3,B,0,1,0.021097691729664,0.9041835665702821,0.9041835665702821,0.737992465496063,0.022648025304079,0.9041835665702821,0.052070695906877004,0.021097691729664
1719,lod-lille-0.6b,bn,D-lit,D,B,3,B,0,1,0.306882053613662,0.616113185882568,0.616113185882568,0.42464259266853305,0.050142608582973,0.616113185882568,0.026862228289246,0.306882053613662
1726,lod-lille-0.6b,bn,D-lit,A,B,0,A,1,0,0.36534038186073303,0.23237778246402702,0.36534038186073303,0.225093334913253,0.36534038186073303,0.23237778246402702,0.145766556262969,0.256515324115753
1731,lod-lille-0.6b,bn,D-lit,D,B,3,B,0,1,0.009844338521361,0.973121702671051,0.973121702671051,0.806950569152832,0.009568500332534001,0.973121702671051,0.0074654631316660005,0.009844338521361
1735,lod-lille-0.6b,bn,D-lit,A,C,0,C,0,1,0.042299643158912006,0.90272033214569,0.90272033214569,0.808601260185241,0.042299643158912006,0.027322100475430003,0.90272033214569,0.027658008038997
1737,lod-lille-0.6b,bn,D-lit,C,A,2,A,0,1,0.015597024001181,0.93498021364212,0.93498021364212,0.8199497461318971,0.93498021364212,0.026760049164295002,0.015597024001181,0.022662717849016002
1740,lod-lille-0.6b,bn,D-lit,C,D,2,D,0,1,0.091716647148132,0.7573713660240171,0.7573713660240171,0.5981313586235041,0.020460462197661,0.130451545119285,0.091716647148132,0.7573713660240171
1742,lod-lille-0.6b,bn,D-lit,D,A,3,A,0,1,0.076875701546669,0.894270062446594,0.894270062446594,0.750526130199432,0.894270062446594,0.00985562801361,0.018998615443706002,0.076875701546669
1745,lod-lille-0.6b,bn,D-lit,C,D,2,D,0,1,0.014994293451309001,0.9694292545318601,0.9694292545318601,0.8189291954040521,0.007008244749158001,0.008568238466978,0.014994293451309001,0.9694292545318601
1747,lod-lille-0.6b,bn,D-lit,C,B,2,B,0,1,0.006081977393478001,0.9827780127525331,0.9827780127525331,0.837393522262573,0.00655671628192,0.9827780127525331,0.006081977393478001,0.0045832311734550005
1748,lod-lille-0.6b,bn,D-lit,A,C,0,C,0,1,0.004651598166674,0.9819203019142151,0.9819203019142151,0.860426008701324,0.004651598166674,0.003470749128609,0.9819203019142151,0.009957347996532001
1752,lod-lille-0.6b,bn,D-lit,B,C,1,C,0,1,0.002193073043599,0.990810275077819,0.990810275077819,0.8866104483604431,0.002948846202343,0.002193073043599,0.990810275077819,0.004047809634357
1758,lod-lille-0.6b,bn,D-lit,B,A,1,A,0,1,0.008152013644576,0.970913171768188,0.970913171768188,0.8174743056297301,0.970913171768188,0.008152013644576,0.011416076682507001,0.009518751874566
1766,lod-lille-0.6b,bn,D-lit,B,D,1,D,0,1,0.006381571292877,0.9871777296066281,0.9871777296066281,0.90121990442276,0.00342417997308,0.006381571292877,0.003016429487615,0.9871777296066281
1770,lod-lille-0.6b,bn,D-lit,A,D,0,D,0,1,0.14068838953971802,0.8423306345939631,0.8423306345939631,0.655087232589721,0.14068838953971802,0.0053674248047170005,0.011613602750003001,0.8423306345939631
1774,lod-lille-0.6b,bn,D-lit,A,B,0,B,0,1,0.022436968982219002,0.865713834762573,0.865713834762573,0.717267274856567,0.022436968982219002,0.865713834762573,0.069718427956104,0.04213074594736
1777,lod-lille-0.6b,bn,D-lit,A,D,0,D,0,1,0.032118815928697,0.956064701080322,0.956064701080322,0.8582770824432371,0.032118815928697,0.002730842679738,0.009085654281079,0.956064701080322
1778,lod-lille-0.6b,bn,D-lit,C,B,2,B,0,1,0.015139874070882001,0.9619388580322261,0.9619388580322261,0.8417809605598451,0.010749579407274001,0.9619388580322261,0.015139874070882001,0.012171647511422001
1783,lod-lille-0.6b,bn,D-lit,B,D,1,D,0,1,0.011724983341991001,0.979866087436676,0.979866087436676,0.879906892776489,0.0068667312152680005,0.011724983341991001,0.0015422903234130001,0.979866087436676
1786,lod-lille-0.6b,bn,D-lit,C,B,2,B,0,1,0.208301693201065,0.5379365086555481,0.5379365086555481,0.34412625432014404,0.16837471723556502,0.5379365086555481,0.208301693201065,0.085387036204338
1788,lod-lille-0.6b,bn,D-lit,B,D,1,D,0,1,0.027319338172674002,0.9255046844482421,0.9255046844482421,0.777179896831512,0.018304137513041,0.027319338172674002,0.028871789574623004,0.9255046844482421
1792,lod-lille-0.6b,bn,D-lit,B,A,1,A,0,1,0.18990509212017,0.472529530525207,0.472529530525207,0.35679969191551203,0.472529530525207,0.18990509212017,0.14715184271335602,0.190413519740104
1793,lod-lille-0.6b,bn,D-lit,B,D,1,D,0,1,0.044370576739311,0.891437053680419,0.891437053680419,0.7962535023689271,0.041773341596126,0.044370576739311,0.022419113665819,0.891437053680419
1794,lod-lille-0.6b,bn,D-lit,A,C,0,C,0,1,0.067155353724956,0.787990927696228,0.787990927696228,0.7005954384803771,0.067155353724956,0.088768608868122,0.787990927696228,0.056085038930177
1797,lod-lille-0.6b,bn,D-lit,A,D,0,D,0,1,0.010553628206253001,0.970002770423889,0.970002770423889,0.8595427870750421,0.010553628206253001,0.009955055080354,0.009488519281148002,0.970002770423889
1803,lod-lille-0.6b,bn,D-lit,D,C,3,C,0,1,0.032121997326612,0.8335934877395631,0.8335934877395631,0.5751824975013731,0.082238249480724,0.052046295255422,0.8335934877395631,0.032121997326612
1804,lod-lille-0.6b,bn,D-lit,B,A,1,A,0,1,0.16621613502502403,0.614861965179443,0.614861965179443,0.5125050544738771,0.614861965179443,0.16621613502502403,0.076776646077632,0.142145201563835
1805,lod-lille-0.6b,bn,D-lit,A,C,0,C,0,1,0.20776814222335802,0.7538676261901851,0.7538676261901851,0.572184085845947,0.20776814222335802,0.021078849211335002,0.7538676261901851,0.017285401001572002
1808,lod-lille-0.6b,bn,D-lit,C,B,2,B,0,1,0.10159627348184501,0.763294219970703,0.763294219970703,0.6352852582931511,0.044536709785461,0.763294219970703,0.10159627348184501,0.09057282656431101
1813,lod-lille-0.6b,bn,D-lit,B,C,1,C,0,1,0.18274837732315002,0.47706401348114,0.47706401348114,0.47915792465209905,0.228277519345283,0.18274837732315002,0.47706401348114,0.11191000789403902
1814,lod-lille-0.6b,bn,D-lit,D,B,3,B,0,1,0.18826718628406502,0.6249983310699461,0.6249983310699461,0.38786199688911405,0.152629509568214,0.6249983310699461,0.034105017781257005,0.18826718628406502
1818,lod-lille-0.6b,bn,D-lit,A,D,0,D,0,1,0.103805504739284,0.7496871352195741,0.7496871352195741,0.520523190498352,0.103805504739284,0.08366958796977901,0.062837705016136,0.7496871352195741
1823,lod-lille-0.6b,bn,D-lit,A,D,0,D,0,1,0.283354461193084,0.609490573406219,0.609490573406219,0.43444475531578003,0.283354461193084,0.06891793757677,0.038236994296312006,0.609490573406219
1824,lod-lille-0.6b,bn,D-lit,C,B,2,B,0,1,0.12354260683059601,0.62934124469757,0.62934124469757,0.38823804259300204,0.11725270003080301,0.62934124469757,0.12354260683059601,0.12986351549625302
1828,lod-lille-0.6b,bn,D-lit,D,B,3,B,0,1,0.031082056462764,0.9223192334175111,0.9223192334175111,0.7925420999526971,0.030390817672014004,0.9223192334175111,0.016207858920097,0.031082056462764
1829,lod-lille-0.6b,bn,D-lit,D,A,3,A,0,1,0.28048208355903603,0.448363870382308,0.448363870382308,0.36035728454589805,0.448363870382308,0.18267351388931202,0.08848056942224501,0.28048208355903603
1830,lod-lille-0.6b,bn,D-lit,C,D,2,A,0,0,0.15719902515411302,0.251719653606414,0.399279415607452,0.21556437015533403,0.399279415607452,0.19180186092853502,0.15719902515411302,0.251719653606414
1833,lod-lille-0.6b,bn,D-lit,B,A,1,A,0,1,0.138199597597122,0.7648402452468871,0.7648402452468871,0.471637576818466,0.7648402452468871,0.138199597597122,0.039355013519525,0.057605132460594004
1837,lod-lille-0.6b,bn,D-lit,D,C,3,C,0,1,0.298809707164764,0.325419694185256,0.325419694185256,0.148524612188339,0.203600496053695,0.17217005789279902,0.325419694185256,0.298809707164764
1843,lod-lille-0.6b,bn,D-lit,B,A,1,A,0,1,0.039406239986419005,0.952028214931488,0.952028214931488,0.776147484779357,0.952028214931488,0.039406239986419005,0.005510412622243,0.0030550800729540004
1847,lod-lille-0.6b,bn,D-lit,A,B,0,B,0,1,0.050919238477945,0.9137997031211851,0.9137997031211851,0.755125939846038,0.050919238477945,0.9137997031211851,0.015087842941284001,0.020193226635456002
1849,lod-lille-0.6b,bn,D-lit,C,D,2,D,0,1,0.102237574756145,0.737889468669891,0.737889468669891,0.531368136405944,0.08456425368785801,0.075308732688426,0.102237574756145,0.737889468669891
1850,lod-lille-0.6b,bn,D-lit,D,C,3,C,0,1,0.004219532012939,0.9852524399757381,0.9852524399757381,0.901718318462371,0.005912154447287,0.004615801386535,0.9852524399757381,0.004219532012939
1851,lod-lille-0.6b,bn,D-lit,D,B,3,B,0,1,0.031843125820159,0.925846457481384,0.925846457481384,0.8017758131027221,0.024036079645156003,0.925846457481384,0.018274292349815,0.031843125820159
1857,lod-lille-0.6b,bn,D-lit,C,D,2,D,0,1,0.072751335799694,0.6827732324600221,0.6827732324600221,0.47038304805755604,0.121379390358924,0.123096004128456,0.072751335799694,0.6827732324600221
1863,lod-lille-0.6b,bn,D-lit,D,B,3,B,0,1,0.037920944392681004,0.9410955905914301,0.9410955905914301,0.7459552288055421,0.012135552242398,0.9410955905914301,0.008848003111779001,0.037920944392681004
1865,lod-lille-0.6b,bn,D-lit,C,A,2,A,0,1,0.119806014001369,0.7130326032638551,0.7130326032638551,0.575962543487548,0.7130326032638551,0.154801458120346,0.119806014001369,0.012359938584268001
1867,lod-lille-0.6b,bn,D-lit,D,A,3,A,0,1,0.043030653148889,0.8234146237373351,0.8234146237373351,0.587163388729095,0.8234146237373351,0.037129700183868006,0.09642495214939101,0.043030653148889
1868,lod-lille-0.6b,bn,D-lit,A,D,0,A,1,0,0.525414586067199,0.17597690224647503,0.525414586067199,0.38676214218139604,0.525414586067199,0.273958981037139,0.02464953996241,0.17597690224647503
1870,lod-lille-0.6b,bn,D-lit,A,C,0,C,0,1,0.37373518943786604,0.619637131690979,0.619637131690979,0.717406034469604,0.37373518943786604,0.0009591746493240001,0.619637131690979,0.005668486002832001
1872,lod-lille-0.6b,bn,D-lit,D,B,3,B,0,1,0.001952413585968,0.9968516230583191,0.9968516230583191,0.9136654138565061,0.000377361633582,0.9968516230583191,0.0008185597835100001,0.001952413585968
1876,lod-lille-0.6b,bn,D-lit,A,C,0,C,0,1,0.026790058240294002,0.953157246112823,0.953157246112823,0.8014560937881471,0.026790058240294002,0.00932190567255,0.953157246112823,0.01073076762259
1879,lod-lille-0.6b,bn,D-lit,B,D,1,D,0,1,0.19938734173774703,0.786734223365783,0.786734223365783,0.7244684696197511,0.007061830256134,0.19938734173774703,0.006816663313657,0.786734223365783
1880,lod-lille-0.6b,bn,D-lit,B,A,1,A,0,1,0.006680943537503,0.984435141086578,0.984435141086578,0.88123619556427,0.984435141086578,0.006680943537503,0.0038067011628290003,0.005077223759144001
1881,lod-lille-0.6b,bn,D-lit,D,B,3,B,0,1,0.032189834862947,0.732121646404266,0.732121646404266,0.570944368839263,0.20221535861492101,0.732121646404266,0.033473201096057004,0.032189834862947
1887,lod-lille-0.6b,bn,D-lit,B,C,1,C,0,1,0.072175055742263,0.918705821037292,0.918705821037292,0.849894285202026,0.004763769451528,0.072175055742263,0.918705821037292,0.004355461802333
1890,lod-lille-0.6b,bn,D-lit,A,B,0,B,0,1,0.17340509593486703,0.8006073832511901,0.8006073832511901,0.629676878452301,0.17340509593486703,0.8006073832511901,0.012525266036391002,0.013462307862937001
1891,lod-lille-0.6b,bn,D-lit,A,C,0,C,0,1,0.08109673112630801,0.898985564708709,0.898985564708709,0.760525405406951,0.08109673112630801,0.010842744261026,0.898985564708709,0.00907498691231
1894,lod-lille-0.6b,bn,D-lit,D,B,3,B,0,1,0.015718860551714002,0.9503927230834961,0.9503927230834961,0.8405550122261041,0.019988549873232002,0.9503927230834961,0.013899859040975002,0.015718860551714002
1896,lod-lille-0.6b,bn,D-lit,C,A,2,A,0,1,0.133658662438392,0.7359799146652221,0.7359799146652221,0.489144772291183,0.7359799146652221,0.049765493720769,0.133658662438392,0.080595888197422
1897,lod-lille-0.6b,bn,D-lit,B,A,1,A,0,1,0.16896015405654902,0.7904946208000181,0.7904946208000181,0.6750085353851311,0.7904946208000181,0.16896015405654902,0.022899687290191,0.017645528540015002
1903,lod-lille-0.6b,bn,D-lit,A,C,0,C,0,1,0.34554940462112405,0.6324167847633361,0.6324167847633361,0.46888911724090504,0.34554940462112405,0.0126240439713,0.6324167847633361,0.009409789927303
1906,lod-lille-0.6b,bn,D-lit,C,A,2,A,0,1,0.039874818176031,0.9083262085914611,0.9083262085914611,0.751782596111297,0.9083262085914611,0.034049503505229,0.039874818176031,0.017749521881341
1907,lod-lille-0.6b,bn,D-lit,D,C,3,C,0,1,0.134612813591957,0.732917547225952,0.732917547225952,0.5621433854103081,0.06032406911253901,0.072145603597164,0.732917547225952,0.134612813591957
1916,lod-lille-0.6b,bn,D-lit,B,A,1,A,0,1,0.017884269356727,0.9397562146186821,0.9397562146186821,0.8386797308921811,0.9397562146186821,0.017884269356727,0.022298708558082,0.020060846582055
1917,lod-lille-0.6b,bn,D-lit,D,A,3,A,0,1,0.008061656728386001,0.9668948054313661,0.9668948054313661,0.8419801592826841,0.9668948054313661,0.012791072949767002,0.012252461165189,0.008061656728386001
1918,lod-lille-0.6b,bn,D-lit,A,B,0,B,0,1,0.007835009135305,0.9738308191299431,0.9738308191299431,0.845962584018707,0.007835009135305,0.9738308191299431,0.013550177216529001,0.004783916752785
1924,lod-lille-0.6b,bn,D-lit,B,D,1,D,0,1,0.065759360790252,0.776541650295257,0.776541650295257,0.6336568593978881,0.077431455254554,0.065759360790252,0.08026757836341801,0.776541650295257
1927,lod-lille-0.6b,bn,D-lit,B,A,1,A,0,1,0.074255488812923,0.831755936145782,0.831755936145782,0.6343525052070611,0.831755936145782,0.074255488812923,0.041922356933355005,0.052066139876842006
1932,lod-lille-0.6b,bn,D-lit,B,C,1,C,0,1,0.047813609242439006,0.862201035022735,0.862201035022735,0.7576885223388671,0.057335447520017006,0.047813609242439006,0.862201035022735,0.032649863511323006
1933,lod-lille-0.6b,bn,D-lit,B,A,1,A,0,1,0.029331209138035004,0.9255854487419121,0.9255854487419121,0.808512449264526,0.9255854487419121,0.029331209138035004,0.025019600987434002,0.020063797011971002
1934,lod-lille-0.6b,bn,D-lit,B,D,1,D,0,1,0.013561922125518001,0.9560800194740291,0.9560800194740291,0.788407206535339,0.019427699968218002,0.013561922125518001,0.010930340737104001,0.9560800194740291
1935,lod-lille-0.6b,bn,D-lit,A,C,0,C,0,1,0.021472303196787,0.8672905564308161,0.8672905564308161,0.740680694580078,0.021472303196787,0.095540761947631,0.8672905564308161,0.015696406364440002
1936,lod-lille-0.6b,bn,D-lit,B,C,1,C,0,1,0.014034367166459002,0.9610466361045831,0.9610466361045831,0.8001661300659181,0.019525775685906,0.014034367166459002,0.9610466361045831,0.005393227096647001
1937,lod-lille-0.6b,bn,D-lit,D,C,3,C,0,1,0.041610207408666,0.8887159824371331,0.8887159824371331,0.74984061717987,0.035177517682313,0.034496270120143,0.8887159824371331,0.041610207408666
1941,lod-lille-0.6b,bn,D-lit,D,A,3,A,0,1,0.003934730309993,0.982901036739349,0.982901036739349,0.8835818767547601,0.982901036739349,0.004541834816336,0.008622338064014001,0.003934730309993
1946,lod-lille-0.6b,bn,D-lit,D,B,3,B,0,1,0.09964369982481001,0.8870388269424431,0.8870388269424431,0.770868062973022,0.007099778857082,0.8870388269424431,0.006217787973582,0.09964369982481001
1949,lod-lille-0.6b,bn,D-lit,A,D,0,D,0,1,0.20275253057479803,0.38328543305397,0.38328543305397,0.20000697672367002,0.20275253057479803,0.19761690497398302,0.216345146298408,0.38328543305397
1950,lod-lille-0.6b,bn,D-lit,A,C,0,C,0,1,0.018624769523739003,0.953090846538543,0.953090846538543,0.825163722038269,0.018624769523739003,0.015674334019422,0.953090846538543,0.012609975412487
1952,lod-lille-0.6b,bn,D-lit,A,B,0,B,0,1,0.009724437259137,0.9799885749816891,0.9799885749816891,0.8632345795631401,0.009724437259137,0.9799885749816891,0.006810287013649,0.003476639278233
1953,lod-lille-0.6b,bn,D-lit,C,B,2,C,1,0,0.541691660881042,0.27417886257171603,0.541691660881042,0.33713659644126803,0.131540477275848,0.27417886257171603,0.541691660881042,0.052588973194360004
1967,lod-lille-0.6b,bn,D-lit,C,B,2,D,0,0,0.23078800737857802,0.187079489231109,0.306092053651809,0.17702853679656902,0.27604049444198603,0.187079489231109,0.23078800737857802,0.306092053651809
1968,lod-lille-0.6b,bn,D-lit,A,B,0,B,0,1,0.023988416418433002,0.9006049036979671,0.9006049036979671,0.6779540777206421,0.023988416418433002,0.9006049036979671,0.026417208835482,0.048989471048116004
1971,lod-lille-0.6b,bn,D-lit,B,D,1,D,0,1,0.016002068296074,0.936869084835052,0.936869084835052,0.849162399768829,0.025460932403802,0.016002068296074,0.021667936816811003,0.936869084835052
1973,lod-lille-0.6b,bn,D-lit,C,A,2,A,0,1,0.023285916075110002,0.8692271709442131,0.8692271709442131,0.676679611206054,0.8692271709442131,0.013577349483966002,0.023285916075110002,0.09390963613986901
1975,lod-lille-0.6b,bn,D-lit,C,A,2,A,0,1,0.39536136388778603,0.5507678985595701,0.5507678985595701,0.315510004758834,0.5507678985595701,0.025092180818319,0.39536136388778603,0.028778515756130003
1977,lod-lille-0.6b,bn,D-lit,C,D,2,D,0,1,0.031586464494466004,0.9226626753807061,0.9226626753807061,0.779856979846954,0.020091548562049002,0.025659343227744002,0.031586464494466004,0.9226626753807061
1980,lod-lille-0.6b,bn,D-lit,D,C,3,C,0,1,0.029445918276906003,0.889056205749511,0.889056205749511,0.750593543052673,0.029138972982764,0.052358943969011,0.889056205749511,0.029445918276906003
1981,lod-lille-0.6b,bn,D-lit,D,B,3,B,0,1,0.08586438000202101,0.8868493437767021,0.8868493437767021,0.818927764892578,0.010248257778584001,0.8868493437767021,0.017038069665431,0.08586438000202101
1982,lod-lille-0.6b,bn,D-lit,A,D,0,D,0,1,0.051013857126235004,0.7149496674537651,0.7149496674537651,0.5351818799972531,0.051013857126235004,0.07576382160186701,0.15827263891696902,0.7149496674537651
1983,lod-lille-0.6b,bn,D-lit,C,B,2,B,0,1,0.014541625976562,0.9545348882675171,0.9545348882675171,0.8184734582901001,0.019358672201633002,0.9545348882675171,0.014541625976562,0.011564916931092
1990,lod-lille-0.6b,bn,D-lit,D,A,3,A,0,1,0.01796792820096,0.955629467964172,0.955629467964172,0.8704537153244011,0.955629467964172,0.014068091288208,0.012334513477981,0.01796792820096
1991,lod-lille-0.6b,bn,D-lit,B,A,1,A,0,1,0.05749423429369901,0.6663849949836731,0.6663849949836731,0.44460904598236,0.6663849949836731,0.05749423429369901,0.093622267246246,0.182498514652252
1993,lod-lille-0.6b,bn,D-lit,C,D,2,D,0,1,0.01027841027826,0.9413740038871761,0.9413740038871761,0.8341292738914491,0.025311801582574,0.023035816848278,0.01027841027826,0.9413740038871761
1995,lod-lille-0.6b,bn,D-lit,B,C,1,C,0,1,0.16685634851455602,0.653533995151519,0.653533995151519,0.46098867058753906,0.036515109241008,0.16685634851455602,0.653533995151519,0.143094614148139
1997,lod-lille-0.6b,bn,D-lit,A,D,0,D,0,1,0.029660575091838004,0.913639545440673,0.913639545440673,0.8243447542190551,0.029660575091838004,0.034967806190252006,0.021732093766331003,0.913639545440673
2000,lod-lille-0.6b,bn,D-lit,C,D,2,D,0,1,0.143854081630706,0.816399633884429,0.816399633884429,0.637286245822906,0.018521264195442002,0.021225064992904,0.143854081630706,0.816399633884429
2001,lod-lille-0.6b,bn,D-lit,B,C,1,C,0,1,0.004413310438394,0.9876625537872311,0.9876625537872311,0.892618954181671,0.004707570653408001,0.004413310438394,0.9876625537872311,0.003216577693819
2002,lod-lille-0.6b,bn,D-lit,B,C,1,C,0,1,0.12729592621326402,0.8103280663490291,0.8103280663490291,0.6482750177383421,0.033053703606128006,0.12729592621326402,0.8103280663490291,0.029322262853384
2005,lod-lille-0.6b,bn,D-lit,D,B,3,B,0,1,0.016450205817818,0.9131885170936581,0.9131885170936581,0.810393214225769,0.012400496751070002,0.9131885170936581,0.057960726320743006,0.016450205817818
2007,lod-lille-0.6b,bn,D-lit,A,B,0,B,0,1,0.021988382562994003,0.9252016544342041,0.9252016544342041,0.791039526462554,0.021988382562994003,0.9252016544342041,0.01602616533637,0.036783766001462
2008,lod-lille-0.6b,bn,D-lit,A,C,0,C,0,1,0.184760302305221,0.7779715061187741,0.7779715061187741,0.6618880629539491,0.184760302305221,0.018313523381948003,0.7779715061187741,0.018954610452055
2011,lod-lille-0.6b,bn,D-lit,B,D,1,D,0,1,0.05513920262455901,0.819737613201141,0.819737613201141,0.605873703956604,0.06576620787382101,0.05513920262455901,0.059356942772865004,0.819737613201141
2013,lod-lille-0.6b,bn,D-lit,B,A,1,A,0,1,0.02393390238285,0.9226462244987481,0.9226462244987481,0.7519180178642271,0.9226462244987481,0.02393390238285,0.033455990254879005,0.019963843747973
2016,lod-lille-0.6b,bn,D-lit,B,C,1,C,0,1,0.005686589516699,0.9908210635185241,0.9908210635185241,0.9161182641983031,0.001959643326699,0.005686589516699,0.9908210635185241,0.001532721566036
2024,lod-lille-0.6b,bn,D-lit,A,D,0,D,0,1,0.028456587344408,0.907608985900878,0.907608985900878,0.857545495033264,0.028456587344408,0.026685494929552002,0.037248838692903005,0.907608985900878
2026,lod-lille-0.6b,bn,D-lit,B,D,1,D,0,1,0.20966295897960602,0.739845097064971,0.739845097064971,0.6013860702514641,0.018247721716761003,0.20966295897960602,0.032244231551885,0.739845097064971
2033,lod-lille-0.6b,bn,D-lit,D,B,3,B,0,1,0.0023038634099060004,0.9749811291694641,0.9749811291694641,0.794104874134063,0.017328549176454003,0.9749811291694641,0.005386477801948001,0.0023038634099060004
2038,lod-lille-0.6b,bn,D-lit,C,B,2,B,0,1,0.086615458130836,0.7842047214508051,0.7842047214508051,0.6573247909545891,0.044693991541862,0.7842047214508051,0.086615458130836,0.084485828876495
2040,lod-lille-0.6b,bn,D-lit,B,A,1,A,0,1,0.348889052867889,0.34975695610046303,0.34975695610046303,0.23598420619964602,0.34975695610046303,0.348889052867889,0.124460987746715,0.176892980933189
2042,lod-lille-0.6b,bn,D-lit,B,C,1,C,0,1,0.12589575350284501,0.5947386622428891,0.5947386622428891,0.456274658441543,0.13779005408287,0.12589575350284501,0.5947386622428891,0.14157551527023302
2048,lod-lille-0.6b,bn,D-lit,D,A,3,A,0,1,0.24616184830665502,0.562794029712677,0.562794029712677,0.39709776639938305,0.562794029712677,0.08394602686166701,0.10709810256958001,0.24616184830665502
2058,lod-lille-0.6b,bn,D-lit,B,C,1,C,0,1,0.012486493214964001,0.9706794619560241,0.9706794619560241,0.853639185428619,0.0049954312853510005,0.012486493214964001,0.9706794619560241,0.011838695965707
2071,lod-lille-0.6b,bn,D-lit,A,B,0,C,0,0,0.29636380076408303,0.30743032693862904,0.352166771888732,0.17404662072658503,0.29636380076408303,0.30743032693862904,0.352166771888732,0.044039145112037006
2073,lod-lille-0.6b,bn,D-lit,A,D,0,D,0,1,0.07243537902832001,0.853572905063629,0.853572905063629,0.7099257707595821,0.07243537902832001,0.033608842641115,0.040382873266935,0.853572905063629
2077,lod-lille-0.6b,bn,D-lit,D,B,3,A,0,0,0.252331405878067,0.146422430872917,0.36761933565139704,0.19777205586433402,0.36761933565139704,0.146422430872917,0.23362682759761802,0.252331405878067
2081,lod-lille-0.6b,bn,D-lit,A,C,0,C,0,1,0.075518041849136,0.7140374779701231,0.7140374779701231,0.5418708324432371,0.075518041849136,0.10821963101625401,0.7140374779701231,0.102224826812744
2083,lod-lille-0.6b,bn,D-lit,A,D,0,A,1,0,0.766720294952392,0.081249445676803,0.766720294952392,0.569246292114257,0.766720294952392,0.073089845478534,0.07894044369459101,0.081249445676803
2085,lod-lille-0.6b,bn,D-lit,B,D,1,B,1,0,0.41769459843635504,0.22037108242511702,0.41769459843635504,0.246762782335281,0.147991985082626,0.41769459843635504,0.21394231915473902,0.22037108242511702
2094,lod-lille-0.6b,bn,D-lit,D,C,3,C,0,1,0.24414297938346802,0.348589152097702,0.348589152097702,0.23612773418426503,0.23163540661334903,0.17563247680664001,0.348589152097702,0.24414297938346802
2096,lod-lille-0.6b,bn,D-lit,C,A,2,A,0,1,0.08863128721714,0.6875612735748291,0.6875612735748291,0.498422503471374,0.6875612735748291,0.136611849069595,0.08863128721714,0.087195567786693
2100,lod-lille-0.6b,bn,D-lit,D,C,3,C,0,1,0.013046784326434002,0.9409425258636471,0.9409425258636471,0.8263784646987911,0.018740467727184,0.027270287275314,0.9409425258636471,0.013046784326434002
2101,lod-lille-0.6b,bn,D-lit,D,C,3,C,0,1,0.07011115550994801,0.6248985528945921,0.6248985528945921,0.402658283710479,0.23093205690383903,0.07405822724103901,0.6248985528945921,0.07011115550994801
2102,lod-lille-0.6b,bn,D-lit,A,C,0,C,0,1,0.283011078834533,0.501254141330719,0.501254141330719,0.23684448003768901,0.283011078834533,0.092028759419918,0.501254141330719,0.123706050217151
2103,lod-lille-0.6b,bn,D-lit,B,C,1,C,0,1,0.07211457937955801,0.7914881706237791,0.7914881706237791,0.536741971969604,0.055079858750104,0.07211457937955801,0.7914881706237791,0.08131738007068601
2104,lod-lille-0.6b,bn,D-lit,C,A,2,A,0,1,0.40172523260116505,0.53007286787033,0.53007286787033,0.31179821491241405,0.53007286787033,0.028510205447673003,0.40172523260116505,0.039691668003797004
2107,lod-lille-0.6b,bn,D-lit,A,C,0,B,0,0,0.312677592039108,0.078503184020519,0.40020343661308205,0.20864538848400102,0.312677592039108,0.40020343661308205,0.078503184020519,0.208615899085998
2112,lod-lille-0.6b,bn,D-lit,B,A,1,A,0,1,0.020334312692284,0.9372003674507141,0.9372003674507141,0.7628482580184931,0.9372003674507141,0.020334312692284,0.019930824637413,0.022534435614943
2113,lod-lille-0.6b,bn,D-lit,C,A,2,C,1,0,0.654820084571838,0.224934443831443,0.654820084571838,0.40761834383010803,0.224934443831443,0.07432673871517101,0.654820084571838,0.045918710529804
2116,lod-lille-0.6b,bn,D-lit,D,A,3,A,0,1,0.113403849303722,0.8008319139480591,0.8008319139480591,0.538501977920532,0.8008319139480591,0.045396659523248006,0.040367618203163,0.113403849303722
2119,lod-lille-0.6b,bn,D-lit,A,C,0,C,0,1,0.022336199879646003,0.9495462775230401,0.9495462775230401,0.841651737689971,0.022336199879646003,0.009150884114205001,0.9495462775230401,0.018966645002365
2122,lod-lille-0.6b,bn,D-lit,B,A,1,A,0,1,0.050166938453912006,0.747863352298736,0.747863352298736,0.5849807858467101,0.747863352298736,0.050166938453912006,0.13989478349685602,0.062074899673461005
2123,lod-lille-0.6b,bn,D-lit,C,D,2,D,0,1,0.15438452363014202,0.640530347824096,0.640530347824096,0.543162763118743,0.10728321969509101,0.09780190885066901,0.15438452363014202,0.640530347824096
2128,lod-lille-0.6b,bn,D-lit,C,D,2,D,0,1,0.035635225474834005,0.8607962131500241,0.8607962131500241,0.725801587104797,0.060392327606678,0.043176278471946,0.035635225474834005,0.8607962131500241
2133,lod-lille-0.6b,bn,D-lit,C,D,2,D,0,1,0.16127383708953802,0.46200612187385504,0.46200612187385504,0.22034740447998002,0.151945412158966,0.22477465867996202,0.16127383708953802,0.46200612187385504
2141,lod-lille-0.6b,bn,D-lit,A,C,0,C,0,1,0.202850192785263,0.383114486932754,0.383114486932754,0.19479715824127103,0.202850192785263,0.21630059182643802,0.383114486932754,0.19773474335670402
2145,lod-lille-0.6b,bn,D-lit,C,D,2,D,0,1,0.007371818646788,0.958129227161407,0.958129227161407,0.8383442163467401,0.022292383015155,0.012206637300550001,0.007371818646788,0.958129227161407
2146,lod-lille-0.6b,bn,D-lit,A,D,0,D,0,1,0.014839371666312001,0.9588235020637511,0.9588235020637511,0.872426927089691,0.014839371666312001,0.010062807239592,0.016274269670248,0.9588235020637511
2147,lod-lille-0.6b,bn,D-lit,C,B,2,B,0,1,0.10521320253610601,0.8637834787368771,0.8637834787368771,0.711965501308441,0.017720011994242002,0.8637834787368771,0.10521320253610601,0.013283372856676
2148,lod-lille-0.6b,bn,D-lit,D,C,3,C,0,1,0.12046957015991201,0.728458940982818,0.728458940982818,0.409162938594818,0.042101375758647,0.10897011309862101,0.728458940982818,0.12046957015991201
2152,lod-lille-0.6b,bn,D-lit,A,D,0,D,0,1,0.077570483088493,0.9003771543502801,0.9003771543502801,0.7750948071479791,0.077570483088493,0.011720263399183,0.010332048870623,0.9003771543502801
2153,lod-lille-0.6b,bn,D-lit,D,B,3,B,0,1,0.197378352284431,0.653994262218475,0.653994262218475,0.37735038995742803,0.086483605206012,0.653994262218475,0.062143791466951,0.197378352284431
2157,lod-lille-0.6b,bn,D-lit,D,A,3,A,0,1,0.043315596878528005,0.888956606388092,0.888956606388092,0.735885858535766,0.888956606388092,0.046884521842002,0.020843258127570003,0.043315596878528005
2162,lod-lille-0.6b,bn,D-lit,B,A,1,C,0,0,0.101287819445133,0.294577211141586,0.47328028082847506,0.23183228075504303,0.294577211141586,0.101287819445133,0.47328028082847506,0.13085469603538502
2168,lod-lille-0.6b,bn,D-lit,A,D,0,A,1,0,0.44572448730468706,0.41349795460700906,0.44572448730468706,0.25602343678474404,0.44572448730468706,0.068156197667121,0.072621323168277,0.41349795460700906
2169,lod-lille-0.6b,bn,D-lit,D,C,3,C,0,1,0.08754117041826201,0.8811563849449151,0.8811563849449151,0.7807561755180351,0.015709411352872002,0.015592980198562001,0.8811563849449151,0.08754117041826201
2170,lod-lille-0.6b,bn,D-lit,D,B,3,B,0,1,0.16481646895408603,0.7332682609558101,0.7332682609558101,0.536850988864898,0.053380064666271,0.7332682609558101,0.048535138368606005,0.16481646895408603
2173,lod-lille-0.6b,bn,D-lit,B,D,1,D,0,1,0.06911519169807401,0.6590415239334101,0.6590415239334101,0.38268071413040106,0.22032794356346103,0.06911519169807401,0.05151539668440801,0.6590415239334101
2180,lod-lille-0.6b,bn,D-lit,C,D,2,D,0,1,0.019602030515670003,0.9447443485260011,0.9447443485260011,0.7491961121559141,0.023397551849484003,0.012256159447133002,0.019602030515670003,0.9447443485260011
2181,lod-lille-0.6b,bn,D-lit,B,D,1,D,0,1,0.24603164196014402,0.639012575149536,0.639012575149536,0.45696195960044805,0.03323395550251,0.24603164196014402,0.081721812486648,0.639012575149536
2182,lod-lille-0.6b,bn,D-lit,B,D,1,A,0,0,0.22101134061813302,0.061797454953193005,0.53624027967453,0.28731483221054005,0.53624027967453,0.22101134061813302,0.18095089495182,0.061797454953193005
2183,lod-lille-0.6b,bn,D-lit,B,D,1,D,0,1,0.106290891766548,0.8303454518318171,0.8303454518318171,0.6617158055305481,0.035673260688781,0.106290891766548,0.027690485119819003,0.8303454518318171
2190,lod-lille-0.6b,bn,D-lit,C,B,2,B,0,1,0.16354808211326602,0.732703626155853,0.732703626155853,0.629396915435791,0.039378479123115005,0.732703626155853,0.16354808211326602,0.064369834959506
2197,lod-lille-0.6b,bn,D-lit,D,C,3,C,0,1,0.296114355325698,0.309959828853607,0.309959828853607,0.21152074635028803,0.26233384013175903,0.13159200549125602,0.309959828853607,0.296114355325698
2200,lod-lille-0.6b,bn,D-lit,A,B,0,B,0,1,0.22408586740493702,0.335941642522811,0.335941642522811,0.23092456161975802,0.22408586740493702,0.335941642522811,0.21262402832508,0.22734844684600802
2201,lod-lille-0.6b,bn,D-lit,D,A,3,A,0,1,0.11875580996274901,0.676315426826477,0.676315426826477,0.37672060728073103,0.676315426826477,0.11599431931972501,0.088934451341629,0.11875580996274901
2203,lod-lille-0.6b,bn,D-lit,B,C,1,C,0,1,0.013832687400281,0.948784708976745,0.948784708976745,0.8734772205352781,0.018668789416551,0.013832687400281,0.948784708976745,0.018713727593421003
2210,lod-lille-0.6b,bn,D-lit,A,D,0,D,0,1,0.283230990171432,0.384899675846099,0.384899675846099,0.21862331032752902,0.283230990171432,0.14606486260890902,0.18580441176891302,0.384899675846099
2212,lod-lille-0.6b,bn,D-lit,D,C,3,C,0,1,0.08975584805011701,0.7826104164123531,0.7826104164123531,0.645134985446929,0.075339570641517,0.052294202148914004,0.7826104164123531,0.08975584805011701
2216,lod-lille-0.6b,bn,D-lit,B,A,1,A,0,1,0.047194790095090006,0.8523849844932551,0.8523849844932551,0.605617403984069,0.8523849844932551,0.047194790095090006,0.059042759239673004,0.041377395391464004
2218,lod-lille-0.6b,bn,D-lit,B,C,1,C,0,1,0.09986712038516901,0.6650151610374451,0.6650151610374451,0.381584733724594,0.134443521499633,0.09986712038516901,0.6650151610374451,0.10067418962717001
2230,lod-lille-0.6b,bn,D-lit,D,B,3,B,0,1,0.266479343175888,0.7159538269042961,0.7159538269042961,0.574009656906127,0.0064881877042350005,0.7159538269042961,0.011078645475208001,0.266479343175888
2231,lod-lille-0.6b,bn,D-lit,C,A,2,A,0,1,0.010830324143171002,0.962098836898803,0.962098836898803,0.8143867850303651,0.962098836898803,0.012159429490566,0.010830324143171002,0.014911413192749001
2232,lod-lille-0.6b,bn,D-lit,B,A,1,A,0,1,0.030453857034444004,0.899507582187652,0.899507582187652,0.7571550607681271,0.899507582187652,0.030453857034444004,0.035968713462352,0.034069899469614
2233,lod-lille-0.6b,bn,D-lit,A,C,0,C,0,1,0.08763021230697601,0.869206428527832,0.869206428527832,0.6758370995521541,0.08763021230697601,0.016184041276574003,0.869206428527832,0.026979286223649004
2248,lod-lille-0.6b,bn,D-lit,A,D,0,D,0,1,0.27585864067077603,0.558210909366607,0.558210909366607,0.31889131665229803,0.27585864067077603,0.08005715161561901,0.085873343050479,0.558210909366607
2249,lod-lille-0.6b,bn,D-lit,C,A,2,A,0,1,0.00901738833636,0.972721934318542,0.972721934318542,0.8932244181632991,0.972721934318542,0.013254633173346,0.00901738833636,0.005005954764783001
2250,lod-lille-0.6b,bn,D-lit,C,B,2,B,0,1,0.004940208978950001,0.984260737895965,0.984260737895965,0.906124413013458,0.006273886654525,0.984260737895965,0.004940208978950001,0.004525170661509001
2255,lod-lille-0.6b,bn,D-lit,C,D,2,D,0,1,0.12335488200187601,0.8237620592117311,0.8237620592117311,0.6207148432731621,0.023410340771079,0.029472686350345,0.12335488200187601,0.8237620592117311
2259,lod-lille-0.6b,bn,D-lit,B,C,1,C,0,1,0.016151014715433003,0.9608742594718931,0.9608742594718931,0.8392667770385741,0.007793021854013001,0.016151014715433003,0.9608742594718931,0.015181614086031001
2262,lod-lille-0.6b,bn,D-lit,B,D,1,D,0,1,0.084353022277355,0.8342535495758051,0.8342535495758051,0.671103060245513,0.026849586516618004,0.084353022277355,0.054543826729059004,0.8342535495758051
2264,lod-lille-0.6b,bn,D-lit,D,C,3,C,0,1,0.008943472988903,0.972260951995849,0.972260951995849,0.84571087360382,0.009859193116426001,0.008936384692788001,0.972260951995849,0.008943472988903
2274,lod-lille-0.6b,bn,D-lit,B,D,1,D,0,1,0.010191140696406,0.9623951911926271,0.9623951911926271,0.883213579654693,0.009707465767860001,0.010191140696406,0.017706163227558,0.9623951911926271
2293,lod-lille-0.6b,bn,D-lit,A,B,0,A,1,0,0.659373521804809,0.23593546450138,0.659373521804809,0.48784273862838706,0.659373521804809,0.23593546450138,0.07130166888237,0.033389367163181
2298,lod-lille-0.6b,bn,D-lit,A,D,0,D,0,1,0.166160553693771,0.7050564289093011,0.7050564289093011,0.45779180526733404,0.166160553693771,0.06380888074636401,0.06497415155172301,0.7050564289093011
2306,lod-lille-0.6b,bn,D-lit,C,A,2,A,0,1,0.19054137170314703,0.741407573223114,0.741407573223114,0.5151343941688531,0.741407573223114,0.019542794674634,0.19054137170314703,0.048508238047361006
2315,lod-lille-0.6b,bn,D-lit,A,B,0,B,0,1,0.054291792213916,0.7902701497077941,0.7902701497077941,0.6110432147979731,0.054291792213916,0.7902701497077941,0.08425255864858601,0.07118552178144401
2321,lod-lille-0.6b,bn,D-lit,B,D,1,D,0,1,0.066134594380855,0.8605718016624451,0.8605718016624451,0.711324572563171,0.028251565992832003,0.066134594380855,0.045042064040899006,0.8605718016624451
2323,lod-lille-0.6b,bn,D-lit,A,B,0,B,0,1,0.014543777331709001,0.962126970291137,0.962126970291137,0.872422099113464,0.014543777331709001,0.962126970291137,0.014818794094026002,0.008510411716997
2325,lod-lille-0.6b,bn,D-lit,D,A,3,A,0,1,0.0025760813150550003,0.9883571267127991,0.9883571267127991,0.9044802784919731,0.9883571267127991,0.003977713175117001,0.005089013837277,0.0025760813150550003
2329,lod-lille-0.6b,bn,D-lit,D,B,3,B,0,1,0.007407879922538001,0.967988967895507,0.967988967895507,0.8360624909400941,0.011479202657938,0.967988967895507,0.013123890385031001,0.007407879922538001
2331,lod-lille-0.6b,bn,D-lit,A,B,0,B,0,1,0.23776677250862102,0.49838531017303406,0.49838531017303406,0.38019227981567305,0.23776677250862102,0.49838531017303406,0.12395346164703301,0.139894545078277
2333,lod-lille-0.6b,bn,D-lit,D,C,3,C,0,1,0.043776422739028,0.865285754203796,0.865285754203796,0.7756663560867311,0.035294011235237004,0.055643826723098005,0.865285754203796,0.043776422739028
2334,lod-lille-0.6b,bn,D-lit,A,B,0,B,0,1,0.140000090003013,0.724466621875762,0.724466621875762,0.5693731904029841,0.140000090003013,0.724466621875762,0.058015197515487005,0.077517986297607
2335,lod-lille-0.6b,bn,D-lit,C,B,2,B,0,1,0.04815998673439,0.8823079466819761,0.8823079466819761,0.809000492095947,0.041006121784448006,0.8823079466819761,0.04815998673439,0.028525996953248003
2336,lod-lille-0.6b,bn,D-lit,C,A,2,A,0,1,0.20872521400451602,0.660119175910949,0.660119175910949,0.5394906997680661,0.660119175910949,0.041604962199926,0.20872521400451602,0.089550666511058
2338,lod-lille-0.6b,bn,D-lit,A,B,0,B,0,1,0.026934988796710004,0.8800184726715081,0.8800184726715081,0.7502504587173461,0.026934988796710004,0.8800184726715081,0.05840663984417901,0.03463988751173
2340,lod-lille-0.6b,bn,D-lit,B,A,1,A,0,1,0.284482926130294,0.6177821755409241,0.6177821755409241,0.43953534960746704,0.6177821755409241,0.284482926130294,0.052626810967922,0.045108079910278
2344,lod-lille-0.6b,bn,D-lit,D,B,3,B,0,1,0.04785920307040201,0.7234508991241451,0.7234508991241451,0.525694608688354,0.133127808570861,0.7234508991241451,0.09556210041046101,0.04785920307040201
2346,lod-lille-0.6b,bn,D-lit,B,A,1,A,0,1,0.113288797438144,0.6959630846977231,0.6959630846977231,0.583200693130493,0.6959630846977231,0.113288797438144,0.098968714475631,0.09177941083908
2347,lod-lille-0.6b,bn,D-lit,D,B,3,B,0,1,0.10884034633636401,0.7081422805786131,0.7081422805786131,0.578682422637939,0.12398020178079601,0.7081422805786131,0.059037171304225006,0.10884034633636401
2348,lod-lille-0.6b,bn,D-lit,C,A,2,A,0,1,0.070064857602119,0.909292578697204,0.909292578697204,0.806234300136566,0.909292578697204,0.012438581325113001,0.070064857602119,0.008203977718949
2356,lod-lille-0.6b,bn,D-lit,D,C,3,D,1,0,0.5787698030471801,0.10838219523429801,0.5787698030471801,0.388835370540618,0.202329874038696,0.11051809787750201,0.10838219523429801,0.5787698030471801
2360,lod-lille-0.6b,bn,D-lit,C,B,2,B,0,1,0.038257703185081,0.9125316739082331,0.9125316739082331,0.7038028836250301,0.021733123809099003,0.9125316739082331,0.038257703185081,0.027477566152811002
2368,lod-lille-0.6b,bn,D-lit,A,B,0,B,0,1,0.038421344012022005,0.8921961784362791,0.8921961784362791,0.674981772899627,0.038421344012022005,0.8921961784362791,0.050103425979614,0.019279034808278
2370,lod-lille-0.6b,bn,D-lit,C,A,2,A,0,1,0.097826413810253,0.8766452670097351,0.8766452670097351,0.703739821910858,0.8766452670097351,0.019601790234446,0.097826413810253,0.005926493089646
2373,lod-lille-0.6b,bn,D-lit,A,B,0,B,0,1,0.265243589878082,0.320982009172439,0.320982009172439,0.22908952832221902,0.265243589878082,0.320982009172439,0.167871579527854,0.245902806520462
2378,lod-lille-0.6b,bn,D-lit,C,A,2,A,0,1,0.05118631199002201,0.737160205841064,0.737160205841064,0.500851929187774,0.737160205841064,0.15211209654808,0.05118631199002201,0.059541434049606004
2384,lod-lille-0.6b,bn,D-lit,B,C,1,C,0,1,0.246955588459968,0.35885944962501504,0.35885944962501504,0.27802541851997303,0.30076062679290705,0.246955588459968,0.35885944962501504,0.093424312770366
2387,lod-lille-0.6b,bn,D-lit,A,B,0,B,0,1,0.13728913664817802,0.6695671677589411,0.6695671677589411,0.45080313086509705,0.13728913664817802,0.6695671677589411,0.12901808321475902,0.064125634729862
2391,lod-lille-0.6b,bn,D-lit,D,C,3,C,0,1,0.058266643434762004,0.8028410077095031,0.8028410077095031,0.6568523645401001,0.079332500696182,0.059559859335422,0.8028410077095031,0.058266643434762004
2392,lod-lille-0.6b,bn,D-lit,C,D,2,D,0,1,0.013678996823728001,0.9572675228118891,0.9572675228118891,0.876380324363708,0.010389384813606,0.018664075061678,0.013678996823728001,0.9572675228118891
2395,lod-lille-0.6b,bn,D-lit,B,A,1,A,0,1,0.19116789102554302,0.29947751760482705,0.29947751760482705,0.23699894547462402,0.29947751760482705,0.19116789102554302,0.29524156451225203,0.21411299705505302
2400,lod-lille-0.6b,bn,D-lit,B,C,1,C,0,1,0.09475542604923201,0.48967832326889005,0.48967832326889005,0.34147372841835005,0.23011508584022503,0.09475542604923201,0.48967832326889005,0.18545119464397403
2402,lod-lille-0.6b,bn,D-lit,B,A,1,A,0,1,0.114449799060821,0.8636347651481621,0.8636347651481621,0.7096171975135801,0.8636347651481621,0.114449799060821,0.010027701035141001,0.011887799948453001
2403,lod-lille-0.6b,bn,D-lit,A,B,0,B,0,1,0.45883786678314203,0.515161097049713,0.515161097049713,0.527410328388214,0.45883786678314203,0.515161097049713,0.013417028822004,0.012584077194333
2409,lod-lille-0.6b,bn,D-lit,C,D,2,D,0,1,0.021230095997452,0.8401780128479001,0.8401780128479001,0.7678225636482231,0.069615647196769,0.068976238369941,0.021230095997452,0.8401780128479001
2410,lod-lille-0.6b,bn,D-lit,A,D,0,D,0,1,0.035478882491588,0.882167637348175,0.882167637348175,0.730659484863281,0.035478882491588,0.033768694847822,0.048584852367639,0.882167637348175
2412,lod-lille-0.6b,bn,D-lit,A,D,0,D,0,1,0.036512322723865,0.8636227846145631,0.8636227846145631,0.5769520401954651,0.036512322723865,0.079309307038784,0.020555587485432,0.8636227846145631
2414,lod-lille-0.6b,bn,D-lit,D,A,3,C,0,0,0.063948936760425,0.24864238500595,0.48755499720573403,0.24760392308235102,0.24864238500595,0.199853733181953,0.48755499720573403,0.063948936760425
2415,lod-lille-0.6b,bn,D-lit,B,A,1,A,0,1,0.019582767039537003,0.9350143074989311,0.9350143074989311,0.7785165309906,0.9350143074989311,0.019582767039537003,0.020967558026313,0.024435367435216
2417,lod-lille-0.6b,bn,D-lit,B,A,1,A,0,1,0.274900883436203,0.376029044389724,0.376029044389724,0.23662005364894803,0.376029044389724,0.274900883436203,0.25999197363853405,0.08907812088727901
2418,lod-lille-0.6b,bn,D-lit,C,D,2,B,0,0,0.272187203168869,0.26565572619438105,0.34380888938903803,0.15509879589080802,0.11834818869829102,0.34380888938903803,0.272187203168869,0.26565572619438105
2427,lod-lille-0.6b,bn,D-lit,D,B,3,B,0,1,0.002031335607171,0.990783095359802,0.990783095359802,0.8875660896301271,0.0034310463815920003,0.990783095359802,0.0037544320803130004,0.002031335607171
2432,lod-lille-0.6b,bn,D-lit,A,B,0,B,0,1,0.050467889755964,0.897651314735412,0.897651314735412,0.7044461369514461,0.050467889755964,0.897651314735412,0.035207618027925006,0.016673155128955
2435,lod-lille-0.6b,bn,D-lit,D,C,3,C,0,1,0.10129632800817401,0.7585873007774351,0.7585873007774351,0.5576210618019101,0.076203308999538,0.063913032412528,0.7585873007774351,0.10129632800817401
2436,lod-lille-0.6b,bn,D-lit,C,B,2,B,0,1,0.08254337310791,0.633153557777404,0.633153557777404,0.432464003562927,0.16055399179458602,0.633153557777404,0.08254337310791,0.123749047517776
2437,lod-lille-0.6b,bn,D-lit,D,C,3,C,0,1,0.017832836136221,0.931121230125427,0.931121230125427,0.7479345202445981,0.030600247904658002,0.020445752888917,0.931121230125427,0.017832836136221
2441,lod-lille-0.6b,bn,D-lit,D,A,3,A,0,1,0.031792234629392,0.8281276226043701,0.8281276226043701,0.617503881454467,0.8281276226043701,0.10937645286321601,0.03070368617773,0.031792234629392
2443,lod-lille-0.6b,bn,D-lit,C,D,2,D,0,1,0.41669702529907204,0.5281935334205621,0.5281935334205621,0.265849500894546,0.025784675031900003,0.029324768111109,0.41669702529907204,0.5281935334205621
2444,lod-lille-0.6b,bn,D-lit,C,D,2,D,0,1,0.028669873252511004,0.9427090883255,0.9427090883255,0.8160653710365291,0.014216966927051001,0.014404044486582002,0.028669873252511004,0.9427090883255
2448,lod-lille-0.6b,bn,D-lit,B,A,1,A,0,1,0.034083202481269004,0.8965844511985771,0.8965844511985771,0.7367196679115291,0.8965844511985771,0.034083202481269004,0.033918157219886,0.035414215177297
2452,lod-lille-0.6b,bn,D-lit,B,A,1,A,0,1,0.031653854995965,0.9354636073112481,0.9354636073112481,0.821074783802032,0.9354636073112481,0.031653854995965,0.011861585080623,0.021020891144871
2453,lod-lille-0.6b,bn,D-lit,B,A,1,A,0,1,0.043640363961458005,0.8640217781066891,0.8640217781066891,0.6847431659698481,0.8640217781066891,0.043640363961458005,0.041205797344446,0.0511319860816
2454,lod-lille-0.6b,bn,D-lit,A,D,0,D,0,1,0.022763662040233,0.9691746830940241,0.9691746830940241,0.8504248857498161,0.022763662040233,0.0052542570047080005,0.0028073603753000003,0.9691746830940241
2456,lod-lille-0.6b,bn,D-lit,D,A,3,A,0,1,0.086669571697711,0.7251783609390251,0.7251783609390251,0.49810007214546204,0.7251783609390251,0.064191214740276,0.12396090477705,0.086669571697711
2467,lod-lille-0.6b,bn,D-lit,C,D,2,D,0,1,0.263739734888076,0.329894870519638,0.329894870519638,0.16630288958549502,0.185086831450462,0.221278488636016,0.263739734888076,0.329894870519638
2469,lod-lille-0.6b,bn,D-lit,A,D,0,D,0,1,0.07391230016946701,0.752981662750244,0.752981662750244,0.510585784912109,0.07391230016946701,0.076577559113502,0.096528455615043,0.752981662750244
2470,lod-lille-0.6b,bn,D-lit,A,B,0,B,0,1,0.040172263979911006,0.8558049798011781,0.8558049798011781,0.5640854239463801,0.040172263979911006,0.8558049798011781,0.035362996160984005,0.06865982711315101
2471,lod-lille-0.6b,bn,D-lit,D,B,3,B,0,1,0.027739576995372002,0.899521172046661,0.899521172046661,0.6948603987693781,0.044494453817605,0.899521172046661,0.028244832530617003,0.027739576995372002
2473,lod-lille-0.6b,bn,D-lit,A,B,0,B,0,1,0.017185511067509002,0.953243136405944,0.953243136405944,0.7665965557098381,0.017185511067509002,0.953243136405944,0.016736462712287,0.012834911234676002
2488,lod-lille-0.6b,bn,D-lit,B,C,1,C,0,1,0.021382937207818,0.9532942175865171,0.9532942175865171,0.8100948333740231,0.011862478218972001,0.021382937207818,0.9532942175865171,0.013460312969982001
2492,lod-lille-0.6b,bn,D-lit,A,B,0,B,0,1,0.061886265873909004,0.819729685783386,0.819729685783386,0.62513518333435,0.061886265873909004,0.819729685783386,0.043448869138956,0.074935182929039
2495,lod-lille-0.6b,bn,D-lit,D,B,3,B,0,1,0.030941935256123,0.9039364457130431,0.9039364457130431,0.7331272959709161,0.033823579549789005,0.9039364457130431,0.031298074871301006,0.030941935256123
2496,lod-lille-0.6b,bn,D-lit,D,A,3,A,0,1,0.051635473966598004,0.8345534801483151,0.8345534801483151,0.655444622039794,0.8345534801483151,0.062868542969226,0.050942439585924,0.051635473966598004
2505,lod-lille-0.6b,bn,D-lit,A,C,0,C,0,1,0.026593890041112,0.9088910222053521,0.9088910222053521,0.697514295578002,0.026593890041112,0.036661732941865005,0.9088910222053521,0.027853377163410003
2512,lod-lille-0.6b,bn,D-lit,B,C,1,C,0,1,0.016606181859970003,0.9602813720703121,0.9602813720703121,0.7371088266372681,0.011881295591592001,0.016606181859970003,0.9602813720703121,0.01123116351664
2514,lod-lille-0.6b,bn,D-lit,D,B,3,B,0,1,0.38209816813468905,0.5207587480545041,0.5207587480545041,0.21161380410194303,0.042722042649984006,0.5207587480545041,0.054421022534370006,0.38209816813468905
2515,lod-lille-0.6b,bn,D-lit,C,A,2,A,0,1,0.102571636438369,0.890948414802551,0.890948414802551,0.748259842395782,0.890948414802551,0.003141689579933,0.102571636438369,0.0033382584806530002
2516,lod-lille-0.6b,bn,D-lit,D,C,3,C,0,1,0.004794986452907,0.988168954849243,0.988168954849243,0.8831517696380611,0.0031342965085050002,0.0039017349481580005,0.988168954849243,0.004794986452907
2518,lod-lille-0.6b,bn,D-lit,A,B,0,B,0,1,0.069526642560958,0.8571031093597411,0.8571031093597411,0.624763846397399,0.069526642560958,0.8571031093597411,0.04143501073122,0.031935211271047
2532,lod-lille-0.6b,bn,D-lit,A,D,0,D,0,1,0.06811624020338,0.8550782799720761,0.8550782799720761,0.6111823320388791,0.06811624020338,0.050223208963871,0.026582242920994002,0.8550782799720761
2548,lod-lille-0.6b,bn,D-lit,C,A,2,A,0,1,0.16888017952442103,0.597405314445495,0.597405314445495,0.34020873904228205,0.597405314445495,0.187909826636314,0.16888017952442103,0.045804612338542
2552,lod-lille-0.6b,bn,D-lit,B,D,1,D,0,1,0.026714844629168,0.929845035076141,0.929845035076141,0.724625945091247,0.023389641195535,0.026714844629168,0.020050544291734,0.929845035076141
2554,lod-lille-0.6b,bn,D-lit,B,A,1,A,0,1,0.033918425440788005,0.776638269424438,0.776638269424438,0.6597024798393251,0.776638269424438,0.033918425440788005,0.171181380748748,0.018261859193444002
2558,lod-lille-0.6b,bn,D-lit,A,D,0,D,0,1,0.029592901468276003,0.9108058810234071,0.9108058810234071,0.725879609584808,0.029592901468276003,0.031519249081611,0.028081977739930004,0.9108058810234071
2560,lod-lille-0.6b,bn,D-lit,B,C,1,B,1,0,0.526882290840148,0.39710620045661904,0.526882290840148,0.24894364178180603,0.044337596744298005,0.526882290840148,0.39710620045661904,0.031673867255449004
2564,lod-lille-0.6b,bn,D-lit,A,B,0,B,0,1,0.20761339366436002,0.7410750389099121,0.7410750389099121,0.5992491245269771,0.20761339366436002,0.7410750389099121,0.018005475401878003,0.033306058496236
2565,lod-lille-0.6b,bn,D-lit,C,D,2,D,0,1,0.009798387065529001,0.969296038150787,0.969296038150787,0.8201389908790581,0.012059311382472002,0.008846253156661,0.009798387065529001,0.969296038150787
2567,lod-lille-0.6b,bn,D-lit,C,B,2,D,0,0,0.19437235593795701,0.24783499538898401,0.285987198352813,0.13743932545185,0.27180540561676003,0.24783499538898401,0.19437235593795701,0.285987198352813
2574,lod-lille-0.6b,bn,D-lit,D,A,3,A,0,1,0.268087297677993,0.6003286838531491,0.6003286838531491,0.35176256299018804,0.6003286838531491,0.033375661820173,0.098208300769329,0.268087297677993
2575,lod-lille-0.6b,bn,D-lit,D,B,3,B,0,1,0.0054750377312300005,0.979566156864166,0.979566156864166,0.8650680184364311,0.009265743196010002,0.979566156864166,0.005693024024367,0.0054750377312300005
2580,lod-lille-0.6b,bn,D-lit,C,A,2,A,0,1,0.06033273413777301,0.804933965206146,0.804933965206146,0.6027678251266481,0.804933965206146,0.098566435277462,0.06033273413777301,0.036166869103908005
2582,lod-lille-0.6b,bn,D-lit,A,B,0,D,0,0,0.15471801161766002,0.12230061739683101,0.530428946018219,0.232465326786041,0.15471801161766002,0.12230061739683101,0.19255238771438601,0.530428946018219
2584,lod-lille-0.6b,bn,D-lit,C,D,2,D,0,1,0.056043598800897,0.8499852418899531,0.8499852418899531,0.699520528316497,0.043024767190217,0.050946380943059005,0.056043598800897,0.8499852418899531
2585,lod-lille-0.6b,bn,D-lit,A,C,0,C,0,1,0.016451023519039,0.9510803818702691,0.9510803818702691,0.8040367364883421,0.016451023519039,0.017861427739262,0.9510803818702691,0.014607213437557002
2587,lod-lille-0.6b,bn,D-lit,A,D,0,D,0,1,0.029984883964061,0.921324908733367,0.921324908733367,0.798569917678833,0.029984883964061,0.022844098508358,0.025846157222986003,0.921324908733367
2589,lod-lille-0.6b,bn,D-lit,B,C,1,C,0,1,0.0024976546410470004,0.9737711548805231,0.9737711548805231,0.8151530623435971,0.022373711690306,0.0024976546410470004,0.9737711548805231,0.001357439905405
2604,lod-lille-0.6b,bn,D-lit,A,B,0,B,0,1,0.145601838827133,0.5492786765098571,0.5492786765098571,0.39597684144973705,0.145601838827133,0.5492786765098571,0.172777891159057,0.132341638207435
2608,lod-lille-0.6b,bn,D-lit,A,D,0,D,0,1,0.056985210627317005,0.822711944580078,0.822711944580078,0.623725891113281,0.056985210627317005,0.073781713843345,0.046521034091711,0.822711944580078
2610,lod-lille-0.6b,bn,D-lit,A,B,0,B,0,1,0.012191082350909,0.9558119177818291,0.9558119177818291,0.8052825927734371,0.012191082350909,0.9558119177818291,0.018958548083901003,0.013038503937423
2612,lod-lille-0.6b,bn,D-lit,B,D,1,D,0,1,0.025298343971371002,0.890160381793975,0.890160381793975,0.6766674518585201,0.045124977827072005,0.025298343971371002,0.039416257292032006,0.890160381793975
2619,lod-lille-0.6b,bn,D-lit,B,A,1,A,0,1,0.079616449773311,0.833764314651489,0.833764314651489,0.6954852342605591,0.833764314651489,0.079616449773311,0.054155252873897004,0.032463990151882005
2623,lod-lille-0.6b,bn,D-lit,C,A,2,A,0,1,0.17232799530029203,0.5798490643501281,0.5798490643501281,0.37013533711433405,0.5798490643501281,0.14093309640884402,0.17232799530029203,0.106889814138412
2627,lod-lille-0.6b,bn,D-lit,A,D,0,D,0,1,0.30391830205917303,0.46563044190406805,0.46563044190406805,0.22063811123371102,0.30391830205917303,0.14382517337799,0.086626142263412,0.46563044190406805
2628,lod-lille-0.6b,bn,D-lit,D,C,3,C,0,1,0.155923128128051,0.62692767381668,0.62692767381668,0.383170247077941,0.092063762247562,0.12508544325828502,0.62692767381668,0.155923128128051
2629,lod-lille-0.6b,bn,D-lit,D,B,3,B,0,1,0.027444368228316002,0.8857262730598451,0.8857262730598451,0.640671253204345,0.036413624882698004,0.8857262730598451,0.050415810197591004,0.027444368228316002
2638,lod-lille-0.6b,bn,D-lit,C,A,2,C,1,0,0.381576478481292,0.250444680452346,0.381576478481292,0.147763788700103,0.250444680452346,0.136680573225021,0.381576478481292,0.23129828274250003
2649,lod-lille-0.6b,bn,D-lit,D,A,3,A,0,1,0.352666497230529,0.5371294021606441,0.5371294021606441,0.26618281006813,0.5371294021606441,0.04973550885915701,0.06046850979328101,0.352666497230529
2655,lod-lille-0.6b,bn,D-lit,B,C,1,C,0,1,0.141407400369644,0.517021894454956,0.517021894454956,0.23142454028129503,0.13624115288257602,0.141407400369644,0.517021894454956,0.20532949268817902
2656,lod-lille-0.6b,bn,D-lit,B,D,1,D,0,1,0.19762735068798,0.36611542105674705,0.36611542105674705,0.19114801287651,0.221497163176536,0.19762735068798,0.21476012468338002,0.36611542105674705
2659,lod-lille-0.6b,bn,D-lit,B,A,1,A,0,1,0.020628152415156,0.9419026970863341,0.9419026970863341,0.7702198028564451,0.9419026970863341,0.020628152415156,0.014126572757959002,0.023342477157711
2665,lod-lille-0.6b,bn,D-lit,B,C,1,C,0,1,0.019713841378688,0.9405835866928101,0.9405835866928101,0.769286394119262,0.020026633515954,0.019713841378688,0.9405835866928101,0.019675873219966
2675,lod-lille-0.6b,bn,D-lit,A,B,0,B,0,1,0.11374174803495402,0.742560982704162,0.742560982704162,0.505386888980865,0.11374174803495402,0.742560982704162,0.08590611815452501,0.057791214436292
2685,lod-lille-0.6b,bn,D-lit,D,A,3,A,0,1,0.065906882286071,0.734221518039703,0.734221518039703,0.47470474243164,0.734221518039703,0.11514043062925301,0.08473110944032601,0.065906882286071
2697,lod-lille-0.6b,bn,D-lit,A,D,0,D,0,1,0.062815807759761,0.8287107348442071,0.8287107348442071,0.6063328385353081,0.062815807759761,0.08631139248609501,0.022162057459354,0.8287107348442071
2699,lod-lille-0.6b,bn,D-lit,D,C,3,C,0,1,0.07088623940944601,0.721326053142547,0.721326053142547,0.468302905559539,0.14600530266761702,0.061782363802194006,0.721326053142547,0.07088623940944601
2703,lod-lille-0.6b,bn,D-lit,D,A,3,A,0,1,0.038504876196384,0.908632040023803,0.908632040023803,0.717873275279998,0.908632040023803,0.018037237226963,0.03482586890459,0.038504876196384
2704,lod-lille-0.6b,bn,D-lit,D,B,3,B,0,1,0.029375752434134,0.947742342948913,0.947742342948913,0.814286053180694,0.009662707336246001,0.947742342948913,0.013219207525253001,0.029375752434134
2708,lod-lille-0.6b,bn,D-lit,C,D,2,D,0,1,0.11303334683179801,0.49472951889038,0.49472951889038,0.28601375222206105,0.14231468737125302,0.24992249906063002,0.11303334683179801,0.49472951889038
2724,lod-lille-0.6b,bn,D-lit,A,B,0,B,0,1,0.012483352795243001,0.9333439469337461,0.9333439469337461,0.8044573664665221,0.012483352795243001,0.9333439469337461,0.032799158245325005,0.021373609080910003
2729,lod-lille-0.6b,bn,D-lit,D,B,3,B,0,1,0.024174539372324003,0.946934759616851,0.946934759616851,0.7039934992790221,0.018676064908504,0.946934759616851,0.010214666835963001,0.024174539372324003
2730,lod-lille-0.6b,bn,D-lit,A,D,0,D,0,1,0.0006462348974300001,0.9974783062934871,0.9974783062934871,0.949914038181304,0.0006462348974300001,0.001080962829291,0.00079448078759,0.9974783062934871
2732,lod-lille-0.6b,bn,D-lit,D,A,3,A,0,1,0.016611203551292,0.959157884120941,0.959157884120941,0.744061708450317,0.959157884120941,0.016467865556478,0.007763023488223,0.016611203551292
2735,lod-lille-0.6b,bn,D-lit,D,B,3,B,0,1,0.011122205294668001,0.9628238677978511,0.9628238677978511,0.790212929248809,0.014131783507764001,0.9628238677978511,0.011922198347747002,0.011122205294668001
2737,lod-lille-0.6b,bn,D-lit,C,A,2,A,0,1,0.024930961430072,0.929234206676483,0.929234206676483,0.7279448509216301,0.929234206676483,0.027555873617529,0.024930961430072,0.018278956413269
2745,lod-lille-0.6b,bn,D-lit,D,C,3,C,0,1,0.17939977347850802,0.755675554275512,0.755675554275512,0.554378986358642,0.039000499993562004,0.025924190878868002,0.755675554275512,0.17939977347850802
2748,lod-lille-0.6b,bn,D-lit,C,D,2,D,0,1,0.08466812223196,0.469034075736999,0.469034075736999,0.289425522089004,0.366473972797393,0.079823851585388,0.08466812223196,0.469034075736999
2766,lod-lille-0.6b,bn,D-lit,D,A,3,A,0,1,0.014162069186568002,0.9318578839302061,0.9318578839302061,0.6957259774208061,0.9318578839302061,0.027682421728968003,0.026297589763998003,0.014162069186568002
2769,lod-lille-0.6b,bn,D-lit,B,D,1,D,0,1,0.07073498517274801,0.835323095321655,0.835323095321655,0.666835725307464,0.023325117304921,0.07073498517274801,0.07061672955751401,0.835323095321655
2770,lod-lille-0.6b,bn,D-lit,B,C,1,C,0,1,0.038995303213596004,0.91158127784729,0.91158127784729,0.648687183856964,0.020248711109161002,0.038995303213596004,0.91158127784729,0.029174633324146004
2771,lod-lille-0.6b,bn,D-lit,B,C,1,C,0,1,0.028568038716912002,0.9145984053611751,0.9145984053611751,0.6986114978790281,0.042035371065139,0.028568038716912002,0.9145984053611751,0.014798242598772
2774,lod-lille-0.6b,bn,D-lit,D,B,3,B,0,1,0.031231870874762,0.9031794667243951,0.9031794667243951,0.745385587215423,0.032689269632101,0.9031794667243951,0.032899435609579,0.031231870874762
2777,lod-lille-0.6b,bn,D-lit,A,D,0,D,0,1,0.011652731336653,0.9456376433372491,0.9456376433372491,0.7999501824378961,0.011652731336653,0.030134195461869004,0.012575387954711002,0.9456376433372491
2779,lod-lille-0.6b,bn,D-lit,A,B,0,B,0,1,0.083387553691864,0.8730203509330751,0.8730203509330751,0.6923754811286921,0.083387553691864,0.8730203509330751,0.028836362063884003,0.014755763113498
2780,lod-lille-0.6b,bn,D-lit,D,C,3,C,0,1,0.011499441228806001,0.9670580625534051,0.9670580625534051,0.832715511322021,0.011915636248886,0.009526868350803,0.9670580625534051,0.011499441228806001
2781,lod-lille-0.6b,bn,D-lit,C,D,2,D,0,1,0.237150475382804,0.72847557067871,0.72847557067871,0.5435489416122431,0.020623806864023,0.013750168494880002,0.237150475382804,0.72847557067871
2784,lod-lille-0.6b,bn,D-lit,A,C,0,C,0,1,0.068669632077217,0.915759325027465,0.915759325027465,0.7421360015869141,0.068669632077217,0.005688454490154001,0.915759325027465,0.009882586076855
2785,lod-lille-0.6b,bn,D-lit,B,D,1,D,0,1,0.057748518884181005,0.8885678052902221,0.8885678052902221,0.7397435903549191,0.024655176326632004,0.057748518884181005,0.029028495773673002,0.8885678052902221
2793,lod-lille-0.6b,bn,D-lit,D,A,3,A,0,1,0.029627807438373004,0.9218235611915581,0.9218235611915581,0.7574748396873471,0.9218235611915581,0.026410188525915004,0.022138379514217002,0.029627807438373004
2795,lod-lille-0.6b,bn,D-lit,D,C,3,C,0,1,0.015956249088048,0.907147824764251,0.907147824764251,0.7040267586708061,0.04789713025093,0.028998803347349004,0.907147824764251,0.015956249088048
2797,lod-lille-0.6b,bn,D-lit,A,D,0,D,0,1,0.29436179995536804,0.30334627628326405,0.30334627628326405,0.153316661715507,0.29436179995536804,0.23746165633201602,0.164830282330513,0.30334627628326405
2800,lod-lille-0.6b,bn,D-lit,C,D,2,D,0,1,0.010558816604316,0.9512723684310911,0.9512723684310911,0.758300244808197,0.013099368661642002,0.025069458410143002,0.010558816604316,0.9512723684310911
2803,lod-lille-0.6b,bn,D-lit,B,A,1,A,0,1,0.32224753499031,0.621985971927642,0.621985971927642,0.330241739749908,0.621985971927642,0.32224753499031,0.048195142298936004,0.007571311667561
2805,lod-lille-0.6b,bn,D-lit,B,C,1,C,0,1,0.008915062993764001,0.9730172157287591,0.9730172157287591,0.8303816318511961,0.009578921832144,0.008915062993764001,0.9730172157287591,0.008488862775266
2806,lod-lille-0.6b,bn,D-lit,C,B,2,D,0,0,0.262879610061645,0.16705884039402003,0.337192356586456,0.24840673804283103,0.23286923766136103,0.16705884039402003,0.262879610061645,0.337192356586456
2818,lod-lille-0.6b,bn,D-lit,D,A,3,A,0,1,0.006199367344379001,0.9553650617599481,0.9553650617599481,0.777393519878387,0.9553650617599481,0.023904915899038003,0.014530682936310001,0.006199367344379001
2820,lod-lille-0.6b,bn,D-lit,D,C,3,C,0,1,0.010964973829686002,0.9438179731369011,0.9438179731369011,0.8065412640571591,0.026362456381320003,0.018854660913348,0.9438179731369011,0.010964973829686002
2821,lod-lille-0.6b,bn,D-lit,D,C,3,C,0,1,0.0030607844237230003,0.9853797554969781,0.9853797554969781,0.864451587200164,0.006016999948769,0.005542512983083001,0.9853797554969781,0.0030607844237230003
2822,lod-lille-0.6b,bn,D-lit,C,A,2,A,0,1,0.07852537184953601,0.9093326926231381,0.9093326926231381,0.78521990776062,0.9093326926231381,0.0052387625910340005,0.07852537184953601,0.006903108209371
2823,lod-lille-0.6b,bn,D-lit,A,B,0,B,0,1,0.011597712524235,0.984076797962188,0.984076797962188,0.8857875466346741,0.011597712524235,0.984076797962188,0.0029555908404290004,0.001369961188174
2827,lod-lille-0.6b,bn,D-lit,C,A,2,A,0,1,0.010429280810058,0.9877259135246271,0.9877259135246271,0.9159185886383051,0.9877259135246271,0.000660265388432,0.010429280810058,0.00118454103358
2834,lod-lille-0.6b,bn,D-lit,C,D,2,D,0,1,0.046781964600086004,0.7869526147842401,0.7869526147842401,0.5570325851440431,0.11296755075454701,0.053297858685255,0.046781964600086004,0.7869526147842401
2841,lod-lille-0.6b,bn,D-lit,D,B,3,B,0,1,0.208068758249282,0.373049050569534,0.373049050569534,0.22796311974525402,0.253223687410354,0.373049050569534,0.16565847396850503,0.208068758249282
2848,lod-lille-0.6b,bn,D-lit,D,A,3,A,0,1,0.048682510852813006,0.8626297712326051,0.8626297712326051,0.6804311275482171,0.8626297712326051,0.034451279789209005,0.054236389696598004,0.048682510852813006
2867,lod-lille-0.6b,bn,D-lit,B,D,1,B,1,0,0.523633480072021,0.27434518933296204,0.523633480072021,0.31521087884902904,0.093833208084106,0.523633480072021,0.10818812996149,0.27434518933296204
2869,lod-lille-0.6b,bn,D-lit,C,A,2,A,0,1,0.029860837385058004,0.927633881568908,0.927633881568908,0.736469507217407,0.927633881568908,0.020743077620863002,0.029860837385058004,0.021762190386652003
2882,lod-lille-0.6b,bn,D-lit,B,C,1,C,0,1,0.094717122614383,0.690001130104064,0.690001130104064,0.463013708591461,0.106585644185543,0.094717122614383,0.690001130104064,0.10869611799716901
2883,lod-lille-0.6b,bn,D-lit,A,B,0,B,0,1,0.27830290794372503,0.628674924373626,0.628674924373626,0.45375949144363403,0.27830290794372503,0.628674924373626,0.022150691598653002,0.070871397852897
2887,lod-lille-0.6b,bn,D-lit,D,B,3,B,0,1,0.056755870580673,0.6998691558837891,0.6998691558837891,0.47751808166503906,0.221186339855194,0.6998691558837891,0.022188590839505,0.056755870580673
2889,lod-lille-0.6b,bn,D-lit,C,A,2,A,0,1,0.036422129720449004,0.9460399150848381,0.9460399150848381,0.7925311923027031,0.9460399150848381,0.011985478922724,0.036422129720449004,0.0055523798801
2890,lod-lille-0.6b,bn,D-lit,B,A,1,A,0,1,0.011719241738319001,0.9611647725105281,0.9611647725105281,0.8168066740036011,0.9611647725105281,0.011719241738319001,0.017603322863578002,0.009512587450444001
2891,lod-lille-0.6b,bn,D-lit,B,C,1,C,0,1,0.077093504369258,0.751585960388183,0.751585960388183,0.47589376568794206,0.099972747266292,0.077093504369258,0.751585960388183,0.07134777307510301
2901,lod-lille-0.6b,bn,D-lit,C,B,2,B,0,1,0.10280687361955601,0.7606711983680721,0.7606711983680721,0.49376079440116805,0.097864188253879,0.7606711983680721,0.10280687361955601,0.038657791912555
2902,lod-lille-0.6b,bn,D-lit,D,A,3,B,0,0,0.20969840884208601,0.194842755794525,0.331095695495605,0.16502541303634602,0.194842755794525,0.331095695495605,0.26436313986778204,0.20969840884208601
2908,lod-lille-0.6b,bn,D-lit,C,A,2,B,0,0,0.287553340196609,0.25707653164863503,0.298838824033737,0.17335322499275202,0.25707653164863503,0.298838824033737,0.287553340196609,0.156531304121017
2909,lod-lille-0.6b,bn,D-lit,D,C,3,C,0,1,0.048944272100925,0.8744567632675171,0.8744567632675171,0.6452227830886841,0.027964072301983,0.048634763807058,0.8744567632675171,0.048944272100925
2910,lod-lille-0.6b,bn,D-lit,C,D,2,D,0,1,0.08019333332777001,0.8098262548446651,0.8098262548446651,0.636812090873718,0.052708219736814006,0.05727213993668501,0.08019333332777001,0.8098262548446651
2911,lod-lille-0.6b,bn,D-lit,A,B,0,B,0,1,0.042665742337703004,0.9133909344673151,0.9133909344673151,0.727161705493927,0.042665742337703004,0.9133909344673151,0.02513232268393,0.018810978159308
2916,lod-lille-0.6b,bn,D-lit,B,C,1,C,0,1,0.047615125775337004,0.8504008054733271,0.8504008054733271,0.7257749438285821,0.062113016843795006,0.047615125775337004,0.8504008054733271,0.039871074259281006
2918,lod-lille-0.6b,bn,D-lit,C,A,2,A,0,1,0.023929407820105,0.9579036831855771,0.9579036831855771,0.8180995583534241,0.9579036831855771,0.013682018034160002,0.023929407820105,0.004484806675463001
2920,lod-lille-0.6b,bn,D-lit,A,D,0,D,0,1,0.023525170981884003,0.9547143578529351,0.9547143578529351,0.8632954359054561,0.023525170981884003,0.012186353094875,0.009574039839208001,0.9547143578529351
2922,lod-lille-0.6b,bn,D-lit,C,B,2,B,0,1,0.052864361554384,0.8558743596076961,0.8558743596076961,0.7163919806480401,0.017136318609118,0.8558743596076961,0.052864361554384,0.07412486523389801
2930,lod-lille-0.6b,bn,D-lit,A,D,0,D,0,1,0.028192091733217003,0.897917628288269,0.897917628288269,0.7192090153694151,0.028192091733217003,0.042825438082218004,0.031064823269844003,0.897917628288269
2932,lod-lille-0.6b,bn,D-lit,C,B,2,B,0,1,0.035156358033418,0.875961601734161,0.875961601734161,0.7039442658424371,0.046739131212234004,0.875961601734161,0.035156358033418,0.042142804712057
2935,lod-lille-0.6b,bn,D-lit,C,D,2,D,0,1,0.0073718312196430005,0.9813959002494811,0.9813959002494811,0.916833639144897,0.007407494354993001,0.003824833314865,0.0073718312196430005,0.9813959002494811
2936,lod-lille-0.6b,bn,D-lit,C,A,2,A,0,1,0.055454514920711004,0.8096681237220761,0.8096681237220761,0.615251183509826,0.8096681237220761,0.065081372857093,0.055454514920711004,0.069795995950698
2944,lod-lille-0.6b,bn,D-lit,D,B,3,B,0,1,0.049962274730205,0.877190947532653,0.877190947532653,0.6707986593246461,0.028533393517136,0.877190947532653,0.044313367456197,0.049962274730205
2948,lod-lille-0.6b,bn,D-lit,D,C,3,C,0,1,0.16095682978630002,0.7917542457580561,0.7917542457580561,0.6818303465843201,0.021537829190492002,0.025751031935214,0.7917542457580561,0.16095682978630002
2949,lod-lille-0.6b,bn,D-lit,A,B,0,B,0,1,0.022067317739129,0.9595055580139161,0.9595055580139161,0.8362399339675901,0.022067317739129,0.9595055580139161,0.009269219823181001,0.009157875552773
2950,lod-lille-0.6b,bn,D-lit,C,D,2,D,0,1,0.023012384772300002,0.8876755833625791,0.8876755833625791,0.688853800296783,0.06811746954917901,0.021194493398070002,0.023012384772300002,0.8876755833625791
2956,lod-lille-0.6b,bn,D-lit,A,C,0,C,0,1,0.000762946845497,0.9981312155723571,0.9981312155723571,0.9213145971298211,0.000762946845497,0.000578845851123,0.9981312155723571,0.0005270529072730001
2957,lod-lille-0.6b,bn,D-lit,B,D,1,D,0,1,0.024068186059594,0.968644082546234,0.968644082546234,0.872493803501129,0.002898327773436,0.024068186059594,0.004389442037791001,0.968644082546234
2960,lod-lille-0.6b,bn,D-lit,B,C,1,C,0,1,0.11977904289960802,0.802200615406036,0.802200615406036,0.52928739786148,0.031640067696571,0.11977904289960802,0.802200615406036,0.046380270272493
2961,lod-lille-0.6b,bn,D-lit,C,B,2,B,0,1,0.00775125157088,0.989084541797637,0.989084541797637,0.8898270726203911,0.0013246530434110001,0.989084541797637,0.00775125157088,0.0018396301893510002
2962,lod-lille-0.6b,bn,D-lit,B,A,1,A,0,1,0.023060146719217002,0.9718851447105401,0.9718851447105401,0.9119235873222351,0.9718851447105401,0.023060146719217002,0.0032942334655670005,0.0017605489119880001
2964,lod-lille-0.6b,bn,D-lit,D,C,3,C,0,1,0.102207161486148,0.7901009321212761,0.7901009321212761,0.5361924171447751,0.06285493075847601,0.044836990535259004,0.7901009321212761,0.102207161486148
2967,lod-lille-0.6b,bn,D-lit,C,B,2,B,0,1,0.016214845702052002,0.9515408277511591,0.9515408277511591,0.797265410423278,0.022457048296928003,0.9515408277511591,0.016214845702052002,0.009787292219698
2968,lod-lille-0.6b,bn,D-lit,D,B,3,B,0,1,0.14597074687480902,0.8260468840599061,0.8260468840599061,0.6707295775413511,0.017834113910794,0.8260468840599061,0.0101482514292,0.14597074687480902
2969,lod-lille-0.6b,bn,D-lit,D,B,3,B,0,1,0.023460274562239,0.9428738355636591,0.9428738355636591,0.794660508632659,0.020907718688249,0.9428738355636591,0.012758176773786002,0.023460274562239
2970,lod-lille-0.6b,bn,D-lit,B,D,1,D,0,1,0.008156580850481,0.9748371243476861,0.9748371243476861,0.865202605724334,0.008804928511381,0.008156580850481,0.00820143893361,0.9748371243476861
2972,lod-lille-0.6b,bn,D-lit,C,D,2,D,0,1,0.039040692150592006,0.871975302696228,0.871975302696228,0.6692262291908261,0.038365274667739,0.050618685781955004,0.039040692150592006,0.871975302696228
2976,lod-lille-0.6b,bn,D-lit,D,B,3,B,0,1,0.034038361161947,0.925885498523712,0.925885498523712,0.7771610617637631,0.017356777563691,0.925885498523712,0.022719290107488,0.034038361161947
2977,lod-lille-0.6b,bn,D-lit,D,A,3,A,0,1,0.025437943637371,0.8880572319030761,0.8880572319030761,0.6972076892852781,0.8880572319030761,0.03779923543334,0.048705630004405004,0.025437943637371
2981,lod-lille-0.6b,bn,D-lit,A,C,0,C,0,1,0.09499361366033501,0.83125901222229,0.83125901222229,0.611787438392639,0.09499361366033501,0.043059684336185004,0.83125901222229,0.030687686055898004
2985,lod-lille-0.6b,bn,D-lit,A,B,0,B,0,1,0.11094850301742501,0.45228463411331105,0.45228463411331105,0.253041625022888,0.11094850301742501,0.45228463411331105,0.190175533294677,0.24659137427806802
2986,lod-lille-0.6b,bn,D-lit,C,D,2,D,0,1,0.016871336847543,0.9556919336318971,0.9556919336318971,0.746902644634246,0.016783179715275,0.010653534904122,0.016871336847543,0.9556919336318971
2988,lod-lille-0.6b,bn,D-lit,D,A,3,A,0,1,0.024954374879598003,0.937604308128356,0.937604308128356,0.794510900974273,0.937604308128356,0.018568776547908002,0.018872551620006003,0.024954374879598003
2989,lod-lille-0.6b,bn,D-lit,D,A,3,A,0,1,0.031185837462544004,0.8820862174034111,0.8820862174034111,0.62364786863327,0.8820862174034111,0.032988425344228,0.05373955518007201,0.031185837462544004
2990,lod-lille-0.6b,bn,D-lit,C,B,2,B,0,1,0.025219820439815,0.8827108740806581,0.8827108740806581,0.768298268318176,0.041611082851886,0.8827108740806581,0.025219820439815,0.050458140671253
2993,lod-lille-0.6b,bn,D-lit,B,C,1,C,0,1,0.07622364163398701,0.864753603935241,0.864753603935241,0.648028492927551,0.039410859346389,0.07622364163398701,0.864753603935241,0.019611943513154
2994,lod-lille-0.6b,bn,D-lit,D,A,3,A,0,1,0.033657368272542,0.903307855129241,0.903307855129241,0.664150238037109,0.903307855129241,0.040927752852439006,0.022107042372226,0.033657368272542
2997,lod-lille-0.6b,bn,D-lit,A,B,0,B,0,1,0.042062696069478,0.9307422041893001,0.9307422041893001,0.7088136076927181,0.042062696069478,0.9307422041893001,0.017205495387315,0.009989681653678001
2999,lod-lille-0.6b,bn,D-lit,A,C,0,C,0,1,0.008150219917297,0.960350751876831,0.960350751876831,0.8134749531745911,0.008150219917297,0.020254492759704,0.960350751876831,0.011244476772844
3000,lod-lille-0.6b,bn,D-lit,A,D,0,D,0,1,0.065990135073661,0.893930852413177,0.893930852413177,0.6508374214172361,0.065990135073661,0.019302185624837,0.020776845514774003,0.893930852413177
3002,lod-lille-0.6b,bn,D-lit,C,D,2,D,0,1,0.021082414314150002,0.9283100366592401,0.9283100366592401,0.770395517349243,0.033226169645786,0.017381260171532003,0.021082414314150002,0.9283100366592401
3005,lod-lille-0.6b,bn,D-lit,B,C,1,C,0,1,0.062179133296012004,0.8955302238464351,0.8955302238464351,0.596427381038665,0.024384463205933002,0.062179133296012004,0.8955302238464351,0.017906231805682002
3006,lod-lille-0.6b,bn,D-lit,C,B,2,B,0,1,0.135534733533859,0.6983739137649531,0.6983739137649531,0.5056629776954651,0.14193111658096302,0.6983739137649531,0.135534733533859,0.02416018769145
3007,lod-lille-0.6b,bn,D-lit,D,B,3,B,0,1,0.022601110860705,0.8507995009422301,0.8507995009422301,0.5630171895027161,0.047693561762571,0.8507995009422301,0.07890579104423501,0.022601110860705
3009,lod-lille-0.6b,bn,D-lit,C,D,2,D,0,1,0.010595786385238,0.9784023165702821,0.9784023165702821,0.850430130958557,0.006607881747186001,0.004394018556922,0.010595786385238,0.9784023165702821
3010,lod-lille-0.6b,bn,D-lit,C,A,2,A,0,1,0.029199140146374,0.9308755397796631,0.9308755397796631,0.7502008080482481,0.9308755397796631,0.015079419128596,0.029199140146374,0.024845851585268003
3011,lod-lille-0.6b,bn,D-lit,B,C,1,C,0,1,0.0029061893001190004,0.9900706410408021,0.9900706410408021,0.8706339001655571,0.003146104747429,0.0029061893001190004,0.9900706410408021,0.0038770963437850005
3012,lod-lille-0.6b,bn,D-lit,B,D,1,D,0,1,0.072562679648399,0.737135231494903,0.737135231494903,0.510560691356658,0.06073312461376101,0.072562679648399,0.129568979144096,0.737135231494903
3016,lod-lille-0.6b,bn,D-lit,C,A,2,A,0,1,0.04964705184102,0.905694067478179,0.905694067478179,0.7638828158378601,0.905694067478179,0.026733668521046004,0.04964705184102,0.017925227060914
3017,lod-lille-0.6b,bn,D-lit,A,D,0,D,0,1,0.23660290241241402,0.580082952976226,0.580082952976226,0.36893129348754805,0.23660290241241402,0.12811987102031702,0.055194236338138004,0.580082952976226
3021,lod-lille-0.6b,bn,D-lit,C,B,2,B,0,1,0.020003879442811002,0.9294855594635011,0.9294855594635011,0.7780023217201231,0.020179387181997,0.9294855594635011,0.020003879442811002,0.030331157147884
3023,lod-lille-0.6b,bn,D-lit,D,B,3,B,0,1,0.017500421032309,0.955648303031921,0.955648303031921,0.8053761720657341,0.012236404232680001,0.955648303031921,0.014614956453442001,0.017500421032309
3028,lod-lille-0.6b,bn,D-lit,B,C,1,C,0,1,0.009624615311622,0.9651712179183961,0.9651712179183961,0.821332156658172,0.016084276139736002,0.009624615311622,0.9651712179183961,0.009119860827922
3030,lod-lille-0.6b,bn,D-lit,A,D,0,D,0,1,0.03163893520832,0.9390182495117181,0.9390182495117181,0.799112617969512,0.03163893520832,0.018699200823903,0.010643596760928001,0.9390182495117181
3031,lod-lille-0.6b,bn,D-lit,B,D,1,D,0,1,0.185068041086196,0.725964903831481,0.725964903831481,0.49163380265235906,0.039929699152708005,0.185068041086196,0.04903741925954801,0.725964903831481
3032,lod-lille-0.6b,bn,D-lit,D,C,3,C,0,1,0.036188215017318004,0.8930005431175231,0.8930005431175231,0.6706719398498531,0.031150609254837,0.039660647511482,0.8930005431175231,0.036188215017318004
3034,lod-lille-0.6b,bn,D-lit,C,D,2,D,0,1,0.024579849094152003,0.9396145343780511,0.9396145343780511,0.774932503700256,0.013133760541677001,0.022671822458505003,0.024579849094152003,0.9396145343780511
3035,lod-lille-0.6b,bn,D-lit,B,D,1,D,0,1,0.012815847992897,0.970446765422821,0.970446765422821,0.8468168973922731,0.008374937810003001,0.012815847992897,0.008362439461052001,0.970446765422821
3036,lod-lille-0.6b,bn,D-lit,D,C,3,C,0,1,0.02215801179409,0.9725214242935181,0.9725214242935181,0.87544560432434,0.0032615547534070003,0.002059009391814,0.9725214242935181,0.02215801179409
3037,lod-lille-0.6b,bn,D-lit,D,A,3,A,0,1,0.41117042303085305,0.548425137996673,0.548425137996673,0.373562514781951,0.548425137996673,0.028909930959343,0.011494450271129001,0.41117042303085305
3042,lod-lille-0.6b,bn,D-lit,A,C,0,C,0,1,0.073115587234497,0.850296080112457,0.850296080112457,0.7146700024604791,0.073115587234497,0.025653718039393,0.850296080112457,0.050934635102748003
3043,lod-lille-0.6b,bn,D-lit,A,C,0,C,0,1,0.034989025443792,0.92125254869461,0.92125254869461,0.7773060202598571,0.034989025443792,0.026776414364576003,0.92125254869461,0.016981964930891002
3049,lod-lille-0.6b,bn,D-lit,C,A,2,A,0,1,0.10933195054531,0.334802627563476,0.334802627563476,0.21048185229301403,0.334802627563476,0.307346612215042,0.10933195054531,0.24851879477500902
3058,lod-lille-0.6b,bn,D-lit,D,C,3,C,0,1,0.08682394027709901,0.6391360163688661,0.6391360163688661,0.417194455862045,0.166648566722869,0.10739145427942201,0.6391360163688661,0.08682394027709901
3059,lod-lille-0.6b,bn,D-lit,D,C,3,C,0,1,0.025040652602910003,0.9235626459121701,0.9235626459121701,0.821882128715515,0.029642563313245003,0.021754084154963,0.9235626459121701,0.025040652602910003
3061,lod-lille-0.6b,bn,D-lit,C,D,2,D,0,1,0.31854537129402105,0.378813207149505,0.378813207149505,0.24477237462997403,0.177801445126533,0.12483993917703601,0.31854537129402105,0.378813207149505
3065,lod-lille-0.6b,bn,D-lit,B,C,1,C,0,1,0.0280457213521,0.955083012580871,0.955083012580871,0.7638087868690491,0.008636767044663,0.0280457213521,0.955083012580871,0.008234417065978
3071,lod-lille-0.6b,bn,D-lit,B,A,1,A,0,1,0.037584841251373,0.8648917078971861,0.8648917078971861,0.7280781269073481,0.8648917078971861,0.037584841251373,0.044757355004549006,0.05276610329747201
3075,lod-lille-0.6b,bn,D-lit,D,B,3,B,0,1,0.015630999580025,0.9479623436927791,0.9479623436927791,0.7287440896034241,0.009847893379628,0.9479623436927791,0.02655879035592,0.015630999580025
3077,lod-lille-0.6b,bn,D-lit,C,D,2,D,0,1,0.036907490342855,0.9116765856742851,0.9116765856742851,0.7616640329360961,0.027822406962513,0.023593502119183003,0.036907490342855,0.9116765856742851
3081,lod-lille-0.6b,bn,D-lit,B,C,1,C,0,1,0.013319800607860002,0.9381003975868221,0.9381003975868221,0.7629156112670891,0.028074579313397,0.013319800607860002,0.9381003975868221,0.020505232736468003
3082,lod-lille-0.6b,bn,D-lit,C,D,2,D,0,1,0.041000343859195,0.8452318906784051,0.8452318906784051,0.686381578445434,0.040672857314348006,0.07309488952159801,0.041000343859195,0.8452318906784051
3086,lod-lille-0.6b,bn,D-lit,C,B,2,B,0,1,0.249726489186286,0.28867167234420704,0.28867167234420704,0.19259528815746302,0.189190700650215,0.28867167234420704,0.249726489186286,0.272411167621612
3090,lod-lille-0.6b,bn,D-lit,D,B,3,B,0,1,0.029505919665098003,0.855439901351928,0.855439901351928,0.6593994498252861,0.04949623346328701,0.855439901351928,0.065557867288589,0.029505919665098003
3092,lod-lille-0.6b,bn,D-lit,D,B,3,B,0,1,0.028102355077862,0.9231719970703121,0.9231719970703121,0.7703664302825921,0.027235675603151002,0.9231719970703121,0.021489983424544,0.028102355077862
3093,lod-lille-0.6b,bn,D-lit,C,A,2,A,0,1,0.028877971693873003,0.7432699203491211,0.7432699203491211,0.44460698962211603,0.7432699203491211,0.15405948460102,0.028877971693873003,0.07379271835088701
3096,lod-lille-0.6b,bn,D-lit,D,A,3,A,0,1,0.045915514230728004,0.8453986644744871,0.8453986644744871,0.6408166885375971,0.8453986644744871,0.05991520360112101,0.048770602792501005,0.045915514230728004
3098,lod-lille-0.6b,bn,D-lit,B,D,1,D,0,1,0.07964406162500301,0.746518075466156,0.746518075466156,0.594878554344177,0.089279524981975,0.07964406162500301,0.084558323025703,0.746518075466156
3099,lod-lille-0.6b,bn,D-lit,D,B,3,B,0,1,0.019261779263615,0.9548786282539361,0.9548786282539361,0.8185818791389461,0.014263440854847001,0.9548786282539361,0.011596112512052,0.019261779263615
3101,lod-lille-0.6b,bn,D-lit,C,B,2,B,0,1,0.170909985899925,0.785349607467651,0.785349607467651,0.6817997097969051,0.022036140784621003,0.785349607467651,0.170909985899925,0.02170424349606
3115,lod-lille-0.6b,bn,D-lit,C,D,2,D,0,1,0.027741864323616004,0.9294847249984741,0.9294847249984741,0.793303966522216,0.024772705510258,0.018000792711973003,0.027741864323616004,0.9294847249984741
3116,lod-lille-0.6b,bn,D-lit,D,C,3,C,0,1,0.009861370548605001,0.9533143639564511,0.9533143639564511,0.8598109483718871,0.025886878371238,0.010937456972897,0.9533143639564511,0.009861370548605001
3118,lod-lille-0.6b,bn,D-lit,C,A,2,A,0,1,0.027072690427303002,0.8817719817161561,0.8817719817161561,0.7334275245666501,0.8817719817161561,0.051939196884632007,0.027072690427303002,0.039216138422489
3120,lod-lille-0.6b,bn,D-lit,A,D,0,D,0,1,0.09430110454559301,0.708767533302307,0.708767533302307,0.507256567478179,0.09430110454559301,0.09212497621774601,0.10480643063783601,0.708767533302307
3122,lod-lille-0.6b,bn,D-lit,B,C,1,C,0,1,0.059574253857135,0.8227348923683161,0.8227348923683161,0.6932541131973261,0.07014305889606401,0.059574253857135,0.8227348923683161,0.047547813504934006
3126,lod-lille-0.6b,bn,D-lit,D,C,3,A,0,0,0.09168525040149601,0.36738908290863004,0.40425944328308105,0.18920929729938502,0.40425944328308105,0.13666626811027502,0.36738908290863004,0.09168525040149601
3132,lod-lille-0.6b,bn,D-lit,C,D,2,D,0,1,0.015702258795499,0.9488590955734251,0.9488590955734251,0.8269969224929811,0.012761750258505001,0.022676896303892,0.015702258795499,0.9488590955734251
3133,lod-lille-0.6b,bn,D-lit,A,B,0,B,0,1,0.011449919082224001,0.966254711151123,0.966254711151123,0.8457500934600831,0.011449919082224001,0.966254711151123,0.014962048269808001,0.0073333834297950005
3141,lod-lille-0.6b,bn,D-lit,C,A,2,A,0,1,0.207817554473876,0.531099319458007,0.531099319458007,0.40143939852714505,0.531099319458007,0.067437201738357,0.207817554473876,0.19364590942859602
3145,lod-lille-0.6b,bn,D-lit,B,C,1,C,0,1,0.180561125278472,0.5538757443428041,0.5538757443428041,0.410796552896499,0.139773309230804,0.180561125278472,0.5538757443428041,0.125789761543273
3147,lod-lille-0.6b,bn,D-lit,D,C,3,C,0,1,0.060816593468189004,0.8032872080802911,0.8032872080802911,0.580412924289703,0.05006688833236601,0.08582929521799,0.8032872080802911,0.060816593468189004
3149,lod-lille-0.6b,bn,D-lit,D,C,3,C,0,1,0.063618689775466,0.838152885437011,0.838152885437011,0.7086851000785821,0.043893739581108,0.054334685206413005,0.838152885437011,0.063618689775466
3150,lod-lille-0.6b,bn,D-lit,A,B,0,B,0,1,0.016958624124526003,0.940464437007904,0.940464437007904,0.809563636779785,0.016958624124526003,0.940464437007904,0.033689823001623,0.008887119591236
3154,lod-lille-0.6b,bn,D-lit,B,D,1,D,0,1,0.033585533499717005,0.798804759979248,0.798804759979248,0.621199190616607,0.074924416840076,0.033585533499717005,0.09268532693386,0.798804759979248
3159,lod-lille-0.6b,bn,D-lit,A,C,0,C,0,1,0.118942461907863,0.6958397030830381,0.6958397030830381,0.5272443294525141,0.118942461907863,0.065221570432186,0.6958397030830381,0.11999623477458901
3163,lod-lille-0.6b,bn,D-lit,B,D,1,D,0,1,0.109173364937305,0.7404625415802001,0.7404625415802001,0.551956892013549,0.09569967538118301,0.109173364937305,0.05466442555189101,0.7404625415802001
3165,lod-lille-0.6b,bn,D-lit,D,B,3,B,0,1,0.38569706678390503,0.577996611595153,0.577996611595153,0.526552557945251,0.017621278762817,0.577996611595153,0.018684986978769,0.38569706678390503
3167,lod-lille-0.6b,bn,D-lit,D,C,3,C,0,1,0.061225846409797,0.8472635149955751,0.8472635149955751,0.631733298301696,0.041153974831104,0.050356704741716,0.8472635149955751,0.061225846409797
3181,lod-lille-0.6b,bn,D-lit,C,A,2,C,1,0,0.43044966459274203,0.10709350556135101,0.43044966459274203,0.219906002283096,0.10709350556135101,0.220123201608657,0.43044966459274203,0.242333590984344
3184,lod-lille-0.6b,bn,D-lit,D,A,3,A,0,1,0.15634301304817202,0.731860220432281,0.731860220432281,0.45600491762161205,0.731860220432281,0.06666175276041,0.045135125517845,0.15634301304817202
3187,lod-lille-0.6b,bn,D-lit,D,B,3,D,1,0,0.710855782032012,0.232313573360443,0.710855782032012,0.48174485564231806,0.028561720624566002,0.232313573360443,0.028268883004784,0.710855782032012
3191,lod-lille-0.6b,bn,D-lit,A,D,0,D,0,1,0.135083347558975,0.8196770548820491,0.8196770548820491,0.7214313745498651,0.135083347558975,0.026515070348978,0.018724482506513002,0.8196770548820491
3196,lod-lille-0.6b,bn,D-lit,B,A,1,A,0,1,0.182837724685668,0.793401181697845,0.793401181697845,0.6292037963867181,0.793401181697845,0.182837724685668,0.017616637051105,0.006144447252154001
3203,lod-lille-0.6b,bn,D-lit,A,C,0,A,1,0,0.356653094291687,0.24973016977310103,0.356653094291687,0.26118502020835804,0.356653094291687,0.251761198043823,0.24973016977310103,0.14185555279254902
3207,lod-lille-0.6b,bn,D-lit,D,C,3,C,0,1,0.192662879824638,0.37168231606483404,0.37168231606483404,0.207972809672355,0.22928643226623502,0.20636835694313002,0.37168231606483404,0.192662879824638
3209,lod-lille-0.6b,bn,D-lit,A,B,0,A,1,0,0.314282000064849,0.16705690324306402,0.314282000064849,0.15507125854492101,0.314282000064849,0.16705690324306402,0.251388430595397,0.26727271080017
3219,lod-lille-0.6b,bn,D-lit,C,B,2,B,0,1,0.054329659789800006,0.8848444819450371,0.8848444819450371,0.6969837546348571,0.028314968571066003,0.8848444819450371,0.054329659789800006,0.032510939985513
3222,lod-lille-0.6b,bn,D-lit,C,A,2,A,0,1,0.13554361462593,0.45520055294036804,0.45520055294036804,0.26483529806137,0.45520055294036804,0.154402017593383,0.13554361462593,0.254853785037994
3223,lod-lille-0.6b,bn,D-lit,D,B,3,C,0,0,0.274503618478775,0.21748718619346602,0.319597661495208,0.199551612138748,0.18841154873371102,0.21748718619346602,0.319597661495208,0.274503618478775
3225,lod-lille-0.6b,bn,D-lit,D,A,3,A,0,1,0.09636600315570801,0.7899116873741151,0.7899116873741151,0.573078751564025,0.7899116873741151,0.055902779102325,0.057819496840238,0.09636600315570801
3230,lod-lille-0.6b,bn,D-lit,A,D,0,D,0,1,0.005381698720157001,0.980409801006317,0.980409801006317,0.8864250183105461,0.005381698720157001,0.008812448941171001,0.005396014545112,0.980409801006317
3231,lod-lille-0.6b,bn,D-lit,B,A,1,A,0,1,0.022333506494760003,0.9301717877388,0.9301717877388,0.8127726912498471,0.9301717877388,0.022333506494760003,0.028312781825661004,0.019181964918971003
3233,lod-lille-0.6b,bn,D-lit,C,B,2,B,0,1,0.303180664777755,0.62249732017517,0.62249732017517,0.440110117197036,0.036440491676330004,0.62249732017517,0.303180664777755,0.037881467491388
3238,lod-lille-0.6b,bn,D-lit,A,B,0,B,0,1,0.10596177726984,0.673753261566162,0.673753261566162,0.42305010557174605,0.10596177726984,0.673753261566162,0.126407861709594,0.09387708455324101
3240,lod-lille-0.6b,bn,D-lit,A,B,0,B,0,1,0.167521893978118,0.770648837089538,0.770648837089538,0.511133015155792,0.167521893978118,0.770648837089538,0.037215705960989005,0.024613557383418003
3245,lod-lille-0.6b,bn,D-lit,C,A,2,C,1,0,0.42167577147483803,0.221900016069412,0.42167577147483803,0.230785608291625,0.221900016069412,0.10437186062335901,0.42167577147483803,0.252052366733551
3253,lod-lille-0.6b,bn,D-lit,D,B,3,B,0,1,0.011200412176549001,0.956239402294158,0.956239402294158,0.838594794273376,0.012988579459488002,0.956239402294158,0.01957163400948,0.011200412176549001
3263,lod-lille-0.6b,bn,D-lit,C,A,2,A,0,1,0.26544114947319003,0.31951388716697604,0.31951388716697604,0.15233039855957,0.31951388716697604,0.18276105821132602,0.26544114947319003,0.23228387534618303
3267,lod-lille-0.6b,bn,D-lit,B,A,1,A,0,1,0.029843969270586003,0.919837415218353,0.919837415218353,0.7894622683525081,0.919837415218353,0.029843969270586003,0.020064322277903,0.030254250392317
3272,lod-lille-0.6b,bn,D-lit,A,B,0,B,0,1,0.089744888246059,0.601986408233642,0.601986408233642,0.36790072917938205,0.089744888246059,0.601986408233642,0.102832034230232,0.20543666183948503
3275,lod-lille-0.6b,bn,D-lit,A,C,0,C,0,1,0.23259787261486,0.35006043314933705,0.35006043314933705,0.192874491214752,0.23259787261486,0.187769711017608,0.35006043314933705,0.22957199811935403
3276,lod-lille-0.6b,bn,D-lit,D,C,3,C,0,1,0.005654862616211001,0.978778004646301,0.978778004646301,0.8520660400390621,0.004016835242509001,0.011550345458090002,0.978778004646301,0.005654862616211001
3277,lod-lille-0.6b,bn,D-lit,B,D,1,D,0,1,0.013608901761472001,0.950136065483093,0.950136065483093,0.867297768592834,0.021484864875674,0.013608901761472001,0.014770147390663001,0.950136065483093
3280,lod-lille-0.6b,bn,D-lit,C,D,2,C,1,0,0.578509509563446,0.25990620255470204,0.578509509563446,0.34741657972335804,0.10210783034563001,0.05947645753622,0.578509509563446,0.25990620255470204
3282,lod-lille-0.6b,bn,D-lit,A,C,0,D,0,0,0.237830236554145,0.15835368633270203,0.346291214227676,0.151158347725868,0.237830236554145,0.257524907588958,0.15835368633270203,0.346291214227676
3284,lod-lille-0.6b,bn,D-lit,B,D,1,A,0,0,0.25777268409729004,0.151964157819747,0.34850850701332003,0.17519679665565402,0.34850850701332003,0.25777268409729004,0.24175462126731803,0.151964157819747
3285,lod-lille-0.6b,bn,D-lit,B,A,1,B,1,0,0.309704363346099,0.30749848484992903,0.309704363346099,0.189104169607162,0.30749848484992903,0.309704363346099,0.139192759990692,0.24360443651676103
3286,lod-lille-0.6b,bn,D-lit,D,C,3,C,0,1,0.164461955428123,0.392988294363021,0.392988294363021,0.271651715040206,0.28153052926063504,0.16101926565170202,0.392988294363021,0.164461955428123
3287,lod-lille-0.6b,bn,D-lit,A,D,0,D,0,1,0.12141103297472,0.6450366973876951,0.6450366973876951,0.48904964327812106,0.12141103297472,0.09720072895288401,0.136351585388183,0.6450366973876951
3288,lod-lille-0.6b,bn,D-lit,A,C,0,C,0,1,0.045977711677551006,0.865486204624176,0.865486204624176,0.669402360916137,0.045977711677551006,0.054667193442583,0.865486204624176,0.033868856728076005
3291,lod-lille-0.6b,bn,D-lit,A,D,0,A,1,0,0.47982281446456904,0.190755486488342,0.47982281446456904,0.271675676107406,0.47982281446456904,0.25101700425148005,0.07840463519096301,0.190755486488342
3292,lod-lille-0.6b,bn,D-lit,B,C,1,C,0,1,0.153284728527069,0.631300270557403,0.631300270557403,0.38523316383361805,0.11295848339796001,0.153284728527069,0.631300270557403,0.102456480264663
3300,lod-lille-0.6b,bn,D-lit,D,C,3,C,0,1,0.10979054123163201,0.846715092658996,0.846715092658996,0.6249814033508301,0.026011543348431,0.017482792958617002,0.846715092658996,0.10979054123163201
3301,lod-lille-0.6b,bn,D-lit,B,A,1,A,0,1,0.015031821094453002,0.949905812740325,0.949905812740325,0.7928612232208251,0.949905812740325,0.015031821094453002,0.02032165043056,0.014740685001015
3303,lod-lille-0.6b,bn,D-lit,B,D,1,D,0,1,0.019539227709174,0.9120903611183161,0.9120903611183161,0.768850207328796,0.026419941335916002,0.019539227709174,0.041950490325689004,0.9120903611183161
3304,lod-lille-0.6b,bn,D-lit,D,C,3,C,0,1,0.029751313850283,0.9180976748466491,0.9180976748466491,0.822425603866577,0.037427291274070004,0.014723692089319002,0.9180976748466491,0.029751313850283
3306,lod-lille-0.6b,bn,D-lit,A,C,0,C,0,1,0.10869474709033901,0.7863883972167961,0.7863883972167961,0.5895481109619141,0.10869474709033901,0.056533757597208,0.7863883972167961,0.048383075743913005
3307,lod-lille-0.6b,bn,D-lit,A,B,0,B,0,1,0.006600236985832001,0.9824745059013361,0.9824745059013361,0.8611156344413751,0.006600236985832001,0.9824745059013361,0.005570984911173,0.005354315508157
3308,lod-lille-0.6b,bn,D-lit,A,B,0,B,0,1,0.12264636158943101,0.6085852980613701,0.6085852980613701,0.38327041268348605,0.12264636158943101,0.6085852980613701,0.08840888738632201,0.180359408259391
3309,lod-lille-0.6b,bn,D-lit,C,D,2,D,0,1,0.092777118086814,0.7359298467636101,0.7359298467636101,0.53582763671875,0.10675220936536702,0.064540781080722,0.092777118086814,0.7359298467636101
3311,lod-lille-0.6b,bn,D-lit,C,B,2,C,1,0,0.8955199718475341,0.037527203559875,0.8955199718475341,0.662313818931579,0.043313149362802006,0.037527203559875,0.8955199718475341,0.023639742285013
3314,lod-lille-0.6b,bn,D-lit,D,A,3,A,0,1,0.256769478321075,0.291160821914672,0.291160821914672,0.15884895622730202,0.291160821914672,0.24333889782428703,0.20873077213764102,0.256769478321075
3320,lod-lille-0.6b,bn,D-lit,D,A,3,A,0,1,0.025033295154571002,0.805266559123992,0.805266559123992,0.6187254786491391,0.805266559123992,0.09235814213752701,0.07734204828739101,0.025033295154571002
3321,lod-lille-0.6b,bn,D-lit,D,B,3,B,0,1,0.11489878594875301,0.49054375290870605,0.49054375290870605,0.30884641408920205,0.164189428091049,0.49054375290870605,0.23036810755729603,0.11489878594875301
3323,lod-lille-0.6b,bn,D-lit,C,D,2,D,0,1,0.021357970312237,0.8974273800849911,0.8974273800849911,0.7507436275482171,0.036065652966499,0.045149024575948,0.021357970312237,0.8974273800849911
3329,lod-lille-0.6b,bn,D-lit,B,A,1,A,0,1,0.13259574770927401,0.6392163038253781,0.6392163038253781,0.5082990527153011,0.6392163038253781,0.13259574770927401,0.06819325685501,0.15999469161033603
3332,lod-lille-0.6b,bn,D-lit,C,A,2,A,0,1,0.081422269344329,0.826809644699096,0.826809644699096,0.6945804357528681,0.826809644699096,0.04794850572943601,0.081422269344329,0.043819602578878
3333,lod-lille-0.6b,bn,D-lit,D,C,3,B,0,0,0.126401454210281,0.11992400139570202,0.43633344769477805,0.154338344931602,0.317341119050979,0.43633344769477805,0.11992400139570202,0.126401454210281
3336,lod-lille-0.6b,bn,D-lit,A,D,0,D,0,1,0.033532947301864,0.929570317268371,0.929570317268371,0.7642602920532221,0.033532947301864,0.018681250512599,0.018215430900454,0.929570317268371
3340,lod-lille-0.6b,bn,D-lit,C,B,2,B,0,1,0.023276077583432003,0.9391155242919921,0.9391155242919921,0.777168810367584,0.020412983372807003,0.9391155242919921,0.023276077583432003,0.017195416614413
3344,lod-lille-0.6b,bn,D-lit,D,A,3,B,0,0,0.11005363613367,0.24011595547199202,0.44008028507232605,0.208581805229187,0.24011595547199202,0.44008028507232605,0.20975017547607402,0.11005363613367
3346,lod-lille-0.6b,bn,D-lit,C,B,2,B,0,1,0.27038356661796503,0.687773883342742,0.687773883342742,0.48598048090934703,0.030885126441717002,0.687773883342742,0.27038356661796503,0.010957397520542
3354,lod-lille-0.6b,bn,D-lit,A,C,0,C,0,1,0.098206534981727,0.770435273647308,0.770435273647308,0.501055717468261,0.098206534981727,0.083402045071125,0.770435273647308,0.047956064343452
3358,lod-lille-0.6b,bn,D-lit,B,C,1,C,0,1,0.021771125495433002,0.9220355749130241,0.9220355749130241,0.7719199657440181,0.011000839993357001,0.021771125495433002,0.9220355749130241,0.045192416757345005
3359,lod-lille-0.6b,bn,D-lit,B,A,1,A,0,1,0.047700159251689,0.8398607373237611,0.8398607373237611,0.7024509310722351,0.8398607373237611,0.047700159251689,0.08026439696550301,0.032174777239561005
3371,lod-lille-0.6b,bn,D-lit,D,A,3,B,0,0,0.260360240936279,0.27424797415733304,0.32363110780715904,0.146687597036361,0.27424797415733304,0.32363110780715904,0.14176066219806602,0.260360240936279
3379,lod-lille-0.6b,bn,D-lit,C,D,2,D,0,1,0.28388056159019404,0.46310025453567505,0.46310025453567505,0.252811670303344,0.11476276814937501,0.138256415724754,0.28388056159019404,0.46310025453567505
3380,lod-lille-0.6b,bn,D-lit,C,D,2,B,0,0,0.22227263450622503,0.255892783403396,0.288701176643371,0.190009206533432,0.23313340544700603,0.288701176643371,0.22227263450622503,0.255892783403396
3387,lod-lille-0.6b,bn,D-lit,C,A,2,A,0,1,0.023451181128621,0.9127587676048271,0.9127587676048271,0.775949895381927,0.9127587676048271,0.014284300617873,0.023451181128621,0.049505837261676004
3388,lod-lille-0.6b,bn,D-lit,B,A,1,A,0,1,0.023038519546389,0.9223113656044001,0.9223113656044001,0.736735224723815,0.9223113656044001,0.023038519546389,0.040285207331180004,0.014364887028932
3392,lod-lille-0.6b,bn,D-lit,D,C,3,D,1,0,0.63231486082077,0.280328571796417,0.63231486082077,0.40343850851058904,0.049381416290998,0.037975214421749004,0.280328571796417,0.63231486082077
3394,lod-lille-0.6b,bn,D-lit,C,D,2,D,0,1,0.08641334623098301,0.748994350433349,0.748994350433349,0.55495548248291,0.093961507081985,0.070630803704261,0.08641334623098301,0.748994350433349
3396,lod-lille-0.6b,bn,D-lit,B,C,1,C,0,1,0.0069252420216790005,0.983159065246582,0.983159065246582,0.8833103775978081,0.005896738264709001,0.0069252420216790005,0.983159065246582,0.004018950276076
3398,lod-lille-0.6b,bn,D-lit,C,A,2,A,0,1,0.052041187882423005,0.886237442493438,0.886237442493438,0.6428429484367371,0.886237442493438,0.029720112681388,0.052041187882423005,0.032001245766878
3400,lod-lille-0.6b,bn,D-lit,C,A,2,A,0,1,0.09969853609800301,0.782946825027465,0.782946825027465,0.45599380135536105,0.782946825027465,0.055545795708894,0.09969853609800301,0.06180882453918401
3402,lod-lille-0.6b,bn,D-lit,C,B,2,B,0,1,0.017309915274381003,0.8665420413017271,0.8665420413017271,0.715282022953033,0.04424887523055,0.8665420413017271,0.017309915274381003,0.07189919054508201
3403,lod-lille-0.6b,bn,D-lit,A,C,0,C,0,1,0.171241447329521,0.6725004315376281,0.6725004315376281,0.520008206367492,0.171241447329521,0.020408613607287,0.6725004315376281,0.135849550366401
3405,lod-lille-0.6b,bn,D-lit,B,A,1,A,0,1,0.090024337172508,0.8648297190666191,0.8648297190666191,0.6083939671516411,0.8648297190666191,0.090024337172508,0.024631142616271,0.02051481232047
3408,lod-lille-0.6b,bn,D-lit,B,D,1,D,0,1,0.15684585273265803,0.774055063724517,0.774055063724517,0.570120155811309,0.038264356553554,0.15684585273265803,0.030834695324301,0.774055063724517
3409,lod-lille-0.6b,bn,D-lit,A,B,0,B,0,1,0.19068315625190702,0.6742786765098571,0.6742786765098571,0.43451070785522405,0.19068315625190702,0.6742786765098571,0.05425592511892301,0.08078227192163401
3410,lod-lille-0.6b,bn,D-lit,B,D,1,D,0,1,0.030870039016008002,0.920897662639617,0.920897662639617,0.8096299171447751,0.027229823172092,0.030870039016008002,0.021002443507313003,0.920897662639617
3411,lod-lille-0.6b,bn,D-lit,A,C,0,C,0,1,0.06833991408348,0.7530936002731321,0.7530936002731321,0.50246924161911,0.06833991408348,0.06553309410810401,0.7530936002731321,0.11303338408470101
3412,lod-lille-0.6b,bn,D-lit,B,D,1,D,0,1,0.0041813962161540005,0.9876983761787411,0.9876983761787411,0.852313220500946,0.006528585683554001,0.0041813962161540005,0.001591638312675,0.9876983761787411
3413,lod-lille-0.6b,bn,D-lit,A,D,0,D,0,1,0.013191581703722002,0.9811106324195861,0.9811106324195861,0.8501794338226311,0.013191581703722002,0.0043771862983700005,0.0013205780414860002,0.9811106324195861
3414,lod-lille-0.6b,bn,D-lit,A,D,0,D,0,1,0.25683218240737904,0.683137536048889,0.683137536048889,0.5271175503730771,0.25683218240737904,0.044981423765420005,0.015048860572278002,0.683137536048889
3416,lod-lille-0.6b,bn,D-lit,D,C,3,C,0,1,0.038258302956819,0.8463612794876091,0.8463612794876091,0.7162932753562921,0.058808699250221,0.056571751832962,0.8463612794876091,0.038258302956819
3417,lod-lille-0.6b,bn,D-lit,B,D,1,D,0,1,0.018049051985144,0.9697760939598081,0.9697760939598081,0.869017958641052,0.007272779475897001,0.018049051985144,0.004902120213955001,0.9697760939598081
3420,lod-lille-0.6b,bn,D-lit,B,D,1,D,0,1,0.08769923448562601,0.9094243049621581,0.9094243049621581,0.8736768364906311,0.0013213513884690001,0.08769923448562601,0.0015551523538300002,0.9094243049621581
3422,lod-lille-0.6b,bn,D-lit,A,B,0,B,0,1,0.06319735944271,0.8159710168838501,0.8159710168838501,0.565176725387573,0.06319735944271,0.8159710168838501,0.06277474015951101,0.058056857436895
3423,lod-lille-0.6b,bn,D-lit,D,C,3,C,0,1,0.001013990608043,0.9961081147193901,0.9961081147193901,0.9198251962661741,0.0018978484440590002,0.0009799669496710001,0.9961081147193901,0.001013990608043
3425,lod-lille-0.6b,bn,D-lit,B,A,1,A,0,1,0.183279231190681,0.5695200562477111,0.5695200562477111,0.33899769186973505,0.5695200562477111,0.183279231190681,0.151586309075355,0.09561438858509001
3426,lod-lille-0.6b,bn,D-lit,B,C,1,C,0,1,0.289833396673202,0.369432747364044,0.369432747364044,0.250400841236114,0.166235387325286,0.289833396673202,0.369432747364044,0.17449843883514402
3428,lod-lille-0.6b,bn,D-lit,A,C,0,C,0,1,0.09260611236095401,0.903827369213104,0.903827369213104,0.8662301301956171,0.09260611236095401,0.002320375060662,0.903827369213104,0.001246209838427
3430,lod-lille-0.6b,bn,D-lit,B,A,1,A,0,1,0.0038220880087460004,0.9905596375465391,0.9905596375465391,0.925325810909271,0.9905596375465391,0.0038220880087460004,0.002173596061766,0.003444726578891
3434,lod-lille-0.6b,bn,D-lit,C,B,2,B,0,1,0.0031160442158570003,0.9934006929397581,0.9934006929397581,0.94560557603836,0.0011967017780980002,0.9934006929397581,0.0031160442158570003,0.002286676317453
3435,lod-lille-0.6b,bn,D-lit,D,B,3,B,0,1,0.021818345412611,0.9705839753150941,0.9705839753150941,0.878394901752471,0.004660615697503001,0.9705839753150941,0.0029369688127180004,0.021818345412611
3436,lod-lille-0.6b,bn,D-lit,A,D,0,D,0,1,0.015815790742635002,0.9317000508308411,0.9317000508308411,0.8074007034301751,0.015815790742635002,0.035371582955121,0.017112599685788002,0.9317000508308411
3439,lod-lille-0.6b,bn,D-lit,B,C,1,C,0,1,0.013065360486507001,0.9622058868408201,0.9622058868408201,0.883116662502288,0.009692605584859001,0.013065360486507001,0.9622058868408201,0.015036180615425
3440,lod-lille-0.6b,bn,D-lit,C,B,2,B,0,1,0.013922041282057,0.956627607345581,0.956627607345581,0.8854572772979731,0.012383023276925,0.956627607345581,0.013922041282057,0.017067443579435
3442,lod-lille-0.6b,bn,D-lit,A,B,0,B,0,1,0.009563336148858001,0.9487372040748591,0.9487372040748591,0.8388203978538511,0.009563336148858001,0.9487372040748591,0.010398020036518001,0.031301420181989004
3444,lod-lille-0.6b,bn,D-lit,B,C,1,C,0,1,0.012816857546567001,0.9441941380500791,0.9441941380500791,0.8111774325370781,0.022347949445247,0.012816857546567001,0.9441941380500791,0.020641090348362003
3445,lod-lille-0.6b,bn,D-lit,D,A,3,A,0,1,0.007874391973018001,0.9583615064620971,0.9583615064620971,0.812987685203552,0.9583615064620971,0.027282748371362003,0.006481382995843001,0.007874391973018001
3446,lod-lille-0.6b,bn,D-lit,B,D,1,D,0,1,0.043534092605113005,0.9455097913742061,0.9455097913742061,0.790990471839904,0.008536146022379001,0.043534092605113005,0.002419896423816,0.9455097913742061
3447,lod-lille-0.6b,bn,D-lit,C,B,2,B,0,1,0.10251867771148601,0.8925008177757261,0.8925008177757261,0.834003210067749,0.001187983783893,0.8925008177757261,0.10251867771148601,0.0037925799842920003
3451,lod-lille-0.6b,bn,D-lit,C,A,2,A,0,1,0.20146393775939903,0.5224621295928951,0.5224621295928951,0.29892554879188504,0.5224621295928951,0.15580016374588002,0.20146393775939903,0.12027376890182401
3452,lod-lille-0.6b,bn,D-lit,C,A,2,A,0,1,0.08075200766324901,0.7479083538055421,0.7479083538055421,0.419927269220352,0.7479083538055421,0.041801664978265006,0.08075200766324901,0.129537999629974
3453,lod-lille-0.6b,bn,D-lit,C,A,2,A,0,1,0.014573598280549,0.9240804314613341,0.9240804314613341,0.761237442493438,0.9240804314613341,0.034779854118824005,0.014573598280549,0.026566121727228
3460,lod-lille-0.6b,bn,D-lit,D,B,3,B,0,1,0.066258855164051,0.9224832653999321,0.9224832653999321,0.716816246509552,0.006888914387673001,0.9224832653999321,0.004369009751826,0.066258855164051
3461,lod-lille-0.6b,bn,D-lit,B,D,1,D,0,1,0.047663535922765,0.9032298326492311,0.9032298326492311,0.8373975157737731,0.018360896036028,0.047663535922765,0.03074575215578,0.9032298326492311
3462,lod-lille-0.6b,bn,D-lit,D,A,3,A,0,1,0.036279637366533,0.9433099031448361,0.9433099031448361,0.799249351024627,0.9433099031448361,0.0047727217897770005,0.015637712553143,0.036279637366533
3463,lod-lille-0.6b,bn,D-lit,A,B,0,B,0,1,0.054780174046754004,0.8903889656066891,0.8903889656066891,0.7203159928321831,0.054780174046754004,0.8903889656066891,0.028480241075158,0.026350636035203
3464,lod-lille-0.6b,bn,D-lit,D,C,3,C,0,1,0.16023011505603701,0.5887153744697571,0.5887153744697571,0.460785686969757,0.10819008201360701,0.1428644657135,0.5887153744697571,0.16023011505603701
3468,lod-lille-0.6b,bn,D-lit,B,C,1,C,0,1,0.029171895235776003,0.924129903316497,0.924129903316497,0.782109320163726,0.021973587572574,0.029171895235776003,0.924129903316497,0.024724589660763
3470,lod-lille-0.6b,bn,D-lit,A,B,0,B,0,1,0.007542063947767,0.97638988494873,0.97638988494873,0.809646666049957,0.007542063947767,0.97638988494873,0.007956683635711,0.008111278526484
3471,lod-lille-0.6b,bn,D-lit,A,B,0,B,0,1,0.007981146685779001,0.9883874058723451,0.9883874058723451,0.862742483615875,0.007981146685779001,0.9883874058723451,0.0014732532436020002,0.002158154034987
3476,lod-lille-0.6b,bn,D-lit,B,C,1,C,0,1,0.020536789670586003,0.955141007900238,0.955141007900238,0.8139759302139281,0.017876286059617,0.020536789670586003,0.955141007900238,0.00644591031596
3478,lod-lille-0.6b,bn,D-lit,D,C,3,C,0,1,0.36197197437286305,0.608880817890167,0.608880817890167,0.49036869406700107,0.014294265769422,0.014852953143417,0.608880817890167,0.36197197437286305
3479,lod-lille-0.6b,bn,D-lit,B,C,1,C,0,1,0.039213079959154004,0.872413754463195,0.872413754463195,0.789480745792388,0.041320707648992004,0.039213079959154004,0.872413754463195,0.047052521258592
3485,lod-lille-0.6b,bn,D-lit,C,D,2,D,0,1,0.00833134073764,0.9590237736701961,0.9590237736701961,0.8073813915252681,0.010935309343039,0.021709512919187,0.00833134073764,0.9590237736701961
3494,lod-lille-0.6b,bn,D-lit,C,A,2,A,0,1,0.024783842265605004,0.9503891468048091,0.9503891468048091,0.8212959766387941,0.9503891468048091,0.012137590907514002,0.024783842265605004,0.012689335271716002
3498,lod-lille-0.6b,bn,D-lit,A,D,0,C,0,0,0.313309520483016,0.11957418173551501,0.379371851682662,0.21166571974754303,0.313309520483016,0.18774448335170701,0.379371851682662,0.11957418173551501
3499,lod-lille-0.6b,bn,D-lit,B,D,1,D,0,1,0.021819029003381,0.9332830905914301,0.9332830905914301,0.775656163692474,0.014029223471879002,0.021819029003381,0.030868589878082,0.9332830905914301
3500,lod-lille-0.6b,bn,D-lit,A,D,0,D,0,1,0.142112463712692,0.676502525806427,0.676502525806427,0.565501034259796,0.142112463712692,0.10834296047687501,0.073042012751102,0.676502525806427
3502,lod-lille-0.6b,bn,D-lit,B,A,1,A,0,1,0.29542565345764105,0.6606456637382501,0.6606456637382501,0.570430934429168,0.6606456637382501,0.29542565345764105,0.02548473700881,0.018443876877427
3503,lod-lille-0.6b,bn,D-lit,A,B,0,B,0,1,0.127349957823753,0.8185951709747311,0.8185951709747311,0.6587893366813661,0.127349957823753,0.8185951709747311,0.026442606002092,0.027612334117293
3504,lod-lille-0.6b,bn,D-lit,B,D,1,D,0,1,0.005960406735539,0.98726463317871,0.98726463317871,0.9251794815063471,0.002294739708304,0.005960406735539,0.0044803111813960005,0.98726463317871
3505,lod-lille-0.6b,bn,D-lit,C,A,2,A,0,1,0.027338478714227003,0.8766237497329711,0.8766237497329711,0.69562554359436,0.8766237497329711,0.06196144223213101,0.027338478714227003,0.034076359122991
3506,lod-lille-0.6b,bn,D-lit,B,C,1,C,0,1,0.172285988926887,0.5738703012466431,0.5738703012466431,0.37775844335556,0.13258734345436002,0.172285988926887,0.5738703012466431,0.12125639617443001
3510,lod-lille-0.6b,bn,D-lit,A,D,0,D,0,1,0.09979531913995701,0.8295733332633971,0.8295733332633971,0.8008868098258971,0.09979531913995701,0.007445603609085001,0.06318570673465701,0.8295733332633971
3511,lod-lille-0.6b,bn,D-lit,A,D,0,D,0,1,0.058884762227535005,0.8020696043968201,0.8020696043968201,0.571200549602508,0.058884762227535005,0.09000928699970201,0.0490363240242,0.8020696043968201
3513,lod-lille-0.6b,bn,D-lit,B,C,1,C,0,1,0.010459841229021001,0.9745322465896601,0.9745322465896601,0.8876013755798341,0.007054120767861,0.010459841229021001,0.9745322465896601,0.007953687570989
3514,lod-lille-0.6b,bn,D-lit,D,C,3,C,0,1,0.24749752879142703,0.6723055839538571,0.6723055839538571,0.45708876848220803,0.055241912603378004,0.024955002591013003,0.6723055839538571,0.24749752879142703
3516,lod-lille-0.6b,bn,D-lit,C,D,2,D,0,1,0.03304373845458,0.921125531196594,0.921125531196594,0.789727270603179,0.026016037911176,0.019814703613519002,0.03304373845458,0.921125531196594
3517,lod-lille-0.6b,bn,D-lit,B,C,1,C,0,1,0.144387513399124,0.680263400077819,0.680263400077819,0.5907157659530641,0.053501181304454005,0.144387513399124,0.680263400077819,0.12184789776802
3520,lod-lille-0.6b,bn,D-lit,C,B,2,B,0,1,0.129636630415916,0.571233093738555,0.571233093738555,0.48231667280197105,0.105746500194072,0.571233093738555,0.129636630415916,0.19338382780551902
3523,lod-lille-0.6b,bn,D-lit,C,D,2,D,0,1,0.015595478937029,0.9504058361053461,0.9504058361053461,0.849636852741241,0.020510429516434,0.013488210737705002,0.015595478937029,0.9504058361053461
3529,lod-lille-0.6b,bn,D-lit,C,D,2,D,0,1,0.010816410183906,0.9787122011184691,0.9787122011184691,0.8608022928237911,0.0043613836169240005,0.006109934300184,0.010816410183906,0.9787122011184691
3530,lod-lille-0.6b,bn,D-lit,A,C,0,C,0,1,0.226809173822402,0.5709539055824281,0.5709539055824281,0.36539539694786005,0.226809173822402,0.046801470220088,0.5709539055824281,0.155435413122177
3531,lod-lille-0.6b,bn,D-lit,A,B,0,B,0,1,0.008154621347784,0.9795069098472591,0.9795069098472591,0.882689297199249,0.008154621347784,0.9795069098472591,0.004415451083332,0.007922943681478
3533,lod-lille-0.6b,bn,D-lit,B,D,1,D,0,1,0.0038672504015260004,0.985755383968353,0.985755383968353,0.8995512723922731,0.00656697480008,0.0038672504015260004,0.0038102837279430004,0.985755383968353
3534,lod-lille-0.6b,bn,D-lit,D,A,3,A,0,1,0.058719962835311,0.8189653754234311,0.8189653754234311,0.643357753753662,0.8189653754234311,0.087438687682151,0.034876082092523006,0.058719962835311
3537,lod-lille-0.6b,bn,D-lit,C,A,2,A,0,1,0.019389746710658,0.882947862148284,0.882947862148284,0.733401119709014,0.882947862148284,0.032476883381605,0.019389746710658,0.065185442566871
3539,lod-lille-0.6b,bn,D-lit,B,D,1,D,0,1,0.067380405962467,0.71472030878067,0.71472030878067,0.489572077989578,0.15826603770256,0.067380405962467,0.059633184224367,0.71472030878067
3540,lod-lille-0.6b,bn,D-lit,D,C,3,B,0,0,0.261793702840805,0.208254545927047,0.295587360858917,0.18305626511573703,0.234364375472068,0.295587360858917,0.208254545927047,0.261793702840805
3541,lod-lille-0.6b,bn,D-lit,D,A,3,A,0,1,0.044555876404047005,0.879266142845153,0.879266142845153,0.734296381473541,0.879266142845153,0.017393363639712,0.058784510940313006,0.044555876404047005
3543,lod-lille-0.6b,bn,D-lit,D,B,3,B,0,1,0.052065830677747005,0.77924358844757,0.77924358844757,0.666808366775512,0.09166909754276201,0.77924358844757,0.077021449804306,0.052065830677747005
3555,lod-lille-0.6b,bn,D-lit,B,C,1,C,0,1,0.034593932330608,0.8882293105125421,0.8882293105125421,0.748742997646331,0.040666565299034,0.034593932330608,0.8882293105125421,0.036510191857814005
3556,lod-lille-0.6b,bn,D-lit,D,C,3,C,0,1,0.033768851310014,0.9320518374443051,0.9320518374443051,0.831198096275329,0.020482506603002,0.013696766458451,0.9320518374443051,0.033768851310014
3557,lod-lille-0.6b,bn,D-lit,D,B,3,B,0,1,0.011504380963742001,0.9313249588012691,0.9313249588012691,0.744433462619781,0.039839841425418,0.9313249588012691,0.017330788075923,0.011504380963742001
3558,lod-lille-0.6b,bn,D-lit,A,D,0,A,1,0,0.43302640318870506,0.16973727941513,0.43302640318870506,0.258634775876998,0.43302640318870506,0.23329187929630202,0.163944527506828,0.16973727941513
3559,lod-lille-0.6b,bn,D-lit,B,C,1,C,0,1,0.06093243509531,0.75147521495819,0.75147521495819,0.46520179510116505,0.14744521677494002,0.06093243509531,0.75147521495819,0.040147170424461004
3563,lod-lille-0.6b,bn,D-lit,B,D,1,D,0,1,0.086973212659358,0.823521375656127,0.823521375656127,0.735215306282043,0.047351438552141,0.086973212659358,0.042154006659984006,0.823521375656127
3567,lod-lille-0.6b,bn,D-lit,C,D,2,D,0,1,0.03862327337265,0.9313827753067011,0.9313827753067011,0.7789229154586791,0.015242428518831001,0.014751497656106002,0.03862327337265,0.9313827753067011
3568,lod-lille-0.6b,bn,D-lit,D,A,3,A,0,1,0.20325568318367002,0.59819084405899,0.59819084405899,0.42805257439613303,0.59819084405899,0.10112293809652301,0.09743053466081601,0.20325568318367002
3573,lod-lille-0.6b,bn,D-lit,D,C,3,C,0,1,0.093741208314895,0.857770800590515,0.857770800590515,0.717803657054901,0.028112897649407,0.020375125110149002,0.857770800590515,0.093741208314895
3575,lod-lille-0.6b,bn,D-lit,A,C,0,C,0,1,0.028461387380957003,0.8922068476676941,0.8922068476676941,0.750696182250976,0.028461387380957003,0.029406823217868003,0.8922068476676941,0.04992504045367201
3580,lod-lille-0.6b,bn,D-lit,D,A,3,A,0,1,0.059958938509225006,0.820847630500793,0.820847630500793,0.615671932697296,0.820847630500793,0.058314628899097005,0.060878880321979,0.059958938509225006
3582,lod-lille-0.6b,bn,D-lit,B,D,1,D,0,1,0.142235353589057,0.8545677661895751,0.8545677661895751,0.8079305291175841,0.0007809097878630001,0.142235353589057,0.0024159571621560003,0.8545677661895751
3584,lod-lille-0.6b,bn,D-lit,C,A,2,A,0,1,0.013605573214590001,0.9664925336837761,0.9664925336837761,0.772767841815948,0.9664925336837761,0.010664246976375,0.013605573214590001,0.009237607941031001
3589,lod-lille-0.6b,bn,D-lit,B,D,1,D,0,1,0.078622490167617,0.7924041748046871,0.7924041748046871,0.60185295343399,0.082905396819114,0.078622490167617,0.046067900955677005,0.7924041748046871
3590,lod-lille-0.6b,bn,D-lit,B,C,1,B,1,0,0.32745108008384705,0.32700091600418,0.32745108008384705,0.23695732653141002,0.147318080067634,0.32745108008384705,0.32700091600418,0.19822990894317602
3591,lod-lille-0.6b,bn,D-lit,C,B,2,B,0,1,0.28060835599899203,0.28249746561050404,0.28249746561050404,0.17959682643413502,0.181436449289321,0.28249746561050404,0.28060835599899203,0.25545772910118103
3593,lod-lille-0.6b,bn,D-lit,B,A,1,A,0,1,0.091695621609687,0.768904089927673,0.768904089927673,0.595117270946502,0.768904089927673,0.091695621609687,0.06377317011356301,0.07562718540430001
3597,lod-lille-0.6b,bn,D-lit,B,A,1,A,0,1,0.072496131062507,0.9141905307769771,0.9141905307769771,0.811566591262817,0.9141905307769771,0.072496131062507,0.008616208098828,0.004697151016443001
3600,lod-lille-0.6b,bn,D-lit,A,C,0,C,0,1,0.151718586683273,0.6489039063453671,0.6489039063453671,0.45276939868927,0.151718586683273,0.14064036309719002,0.6489039063453671,0.05873715505003901
3601,lod-lille-0.6b,bn,D-lit,C,A,2,A,0,1,0.164909079670906,0.5203869938850401,0.5203869938850401,0.326742976903915,0.5203869938850401,0.255034118890762,0.164909079670906,0.059669788926839
3602,lod-lille-0.6b,bn,D-lit,A,D,0,D,0,1,0.114611834287643,0.622143924236297,0.622143924236297,0.49066969752311707,0.114611834287643,0.11902724206447601,0.144217044115066,0.622143924236297
3603,lod-lille-0.6b,bn,D-lit,D,C,3,C,0,1,0.021199861541390003,0.8891903758049011,0.8891903758049011,0.8151863217353821,0.032176926732063,0.057432774454355004,0.8891903758049011,0.021199861541390003
3605,lod-lille-0.6b,bn,D-lit,B,C,1,C,0,1,0.097845830023288,0.84755527973175,0.84755527973175,0.762689352035522,0.024340791627764,0.097845830023288,0.84755527973175,0.030258061364293
3606,lod-lille-0.6b,bn,D-lit,A,C,0,C,0,1,0.030127199366688003,0.9126590490341181,0.9126590490341181,0.8006094694137571,0.030127199366688003,0.038566768169403,0.9126590490341181,0.018647002056241
3607,lod-lille-0.6b,bn,D-lit,C,D,2,D,0,1,0.007138089742511001,0.973859190940856,0.973859190940856,0.844944834709167,0.006083277519792001,0.01291945297271,0.007138089742511001,0.973859190940856
3613,lod-lille-0.6b,bn,D-lit,C,B,2,A,0,0,0.23897822201251903,0.25539371371269204,0.26629942655563305,0.228715732693672,0.26629942655563305,0.25539371371269204,0.23897822201251903,0.23932865262031502
3615,lod-lille-0.6b,bn,D-lit,B,A,1,A,0,1,0.042196813970804006,0.8445972800254821,0.8445972800254821,0.694503843784332,0.8445972800254821,0.042196813970804006,0.08858430385589601,0.024621594697237
3617,lod-lille-0.6b,bn,D-lit,B,D,1,D,0,1,0.25726968050003,0.509659886360168,0.509659886360168,0.27730956673622104,0.09904245287179901,0.25726968050003,0.13402795791625902,0.509659886360168
3620,lod-lille-0.6b,bn,D-lit,D,A,3,A,0,1,0.0065168081782750005,0.9821537733078001,0.9821537733078001,0.8852136731147761,0.9821537733078001,0.004211277235299,0.007118135690689,0.0065168081782750005
3621,lod-lille-0.6b,bn,D-lit,D,C,3,C,0,1,0.021588822826743,0.9669560790061951,0.9669560790061951,0.8360018134117121,0.0075292750261720005,0.003925791475921,0.9669560790061951,0.021588822826743
3622,lod-lille-0.6b,bn,D-lit,A,C,0,C,0,1,0.111340500414371,0.7446578145027161,0.7446578145027161,0.594520211219787,0.111340500414371,0.07969323545694301,0.7446578145027161,0.064308494329452
3624,lod-lille-0.6b,bn,D-lit,C,A,2,A,0,1,0.20742917060852,0.45339003205299305,0.45339003205299305,0.322330564260482,0.45339003205299305,0.188432827591896,0.20742917060852,0.15074796974658902
3628,lod-lille-0.6b,bn,D-lit,D,C,3,A,0,0,0.20497362315654702,0.314738690853118,0.35020050406455905,0.223629131913185,0.35020050406455905,0.130087167024612,0.314738690853118,0.20497362315654702
3645,lod-lille-0.6b,bn,D-lit,C,D,2,D,0,1,0.008824768476188,0.944665312767028,0.944665312767028,0.7989482879638671,0.025485903024673,0.021024005487561,0.008824768476188,0.944665312767028
3647,lod-lille-0.6b,bn,D-lit,C,D,2,D,0,1,0.10259993374347601,0.8289128541946411,0.8289128541946411,0.48771715164184504,0.038248948752880006,0.030238294973969,0.10259993374347601,0.8289128541946411
3650,lod-lille-0.6b,bn,D-lit,C,A,2,A,0,1,0.019980197772383003,0.9156490564346311,0.9156490564346311,0.6826706528663631,0.9156490564346311,0.040537472814321004,0.019980197772383003,0.023833245038986
3652,lod-lille-0.6b,bn,D-lit,C,B,2,B,0,1,0.071403540670871,0.748717665672302,0.748717665672302,0.479292064905166,0.052659366279840004,0.748717665672302,0.071403540670871,0.127219423651695
3653,lod-lille-0.6b,bn,D-lit,C,A,2,A,0,1,0.125902861356735,0.578160643577575,0.578160643577575,0.24475455284118602,0.578160643577575,0.132325574755668,0.125902861356735,0.163610875606536
3657,lod-lille-0.6b,bn,D-lit,B,D,1,D,0,1,0.023973882198333,0.9195642471313471,0.9195642471313471,0.6714007258415221,0.024197399616241,0.023973882198333,0.032264448702335004,0.9195642471313471
3659,lod-lille-0.6b,bn,D-lit,A,C,0,C,0,1,0.11268761008977801,0.6284184455871581,0.6284184455871581,0.342585682868957,0.11268761008977801,0.045410741120576005,0.6284184455871581,0.21348319947719502
3660,lod-lille-0.6b,bn,D-lit,A,B,0,B,0,1,0.009173105470836001,0.9717351794242851,0.9717351794242851,0.771983325481414,0.009173105470836001,0.9717351794242851,0.012746629305183001,0.006345183122903
3661,lod-lille-0.6b,bn,D-lit,C,B,2,B,0,1,0.023793136700987,0.935049653053283,0.935049653053283,0.74674391746521,0.021606398746371002,0.935049653053283,0.023793136700987,0.019550831988453
3663,lod-lille-0.6b,bn,D-lit,A,D,0,D,0,1,0.036367483437061005,0.846906661987304,0.846906661987304,0.622915625572204,0.036367483437061005,0.07791459560394201,0.038811217993497,0.846906661987304
3665,lod-lille-0.6b,bn,D-lit,A,B,0,B,0,1,0.051644690334796,0.7559795379638671,0.7559795379638671,0.421128213405609,0.051644690334796,0.7559795379638671,0.125161454081535,0.067214295268058
3672,lod-lille-0.6b,bn,D-lit,D,B,3,B,0,1,0.060826871544122,0.788418114185333,0.788418114185333,0.427950203418731,0.08956680446863101,0.788418114185333,0.061188142746686006,0.060826871544122
3677,lod-lille-0.6b,bn,D-lit,B,D,1,D,0,1,0.040509562939405004,0.831548154354095,0.831548154354095,0.505952596664428,0.050327152013778007,0.040509562939405004,0.07761513441801,0.831548154354095
3681,lod-lille-0.6b,bn,D-lit,A,B,0,B,0,1,0.028074972331523004,0.91202825307846,0.91202825307846,0.711366295814514,0.028074972331523004,0.91202825307846,0.017997341230511003,0.041899379342794
3682,lod-lille-0.6b,bn,D-lit,D,C,3,C,0,1,0.078382641077041,0.904600977897644,0.904600977897644,0.7843974232673641,0.005986378528177,0.011030073277652002,0.904600977897644,0.078382641077041
3687,lod-lille-0.6b,bn,D-lit,B,A,1,A,0,1,0.039145674556493,0.9164765477180481,0.9164765477180481,0.73401916027069,0.9164765477180481,0.039145674556493,0.030011486262083,0.014366317540407
3692,lod-lille-0.6b,bn,D-lit,D,C,3,C,0,1,0.09375363588333101,0.853351294994354,0.853351294994354,0.6295117735862731,0.024779902771115,0.028115149587392002,0.853351294994354,0.09375363588333101
3703,lod-lille-0.6b,bn,D-lit,D,A,3,A,0,1,0.006651750765740001,0.9766924381256101,0.9766924381256101,0.8247803449630731,0.9766924381256101,0.010685026645660001,0.005970793310552,0.006651750765740001
3705,lod-lille-0.6b,bn,D-lit,C,A,2,A,0,1,0.014932380057871002,0.970138907432556,0.970138907432556,0.8005788326263421,0.970138907432556,0.007485824637115001,0.014932380057871002,0.007442896720021
3708,lod-lille-0.6b,bn,D-lit,B,A,1,A,0,1,0.029552238062024002,0.9616650342941281,0.9616650342941281,0.8523731231689451,0.9616650342941281,0.029552238062024002,0.0064850696362550005,0.0022976628970350003
3711,lod-lille-0.6b,bn,D-lit,B,A,1,A,0,1,0.06540513783693301,0.8989477157592771,0.8989477157592771,0.661682069301605,0.8989477157592771,0.06540513783693301,0.01567892730236,0.019968252629041002
3713,lod-lille-0.6b,bn,D-lit,D,B,3,B,0,1,0.004241060931235,0.991614818572998,0.991614818572998,0.8605510592460631,0.001151881646364,0.991614818572998,0.0029922944959250002,0.004241060931235
3715,lod-lille-0.6b,bn,D-lit,A,D,0,D,0,1,0.010770315304398,0.9713148474693291,0.9713148474693291,0.7212359309196471,0.010770315304398,0.010196142829954001,0.00771872838959,0.9713148474693291
3716,lod-lille-0.6b,bn,D-lit,C,D,2,C,1,0,0.32677569985389704,0.311667203903198,0.32677569985389704,0.145006909966468,0.22295598685741402,0.13860110938549,0.32677569985389704,0.311667203903198
3721,lod-lille-0.6b,bn,D-lit,B,A,1,A,0,1,0.20641465485095903,0.7759703993797301,0.7759703993797301,0.5617937445640561,0.7759703993797301,0.20641465485095903,0.004352006595581001,0.013262950815260001
3722,lod-lille-0.6b,bn,D-lit,C,B,2,B,0,1,0.239478930830955,0.5054107904434201,0.5054107904434201,0.2194634526968,0.174778938293457,0.5054107904434201,0.239478930830955,0.08033136278390801
3728,lod-lille-0.6b,bn,D-lit,C,D,2,D,0,1,0.013007216155529001,0.969573259353637,0.969573259353637,0.7958348393440241,0.008775141090154,0.008644428104162001,0.013007216155529001,0.969573259353637
3739,lod-lille-0.6b,bn,D-lit,C,D,2,D,0,1,0.013325142674148001,0.942132651805877,0.942132651805877,0.695128798484802,0.033871587365865,0.010670590214431001,0.013325142674148001,0.942132651805877
3747,lod-lille-0.6b,bn,D-lit,A,B,0,B,0,1,0.314503937959671,0.33505421876907304,0.33505421876907304,0.126032754778862,0.314503937959671,0.33505421876907304,0.14250278472900302,0.207938998937606
3749,lod-lille-0.6b,bn,D-lit,D,B,3,B,0,1,0.164165094494819,0.6507188677787781,0.6507188677787781,0.36339977383613503,0.102561868727207,0.6507188677787781,0.08255425840616201,0.164165094494819
3751,lod-lille-0.6b,bn,D-lit,A,C,0,C,0,1,0.130173966288566,0.614224672317504,0.614224672317504,0.288031369447708,0.130173966288566,0.08290921151638,0.614224672317504,0.17269206047058103
3752,lod-lille-0.6b,bn,D-lit,D,B,3,B,0,1,0.24957054853439303,0.64807915687561,0.64807915687561,0.30317154526710505,0.040232896804809,0.64807915687561,0.06211730092763901,0.24957054853439303
3754,lod-lille-0.6b,bn,D-lit,D,C,3,C,0,1,0.35806274414062506,0.588058710098266,0.588058710098266,0.386811017990112,0.039610028266906,0.014268537983298002,0.588058710098266,0.35806274414062506
3757,lod-lille-0.6b,bn,D-lit,C,D,2,D,0,1,0.016847986727952,0.9300288558006281,0.9300288558006281,0.6602653861045831,0.018778661265969002,0.034344505518674004,0.016847986727952,0.9300288558006281
3761,lod-lille-0.6b,bn,D-lit,B,A,1,A,0,1,0.13701441884040802,0.797850787639617,0.797850787639617,0.47737938165664606,0.797850787639617,0.13701441884040802,0.026141518726944,0.038993276655673
3764,lod-lille-0.6b,bn,D-lit,B,D,1,D,0,1,0.13789121806621502,0.6302475333213801,0.6302475333213801,0.34840124845504705,0.08823789656162201,0.13789121806621502,0.143623366951942,0.6302475333213801
3765,lod-lille-0.6b,bn,D-lit,D,A,3,A,0,1,0.005645860917866,0.9831749796867371,0.9831749796867371,0.832346439361572,0.9831749796867371,0.005152885802090001,0.006026278249919001,0.005645860917866
3766,lod-lille-0.6b,bn,D-lit,C,D,2,D,0,1,0.020458608865737003,0.9739744067192071,0.9739744067192071,0.8111945986747741,0.003313256194815,0.002253791084513,0.020458608865737003,0.9739744067192071
3770,lod-lille-0.6b,bn,D-lit,D,A,3,A,0,1,0.027992803603410003,0.8648465871810911,0.8648465871810911,0.5539064407348631,0.8648465871810911,0.038556963205337004,0.06860358268022501,0.027992803603410003
3771,lod-lille-0.6b,bn,D-lit,C,D,2,D,0,1,0.126382857561111,0.5651336908340451,0.5651336908340451,0.229931712150573,0.169538959860801,0.13894447684288,0.126382857561111,0.5651336908340451
3774,lod-lille-0.6b,bn,D-lit,D,A,3,C,0,0,0.133572518825531,0.31898984313011103,0.327104032039642,0.13434560596942902,0.31898984313011103,0.22033359110355302,0.327104032039642,0.133572518825531
3778,lod-lille-0.6b,bn,D-lit,B,D,1,D,0,1,0.001294645364396,0.989620566368103,0.989620566368103,0.8792808055877681,0.0045050303451710004,0.001294645364396,0.004579776898026001,0.989620566368103
3782,lod-lille-0.6b,bn,D-lit,C,D,2,D,0,1,0.22885346412658603,0.5281659960746761,0.5281659960746761,0.224677935242652,0.13374495506286602,0.109235562384128,0.22885346412658603,0.5281659960746761
3783,lod-lille-0.6b,bn,D-lit,A,D,0,D,0,1,0.036306001245975,0.8948920369148251,0.8948920369148251,0.6506326198577881,0.036306001245975,0.026687702164053,0.042114295065402006,0.8948920369148251
3785,lod-lille-0.6b,bn,D-lit,A,D,0,D,0,1,0.076022081077098,0.8950588703155511,0.8950588703155511,0.68073570728302,0.076022081077098,0.011531543917953,0.017387481406331,0.8950588703155511
3791,lod-lille-0.6b,bn,D-lit,B,A,1,A,0,1,0.013273811899125002,0.9557222127914421,0.9557222127914421,0.828376770019531,0.9557222127914421,0.013273811899125002,0.020531434565782002,0.010472642257809
3793,lod-lille-0.6b,bn,D-lit,C,D,2,D,0,1,0.010985546745359,0.9737213850021361,0.9737213850021361,0.8289552927017211,0.008691733703017,0.006601258181035001,0.010985546745359,0.9737213850021361
3795,lod-lille-0.6b,bn,D-lit,B,A,1,A,0,1,0.011640393175184002,0.967952668666839,0.967952668666839,0.7268932461738581,0.967952668666839,0.011640393175184002,0.015480211935937,0.004926704801619
3796,lod-lille-0.6b,bn,D-lit,D,B,3,B,0,1,0.022207558155059003,0.9558327198028561,0.9558327198028561,0.66892784833908,0.011910049244761,0.9558327198028561,0.010049616917967,0.022207558155059003
3797,lod-lille-0.6b,bn,D-lit,C,B,2,B,0,1,0.039909210056066007,0.89411723613739,0.89411723613739,0.7291272878646851,0.046915631741285005,0.89411723613739,0.039909210056066007,0.019057910889387002
3798,lod-lille-0.6b,bn,D-lit,A,D,0,D,0,1,0.044546529650688005,0.815956354141235,0.815956354141235,0.536357104778289,0.044546529650688005,0.057758897542953005,0.08173825591802501,0.815956354141235
3803,lod-lille-0.6b,bn,D-lit,C,A,2,A,0,1,0.190520241856575,0.702183604240417,0.702183604240417,0.38357651233673,0.702183604240417,0.043740607798099004,0.190520241856575,0.06355557590723
3808,lod-lille-0.6b,bn,D-lit,B,A,1,A,0,1,0.196655139327049,0.717359066009521,0.717359066009521,0.391207456588745,0.717359066009521,0.196655139327049,0.046781867742538,0.039203949272632
3823,lod-lille-0.6b,bn,D-lit,D,B,3,B,0,1,0.287652790546417,0.6141278743743891,0.6141278743743891,0.35312759876251204,0.05054941773414601,0.6141278743743891,0.047669891268014006,0.287652790546417
3837,lod-lille-0.6b,bn,D-lit,D,C,3,C,0,1,0.023448668420314,0.958037495613098,0.958037495613098,0.7522925138473511,0.011522402986884001,0.006991363596171,0.958037495613098,0.023448668420314
3838,lod-lille-0.6b,bn,D-lit,C,B,2,B,0,1,0.007805944886058001,0.978098392486572,0.978098392486572,0.7558013796806331,0.005960690788924,0.978098392486572,0.007805944886058001,0.008134985342621
3839,lod-lille-0.6b,bn,D-lit,D,A,3,A,0,1,0.096050135791301,0.536683797836303,0.536683797836303,0.31955260038375805,0.536683797836303,0.15290987491607602,0.21435621380805903,0.096050135791301
3847,lod-lille-0.6b,bn,D-lit,B,C,1,C,0,1,0.147376805543899,0.807507693767547,0.807507693767547,0.617228686809539,0.027280833572149003,0.147376805543899,0.807507693767547,0.017834614962339002
3849,lod-lille-0.6b,bn,D-lit,B,D,1,D,0,1,0.161224827170372,0.610548436641693,0.610548436641693,0.36634692549705505,0.128594815731048,0.161224827170372,0.09963194280862801,0.610548436641693
3854,lod-lille-0.6b,bn,D-lit,D,C,3,C,0,1,0.036867897957563005,0.8826056718826291,0.8826056718826291,0.705973982810974,0.038330294191837005,0.042196173220872005,0.8826056718826291,0.036867897957563005
3855,lod-lille-0.6b,bn,D-lit,C,A,2,A,0,1,0.19694040715694403,0.7560542821884151,0.7560542821884151,0.5080688595771791,0.7560542821884151,0.031853951513767,0.19694040715694403,0.015151438303291001
3856,lod-lille-0.6b,bn,D-lit,D,B,3,B,0,1,0.071484170854091,0.66207331418991,0.66207331418991,0.350378632545471,0.11214382946491201,0.66207331418991,0.154298663139343,0.071484170854091
3857,lod-lille-0.6b,bn,D-lit,C,A,2,A,0,1,0.007989363744854,0.9575842022895811,0.9575842022895811,0.789664089679718,0.9575842022895811,0.011929631233215,0.007989363744854,0.022496802732348
3858,lod-lille-0.6b,bn,D-lit,D,B,3,C,0,0,0.117462433874607,0.15827955305576302,0.6294957995414731,0.39974701404571505,0.094762258231639,0.15827955305576302,0.6294957995414731,0.117462433874607
3860,lod-lille-0.6b,bn,D-lit,C,A,2,C,1,0,0.350822567939758,0.23183058202266602,0.350822567939758,0.20322786271572102,0.23183058202266602,0.120710752904415,0.350822567939758,0.296636164188385
3863,lod-lille-0.6b,bn,D-lit,A,B,0,B,0,1,0.0024070276413110003,0.9910174608230591,0.9910174608230591,0.8529527783393861,0.0024070276413110003,0.9910174608230591,0.002869410905987,0.0037061646580690004
3865,lod-lille-0.6b,bn,D-lit,A,D,0,D,0,1,0.066928133368492,0.871440172195434,0.871440172195434,0.536099135875701,0.066928133368492,0.034804940223693,0.026826750487089,0.871440172195434
3868,lod-lille-0.6b,bn,D-lit,A,B,0,B,0,1,0.13811442255973802,0.7946144342422481,0.7946144342422481,0.5472231507301331,0.13811442255973802,0.7946144342422481,0.033711764961481004,0.033559374511241004
3869,lod-lille-0.6b,bn,D-lit,D,A,3,A,0,1,0.018566105514764,0.9126266837120051,0.9126266837120051,0.6087737679481501,0.9126266837120051,0.019695663824677002,0.049111552536487,0.018566105514764
3870,lod-lille-0.6b,bn,D-lit,C,B,2,B,0,1,0.14877685904502802,0.7666237354278561,0.7666237354278561,0.530372440814971,0.026599213480949003,0.7666237354278561,0.14877685904502802,0.05800022557377801
3871,lod-lille-0.6b,bn,D-lit,C,D,2,D,0,1,0.036894060671329006,0.8813978433609001,0.8813978433609001,0.617739617824554,0.038139402866363005,0.043568674474954,0.036894060671329006,0.8813978433609001
3873,lod-lille-0.6b,bn,D-lit,B,C,1,C,0,1,0.031795404851436004,0.8965730071067811,0.8965730071067811,0.6587063074111931,0.030568698421120002,0.031795404851436004,0.8965730071067811,0.041062925010919
3878,lod-lille-0.6b,bn,D-lit,C,D,2,D,0,1,0.044689074158668005,0.8951302766799921,0.8951302766799921,0.5823236703872681,0.029609430581331003,0.030571121722459002,0.044689074158668005,0.8951302766799921
3879,lod-lille-0.6b,bn,D-lit,D,B,3,B,0,1,0.024904195219278003,0.8677646517753601,0.8677646517753601,0.693619906902313,0.07053727656602801,0.8677646517753601,0.036793906241655,0.024904195219278003
3883,lod-lille-0.6b,bn,D-lit,C,D,2,D,0,1,0.17174078524112701,0.6806703209877011,0.6806703209877011,0.39442306756973206,0.08341122418642001,0.064177632331848,0.17174078524112701,0.6806703209877011
3897,lod-lille-0.6b,bn,D-lit,D,B,3,C,0,0,0.243147253990173,0.266326576471328,0.340190261602401,0.130519375205039,0.15033589303493503,0.266326576471328,0.340190261602401,0.243147253990173
3899,lod-lille-0.6b,bn,D-lit,C,A,2,A,0,1,0.26460605859756403,0.6336349248886101,0.6336349248886101,0.37465608119964605,0.6336349248886101,0.036062344908714,0.26460605859756403,0.065696656703948
3905,lod-lille-0.6b,bn,D-lit,B,D,1,D,0,1,0.012901509180665,0.9759107828140251,0.9759107828140251,0.8043335676193231,0.006127509288489001,0.012901509180665,0.00506023550406,0.9759107828140251
3908,lod-lille-0.6b,bn,D-lit,C,B,2,B,0,1,0.22592507302761003,0.4451345205307,0.4451345205307,0.211974129080772,0.17356465756893102,0.4451345205307,0.22592507302761003,0.15537571907043402
3910,lod-lille-0.6b,bn,D-lit,D,B,3,D,1,0,0.328092783689498,0.202850818634033,0.328092783689498,0.12516520917415602,0.274924278259277,0.202850818634033,0.19413211941719002,0.328092783689498
3913,lod-lille-0.6b,bn,D-lit,B,D,1,B,1,0,0.685024619102478,0.06885232776403401,0.685024619102478,0.31930586695671004,0.13404662907123502,0.685024619102478,0.11207646876573502,0.06885232776403401
3918,lod-lille-0.6b,bn,D-lit,D,A,3,A,0,1,0.032775469124317,0.9610163569450371,0.9610163569450371,0.7983543872833251,0.9610163569450371,0.0031029086094340004,0.0031053198035800003,0.032775469124317
3919,lod-lille-0.6b,bn,D-lit,B,D,1,D,0,1,0.039923883974552,0.8965463042259211,0.8965463042259211,0.5553157329559321,0.044906076043844,0.039923883974552,0.018623787909746,0.8965463042259211
3926,lod-lille-0.6b,bn,D-lit,A,D,0,D,0,1,0.028371609747409002,0.7865919470787041,0.7865919470787041,0.5166022777557371,0.028371609747409002,0.157127797603607,0.027908673509955004,0.7865919470787041
3929,lod-lille-0.6b,bn,D-lit,D,C,3,C,0,1,0.035011298954486,0.8882341980934141,0.8882341980934141,0.6995090842247,0.039637934416532,0.037116598337888,0.8882341980934141,0.035011298954486
3930,lod-lille-0.6b,bn,D-lit,D,A,3,A,0,1,0.371943742036819,0.6210663914680481,0.6210663914680481,0.418146073818206,0.6210663914680481,0.002123503014445,0.004866453353315,0.371943742036819
3931,lod-lille-0.6b,bn,D-lit,C,A,2,A,0,1,0.015013005584478002,0.9696195125579831,0.9696195125579831,0.7586461305618281,0.9696195125579831,0.009124833159148001,0.015013005584478002,0.006242611911147
3942,lod-lille-0.6b,bn,D-lit,A,C,0,C,0,1,0.18459266424179002,0.7554242610931391,0.7554242610931391,0.465812891721725,0.18459266424179002,0.035847846418619,0.7554242610931391,0.024135239422321
3944,lod-lille-0.6b,bn,D-lit,C,B,2,B,0,1,0.064606428146362,0.802899479866027,0.802899479866027,0.5843268632888791,0.07289063930511401,0.802899479866027,0.064606428146362,0.059603411704301
3950,lod-lille-0.6b,bn,D-lit,B,D,1,D,0,1,0.014463213272392,0.9548102021217341,0.9548102021217341,0.8273010849952691,0.010871741920709001,0.014463213272392,0.019854899495840003,0.9548102021217341
3952,lod-lille-0.6b,bn,D-lit,B,A,1,A,0,1,0.0012835290981450002,0.996611297130584,0.996611297130584,0.922629058361053,0.996611297130584,0.0012835290981450002,0.001400850014761,0.000704265956301
3954,lod-lille-0.6b,bn,D-lit,B,C,1,C,0,1,0.08842184394598,0.8189815878868101,0.8189815878868101,0.5351372361183161,0.043487466871738004,0.08842184394598,0.8189815878868101,0.049109194427728
3961,lod-lille-0.6b,bn,D-lit,C,D,2,D,0,1,0.03190529718995,0.8954870104789731,0.8954870104789731,0.6627348661422731,0.027935581281781002,0.044672176241874,0.03190529718995,0.8954870104789731
3969,lod-lille-0.6b,bn,D-lit,B,A,1,A,0,1,0.063775494694709,0.811015546321868,0.811015546321868,0.5520364642143251,0.811015546321868,0.063775494694709,0.094444803893566,0.03076421841979
3970,lod-lille-0.6b,bn,D-lit,C,A,2,C,1,0,0.46710759401321406,0.325118899345397,0.46710759401321406,0.24775424599647503,0.325118899345397,0.038267228752374004,0.46710759401321406,0.16950623691082
3983,lod-lille-0.6b,bn,D-lit,B,A,1,A,0,1,0.004351089708507,0.971828877925872,0.971828877925872,0.745654463768005,0.971828877925872,0.004351089708507,0.012919545173645,0.010900457389652
3986,lod-lille-0.6b,bn,D-lit,C,D,2,D,0,1,0.27753812074661205,0.708310008049011,0.708310008049011,0.48461678624153104,0.008295414969325001,0.005856484174728001,0.27753812074661205,0.708310008049011
3990,lod-lille-0.6b,bn,D-lit,A,D,0,D,0,1,0.019415041431784002,0.915093600749969,0.915093600749969,0.67187225818634,0.019415041431784002,0.038045439869165004,0.027445936575531002,0.915093600749969
3991,lod-lille-0.6b,bn,D-lit,D,A,3,A,0,1,0.014228001236915,0.944066226482391,0.944066226482391,0.7909961938858031,0.944066226482391,0.018341124057769,0.023364586755633,0.014228001236915
3993,lod-lille-0.6b,bn,D-lit,C,A,2,A,0,1,0.099757000803947,0.8519434928894041,0.8519434928894041,0.6156016588211061,0.8519434928894041,0.018695903941988,0.099757000803947,0.029603635892271003
4011,lod-lille-0.6b,bn,D-lit,A,D,0,D,0,1,0.199560388922691,0.58770751953125,0.58770751953125,0.301415145397186,0.199560388922691,0.162954181432724,0.049777891486883004,0.58770751953125
4013,lod-lille-0.6b,bn,D-lit,C,D,2,D,0,1,0.094805493950843,0.825782716274261,0.825782716274261,0.535180509090423,0.052387837320566004,0.027023945003747003,0.094805493950843,0.825782716274261
4016,lod-lille-0.6b,bn,D-lit,B,D,1,D,0,1,0.011922376230359001,0.9757225513458251,0.9757225513458251,0.770845055580139,0.007982692681252,0.011922376230359001,0.004372294526547,0.9757225513458251
4022,lod-lille-0.6b,bn,D-lit,B,C,1,C,0,1,0.041432112455368,0.9299376606941221,0.9299376606941221,0.7267789244651791,0.01573146879673,0.041432112455368,0.9299376606941221,0.012898673303425002
4025,lod-lille-0.6b,bn,D-lit,C,D,2,D,0,1,0.14689229428768102,0.44204172492027205,0.44204172492027205,0.170901164412498,0.26626777648925704,0.144798219203948,0.14689229428768102,0.44204172492027205
4027,lod-lille-0.6b,bn,D-lit,B,D,1,D,0,1,0.0018862577853720002,0.994663715362548,0.994663715362548,0.9026849865913391,0.0014686282956970001,0.0018862577853720002,0.001981426961719,0.994663715362548
4029,lod-lille-0.6b,bn,D-lit,B,D,1,D,0,1,0.038126207888126006,0.906709492206573,0.906709492206573,0.73640239238739,0.016975589096546,0.038126207888126006,0.038188770413398,0.906709492206573
4030,lod-lille-0.6b,bn,D-lit,D,B,3,B,0,1,0.066629588603973,0.871037781238555,0.871037781238555,0.557586789131164,0.037889361381530005,0.871037781238555,0.024443300440907003,0.066629588603973
4032,lod-lille-0.6b,bn,D-lit,A,D,0,D,0,1,0.011819045990705001,0.9699328541755671,0.9699328541755671,0.7324777841567991,0.011819045990705001,0.009562199003994,0.00868593621999,0.9699328541755671
4035,lod-lille-0.6b,bn,D-lit,D,A,3,A,0,1,0.020803274586796,0.94383293390274,0.94383293390274,0.7504339218139641,0.94383293390274,0.016903661191463002,0.018460137769579003,0.020803274586796
4038,lod-lille-0.6b,bn,D-lit,B,A,1,A,0,1,0.031721208244562,0.9370790719985961,0.9370790719985961,0.715517222881317,0.9370790719985961,0.031721208244562,0.016957525163888,0.014242125675082
4041,lod-lille-0.6b,bn,D-lit,C,D,2,D,0,1,0.025016374886035003,0.9038701057434081,0.9038701057434081,0.698235988616943,0.026763858273625003,0.044349666684865,0.025016374886035003,0.9038701057434081
4043,lod-lille-0.6b,bn,D-lit,A,B,0,B,0,1,0.03025727532804,0.9213387966156,0.9213387966156,0.721756339073181,0.03025727532804,0.9213387966156,0.021845117211341,0.026558859273791
4045,lod-lille-0.6b,bn,D-lit,B,C,1,C,0,1,0.032591663300991,0.9430161714553831,0.9430161714553831,0.703467965126037,0.016835620626807,0.032591663300991,0.9430161714553831,0.007556610740721
4046,lod-lille-0.6b,bn,D-lit,D,C,3,C,0,1,0.041232775896787005,0.9302347898483271,0.9302347898483271,0.7488330006599421,0.014805813319981001,0.013726570643484001,0.9302347898483271,0.041232775896787005
4048,lod-lille-0.6b,bn,D-lit,A,C,0,C,0,1,0.005737164989113,0.9861007332801811,0.9861007332801811,0.8374729156494141,0.005737164989113,0.002087846864014,0.9861007332801811,0.006074338220059001
4053,lod-lille-0.6b,bn,D-lit,B,D,1,D,0,1,0.101782649755477,0.8118625283241271,0.8118625283241271,0.573310792446136,0.039391290396451006,0.101782649755477,0.046963512897491004,0.8118625283241271
4056,lod-lille-0.6b,bn,D-lit,C,A,2,A,0,1,0.055752865970134007,0.85697728395462,0.85697728395462,0.6460584998130791,0.85697728395462,0.034675899893045,0.055752865970134007,0.052593961358070006
4057,lod-lille-0.6b,bn,D-lit,A,D,0,D,0,1,0.259807437658309,0.32624316215515103,0.32624316215515103,0.143030032515525,0.259807437658309,0.18134525418281502,0.232604131102561,0.32624316215515103
4059,lod-lille-0.6b,bn,D-lit,A,C,0,C,0,1,0.003059620037674,0.9947077035903931,0.9947077035903931,0.8667961955070491,0.003059620037674,0.001565436599776,0.9947077035903931,0.0006671699811700001
4062,lod-lille-0.6b,bn,D-lit,B,C,1,C,0,1,0.011311090551316001,0.9810153245925901,0.9810153245925901,0.8265279531478881,0.003145918482914,0.011311090551316001,0.9810153245925901,0.0045275827869770005
4070,lod-lille-0.6b,bn,D-lit,A,B,0,B,0,1,0.0019198071677230001,0.9966352581977841,0.9966352581977841,0.8833516836166381,0.0019198071677230001,0.9966352581977841,0.000671654008328,0.0007732932572250001
4077,lod-lille-0.6b,bn,D-lit,C,A,2,A,0,1,0.055091954767704,0.8440108895301811,0.8440108895301811,0.47417953610420205,0.8440108895301811,0.017844099551439,0.055091954767704,0.08305303007364201
4084,lod-lille-0.6b,bn,D-lit,D,C,3,C,0,1,0.009986613877117,0.9655792713165281,0.9655792713165281,0.7757320404052731,0.014037341810762001,0.010396776720881,0.9655792713165281,0.009986613877117
4090,lod-lille-0.6b,bn,D-lit,A,B,0,B,0,1,0.014142761006951,0.975513219833374,0.975513219833374,0.75952398777008,0.014142761006951,0.975513219833374,0.003477979451417,0.006866056937724001
4091,lod-lille-0.6b,bn,D-lit,A,C,0,C,0,1,0.013626825995743,0.954700291156768,0.954700291156768,0.74470055103302,0.013626825995743,0.021107580512762,0.954700291156768,0.010565280914306
4092,lod-lille-0.6b,bn,D-lit,A,D,0,D,0,1,0.004231621976941,0.991407215595245,0.991407215595245,0.9043715000152581,0.004231621976941,0.0016951413126660001,0.0026660063304,0.991407215595245
4093,lod-lille-0.6b,bn,D-lit,A,B,0,B,0,1,0.006979407742619,0.9721289873123161,0.9721289873123161,0.8108553290367121,0.006979407742619,0.9721289873123161,0.015574658289551001,0.005316927563399
4094,lod-lille-0.6b,bn,D-lit,A,D,0,D,0,1,0.13382323086261702,0.8255949020385741,0.8255949020385741,0.544560015201568,0.13382323086261702,0.024805443361401003,0.015776421874761002,0.8255949020385741
4098,lod-lille-0.6b,bn,D-lit,C,B,2,B,0,1,0.016076209023594003,0.9466367363929741,0.9466367363929741,0.804647743701934,0.013046789914369,0.9466367363929741,0.016076209023594003,0.02424032986164
4101,lod-lille-0.6b,bn,D-lit,A,C,0,C,0,1,0.027369648218154,0.9078232049942011,0.9078232049942011,0.6694763302803041,0.027369648218154,0.024011978879570003,0.9078232049942011,0.040795166045427
4104,lod-lille-0.6b,bn,D-lit,B,A,1,A,0,1,0.18332467973232203,0.6150961518287651,0.6150961518287651,0.246033936738967,0.6150961518287651,0.18332467973232203,0.13523739576339702,0.066341757774353
4108,lod-lille-0.6b,bn,D-lit,A,C,0,C,0,1,0.017168136313557,0.927797138690948,0.927797138690948,0.667302072048187,0.017168136313557,0.017840849235653003,0.927797138690948,0.037193972617387
4114,lod-lille-0.6b,bn,D-lit,A,C,0,C,0,1,0.085579574108123,0.8605684638023371,0.8605684638023371,0.628275573253631,0.085579574108123,0.039275731891393,0.8605684638023371,0.014576296322047001
4116,lod-lille-0.6b,bn,D-lit,D,C,3,C,0,1,0.032712247222661,0.906496286392211,0.906496286392211,0.6685138344764711,0.05010154843330301,0.010689875110983,0.906496286392211,0.032712247222661
4120,lod-lille-0.6b,bn,D-lit,C,D,2,D,0,1,0.015341745689511,0.9652186036109921,0.9652186036109921,0.701353669166564,0.007623243611305001,0.011816392652690001,0.015341745689511,0.9652186036109921
4126,lod-lille-0.6b,bn,D-lit,B,C,1,C,0,1,0.032286528497934,0.8491716980934141,0.8491716980934141,0.5917258858680721,0.073400273919105,0.032286528497934,0.8491716980934141,0.045141484588384004
4127,lod-lille-0.6b,bn,D-lit,A,C,0,C,0,1,0.008159474469721,0.9808051586151121,0.9808051586151121,0.8298268914222711,0.008159474469721,0.006396619603037001,0.9808051586151121,0.004638795740902001
4128,lod-lille-0.6b,bn,D-lit,D,C,3,C,0,1,0.017838569357991,0.9594174623489381,0.9594174623489381,0.778549253940582,0.012949060648679001,0.009794978424906,0.9594174623489381,0.017838569357991
4142,lod-lille-0.6b,bn,D-lit,B,A,1,A,0,1,0.12423335015773701,0.7606841325759881,0.7606841325759881,0.5372685194015501,0.7606841325759881,0.12423335015773701,0.039791595190763,0.075290963053703
4147,lod-lille-0.6b,bn,D-lit,C,B,2,B,0,1,0.005821871571242,0.9705267548561091,0.9705267548561091,0.744389593601226,0.014045973308384,0.9705267548561091,0.005821871571242,0.009605388157069001
4158,lod-lille-0.6b,bn,D-lit,B,C,1,C,0,1,0.022903053089976002,0.9674690961837761,0.9674690961837761,0.7828673124313351,0.004510994069278,0.022903053089976002,0.9674690961837761,0.005116887856274
4159,lod-lille-0.6b,bn,D-lit,A,B,0,B,0,1,0.015985436737537002,0.9590790867805481,0.9590790867805481,0.7512187957763671,0.015985436737537002,0.9590790867805481,0.008646578527987,0.016288978978991002
4160,lod-lille-0.6b,bn,D-lit,B,C,1,C,0,1,0.040083438158035,0.925594687461853,0.925594687461853,0.742153763771057,0.022143926471471002,0.040083438158035,0.925594687461853,0.012177960015833001
4164,lod-lille-0.6b,bn,D-lit,D,C,3,C,0,1,0.239337429404258,0.7012079954147331,0.7012079954147331,0.392601579427719,0.031749613583087005,0.027704969048500002,0.7012079954147331,0.239337429404258
4166,lod-lille-0.6b,bn,D-lit,D,A,3,A,0,1,0.008371535688638,0.9387409687042231,0.9387409687042231,0.731319189071655,0.9387409687042231,0.014889642596244002,0.037997893989086005,0.008371535688638
4167,lod-lille-0.6b,bn,D-lit,A,B,0,B,0,1,0.030593642964959002,0.9115802049636841,0.9115802049636841,0.664274752140045,0.030593642964959002,0.9115802049636841,0.029511081054806,0.028315024450421004
4170,lod-lille-0.6b,bn,D-lit,D,A,3,A,0,1,0.06842263787984801,0.778916358947753,0.778916358947753,0.43656960129737804,0.778916358947753,0.043717898428440004,0.10894314199686,0.06842263787984801
4172,lod-lille-0.6b,bn,D-lit,A,C,0,C,0,1,0.108282923698425,0.8118478655815121,0.8118478655815121,0.587348759174346,0.108282923698425,0.047442264854907004,0.8118478655815121,0.032426934689283
4177,lod-lille-0.6b,bn,D-lit,C,A,2,A,0,1,0.049995325505733004,0.8263437747955321,0.8263437747955321,0.47904014587402305,0.8263437747955321,0.05432857573032301,0.049995325505733004,0.069332361221313
4179,lod-lille-0.6b,bn,D-lit,B,D,1,D,0,1,0.054264619946479006,0.8074089884757991,0.8074089884757991,0.58797687292099,0.10070011764764701,0.054264619946479006,0.037626337260007005,0.8074089884757991
4183,lod-lille-0.6b,bn,D-lit,C,D,2,D,0,1,0.04455168545246101,0.6796439886093141,0.6796439886093141,0.47892275452613803,0.22443421185016602,0.051370076835155,0.04455168545246101,0.6796439886093141
4184,lod-lille-0.6b,bn,D-lit,C,B,2,B,0,1,0.08649634569883301,0.772421598434448,0.772421598434448,0.58727490901947,0.10211400687694501,0.772421598434448,0.08649634569883301,0.038968101143836004
4187,lod-lille-0.6b,bn,D-lit,A,C,0,C,0,1,0.039786312729120005,0.878979921340942,0.878979921340942,0.6966455578804011,0.039786312729120005,0.06904654204845401,0.878979921340942,0.012187190353870002
4188,lod-lille-0.6b,bn,D-lit,D,B,3,B,0,1,0.29943597316741905,0.48186463117599404,0.48186463117599404,0.24152684211730902,0.10452062636613801,0.48186463117599404,0.11417872458696302,0.29943597316741905
4192,lod-lille-0.6b,bn,D-lit,B,D,1,A,0,0,0.168368175625801,0.176639139652252,0.385192245244979,0.157489255070686,0.385192245244979,0.168368175625801,0.269800424575805,0.176639139652252
4211,lod-lille-0.6b,bn,D-lit,B,D,1,B,1,0,0.29947647452354403,0.28712710738182,0.29947647452354403,0.159074753522872,0.19436460733413602,0.29947647452354403,0.21903179585933602,0.28712710738182
4213,lod-lille-0.6b,bn,D-lit,A,C,0,B,0,0,0.19390137493610302,0.29969856142997703,0.345272898674011,0.20093271136283802,0.19390137493610302,0.345272898674011,0.29969856142997703,0.161127209663391
4217,lod-lille-0.6b,bn,D-lit,D,C,3,C,0,1,0.011126903817057,0.953914940357208,0.953914940357208,0.753670156002044,0.014918601140379002,0.020039595663547002,0.953914940357208,0.011126903817057
4223,lod-lille-0.6b,bn,D-lit,C,A,2,A,0,1,0.045369088649749006,0.8757794499397271,0.8757794499397271,0.743815183639526,0.8757794499397271,0.046181857585906004,0.045369088649749006,0.032669652253389005
4225,lod-lille-0.6b,bn,D-lit,C,D,2,D,0,1,0.44723379611968905,0.459992498159408,0.459992498159408,0.321623146533966,0.046211455017328006,0.046562284231185004,0.44723379611968905,0.459992498159408
4226,lod-lille-0.6b,bn,D-lit,D,C,3,C,0,1,0.040790893137454,0.868296146392822,0.868296146392822,0.667080163955688,0.07232365012168801,0.018589317798614002,0.868296146392822,0.040790893137454
4231,lod-lille-0.6b,bn,D-lit,A,D,0,D,0,1,0.019991438835859,0.9369567036628721,0.9369567036628721,0.7628574371337891,0.019991438835859,0.02313389442861,0.019917925819754,0.9369567036628721
4233,lod-lille-0.6b,bn,D-lit,A,C,0,C,0,1,0.273470252752304,0.6596213579177851,0.6596213579177851,0.472805500030517,0.273470252752304,0.039600178599357,0.6596213579177851,0.027308171615004
4236,lod-lille-0.6b,bn,D-lit,A,C,0,C,0,1,0.031432680785655004,0.9180503487586971,0.9180503487586971,0.759601414203643,0.031432680785655004,0.024691715836524002,0.9180503487586971,0.025825288146734002
4239,lod-lille-0.6b,bn,D-lit,D,A,3,A,0,1,0.018593721091747003,0.9558190107345581,0.9558190107345581,0.8191590309143061,0.9558190107345581,0.009306153282523,0.016281131654977,0.018593721091747003
4243,lod-lille-0.6b,bn,D-lit,B,A,1,A,0,1,0.092244178056716,0.7534044384956361,0.7534044384956361,0.6125025153160091,0.7534044384956361,0.092244178056716,0.06570517271757101,0.088646151125431
4244,lod-lille-0.6b,bn,D-lit,B,A,1,A,0,1,0.07782236486673301,0.763089060783386,0.763089060783386,0.611396491527557,0.763089060783386,0.07782236486673301,0.057812005281448,0.101276628673076
4245,lod-lille-0.6b,bn,D-lit,B,A,1,A,0,1,0.042135830968618004,0.555605590343475,0.555605590343475,0.37298509478569003,0.555605590343475,0.042135830968618004,0.030610363930463003,0.3716481924057
4246,lod-lille-0.6b,bn,D-lit,C,A,2,C,1,0,0.356775045394897,0.329012364149093,0.356775045394897,0.183482468128204,0.329012364149093,0.21255102753639202,0.356775045394897,0.101661570370197
4251,lod-lille-0.6b,bn,D-lit,C,A,2,A,0,1,0.103120878338813,0.640837848186492,0.640837848186492,0.349228948354721,0.640837848186492,0.15478245913982303,0.103120878338813,0.10125878453254701
4252,lod-lille-0.6b,bn,D-lit,A,B,0,A,1,0,0.318960040807724,0.303806096315383,0.318960040807724,0.16413727402687,0.318960040807724,0.303806096315383,0.27643987536430303,0.10079399496316901
4253,lod-lille-0.6b,bn,D-lit,B,C,1,C,0,1,0.105367057025432,0.8427323102951051,0.8427323102951051,0.6676113605499261,0.038491830229759,0.105367057025432,0.8427323102951051,0.013408814556896001
4255,lod-lille-0.6b,bn,D-lit,C,A,2,A,0,1,0.021917512640357,0.950571835041046,0.950571835041046,0.8100978732109071,0.950571835041046,0.014840267598628,0.021917512640357,0.012670397758483
4256,lod-lille-0.6b,bn,D-lit,A,B,0,B,0,1,0.052391324192285,0.8228509426116941,0.8228509426116941,0.670187473297119,0.052391324192285,0.8228509426116941,0.06205991283059101,0.06269777566194501
4259,lod-lille-0.6b,bn,D-lit,C,B,2,B,0,1,0.043467614799737,0.9394975304603571,0.9394975304603571,0.7674810290336601,0.008961764164268,0.9394975304603571,0.043467614799737,0.008073109202086001
4260,lod-lille-0.6b,bn,D-lit,B,A,1,A,0,1,0.069805718958377,0.918097972869873,0.918097972869873,0.784820258617401,0.918097972869873,0.069805718958377,0.006305040791630001,0.005791271571069001
4261,lod-lille-0.6b,bn,D-lit,D,A,3,A,0,1,0.20336024463176702,0.770628690719604,0.770628690719604,0.6468045711517331,0.770628690719604,0.016862032935023002,0.009149059653282,0.20336024463176702
4262,lod-lille-0.6b,bn,D-lit,B,C,1,A,0,0,0.240829229354858,0.23212181031703902,0.38455933332443204,0.235068991780281,0.38455933332443204,0.240829229354858,0.23212181031703902,0.14248956739902402
4264,lod-lille-0.6b,bn,D-lit,C,A,2,A,0,1,0.107727341353893,0.851880252361297,0.851880252361297,0.6822904944419861,0.851880252361297,0.022797670215368,0.107727341353893,0.017594764009118
4266,lod-lille-0.6b,bn,D-lit,A,B,0,B,0,1,0.021211627870798,0.9553563594818111,0.9553563594818111,0.8654379844665521,0.021211627870798,0.9553563594818111,0.016630705446004,0.006801229435950001
4270,lod-lille-0.6b,bn,D-lit,C,A,2,A,0,1,0.023757744580507,0.9422222971916191,0.9422222971916191,0.7817578315734861,0.9422222971916191,0.015820357948541003,0.023757744580507,0.01819965057075
4271,lod-lille-0.6b,bn,D-lit,B,D,1,D,0,1,0.009898555465042001,0.9632377028465271,0.9632377028465271,0.7976462841033931,0.010298898443579,0.009898555465042001,0.016564903780817,0.9632377028465271
4272,lod-lille-0.6b,bn,D-lit,D,B,3,B,0,1,0.033501990139484,0.9184208512306211,0.9184208512306211,0.7254417538642881,0.019162679091095,0.9184208512306211,0.028914514929056,0.033501990139484
4274,lod-lille-0.6b,bn,D-lit,C,D,2,D,0,1,0.35241070389747603,0.5998599529266351,0.5998599529266351,0.321625679731369,0.026324568316340002,0.021404756233096,0.35241070389747603,0.5998599529266351
4276,lod-lille-0.6b,bn,D-lit,A,C,0,C,0,1,0.095998078584671,0.725088357925415,0.725088357925415,0.496470689773559,0.095998078584671,0.11000210046768101,0.725088357925415,0.068911507725715
4278,lod-lille-0.6b,bn,D-lit,B,D,1,D,0,1,0.016964586451649,0.9623498320579521,0.9623498320579521,0.855778515338897,0.010108420625329,0.016964586451649,0.010577108711004,0.9623498320579521
4279,lod-lille-0.6b,bn,D-lit,D,B,3,B,0,1,0.354429095983505,0.611805498600006,0.611805498600006,0.519453048706054,0.024580592289566,0.611805498600006,0.009184760972857,0.354429095983505
4280,lod-lille-0.6b,bn,D-lit,B,D,1,D,0,1,0.06151547282934101,0.9185138344764711,0.9185138344764711,0.770770609378814,0.0076516256667670006,0.06151547282934101,0.012318979017436001,0.9185138344764711
4283,lod-lille-0.6b,bn,D-lit,A,B,0,B,0,1,0.015536477789282,0.9493445754051201,0.9493445754051201,0.738807082176208,0.015536477789282,0.9493445754051201,0.015186650678515,0.019932353869080002
4286,lod-lille-0.6b,bn,D-lit,B,C,1,B,1,0,0.40536403656005804,0.39147028326988204,0.40536403656005804,0.19103407859802202,0.095107555389404,0.40536403656005804,0.39147028326988204,0.10805805772542901
4289,lod-lille-0.6b,bn,D-lit,B,D,1,D,0,1,0.09871468693017901,0.7698430418968201,0.7698430418968201,0.5949028134346,0.08150181919336301,0.09871468693017901,0.04994046315550801,0.7698430418968201
4292,lod-lille-0.6b,bn,D-lit,B,C,1,C,0,1,0.009797277860343,0.9550841450691221,0.9550841450691221,0.783390879631042,0.025750065222382,0.009797277860343,0.9550841450691221,0.00936846062541
4293,lod-lille-0.6b,bn,D-lit,B,A,1,A,0,1,0.09988649189472101,0.7557879686355591,0.7557879686355591,0.46295052766799905,0.7557879686355591,0.09988649189472101,0.05971855670213601,0.08460690826177501
4295,lod-lille-0.6b,bn,D-lit,A,B,0,B,0,1,0.06146847829222601,0.9083834886550901,0.9083834886550901,0.7575713992118831,0.06146847829222601,0.9083834886550901,0.012951130978763001,0.017196938395500003
4296,lod-lille-0.6b,bn,D-lit,C,D,2,D,0,1,0.023112777620553002,0.9149064421653741,0.9149064421653741,0.769291400909423,0.044727008789777006,0.017253836616873002,0.023112777620553002,0.9149064421653741
4306,lod-lille-0.6b,bn,D-lit,D,A,3,A,0,1,0.062484949827194006,0.7583284974098201,0.7583284974098201,0.592093229293823,0.7583284974098201,0.07396876066923101,0.10521773248910901,0.062484949827194006
4308,lod-lille-0.6b,bn,D-lit,A,C,0,C,0,1,0.075218074023723,0.757576286792755,0.757576286792755,0.566949903964996,0.075218074023723,0.10589984804391801,0.757576286792755,0.06130581721663401
4310,lod-lille-0.6b,bn,D-lit,C,D,2,D,0,1,0.09338558465242301,0.8538328409194941,0.8538328409194941,0.615366756916046,0.032179683446884,0.020601807162165,0.09338558465242301,0.8538328409194941
4311,lod-lille-0.6b,bn,D-lit,A,B,0,B,0,1,0.009988718666136001,0.965178787708282,0.965178787708282,0.812017083168029,0.009988718666136001,0.965178787708282,0.019072713330388,0.0057598124258220005
4312,lod-lille-0.6b,bn,D-lit,C,B,2,B,0,1,0.082765765488147,0.655330657958984,0.655330657958984,0.474703162908554,0.16233973205089502,0.655330657958984,0.082765765488147,0.099563851952552
4313,lod-lille-0.6b,bn,D-lit,D,C,3,C,0,1,0.275583177804946,0.523999392986297,0.523999392986297,0.32973197102546603,0.070533648133277,0.12988372147083202,0.523999392986297,0.275583177804946
4314,lod-lille-0.6b,bn,D-lit,B,D,1,D,0,1,0.015072176232933,0.9520623683929441,0.9520623683929441,0.702829897403717,0.015608198940753002,0.015072176232933,0.017257288098335002,0.9520623683929441
4315,lod-lille-0.6b,bn,D-lit,B,A,1,A,0,1,0.26248353719711304,0.535175621509552,0.535175621509552,0.38383373618125904,0.535175621509552,0.26248353719711304,0.074227303266525,0.128113463521003
4321,lod-lille-0.6b,bn,D-lit,B,C,1,C,0,1,0.085457496345043,0.8344174623489381,0.8344174623489381,0.734387993812561,0.051316872239112,0.085457496345043,0.8344174623489381,0.028808211907744
4323,lod-lille-0.6b,bn,D-lit,A,D,0,D,0,1,0.07924530655145601,0.8790449500083921,0.8790449500083921,0.7497757673263551,0.07924530655145601,0.019626410678029,0.022083353251218,0.8790449500083921
4324,lod-lille-0.6b,bn,D-lit,B,D,1,D,0,1,0.023833626881241,0.9463803768157951,0.9463803768157951,0.820095241069793,0.009021799080073,0.023833626881241,0.020764097571372,0.9463803768157951
4325,lod-lille-0.6b,bn,D-lit,A,B,0,B,0,1,0.031193502247333003,0.9060146808624261,0.9060146808624261,0.727338671684265,0.031193502247333003,0.9060146808624261,0.038442600518465,0.024349192157387
4328,lod-lille-0.6b,bn,D-lit,C,D,2,D,0,1,0.037166196852922,0.876874148845672,0.876874148845672,0.6422376036643981,0.025377150624990002,0.060582466423511006,0.037166196852922,0.876874148845672
4333,lod-lille-0.6b,bn,D-lit,B,D,1,D,0,1,0.104290671646595,0.535708308219909,0.535708308219909,0.29947155714035,0.09194672852754501,0.104290671646595,0.26805427670478804,0.535708308219909
4341,lod-lille-0.6b,bn,D-lit,C,D,2,D,0,1,0.09451089054346001,0.620227932929992,0.620227932929992,0.395997285842895,0.128517135977745,0.15674398839473702,0.09451089054346001,0.620227932929992
4347,lod-lille-0.6b,bn,D-lit,C,D,2,D,0,1,0.007462239824235,0.9677794575691221,0.9677794575691221,0.869739353656768,0.013866145163774001,0.010892198421061,0.007462239824235,0.9677794575691221
4350,lod-lille-0.6b,bn,D-lit,D,A,3,D,1,0,0.33881098031997603,0.286412864923477,0.33881098031997603,0.194508597254753,0.286412864923477,0.216462269425392,0.158313900232315,0.33881098031997603
4353,lod-lille-0.6b,bn,D-lit,B,A,1,A,0,1,0.20247195661067902,0.36558541655540405,0.36558541655540405,0.173635199666023,0.36558541655540405,0.20247195661067902,0.25080218911170904,0.181140437722206
4362,lod-lille-0.6b,bn,D-lit,A,D,0,D,0,1,0.010881583206355001,0.9545404911041261,0.9545404911041261,0.808073997497558,0.010881583206355001,0.022519445046782,0.0120585039258,0.9545404911041261
4363,lod-lille-0.6b,bn,D-lit,D,A,3,A,0,1,0.26531735062599104,0.46009588241577104,0.46009588241577104,0.177913263440132,0.46009588241577104,0.17398853600025102,0.10059822350740401,0.26531735062599104
4365,lod-lille-0.6b,bn,D-lit,A,D,0,B,0,0,0.15781298279762201,0.17700922489166201,0.386053681373596,0.18153254687786102,0.15781298279762201,0.386053681373596,0.27912411093711803,0.17700922489166201
4366,lod-lille-0.6b,bn,D-lit,C,A,2,A,0,1,0.046556696295738005,0.9060919880867001,0.9060919880867001,0.6864908933639521,0.9060919880867001,0.032777793705463,0.046556696295738005,0.014573496766388002
4375,lod-lille-0.6b,bn,D-lit,B,D,1,D,0,1,0.041804485023021004,0.850257933139801,0.850257933139801,0.6769083738327021,0.043011225759983,0.041804485023021004,0.064926400780677,0.850257933139801
4379,lod-lille-0.6b,bn,D-lit,A,B,0,B,0,1,0.0016373199177900002,0.9934840798377991,0.9934840798377991,0.8809952735900871,0.0016373199177900002,0.9934840798377991,0.0025881037581710004,0.00229045888409
4381,lod-lille-0.6b,bn,D-lit,C,B,2,B,0,1,0.13807001709938002,0.43233302235603305,0.43233302235603305,0.27229636907577504,0.157602295279502,0.43233302235603305,0.13807001709938002,0.271994620561599
4389,lod-lille-0.6b,bn,D-lit,A,D,0,D,0,1,0.141190305352211,0.734679222106933,0.734679222106933,0.5402117967605591,0.141190305352211,0.055628206580877006,0.068502262234687,0.734679222106933
4393,lod-lille-0.6b,bn,D-lit,B,A,1,A,0,1,0.017299115657806,0.947159707546234,0.947159707546234,0.823551535606384,0.947159707546234,0.017299115657806,0.014963084831833002,0.020578108727931
4398,lod-lille-0.6b,bn,D-lit,B,A,1,A,0,1,0.2873195707798,0.636336028575897,0.636336028575897,0.453071802854537,0.636336028575897,0.2873195707798,0.023528564721345003,0.052815861999988
4399,lod-lille-0.6b,bn,D-lit,A,C,0,C,0,1,0.010286584496498,0.972095072269439,0.972095072269439,0.80283522605896,0.010286584496498,0.012342695146799,0.972095072269439,0.00527561083436
4400,lod-lille-0.6b,bn,D-lit,C,B,2,B,0,1,0.06261142343282701,0.877096891403198,0.877096891403198,0.6767581105232231,0.032980486750602,0.877096891403198,0.06261142343282701,0.027311194688081002
4402,lod-lille-0.6b,bn,D-lit,D,A,3,A,0,1,0.020020563155412,0.912538707256317,0.912538707256317,0.711846351623535,0.912538707256317,0.033491980284452,0.033948719501495,0.020020563155412
4403,lod-lille-0.6b,bn,D-lit,C,B,2,B,0,1,0.056696966290473,0.8274478912353511,0.8274478912353511,0.636723399162292,0.06187665835022901,0.8274478912353511,0.056696966290473,0.053978525102138006
4404,lod-lille-0.6b,bn,D-lit,A,B,0,A,1,0,0.37098833918571406,0.277325510978698,0.37098833918571406,0.179049834609031,0.37098833918571406,0.277325510978698,0.13428309559822002,0.21740303933620403
4405,lod-lille-0.6b,bn,D-lit,C,A,2,A,0,1,0.031839620321989004,0.882323324680328,0.882323324680328,0.7507411837577821,0.882323324680328,0.042817719280719,0.031839620321989004,0.043019320815801
4406,lod-lille-0.6b,bn,D-lit,C,A,2,A,0,1,0.026713024824857,0.9318330287933351,0.9318330287933351,0.7553134560585021,0.9318330287933351,0.025399532169103,0.026713024824857,0.016054386273026
4418,lod-lille-0.6b,bn,D-lit,C,B,2,B,0,1,0.013289867900311001,0.9529586434364311,0.9529586434364311,0.7931666374206541,0.023975118994712,0.9529586434364311,0.013289867900311001,0.009776392951607002
4421,lod-lille-0.6b,bn,D-lit,A,D,0,D,0,1,0.004458441864699,0.988863229751586,0.988863229751586,0.8977973461151121,0.004458441864699,0.002586903283372,0.004091372247785,0.988863229751586
4422,lod-lille-0.6b,bn,D-lit,A,D,0,D,0,1,0.025109458714723,0.96071982383728,0.96071982383728,0.825034081935882,0.025109458714723,0.009577292948961001,0.004593395628035,0.96071982383728
4423,lod-lille-0.6b,bn,D-lit,D,A,3,A,0,1,0.012605156749486,0.9621234536170961,0.9621234536170961,0.8395193219184871,0.9621234536170961,0.013272807933390002,0.011998624540865001,0.012605156749486
4424,lod-lille-0.6b,bn,D-lit,D,A,3,A,0,1,0.034261133521795,0.9490939974784851,0.9490939974784851,0.8111553788185121,0.9490939974784851,0.011592080816626,0.005052776075899001,0.034261133521795
4425,lod-lille-0.6b,bn,D-lit,C,D,2,D,0,1,0.218913584947586,0.48624694347381503,0.48624694347381503,0.260015308856964,0.18280109763145402,0.11203841865062701,0.218913584947586,0.48624694347381503
4428,lod-lille-0.6b,bn,D-lit,B,C,1,C,0,1,0.31118279695510803,0.639248967170715,0.639248967170715,0.5146905183792111,0.025678183883428,0.31118279695510803,0.639248967170715,0.023890074342489003
4429,lod-lille-0.6b,bn,D-lit,C,A,2,A,0,1,0.028439892455935003,0.947638928890228,0.947638928890228,0.768157303333282,0.947638928890228,0.014877539128065002,0.028439892455935003,0.009043606929481
4430,lod-lille-0.6b,bn,D-lit,D,A,3,A,0,1,0.005794085096567,0.9697554707527161,0.9697554707527161,0.802534222602844,0.9697554707527161,0.014223928563296,0.010226564481854002,0.005794085096567
4431,lod-lille-0.6b,bn,D-lit,A,B,0,B,0,1,0.037286829203367004,0.918453216552734,0.918453216552734,0.7872462868690491,0.037286829203367004,0.918453216552734,0.029612023383378,0.014648028649389001
4434,lod-lille-0.6b,bn,D-lit,A,B,0,C,0,0,0.28750371932983404,0.257114291191101,0.36051392555236805,0.176788091659545,0.28750371932983404,0.257114291191101,0.36051392555236805,0.094868026673793
4444,lod-lille-0.6b,bn,D-lit,C,D,2,D,0,1,0.006913728546351001,0.9830383062362671,0.9830383062362671,0.841452300548553,0.004645302426069,0.005402703303843,0.006913728546351001,0.9830383062362671
4457,lod-lille-0.6b,bn,D-lit,C,A,2,A,0,1,0.33406403660774203,0.562494695186615,0.562494695186615,0.36411511898040705,0.562494695186615,0.054174065589904,0.33406403660774203,0.049267161637544
4458,lod-lille-0.6b,bn,D-lit,D,B,3,B,0,1,0.033312238752841006,0.801202774047851,0.801202774047851,0.5362035036087031,0.099790319800376,0.801202774047851,0.065694637596607,0.033312238752841006
4460,lod-lille-0.6b,bn,D-lit,B,D,1,D,0,1,0.038905385881662,0.8918997645378111,0.8918997645378111,0.654265046119689,0.033224340528249005,0.038905385881662,0.035970441997051,0.8918997645378111
4464,lod-lille-0.6b,bn,D-lit,A,C,0,C,0,1,0.31531202793121305,0.398671686649322,0.398671686649322,0.151294216513633,0.31531202793121305,0.109015554189682,0.398671686649322,0.17700074613094302
4470,lod-lille-0.6b,bn,D-lit,B,C,1,C,0,1,0.09381013363599701,0.8840589523315431,0.8840589523315431,0.762156903743743,0.01613850146532,0.09381013363599701,0.8840589523315431,0.005992450751364
4474,lod-lille-0.6b,bn,D-lit,C,A,2,A,0,1,0.20641776919364901,0.6791940927505491,0.6791940927505491,0.42092525959014804,0.6791940927505491,0.050241954624652,0.20641776919364901,0.064146183431148
4475,lod-lille-0.6b,bn,D-lit,A,C,0,C,0,1,0.019707145169377,0.9454050064086911,0.9454050064086911,0.8123503923416131,0.019707145169377,0.012575124390423001,0.9454050064086911,0.022312711924314003
4476,lod-lille-0.6b,bn,D-lit,D,C,3,C,0,1,0.14526018500328,0.7185086607933041,0.7185086607933041,0.43268576264381403,0.078638263046741,0.05759285017848,0.7185086607933041,0.14526018500328
4482,lod-lille-0.6b,bn,D-lit,D,B,3,B,0,1,0.20167066156864102,0.6224289536476131,0.6224289536476131,0.363858252763748,0.07958797365427,0.6224289536476131,0.09631243348121601,0.20167066156864102
4483,lod-lille-0.6b,bn,D-lit,A,B,0,B,0,1,0.23664662241935702,0.635713696479797,0.635713696479797,0.39580497145652704,0.23664662241935702,0.635713696479797,0.083666570484638,0.043973047286272
4496,lod-lille-0.6b,bn,D-lit,D,A,3,C,0,0,0.24981954693794203,0.10520844906568501,0.47827485203742903,0.239191755652427,0.10520844906568501,0.166697114706039,0.47827485203742903,0.24981954693794203
4497,lod-lille-0.6b,bn,D-lit,B,A,1,C,0,0,0.21621096134185702,0.27476987242698603,0.352133452892303,0.20041954517364502,0.27476987242698603,0.21621096134185702,0.352133452892303,0.156885743141174
4498,lod-lille-0.6b,bn,D-lit,C,D,2,D,0,1,0.080060705542564,0.672070622444152,0.672070622444152,0.386367321014404,0.13801242411136602,0.1098562926054,0.080060705542564,0.672070622444152
4511,lod-lille-0.6b,bn,D-lit,D,B,3,B,0,1,0.07813657820224701,0.815146267414093,0.815146267414093,0.7418197989463801,0.047588873654603,0.815146267414093,0.059128310531377,0.07813657820224701
4516,lod-lille-0.6b,bn,D-lit,C,A,2,A,0,1,0.084967479109764,0.7179683446884151,0.7179683446884151,0.40332323312759405,0.7179683446884151,0.11277231574058501,0.084967479109764,0.084291882812976
4519,lod-lille-0.6b,bn,D-lit,C,B,2,B,0,1,0.30222991108894304,0.6490923762321471,0.6490923762321471,0.41664811968803406,0.028414020314812,0.6490923762321471,0.30222991108894304,0.020263720303773002
4520,lod-lille-0.6b,bn,D-lit,A,C,0,C,0,1,0.11745551973581302,0.6630417704582211,0.6630417704582211,0.33841389417648304,0.11745551973581302,0.080797612667083,0.6630417704582211,0.138705134391784
4521,lod-lille-0.6b,bn,D-lit,C,B,2,B,0,1,0.083073206245899,0.842214524745941,0.842214524745941,0.5822095274925231,0.023115893825888002,0.842214524745941,0.083073206245899,0.051596429198980005
4523,lod-lille-0.6b,bn,D-lit,A,B,0,B,0,1,0.034043103456497005,0.9526870846748351,0.9526870846748351,0.711361825466156,0.034043103456497005,0.9526870846748351,0.007398175075650001,0.005871599074453
4528,lod-lille-0.6b,bn,D-lit,A,D,0,D,0,1,0.304215729236602,0.6441041827201841,0.6441041827201841,0.35292506217956504,0.304215729236602,0.028743635863065,0.022936411201953003,0.6441041827201841
4535,lod-lille-0.6b,bn,D-lit,C,D,2,D,0,1,0.017841063439846,0.9518883228302001,0.9518883228302001,0.781512796878814,0.009025774896144001,0.021244848147034003,0.017841063439846,0.9518883228302001
4538,lod-lille-0.6b,bn,D-lit,A,B,0,B,0,1,0.039579164236783,0.9000825285911561,0.9000825285911561,0.665418028831481,0.039579164236783,0.9000825285911561,0.017916621640324003,0.042421769350767004
4542,lod-lille-0.6b,bn,D-lit,A,B,0,B,0,1,0.175336524844169,0.632345736026763,0.632345736026763,0.432468295097351,0.175336524844169,0.632345736026763,0.08179521560668901,0.110522493720054
4544,lod-lille-0.6b,bn,D-lit,A,C,0,C,0,1,0.013517660088837001,0.9593509435653681,0.9593509435653681,0.7967429757118221,0.013517660088837001,0.012099548242986001,0.9593509435653681,0.015031803399324
4546,lod-lille-0.6b,bn,D-lit,C,A,2,A,0,1,0.026420267298817003,0.9371543526649471,0.9371543526649471,0.8001297116279601,0.9371543526649471,0.011612053960561001,0.026420267298817003,0.024813314899802003
4549,lod-lille-0.6b,bn,D-lit,D,C,3,C,0,1,0.012821964919567,0.9543858766555781,0.9543858766555781,0.803399622440338,0.009236662648618001,0.023555532097816002,0.9543858766555781,0.012821964919567
4550,lod-lille-0.6b,bn,D-lit,C,B,2,C,1,0,0.44434696435928306,0.425615519285202,0.44434696435928306,0.168513029813766,0.054820880293846005,0.425615519285202,0.44434696435928306,0.07521662861108701
4562,lod-lille-0.6b,bn,D-lit,B,A,1,A,0,1,0.029377650469541,0.908196628093719,0.908196628093719,0.717945039272308,0.908196628093719,0.029377650469541,0.035696860402822,0.026728892698884003
4563,lod-lille-0.6b,bn,D-lit,B,A,1,A,0,1,0.059141460806131,0.7581820487976071,0.7581820487976071,0.582780182361602,0.7581820487976071,0.059141460806131,0.10641035437583901,0.076266154646873
4565,lod-lille-0.6b,bn,D-lit,B,A,1,A,0,1,0.014718132093548001,0.9605631828308101,0.9605631828308101,0.803532660007476,0.9605631828308101,0.014718132093548001,0.014818791300058,0.009899830445647
4568,lod-lille-0.6b,bn,D-lit,B,C,1,C,0,1,0.003123616566881,0.987886667251586,0.987886667251586,0.8200911283493041,0.002798539586365,0.003123616566881,0.987886667251586,0.006191169377416
4570,lod-lille-0.6b,bn,D-lit,D,C,3,C,0,1,0.018758663907647,0.9539154171943661,0.9539154171943661,0.802051067352294,0.017498208209872003,0.009827674366533,0.9539154171943661,0.018758663907647
4571,lod-lille-0.6b,bn,D-lit,B,A,1,A,0,1,0.253642797470092,0.674096524715423,0.674096524715423,0.416066408157348,0.674096524715423,0.253642797470092,0.042126134037971004,0.030134582892060002
4574,lod-lille-0.6b,bn,D-lit,A,D,0,D,0,1,0.055203955620527004,0.856272876262664,0.856272876262664,0.632303714752197,0.055203955620527004,0.07275500893592801,0.015768155455589,0.856272876262664
4575,lod-lille-0.6b,bn,D-lit,B,A,1,A,0,1,0.15191820263862602,0.6613465547561641,0.6613465547561641,0.5016763210296631,0.6613465547561641,0.15191820263862602,0.09593284875154401,0.09080242365598601
4580,lod-lille-0.6b,bn,D-lit,D,A,3,B,0,0,0.18344981968402801,0.20897404849529203,0.40795615315437306,0.21133780479431102,0.20897404849529203,0.40795615315437306,0.199620008468627,0.18344981968402801
4589,lod-lille-0.6b,bn,D-lit,C,D,2,D,0,1,0.21737359464168501,0.748065292835235,0.748065292835235,0.559795260429382,0.020754670724272003,0.013806499540805001,0.21737359464168501,0.748065292835235
4592,lod-lille-0.6b,bn,D-lit,C,D,2,D,0,1,0.019593099132180002,0.941468834877014,0.941468834877014,0.7496143579483031,0.016712881624698,0.022225191816687,0.019593099132180002,0.941468834877014
4594,lod-lille-0.6b,bn,D-lit,B,D,1,D,0,1,0.08383610844612101,0.8732803463935851,0.8732803463935851,0.672420740127563,0.024615481495857003,0.08383610844612101,0.018268048763275,0.8732803463935851
4595,lod-lille-0.6b,bn,D-lit,C,B,2,B,0,1,0.08178886026144,0.899485766887664,0.899485766887664,0.7224843502044671,0.013121369294822001,0.899485766887664,0.08178886026144,0.0056040277704590006
4601,lod-lille-0.6b,bn,D-lit,C,D,2,D,0,1,0.182684257626533,0.35203179717063904,0.35203179717063904,0.21671433746814703,0.220242977142333,0.24504089355468703,0.182684257626533,0.35203179717063904
4602,lod-lille-0.6b,bn,D-lit,D,B,3,B,0,1,0.015248452313244001,0.9467140436172481,0.9467140436172481,0.774793744087219,0.018105266615748003,0.9467140436172481,0.019932236522436003,0.015248452313244001
4605,lod-lille-0.6b,bn,D-lit,C,A,2,A,0,1,0.081014327704906,0.6811619400978081,0.6811619400978081,0.484222143888473,0.6811619400978081,0.078408002853393,0.081014327704906,0.15941573679447102
4608,lod-lille-0.6b,bn,D-lit,C,B,2,B,0,1,0.10008564591407701,0.5768495202064511,0.5768495202064511,0.259687274694442,0.170888528227806,0.5768495202064511,0.10008564591407701,0.152176305651664
4614,lod-lille-0.6b,bn,D-lit,D,B,3,B,0,1,0.034715633839368,0.8729890584945671,0.8729890584945671,0.627648651599884,0.05170927569270101,0.8729890584945671,0.040585994720458006,0.034715633839368
4615,lod-lille-0.6b,bn,D-lit,D,A,3,A,0,1,0.039100717753171005,0.884551584720611,0.884551584720611,0.6739649772644041,0.884551584720611,0.036426808685064004,0.039920922368764,0.039100717753171005
4618,lod-lille-0.6b,bn,D-lit,B,A,1,C,0,0,0.289047211408615,0.262137770652771,0.32689642906188904,0.172981813549995,0.262137770652771,0.289047211408615,0.32689642906188904,0.121918633580207
4619,lod-lille-0.6b,bn,D-lit,C,A,2,A,0,1,0.035057075321674,0.8663730025291441,0.8663730025291441,0.615087389945983,0.8663730025291441,0.043735235929489004,0.035057075321674,0.054834656417369
4623,lod-lille-0.6b,bn,D-lit,A,B,0,B,0,1,0.14008761942386602,0.8279737830162041,0.8279737830162041,0.6104323267936701,0.14008761942386602,0.8279737830162041,0.015384196303784,0.016554456204175002
4628,lod-lille-0.6b,bn,D-lit,A,D,0,D,0,1,0.032787259668111,0.8981133699417111,0.8981133699417111,0.6829125881195061,0.032787259668111,0.043669044971466,0.025430295616388,0.8981133699417111
4633,lod-lille-0.6b,bn,D-lit,D,B,3,C,0,0,0.26201885938644404,0.090156182646751,0.383218824863433,0.15712596476078,0.26460608839988703,0.090156182646751,0.383218824863433,0.26201885938644404
4635,lod-lille-0.6b,bn,D-lit,C,B,2,B,0,1,0.00579165900126,0.973870754241943,0.973870754241943,0.8038808107376091,0.008978033438324,0.973870754241943,0.00579165900126,0.011359650641679
4637,lod-lille-0.6b,bn,D-lit,D,A,3,A,0,1,0.078562133014202,0.8325784802436821,0.8325784802436821,0.6676692962646481,0.8325784802436821,0.052520710974931,0.036338724195957,0.078562133014202
4638,lod-lille-0.6b,bn,D-lit,D,B,3,B,0,1,0.022119516506791,0.867036819458007,0.867036819458007,0.708667993545532,0.056869037449359006,0.867036819458007,0.053974620997905,0.022119516506791
4643,lod-lille-0.6b,bn,D-lit,B,D,1,D,0,1,0.035681188106536005,0.8682061433792111,0.8682061433792111,0.6519536375999451,0.082789324223995,0.035681188106536005,0.013323313556611,0.8682061433792111
4651,lod-lille-0.6b,bn,D-lit,D,C,3,C,0,1,0.25232672691345204,0.42801177501678406,0.42801177501678406,0.22871291637420602,0.10838050395250301,0.21128091216087302,0.42801177501678406,0.25232672691345204
4653,lod-lille-0.6b,bn,D-lit,B,A,1,A,0,1,0.0025031892582770003,0.9950478672981261,0.9950478672981261,0.922570407390594,0.9950478672981261,0.0025031892582770003,0.001170869451016,0.00127807422541
4655,lod-lille-0.6b,bn,D-lit,B,C,1,C,0,1,0.002680923556908,0.991775870323181,0.991775870323181,0.8924239873886101,0.0035645444877440004,0.002680923556908,0.991775870323181,0.001978558255359
4664,lod-lille-0.6b,bn,D-lit,D,B,3,A,0,0,0.24326874315738603,0.15521334111690502,0.43535602092742903,0.165389940142631,0.43535602092742903,0.15521334111690502,0.16616190969944,0.24326874315738603
4666,lod-lille-0.6b,bn,D-lit,A,B,0,B,0,1,0.09044134616851801,0.6954574584960931,0.6954574584960931,0.426627248525619,0.09044134616851801,0.6954574584960931,0.05717122554779001,0.15692992508411402
4671,lod-lille-0.6b,bn,D-lit,A,D,0,D,0,1,0.010207770392298001,0.9741163849830621,0.9741163849830621,0.823512971401214,0.010207770392298001,0.0077515849843620005,0.007924302481114,0.9741163849830621
4674,lod-lille-0.6b,bn,D-lit,C,D,2,D,0,1,0.009011203423142001,0.9599468708038331,0.9599468708038331,0.795509278774261,0.011111926287412002,0.01993004605174,0.009011203423142001,0.9599468708038331
4675,lod-lille-0.6b,bn,D-lit,C,D,2,D,0,1,0.013053087517619001,0.9677177667617791,0.9677177667617791,0.820924818515777,0.012690662406384001,0.006538488902151001,0.013053087517619001,0.9677177667617791
4677,lod-lille-0.6b,bn,D-lit,D,C,3,C,0,1,0.033013474196195006,0.8105920553207391,0.8105920553207391,0.550213992595672,0.09841134399175601,0.057983141392469004,0.8105920553207391,0.033013474196195006
4681,lod-lille-0.6b,bn,D-lit,C,B,2,B,0,1,0.0058630881831040005,0.980606138706207,0.980606138706207,0.8710632324218751,0.006164542865008,0.980606138706207,0.0058630881831040005,0.007366117089986001
4684,lod-lille-0.6b,bn,D-lit,C,D,2,D,0,1,0.32461300492286604,0.5819599628448481,0.5819599628448481,0.38827437162399203,0.038076262921094006,0.055350750684738007,0.32461300492286604,0.5819599628448481
4686,lod-lille-0.6b,bn,D-lit,C,B,2,B,0,1,0.026730276644229,0.9436839818954461,0.9436839818954461,0.7907773256301881,0.015198814682662001,0.9436839818954461,0.026730276644229,0.014386910013854
4687,lod-lille-0.6b,bn,D-lit,C,B,2,B,0,1,0.089249961078166,0.7382593750953671,0.7382593750953671,0.45892381668090804,0.077506281435489,0.7382593750953671,0.089249961078166,0.094984412193298
4692,lod-lille-0.6b,bn,D-lit,A,B,0,B,0,1,0.095150955021381,0.823418974876403,0.823418974876403,0.6389860510826111,0.095150955021381,0.823418974876403,0.042288418859243004,0.039141681045293
4701,lod-lille-0.6b,bn,D-lit,C,D,2,A,0,0,0.21112778782844502,0.304051846265792,0.354909121990203,0.24318787455558702,0.354909121990203,0.129911199212074,0.21112778782844502,0.304051846265792
4704,lod-lille-0.6b,bn,D-lit,A,D,0,D,0,1,0.029396800324320002,0.9440265893936151,0.9440265893936151,0.7786517143249511,0.029396800324320002,0.013345329090952,0.013231282122433002,0.9440265893936151
4709,lod-lille-0.6b,bn,D-lit,A,C,0,C,0,1,0.100997522473335,0.83528709411621,0.83528709411621,0.5646818876266481,0.100997522473335,0.020598400384187,0.83528709411621,0.04311703145503901
4711,lod-lille-0.6b,bn,D-lit,B,A,1,D,0,0,0.19951780140399902,0.26038628816604603,0.295986741781234,0.15792654454708102,0.26038628816604603,0.19951780140399902,0.244109168648719,0.295986741781234
4720,lod-lille-0.6b,bn,D-lit,B,A,1,A,0,1,0.044672530144453,0.8978364467620851,0.8978364467620851,0.7303918004035951,0.8978364467620851,0.044672530144453,0.02955687791109,0.027934147045016
4721,lod-lille-0.6b,bn,D-lit,B,C,1,C,0,1,0.008493331260979,0.9688447713851921,0.9688447713851921,0.8468434810638421,0.010946703143417,0.008493331260979,0.9688447713851921,0.011715148575603001
4723,lod-lille-0.6b,bn,D-lit,A,B,0,C,0,0,0.29930034279823303,0.12033841013908302,0.32129913568496704,0.14203813672065702,0.29930034279823303,0.12033841013908302,0.32129913568496704,0.259062141180038
4727,lod-lille-0.6b,bn,D-lit,A,C,0,C,0,1,0.04439003765583,0.9172063469886781,0.9172063469886781,0.687610149383544,0.04439003765583,0.01825176179409,0.9172063469886781,0.020151855424046003
4728,lod-lille-0.6b,bn,D-lit,A,D,0,D,0,1,0.10800290852785101,0.791361391544342,0.791361391544342,0.557858288288116,0.10800290852785101,0.048923894762992005,0.05171186104416801,0.791361391544342
4729,lod-lille-0.6b,bn,D-lit,B,D,1,D,0,1,0.023300666362047,0.9288995862007141,0.9288995862007141,0.764042913913726,0.024284735321998003,0.023300666362047,0.023515047505497003,0.9288995862007141
4739,lod-lille-0.6b,bn,D-lit,B,A,1,A,0,1,0.076415576040744,0.855456471443176,0.855456471443176,0.5255131721496581,0.855456471443176,0.076415576040744,0.032578419893980005,0.035549551248550006
4740,lod-lille-0.6b,bn,D-lit,C,B,2,B,0,1,0.024094285443425,0.969334483146667,0.969334483146667,0.800203502178192,0.004375474527478,0.969334483146667,0.024094285443425,0.0021957438439130002
4741,lod-lille-0.6b,bn,D-lit,B,A,1,A,0,1,0.068148873746395,0.894061565399169,0.894061565399169,0.717062413692474,0.894061565399169,0.068148873746395,0.018972227349877,0.018817199394106
4743,lod-lille-0.6b,bn,D-lit,D,B,3,B,0,1,0.08687502145767201,0.850909829139709,0.850909829139709,0.6413356065750121,0.026194723322987,0.850909829139709,0.036020357161760004,0.08687502145767201
4744,lod-lille-0.6b,bn,D-lit,D,A,3,A,0,1,0.271754443645477,0.696990609169006,0.696990609169006,0.5304294824600221,0.696990609169006,0.021860601380467002,0.009394367225468,0.271754443645477
4751,lod-lille-0.6b,bn,D-lit,C,D,2,D,0,1,0.08629360795021,0.869836449623107,0.869836449623107,0.6647035479545591,0.022134218364953002,0.021735755726695002,0.08629360795021,0.869836449623107
4753,lod-lille-0.6b,bn,D-lit,A,C,0,C,0,1,0.028816148638725003,0.951628386974334,0.951628386974334,0.7748804092407221,0.028816148638725003,0.011199851520359001,0.951628386974334,0.00835567805916
4754,lod-lille-0.6b,bn,D-lit,A,D,0,D,0,1,0.140612557530403,0.6675952672958371,0.6675952672958371,0.361678540706634,0.140612557530403,0.131274506449699,0.06051767989993,0.6675952672958371
4763,lod-lille-0.6b,bn,D-lit,A,B,0,B,0,1,0.022356761619448003,0.689243972301483,0.689243972301483,0.480602651834487,0.022356761619448003,0.689243972301483,0.015760660171508,0.272638589143753
4765,lod-lille-0.6b,bn,D-lit,C,B,2,B,0,1,0.10590645670890801,0.6552579998970031,0.6552579998970031,0.44892254471778803,0.092532627284526,0.6552579998970031,0.10590645670890801,0.14630286395549702
4767,lod-lille-0.6b,bn,D-lit,A,B,0,B,0,1,0.121493823826313,0.6774100065231321,0.6774100065231321,0.5516839623451231,0.121493823826313,0.6774100065231321,0.058782175183296,0.142313912510871
4770,lod-lille-0.6b,bn,D-lit,C,A,2,A,0,1,0.053341131657361006,0.8845611214637751,0.8845611214637751,0.722544908523559,0.8845611214637751,0.017252977937459002,0.053341131657361006,0.044844802469015003
4784,lod-lille-0.6b,bn,D-lit,C,B,2,B,0,1,0.140003412961959,0.5671316981315611,0.5671316981315611,0.431400030851364,0.171940118074417,0.5671316981315611,0.140003412961959,0.120924808084964
4787,lod-lille-0.6b,bn,D-lit,A,D,0,D,0,1,0.16143399477005002,0.6209006309509271,0.6209006309509271,0.43969616293907104,0.16143399477005002,0.14170387387275601,0.07596147805452301,0.6209006309509271
4792,lod-lille-0.6b,bn,D-lit,B,D,1,D,0,1,0.048038430511951,0.81175023317337,0.81175023317337,0.6707943081855771,0.07003938406705801,0.048038430511951,0.070171996951103,0.81175023317337
4812,lod-lille-0.6b,bn,D-lit,D,C,3,C,0,1,0.30330759286880404,0.586256206035614,0.586256206035614,0.41865128278732305,0.041432421654462,0.06900382041931101,0.586256206035614,0.30330759286880404
4813,lod-lille-0.6b,bn,D-lit,A,B,0,B,0,1,0.0050449855625620006,0.9882426857948301,0.9882426857948301,0.868335485458374,0.0050449855625620006,0.9882426857948301,0.002793624531477,0.003918758593499
4816,lod-lille-0.6b,bn,D-lit,C,A,2,A,0,1,0.244858920574188,0.44245445728302,0.44245445728302,0.282884001731872,0.44245445728302,0.182097420096397,0.244858920574188,0.13058915734291002
4817,lod-lille-0.6b,bn,D-lit,B,C,1,C,0,1,0.012081477791070001,0.972988307476043,0.972988307476043,0.8625667095184321,0.0075119761750100005,0.012081477791070001,0.972988307476043,0.00741828745231
4821,lod-lille-0.6b,bn,D-lit,C,B,2,C,1,0,0.536149144172668,0.39124917984008706,0.536149144172668,0.39129233360290505,0.049226097762584006,0.39124917984008706,0.536149144172668,0.023375548422336002
4825,lod-lille-0.6b,bn,D-lit,C,D,2,D,0,1,0.003148589748889,0.9846473932266231,0.9846473932266231,0.8885776996612541,0.004821931943297,0.007382059935480001,0.003148589748889,0.9846473932266231
4830,lod-lille-0.6b,bn,D-lit,A,B,0,B,0,1,0.0043455003760750005,0.988654613494873,0.988654613494873,0.8584081530570981,0.0043455003760750005,0.988654613494873,0.005483489017933001,0.001516342512331
4838,lod-lille-0.6b,bn,D-lit,A,C,0,C,0,1,0.00851631257683,0.9678846597671501,0.9678846597671501,0.84708422422409,0.00851631257683,0.009711822494864,0.9678846597671501,0.013887286186218002
4839,lod-lille-0.6b,bn,D-lit,B,D,1,D,0,1,0.024138368666172003,0.9119626283645631,0.9119626283645631,0.700188934803009,0.021126784384250002,0.024138368666172003,0.042772185057401005,0.9119626283645631
4840,lod-lille-0.6b,bn,D-lit,C,A,2,A,0,1,0.07468701153993601,0.84864866733551,0.84864866733551,0.699297845363616,0.84864866733551,0.028301734477281,0.07468701153993601,0.048362579196691007
4841,lod-lille-0.6b,bn,D-lit,B,D,1,D,0,1,0.012875414453446001,0.9502866864204401,0.9502866864204401,0.7981190085411071,0.023793840780854003,0.012875414453446001,0.013044043444097,0.9502866864204401
4844,lod-lille-0.6b,bn,D-lit,A,C,0,C,0,1,0.07384392619132901,0.8822327852249141,0.8822327852249141,0.7339990735054011,0.07384392619132901,0.032216012477874,0.8822327852249141,0.011707285419106001
4846,lod-lille-0.6b,bn,D-lit,D,B,3,B,0,1,0.020136153325438,0.8255564570426941,0.8255564570426941,0.573099672794342,0.09594777226448001,0.8255564570426941,0.058359611779451,0.020136153325438
4852,lod-lille-0.6b,bn,D-lit,B,A,1,A,0,1,0.013761517591774,0.9686583876609801,0.9686583876609801,0.8308977484703061,0.9686583876609801,0.013761517591774,0.007865251041948,0.009714882820844001
4857,lod-lille-0.6b,bn,D-lit,A,B,0,B,0,1,0.015054133720695001,0.9592091441154481,0.9592091441154481,0.800778269767761,0.015054133720695001,0.9592091441154481,0.010397082194685001,0.015339742414653001
4865,lod-lille-0.6b,bn,D-lit,A,C,0,D,0,0,0.250618755817413,0.19416905939579002,0.310807019472122,0.18207088112831102,0.250618755817413,0.24440519511699602,0.19416905939579002,0.310807019472122
4868,lod-lille-0.6b,bn,D-lit,D,B,3,B,0,1,0.116147756576538,0.528478682041168,0.528478682041168,0.268314182758331,0.22755464911460802,0.528478682041168,0.12781892716884602,0.116147756576538
4869,lod-lille-0.6b,bn,D-lit,A,D,0,D,0,1,0.06538407504558501,0.863219678401947,0.863219678401947,0.690053820610046,0.06538407504558501,0.049688998609781,0.021707279607653,0.863219678401947
4872,lod-lille-0.6b,bn,D-lit,A,B,0,B,0,1,0.08967398107051801,0.8203854560852051,0.8203854560852051,0.591432332992553,0.08967398107051801,0.8203854560852051,0.055396609008312,0.034544005990028
4879,lod-lille-0.6b,bn,D-lit,C,D,2,D,0,1,0.09402757138013801,0.827155709266662,0.827155709266662,0.58285242319107,0.054134234786033006,0.024682382121682,0.09402757138013801,0.827155709266662
4883,lod-lille-0.6b,bn,D-lit,D,C,3,B,0,0,0.061384405940771006,0.191172361373901,0.590343296527862,0.320938140153884,0.15709988772869102,0.590343296527862,0.191172361373901,0.061384405940771006
4885,lod-lille-0.6b,bn,D-lit,D,A,3,A,0,1,0.10268308222293801,0.590672016143798,0.590672016143798,0.30697262287139804,0.590672016143798,0.24199624359607602,0.064648605883121,0.10268308222293801
4886,lod-lille-0.6b,bn,D-lit,B,D,1,B,1,0,0.39210566878318703,0.174047067761421,0.39210566878318703,0.24671725928783403,0.13689722120761802,0.39210566878318703,0.29695004224777205,0.174047067761421
4888,lod-lille-0.6b,bn,D-lit,D,B,3,B,0,1,0.187755122780799,0.326950848102569,0.326950848102569,0.23388704657554601,0.234449639916419,0.326950848102569,0.250844419002532,0.187755122780799
4890,lod-lille-0.6b,bn,D-lit,D,B,3,B,0,1,0.422777503728866,0.49092441797256403,0.49092441797256403,0.27738532423973,0.05518307164311401,0.49092441797256403,0.031115038320422003,0.422777503728866
4892,lod-lille-0.6b,bn,D-lit,B,D,1,D,0,1,0.07146538794040601,0.818580389022827,0.818580389022827,0.663809120655059,0.067062377929687,0.07146538794040601,0.042891770601272,0.818580389022827
4893,lod-lille-0.6b,bn,D-lit,B,D,1,D,0,1,0.03770637139678,0.939815521240234,0.939815521240234,0.7633947730064391,0.013616241514682001,0.03770637139678,0.008861858397722001,0.939815521240234
4897,lod-lille-0.6b,bn,D-lit,A,C,0,C,0,1,0.014351332560181002,0.96608567237854,0.96608567237854,0.8499624729156491,0.014351332560181002,0.009153687395155001,0.96608567237854,0.010409290902316001
4898,lod-lille-0.6b,bn,D-lit,C,A,2,A,0,1,0.014689333736896001,0.9730562567710871,0.9730562567710871,0.8334932923316951,0.9730562567710871,0.007955422624945,0.014689333736896001,0.004298960790038
4902,lod-lille-0.6b,bn,D-lit,B,D,1,D,0,1,0.009093207307159,0.95396202802658,0.95396202802658,0.871614158153533,0.024976959452033,0.009093207307159,0.011967761442065001,0.95396202802658
4903,lod-lille-0.6b,bn,D-lit,C,B,2,B,0,1,0.024582235142588,0.934929907321929,0.934929907321929,0.7590450644493101,0.012342904694378001,0.934929907321929,0.024582235142588,0.028144994750618
4905,lod-lille-0.6b,bn,D-lit,D,B,3,B,0,1,0.07543754577636701,0.7825179696083061,0.7825179696083061,0.602804660797119,0.07362592220306301,0.7825179696083061,0.06841854006052,0.07543754577636701
4906,lod-lille-0.6b,bn,D-lit,A,C,0,C,0,1,0.013529378920793,0.941765964031219,0.941765964031219,0.745818972587585,0.013529378920793,0.017975686118006002,0.941765964031219,0.026729021221399002
4907,lod-lille-0.6b,bn,D-lit,C,D,2,D,0,1,0.022528767585754002,0.913969635963439,0.913969635963439,0.767480671405792,0.040844798088073,0.022656794637441,0.022528767585754002,0.913969635963439
4909,lod-lille-0.6b,bn,D-lit,D,B,3,B,0,1,0.007262581493705,0.979185760021209,0.979185760021209,0.8139652013778681,0.006397691555321001,0.979185760021209,0.0071539110504090005,0.007262581493705
4910,lod-lille-0.6b,bn,D-lit,C,B,2,B,0,1,0.014297328889369002,0.972153007984161,0.972153007984161,0.817027449607849,0.00697528803721,0.972153007984161,0.014297328889369002,0.006574406754225001
4911,lod-lille-0.6b,bn,D-lit,B,A,1,A,0,1,0.005973734892904,0.968859791755676,0.968859791755676,0.813936829566955,0.968859791755676,0.005973734892904,0.013350513763725001,0.011815926991403
4916,lod-lille-0.6b,bn,D-lit,D,C,3,C,0,1,0.026719460263848003,0.9353089332580561,0.9353089332580561,0.810693502426147,0.01790071837604,0.020070901140570002,0.9353089332580561,0.026719460263848003
4917,lod-lille-0.6b,bn,D-lit,C,B,2,B,0,1,0.061432961374521006,0.9254231452941891,0.9254231452941891,0.806362748146057,0.007990825921297,0.9254231452941891,0.061432961374521006,0.005153158213943
4919,lod-lille-0.6b,bn,D-lit,A,B,0,B,0,1,0.197499305009841,0.6265459656715391,0.6265459656715391,0.425529986619949,0.197499305009841,0.6265459656715391,0.07845424115657801,0.09750048071146
4925,lod-lille-0.6b,bn,D-lit,C,B,2,B,0,1,0.0033869945909820003,0.9854296445846551,0.9854296445846551,0.884099006652832,0.005305755417793,0.9854296445846551,0.0033869945909820003,0.005877597257494
4928,lod-lille-0.6b,bn,D-lit,B,D,1,D,0,1,0.283427685499191,0.36327576637268005,0.36327576637268005,0.190868496894836,0.192352280020713,0.283427685499191,0.16094426810741402,0.36327576637268005
4932,lod-lille-0.6b,bn,D-lit,D,C,3,A,0,0,0.164151921868324,0.209371164441108,0.45145308971405,0.23429334163665702,0.45145308971405,0.175023823976516,0.209371164441108,0.164151921868324
4947,lod-lille-0.6b,bn,D-lit,B,A,1,A,0,1,0.36379057168960505,0.6152883768081661,0.6152883768081661,0.487896531820297,0.6152883768081661,0.36379057168960505,0.012119172140955,0.00880188960582
4953,lod-lille-0.6b,bn,D-lit,D,B,3,C,0,0,0.19010189175605702,0.177421540021896,0.337327122688293,0.188235104084014,0.295149385929107,0.177421540021896,0.337327122688293,0.19010189175605702
4960,lod-lille-0.6b,bn,D-lit,A,B,0,C,0,0,0.14836210012435902,0.357730627059936,0.36060431599617004,0.14661580324172901,0.14836210012435902,0.357730627059936,0.36060431599617004,0.13330291211605
4965,lod-lille-0.6b,bn,D-lit,D,C,3,C,0,1,0.09585216641426,0.753816366195678,0.753816366195678,0.5033687949180601,0.08568921685218801,0.06464230269193601,0.753816366195678,0.09585216641426
4966,lod-lille-0.6b,bn,D-lit,C,A,2,A,0,1,0.185897082090377,0.563994944095611,0.563994944095611,0.36038070917129505,0.563994944095611,0.121849976480007,0.185897082090377,0.12825803458690602
4969,lod-lille-0.6b,bn,D-lit,A,D,0,A,1,0,0.366493374109268,0.207309171557426,0.366493374109268,0.288850337266922,0.366493374109268,0.186924830079078,0.23927256464958102,0.207309171557426
4970,lod-lille-0.6b,bn,D-lit,B,A,1,B,1,0,0.39383822679519603,0.292181819677352,0.39383822679519603,0.240307614207267,0.292181819677352,0.39383822679519603,0.274487733840942,0.039492234587669005
4972,lod-lille-0.6b,bn,D-lit,D,A,3,A,0,1,0.038876373320817004,0.8396576642990111,0.8396576642990111,0.683080434799194,0.8396576642990111,0.08693257719278301,0.034533370286226,0.038876373320817004
4982,lod-lille-0.6b,bn,D-lit,D,C,3,C,0,1,0.004984061233699,0.9737941026687621,0.9737941026687621,0.8605847954750061,0.006977754179388,0.014244035817682,0.9737941026687621,0.004984061233699
4983,lod-lille-0.6b,bn,D-lit,B,A,1,A,0,1,0.21515727043151803,0.39929202198982205,0.39929202198982205,0.319298416376113,0.39929202198982205,0.21515727043151803,0.10856185853481201,0.27698880434036205
4996,lod-lille-0.6b,bn,D-lit,B,C,1,C,0,1,0.14752703905105502,0.6482390165328981,0.6482390165328981,0.397769629955291,0.100678458809852,0.14752703905105502,0.6482390165328981,0.103555455803871
4998,lod-lille-0.6b,bn,D-lit,A,B,0,B,0,1,0.168934866786003,0.82084971666336,0.82084971666336,0.616950392723083,0.168934866786003,0.82084971666336,0.004728677682578001,0.005486685782670001
5007,lod-lille-0.6b,bn,D-lit,B,C,1,D,0,0,0.135253831744194,0.30347713828086803,0.332810521125793,0.179243475198745,0.228458449244499,0.135253831744194,0.30347713828086803,0.332810521125793
5008,lod-lille-0.6b,bn,D-lit,B,D,1,D,0,1,0.006275425199419001,0.991717517375946,0.991717517375946,0.9087978601455681,0.00103529903572,0.006275425199419001,0.000971725559793,0.991717517375946
5018,lod-lille-0.6b,bn,D-lit,B,C,1,C,0,1,0.228699892759323,0.283877164125442,0.283877164125442,0.162061944603919,0.266182392835617,0.228699892759323,0.283877164125442,0.221240565180778
5027,lod-lille-0.6b,bn,D-lit,C,D,2,D,0,1,0.10095215588808001,0.723900973796844,0.723900973796844,0.6101552844047541,0.10584847629070201,0.069298364222049,0.10095215588808001,0.723900973796844
5038,lod-lille-0.6b,bn,D-lit,A,D,0,C,0,0,0.279166132211685,0.227452218532562,0.308242619037628,0.17012809216976102,0.279166132211685,0.18513906002044603,0.308242619037628,0.227452218532562
5040,lod-lille-0.6b,bn,D-lit,B,D,1,D,0,1,0.221213981509208,0.5941730141639711,0.5941730141639711,0.36628359556198103,0.09363777935504901,0.221213981509208,0.090975269675254,0.5941730141639711
5045,lod-lille-0.6b,bn,D-lit,B,D,1,D,0,1,0.024132929742336003,0.9446795582771301,0.9446795582771301,0.833467185497283,0.016302250325679002,0.024132929742336003,0.014885187149047002,0.9446795582771301
5046,lod-lille-0.6b,bn,D-lit,A,D,0,D,0,1,0.046096529811620005,0.869572460651397,0.869572460651397,0.616934537887573,0.046096529811620005,0.041598014533519,0.042732927948236,0.869572460651397
5051,lod-lille-0.6b,bn,D-lit,D,A,3,A,0,1,0.07082549482584,0.808179259300231,0.808179259300231,0.5965304374694821,0.808179259300231,0.061710577458143005,0.059284634888172004,0.07082549482584
5053,lod-lille-0.6b,bn,D-lit,C,B,2,B,0,1,0.015043061226606001,0.9609732031822201,0.9609732031822201,0.863313376903533,0.01197537407279,0.9609732031822201,0.015043061226606001,0.012008351273834001
5054,lod-lille-0.6b,bn,D-lit,D,B,3,B,0,1,0.019619137048721,0.9551844000816341,0.9551844000816341,0.8780853748321531,0.016607269644737,0.9551844000816341,0.008589194156229,0.019619137048721
5055,lod-lille-0.6b,bn,D-lit,C,A,2,A,0,1,0.026318801566958,0.8826651573181151,0.8826651573181151,0.7368731498718261,0.8826651573181151,0.047751728445291006,0.026318801566958,0.043264269828796005
5056,lod-lille-0.6b,bn,D-lit,B,C,1,C,0,1,0.211977675557136,0.693886339664459,0.693886339664459,0.5134979486465451,0.047191053628921,0.211977675557136,0.693886339664459,0.046944916248321006
5058,lod-lille-0.6b,bn,D-lit,C,D,2,D,0,1,0.012634526006877,0.9495430588722221,0.9495430588722221,0.754843115806579,0.009165552444756002,0.028656829148530003,0.012634526006877,0.9495430588722221
5063,lod-lille-0.6b,bn,D-lit,D,B,3,B,0,1,0.17864023149013503,0.665507018566131,0.665507018566131,0.45984357595443703,0.07506462186574901,0.665507018566131,0.08078814297914501,0.17864023149013503
5064,lod-lille-0.6b,bn,D-lit,A,C,0,C,0,1,0.19772692024707703,0.62262737751007,0.62262737751007,0.35884490609169,0.19772692024707703,0.12131056189537001,0.62262737751007,0.058335192501544
5075,lod-lille-0.6b,bn,D-lit,B,D,1,D,0,1,0.05167492851614901,0.8243824839591981,0.8243824839591981,0.616932272911071,0.06646536290645601,0.05167492851614901,0.057477194815874,0.8243824839591981
5078,lod-lille-0.6b,bn,D-lit,D,A,3,A,0,1,0.337047189474105,0.375134110450744,0.375134110450744,0.212735682725906,0.375134110450744,0.139827460050582,0.147991225123405,0.337047189474105
5084,lod-lille-0.6b,bn,D-lit,D,A,3,A,0,1,0.024165231734514,0.88289201259613,0.88289201259613,0.6510958075523371,0.88289201259613,0.029070954769849004,0.06387173384428001,0.024165231734514
5085,lod-lille-0.6b,bn,D-lit,D,B,3,B,0,1,0.046370301395654005,0.694543361663818,0.694543361663818,0.5042758584022521,0.08034564554691301,0.694543361663818,0.178740635514259,0.046370301395654005
5086,lod-lille-0.6b,bn,D-lit,C,B,2,B,0,1,0.07797602564096401,0.8079583048820491,0.8079583048820491,0.7683551311492921,0.033064447343349006,0.8079583048820491,0.07797602564096401,0.081001207232475
5087,lod-lille-0.6b,bn,D-lit,B,C,1,C,0,1,0.126493111252784,0.6769505143165581,0.6769505143165581,0.47309210896492004,0.08431328833103101,0.126493111252784,0.6769505143165581,0.11224310845136601
5090,lod-lille-0.6b,bn,D-lit,A,C,0,C,0,1,0.013194052502512,0.9541966319084161,0.9541966319084161,0.7796727418899531,0.013194052502512,0.011392585933208,0.9541966319084161,0.021216627210378
5091,lod-lille-0.6b,bn,D-lit,A,D,0,D,0,1,0.13326434791088101,0.5015991330146791,0.5015991330146791,0.329905956983566,0.13326434791088101,0.134973362088203,0.23016314208507502,0.5015991330146791
5092,lod-lille-0.6b,bn,D-lit,A,C,0,C,0,1,0.017840290442109,0.953098714351654,0.953098714351654,0.769008517265319,0.017840290442109,0.013086024671792,0.953098714351654,0.015974944457411003
5094,lod-lille-0.6b,bn,D-lit,C,A,2,A,0,1,0.047727193683385,0.8750701546669001,0.8750701546669001,0.7732383012771601,0.8750701546669001,0.030489157885313003,0.047727193683385,0.046713441610336005
5096,lod-lille-0.6b,bn,D-lit,C,B,2,B,0,1,0.03695536404848,0.9059619307518001,0.9059619307518001,0.779490292072296,0.033881545066833,0.9059619307518001,0.03695536404848,0.023201106116175003
5097,lod-lille-0.6b,bn,D-lit,A,B,0,B,0,1,0.001752005773596,0.9764195680618281,0.9764195680618281,0.8838676214218141,0.001752005773596,0.9764195680618281,0.017704438418149,0.004123967606574
5098,lod-lille-0.6b,bn,D-lit,D,B,3,B,0,1,0.0037177568301550003,0.9905597567558281,0.9905597567558281,0.880222916603088,0.003213886870071,0.9905597567558281,0.0025085383094840003,0.0037177568301550003
5099,lod-lille-0.6b,bn,D-lit,C,A,2,A,0,1,0.203212216496467,0.639500319957733,0.639500319957733,0.350198775529861,0.639500319957733,0.08464545011520301,0.203212216496467,0.072642110288143
5100,lod-lille-0.6b,bn,D-lit,D,B,3,B,0,1,0.120965674519538,0.7200044393539421,0.7200044393539421,0.472597301006317,0.08993753045797301,0.7200044393539421,0.069092340767383,0.120965674519538
5101,lod-lille-0.6b,bn,D-lit,C,D,2,D,0,1,0.14282326400280002,0.409660726785659,0.409660726785659,0.22565278410911502,0.269342601299285,0.178173378109931,0.14282326400280002,0.409660726785659
5106,lod-lille-0.6b,bn,D-lit,C,B,2,B,0,1,0.254003196954727,0.269437670707702,0.269437670707702,0.206111267209053,0.230796515941619,0.269437670707702,0.254003196954727,0.245762586593627
5110,lod-lille-0.6b,bn,D-lit,A,B,0,B,0,1,0.024556349962949003,0.925456225872039,0.925456225872039,0.7322617769241331,0.024556349962949003,0.925456225872039,0.024492008611559,0.025495368987321004
5112,lod-lille-0.6b,bn,D-lit,D,C,3,C,0,1,0.153615832328796,0.307116150856018,0.307116150856018,0.13992595672607402,0.25494980812072704,0.284318208694458,0.307116150856018,0.153615832328796
5121,lod-lille-0.6b,bn,D-lit,A,C,0,A,1,0,0.311339646577835,0.125287741422653,0.311339646577835,0.148262545466423,0.311339646577835,0.253959745168685,0.125287741422653,0.30941286683082503
5123,lod-lille-0.6b,bn,D-lit,C,D,2,D,0,1,0.002050155540928,0.9945841431617731,0.9945841431617731,0.923902213573455,0.001546656829304,0.0018190203700210001,0.002050155540928,0.9945841431617731
5125,lod-lille-0.6b,bn,D-lit,B,D,1,A,0,0,0.13736081123352,0.14816103875637002,0.460516840219497,0.206131339073181,0.460516840219497,0.13736081123352,0.253961354494094,0.14816103875637002
5126,lod-lille-0.6b,bn,D-lit,A,C,0,C,0,1,0.019358966499567,0.9593419432640071,0.9593419432640071,0.8182514905929561,0.019358966499567,0.010763016529381001,0.9593419432640071,0.010536113753914
5133,lod-lille-0.6b,bn,D-lit,A,B,0,B,0,1,0.031139465048909003,0.9565648436546321,0.9565648436546321,0.83483201265335,0.031139465048909003,0.9565648436546321,0.0043070856481790005,0.007988575845956001
5135,lod-lille-0.6b,bn,D-lit,A,C,0,C,0,1,0.134117484092712,0.840111792087554,0.840111792087554,0.699817597866058,0.134117484092712,0.015282016247510001,0.840111792087554,0.010488626547157001
5136,lod-lille-0.6b,bn,D-lit,D,B,3,C,0,0,0.161591753363609,0.186939433217048,0.42662391066551203,0.216489419341087,0.224844917654991,0.186939433217048,0.42662391066551203,0.161591753363609
5139,lod-lille-0.6b,bn,D-lit,C,B,2,B,0,1,0.022553211078047003,0.938509285449981,0.938509285449981,0.8051512241363521,0.018113812431693,0.938509285449981,0.022553211078047003,0.020823681727051003
5140,lod-lille-0.6b,bn,D-lit,A,D,0,D,0,1,0.15212006866931901,0.588305830955505,0.588305830955505,0.37286689877510004,0.15212006866931901,0.12428070604801102,0.135293364524841,0.588305830955505
5141,lod-lille-0.6b,bn,D-lit,D,A,3,A,0,1,0.13777805864810902,0.45193383097648604,0.45193383097648604,0.19960539042949602,0.45193383097648604,0.29417866468429504,0.11610937863588301,0.13777805864810902
5143,lod-lille-0.6b,bn,D-lit,B,A,1,A,0,1,0.048868134617805,0.8501481413841241,0.8501481413841241,0.7257003784179681,0.8501481413841241,0.048868134617805,0.056632414460182,0.044351365417242
5144,lod-lille-0.6b,bn,D-lit,D,B,3,B,0,1,0.017064997926354002,0.9669917225837701,0.9669917225837701,0.798985302448272,0.008425399661064,0.9669917225837701,0.007517828606069,0.017064997926354002
5145,lod-lille-0.6b,bn,D-lit,B,D,1,D,0,1,0.040255010128021004,0.9003608226776121,0.9003608226776121,0.7701367139816281,0.032252479344606004,0.040255010128021004,0.027131667360663,0.9003608226776121
5146,lod-lille-0.6b,bn,D-lit,A,D,0,D,0,1,0.010542907752096,0.9658984541893001,0.9658984541893001,0.8220632672309871,0.010542907752096,0.017205115407705,0.006353592034429,0.9658984541893001
5148,lod-lille-0.6b,bn,D-lit,C,B,2,B,0,1,0.008373760618269001,0.9655629396438591,0.9655629396438591,0.83339500427246,0.015655288472771003,0.9655629396438591,0.008373760618269001,0.010408063419163002
5149,lod-lille-0.6b,bn,D-lit,C,B,2,B,0,1,0.026251325383782,0.9387012720108031,0.9387012720108031,0.753519356250762,0.017563654109835,0.9387012720108031,0.026251325383782,0.017483731731772003
5151,lod-lille-0.6b,bn,D-lit,B,D,1,D,0,1,0.027854481711983,0.9330091476440431,0.9330091476440431,0.7732581496238701,0.015452391467988002,0.027854481711983,0.023684008046984003,0.9330091476440431
5152,lod-lille-0.6b,bn,D-lit,D,C,3,C,0,1,0.045974377542734,0.8839727640151971,0.8839727640151971,0.7398825287818901,0.032879885286092,0.037173055112361006,0.8839727640151971,0.045974377542734
5156,lod-lille-0.6b,bn,D-lit,A,D,0,D,0,1,0.131991147994995,0.43539592623710605,0.43539592623710605,0.197995841503143,0.131991147994995,0.283324867486953,0.14928802847862202,0.43539592623710605
5158,lod-lille-0.6b,bn,D-lit,D,A,3,A,0,1,0.036738999187946,0.908837258815765,0.908837258815765,0.7176331877708431,0.908837258815765,0.025853928178548,0.028569808229804,0.036738999187946
5160,lod-lille-0.6b,bn,D-lit,B,A,1,A,0,1,0.14357219636440202,0.7810568809509271,0.7810568809509271,0.5992830395698541,0.7810568809509271,0.14357219636440202,0.050109598785638004,0.025261301547288003
5163,lod-lille-0.6b,bn,D-lit,D,C,3,C,0,1,0.070053063333034,0.8564422726631161,0.8564422726631161,0.632698655128479,0.042658239603042006,0.030846478417515002,0.8564422726631161,0.070053063333034
5170,lod-lille-0.6b,bn,D-lit,B,A,1,A,0,1,0.014307290315628001,0.9473769664764401,0.9473769664764401,0.7894046902656551,0.9473769664764401,0.014307290315628001,0.016774114221334003,0.021541696041822003
5179,lod-lille-0.6b,bn,D-lit,C,D,2,D,0,1,0.060389902442693,0.9194197058677671,0.9194197058677671,0.7730919122695921,0.013116118498146001,0.007074218709021001,0.060389902442693,0.9194197058677671
5188,lod-lille-0.6b,bn,D-lit,D,C,3,C,0,1,0.09367549419403001,0.6701217889785761,0.6701217889785761,0.39823400974273604,0.080369085073471,0.15583361685276,0.6701217889785761,0.09367549419403001
5189,lod-lille-0.6b,bn,D-lit,C,D,2,D,0,1,0.065124556422233,0.8208927512168881,0.8208927512168881,0.6363255977630611,0.05484614148736,0.059136539697647005,0.065124556422233,0.8208927512168881
5190,lod-lille-0.6b,bn,D-lit,B,C,1,C,0,1,0.049529165029525,0.790493607521057,0.790493607521057,0.5386277437210081,0.055062666535377,0.049529165029525,0.790493607521057,0.10491460561752301
5192,lod-lille-0.6b,bn,D-lit,B,A,1,A,0,1,0.088153034448623,0.895043551921844,0.895043551921844,0.723443210124969,0.895043551921844,0.088153034448623,0.007327338214963001,0.009476063773036001
5199,lod-lille-0.6b,bn,D-lit,A,C,0,C,0,1,0.318575263023376,0.636445760726928,0.636445760726928,0.520607471466064,0.318575263023376,0.022223314270377003,0.636445760726928,0.022755652666091003
5209,lod-lille-0.6b,bn,D-lit,A,B,0,B,0,1,0.028257301077246003,0.9171478152275081,0.9171478152275081,0.736100554466247,0.028257301077246003,0.9171478152275081,0.015149861574172,0.039445005357265
5215,lod-lille-0.6b,bn,D-lit,D,A,3,A,0,1,0.100730791687965,0.34292221069335904,0.34292221069335904,0.22343100607395103,0.34292221069335904,0.263771563768386,0.29257544875144903,0.100730791687965
5216,lod-lille-0.6b,bn,D-lit,C,A,2,A,0,1,0.021278765052556003,0.915573298931121,0.915573298931121,0.79829466342926,0.915573298931121,0.035352911800146006,0.021278765052556003,0.027794985100626002
5217,lod-lille-0.6b,bn,D-lit,B,D,1,B,1,0,0.580030441284179,0.19024623930454201,0.580030441284179,0.43440243601799006,0.11506027728319101,0.580030441284179,0.114663042128086,0.19024623930454201
5221,lod-lille-0.6b,bn,D-lit,A,D,0,D,0,1,0.038986012339591,0.8793776631355281,0.8793776631355281,0.698183357715606,0.038986012339591,0.033889774233102,0.047746546566486005,0.8793776631355281
5224,lod-lille-0.6b,bn,D-lit,B,D,1,D,0,1,0.10082951933145501,0.7461106181144711,0.7461106181144711,0.5799238085746761,0.101981006562709,0.10082951933145501,0.051078923046588,0.7461106181144711
5228,lod-lille-0.6b,bn,D-lit,A,C,0,C,0,1,0.11917680501937801,0.60588389635086,0.60588389635086,0.420728862285614,0.11917680501937801,0.13813519477844202,0.60588389635086,0.136804044246673
5229,lod-lille-0.6b,bn,D-lit,D,C,3,C,0,1,0.255771338939666,0.6708431243896481,0.6708431243896481,0.549906134605407,0.048440799117088006,0.024944735690951,0.6708431243896481,0.255771338939666
5230,lod-lille-0.6b,bn,D-lit,B,C,1,C,0,1,0.054397363215684,0.8500207066535951,0.8500207066535951,0.6763925552368161,0.0417783819139,0.054397363215684,0.8500207066535951,0.053803455084562
5234,lod-lille-0.6b,bn,D-lit,C,A,2,A,0,1,0.070186577737331,0.9110535979270931,0.9110535979270931,0.6848756670951841,0.9110535979270931,0.004973326809704,0.070186577737331,0.013786475174129
5236,lod-lille-0.6b,bn,D-lit,D,C,3,C,0,1,0.049404647201299,0.761123955249786,0.761123955249786,0.5388585925102231,0.09122596681118,0.098245419561862,0.761123955249786,0.049404647201299
5240,lod-lille-0.6b,bn,D-lit,B,D,1,D,0,1,0.042752999812364,0.900839388370513,0.900839388370513,0.7823331356048581,0.035442076623439005,0.042752999812364,0.020965470001101,0.900839388370513
5248,lod-lille-0.6b,bn,D-lit,B,C,1,C,0,1,0.025659648701548,0.949017643928527,0.949017643928527,0.8186019062995911,0.015344124287366001,0.025659648701548,0.949017643928527,0.009978557936847
5258,lod-lille-0.6b,bn,D-lit,A,B,0,B,0,1,0.030054030939936003,0.9242134690284721,0.9242134690284721,0.8187038302421571,0.030054030939936003,0.9242134690284721,0.019641257822513,0.026091322302818003
5262,lod-lille-0.6b,bn,D-lit,A,B,0,C,0,0,0.16031681001186301,0.186421975493431,0.38725808262825,0.276908218860626,0.16031681001186301,0.186421975493431,0.38725808262825,0.26600307226181
5264,lod-lille-0.6b,bn,D-lit,B,D,1,A,0,0,0.32079553604125904,0.21808512508869102,0.32604435086250305,0.19004502892494202,0.32604435086250305,0.32079553604125904,0.135074943304061,0.21808512508869102
5266,lod-lille-0.6b,bn,D-lit,D,A,3,C,0,0,0.158610120415687,0.22218199074268302,0.35523200035095204,0.19658088684082,0.22218199074268302,0.26397585868835405,0.35523200035095204,0.158610120415687
5271,lod-lille-0.6b,bn,D-lit,B,C,1,C,0,1,0.043750740587711,0.884912133216857,0.884912133216857,0.7512907981872551,0.048095520585775,0.043750740587711,0.884912133216857,0.023241585120558003
5273,lod-lille-0.6b,bn,D-lit,A,D,0,D,0,1,0.156915888190269,0.47079080343246404,0.47079080343246404,0.38971787691116305,0.156915888190269,0.17505036294460202,0.19724290072917902,0.47079080343246404
5286,lod-lille-0.6b,bn,D-lit,B,D,1,D,0,1,0.006748878862708,0.9721287488937371,0.9721287488937371,0.872164189815521,0.012080139480531,0.006748878862708,0.009042236022651001,0.9721287488937371
5287,lod-lille-0.6b,bn,D-lit,C,A,2,A,0,1,0.0032930553425100004,0.9875460267066951,0.9875460267066951,0.8827467560768121,0.9875460267066951,0.006759978830814001,0.0032930553425100004,0.002400907455012
5295,lod-lille-0.6b,bn,D-lit,B,A,1,A,0,1,0.036932572722435004,0.9010153412818901,0.9010153412818901,0.799318373203277,0.9010153412818901,0.036932572722435004,0.026662919670343004,0.035389244556427
5296,lod-lille-0.6b,bn,D-lit,D,C,3,D,1,0,0.6327971220016481,0.28170567750930703,0.6327971220016481,0.378909945487976,0.030627343803644003,0.05486986041069,0.28170567750930703,0.6327971220016481
5299,lod-lille-0.6b,bn,D-lit,C,D,2,D,0,1,0.11259151250123901,0.65843254327774,0.65843254327774,0.534686386585235,0.08528320491313901,0.143692716956138,0.11259151250123901,0.65843254327774
5301,lod-lille-0.6b,bn,D-lit,B,D,1,D,0,1,0.11366342008113801,0.869772672653198,0.869772672653198,0.691489517688751,0.005690351128578,0.11366342008113801,0.010873547755181,0.869772672653198
5302,lod-lille-0.6b,bn,D-lit,B,D,1,D,0,1,0.030685858801007004,0.8825797438621521,0.8825797438621521,0.7607296109199521,0.039170768111944004,0.030685858801007004,0.047563668340444,0.8825797438621521
5305,lod-lille-0.6b,bn,D-lit,D,A,3,A,0,1,0.27566260099411,0.376556366682052,0.376556366682052,0.252418994903564,0.376556366682052,0.17436365783214502,0.173417329788208,0.27566260099411
5307,lod-lille-0.6b,bn,D-lit,A,C,0,D,0,0,0.227094143629074,0.253302842378616,0.35867899656295704,0.27522459626197804,0.227094143629074,0.160924062132835,0.253302842378616,0.35867899656295704
5321,lod-lille-0.6b,bn,D-lit,A,B,0,B,0,1,0.247407883405685,0.459145069122314,0.459145069122314,0.248820036649703,0.247407883405685,0.459145069122314,0.198402851819992,0.095044136047363
5322,lod-lille-0.6b,bn,D-lit,B,A,1,A,0,1,0.23980587720870902,0.33697840571403503,0.33697840571403503,0.25144040584564203,0.33697840571403503,0.23980587720870902,0.148394912481307,0.27482080459594704
5328,lod-lille-0.6b,bn,D-lit,B,D,1,D,0,1,0.24953199923038402,0.47229042649269104,0.47229042649269104,0.30291220545768704,0.151347115635871,0.24953199923038402,0.12683047354221302,0.47229042649269104
5329,lod-lille-0.6b,bn,D-lit,C,D,2,D,0,1,0.014607472345232,0.962485074996948,0.962485074996948,0.8301501274108881,0.006795042660087001,0.016112418845295,0.014607472345232,0.962485074996948
5334,lod-lille-0.6b,bn,D-lit,C,B,2,A,0,0,0.20440478622913302,0.23171298205852503,0.36266851425170904,0.19156467914581302,0.36266851425170904,0.23171298205852503,0.20440478622913302,0.20121374726295402
5345,lod-lille-0.6b,bn,D-lit,A,B,0,A,1,0,0.5356679558753961,0.308839201927185,0.5356679558753961,0.315429180860519,0.5356679558753961,0.308839201927185,0.083318494260311,0.07217439264059
5346,lod-lille-0.6b,bn,D-lit,C,B,2,B,0,1,0.127336546778678,0.525283932685852,0.525283932685852,0.37003436684608404,0.1535574644804,0.525283932685852,0.127336546778678,0.19382205605506803
5350,lod-lille-0.6b,bn,D-lit,B,C,1,C,0,1,0.12748195230960802,0.6796833276748651,0.6796833276748651,0.44777911901474,0.100672170519828,0.12748195230960802,0.6796833276748651,0.09216246753931001
5354,lod-lille-0.6b,bn,D-lit,B,D,1,D,0,1,0.044014666229486,0.8922515511512751,0.8922515511512751,0.639914572238922,0.028665646910667003,0.044014666229486,0.035068117082118,0.8922515511512751
5363,lod-lille-0.6b,bn,D-lit,B,A,1,A,0,1,0.024674275889992003,0.9297046661376951,0.9297046661376951,0.7919121980667111,0.9297046661376951,0.024674275889992003,0.016384294256567,0.029236869886517
5380,lod-lille-0.6b,bn,D-lit,C,D,2,D,0,1,0.048416353762149006,0.893881559371948,0.893881559371948,0.784158945083618,0.024217376485466003,0.033484786748886004,0.048416353762149006,0.893881559371948
5384,lod-lille-0.6b,bn,D-lit,C,D,2,D,0,1,0.104252085089683,0.7500429153442381,0.7500429153442381,0.521030902862548,0.086686864495277,0.059018149971961004,0.104252085089683,0.7500429153442381
5400,lod-lille-0.6b,bn,D-lit,B,A,1,A,0,1,0.062298610806465,0.8314845561981201,0.8314845561981201,0.702488601207733,0.8314845561981201,0.062298610806465,0.05667009204626,0.049546737223863005
5405,lod-lille-0.6b,bn,D-lit,D,A,3,A,0,1,0.026034023612737003,0.9037904739379881,0.9037904739379881,0.756468534469604,0.9037904739379881,0.032948646694421005,0.037226799875497006,0.026034023612737003
5412,lod-lille-0.6b,bn,D-lit,B,D,1,D,0,1,0.144945755600929,0.48326712846755904,0.48326712846755904,0.314207315444946,0.204185962677001,0.144945755600929,0.167601093649864,0.48326712846755904
5416,lod-lille-0.6b,bn,D-lit,B,A,1,B,1,0,0.435437142848968,0.22738841176033,0.435437142848968,0.23628391325473702,0.22738841176033,0.435437142848968,0.14113631844520502,0.19603811204433402
5417,lod-lille-0.6b,bn,D-lit,A,D,0,D,0,1,0.31629401445388705,0.34323126077651905,0.34323126077651905,0.19796347618103002,0.31629401445388705,0.184358030557632,0.156116694211959,0.34323126077651905
5424,lod-lille-0.6b,bn,D-lit,B,C,1,C,0,1,0.07019480317831,0.8903566002845761,0.8903566002845761,0.764861047267913,0.014972836710512001,0.07019480317831,0.8903566002845761,0.024475771933794
5425,lod-lille-0.6b,bn,D-lit,A,C,0,C,0,1,0.003985344897955,0.9914467334747311,0.9914467334747311,0.9228273630142211,0.003985344897955,0.002444474957883,0.9914467334747311,0.002123424084857
5428,lod-lille-0.6b,bn,D-lit,A,D,0,D,0,1,0.09957760572433401,0.871439754962921,0.871439754962921,0.7887216806411741,0.09957760572433401,0.018454810604453,0.010527751408517002,0.871439754962921
5429,lod-lille-0.6b,bn,D-lit,B,C,1,C,0,1,0.029708119109272003,0.9533439874649041,0.9533439874649041,0.8581167459487911,0.009300198405981001,0.029708119109272003,0.9533439874649041,0.00764768011868
5434,lod-lille-0.6b,bn,D-lit,B,D,1,D,0,1,0.137398302555084,0.6694922447204591,0.6694922447204591,0.413062065839767,0.07462909072637501,0.137398302555084,0.11848038434982301,0.6694922447204591
5446,lod-lille-0.6b,bn,D-lit,A,D,0,D,0,1,0.07754915207624401,0.6784095168113701,0.6784095168113701,0.470099419355392,0.07754915207624401,0.14058318734169,0.10345818847417801,0.6784095168113701
5451,lod-lille-0.6b,bn,D-lit,C,B,2,B,0,1,0.07886444032192201,0.8345612883567811,0.8345612883567811,0.694504141807556,0.039976697415113005,0.8345612883567811,0.07886444032192201,0.046597570180892
5452,lod-lille-0.6b,bn,D-lit,B,A,1,A,0,1,0.309084832668304,0.6689932346343991,0.6689932346343991,0.48939132690429604,0.6689932346343991,0.309084832668304,0.011095408350229001,0.010826475918293001
5458,lod-lille-0.6b,bn,D-lit,C,B,2,B,0,1,0.046561397612094005,0.9111112952232361,0.9111112952232361,0.763889908790588,0.026223009452223,0.9111112952232361,0.046561397612094005,0.016104253008961
5461,lod-lille-0.6b,bn,D-lit,A,D,0,D,0,1,0.065093621611595,0.859495937824249,0.859495937824249,0.6476420760154721,0.065093621611595,0.031041787937283002,0.044368710368871,0.859495937824249
5467,lod-lille-0.6b,bn,D-lit,D,C,3,C,0,1,0.0063933786004780006,0.9875696301460261,0.9875696301460261,0.865932285785675,0.0036476170644160004,0.002389373723417,0.9875696301460261,0.0063933786004780006
5469,lod-lille-0.6b,bn,D-lit,B,A,1,C,0,0,0.23984527587890603,0.19756042957305903,0.33493337035179105,0.17457266151905002,0.19756042957305903,0.23984527587890603,0.33493337035179105,0.227660909295082
5470,lod-lille-0.6b,bn,D-lit,A,C,0,B,0,0,0.22838769853115,0.17460805177688601,0.366023242473602,0.20430555939674303,0.22838769853115,0.366023242473602,0.17460805177688601,0.230981022119522
5474,lod-lille-0.6b,bn,D-lit,A,B,0,B,0,1,0.0019143813988190001,0.9943076968193051,0.9943076968193051,0.933487474918365,0.0019143813988190001,0.9943076968193051,0.001101125613786,0.002676740055903
5481,lod-lille-0.6b,bn,D-lit,D,C,3,C,0,1,0.28365999460220304,0.6075779199600221,0.6075779199600221,0.38165161013603205,0.034984230995178,0.073777824640274,0.6075779199600221,0.28365999460220304
5482,lod-lille-0.6b,bn,D-lit,C,B,2,B,0,1,0.268201053142547,0.6946230530738831,0.6946230530738831,0.566348195075988,0.028487434610724,0.6946230530738831,0.268201053142547,0.008688454516232
5485,lod-lille-0.6b,bn,D-lit,C,D,2,D,0,1,0.050775472074747,0.8777171373367311,0.8777171373367311,0.7195914387702941,0.043903283774852,0.027604138478636003,0.050775472074747,0.8777171373367311
5492,lod-lille-0.6b,bn,D-lit,B,A,1,A,0,1,0.12623955309391002,0.683015644550323,0.683015644550323,0.5875201225280761,0.683015644550323,0.12623955309391002,0.071966953575611,0.11877793073654101
5500,lod-lille-0.6b,bn,D-lit,B,A,1,B,1,0,0.62403392791748,0.119321927428245,0.62403392791748,0.39536672830581604,0.119321927428245,0.62403392791748,0.154960632324218,0.10168353468179701
5501,lod-lille-0.6b,bn,D-lit,A,D,0,D,0,1,0.01594740152359,0.9615684747695921,0.9615684747695921,0.82005351781845,0.01594740152359,0.016605582088232002,0.0058786054141810005,0.9615684747695921
5502,lod-lille-0.6b,bn,D-lit,A,B,0,B,0,1,0.013822502456605,0.968155682086944,0.968155682086944,0.8600358963012691,0.013822502456605,0.968155682086944,0.0075405458919700005,0.010481283999979002
5504,lod-lille-0.6b,bn,D-lit,A,C,0,C,0,1,0.04054220765829,0.885156452655792,0.885156452655792,0.721970677375793,0.04054220765829,0.047179747372865004,0.885156452655792,0.027121603488922
5507,lod-lille-0.6b,bn,D-lit,B,D,1,D,0,1,0.142213195562362,0.45851203799247703,0.45851203799247703,0.24294728040695102,0.266955465078353,0.142213195562362,0.132319256663322,0.45851203799247703
5510,lod-lille-0.6b,bn,D-lit,A,C,0,C,0,1,0.032439086586236,0.9347086548805231,0.9347086548805231,0.7881834506988521,0.032439086586236,0.016701148822903,0.9347086548805231,0.016151070594787
5511,lod-lille-0.6b,bn,D-lit,A,C,0,C,0,1,0.19973891973495403,0.575669288635253,0.575669288635253,0.31670007109642,0.19973891973495403,0.128368124365806,0.575669288635253,0.09622365981340401
5516,lod-lille-0.6b,bn,D-lit,D,B,3,D,1,0,0.298523873090744,0.24969097971916202,0.298523873090744,0.198932111263275,0.21100772917270602,0.24969097971916202,0.24077740311622603,0.298523873090744
5518,lod-lille-0.6b,bn,D-lit,B,C,1,C,0,1,0.268920958042144,0.354935616254806,0.354935616254806,0.21705162525177002,0.23059517145156802,0.268920958042144,0.354935616254806,0.14554820954799602
5519,lod-lille-0.6b,bn,D-lit,D,C,3,C,0,1,0.025268008932471,0.936645030975341,0.936645030975341,0.8129367232322691,0.01736781746149,0.020719150081276002,0.936645030975341,0.025268008932471
5529,lod-lille-0.6b,bn,D-lit,A,B,0,A,1,0,0.33550783991813604,0.325713694095611,0.33550783991813604,0.24675337970256803,0.33550783991813604,0.325713694095611,0.23343531787395402,0.105343148112297
5539,lod-lille-0.6b,bn,D-lit,D,C,3,C,0,1,0.001651598373427,0.9876149892807001,0.9876149892807001,0.9108468294143671,0.004974854178726,0.005758627317845001,0.9876149892807001,0.001651598373427
5540,lod-lille-0.6b,bn,D-lit,D,A,3,D,1,0,0.402788668870925,0.263013958930969,0.402788668870925,0.22966146469116203,0.263013958930969,0.20460240542888602,0.129595011472702,0.402788668870925
5554,lod-lille-0.6b,bn,D-lit,B,D,1,D,0,1,0.012372208759188002,0.9694671034812921,0.9694671034812921,0.849270045757293,0.008807518519461,0.012372208759188002,0.009353241883218,0.9694671034812921
5555,lod-lille-0.6b,bn,D-lit,C,A,2,A,0,1,0.020121958106756002,0.9485858082771301,0.9485858082771301,0.819873511791229,0.9485858082771301,0.014137418940663001,0.020121958106756002,0.01715487986803
5573,lod-lille-0.6b,bn,D-lit,A,C,0,C,0,1,0.331055551767349,0.595478177070617,0.595478177070617,0.44375354051589905,0.331055551767349,0.028312550857663002,0.595478177070617,0.045153677463531
5574,lod-lille-0.6b,bn,D-lit,D,C,3,C,0,1,0.03061630949378,0.948721408843994,0.948721408843994,0.8305495977401731,0.012782486155629,0.007879756391048001,0.948721408843994,0.03061630949378
5575,lod-lille-0.6b,bn,D-lit,A,B,0,B,0,1,0.088911414146423,0.84267246723175,0.84267246723175,0.592448234558105,0.088911414146423,0.84267246723175,0.044151961803436,0.024264181032776003
5576,lod-lille-0.6b,bn,D-lit,B,A,1,A,0,1,0.062119543552398,0.819332361221313,0.819332361221313,0.685751557350158,0.819332361221313,0.062119543552398,0.063509106636047,0.05503898486495001
5578,lod-lille-0.6b,bn,D-lit,C,B,2,B,0,1,0.18308568000793402,0.7926974892616271,0.7926974892616271,0.7156211733818051,0.010400233790278001,0.7926974892616271,0.18308568000793402,0.013816610909998
5592,lod-lille-0.6b,bn,D-lit,A,C,0,C,0,1,0.006579844281077001,0.9632440209388731,0.9632440209388731,0.842922151088714,0.006579844281077001,0.011773458682,0.9632440209388731,0.018402662128210002
5604,lod-lille-0.6b,bn,D-lit,C,A,2,A,0,1,0.033619001507759004,0.9436045885086061,0.9436045885086061,0.815137863159179,0.9436045885086061,0.012399272993206001,0.033619001507759004,0.010377126745879001
5605,lod-lille-0.6b,bn,D-lit,B,D,1,B,1,0,0.7263191342353821,0.168239668011665,0.7263191342353821,0.44528615474700906,0.040182925760746,0.7263191342353821,0.065258242189884,0.168239668011665
5606,lod-lille-0.6b,bn,D-lit,C,A,2,A,0,1,0.004294352605938001,0.9887170791625971,0.9887170791625971,0.8784632682800291,0.9887170791625971,0.002041518455371,0.004294352605938001,0.004947011824697
5607,lod-lille-0.6b,bn,D-lit,D,A,3,A,0,1,0.004262917675077,0.9901123642921441,0.9901123642921441,0.940070450305938,0.9901123642921441,0.0034267215523860004,0.002198016736656,0.004262917675077
5608,lod-lille-0.6b,bn,D-lit,B,D,1,D,0,1,0.013695178553462,0.9618331789970391,0.9618331789970391,0.823544263839721,0.011822877451777,0.013695178553462,0.012648751027882,0.9618331789970391
5609,lod-lille-0.6b,bn,D-lit,D,A,3,A,0,1,0.015851806849241,0.951453626155853,0.951453626155853,0.8502649068832391,0.951453626155853,0.022824600338935002,0.009870009496808,0.015851806849241
5614,lod-lille-0.6b,bn,D-lit,D,C,3,C,0,1,0.052767813205718,0.944424211978912,0.944424211978912,0.9126527905464171,0.0008862348622640001,0.0019217731896780002,0.944424211978912,0.052767813205718
5617,lod-lille-0.6b,bn,D-lit,A,B,0,B,0,1,0.037308979779481,0.896633327007293,0.896633327007293,0.775578200817108,0.037308979779481,0.896633327007293,0.033021312206983004,0.033036381006240005
5618,lod-lille-0.6b,bn,D-lit,C,A,2,A,0,1,0.114226512610912,0.6153349876403801,0.6153349876403801,0.29443004727363503,0.6153349876403801,0.08410382270812901,0.114226512610912,0.186334744095802
5619,lod-lille-0.6b,bn,D-lit,D,A,3,A,0,1,0.018313774839043003,0.9558309912681581,0.9558309912681581,0.854313611984252,0.9558309912681581,0.010139459744095,0.015715762972831,0.018313774839043003
5620,lod-lille-0.6b,bn,D-lit,A,C,0,C,0,1,0.019384460523724,0.9647113680839531,0.9647113680839531,0.81113177537918,0.019384460523724,0.0071441046893590005,0.9647113680839531,0.00876011326909
5623,lod-lille-0.6b,bn,D-lit,A,B,0,B,0,1,0.070026762783527,0.754840373992919,0.754840373992919,0.607729256153106,0.070026762783527,0.754840373992919,0.10201889276504501,0.07311394065618501
5624,lod-lille-0.6b,bn,D-lit,A,B,0,B,0,1,0.052487488836050006,0.846947610378265,0.846947610378265,0.7125306129455561,0.052487488836050006,0.846947610378265,0.04958274960517801,0.050982102751731005
5625,lod-lille-0.6b,bn,D-lit,D,C,3,C,0,1,0.024791775271296,0.939171969890594,0.939171969890594,0.760938048362731,0.015110380016267001,0.020925808697938003,0.939171969890594,0.024791775271296
5627,lod-lille-0.6b,bn,D-lit,D,B,3,B,0,1,0.06957815587520601,0.7319808006286621,0.7319808006286621,0.49312844872474604,0.11315207183361001,0.7319808006286621,0.08528903871774601,0.06957815587520601
5637,lod-lille-0.6b,bn,D-lit,B,C,1,C,0,1,0.120099760591983,0.38704952597618103,0.38704952597618103,0.16922149062156602,0.288649857044219,0.120099760591983,0.38704952597618103,0.20420093834400102
5638,lod-lille-0.6b,bn,D-lit,A,B,0,B,0,1,0.110320560634136,0.585657238960266,0.585657238960266,0.31788691878318703,0.110320560634136,0.585657238960266,0.062375776469707,0.24164643883705103
5641,lod-lille-0.6b,bn,D-lit,C,B,2,B,0,1,0.27381917834281905,0.364403307437896,0.364403307437896,0.21647667884826602,0.141770839691162,0.364403307437896,0.27381917834281905,0.22000671923160503
5642,lod-lille-0.6b,bn,D-lit,B,D,1,D,0,1,0.008143662475049001,0.9656241536140441,0.9656241536140441,0.8229482769966121,0.012020378373563002,0.008143662475049001,0.014211730100214,0.9656241536140441
5659,lod-lille-0.6b,bn,D-lit,C,B,2,B,0,1,0.048201944679021,0.825430810451507,0.825430810451507,0.691858410835266,0.051436409354209005,0.825430810451507,0.048201944679021,0.07493080198764801
5661,lod-lille-0.6b,bn,D-lit,B,C,1,C,0,1,0.05101326107978801,0.755548119544982,0.755548119544982,0.570905327796936,0.060848992317914005,0.05101326107978801,0.755548119544982,0.132589638233184
5676,lod-lille-0.6b,bn,D-lit,C,B,2,B,0,1,0.22542499005794503,0.75744879245758,0.75744879245758,0.5619571805000301,0.009449102915823,0.75744879245758,0.22542499005794503,0.007677181158214001
5683,lod-lille-0.6b,bn,D-lit,B,D,1,D,0,1,0.074551552534103,0.692550957202911,0.692550957202911,0.5624095797538751,0.099699139595031,0.074551552534103,0.13319829106330802,0.692550957202911
5684,lod-lille-0.6b,bn,D-lit,A,B,0,D,0,0,0.27831244468688904,0.231910571455955,0.35952416062355,0.28581541776657104,0.27831244468688904,0.231910571455955,0.13025283813476501,0.35952416062355
5685,lod-lille-0.6b,bn,D-lit,C,A,2,A,0,1,0.299373239278793,0.407851666212081,0.407851666212081,0.217821046710014,0.407851666212081,0.198570132255554,0.299373239278793,0.09420502930879501
5687,lod-lille-0.6b,bn,D-lit,D,B,3,B,0,1,0.021796323359012,0.943399786949157,0.943399786949157,0.8315600156784051,0.024004416540265004,0.943399786949157,0.010799434036016001,0.021796323359012
5688,lod-lille-0.6b,bn,D-lit,B,D,1,D,0,1,0.261819809675216,0.6438076496124261,0.6438076496124261,0.46870580315589905,0.064357988536357,0.261819809675216,0.030014643445611004,0.6438076496124261
5689,lod-lille-0.6b,bn,D-lit,B,A,1,A,0,1,0.045726012438535,0.933290243148803,0.933290243148803,0.782514870166778,0.933290243148803,0.045726012438535,0.0073041324503710005,0.013679598458111002
5690,lod-lille-0.6b,bn,D-lit,C,D,2,D,0,1,0.27655649185180603,0.549257457256317,0.549257457256317,0.279665857553482,0.10539210587739901,0.068793922662734,0.27655649185180603,0.549257457256317
5691,lod-lille-0.6b,bn,D-lit,B,C,1,C,0,1,0.038337171077728,0.882831156253814,0.882831156253814,0.735414326190948,0.053757797926664005,0.038337171077728,0.882831156253814,0.025073884055018
5695,lod-lille-0.6b,bn,D-lit,B,C,1,C,0,1,0.014895585365593001,0.944917678833007,0.944917678833007,0.788135409355163,0.024116214364767,0.014895585365593001,0.944917678833007,0.016070526093244
5696,lod-lille-0.6b,bn,D-lit,A,D,0,D,0,1,0.011497546918690002,0.9831686019897461,0.9831686019897461,0.9193346500396721,0.011497546918690002,0.0015936979325480002,0.0037401095032690004,0.9831686019897461
5697,lod-lille-0.6b,bn,D-lit,C,A,2,A,0,1,0.035429168492555,0.8574135899543761,0.8574135899543761,0.710440397262573,0.8574135899543761,0.034197270870208005,0.035429168492555,0.07295995205640701
5699,lod-lille-0.6b,bn,D-lit,B,C,1,C,0,1,0.051081027835607,0.6609978079795831,0.6609978079795831,0.35684627294540405,0.173451215028762,0.051081027835607,0.6609978079795831,0.114469945430755
5702,lod-lille-0.6b,bn,D-lit,C,A,2,A,0,1,0.017082722857594,0.9455494284629821,0.9455494284629821,0.7785179615020751,0.9455494284629821,0.015890847891569002,0.017082722857594,0.021477034315466003
5704,lod-lille-0.6b,bn,D-lit,A,C,0,C,0,1,0.37201765179634005,0.5873890519142151,0.5873890519142151,0.40217217803001404,0.37201765179634005,0.015757957473397,0.5873890519142151,0.024835392832756
5708,lod-lille-0.6b,bn,D-lit,B,D,1,D,0,1,0.036313001066446006,0.944055140018463,0.944055140018463,0.7836095690727231,0.010072538629174,0.036313001066446006,0.009559306316077001,0.944055140018463
5714,lod-lille-0.6b,bn,D-lit,C,A,2,A,0,1,0.069850429892539,0.9280257821083061,0.9280257821083061,0.881538391113281,0.9280257821083061,0.0005188833456480001,0.069850429892539,0.0016048438847060002
5716,lod-lille-0.6b,bn,D-lit,D,A,3,A,0,1,0.07866915315389601,0.8953748941421501,0.8953748941421501,0.7485637664794921,0.8953748941421501,0.011279601603746001,0.014676291495561001,0.07866915315389601
5717,lod-lille-0.6b,bn,D-lit,B,C,1,C,0,1,0.004594680853188001,0.9845160245895381,0.9845160245895381,0.828237473964691,0.0034714648500080002,0.004594680853188001,0.9845160245895381,0.007417761720716001
5720,lod-lille-0.6b,bn,D-lit,A,D,0,D,0,1,0.34437590837478604,0.599201083183288,0.599201083183288,0.325720906257629,0.34437590837478604,0.023854566738009002,0.03256843984127,0.599201083183288
5722,lod-lille-0.6b,bn,D-lit,C,A,2,A,0,1,0.024558197706937002,0.914319276809692,0.914319276809692,0.7283695340156551,0.914319276809692,0.037635173648595005,0.024558197706937002,0.023487323895096
5723,lod-lille-0.6b,bn,D-lit,D,C,3,C,0,1,0.45394894480705206,0.477911680936813,0.477911680936813,0.30296495556831304,0.027756951749324,0.04038231447339,0.477911680936813,0.45394894480705206
5724,lod-lille-0.6b,bn,D-lit,C,A,2,C,1,0,0.370090425014495,0.26576605439186,0.370090425014495,0.246984809637069,0.26576605439186,0.166642412543296,0.370090425014495,0.197501152753829
5732,lod-lille-0.6b,bn,D-lit,A,B,0,B,0,1,0.016190905123949002,0.9554401636123651,0.9554401636123651,0.8358084559440611,0.016190905123949002,0.9554401636123651,0.014788157306611002,0.013580805622041002
5738,lod-lille-0.6b,bn,D-lit,B,C,1,C,0,1,0.012078882195055,0.9704090356826781,0.9704090356826781,0.880592703819274,0.008625862188637,0.012078882195055,0.9704090356826781,0.008886224590241
5742,lod-lille-0.6b,bn,D-lit,A,C,0,C,0,1,0.014178426004946001,0.9454433917999261,0.9454433917999261,0.8417861461639401,0.014178426004946001,0.018273862078785,0.9454433917999261,0.022104268893599
5743,lod-lille-0.6b,bn,D-lit,D,A,3,A,0,1,0.007398558314889001,0.9755672216415401,0.9755672216415401,0.8637372851371761,0.9755672216415401,0.006275441497564,0.010758665390312,0.007398558314889001
5745,lod-lille-0.6b,bn,D-lit,D,A,3,A,0,1,0.0076230838894840005,0.9760614633560181,0.9760614633560181,0.7930638790130611,0.9760614633560181,0.012308649718761002,0.004006802104413,0.0076230838894840005
5753,lod-lille-0.6b,bn,D-lit,D,A,3,A,0,1,0.006308924872428,0.963738560676574,0.963738560676574,0.8241086006164551,0.963738560676574,0.015190754085779001,0.014761822298169,0.006308924872428
5757,lod-lille-0.6b,bn,D-lit,C,B,2,B,0,1,0.019222920760512,0.940006613731384,0.940006613731384,0.8334739208221431,0.022067937999963,0.940006613731384,0.019222920760512,0.018702536821365003
5770,lod-lille-0.6b,bn,D-lit,C,D,2,D,0,1,0.025526007637381002,0.925708174705505,0.925708174705505,0.7589391469955441,0.023698508739471002,0.025067355483770003,0.025526007637381002,0.925708174705505
5774,lod-lille-0.6b,bn,D-lit,D,A,3,A,0,1,0.063734494149684,0.848815083503723,0.848815083503723,0.6985363364219661,0.848815083503723,0.051304195076227,0.036146190017461,0.063734494149684
5776,lod-lille-0.6b,bn,D-lit,B,D,1,D,0,1,0.008091390132904,0.9728006720542901,0.9728006720542901,0.857204616069793,0.011727849952876,0.008091390132904,0.007380166556686001,0.9728006720542901
5777,lod-lille-0.6b,bn,D-lit,C,D,2,D,0,1,0.010532544925808001,0.965197503566741,0.965197503566741,0.834483504295349,0.010144861415028001,0.014125111512839001,0.010532544925808001,0.965197503566741
5779,lod-lille-0.6b,bn,D-lit,C,D,2,D,0,1,0.018625574186444,0.968746662139892,0.968746662139892,0.8546736240386961,0.008758121170103,0.0038696520496150004,0.018625574186444,0.968746662139892
5785,lod-lille-0.6b,bn,D-lit,C,D,2,D,0,1,0.011299602687358001,0.9581469297409051,0.9581469297409051,0.8625578284263611,0.010783317498862001,0.019770139828324002,0.011299602687358001,0.9581469297409051
5788,lod-lille-0.6b,bn,D-lit,D,C,3,D,1,0,0.29899609088897705,0.27595022320747303,0.29899609088897705,0.13932071626186301,0.154008239507675,0.271045506000518,0.27595022320747303,0.29899609088897705
5789,lod-lille-0.6b,bn,D-lit,A,B,0,B,0,1,0.021093452349305,0.928246796131134,0.928246796131134,0.7842380404472351,0.021093452349305,0.928246796131134,0.008026180788874,0.042633596807718006
5799,lod-lille-0.6b,bn,D-lit,D,B,3,B,0,1,0.300606399774551,0.6274832487106321,0.6274832487106321,0.391368359327316,0.046240229159593006,0.6274832487106321,0.025670165196061002,0.300606399774551
5800,lod-lille-0.6b,bn,D-lit,B,C,1,C,0,1,0.008447344414889,0.9697816967964171,0.9697816967964171,0.8736379742622371,0.017456244677305003,0.008447344414889,0.9697816967964171,0.004314738325774
5802,lod-lille-0.6b,bn,D-lit,D,B,3,B,0,1,0.086438968777656,0.8926567435264581,0.8926567435264581,0.7295729517936701,0.008630528114736,0.8926567435264581,0.012273738160729,0.086438968777656
5803,lod-lille-0.6b,bn,D-lit,A,B,0,B,0,1,0.07182293385267201,0.5938926339149471,0.5938926339149471,0.37754276394844005,0.07182293385267201,0.5938926339149471,0.136425867676734,0.197858601808547
5804,lod-lille-0.6b,bn,D-lit,A,B,0,B,0,1,0.211448356509208,0.6443209052085871,0.6443209052085871,0.34570616483688305,0.211448356509208,0.6443209052085871,0.071951441466808,0.07227929681539501
5806,lod-lille-0.6b,bn,D-lit,D,B,3,B,0,1,0.26507470011711104,0.7061880230903621,0.7061880230903621,0.44647499918937605,0.013665175065398001,0.7061880230903621,0.015072056092321002,0.26507470011711104
5808,lod-lille-0.6b,bn,D-lit,A,C,0,C,0,1,0.152711346745491,0.7192638516426081,0.7192638516426081,0.44499334692955006,0.152711346745491,0.047489050775766005,0.7192638516426081,0.080535754561424
5809,lod-lille-0.6b,bn,D-lit,D,A,3,A,0,1,0.016911227256059,0.964171230792999,0.964171230792999,0.811586439609527,0.964171230792999,0.011305343359708,0.00761219440028,0.016911227256059
5811,lod-lille-0.6b,bn,D-lit,C,B,2,B,0,1,0.022009825333952,0.871761620044708,0.871761620044708,0.5807694792747491,0.05657802149653401,0.871761620044708,0.022009825333952,0.04965054616332001
5812,lod-lille-0.6b,bn,D-lit,D,B,3,D,1,0,0.411982893943786,0.323132336139678,0.411982893943786,0.348722994327545,0.019447030499577002,0.323132336139678,0.24543772637844002,0.411982893943786
5814,lod-lille-0.6b,bn,D-lit,D,C,3,C,0,1,0.011791705153882,0.9655328989028931,0.9655328989028931,0.790373384952545,0.016630848869681,0.006044493522495,0.9655328989028931,0.011791705153882
5815,lod-lille-0.6b,bn,D-lit,A,C,0,C,0,1,0.112716197967529,0.823962330818176,0.823962330818176,0.568836033344268,0.112716197967529,0.041028089821338,0.823962330818176,0.022293319925665002
5820,lod-lille-0.6b,bn,D-lit,D,A,3,A,0,1,0.033653017133474,0.8508466482162471,0.8508466482162471,0.6764259934425351,0.8508466482162471,0.07093608379364001,0.044564172625541,0.033653017133474
5821,lod-lille-0.6b,bn,D-lit,A,B,0,B,0,1,0.06681004911661101,0.7959513068199151,0.7959513068199151,0.509288072586059,0.06681004911661101,0.7959513068199151,0.048320803791284006,0.088917821645736
5822,lod-lille-0.6b,bn,D-lit,D,A,3,A,0,1,0.127196952700614,0.8122314810752861,0.8122314810752861,0.51578015089035,0.8122314810752861,0.028853241354227004,0.031718421727418004,0.127196952700614
5825,lod-lille-0.6b,bn,D-lit,D,A,3,A,0,1,0.26477506756782504,0.5828863978385921,0.5828863978385921,0.315248757600784,0.5828863978385921,0.043980859220027,0.10835766792297301,0.26477506756782504
5826,lod-lille-0.6b,bn,D-lit,D,C,3,C,0,1,0.192352965474128,0.589368045330047,0.589368045330047,0.40145087242126404,0.10298546403646401,0.11529354006052,0.589368045330047,0.192352965474128
5828,lod-lille-0.6b,bn,D-lit,C,D,2,D,0,1,0.036861125379800005,0.9085607528686521,0.9085607528686521,0.7129241228103631,0.025110172107815004,0.029467932879924004,0.036861125379800005,0.9085607528686521
5829,lod-lille-0.6b,bn,D-lit,B,C,1,C,0,1,0.012667135335505002,0.9505205154418941,0.9505205154418941,0.8241369128227231,0.01569696702063,0.012667135335505002,0.9505205154418941,0.021115398034453
5835,lod-lille-0.6b,bn,D-lit,B,C,1,C,0,1,0.0039047496393320004,0.9908204674720761,0.9908204674720761,0.9150264263153071,0.0021750733722,0.0039047496393320004,0.9908204674720761,0.003099761903285
5836,lod-lille-0.6b,bn,D-lit,B,C,1,C,0,1,0.092171303927898,0.8789789676666261,0.8789789676666261,0.6937070488929741,0.02078097499907,0.092171303927898,0.8789789676666261,0.008068687282502
5837,lod-lille-0.6b,bn,D-lit,A,D,0,D,0,1,0.032174099236726005,0.9012963175773621,0.9012963175773621,0.8020494580268861,0.032174099236726005,0.037031091749668,0.029498582705855002,0.9012963175773621
5839,lod-lille-0.6b,bn,D-lit,D,C,3,C,0,1,0.11160325258970201,0.8432534933090211,0.8432534933090211,0.7145053148269651,0.016454614698886,0.028688626363873003,0.8432534933090211,0.11160325258970201
5841,lod-lille-0.6b,bn,D-lit,D,A,3,A,0,1,0.027493739500641,0.903413951396942,0.903413951396942,0.810029864311218,0.903413951396942,0.039923265576362006,0.029169086366891,0.027493739500641
5845,lod-lille-0.6b,bn,D-lit,A,B,0,B,0,1,0.145033240318298,0.8305104970932,0.8305104970932,0.6880366802215571,0.145033240318298,0.8305104970932,0.011044917628169,0.013411385938525
5852,lod-lille-0.6b,bn,D-lit,A,B,0,B,0,1,0.024312049150466003,0.921613812446594,0.921613812446594,0.764522314071655,0.024312049150466003,0.921613812446594,0.022969087585806,0.031105116009712004
5858,lod-lille-0.6b,bn,D-lit,C,A,2,A,0,1,0.249746546149253,0.45132324099540705,0.45132324099540705,0.29165941476821905,0.45132324099540705,0.11639992147684002,0.249746546149253,0.182530254125595
5861,lod-lille-0.6b,bn,D-lit,B,D,1,D,0,1,0.068194575607776,0.8675433397293091,0.8675433397293091,0.6084348559379571,0.043643999844789005,0.068194575607776,0.02061815559864,0.8675433397293091
5865,lod-lille-0.6b,bn,D-lit,A,D,0,D,0,1,0.30759948492050104,0.404970824718475,0.404970824718475,0.24848723411560003,0.30759948492050104,0.166154816746711,0.12127489596605301,0.404970824718475
5866,lod-lille-0.6b,bn,D-lit,C,B,2,A,0,0,0.265183418989181,0.23454304039478302,0.270300984382629,0.22446165978908503,0.270300984382629,0.23454304039478302,0.265183418989181,0.229972556233406
5872,lod-lille-0.6b,bn,D-lit,A,C,0,C,0,1,0.06331849098205501,0.8448266983032221,0.8448266983032221,0.6105709671974181,0.06331849098205501,0.030914839357137004,0.8448266983032221,0.060939900577068
5875,lod-lille-0.6b,bn,D-lit,D,B,3,D,1,0,0.42552110552787703,0.41474962234497004,0.42552110552787703,0.25728869438171303,0.07309282571077301,0.41474962234497004,0.086636498570442,0.42552110552787703
5876,lod-lille-0.6b,bn,D-lit,D,B,3,B,0,1,0.072384849190711,0.789299964904785,0.789299964904785,0.621600687503814,0.081802621483802,0.789299964904785,0.056512564420700004,0.072384849190711
5878,lod-lille-0.6b,bn,D-lit,A,B,0,B,0,1,0.043234042823314,0.8916460871696471,0.8916460871696471,0.721342623233795,0.043234042823314,0.8916460871696471,0.030649822205305002,0.034470055252313
5881,lod-lille-0.6b,bn,D-lit,D,A,3,D,1,0,0.7333826422691341,0.16348072886466902,0.7333826422691341,0.435643315315246,0.16348072886466902,0.059288565069437006,0.043848074972629006,0.7333826422691341
5890,lod-lille-0.6b,bn,D-lit,B,D,1,D,0,1,0.13627316057682,0.8045695424079891,0.8045695424079891,0.682208120822906,0.042951256036758007,0.13627316057682,0.016206005588173002,0.8045695424079891
5891,lod-lille-0.6b,bn,D-lit,B,D,1,D,0,1,0.09878819435834801,0.815636754035949,0.815636754035949,0.67063307762146,0.055568557232618006,0.09878819435834801,0.030006542801856002,0.815636754035949
5903,lod-lille-0.6b,bn,D-lit,B,D,1,D,0,1,0.012353243306279,0.958220243453979,0.958220243453979,0.791813254356384,0.010208575055003001,0.012353243306279,0.019217945635318,0.958220243453979
5904,lod-lille-0.6b,bn,D-lit,D,B,3,B,0,1,0.008079914376139,0.9759659767150871,0.9759659767150871,0.8734337687492371,0.008464133366942002,0.9759659767150871,0.007490050513297,0.008079914376139
5905,lod-lille-0.6b,bn,D-lit,A,B,0,B,0,1,0.16676983237266502,0.559498131275177,0.559498131275177,0.360995978116989,0.16676983237266502,0.559498131275177,0.16050802171230302,0.11322405189275701
5907,lod-lille-0.6b,bn,D-lit,B,D,1,D,0,1,0.021591998636722003,0.9561669826507561,0.9561669826507561,0.8510162830352781,0.013777026906609001,0.021591998636722003,0.008464011363685001,0.9561669826507561
5911,lod-lille-0.6b,bn,D-lit,B,D,1,D,0,1,0.031301148235797,0.933387458324432,0.933387458324432,0.7753632068634031,0.024168414995074,0.031301148235797,0.011142924427986001,0.933387458324432
5912,lod-lille-0.6b,bn,D-lit,D,C,3,C,0,1,0.017373949289321,0.9687163829803461,0.9687163829803461,0.8609955310821531,0.007320403121411001,0.006589328404515001,0.9687163829803461,0.017373949289321
5916,lod-lille-0.6b,bn,D-lit,D,A,3,A,0,1,0.199011132121086,0.6088899970054621,0.6088899970054621,0.43916186690330505,0.6088899970054621,0.149992913007736,0.042105965316295006,0.199011132121086
5918,lod-lille-0.6b,bn,D-lit,A,B,0,B,0,1,0.041166745126247004,0.85013747215271,0.85013747215271,0.6728714704513551,0.041166745126247004,0.85013747215271,0.071714773774147,0.036981049925088
5921,lod-lille-0.6b,bn,D-lit,D,B,3,B,0,1,0.08910585194826101,0.82315993309021,0.82315993309021,0.740577161312103,0.044215708971023004,0.82315993309021,0.043518599122762,0.08910585194826101
5923,lod-lille-0.6b,bn,D-lit,B,C,1,C,0,1,0.020086366683244,0.9354115724563591,0.9354115724563591,0.7828354835510251,0.020853696390986002,0.020086366683244,0.9354115724563591,0.023648478090763002
5924,lod-lille-0.6b,bn,D-lit,C,D,2,D,0,1,0.11914209276437701,0.6531711816787721,0.6531711816787721,0.48592218756675704,0.089595429599285,0.138091281056404,0.11914209276437701,0.6531711816787721
5926,lod-lille-0.6b,bn,D-lit,A,C,0,C,0,1,0.08059114962816201,0.7974964380264281,0.7974964380264281,0.5643951892852781,0.08059114962816201,0.09106344729661901,0.7974964380264281,0.030849022790789004
5927,lod-lille-0.6b,bn,D-lit,D,A,3,A,0,1,0.025946019217371,0.9636503458023071,0.9636503458023071,0.8733893036842341,0.9636503458023071,0.0031467191874980003,0.007256926968693,0.025946019217371
5928,lod-lille-0.6b,bn,D-lit,A,C,0,C,0,1,0.059133034199476006,0.9184568524360651,0.9184568524360651,0.7542035579681391,0.059133034199476006,0.014919530600309,0.9184568524360651,0.007490601856261001
5929,lod-lille-0.6b,bn,D-lit,C,B,2,B,0,1,0.038723967969417,0.871603429317474,0.871603429317474,0.738885879516601,0.036589257419109004,0.871603429317474,0.038723967969417,0.053083352744579
5935,lod-lille-0.6b,bn,D-lit,A,D,0,D,0,1,0.087514281272888,0.8982557058334351,0.8982557058334351,0.818888366222381,0.087514281272888,0.007634521462023001,0.006595474667847,0.8982557058334351
5936,lod-lille-0.6b,bn,D-lit,A,C,0,C,0,1,0.011362019926309001,0.976128578186035,0.976128578186035,0.845577239990234,0.011362019926309001,0.004833753686398001,0.976128578186035,0.007675733882933001
5938,lod-lille-0.6b,bn,D-lit,B,C,1,C,0,1,0.11237200349569301,0.8632700443267821,0.8632700443267821,0.7890630960464471,0.009493905119597001,0.11237200349569301,0.8632700443267821,0.014863994903862001
5939,lod-lille-0.6b,bn,D-lit,B,D,1,D,0,1,0.017650742083787002,0.9528063535690301,0.9528063535690301,0.825119256973266,0.016597747802734,0.017650742083787002,0.012945195659995001,0.9528063535690301
5940,lod-lille-0.6b,bn,D-lit,B,D,1,D,0,1,0.006459495052695,0.9900078773498531,0.9900078773498531,0.881067097187042,0.0020848016720260002,0.006459495052695,0.001447792747057,0.9900078773498531
5944,lod-lille-0.6b,bn,D-lit,B,D,1,D,0,1,0.034199811518192,0.9517550468444821,0.9517550468444821,0.860758602619171,0.008026892319321001,0.034199811518192,0.0060183177702120005,0.9517550468444821
5949,lod-lille-0.6b,bn,D-lit,D,B,3,B,0,1,0.19196479022502902,0.633557975292205,0.633557975292205,0.46702179312705905,0.107499182224273,0.633557975292205,0.066978067159652,0.19196479022502902
5951,lod-lille-0.6b,bn,D-lit,D,A,3,A,0,1,0.149049907922744,0.720369040966033,0.720369040966033,0.5694730281829831,0.720369040966033,0.07586199045181201,0.05471906810998901,0.149049907922744
5954,lod-lille-0.6b,bn,D-lit,D,C,3,C,0,1,0.11846522241830801,0.689321517944335,0.689321517944335,0.611626684665679,0.081046260893344,0.11116696149110701,0.689321517944335,0.11846522241830801
5960,lod-lille-0.6b,bn,D-lit,B,D,1,D,0,1,0.046784788370132,0.876578032970428,0.876578032970428,0.7060605883598321,0.046112440526485006,0.046784788370132,0.030524751171469,0.876578032970428
5972,lod-lille-0.6b,bn,D-lit,A,B,0,B,0,1,0.06014562398195201,0.850953817367553,0.850953817367553,0.737052083015441,0.06014562398195201,0.850953817367553,0.028075983747839,0.060824621468782
5975,lod-lille-0.6b,bn,D-lit,C,A,2,A,0,1,0.011010468937456,0.974248170852661,0.974248170852661,0.840412020683288,0.974248170852661,0.008960788138210002,0.011010468937456,0.005780577659606
5978,lod-lille-0.6b,bn,D-lit,A,B,0,B,0,1,0.006333228200674001,0.977146923542022,0.977146923542022,0.801995933055877,0.006333228200674001,0.977146923542022,0.006714019458740001,0.009805835783481001
5979,lod-lille-0.6b,bn,D-lit,D,B,3,B,0,1,0.05967588350176801,0.913387358188629,0.913387358188629,0.777121067047119,0.012903122231364,0.913387358188629,0.014033622108399,0.05967588350176801
5983,lod-lille-0.6b,bn,D-lit,A,D,0,D,0,1,0.07950907945632901,0.680826604366302,0.680826604366302,0.54686963558197,0.07950907945632901,0.197641342878341,0.042022984474897,0.680826604366302
5993,lod-lille-0.6b,bn,D-lit,D,A,3,A,0,1,0.237312078475952,0.580305397510528,0.580305397510528,0.43142715096473605,0.580305397510528,0.013431820087134,0.168950706720352,0.237312078475952
5995,lod-lille-0.6b,bn,D-lit,A,D,0,D,0,1,0.08404480665922101,0.8657592535018921,0.8657592535018921,0.6609150171279901,0.08404480665922101,0.029909141361713003,0.020286768674850002,0.8657592535018921
5997,lod-lille-0.6b,bn,D-lit,A,B,0,B,0,1,0.042359385639429,0.9018642902374261,0.9018642902374261,0.8232562541961671,0.042359385639429,0.9018642902374261,0.018802987411618,0.036973293870687006
5999,lod-lille-0.6b,bn,D-lit,D,B,3,B,0,1,0.133247315883636,0.6203259825706481,0.6203259825706481,0.40513339638710005,0.08322012424468901,0.6203259825706481,0.163206622004508,0.133247315883636
6001,lod-lille-0.6b,bn,D-lit,B,D,1,D,0,1,0.024703150615096002,0.919732630252838,0.919732630252838,0.784423530101776,0.014610679820179,0.024703150615096002,0.040953550487756,0.919732630252838
6005,lod-lille-0.6b,bn,D-lit,B,C,1,C,0,1,0.011891726404428002,0.9495742321014401,0.9495742321014401,0.7735081315040581,0.018222713842988,0.011891726404428002,0.9495742321014401,0.020311282947659003
6007,lod-lille-0.6b,bn,D-lit,C,A,2,A,0,1,0.19574216008186301,0.6689798235893251,0.6689798235893251,0.46662920713424605,0.6689798235893251,0.053408622741699004,0.19574216008186301,0.08186939358711201
6011,lod-lille-0.6b,bn,D-lit,B,A,1,A,0,1,0.026780718937516,0.9137412309646601,0.9137412309646601,0.79990404844284,0.9137412309646601,0.026780718937516,0.026042971760034003,0.033434979617595
6014,lod-lille-0.6b,bn,D-lit,C,D,2,D,0,1,0.030049240216612004,0.9200994968414301,0.9200994968414301,0.7865359187126161,0.019608018919825002,0.030243199318647003,0.030049240216612004,0.9200994968414301
6015,lod-lille-0.6b,bn,D-lit,B,C,1,C,0,1,0.16667133569717402,0.7331572771072381,0.7331572771072381,0.539226531982421,0.052225001156330005,0.16667133569717402,0.7331572771072381,0.047946408390998
6026,lod-lille-0.6b,bn,D-lit,A,B,0,B,0,1,0.037884522229433004,0.8425607085227961,0.8425607085227961,0.6829292774200441,0.037884522229433004,0.8425607085227961,0.064695425331592,0.054859276860952
6029,lod-lille-0.6b,bn,D-lit,D,C,3,C,0,1,0.076066769659519,0.8278846144676201,0.8278846144676201,0.673999667167663,0.04890039935708,0.04714823514223,0.8278846144676201,0.076066769659519
6032,lod-lille-0.6b,bn,D-lit,C,B,2,B,0,1,0.048395249992609,0.9256104230880731,0.9256104230880731,0.831752955913543,0.020485166460275,0.9256104230880731,0.048395249992609,0.005509271752089
6034,lod-lille-0.6b,bn,D-lit,A,C,0,C,0,1,0.027070570737123004,0.966368496417999,0.966368496417999,0.832149744033813,0.027070570737123004,0.004313175100833001,0.966368496417999,0.0022478478495030004
6036,lod-lille-0.6b,bn,D-lit,D,A,3,A,0,1,0.12620438635349202,0.823499262332916,0.823499262332916,0.565981209278106,0.823499262332916,0.011097340844571,0.039198972284793,0.12620438635349202
6037,lod-lille-0.6b,bn,D-lit,D,C,3,C,0,1,0.10874115675687701,0.7928333282470701,0.7928333282470701,0.591730177402496,0.053776517510414006,0.044649019837379005,0.7928333282470701,0.10874115675687701
6038,lod-lille-0.6b,bn,D-lit,A,B,0,B,0,1,0.030186012387275002,0.885069787502288,0.885069787502288,0.708694696426391,0.030186012387275002,0.885069787502288,0.050308953970670006,0.034435242414474
6039,lod-lille-0.6b,bn,D-lit,A,C,0,C,0,1,0.427202850580215,0.552009403705596,0.552009403705596,0.310913056135177,0.427202850580215,0.012297675944864,0.552009403705596,0.008490025997161001
6045,lod-lille-0.6b,bn,D-lit,C,A,2,A,0,1,0.188688769936561,0.8047803640365601,0.8047803640365601,0.7614505887031551,0.8047803640365601,0.003085510339587,0.188688769936561,0.0034453391563140003
6052,lod-lille-0.6b,bn,D-lit,B,A,1,A,0,1,0.36569127440452504,0.595389127731323,0.595389127731323,0.534853279590606,0.595389127731323,0.36569127440452504,0.021089110523462,0.017830451950430003
6076,lod-lille-0.6b,bn,D-lit,B,A,1,B,1,0,0.37794092297554005,0.327497839927673,0.37794092297554005,0.197424337267875,0.327497839927673,0.37794092297554005,0.142545297741889,0.15201593935489602
6080,lod-lille-0.6b,bn,D-lit,B,D,1,D,0,1,0.23187750577926602,0.36719870567321705,0.36719870567321705,0.288880914449691,0.15040549635887102,0.23187750577926602,0.250518292188644,0.36719870567321705
6093,lod-lille-0.6b,bn,D-lit,D,C,3,A,0,0,0.147107616066932,0.174802601337432,0.48075380921363803,0.26120048761367803,0.48075380921363803,0.19733600318431802,0.174802601337432,0.147107616066932
6097,lod-lille-0.6b,bn,D-lit,B,D,1,D,0,1,0.048949241638183004,0.8880393505096431,0.8880393505096431,0.7335883378982541,0.027290780097246004,0.048949241638183004,0.035720583051443,0.8880393505096431
6100,lod-lille-0.6b,bn,D-lit,C,B,2,B,0,1,0.321752101182937,0.5847753882408141,0.5847753882408141,0.351700723171234,0.042023923248052,0.5847753882408141,0.321752101182937,0.051448579877614004
6103,lod-lille-0.6b,bn,D-lit,C,B,2,B,0,1,0.024971032515168003,0.9534578323364251,0.9534578323364251,0.839787065982818,0.016599578782916,0.9534578323364251,0.024971032515168003,0.004971550777554
6104,lod-lille-0.6b,bn,D-lit,A,C,0,B,0,0,0.197565123438835,0.11425925791263501,0.5440374612808221,0.31211191415786704,0.197565123438835,0.5440374612808221,0.11425925791263501,0.14413812756538302
6105,lod-lille-0.6b,bn,D-lit,C,B,2,B,0,1,0.056114964187145004,0.8710359334945671,0.8710359334945671,0.699525654315948,0.035403069108724004,0.8710359334945671,0.056114964187145004,0.037446014583110004
6107,lod-lille-0.6b,bn,D-lit,D,B,3,B,0,1,0.01784498244524,0.917432487010955,0.917432487010955,0.730951070785522,0.032014429569244,0.917432487010955,0.032708145678043005,0.01784498244524
6111,lod-lille-0.6b,bn,D-lit,C,D,2,D,0,1,0.05523197725415201,0.8587656021118161,0.8587656021118161,0.683174133300781,0.044933695346117006,0.041068669408559,0.05523197725415201,0.8587656021118161
6112,lod-lille-0.6b,bn,D-lit,A,C,0,C,0,1,0.28478065133094704,0.33738753199577304,0.33738753199577304,0.20422099530696802,0.28478065133094704,0.19761675596237102,0.33738753199577304,0.180214986205101
6117,lod-lille-0.6b,bn,D-lit,A,D,0,C,0,0,0.34678992629051203,0.072793416678905,0.45351234078407204,0.242327988147735,0.34678992629051203,0.126904278993606,0.45351234078407204,0.072793416678905
6119,lod-lille-0.6b,bn,D-lit,B,D,1,D,0,1,0.11064909398555701,0.7088941931724541,0.7088941931724541,0.554259002208709,0.10352249443531,0.11064909398555701,0.07693421095609601,0.7088941931724541
6124,lod-lille-0.6b,bn,D-lit,D,A,3,C,0,0,0.23593758046627003,0.19601817429065702,0.362720638513565,0.23698140680789903,0.19601817429065702,0.205323562026023,0.362720638513565,0.23593758046627003
6127,lod-lille-0.6b,bn,D-lit,B,D,1,D,0,1,0.00396597571671,0.987422823905944,0.987422823905944,0.890709698200225,0.003636965760961,0.00396597571671,0.004974253941327,0.987422823905944
6130,lod-lille-0.6b,bn,D-lit,B,C,1,C,0,1,0.02480125054717,0.866718053817749,0.866718053817749,0.7577624917030331,0.047888800501823,0.02480125054717,0.866718053817749,0.060591902583837
6135,lod-lille-0.6b,bn,D-lit,A,C,0,C,0,1,0.017388109117746003,0.9477744102478021,0.9477744102478021,0.8285866379737851,0.017388109117746003,0.016381476074457002,0.9477744102478021,0.018455939367413
6138,lod-lille-0.6b,bn,D-lit,C,D,2,D,0,1,0.014605347067117,0.926940023899078,0.926940023899078,0.77287071943283,0.031950224190950005,0.026504427194595,0.014605347067117,0.926940023899078
6139,lod-lille-0.6b,bn,D-lit,A,B,0,B,0,1,0.015025302767753,0.9640982151031491,0.9640982151031491,0.8555583953857421,0.015025302767753,0.9640982151031491,0.005183163564652001,0.015693267807364002
6140,lod-lille-0.6b,bn,D-lit,A,C,0,C,0,1,0.039896212518215006,0.9067612886428831,0.9067612886428831,0.7665439844131471,0.039896212518215006,0.030053922906517,0.9067612886428831,0.023288553580641
6145,lod-lille-0.6b,bn,D-lit,C,A,2,A,0,1,0.038710594177246004,0.866456687450408,0.866456687450408,0.729624569416046,0.866456687450408,0.043329559266567,0.038710594177246004,0.051503174006938005
6149,lod-lille-0.6b,bn,D-lit,A,C,0,C,0,1,0.05922334641218101,0.6982566118240351,0.6982566118240351,0.48186352849006603,0.05922334641218101,0.136715158820152,0.6982566118240351,0.10580489784479101
6151,lod-lille-0.6b,bn,D-lit,B,D,1,D,0,1,0.005289900582283001,0.988740861415863,0.988740861415863,0.9290727376937861,0.0024540782906110003,0.005289900582283001,0.003515205578878,0.988740861415863
6159,lod-lille-0.6b,bn,D-lit,D,C,3,C,0,1,0.0015424930024890001,0.9947901964187621,0.9947901964187621,0.863812923431396,0.001332347979769,0.002334996126592,0.9947901964187621,0.0015424930024890001
6163,lod-lille-0.6b,bn,D-lit,D,B,3,B,0,1,0.059874419122934,0.9300770759582521,0.9300770759582521,0.8486139178276061,0.0072012385353440005,0.9300770759582521,0.0028472421690820004,0.059874419122934
6165,lod-lille-0.6b,bn,D-lit,D,B,3,B,0,1,0.030907405540347002,0.798095226287841,0.798095226287841,0.625871002674102,0.033346336334943,0.798095226287841,0.13765110075473702,0.030907405540347002
6180,lod-lille-0.6b,bn,D-lit,A,C,0,C,0,1,0.082256183028221,0.756962418556213,0.756962418556213,0.49160695075988703,0.082256183028221,0.11721257120370801,0.756962418556213,0.043568816035985
6189,lod-lille-0.6b,bn,D-lit,B,A,1,A,0,1,0.031031023710966003,0.904518127441406,0.904518127441406,0.727685928344726,0.904518127441406,0.031031023710966003,0.019569652155041,0.044881228357553
6197,lod-lille-0.6b,bn,D-lit,A,D,0,A,1,0,0.577850341796875,0.280619829893112,0.577850341796875,0.31602245569229104,0.577850341796875,0.07742672413587501,0.06410314142704,0.280619829893112
6214,lod-lille-0.6b,bn,D-lit,D,A,3,A,0,1,0.144150376319885,0.42665290832519503,0.42665290832519503,0.158832177519798,0.42665290832519503,0.26016291975975003,0.16903381049633,0.144150376319885
6215,lod-lille-0.6b,bn,D-lit,D,C,3,C,0,1,0.09337621927261301,0.489963442087173,0.489963442087173,0.31271657347679105,0.307046771049499,0.10961358249187401,0.489963442087173,0.09337621927261301
6217,lod-lille-0.6b,bn,D-lit,A,C,0,C,0,1,0.049455419182777,0.852219700813293,0.852219700813293,0.6624650359153741,0.049455419182777,0.061578281223773006,0.852219700813293,0.036746617406606
6220,lod-lille-0.6b,bn,D-lit,D,B,3,B,0,1,0.09200088679790401,0.6555241346359251,0.6555241346359251,0.48394092917442305,0.061910189688205004,0.6555241346359251,0.190564841032028,0.09200088679790401
6226,lod-lille-0.6b,bn,D-lit,C,A,2,A,0,1,0.17095279693603502,0.631466805934906,0.631466805934906,0.5067566633224481,0.631466805934906,0.08967904746532401,0.17095279693603502,0.107901327311992
6227,lod-lille-0.6b,bn,D-lit,A,B,0,B,0,1,0.0662382543087,0.8410702943801881,0.8410702943801881,0.6899065375328061,0.0662382543087,0.8410702943801881,0.024742860347032002,0.067948646843433
6228,lod-lille-0.6b,bn,D-lit,B,A,1,A,0,1,0.076708249747753,0.619420111179351,0.619420111179351,0.33401516079902605,0.619420111179351,0.076708249747753,0.215152323246002,0.088719360530376
6229,lod-lille-0.6b,bn,D-lit,B,D,1,D,0,1,0.075966164469718,0.8418445587158201,0.8418445587158201,0.7478838562965391,0.022375052794814002,0.075966164469718,0.059814237058162,0.8418445587158201
6234,lod-lille-0.6b,bn,D-lit,D,A,3,D,1,0,0.6750323176383971,0.265113204717636,0.6750323176383971,0.49813693761825506,0.265113204717636,0.035570692270994006,0.024283740669488,0.6750323176383971
6235,lod-lille-0.6b,bn,D-lit,B,A,1,A,0,1,0.035161577165126,0.9100047945976251,0.9100047945976251,0.772820770740509,0.9100047945976251,0.035161577165126,0.022737069055438,0.032096583396196005
6238,lod-lille-0.6b,bn,D-lit,C,B,2,B,0,1,0.032284989953041,0.949761509895324,0.949761509895324,0.8329668045043941,0.012377966195344,0.949761509895324,0.032284989953041,0.005575526971369001
6239,lod-lille-0.6b,bn,D-lit,B,D,1,D,0,1,0.091360554099082,0.8945009708404541,0.8945009708404541,0.8013668656349181,0.0037848760839550005,0.091360554099082,0.010353528894484001,0.8945009708404541
6240,lod-lille-0.6b,bn,D-lit,C,D,2,D,0,1,0.007188736926764001,0.986113607883453,0.986113607883453,0.8764121532440181,0.0029745223000640004,0.0037231489550320004,0.007188736926764001,0.986113607883453
6241,lod-lille-0.6b,bn,D-lit,A,D,0,D,0,1,0.015887783840298,0.97654765844345,0.97654765844345,0.902725577354431,0.015887783840298,0.0048641869798300005,0.002700361656025,0.97654765844345
6243,lod-lille-0.6b,bn,D-lit,C,D,2,D,0,1,0.017119539901614002,0.9704990983009331,0.9704990983009331,0.8330999016761781,0.005325127858668,0.007056242786347,0.017119539901614002,0.9704990983009331
6244,lod-lille-0.6b,bn,D-lit,A,C,0,C,0,1,0.010344578884541001,0.9656131863594051,0.9656131863594051,0.8842533230781551,0.010344578884541001,0.010182434692978,0.9656131863594051,0.013859749771654
6253,lod-lille-0.6b,bn,D-lit,B,D,1,D,0,1,0.028391590341925003,0.8386629819869991,0.8386629819869991,0.6957510709762571,0.091628678143024,0.028391590341925003,0.041316770017147,0.8386629819869991
6254,lod-lille-0.6b,bn,D-lit,A,C,0,C,0,1,0.02102905511856,0.90742027759552,0.90742027759552,0.745432317256927,0.02102905511856,0.023621307685971003,0.90742027759552,0.047929354012012
6255,lod-lille-0.6b,bn,D-lit,B,C,1,C,0,1,0.12605856359004902,0.530861377716064,0.530861377716064,0.34297654032707203,0.225072488188743,0.12605856359004902,0.530861377716064,0.118007570505142
6269,lod-lille-0.6b,bn,D-lit,B,A,1,A,0,1,0.14718173444271002,0.7947254180908201,0.7947254180908201,0.623449027538299,0.7947254180908201,0.14718173444271002,0.020679594948887003,0.037413254380226
6272,lod-lille-0.6b,bn,D-lit,B,A,1,A,0,1,0.019956067204475,0.9511034488677971,0.9511034488677971,0.8414249420166011,0.9511034488677971,0.019956067204475,0.013784384354948002,0.0151561293751
6276,lod-lille-0.6b,bn,D-lit,C,B,2,B,0,1,0.006627304945141001,0.9849464893341061,0.9849464893341061,0.8898434042930601,0.006701037753373,0.9849464893341061,0.006627304945141001,0.001725221402011
6277,lod-lille-0.6b,bn,D-lit,D,B,3,B,0,1,0.288101285696029,0.5975542068481441,0.5975542068481441,0.39302510023117004,0.09155081212520601,0.5975542068481441,0.022793700918555003,0.288101285696029
6278,lod-lille-0.6b,bn,D-lit,D,A,3,A,0,1,0.025789760053157,0.9093685746192931,0.9093685746192931,0.7763571143150331,0.9093685746192931,0.022043099626898002,0.042798560112714004,0.025789760053157
6279,lod-lille-0.6b,bn,D-lit,C,A,2,A,0,1,0.013141995295882001,0.9717655777931211,0.9717655777931211,0.85697466135025,0.9717655777931211,0.011886986903846,0.013141995295882001,0.0032054348848760002
6280,lod-lille-0.6b,bn,D-lit,B,C,1,C,0,1,0.013763790018856002,0.9576755762100221,0.9576755762100221,0.7982819080352781,0.013108374550938,0.013763790018856002,0.9576755762100221,0.015452231280505001
6281,lod-lille-0.6b,bn,D-lit,D,A,3,A,0,1,0.017854815348982003,0.8879339694976801,0.8879339694976801,0.7231982946395871,0.8879339694976801,0.082111224532127,0.012099994346499,0.017854815348982003
6284,lod-lille-0.6b,bn,D-lit,C,A,2,A,0,1,0.059661209583282006,0.8277508020401001,0.8277508020401001,0.741159677505493,0.8277508020401001,0.056567221879959,0.059661209583282006,0.056020706892013
6285,lod-lille-0.6b,bn,D-lit,C,D,2,D,0,1,0.007127292454242,0.979660868644714,0.979660868644714,0.8499401211738581,0.006369299255311001,0.006842494476586001,0.007127292454242,0.979660868644714
6288,lod-lille-0.6b,bn,D-lit,B,A,1,A,0,1,0.036294657737016005,0.922509014606475,0.922509014606475,0.7901862263679501,0.922509014606475,0.036294657737016005,0.018252227455377003,0.022944144904613002
6289,lod-lille-0.6b,bn,D-lit,A,D,0,D,0,1,0.021538265049457002,0.9296020269393921,0.9296020269393921,0.837745785713195,0.021538265049457002,0.016980858519673,0.031878791749477005,0.9296020269393921
6294,lod-lille-0.6b,bn,D-lit,B,D,1,D,0,1,0.06424069404602001,0.817601442337036,0.817601442337036,0.6765316724777221,0.050273790955543005,0.06424069404602001,0.06788405030965801,0.817601442337036
6296,lod-lille-0.6b,bn,D-lit,A,D,0,D,0,1,0.016993587836623,0.94973087310791,0.94973087310791,0.8431728482246391,0.016993587836623,0.024560626596212002,0.008714845404028001,0.94973087310791
6300,lod-lille-0.6b,bn,D-lit,C,A,2,A,0,1,0.138027518987655,0.506528079509735,0.506528079509735,0.252054125070571,0.506528079509735,0.28153875470161405,0.138027518987655,0.07390564680099401
6309,lod-lille-0.6b,bn,D-lit,C,D,2,D,0,1,0.006291755940765,0.9787277579307551,0.9787277579307551,0.8789156079292291,0.005727201234549,0.009253275580704,0.006291755940765,0.9787277579307551
6313,lod-lille-0.6b,bn,D-lit,A,C,0,C,0,1,0.045953374356031,0.9337780475616451,0.9337780475616451,0.7288966178894041,0.045953374356031,0.010079038329422,0.9337780475616451,0.010189582593739002
6316,lod-lille-0.6b,bn,D-lit,C,B,2,B,0,1,0.021079374477267,0.9684786796569821,0.9684786796569821,0.793730854988098,0.006034824065864,0.9684786796569821,0.021079374477267,0.004407117608934001
6318,lod-lille-0.6b,bn,D-lit,D,B,3,B,0,1,0.008721194230020001,0.9776473045349121,0.9776473045349121,0.887947022914886,0.004917921032756001,0.9776473045349121,0.008713612332940001,0.008721194230020001
6320,lod-lille-0.6b,bn,D-lit,B,D,1,D,0,1,0.21226169168949102,0.5576043725013731,0.5576043725013731,0.290302336215972,0.074979245662689,0.21226169168949102,0.155154705047607,0.5576043725013731
6325,lod-lille-0.6b,bn,D-lit,C,A,2,A,0,1,0.20587852597236603,0.387963891029357,0.387963891029357,0.195308059453964,0.387963891029357,0.133990705013275,0.20587852597236603,0.272166788578033
6330,lod-lille-0.6b,bn,D-lit,D,A,3,A,0,1,0.102778941392898,0.7062832713127131,0.7062832713127131,0.5114892721176141,0.7062832713127131,0.088383987545967,0.102553874254226,0.102778941392898
6332,lod-lille-0.6b,bn,D-lit,D,B,3,D,1,0,0.26154586672782904,0.255311191082,0.26154586672782904,0.17158049345016402,0.25470551848411505,0.255311191082,0.22843743860721502,0.26154586672782904
6333,lod-lille-0.6b,bn,D-lit,B,C,1,B,1,0,0.47664505243301303,0.453616887331008,0.47664505243301303,0.252474188804626,0.040883369743824005,0.47664505243301303,0.453616887331008,0.028854675590991002
6334,lod-lille-0.6b,bn,D-lit,A,C,0,C,0,1,0.006132735870778,0.96985638141632,0.96985638141632,0.8279722332954401,0.006132735870778,0.0018365776631980003,0.96985638141632,0.022174332290887003
6335,lod-lille-0.6b,bn,D-lit,C,A,2,A,0,1,0.036251615732908006,0.9368143677711481,0.9368143677711481,0.7991184592247,0.9368143677711481,0.005108471028506,0.036251615732908006,0.021825559437274003
6339,lod-lille-0.6b,bn,D-lit,B,C,1,C,0,1,0.12641862034797602,0.799893260002136,0.799893260002136,0.543594598770141,0.035221140831708006,0.12641862034797602,0.799893260002136,0.038466911762952
6340,lod-lille-0.6b,bn,D-lit,C,B,2,B,0,1,0.004327370319515,0.9843167066574091,0.9843167066574091,0.8887860178947441,0.006302408874034,0.9843167066574091,0.004327370319515,0.005053482484072
6349,lod-lille-0.6b,bn,D-lit,D,A,3,A,0,1,0.012074394151568002,0.964470863342285,0.964470863342285,0.850648403167724,0.964470863342285,0.010573544539511,0.01288120727986,0.012074394151568002
6351,lod-lille-0.6b,bn,D-lit,D,B,3,B,0,1,0.22123464941978402,0.7330970764160151,0.7330970764160151,0.6040685176849361,0.021687634289264002,0.7330970764160151,0.023980623111128002,0.22123464941978402
6353,lod-lille-0.6b,bn,D-lit,D,C,3,C,0,1,0.044246479868888,0.746040940284729,0.746040940284729,0.53593772649765,0.146564677357673,0.063147827982902,0.746040940284729,0.044246479868888
6359,lod-lille-0.6b,bn,D-lit,D,A,3,A,0,1,0.294288963079452,0.36739569902420005,0.36739569902420005,0.19324161112308502,0.36739569902420005,0.07390949875116301,0.26440587639808605,0.294288963079452
6362,lod-lille-0.6b,bn,D-lit,B,C,1,D,0,0,0.15750104188919,0.152631476521492,0.6429892182350151,0.416787832975387,0.046878345310688005,0.15750104188919,0.152631476521492,0.6429892182350151
6365,lod-lille-0.6b,bn,D-lit,D,C,3,C,0,1,0.003947518765926,0.9870534539222711,0.9870534539222711,0.8681424856185911,0.004530106205493,0.004468933679163001,0.9870534539222711,0.003947518765926
6369,lod-lille-0.6b,bn,D-lit,B,A,1,A,0,1,0.0036436673253770003,0.991379499435424,0.991379499435424,0.917351901531219,0.991379499435424,0.0036436673253770003,0.0032486554700880002,0.0017281565815210002
6372,lod-lille-0.6b,bn,D-lit,C,A,2,A,0,1,0.051303401589393005,0.9215042591094971,0.9215042591094971,0.7881649136543271,0.9215042591094971,0.013276255689561001,0.051303401589393005,0.013916130177676001
6373,lod-lille-0.6b,bn,D-lit,D,A,3,A,0,1,0.019125275313854002,0.8931664824485771,0.8931664824485771,0.811802446842193,0.8931664824485771,0.032820880413055004,0.054887354373931004,0.019125275313854002
6376,lod-lille-0.6b,bn,D-lit,C,B,2,B,0,1,0.046995285898447,0.7710431814193721,0.7710431814193721,0.591100394725799,0.10620955377817101,0.7710431814193721,0.046995285898447,0.075751937925815
6377,lod-lille-0.6b,bn,D-lit,B,C,1,C,0,1,0.21615323424339203,0.63881766796112,0.63881766796112,0.340458303689956,0.08030848205089501,0.21615323424339203,0.63881766796112,0.06472060829401001
6379,lod-lille-0.6b,bn,D-lit,D,C,3,C,0,1,0.23691020905971502,0.548434376716613,0.548434376716613,0.31518760323524403,0.126381292939186,0.088274106383323,0.548434376716613,0.23691020905971502
6380,lod-lille-0.6b,bn,D-lit,B,A,1,A,0,1,0.045777268707752006,0.9166492223739621,0.9166492223739621,0.8021575212478631,0.9166492223739621,0.045777268707752006,0.025189081206917003,0.012384438887238001
6384,lod-lille-0.6b,bn,D-lit,D,B,3,B,0,1,0.042734630405902,0.8806372880935661,0.8806372880935661,0.628237128257751,0.027413949370384,0.8806372880935661,0.049214180558919005,0.042734630405902
6387,lod-lille-0.6b,bn,D-lit,D,A,3,A,0,1,0.008502905257046,0.9603946208953851,0.9603946208953851,0.7891489267349241,0.9603946208953851,0.013582642190158001,0.017519867047667,0.008502905257046
6388,lod-lille-0.6b,bn,D-lit,A,C,0,C,0,1,0.010864311829209002,0.96644115447998,0.96644115447998,0.8277790546417231,0.010864311829209002,0.011992642655968002,0.96644115447998,0.010701823979616
6389,lod-lille-0.6b,bn,D-lit,B,D,1,D,0,1,0.05424343422055201,0.9046778082847591,0.9046778082847591,0.750431418418884,0.017019243910908,0.05424343422055201,0.024059483781456,0.9046778082847591
6395,lod-lille-0.6b,bn,D-lit,A,D,0,D,0,1,0.07092447578907,0.8379244804382321,0.8379244804382321,0.707235276699066,0.07092447578907,0.056155715137720004,0.034995272755622,0.8379244804382321
6396,lod-lille-0.6b,bn,D-lit,D,A,3,A,0,1,0.052705556154251,0.8905923962593071,0.8905923962593071,0.7043354511260981,0.8905923962593071,0.027269287034869003,0.029432713985443,0.052705556154251
6402,lod-lille-0.6b,bn,D-lit,B,D,1,D,0,1,0.142827123403549,0.7791813611984251,0.7791813611984251,0.5098110437393181,0.036674913018941005,0.142827123403549,0.041316598653793,0.7791813611984251
6410,lod-lille-0.6b,bn,D-lit,B,D,1,D,0,1,0.136988252401351,0.8067071437835691,0.8067071437835691,0.7169476151466371,0.018798414617776,0.136988252401351,0.037506218999624,0.8067071437835691
6411,lod-lille-0.6b,bn,D-lit,C,D,2,D,0,1,0.008152406662702,0.9852125644683831,0.9852125644683831,0.8796272873878471,0.004898402374237,0.0017366482643410002,0.008152406662702,0.9852125644683831
6419,lod-lille-0.6b,bn,D-lit,B,D,1,D,0,1,0.10136015713214801,0.809475719928741,0.809475719928741,0.524271965026855,0.046806197613477006,0.10136015713214801,0.042357873171567,0.809475719928741
6420,lod-lille-0.6b,bn,D-lit,D,B,3,C,0,0,0.213031142950057,0.28646457195281905,0.33539021015167203,0.202335655689239,0.16511413455009402,0.28646457195281905,0.33539021015167203,0.213031142950057
6433,lod-lille-0.6b,bn,D-lit,A,D,0,A,1,0,0.625742971897125,0.259816616773605,0.625742971897125,0.47165241837501504,0.625742971897125,0.06311327964067401,0.051327068358659,0.259816616773605
6435,lod-lille-0.6b,bn,D-lit,C,D,2,D,0,1,0.052228834480047004,0.889325320720672,0.889325320720672,0.648267686367034,0.030997030436992003,0.027448877692222002,0.052228834480047004,0.889325320720672
6441,lod-lille-0.6b,bn,D-lit,C,A,2,A,0,1,0.081618435680866,0.892211258411407,0.892211258411407,0.7580547332763671,0.892211258411407,0.010088777169585,0.081618435680866,0.016081534326076
6450,lod-lille-0.6b,bn,D-lit,A,B,0,B,0,1,0.025373265147209,0.9377091526985161,0.9377091526985161,0.830122172832489,0.025373265147209,0.9377091526985161,0.01602510176599,0.020892472937703
6451,lod-lille-0.6b,bn,D-lit,D,B,3,C,0,0,0.17080906033515902,0.286072969436645,0.299794733524322,0.199656814336776,0.24332322180271101,0.286072969436645,0.299794733524322,0.17080906033515902
6454,lod-lille-0.6b,bn,D-lit,C,D,2,D,0,1,0.24522678554058003,0.41704002022743203,0.41704002022743203,0.204856112599372,0.224066749215126,0.113666452467441,0.24522678554058003,0.41704002022743203
6456,lod-lille-0.6b,bn,D-lit,A,B,0,C,0,0,0.31567507982254,0.192673340439796,0.392370849847793,0.16708874702453602,0.31567507982254,0.192673340439796,0.392370849847793,0.09928070753812701
6461,lod-lille-0.6b,bn,D-lit,B,A,1,A,0,1,0.016473498195409,0.9816645383834831,0.9816645383834831,0.85656052827835,0.9816645383834831,0.016473498195409,0.001092514838092,0.0007694019004700001
6462,lod-lille-0.6b,bn,D-lit,D,B,3,B,0,1,0.122749179601669,0.828307330608367,0.828307330608367,0.627093255519866,0.025416871532797,0.828307330608367,0.023526635020971003,0.122749179601669
6463,lod-lille-0.6b,bn,D-lit,B,A,1,A,0,1,0.04893875494599301,0.8291661143302911,0.8291661143302911,0.6596748828887941,0.8291661143302911,0.04893875494599301,0.07907273620367,0.04282234236598
6467,lod-lille-0.6b,bn,D-lit,A,C,0,C,0,1,0.01606455259025,0.951490223407745,0.951490223407745,0.7920764088630671,0.01606455259025,0.018396228551864003,0.951490223407745,0.014049002900719
6468,lod-lille-0.6b,bn,D-lit,A,C,0,C,0,1,0.035983674228191,0.9379698634147641,0.9379698634147641,0.808031976222991,0.035983674228191,0.008760250173509001,0.9379698634147641,0.017286207526922
6470,lod-lille-0.6b,bn,D-lit,A,B,0,B,0,1,0.018697632476687,0.8863356709480281,0.8863356709480281,0.718621432781219,0.018697632476687,0.8863356709480281,0.036168217658996006,0.058798398822546005
6471,lod-lille-0.6b,bn,D-lit,D,A,3,A,0,1,0.041204322129487006,0.76683622598648,0.76683622598648,0.534312963485717,0.76683622598648,0.092923872172832,0.09903552383184401,0.041204322129487006
6476,lod-lille-0.6b,bn,D-lit,C,A,2,A,0,1,0.042664341628551004,0.8557185530662531,0.8557185530662531,0.686317861080169,0.8557185530662531,0.06315515935420901,0.042664341628551004,0.038462024182081
6477,lod-lille-0.6b,bn,D-lit,D,C,3,C,0,1,0.014821956865489,0.9528729915618891,0.9528729915618891,0.844459056854248,0.021198343485593,0.011106734164059,0.9528729915618891,0.014821956865489
6485,lod-lille-0.6b,bn,D-lit,C,B,2,B,0,1,0.08035351336002301,0.6841272115707391,0.6841272115707391,0.46644052863121005,0.09625281393527901,0.6841272115707391,0.08035351336002301,0.13926650583744002
6486,lod-lille-0.6b,bn,D-lit,A,B,0,B,0,1,0.23939803242683402,0.421013414859771,0.421013414859771,0.27189302444458,0.23939803242683402,0.421013414859771,0.213407039642333,0.12618149816989901
6487,lod-lille-0.6b,bn,D-lit,A,D,0,D,0,1,0.0032530552707610003,0.979530274868011,0.979530274868011,0.8988978266716001,0.0032530552707610003,0.012106951326131,0.0051097711548200005,0.979530274868011
6489,lod-lille-0.6b,bn,D-lit,D,C,3,C,0,1,0.001443237997591,0.9941831231117241,0.9941831231117241,0.931423008441925,0.0018309443257740002,0.0025426363572470002,0.9941831231117241,0.001443237997591
6492,lod-lille-0.6b,bn,D-lit,B,A,1,A,0,1,0.288501858711242,0.6944230198860161,0.6944230198860161,0.5620958805084221,0.6944230198860161,0.288501858711242,0.011785178445279001,0.005289853550493001
6512,lod-lille-0.6b,bn,D-lit,C,A,2,A,0,1,0.010237937793135001,0.9656377434730531,0.9656377434730531,0.781620740890502,0.9656377434730531,0.012213570997118001,0.010237937793135001,0.011910794302821002
6513,lod-lille-0.6b,bn,D-lit,A,D,0,D,0,1,0.014356646686792,0.9449303746223451,0.9449303746223451,0.815920293331146,0.014356646686792,0.018774932250380003,0.021938111633062002,0.9449303746223451
6515,lod-lille-0.6b,bn,D-lit,C,D,2,D,0,1,0.0037988296244290004,0.988319158554077,0.988319158554077,0.8826110363006591,0.0028312266804270004,0.005050770007073001,0.0037988296244290004,0.988319158554077
6517,lod-lille-0.6b,bn,D-lit,D,C,3,C,0,1,0.017235940322279,0.9360825419425961,0.9360825419425961,0.821366488933563,0.021252909675240003,0.025428550317883002,0.9360825419425961,0.017235940322279
6519,lod-lille-0.6b,bn,D-lit,A,C,0,C,0,1,0.139284759759902,0.727050602436065,0.727050602436065,0.509471356868743,0.139284759759902,0.07804841548204401,0.727050602436065,0.055616237223148006
6521,lod-lille-0.6b,bn,D-lit,B,C,1,C,0,1,0.059630770236253,0.8177975416183471,0.8177975416183471,0.656865894794464,0.08418799191713301,0.059630770236253,0.8177975416183471,0.038383673876523
6529,lod-lille-0.6b,bn,D-lit,D,A,3,A,0,1,0.020272383466362003,0.945794522762298,0.945794522762298,0.7892106175422661,0.945794522762298,0.014464363455772001,0.019468776881694003,0.020272383466362003
6531,lod-lille-0.6b,bn,D-lit,C,D,2,D,0,1,0.31365317106246904,0.6518336534500121,0.6518336534500121,0.44731283187866205,0.020211841911077003,0.014301301911473002,0.31365317106246904,0.6518336534500121
6532,lod-lille-0.6b,bn,D-lit,C,D,2,D,0,1,0.014252331107854002,0.941274881362915,0.941274881362915,0.8513849973678581,0.017502406612038002,0.026970399543642002,0.014252331107854002,0.941274881362915
6533,lod-lille-0.6b,bn,D-lit,B,A,1,A,0,1,0.034079700708389005,0.9577423930168151,0.9577423930168151,0.8147503733634941,0.9577423930168151,0.034079700708389005,0.0029768615495410003,0.0052009858191010006
6534,lod-lille-0.6b,bn,D-lit,B,C,1,C,0,1,0.00403830083087,0.9937778711318971,0.9937778711318971,0.9134665131568901,0.0013718488626180002,0.00403830083087,0.9937778711318971,0.000812039710581
6535,lod-lille-0.6b,bn,D-lit,A,D,0,D,0,1,0.009711311198771,0.9802685379981991,0.9802685379981991,0.8377189040184021,0.009711311198771,0.005416627041995001,0.0046034832485020005,0.9802685379981991
6540,lod-lille-0.6b,bn,D-lit,A,D,0,D,0,1,0.11566510796546901,0.858270227909088,0.858270227909088,0.616582572460174,0.11566510796546901,0.012050097808241001,0.014014592394232,0.858270227909088
6545,lod-lille-0.6b,bn,D-lit,A,D,0,D,0,1,0.011993612162768001,0.9624302983283991,0.9624302983283991,0.8082344532012941,0.011993612162768001,0.013592706993222,0.011983374133706001,0.9624302983283991
6546,lod-lille-0.6b,bn,D-lit,B,C,1,C,0,1,0.033869825303554,0.9354149699211121,0.9354149699211121,0.7480730414390561,0.013539470732212,0.033869825303554,0.9354149699211121,0.017175743356347
6550,lod-lille-0.6b,bn,D-lit,D,B,3,B,0,1,0.009671788662672001,0.9857465028762811,0.9857465028762811,0.8787118792533871,0.002325617242604,0.9857465028762811,0.002256080741062,0.009671788662672001
6552,lod-lille-0.6b,bn,D-lit,A,D,0,D,0,1,0.029691135510802002,0.9485670328140251,0.9485670328140251,0.824240028858184,0.029691135510802002,0.007215725257992,0.014526083134114002,0.9485670328140251
6553,lod-lille-0.6b,bn,D-lit,A,C,0,C,0,1,0.40239572525024403,0.5033470988273621,0.5033470988273621,0.306834906339645,0.40239572525024403,0.028525860980153,0.5033470988273621,0.065731279551982
6554,lod-lille-0.6b,bn,D-lit,A,B,0,B,0,1,0.012620829977095,0.9505199193954461,0.9505199193954461,0.7918792366981501,0.012620829977095,0.9505199193954461,0.032229054719209005,0.004630255047231
6555,lod-lille-0.6b,bn,D-lit,D,B,3,B,0,1,0.186169400811195,0.8062527179718011,0.8062527179718011,0.7000770568847651,0.004530204460024,0.8062527179718011,0.003047672100365,0.186169400811195
6556,lod-lille-0.6b,bn,D-lit,C,D,2,D,0,1,0.082449480891227,0.8558905124664301,0.8558905124664301,0.6686902642250061,0.028817944228649,0.032842092216014,0.082449480891227,0.8558905124664301
6562,lod-lille-0.6b,bn,D-lit,D,A,3,A,0,1,0.027294378727674002,0.949950039386749,0.949950039386749,0.7856894731521601,0.949950039386749,0.018675368279218,0.004080290906131,0.027294378727674002
6563,lod-lille-0.6b,bn,D-lit,C,A,2,A,0,1,0.034111510962247,0.9562216997146601,0.9562216997146601,0.8167085051536561,0.9562216997146601,0.003987963311374,0.034111510962247,0.005678716581314001
6564,lod-lille-0.6b,bn,D-lit,D,C,3,C,0,1,0.008772636763751,0.980451524257659,0.980451524257659,0.8147391676902771,0.0039276857860380005,0.006848101969808001,0.980451524257659,0.008772636763751
6568,lod-lille-0.6b,bn,D-lit,A,B,0,B,0,1,0.005000625737011001,0.9746368527412411,0.9746368527412411,0.8218472599983211,0.005000625737011001,0.9746368527412411,0.011481574736535001,0.008880835957825
6569,lod-lille-0.6b,bn,D-lit,D,B,3,B,0,1,0.240205824375152,0.7195475101470941,0.7195475101470941,0.48048713803291304,0.024719143286347,0.7195475101470941,0.015527600422501002,0.240205824375152
6570,lod-lille-0.6b,bn,D-lit,D,A,3,A,0,1,0.244936555624008,0.7369730472564691,0.7369730472564691,0.5381261110305781,0.7369730472564691,0.011938455514609,0.006151990033686001,0.244936555624008
6574,lod-lille-0.6b,bn,D-lit,A,C,0,C,0,1,0.020391924306750003,0.973565459251403,0.973565459251403,0.847710490226745,0.020391924306750003,0.0027667633257800004,0.973565459251403,0.003275854047387
6576,lod-lille-0.6b,bn,D-lit,D,A,3,A,0,1,0.08417160063982,0.8545482754707331,0.8545482754707331,0.658565878868103,0.8545482754707331,0.034168072044849,0.027112094685435004,0.08417160063982
6577,lod-lille-0.6b,bn,D-lit,B,D,1,D,0,1,0.00047775325947400004,0.9971948862075801,0.9971948862075801,0.9092266559600831,0.0013287540059530002,0.00047775325947400004,0.000998573261313,0.9971948862075801
6583,lod-lille-0.6b,bn,D-lit,C,D,2,D,0,1,0.017614552751183,0.9538377523422241,0.9538377523422241,0.833190441131591,0.013419990427792001,0.015127703547477,0.017614552751183,0.9538377523422241
6584,lod-lille-0.6b,bn,D-lit,B,C,1,C,0,1,0.006298519670963,0.980697870254516,0.980697870254516,0.9155007600784301,0.006981276441365001,0.006298519670963,0.980697870254516,0.0060223047621540005
6587,lod-lille-0.6b,bn,D-lit,A,D,0,D,0,1,0.010581370443105,0.960889339447021,0.960889339447021,0.8440330624580381,0.010581370443105,0.014421224594116001,0.014108111150562002,0.960889339447021
6589,lod-lille-0.6b,bn,D-lit,D,B,3,B,0,1,0.022933505475521,0.9062975645065301,0.9062975645065301,0.7443165183067321,0.026835363358259003,0.9062975645065301,0.043933600187301004,0.022933505475521
6590,lod-lille-0.6b,bn,D-lit,C,A,2,A,0,1,0.031420778483152,0.942559301853179,0.942559301853179,0.829727828502655,0.942559301853179,0.015893701463937,0.031420778483152,0.010126264765858001
6591,lod-lille-0.6b,bn,D-lit,A,C,0,C,0,1,0.025615911930799002,0.896652579307556,0.896652579307556,0.715258836746215,0.025615911930799002,0.03794215247035,0.896652579307556,0.039789408445358006
6592,lod-lille-0.6b,bn,D-lit,A,D,0,D,0,1,0.018466383218765002,0.961616098880767,0.961616098880767,0.7888216376304621,0.018466383218765002,0.012304835952818002,0.007612650748342001,0.961616098880767
6593,lod-lille-0.6b,bn,D-lit,A,B,0,B,0,1,0.192677542567253,0.7717233300209041,0.7717233300209041,0.64524894952774,0.192677542567253,0.7717233300209041,0.019578052684664,0.016021013259887
6595,lod-lille-0.6b,bn,D-lit,C,A,2,A,0,1,0.09622383117675701,0.71041315793991,0.71041315793991,0.5369992256164551,0.71041315793991,0.12498561292886701,0.09622383117675701,0.068377383053302
6596,lod-lille-0.6b,bn,D-lit,C,A,2,A,0,1,0.21060763299465102,0.42604672908782903,0.42604672908782903,0.262174993753433,0.42604672908782903,0.17987772822380002,0.21060763299465102,0.183467924594879
6599,lod-lille-0.6b,bn,D-lit,C,B,2,B,0,1,0.005711315199732001,0.9565939903259271,0.9565939903259271,0.799837350845336,0.022645642980933002,0.9565939903259271,0.005711315199732001,0.015049054287374
6600,lod-lille-0.6b,bn,D-lit,A,D,0,D,0,1,0.013659330084919001,0.9661643505096431,0.9661643505096431,0.880702793598175,0.013659330084919001,0.006717163603752001,0.013459160923957,0.9661643505096431
6601,lod-lille-0.6b,bn,D-lit,C,A,2,A,0,1,0.225001648068428,0.6125408411026001,0.6125408411026001,0.335736095905303,0.6125408411026001,0.09098435938358301,0.225001648068428,0.071473166346549
6604,lod-lille-0.6b,bn,D-lit,A,D,0,D,0,1,0.308350533246994,0.469466894865036,0.469466894865036,0.23180516064167,0.308350533246994,0.112542487680912,0.10964006930589601,0.469466894865036
6606,lod-lille-0.6b,bn,D-lit,B,A,1,D,0,0,0.16504493355751002,0.257343053817749,0.32301902770996005,0.17880180478096003,0.257343053817749,0.16504493355751002,0.254592955112457,0.32301902770996005
6610,lod-lille-0.6b,bn,D-lit,C,B,2,B,0,1,0.092829123139381,0.6924166679382321,0.6924166679382321,0.396403342485427,0.088135324418544,0.6924166679382321,0.092829123139381,0.126618847250938
6614,lod-lille-0.6b,bn,D-lit,D,B,3,B,0,1,0.0077789179049430005,0.9453021883964531,0.9453021883964531,0.7389833331108091,0.036314878612756,0.9453021883964531,0.010603990405797,0.0077789179049430005
6625,lod-lille-0.6b,bn,D-lit,B,C,1,B,1,0,0.331210076808929,0.084178924560546,0.331210076808929,0.19807666540145802,0.263964354991912,0.331210076808929,0.084178924560546,0.320646613836288
6638,lod-lille-0.6b,bn,D-lit,B,A,1,A,0,1,0.018106056377291003,0.9461758732795711,0.9461758732795711,0.808179497718811,0.9461758732795711,0.018106056377291003,0.013474045321345001,0.022244064137339002
6641,lod-lille-0.6b,bn,D-lit,C,B,2,B,0,1,0.035095471888780004,0.935094118118286,0.935094118118286,0.749275624752044,0.018789833411574003,0.935094118118286,0.035095471888780004,0.011020602658390001
6646,lod-lille-0.6b,bn,D-lit,C,A,2,A,0,1,0.022351628169417003,0.8735828399658201,0.8735828399658201,0.753284573554992,0.8735828399658201,0.06027536094188601,0.022351628169417003,0.043790191411972004
6647,lod-lille-0.6b,bn,D-lit,B,C,1,C,0,1,0.052980728447437,0.87855064868927,0.87855064868927,0.7703527808189391,0.029528642073273003,0.052980728447437,0.87855064868927,0.038939990103244004
6657,lod-lille-0.6b,bn,D-lit,D,C,3,C,0,1,0.002285713795572,0.994225680828094,0.994225680828094,0.8929663300514221,0.002075053052976,0.0014135027304290001,0.994225680828094,0.002285713795572
6661,lod-lille-0.6b,bn,D-lit,D,A,3,A,0,1,0.00081738474546,0.994883358478546,0.994883358478546,0.92514967918396,0.994883358478546,0.001708458643406,0.002590848365798,0.00081738474546
6663,lod-lille-0.6b,bn,D-lit,D,B,3,A,0,0,0.27946087718009904,0.20514285564422602,0.331258416175842,0.173067912459373,0.331258416175842,0.20514285564422602,0.18413780629634802,0.27946087718009904
6665,lod-lille-0.6b,bn,D-lit,C,B,2,B,0,1,0.017183858901262002,0.9798643589019771,0.9798643589019771,0.8694459795951841,0.001184516935609,0.9798643589019771,0.017183858901262002,0.0017673665424800002
6666,lod-lille-0.6b,bn,D-lit,C,A,2,A,0,1,0.014605869539082002,0.9764316082000731,0.9764316082000731,0.872754573822021,0.9764316082000731,0.005570212844759,0.014605869539082002,0.003392374841496
6671,lod-lille-0.6b,bn,D-lit,A,D,0,D,0,1,0.08195432275533601,0.648805558681488,0.648805558681488,0.495509445667266,0.08195432275533601,0.066189818084239,0.20305025577545102,0.648805558681488
6672,lod-lille-0.6b,bn,D-lit,A,C,0,C,0,1,0.017438797280192,0.9758780002593991,0.9758780002593991,0.8820524215698241,0.017438797280192,0.002708514686673,0.9758780002593991,0.0039747487753620005
6674,lod-lille-0.6b,bn,D-lit,C,B,2,B,0,1,0.006500642281025,0.985600352287292,0.985600352287292,0.893772959709167,0.004838198423385,0.985600352287292,0.006500642281025,0.0030607776716350004
6676,lod-lille-0.6b,bn,D-lit,C,B,2,B,0,1,0.004151405766606,0.993976235389709,0.993976235389709,0.904905915260314,0.0012120059691360001,0.993976235389709,0.004151405766606,0.000660349673125
6678,lod-lille-0.6b,bn,D-lit,B,A,1,A,0,1,0.0035415650345380005,0.9813187718391411,0.9813187718391411,0.866765081882476,0.9813187718391411,0.0035415650345380005,0.010559494607150001,0.004580117296427
6683,lod-lille-0.6b,bn,D-lit,C,B,2,B,0,1,0.043722562491893005,0.850857138633728,0.850857138633728,0.6985872387886041,0.048628099262714004,0.850857138633728,0.043722562491893005,0.056792236864566005
6684,lod-lille-0.6b,bn,D-lit,D,A,3,A,0,1,0.0041639013215890005,0.986155331134796,0.986155331134796,0.878552556037902,0.986155331134796,0.005001398734748,0.004679488483816,0.0041639013215890005
6686,lod-lille-0.6b,bn,D-lit,A,D,0,D,0,1,0.013117971830070001,0.953557252883911,0.953557252883911,0.7921848893165581,0.013117971830070001,0.019167216494679,0.014157596975564,0.953557252883911
6694,lod-lille-0.6b,bn,D-lit,D,A,3,A,0,1,0.033471882343292,0.9462198615074151,0.9462198615074151,0.7989397048950191,0.9462198615074151,0.009896892122924,0.010411436669528,0.033471882343292
6697,lod-lille-0.6b,bn,D-lit,C,D,2,D,0,1,0.011520436964929002,0.948366403579711,0.948366403579711,0.795708656311035,0.024403434246778002,0.015709724277257,0.011520436964929002,0.948366403579711
6698,lod-lille-0.6b,bn,D-lit,A,D,0,D,0,1,0.042063310742378006,0.918312072753906,0.918312072753906,0.790964782238006,0.042063310742378006,0.015842784196138,0.023781839758157,0.918312072753906
6711,lod-lille-0.6b,bn,D-lit,A,B,0,B,0,1,0.04736965149641,0.8114494085311891,0.8114494085311891,0.5928764343261711,0.04736965149641,0.8114494085311891,0.07220347225666,0.06897744536399801
6712,lod-lille-0.6b,bn,D-lit,D,B,3,B,0,1,0.05358489602804101,0.9281546473503111,0.9281546473503111,0.796848833560943,0.007027579005807001,0.9281546473503111,0.011232899501919,0.05358489602804101
6715,lod-lille-0.6b,bn,D-lit,C,D,2,D,0,1,0.041213426738977,0.9175806045532221,0.9175806045532221,0.8046109080314631,0.020285924896597002,0.020920082926750003,0.041213426738977,0.9175806045532221
6721,lod-lille-0.6b,bn,D-lit,D,B,3,B,0,1,0.003724415786564,0.9741359353065491,0.9741359353065491,0.8852177262306211,0.01289280410856,0.9741359353065491,0.009246914647519,0.003724415786564
6731,lod-lille-0.6b,bn,D-lit,B,C,1,C,0,1,0.047341834753751005,0.892274677753448,0.892274677753448,0.732099413871765,0.034431498497724006,0.047341834753751005,0.892274677753448,0.025951979681849
6732,lod-lille-0.6b,bn,D-lit,D,B,3,B,0,1,0.145291790366172,0.815162301063537,0.815162301063537,0.7401992082595821,0.021024147048592002,0.815162301063537,0.018521746620535,0.145291790366172
6733,lod-lille-0.6b,bn,D-lit,A,C,0,C,0,1,0.013748263940215001,0.9675690531730651,0.9675690531730651,0.8693214654922481,0.013748263940215001,0.010885474272072001,0.9675690531730651,0.007797230500727
6735,lod-lille-0.6b,bn,D-lit,C,A,2,A,0,1,0.07165856659412301,0.8697910308837891,0.8697910308837891,0.7772119045257561,0.8697910308837891,0.021921038627624,0.07165856659412301,0.036629311740398005
6739,lod-lille-0.6b,bn,D-lit,A,D,0,D,0,1,0.029213471338152,0.920192897319793,0.920192897319793,0.7172666788101191,0.029213471338152,0.026444343850016,0.024149309843778003,0.920192897319793
6743,lod-lille-0.6b,bn,D-lit,C,A,2,A,0,1,0.039627972990274006,0.9079419970512391,0.9079419970512391,0.7966781854629511,0.9079419970512391,0.03336626291275,0.039627972990274006,0.019063733518123002
6744,lod-lille-0.6b,bn,D-lit,D,A,3,A,0,1,0.021839909255504,0.572203457355499,0.572203457355499,0.5234186649322511,0.572203457355499,0.390488982200622,0.015467626042664,0.021839909255504
6746,lod-lille-0.6b,bn,D-lit,C,D,2,D,0,1,0.048062026500701,0.91706907749176,0.91706907749176,0.7052347660064691,0.020882967859506,0.013985946774482002,0.048062026500701,0.91706907749176
6747,lod-lille-0.6b,bn,D-lit,D,A,3,A,0,1,0.015271307900547001,0.9687622189521791,0.9687622189521791,0.8061800599098201,0.9687622189521791,0.007469611708074001,0.00849681161344,0.015271307900547001
6748,lod-lille-0.6b,bn,D-lit,B,D,1,D,0,1,0.006247005425393,0.9681532979011531,0.9681532979011531,0.840974569320678,0.012018845416605,0.006247005425393,0.013580908067524001,0.9681532979011531
6751,lod-lille-0.6b,bn,D-lit,A,B,0,B,0,1,0.016053520143032,0.9676905870437621,0.9676905870437621,0.851118206977844,0.016053520143032,0.9676905870437621,0.008532463572919001,0.007723383605480001
6752,lod-lille-0.6b,bn,D-lit,C,D,2,D,0,1,0.066480368375778,0.7817909717559811,0.7817909717559811,0.702444672584533,0.103945955634117,0.047782722860574,0.066480368375778,0.7817909717559811
6753,lod-lille-0.6b,bn,D-lit,C,D,2,D,0,1,0.03244898840785,0.85203343629837,0.85203343629837,0.6061409711837761,0.08420792222023,0.031309705227613005,0.03244898840785,0.85203343629837
6754,lod-lille-0.6b,bn,D-lit,A,C,0,C,0,1,0.008486998267471001,0.9797734022140501,0.9797734022140501,0.8667635917663571,0.008486998267471001,0.006884972099214,0.9797734022140501,0.004854665603488
6757,lod-lille-0.6b,bn,D-lit,C,D,2,D,0,1,0.017139082774519,0.9400202035903931,0.9400202035903931,0.807985007762908,0.024414274841547002,0.018426479771733003,0.017139082774519,0.9400202035903931
6758,lod-lille-0.6b,bn,D-lit,A,C,0,C,0,1,0.014236609451472001,0.960084557533264,0.960084557533264,0.7906334400177001,0.014236609451472001,0.014813618734478002,0.960084557533264,0.01086528878659
6764,lod-lille-0.6b,bn,D-lit,C,D,2,D,0,1,0.051616929471492004,0.8025357723236081,0.8025357723236081,0.621772766113281,0.084564469754695,0.06128275394439601,0.051616929471492004,0.8025357723236081
6766,lod-lille-0.6b,bn,D-lit,B,C,1,C,0,1,0.341051965951919,0.407184422016143,0.407184422016143,0.26680389046669,0.135245338082313,0.341051965951919,0.407184422016143,0.11651833355426701
6767,lod-lille-0.6b,bn,D-lit,D,A,3,A,0,1,0.058087058365345,0.895359992980957,0.895359992980957,0.785277903079986,0.895359992980957,0.022321304306387003,0.024231679737567003,0.058087058365345
6768,lod-lille-0.6b,bn,D-lit,A,D,0,D,0,1,0.008098447695374001,0.9828857183456421,0.9828857183456421,0.862001478672027,0.008098447695374001,0.0036409595049910004,0.0053749573417,0.9828857183456421
6769,lod-lille-0.6b,bn,D-lit,B,D,1,D,0,1,0.143764808773994,0.5913597941398621,0.5913597941398621,0.41043394804000805,0.16906751692295002,0.143764808773994,0.09580793231725601,0.5913597941398621
6770,lod-lille-0.6b,bn,D-lit,D,B,3,B,0,1,0.023694574832916003,0.9112384915351861,0.9112384915351861,0.7336707711219781,0.039762113243341,0.9112384915351861,0.025304770097136,0.023694574832916003
6771,lod-lille-0.6b,bn,D-lit,B,A,1,A,0,1,0.09651232510805101,0.824967205524444,0.824967205524444,0.598154485225677,0.824967205524444,0.09651232510805101,0.038660418242216006,0.039860121905803
6774,lod-lille-0.6b,bn,D-lit,D,B,3,B,0,1,0.133274286985397,0.732551574707031,0.732551574707031,0.52098798751831,0.10676202923059401,0.732551574707031,0.027412094175815003,0.133274286985397
6779,lod-lille-0.6b,bn,D-lit,A,D,0,D,0,1,0.019872117787599,0.943452835083007,0.943452835083007,0.815281689167022,0.019872117787599,0.022747509181499002,0.013927513733506001,0.943452835083007
6783,lod-lille-0.6b,bn,D-lit,B,A,1,A,0,1,0.12702052295207902,0.8102921843528741,0.8102921843528741,0.633635342121124,0.8102921843528741,0.12702052295207902,0.035665959119796004,0.027021409943699
6785,lod-lille-0.6b,bn,D-lit,C,B,2,B,0,1,0.16884084045886902,0.8151924014091491,0.8151924014091491,0.750706136226654,0.010874466970562002,0.8151924014091491,0.16884084045886902,0.005092278588563
6792,lod-lille-0.6b,bn,D-lit,D,B,3,B,0,1,0.004043117165565001,0.967464745044708,0.967464745044708,0.8118789196014401,0.022262789309024002,0.967464745044708,0.006229300517588,0.004043117165565001
6793,lod-lille-0.6b,bn,D-lit,D,C,3,C,0,1,0.005391860846430001,0.9748145937919611,0.9748145937919611,0.867065012454986,0.008399448357522,0.011394160799682002,0.9748145937919611,0.005391860846430001
6800,lod-lille-0.6b,bn,D-lit,D,A,3,A,0,1,0.203483343124389,0.741276443004608,0.741276443004608,0.583787143230438,0.741276443004608,0.020904669538140002,0.034335531294345,0.203483343124389
6801,lod-lille-0.6b,bn,D-lit,B,A,1,A,0,1,0.23440200090408303,0.7304003238677971,0.7304003238677971,0.5595959424972531,0.7304003238677971,0.23440200090408303,0.016818759962916003,0.018378939479589
6806,lod-lille-0.6b,bn,D-lit,D,C,3,C,0,1,0.177809238433837,0.39209634065628,0.39209634065628,0.236939579248428,0.190603479743003,0.23949086666107103,0.39209634065628,0.177809238433837
6808,lod-lille-0.6b,bn,D-lit,C,B,2,B,0,1,0.22248040139675102,0.68157410621643,0.68157410621643,0.548847436904907,0.084372371435165,0.68157410621643,0.22248040139675102,0.011573197320103002
6810,lod-lille-0.6b,bn,D-lit,B,C,1,C,0,1,0.027790209278464,0.8843252062797541,0.8843252062797541,0.735883235931396,0.061950117349624,0.027790209278464,0.8843252062797541,0.025934483855962
6811,lod-lille-0.6b,bn,D-lit,B,A,1,A,0,1,0.10513317584991401,0.801185965538024,0.801185965538024,0.544816195964813,0.801185965538024,0.10513317584991401,0.051852636039257,0.041828211396932005
6813,lod-lille-0.6b,bn,D-lit,C,D,2,D,0,1,0.25333806872367803,0.30095896124839705,0.30095896124839705,0.19884096086025202,0.21955046057701103,0.22615252435207303,0.25333806872367803,0.30095896124839705
6816,lod-lille-0.6b,bn,D-lit,B,D,1,D,0,1,0.25018358230590804,0.7216861248016351,0.7216861248016351,0.532939434051513,0.012605937197804002,0.25018358230590804,0.015524351038038002,0.7216861248016351
6820,lod-lille-0.6b,bn,D-lit,A,B,0,B,0,1,0.022064743563532,0.9169293642044061,0.9169293642044061,0.6928030848503111,0.022064743563532,0.9169293642044061,0.030560614541172003,0.030445260927081004
6821,lod-lille-0.6b,bn,D-lit,D,B,3,C,0,0,0.24153296649456002,0.25582388043403603,0.258337825536727,0.184254646301269,0.24430534243583601,0.25582388043403603,0.258337825536727,0.24153296649456002
6822,lod-lille-0.6b,bn,D-lit,A,C,0,C,0,1,0.16836929321289001,0.716556906700134,0.716556906700134,0.48289486765861506,0.16836929321289001,0.08273678272962501,0.716556906700134,0.032337043434381
6824,lod-lille-0.6b,bn,D-lit,D,A,3,A,0,1,0.052108354866504,0.830753982067108,0.830753982067108,0.702069461345672,0.830753982067108,0.071669369935989,0.045468281954526006,0.052108354866504
6825,lod-lille-0.6b,bn,D-lit,D,B,3,B,0,1,0.250428199768066,0.48392570018768305,0.48392570018768305,0.34369376301765403,0.16036301851272503,0.48392570018768305,0.105283126235008,0.250428199768066
6826,lod-lille-0.6b,bn,D-lit,B,A,1,A,0,1,0.168698132038116,0.441097736358642,0.441097736358642,0.231298670172691,0.441097736358642,0.168698132038116,0.13504247367382002,0.255161643028259
6828,lod-lille-0.6b,bn,D-lit,B,C,1,C,0,1,0.040698908269405004,0.836907565593719,0.836907565593719,0.618760466575622,0.0734858289361,0.040698908269405004,0.836907565593719,0.048907775431871005
6835,lod-lille-0.6b,bn,D-lit,B,D,1,D,0,1,0.024182509630918003,0.9063718914985651,0.9063718914985651,0.778788566589355,0.039858520030975,0.024182509630918003,0.029587071388959003,0.9063718914985651
6854,lod-lille-0.6b,bn,D-lit,A,C,0,C,0,1,0.010852790437638002,0.9727125763893121,0.9727125763893121,0.8544819355010981,0.010852790437638002,0.006320404354482,0.9727125763893121,0.010114185512065001
6856,lod-lille-0.6b,bn,D-lit,A,D,0,D,0,1,0.009385271929204,0.9593036770820611,0.9593036770820611,0.8642256259918211,0.009385271929204,0.020874483510851003,0.010436584241688,0.9593036770820611
6857,lod-lille-0.6b,bn,D-lit,D,B,3,B,0,1,0.09325134009122801,0.816280841827392,0.816280841827392,0.6996970772743221,0.046283178031444,0.816280841827392,0.044184561818838,0.09325134009122801
6858,lod-lille-0.6b,bn,D-lit,A,D,0,D,0,1,0.060027237981557006,0.8219193816184991,0.8219193816184991,0.6269043087959291,0.060027237981557006,0.047187715768814004,0.070865616202354,0.8219193816184991
6866,lod-lille-0.6b,bn,D-lit,B,A,1,A,0,1,0.149029001593589,0.52455723285675,0.52455723285675,0.287828654050827,0.52455723285675,0.149029001593589,0.115570694208145,0.210843071341514
6870,lod-lille-0.6b,bn,D-lit,A,C,0,C,0,1,0.10538666695356301,0.669466137886047,0.669466137886047,0.46627038717269903,0.10538666695356301,0.071708694100379,0.669466137886047,0.15343849360942802
6872,lod-lille-0.6b,bn,D-lit,D,B,3,B,0,1,0.020543403923511002,0.9258705973625181,0.9258705973625181,0.791195392608642,0.036217819899320006,0.9258705973625181,0.017368171364068,0.020543403923511002
6873,lod-lille-0.6b,bn,D-lit,C,B,2,B,0,1,0.004768901504576001,0.986332297325134,0.986332297325134,0.8983848094940181,0.003287295810878,0.986332297325134,0.004768901504576001,0.005611452274024001
6874,lod-lille-0.6b,bn,D-lit,C,D,2,B,0,0,0.30819296836853005,0.164207249879837,0.32603478431701605,0.145934149622917,0.201564967632293,0.32603478431701605,0.30819296836853005,0.164207249879837
6876,lod-lille-0.6b,bn,D-lit,D,B,3,B,0,1,0.008677444420754,0.9652442932128901,0.9652442932128901,0.8935933709144591,0.023014202713966002,0.9652442932128901,0.0030640531331300003,0.008677444420754
6880,lod-lille-0.6b,bn,D-lit,C,B,2,B,0,1,0.044497657567262004,0.871431231498718,0.871431231498718,0.6629173755645751,0.055794417858123,0.871431231498718,0.044497657567262004,0.028276637196540003
6881,lod-lille-0.6b,bn,D-lit,C,B,2,B,0,1,0.020365661010146002,0.9333087801933281,0.9333087801933281,0.8006737232208251,0.029129253700375002,0.9333087801933281,0.020365661010146002,0.017196364700794
6882,lod-lille-0.6b,bn,D-lit,D,C,3,C,0,1,0.013265960849821,0.9558395147323601,0.9558395147323601,0.790406942367553,0.013348858803510001,0.017545629292726,0.9558395147323601,0.013265960849821
6883,lod-lille-0.6b,bn,D-lit,A,B,0,B,0,1,0.009122226387262001,0.975720643997192,0.975720643997192,0.84931880235672,0.009122226387262001,0.975720643997192,0.007337552029639,0.007819667458534001
6887,lod-lille-0.6b,bn,D-lit,B,C,1,C,0,1,0.014699473977088002,0.9564027190208431,0.9564027190208431,0.8553837537765501,0.014587341807782001,0.014699473977088002,0.9564027190208431,0.014310416765511001
6892,lod-lille-0.6b,bn,D-lit,D,C,3,C,0,1,0.009557527489960001,0.956569910049438,0.956569910049438,0.796752035617828,0.026246119290590002,0.007626574486494001,0.956569910049438,0.009557527489960001
6894,lod-lille-0.6b,bn,D-lit,B,A,1,A,0,1,0.0030438343528650003,0.98408567905426,0.98408567905426,0.888418734073638,0.98408567905426,0.0030438343528650003,0.007821172475814,0.005049283150583001
6896,lod-lille-0.6b,bn,D-lit,D,A,3,A,0,1,0.13272388279438002,0.720987796783447,0.720987796783447,0.46621280908584506,0.720987796783447,0.08287026733160001,0.06341809779405501,0.13272388279438002
6900,lod-lille-0.6b,bn,D-lit,B,A,1,A,0,1,0.12576593458652402,0.860386669635772,0.860386669635772,0.7076758742332451,0.860386669635772,0.12576593458652402,0.005613826215267,0.008233550004661
6902,lod-lille-0.6b,bn,D-lit,D,C,3,C,0,1,0.089722253382205,0.82789123058319,0.82789123058319,0.621101140975952,0.053394373506307005,0.028992163017392002,0.82789123058319,0.089722253382205
6903,lod-lille-0.6b,bn,D-lit,B,A,1,A,0,1,0.06327033787965701,0.858361601829528,0.858361601829528,0.7091095447540281,0.858361601829528,0.06327033787965701,0.041692141443490004,0.036675870418548
6904,lod-lille-0.6b,bn,D-lit,B,A,1,A,0,1,0.008761584758758,0.9791212081909181,0.9791212081909181,0.8314938545227051,0.9791212081909181,0.008761584758758,0.006219892762601001,0.005897362250834001
6906,lod-lille-0.6b,bn,D-lit,C,D,2,D,0,1,0.079692110419273,0.5958256721496581,0.5958256721496581,0.301040381193161,0.12170929461717601,0.20277288556098902,0.079692110419273,0.5958256721496581
6915,lod-lille-0.6b,bn,D-lit,C,B,2,B,0,1,0.094534635543823,0.8753411769866941,0.8753411769866941,0.616754472255706,0.016494516283273003,0.8753411769866941,0.094534635543823,0.013629588298499001
6916,lod-lille-0.6b,bn,D-lit,D,C,3,C,0,1,0.008657903410494001,0.9654854536056511,0.9654854536056511,0.8626523017883301,0.010030043311417,0.015826599672436003,0.9654854536056511,0.008657903410494001
6918,lod-lille-0.6b,bn,D-lit,B,D,1,D,0,1,0.034336999058723006,0.9393180608749391,0.9393180608749391,0.747881948947906,0.01097207237035,0.034336999058723006,0.015372811816632002,0.9393180608749391
6919,lod-lille-0.6b,bn,D-lit,A,D,0,D,0,1,0.009618060663342,0.966642975807189,0.966642975807189,0.8570087552070611,0.009618060663342,0.010617665015161001,0.013121305033564,0.966642975807189
6923,lod-lille-0.6b,bn,D-lit,B,D,1,D,0,1,0.136494696140289,0.490063279867172,0.490063279867172,0.325572490692138,0.23162233829498202,0.136494696140289,0.14181968569755501,0.490063279867172
6924,lod-lille-0.6b,bn,D-lit,D,C,3,C,0,1,0.00662205601111,0.9808751344680781,0.9808751344680781,0.8945503830909721,0.0065836259163910005,0.005919208750128,0.9808751344680781,0.00662205601111
6925,lod-lille-0.6b,bn,D-lit,B,D,1,D,0,1,0.0070273736491790004,0.9712557792663571,0.9712557792663571,0.8844557404518121,0.009058158844709,0.0070273736491790004,0.012658796273171001,0.9712557792663571
6926,lod-lille-0.6b,bn,D-lit,C,D,2,D,0,1,0.361989706754684,0.509421527385711,0.509421527385711,0.305812388658523,0.040883641690015,0.08770512789487801,0.361989706754684,0.509421527385711
6927,lod-lille-0.6b,bn,D-lit,B,D,1,D,0,1,0.10786661505699101,0.8869240880012511,0.8869240880012511,0.8583797812461851,0.0026398266199970004,0.10786661505699101,0.002569508971646,0.8869240880012511
6930,lod-lille-0.6b,bn,D-lit,C,B,2,B,0,1,0.005606906488537001,0.977773785591125,0.977773785591125,0.8685865402221681,0.008518719114363001,0.977773785591125,0.005606906488537001,0.008100587874650001
6931,lod-lille-0.6b,bn,D-lit,B,A,1,A,0,1,0.021576521918177,0.963550388813018,0.963550388813018,0.8624294400215141,0.963550388813018,0.021576521918177,0.011397039517760001,0.003476021811366
6936,lod-lille-0.6b,bn,D-lit,C,A,2,A,0,1,0.044657599180936,0.8374943733215331,0.8374943733215331,0.632055222988128,0.8374943733215331,0.062042545527219,0.044657599180936,0.055805459618568004
6937,lod-lille-0.6b,bn,D-lit,A,B,0,B,0,1,0.01390856411308,0.9437338709831231,0.9437338709831231,0.8588564991950981,0.01390856411308,0.9437338709831231,0.008288770914077,0.034068770706653005
6938,lod-lille-0.6b,bn,D-lit,A,C,0,C,0,1,0.013161639682948001,0.940542876720428,0.940542876720428,0.721534669399261,0.013161639682948001,0.017648292705416003,0.940542876720428,0.028647236526012
6939,lod-lille-0.6b,bn,D-lit,A,B,0,B,0,1,0.004582501016557001,0.9675608277320861,0.9675608277320861,0.824170589447021,0.004582501016557001,0.9675608277320861,0.009193162433803,0.018663521856069003
6940,lod-lille-0.6b,bn,D-lit,B,C,1,C,0,1,0.025454130023717002,0.885586202144622,0.885586202144622,0.7166896462440491,0.036337640136480005,0.025454130023717002,0.885586202144622,0.05262200534343701
6941,lod-lille-0.6b,bn,D-lit,C,B,2,B,0,1,0.060502629727125,0.8152862787246701,0.8152862787246701,0.671169698238372,0.056891310960054,0.8152862787246701,0.060502629727125,0.06731981039047201
6942,lod-lille-0.6b,bn,D-lit,D,B,3,B,0,1,0.008333636447787,0.972289443016052,0.972289443016052,0.8150355815887451,0.006249526981264001,0.972289443016052,0.013127378188073,0.008333636447787
6944,lod-lille-0.6b,bn,D-lit,C,D,2,D,0,1,0.025517340749502,0.9356750845909111,0.9356750845909111,0.8254675269126891,0.022068738937377003,0.016738854348659002,0.025517340749502,0.9356750845909111
6945,lod-lille-0.6b,bn,D-lit,C,A,2,A,0,1,0.01437769178301,0.943821728229522,0.943821728229522,0.8234734535217281,0.943821728229522,0.021395023912191002,0.01437769178301,0.020405512303113
6946,lod-lille-0.6b,bn,D-lit,B,D,1,D,0,1,0.08287164568901001,0.8011670112609861,0.8011670112609861,0.579519689083099,0.06547518819570501,0.08287164568901001,0.050486218184232004,0.8011670112609861
6947,lod-lille-0.6b,bn,D-lit,D,A,3,A,0,1,0.007234203629195001,0.9755419492721551,0.9755419492721551,0.8968543410301201,0.9755419492721551,0.0072700288146730005,0.00995384901762,0.007234203629195001
6948,lod-lille-0.6b,bn,D-lit,C,B,2,C,1,0,0.48305025696754406,0.38902878761291504,0.48305025696754406,0.29993337392807,0.055178482085466,0.38902878761291504,0.48305025696754406,0.072742491960525
6949,lod-lille-0.6b,bn,D-lit,A,B,0,B,0,1,0.278501451015472,0.6034634709358211,0.6034634709358211,0.419677346944808,0.278501451015472,0.6034634709358211,0.051671419292688,0.06636369973421001
6952,lod-lille-0.6b,bn,D-lit,B,D,1,D,0,1,0.048289183527231,0.9136142730712891,0.9136142730712891,0.7444959282875061,0.016257666051387003,0.048289183527231,0.021838836371898002,0.9136142730712891
6953,lod-lille-0.6b,bn,D-lit,D,B,3,B,0,1,0.032765422016382,0.735450804233551,0.735450804233551,0.6574407219886781,0.131758227944374,0.735450804233551,0.10002557188272401,0.032765422016382
6954,lod-lille-0.6b,bn,D-lit,B,D,1,D,0,1,0.035787548869848,0.870682418346405,0.870682418346405,0.7268714308738701,0.061176862567663005,0.035787548869848,0.03235312923789,0.870682418346405
6957,lod-lille-0.6b,bn,D-lit,D,B,3,B,0,1,0.13889811933040602,0.838517367839813,0.838517367839813,0.742065370082855,0.008995951153337001,0.838517367839813,0.013588630594313,0.13889811933040602
6959,lod-lille-0.6b,bn,D-lit,C,A,2,A,0,1,0.073759570717811,0.799815416336059,0.799815416336059,0.634925305843353,0.799815416336059,0.038773924112319,0.073759570717811,0.08765106648206701
6960,lod-lille-0.6b,bn,D-lit,B,C,1,B,1,0,0.5377591252326961,0.37909311056137,0.5377591252326961,0.44113773107528603,0.055511705577373005,0.5377591252326961,0.37909311056137,0.027636071667075
6961,lod-lille-0.6b,bn,D-lit,B,D,1,D,0,1,0.023781970143318003,0.9298182129859921,0.9298182129859921,0.7599444389343261,0.024996720254421,0.023781970143318003,0.021403033286333,0.9298182129859921
6962,lod-lille-0.6b,bn,D-lit,C,B,2,B,0,1,0.064748801290988,0.9022724032402031,0.9022724032402031,0.7356845140457151,0.017760308459401002,0.9022724032402031,0.064748801290988,0.015218405984342001
6965,lod-lille-0.6b,bn,D-lit,B,C,1,C,0,1,0.181115999817848,0.8103589415550231,0.8103589415550231,0.676507592201232,0.0042351773008700005,0.181115999817848,0.8103589415550231,0.004289957229048001
6967,lod-lille-0.6b,bn,D-lit,C,A,2,A,0,1,0.028586238622665003,0.906329631805419,0.906329631805419,0.771639049053192,0.906329631805419,0.045087393373250004,0.028586238622665003,0.019996775314211002
6969,lod-lille-0.6b,bn,D-lit,C,A,2,A,0,1,0.052447736263275,0.8421102762222291,0.8421102762222291,0.612010180950164,0.8421102762222291,0.05815122649073601,0.052447736263275,0.04729077219963
6971,lod-lille-0.6b,bn,D-lit,D,A,3,A,0,1,0.030833899974822002,0.93045824766159,0.93045824766159,0.773065626621246,0.93045824766159,0.024693585932254,0.014014226384460001,0.030833899974822002
6972,lod-lille-0.6b,bn,D-lit,B,C,1,C,0,1,0.38733670115470803,0.49277618527412403,0.49277618527412403,0.288389682769775,0.07469779253005901,0.38733670115470803,0.49277618527412403,0.045189332216978004
6973,lod-lille-0.6b,bn,D-lit,D,A,3,A,0,1,0.019308874383568,0.8739349842071531,0.8739349842071531,0.7398136854171751,0.8739349842071531,0.07431185245513901,0.032444335520267,0.019308874383568
6974,lod-lille-0.6b,bn,D-lit,D,C,3,C,0,1,0.07156455516815101,0.6880304813385011,0.6880304813385011,0.48114007711410506,0.11324222385883301,0.12716279923915802,0.6880304813385011,0.07156455516815101
6975,lod-lille-0.6b,bn,D-lit,D,B,3,B,0,1,0.12184674292802801,0.6595600843429561,0.6595600843429561,0.353011965751647,0.075466878712177,0.6595600843429561,0.14312633872032102,0.12184674292802801
6977,lod-lille-0.6b,bn,D-lit,D,A,3,A,0,1,0.022645032033324002,0.8793786168098451,0.8793786168098451,0.733164310455322,0.8793786168098451,0.028014078736305,0.069962248206138,0.022645032033324002
6978,lod-lille-0.6b,bn,D-lit,B,C,1,C,0,1,0.096044301986694,0.810196161270141,0.810196161270141,0.7254125475883481,0.028781127184629003,0.096044301986694,0.810196161270141,0.064978428184986
6979,lod-lille-0.6b,bn,D-lit,A,C,0,C,0,1,0.10123477131128301,0.757570743560791,0.757570743560791,0.47379538416862405,0.10123477131128301,0.07569795846939001,0.757570743560791,0.065496534109115
6980,lod-lille-0.6b,bn,D-lit,C,A,2,A,0,1,0.104970723390579,0.6544138789176941,0.6544138789176941,0.514739751815795,0.6544138789176941,0.146003544330596,0.104970723390579,0.09461186081171001
6982,lod-lille-0.6b,bn,D-lit,A,B,0,B,0,1,0.016122622415423,0.935493350028991,0.935493350028991,0.8158929944038391,0.016122622415423,0.935493350028991,0.015715902671217002,0.03266816958785
6986,lod-lille-0.6b,bn,D-lit,B,C,1,B,1,0,0.379750579595565,0.307654589414596,0.379750579595565,0.258505672216415,0.16266104578971802,0.379750579595565,0.307654589414596,0.14993372559547402
6989,lod-lille-0.6b,bn,D-lit,A,C,0,C,0,1,0.19715629518032002,0.49786823987960804,0.49786823987960804,0.26514253020286505,0.19715629518032002,0.16912505030632002,0.49786823987960804,0.135850399732589
6991,lod-lille-0.6b,bn,D-lit,A,C,0,C,0,1,0.054851066321134005,0.7845634222030641,0.7845634222030641,0.674184918403625,0.054851066321134005,0.08911599963903401,0.7845634222030641,0.071469418704509
6995,lod-lille-0.6b,bn,D-lit,A,B,0,B,0,1,0.228914842009544,0.5872673392295831,0.5872673392295831,0.34337827563285805,0.228914842009544,0.5872673392295831,0.06455833464860901,0.119259439408779
6996,lod-lille-0.6b,bn,D-lit,B,A,1,A,0,1,0.18590845167636802,0.58785080909729,0.58785080909729,0.348975121974945,0.58785080909729,0.18590845167636802,0.10952895134687402,0.11671177297830501
6999,lod-lille-0.6b,bn,D-lit,A,D,0,D,0,1,0.013186501339077,0.9486528635025021,0.9486528635025021,0.7864944934844971,0.013186501339077,0.014482965692877001,0.023677699267864002,0.9486528635025021
7001,lod-lille-0.6b,bn,D-lit,C,D,2,D,0,1,0.022932294756174,0.930835545063018,0.930835545063018,0.8020606637001031,0.027339151129126,0.018893007189035003,0.022932294756174,0.930835545063018
7005,lod-lille-0.6b,bn,D-lit,C,B,2,C,1,0,0.476997554302215,0.39490070939064004,0.476997554302215,0.32147955894470204,0.060975473374128,0.39490070939064004,0.476997554302215,0.06712629646062801
7006,lod-lille-0.6b,bn,D-lit,B,C,1,C,0,1,0.0245660264045,0.9184052348136901,0.9184052348136901,0.7341318726539611,0.036355324089527005,0.0245660264045,0.9184052348136901,0.02067339234054
7008,lod-lille-0.6b,bn,D-lit,B,C,1,C,0,1,0.0028020199388260002,0.994136929512023,0.994136929512023,0.91787314414978,0.001029680599458,0.0028020199388260002,0.994136929512023,0.00203126296401
7011,lod-lille-0.6b,bn,D-lit,A,D,0,D,0,1,0.212549105286598,0.370755136013031,0.370755136013031,0.170714646577835,0.212549105286598,0.26725688576698303,0.14943890273571,0.370755136013031
7014,lod-lille-0.6b,bn,D-lit,D,B,3,B,0,1,0.17861686646938302,0.41004443168640103,0.41004443168640103,0.271327018737792,0.24638773500919303,0.41004443168640103,0.164950966835021,0.17861686646938302
7015,lod-lille-0.6b,bn,D-lit,B,D,1,D,0,1,0.020908562466502002,0.9238820672035211,0.9238820672035211,0.780586063861846,0.038547959178686,0.020908562466502002,0.016661411151289,0.9238820672035211
7016,lod-lille-0.6b,bn,D-lit,A,D,0,D,0,1,0.060018245130777005,0.8818342685699461,0.8818342685699461,0.6903687715530391,0.060018245130777005,0.017009543254971,0.041137993335723,0.8818342685699461
7021,lod-lille-0.6b,bn,D-lit,B,C,1,B,1,0,0.7468625307083131,0.17985089123249,0.7468625307083131,0.521280586719512,0.034851320087909005,0.7468625307083131,0.17985089123249,0.038435243070125004
7025,lod-lille-0.6b,bn,D-lit,A,D,0,D,0,1,0.0032935349736360003,0.9917882084846491,0.9917882084846491,0.873254239559173,0.0032935349736360003,0.002577273640781,0.002340926788747,0.9917882084846491
7027,lod-lille-0.6b,bn,D-lit,A,C,0,C,0,1,0.060052089393138004,0.9221916198730461,0.9221916198730461,0.8025015592575071,0.060052089393138004,0.009506705217063,0.9221916198730461,0.008249610662460001
7028,lod-lille-0.6b,bn,D-lit,C,B,2,B,0,1,0.027453571557998,0.9461569786071771,0.9461569786071771,0.8342185616493221,0.017351958900690002,0.9461569786071771,0.027453571557998,0.009037510491907
7031,lod-lille-0.6b,bn,D-lit,A,D,0,D,0,1,0.116262875497341,0.8703009486198421,0.8703009486198421,0.721124053001403,0.116262875497341,0.004682367201894,0.008753769099712,0.8703009486198421
7032,lod-lille-0.6b,bn,D-lit,D,C,3,C,0,1,0.389862924814224,0.463518381118774,0.463518381118774,0.31948316097259505,0.10524971038103101,0.04136902466416301,0.463518381118774,0.389862924814224
7036,lod-lille-0.6b,bn,D-lit,C,A,2,A,0,1,0.043745625764131005,0.9293613433837891,0.9293613433837891,0.727540791034698,0.9293613433837891,0.011230129748582,0.043745625764131005,0.01566289179027
7038,lod-lille-0.6b,bn,D-lit,C,D,2,C,1,0,0.320295631885528,0.23082238435745203,0.320295631885528,0.25692674517631503,0.23582752048969202,0.21305443346500302,0.320295631885528,0.23082238435745203
7048,lod-lille-0.6b,bn,D-lit,A,B,0,C,0,0,0.24955129623413003,0.11558287590742101,0.37707686424255304,0.222658827900886,0.24955129623413003,0.11558287590742101,0.37707686424255304,0.257788926362991
7055,lod-lille-0.6b,bn,D-lit,C,B,2,B,0,1,0.201977014541625,0.739883482456207,0.739883482456207,0.5307067632675171,0.039765808731317,0.739883482456207,0.201977014541625,0.01837364397943
7058,lod-lille-0.6b,bn,D-lit,B,D,1,D,0,1,0.11393195390701201,0.7937548160552971,0.7937548160552971,0.5557674765586851,0.049569763243198006,0.11393195390701201,0.042743422091007004,0.7937548160552971
7059,lod-lille-0.6b,bn,D-lit,C,A,2,A,0,1,0.015979217365384,0.9592710733413691,0.9592710733413691,0.769070446491241,0.9592710733413691,0.011791344732046,0.015979217365384,0.012958282604813002
7060,lod-lille-0.6b,bn,D-lit,D,A,3,A,0,1,0.052826356142759004,0.8328701853752131,0.8328701853752131,0.574506402015686,0.8328701853752131,0.031278628855943,0.08302479982376,0.052826356142759004
7062,lod-lille-0.6b,bn,D-lit,C,D,2,D,0,1,0.006128434557467001,0.9744900465011591,0.9744900465011591,0.8513141870498651,0.007375490386039,0.01200602389872,0.006128434557467001,0.9744900465011591
7067,lod-lille-0.6b,bn,D-lit,B,D,1,D,0,1,0.08740554004907601,0.7791890501976011,0.7791890501976011,0.47624802589416504,0.087344333529472,0.08740554004907601,0.046061106026172007,0.7791890501976011
7075,lod-lille-0.6b,bn,D-lit,B,D,1,D,0,1,0.296297430992126,0.41361489892005904,0.41361489892005904,0.230398535728454,0.176993444561958,0.296297430992126,0.113094232976436,0.41361489892005904
7077,lod-lille-0.6b,bn,D-lit,B,D,1,D,0,1,0.18753419816493902,0.47052741050720204,0.47052741050720204,0.272671908140182,0.165889799594879,0.18753419816493902,0.17604850232601102,0.47052741050720204
7078,lod-lille-0.6b,bn,D-lit,A,D,0,D,0,1,0.119492128491401,0.7678313255310051,0.7678313255310051,0.513787150382995,0.119492128491401,0.066344544291496,0.04633206129074,0.7678313255310051
7081,lod-lille-0.6b,bn,D-lit,A,D,0,D,0,1,0.296941012144088,0.34270018339157104,0.34270018339157104,0.23443126678466703,0.296941012144088,0.20242391526699002,0.15793490409851002,0.34270018339157104
7082,lod-lille-0.6b,bn,D-lit,C,B,2,C,1,0,0.39360037446022,0.26605564355850203,0.39360037446022,0.151845023036003,0.19979308545589403,0.26605564355850203,0.39360037446022,0.140550851821899
7083,lod-lille-0.6b,bn,D-lit,A,B,0,B,0,1,0.184090122580528,0.40992909669876104,0.40992909669876104,0.18530495464801702,0.184090122580528,0.40992909669876104,0.24918378889560702,0.156796991825103
7086,lod-lille-0.6b,bn,D-lit,B,C,1,B,1,0,0.40080124139785706,0.254734218120574,0.40080124139785706,0.21962903439998602,0.174988225102424,0.40080124139785706,0.254734218120574,0.169476330280303
7088,lod-lille-0.6b,bn,D-lit,B,C,1,C,0,1,0.03622281551361,0.9178975820541381,0.9178975820541381,0.6711131334304811,0.014990597032010002,0.03622281551361,0.9178975820541381,0.030889051035046
7091,lod-lille-0.6b,bn,D-lit,A,D,0,D,0,1,0.006585701368749,0.9846010804176331,0.9846010804176331,0.8462758660316461,0.006585701368749,0.0033904262818390003,0.005422740243375,0.9846010804176331
7094,lod-lille-0.6b,bn,D-lit,D,B,3,B,0,1,0.25983259081840504,0.547187685966491,0.547187685966491,0.28467819094657904,0.12904854118824002,0.547187685966491,0.06393127143383001,0.25983259081840504
7096,lod-lille-0.6b,bn,D-lit,B,A,1,A,0,1,0.041486419737339006,0.881202280521392,0.881202280521392,0.680777788162231,0.881202280521392,0.041486419737339006,0.030100103467702,0.047211151570081
7097,lod-lille-0.6b,bn,D-lit,B,A,1,A,0,1,0.015107162296772001,0.957263231277465,0.957263231277465,0.7732629776000971,0.957263231277465,0.015107162296772001,0.016378473490476,0.011251185089349
7102,lod-lille-0.6b,bn,D-lit,B,C,1,C,0,1,0.08503461629152201,0.43919110298156705,0.43919110298156705,0.28923088312149003,0.17920425534248302,0.08503461629152201,0.43919110298156705,0.29656997323036105
7107,lod-lille-0.6b,bn,D-lit,C,A,2,A,0,1,0.036495700478553,0.85092955827713,0.85092955827713,0.6653422713279721,0.85092955827713,0.051856737583875004,0.036495700478553,0.060718063265085005
7110,lod-lille-0.6b,bn,D-lit,B,C,1,C,0,1,0.033809583634138,0.8337018489837641,0.8337018489837641,0.6376301050186151,0.07005226612091,0.033809583634138,0.8337018489837641,0.062436211854219006
7112,lod-lille-0.6b,bn,D-lit,C,A,2,C,1,0,0.39203733205795205,0.088282108306884,0.39203733205795205,0.23530596494674602,0.088282108306884,0.317168831825256,0.39203733205795205,0.202511698007583
7114,lod-lille-0.6b,bn,D-lit,C,D,2,D,0,1,0.255728513002395,0.377251029014587,0.377251029014587,0.209911495447158,0.204392090439796,0.16262833774089802,0.255728513002395,0.377251029014587
7116,lod-lille-0.6b,bn,D-lit,B,C,1,C,0,1,0.011371340602636,0.9784305095672601,0.9784305095672601,0.825171947479248,0.004904975648969001,0.011371340602636,0.9784305095672601,0.005293149501085
7119,lod-lille-0.6b,bn,D-lit,D,C,3,C,0,1,0.011536065489053001,0.9621542096138,0.9621542096138,0.815719664096832,0.014746411703526,0.011563227511942002,0.9621542096138,0.011536065489053001
7120,lod-lille-0.6b,bn,D-lit,B,A,1,A,0,1,0.07407671213150001,0.8002303242683411,0.8002303242683411,0.597189486026763,0.8002303242683411,0.07407671213150001,0.039304967969655005,0.08638802170753401
7123,lod-lille-0.6b,bn,D-lit,A,C,0,C,0,1,0.0022615704219780004,0.996011972427368,0.996011972427368,0.9283557534217831,0.0022615704219780004,0.0007981419330460001,0.996011972427368,0.00092841440346
7124,lod-lille-0.6b,bn,D-lit,B,D,1,D,0,1,0.20113670825958202,0.584421813488006,0.584421813488006,0.37333053350448603,0.12874977290630302,0.20113670825958202,0.08569172024726801,0.584421813488006
7131,lod-lille-0.6b,bn,D-lit,D,B,3,B,0,1,0.15217986702919,0.557072222232818,0.557072222232818,0.29926386475563005,0.163605138659477,0.557072222232818,0.12714277207851402,0.15217986702919
7132,lod-lille-0.6b,bn,D-lit,B,C,1,D,0,0,0.215078562498092,0.23116388916969302,0.296188026666641,0.18674281239509502,0.25756949186325,0.215078562498092,0.23116388916969302,0.296188026666641
7139,lod-lille-0.6b,bn,D-lit,C,B,2,B,0,1,0.039308555424213,0.88617342710495,0.88617342710495,0.6565454006195061,0.047833595424890005,0.88617342710495,0.039308555424213,0.026684479787945
7141,lod-lille-0.6b,bn,D-lit,A,C,0,C,0,1,0.032024279236793005,0.8725945949554441,0.8725945949554441,0.6873618960380551,0.032024279236793005,0.068381965160369,0.8725945949554441,0.026999210938811004
7143,lod-lille-0.6b,bn,D-lit,C,A,2,A,0,1,0.08824522793292901,0.8475327491760251,0.8475327491760251,0.639437019824981,0.8475327491760251,0.04459148645401,0.08824522793292901,0.019630560651421002
7144,lod-lille-0.6b,bn,D-lit,C,A,2,A,0,1,0.33351382613182,0.612603545188903,0.612603545188903,0.387096762657165,0.612603545188903,0.028741564601659,0.33351382613182,0.025141064077615002
7147,lod-lille-0.6b,bn,D-lit,B,C,1,C,0,1,0.016185391694307,0.8761329650878901,0.8761329650878901,0.679945111274719,0.04341438412666301,0.016185391694307,0.8761329650878901,0.064267233014106
7151,lod-lille-0.6b,bn,D-lit,A,C,0,A,1,0,0.9586851000785821,0.0117949526757,0.9586851000785821,0.8216838836669921,0.9586851000785821,0.016834242269396,0.0117949526757,0.012685739435255
7152,lod-lille-0.6b,bn,D-lit,D,C,3,C,0,1,0.0073001068085430006,0.9563131928443901,0.9563131928443901,0.7811506390571591,0.02621623314917,0.010170448571443001,0.9563131928443901,0.0073001068085430006
7156,lod-lille-0.6b,bn,D-lit,D,B,3,B,0,1,0.029020642861723,0.896236538887023,0.896236538887023,0.747161567211151,0.037832431495189,0.896236538887023,0.036910403519868004,0.029020642861723
7158,lod-lille-0.6b,bn,D-lit,D,A,3,A,0,1,0.24001358449459,0.342184662818908,0.342184662818908,0.194573611021041,0.342184662818908,0.11561909317970201,0.30218261480331404,0.24001358449459
7164,lod-lille-0.6b,bn,D-lit,B,C,1,C,0,1,0.052985709160566004,0.8570680022239681,0.8570680022239681,0.643800377845764,0.031832519918680004,0.052985709160566004,0.8570680022239681,0.058113757520914
7166,lod-lille-0.6b,bn,D-lit,D,C,3,C,0,1,0.013132805004715002,0.9175558090209961,0.9175558090209961,0.7912709116935731,0.047291085124015,0.022020293399691002,0.9175558090209961,0.013132805004715002
7167,lod-lille-0.6b,bn,D-lit,A,C,0,C,0,1,0.041437566280364005,0.9253519773483271,0.9253519773483271,0.7789674997329711,0.041437566280364005,0.014760613441467,0.9253519773483271,0.018449801951646
7177,lod-lille-0.6b,bn,D-lit,A,D,0,D,0,1,0.23874516785144803,0.295353084802627,0.295353084802627,0.16489779949188202,0.23874516785144803,0.24641305208206102,0.21948872506618503,0.295353084802627
7178,lod-lille-0.6b,bn,D-lit,A,B,0,B,0,1,0.12491724640130901,0.8312520384788511,0.8312520384788511,0.5969550609588621,0.12491724640130901,0.8312520384788511,0.015413699671626,0.028417117893695002
7179,lod-lille-0.6b,bn,D-lit,B,D,1,D,0,1,0.002914787270128,0.989556849002838,0.989556849002838,0.8679198026657101,0.002349052112549,0.002914787270128,0.005179267842322001,0.989556849002838
7184,lod-lille-0.6b,bn,D-lit,D,B,3,B,0,1,0.24740062654018402,0.261799335479736,0.261799335479736,0.13398990035057,0.26035827398300104,0.261799335479736,0.23044176399707703,0.24740062654018402
7185,lod-lille-0.6b,bn,D-lit,C,A,2,C,1,0,0.794388949871063,0.15432967245578702,0.794388949871063,0.6171106100082391,0.15432967245578702,0.034820429980754006,0.794388949871063,0.016460966318845003
7190,lod-lille-0.6b,bn,D-lit,A,B,0,B,0,1,0.002798297209665,0.991557121276855,0.991557121276855,0.861854135990142,0.002798297209665,0.991557121276855,0.002128868829458,0.003515732008963
7197,lod-lille-0.6b,bn,D-lit,C,A,2,B,0,0,0.17603859305381703,0.19414730370044703,0.38554579019546503,0.24099190533161102,0.19414730370044703,0.38554579019546503,0.17603859305381703,0.24426835775375302
7200,lod-lille-0.6b,bn,D-lit,B,C,1,B,1,0,0.31361025571823103,0.23669514060020402,0.31361025571823103,0.140050590038299,0.23594240844249703,0.31361025571823103,0.23669514060020402,0.21375212073326103
7206,lod-lille-0.6b,bn,D-lit,B,A,1,C,0,0,0.141592279076576,0.317132890224456,0.401488900184631,0.16735450923442802,0.317132890224456,0.141592279076576,0.401488900184631,0.139785841107368
7209,lod-lille-0.6b,bn,D-lit,A,D,0,D,0,1,0.064421065151691,0.8849939703941341,0.8849939703941341,0.658710777759552,0.064421065151691,0.020495086908340003,0.030089890584349,0.8849939703941341
7215,lod-lille-0.6b,bn,D-lit,B,C,1,C,0,1,0.16137720644474002,0.689155280590057,0.689155280590057,0.50763988494873,0.06351307034492401,0.16137720644474002,0.689155280590057,0.08595448732376
7220,lod-lille-0.6b,bn,D-lit,C,A,2,A,0,1,0.14082837104797302,0.8065026998519891,0.8065026998519891,0.5751101374626161,0.8065026998519891,0.038018655031919,0.14082837104797302,0.014650300145149002
7222,lod-lille-0.6b,bn,D-lit,B,A,1,A,0,1,0.39660397171974104,0.563784718513488,0.563784718513488,0.420188009738922,0.563784718513488,0.39660397171974104,0.015618680045008002,0.023992601782083
7223,lod-lille-0.6b,bn,D-lit,C,B,2,B,0,1,0.284076780080795,0.685260236263275,0.685260236263275,0.5763473510742181,0.02222840487957,0.685260236263275,0.284076780080795,0.00843459367752
7226,lod-lille-0.6b,bn,D-lit,B,C,1,C,0,1,0.030498873442411003,0.9029269218444821,0.9029269218444821,0.7139867544174191,0.017967207357287,0.030498873442411003,0.9029269218444821,0.048606965690851
7228,lod-lille-0.6b,bn,D-lit,C,A,2,A,0,1,0.05049931630492201,0.888072073459625,0.888072073459625,0.7494840621948241,0.888072073459625,0.032749898731708,0.05049931630492201,0.028678728267550004
7231,lod-lille-0.6b,bn,D-lit,C,B,2,B,0,1,0.060640424489974004,0.861146509647369,0.861146509647369,0.714845478534698,0.048778846859931,0.861146509647369,0.060640424489974004,0.029434259980916002
7235,lod-lille-0.6b,bn,D-lit,C,A,2,A,0,1,0.23476202785968703,0.34653285145759505,0.34653285145759505,0.17497053742408702,0.34653285145759505,0.22206324338912903,0.23476202785968703,0.196641877293586
7236,lod-lille-0.6b,bn,D-lit,C,A,2,A,0,1,0.16219212114810902,0.712371051311492,0.712371051311492,0.406051516532897,0.712371051311492,0.046431090682744,0.16219212114810902,0.079005725681781
7238,lod-lille-0.6b,bn,D-lit,D,B,3,B,0,1,0.08183673024177501,0.8401330113410951,0.8401330113410951,0.5871201157569881,0.023552322760224002,0.8401330113410951,0.054477959871292,0.08183673024177501
7241,lod-lille-0.6b,bn,D-lit,C,D,2,D,0,1,0.26210084557533203,0.6538170576095581,0.6538170576095581,0.39590641856193504,0.040331855416297004,0.043750301003456005,0.26210084557533203,0.6538170576095581
7242,lod-lille-0.6b,bn,D-lit,D,A,3,A,0,1,0.100953057408332,0.5301352739334101,0.5301352739334101,0.327044397592544,0.5301352739334101,0.23112253844738,0.13778918981552102,0.100953057408332
7244,lod-lille-0.6b,bn,D-lit,B,C,1,C,0,1,0.028677599504590003,0.948654890060424,0.948654890060424,0.772055327892303,0.008450362831354,0.028677599504590003,0.948654890060424,0.014217208139598002
7245,lod-lille-0.6b,bn,D-lit,A,C,0,C,0,1,0.10159061849117201,0.860253930091857,0.860253930091857,0.724145650863647,0.10159061849117201,0.01514155883342,0.860253930091857,0.023013910278677
7246,lod-lille-0.6b,bn,D-lit,A,B,0,B,0,1,0.034475207328796005,0.8959500193595881,0.8959500193595881,0.735814332962036,0.034475207328796005,0.8959500193595881,0.033779326826334,0.035795446485280005
7247,lod-lille-0.6b,bn,D-lit,A,D,0,D,0,1,0.143101066350936,0.838896393775939,0.838896393775939,0.695966243743896,0.143101066350936,0.011349411681294,0.006653218064457,0.838896393775939
7248,lod-lille-0.6b,bn,D-lit,B,A,1,A,0,1,0.052502501755952,0.8880785703659051,0.8880785703659051,0.8335109353065491,0.8880785703659051,0.052502501755952,0.014790147542953,0.044628795236349
7249,lod-lille-0.6b,bn,D-lit,C,D,2,D,0,1,0.062607854604721,0.909539699554443,0.909539699554443,0.851556122303009,0.009751535020768,0.018100874498486002,0.062607854604721,0.909539699554443
7252,lod-lille-0.6b,bn,D-lit,D,B,3,B,0,1,0.20122976601123801,0.49316596984863204,0.49316596984863204,0.34172677993774403,0.190724179148674,0.49316596984863204,0.11488009244203501,0.20122976601123801
7253,lod-lille-0.6b,bn,D-lit,C,A,2,A,0,1,0.05105347931385001,0.941147327423095,0.941147327423095,0.8571152091026301,0.941147327423095,0.004300416912883001,0.05105347931385001,0.003498779144138
7254,lod-lille-0.6b,bn,D-lit,C,B,2,B,0,1,0.0065334709361190004,0.982542753219604,0.982542753219604,0.881771683692932,0.006832837127149,0.982542753219604,0.0065334709361190004,0.004090967588126
7255,lod-lille-0.6b,bn,D-lit,B,C,1,C,0,1,0.060474954545497006,0.8924424052238461,0.8924424052238461,0.7438393831253051,0.025959935039281002,0.060474954545497006,0.8924424052238461,0.021122734993696
7258,lod-lille-0.6b,bn,D-lit,D,C,3,C,0,1,0.004024222493171001,0.9828081727027891,0.9828081727027891,0.9036980867385861,0.007406804710626,0.005760726518929,0.9828081727027891,0.004024222493171001
7259,lod-lille-0.6b,bn,D-lit,C,B,2,B,0,1,0.053137432783842004,0.9073213934898371,0.9073213934898371,0.719792962074279,0.020338185131549003,0.9073213934898371,0.053137432783842004,0.019203055649995002
7260,lod-lille-0.6b,bn,D-lit,C,B,2,B,0,1,0.09252695739269201,0.831314802169799,0.831314802169799,0.866825819015502,0.06898759305477101,0.831314802169799,0.09252695739269201,0.007170564495027
7261,lod-lille-0.6b,bn,D-lit,A,D,0,D,0,1,0.12598438560962602,0.580097258090972,0.580097258090972,0.5041155219078061,0.12598438560962602,0.153112053871154,0.14080627262592302,0.580097258090972
7264,lod-lille-0.6b,bn,D-lit,D,A,3,D,1,0,0.336078882217407,0.26953238248825,0.336078882217407,0.266954779624938,0.26953238248825,0.17170025408267903,0.222688540816307,0.336078882217407
7265,lod-lille-0.6b,bn,D-lit,C,B,2,B,0,1,0.013095532543957001,0.9465582966804501,0.9465582966804501,0.829854905605316,0.022858722135424003,0.9465582966804501,0.013095532543957001,0.017487352713942
7266,lod-lille-0.6b,bn,D-lit,C,B,2,B,0,1,0.112057968974113,0.839801013469696,0.839801013469696,0.7181795239448541,0.008404868654906,0.839801013469696,0.112057968974113,0.039736058562994
7268,lod-lille-0.6b,bn,D-lit,C,B,2,B,0,1,0.169362545013427,0.7877058982849121,0.7877058982849121,0.7142290472984311,0.018750539049506,0.7877058982849121,0.169362545013427,0.024180999025702
7271,lod-lille-0.6b,bn,D-lit,B,D,1,D,0,1,0.048369072377681004,0.8368478417396541,0.8368478417396541,0.687310516834259,0.047528710216283,0.048369072377681004,0.067254409193992,0.8368478417396541
7272,lod-lille-0.6b,bn,D-lit,A,D,0,D,0,1,0.073587790131568,0.7986645102500911,0.7986645102500911,0.7133045196533201,0.073587790131568,0.051400143653154005,0.076347604393959,0.7986645102500911
7273,lod-lille-0.6b,bn,D-lit,B,C,1,C,0,1,0.018355138599872003,0.9477412104606621,0.9477412104606621,0.8338992595672601,0.015370723791420002,0.018355138599872003,0.9477412104606621,0.018532924354076
7274,lod-lille-0.6b,bn,D-lit,D,C,3,C,0,1,0.013999258168041002,0.9225409626960751,0.9225409626960751,0.794560253620147,0.021322116255760002,0.042137619107961,0.9225409626960751,0.013999258168041002
7277,lod-lille-0.6b,bn,D-lit,D,C,3,C,0,1,0.047631856054067,0.9255051016807551,0.9255051016807551,0.8628634214401241,0.013353946618735001,0.013509057462215,0.9255051016807551,0.047631856054067
7279,lod-lille-0.6b,bn,D-lit,A,C,0,C,0,1,0.040792323648929006,0.917265534400939,0.917265534400939,0.775944173336029,0.040792323648929006,0.018504081293940003,0.917265534400939,0.023438114672899003
7281,lod-lille-0.6b,bn,D-lit,D,A,3,A,0,1,0.030881278216838004,0.9331390261650081,0.9331390261650081,0.859596252441406,0.9331390261650081,0.019892051815986002,0.016087684780359,0.030881278216838004
7284,lod-lille-0.6b,bn,D-lit,C,B,2,B,0,1,0.005641499999910001,0.9809962511062621,0.9809962511062621,0.8831380605697631,0.008893635123968001,0.9809962511062621,0.005641499999910001,0.004468496423214
7289,lod-lille-0.6b,bn,D-lit,D,A,3,A,0,1,0.032913871109485,0.9047144055366511,0.9047144055366511,0.7681283950805661,0.9047144055366511,0.027748109772801004,0.034623585641384,0.032913871109485
7293,lod-lille-0.6b,bn,D-lit,B,C,1,C,0,1,0.038863230496644,0.9099931716918941,0.9099931716918941,0.7836871743202211,0.031905125826597006,0.038863230496644,0.9099931716918941,0.019238445907831
7294,lod-lille-0.6b,bn,D-lit,B,C,1,C,0,1,0.25006982684135404,0.44783860445022505,0.44783860445022505,0.268545895814895,0.15163449943065602,0.25006982684135404,0.44783860445022505,0.150457128882408
7297,lod-lille-0.6b,bn,D-lit,C,B,2,B,0,1,0.016573140397667,0.9271168708801271,0.9271168708801271,0.796979546546936,0.030565744265913002,0.9271168708801271,0.016573140397667,0.025744281709194003
7302,lod-lille-0.6b,bn,D-lit,A,C,0,C,0,1,0.050064630806446006,0.7411896586418151,0.7411896586418151,0.48652648925781206,0.050064630806446006,0.09108195453882201,0.7411896586418151,0.11766369640827101
7304,lod-lille-0.6b,bn,D-lit,D,A,3,A,0,1,0.25706782937049805,0.574716866016387,0.574716866016387,0.33321642875671303,0.574716866016387,0.059794787317514,0.10842053592205,0.25706782937049805
7312,lod-lille-0.6b,bn,D-lit,B,D,1,D,0,1,0.05384531617164601,0.810079514980316,0.810079514980316,0.634434103965759,0.082157470285892,0.05384531617164601,0.053917683660984005,0.810079514980316
7324,lod-lille-0.6b,bn,D-lit,B,C,1,C,0,1,0.184240669012069,0.5372042059898371,0.5372042059898371,0.481807082891464,0.139778509736061,0.184240669012069,0.5372042059898371,0.138776645064353
7327,lod-lille-0.6b,bn,D-lit,C,A,2,A,0,1,0.18332403898239102,0.616773068904876,0.616773068904876,0.319941967725753,0.616773068904876,0.084652505815029,0.18332403898239102,0.11525040864944401
7330,lod-lille-0.6b,bn,D-lit,C,D,2,D,0,1,0.008885317482054001,0.982137560844421,0.982137560844421,0.876744389533996,0.005228743888437,0.003748362651094,0.008885317482054001,0.982137560844421
7331,lod-lille-0.6b,bn,D-lit,C,D,2,D,0,1,0.008562010712921,0.977313160896301,0.977313160896301,0.7969221472740171,0.010286329314112,0.0038384678773580004,0.008562010712921,0.977313160896301
7335,lod-lille-0.6b,bn,D-lit,D,C,3,C,0,1,0.24647346138954102,0.6429561972618101,0.6429561972618101,0.526675343513488,0.052579294890165,0.05799104273319201,0.6429561972618101,0.24647346138954102
7336,lod-lille-0.6b,bn,D-lit,C,B,2,B,0,1,0.021773740649223,0.9523655176162721,0.9523655176162721,0.7641296982765191,0.020776549354195,0.9523655176162721,0.021773740649223,0.0050841532647600005
7342,lod-lille-0.6b,bn,D-lit,A,B,0,B,0,1,0.026297507807612003,0.9302515983581541,0.9302515983581541,0.7888571023941041,0.026297507807612003,0.9302515983581541,0.025138264521956003,0.018312606960535
7343,lod-lille-0.6b,bn,D-lit,B,A,1,A,0,1,0.07155648618936501,0.838078677654266,0.838078677654266,0.702394068241119,0.838078677654266,0.07155648618936501,0.06187076121568601,0.028493992984294003
7344,lod-lille-0.6b,bn,D-lit,A,D,0,D,0,1,0.008555984124541,0.9859586358070371,0.9859586358070371,0.847963869571685,0.008555984124541,0.0034065758809440003,0.002078844234347,0.9859586358070371
7349,lod-lille-0.6b,bn,D-lit,B,A,1,A,0,1,0.307128965854644,0.48537701368331904,0.48537701368331904,0.22197024524211803,0.48537701368331904,0.307128965854644,0.17734326422214503,0.030150823295116
7350,lod-lille-0.6b,bn,D-lit,B,A,1,A,0,1,0.06387266516685401,0.8490545749664301,0.8490545749664301,0.6822902560234071,0.8490545749664301,0.06387266516685401,0.06454550474882101,0.022527275606989
7354,lod-lille-0.6b,bn,D-lit,C,B,2,B,0,1,0.148490950465202,0.6958038210868831,0.6958038210868831,0.53344452381134,0.058833576738834006,0.6958038210868831,0.148490950465202,0.096871644258499
7357,lod-lille-0.6b,bn,D-lit,B,D,1,D,0,1,0.007389187347143,0.9801385402679441,0.9801385402679441,0.872904896736145,0.008225329220294,0.007389187347143,0.0042468826286490005,0.9801385402679441
7360,lod-lille-0.6b,bn,D-lit,D,C,3,C,0,1,0.004698704928159001,0.9894219040870661,0.9894219040870661,0.9077422618865961,0.001720720552839,0.004158677067607,0.9894219040870661,0.004698704928159001
7364,lod-lille-0.6b,bn,D-lit,C,B,2,B,0,1,0.012499469332396,0.9762105941772461,0.9762105941772461,0.8383289575576781,0.0061416351236400005,0.9762105941772461,0.012499469332396,0.0051482138223940006
7365,lod-lille-0.6b,bn,D-lit,A,C,0,C,0,1,0.0074843089096240005,0.9826391935348511,0.9826391935348511,0.8697620630264281,0.0074843089096240005,0.006300745997577,0.9826391935348511,0.0035757469013330003
7367,lod-lille-0.6b,bn,D-lit,C,A,2,A,0,1,0.01073439605534,0.9768952131271361,0.9768952131271361,0.7883411645889281,0.9768952131271361,0.007551467046141001,0.01073439605534,0.0048189107328650005
7369,lod-lille-0.6b,bn,D-lit,C,B,2,B,0,1,0.027596708387136,0.8612956404685971,0.8612956404685971,0.716399252414703,0.058823395520448005,0.8612956404685971,0.027596708387136,0.052284326404333004
7375,lod-lille-0.6b,bn,D-lit,D,C,3,D,1,0,0.544687628746032,0.14859764277935,0.544687628746032,0.337148398160934,0.201084896922111,0.105629868805408,0.14859764277935,0.544687628746032
7376,lod-lille-0.6b,bn,D-lit,D,A,3,A,0,1,0.150228112936019,0.781954288482666,0.781954288482666,0.650687158107757,0.781954288482666,0.052031051367521,0.015786567702889002,0.150228112936019
7377,lod-lille-0.6b,bn,D-lit,C,B,2,B,0,1,0.009857794269919,0.9735527038574211,0.9735527038574211,0.8941687941551201,0.0078082811087360005,0.9735527038574211,0.009857794269919,0.008781172335147
7381,lod-lille-0.6b,bn,D-lit,A,C,0,C,0,1,0.053981456905603006,0.8917046189308161,0.8917046189308161,0.7606102824211121,0.053981456905603006,0.010187519714236001,0.8917046189308161,0.044126387685537005
7389,lod-lille-0.6b,bn,D-lit,A,B,0,B,0,1,0.048525337129831,0.840694367885589,0.840694367885589,0.603196263313293,0.048525337129831,0.840694367885589,0.056853499263525,0.05392681434750501
7390,lod-lille-0.6b,bn,D-lit,A,C,0,C,0,1,0.322437167167663,0.646483600139617,0.646483600139617,0.501574993133544,0.322437167167663,0.016504783183336,0.646483600139617,0.014574451372027002
7391,lod-lille-0.6b,bn,D-lit,D,C,3,C,0,1,0.067577704787254,0.9046409726142881,0.9046409726142881,0.7290767431259151,0.014447996392846002,0.013333348557353,0.9046409726142881,0.067577704787254
7395,lod-lille-0.6b,bn,D-lit,C,B,2,B,0,1,0.030756447464227003,0.9192178845405571,0.9192178845405571,0.775630891323089,0.021717632189393002,0.9192178845405571,0.030756447464227003,0.028308071196079
7396,lod-lille-0.6b,bn,D-lit,D,B,3,B,0,1,0.054625194519758,0.8597924709320061,0.8597924709320061,0.788384616374969,0.045541755855083,0.8597924709320061,0.040040634572505,0.054625194519758
7398,lod-lille-0.6b,bn,D-lit,B,A,1,B,1,0,0.409008622169494,0.20402809977531403,0.409008622169494,0.25646066665649403,0.20402809977531403,0.409008622169494,0.21467329561710302,0.17229002714157102
7402,lod-lille-0.6b,bn,D-lit,C,D,2,D,0,1,0.090146049857139,0.8581107854843141,0.8581107854843141,0.6074645519256591,0.020194003358483002,0.031549178063869004,0.090146049857139,0.8581107854843141
7403,lod-lille-0.6b,bn,D-lit,A,B,0,B,0,1,0.040134150534868004,0.880633771419525,0.880633771419525,0.6630169153213501,0.040134150534868004,0.880633771419525,0.043408591300249,0.035823479294776
7405,lod-lille-0.6b,bn,D-lit,D,C,3,D,1,0,0.658574402332305,0.313961833715438,0.658574402332305,0.551117122173309,0.012252236716449,0.015211477875709001,0.313961833715438,0.658574402332305
7407,lod-lille-0.6b,bn,D-lit,A,C,0,C,0,1,0.15648180246353102,0.8111549019813531,0.8111549019813531,0.7169497013092041,0.15648180246353102,0.021160511299967003,0.8111549019813531,0.011202828027307
7408,lod-lille-0.6b,bn,D-lit,B,C,1,C,0,1,0.027166247367858002,0.9527600407600401,0.9527600407600401,0.800743997097015,0.011482045054435001,0.027166247367858002,0.9527600407600401,0.008591709658503
7412,lod-lille-0.6b,bn,D-lit,C,D,2,D,0,1,0.086143374443054,0.7930440902709961,0.7930440902709961,0.6275398135185241,0.044942729175090006,0.075869761407375,0.086143374443054,0.7930440902709961
7413,lod-lille-0.6b,bn,D-lit,D,B,3,B,0,1,0.081151813268661,0.752498924732208,0.752498924732208,0.5671981573104851,0.09721894562244401,0.752498924732208,0.06913039088249201,0.081151813268661
7415,lod-lille-0.6b,bn,D-lit,C,A,2,A,0,1,0.29874300956726,0.30643826723098705,0.30643826723098705,0.159247696399688,0.30643826723098705,0.184540212154388,0.29874300956726,0.21027848124504
7416,lod-lille-0.6b,bn,D-lit,A,C,0,C,0,1,0.19860793650150302,0.7502167820930481,0.7502167820930481,0.599583864212036,0.19860793650150302,0.030681874603033003,0.7502167820930481,0.020493416115641
7417,lod-lille-0.6b,bn,D-lit,A,D,0,D,0,1,0.002202441450208,0.9908081889152521,0.9908081889152521,0.892116487026214,0.002202441450208,0.0042757377959780005,0.0027137116994700003,0.9908081889152521
7420,lod-lille-0.6b,bn,D-lit,A,C,0,C,0,1,0.045256461948156,0.8230597972869871,0.8230597972869871,0.5834333300590511,0.045256461948156,0.08794854581356,0.8230597972869871,0.043735213577747005
7423,lod-lille-0.6b,bn,D-lit,A,B,0,B,0,1,0.019448105245828,0.9563694596290581,0.9563694596290581,0.8215363025665281,0.019448105245828,0.9563694596290581,0.015532960183918,0.008649459108710001
7425,lod-lille-0.6b,bn,D-lit,A,D,0,D,0,1,0.036686655133962,0.915610194206237,0.915610194206237,0.8174168467521661,0.036686655133962,0.02085312269628,0.026850145310163002,0.915610194206237
7428,lod-lille-0.6b,bn,D-lit,B,C,1,C,0,1,0.031997233629226005,0.9211091995239251,0.9211091995239251,0.8406076431274411,0.030558222904801,0.031997233629226005,0.9211091995239251,0.016335314139723
7432,lod-lille-0.6b,bn,D-lit,C,A,2,A,0,1,0.00239696050994,0.991023778915405,0.991023778915405,0.890693068504333,0.991023778915405,0.004589759744703,0.00239696050994,0.0019895336590700003
7436,lod-lille-0.6b,bn,D-lit,C,B,2,B,0,1,0.15158449113368902,0.8169929981231691,0.8169929981231691,0.7227429151535031,0.014760446734726,0.8169929981231691,0.15158449113368902,0.016662104055285003
7437,lod-lille-0.6b,bn,D-lit,C,D,2,D,0,1,0.134157985448837,0.7022402286529541,0.7022402286529541,0.565214872360229,0.07874514907598401,0.084856562316417,0.134157985448837,0.7022402286529541
7439,lod-lille-0.6b,bn,D-lit,D,C,3,C,0,1,0.07138173282146401,0.8477040529251091,0.8477040529251091,0.710789620876312,0.051858350634574,0.029055835679173,0.8477040529251091,0.07138173282146401
7441,lod-lille-0.6b,bn,D-lit,D,B,3,B,0,1,0.022187234833836,0.9450464248657221,0.9450464248657221,0.8165344595909111,0.016046043485403002,0.9450464248657221,0.01672032661736,0.022187234833836
7447,lod-lille-0.6b,bn,D-lit,B,C,1,C,0,1,0.23808801174163802,0.6506548523902891,0.6506548523902891,0.46247732639312705,0.08322999626398,0.23808801174163802,0.6506548523902891,0.028027143329381003
7449,lod-lille-0.6b,bn,D-lit,C,B,2,D,0,0,0.14638547599315602,0.307947278022766,0.395148366689682,0.23189078271389002,0.150518849492073,0.307947278022766,0.14638547599315602,0.395148366689682
7450,lod-lille-0.6b,bn,D-lit,B,A,1,A,0,1,0.077925585210323,0.902586877346038,0.902586877346038,0.7930716276168821,0.902586877346038,0.077925585210323,0.009690751321613001,0.00979686062783
7451,lod-lille-0.6b,bn,D-lit,A,D,0,D,0,1,0.09970276802778201,0.8672357797622681,0.8672357797622681,0.701431691646575,0.09970276802778201,0.011692663654685001,0.021368777379393,0.8672357797622681
7452,lod-lille-0.6b,bn,D-lit,A,D,0,D,0,1,0.269490927457809,0.402075678110122,0.402075678110122,0.215777844190597,0.269490927457809,0.225888058543205,0.10254535824060401,0.402075678110122
7462,lod-lille-0.6b,bn,D-lit,C,B,2,B,0,1,0.100173242390155,0.8576132059097291,0.8576132059097291,0.76354306936264,0.02807399816811,0.8576132059097291,0.100173242390155,0.014139528386294
7464,lod-lille-0.6b,bn,D-lit,B,A,1,A,0,1,0.14766636490821802,0.484128832817077,0.484128832817077,0.23273073136806402,0.484128832817077,0.14766636490821802,0.08687326312065101,0.28133150935173
7466,lod-lille-0.6b,bn,D-lit,B,A,1,A,0,1,0.135674849152565,0.723140776157379,0.723140776157379,0.46624094247817904,0.723140776157379,0.135674849152565,0.044814106076955004,0.096370294690132
7467,lod-lille-0.6b,bn,D-lit,A,C,0,C,0,1,0.017408408224582003,0.7624849677085871,0.7624849677085871,0.6615694761276241,0.017408408224582003,0.12912699580192502,0.7624849677085871,0.09097956120967801
7468,lod-lille-0.6b,bn,D-lit,D,C,3,C,0,1,0.029416430741548004,0.780086815357208,0.780086815357208,0.49286526441574,0.045433450490236005,0.14506338536739302,0.780086815357208,0.029416430741548004
7470,lod-lille-0.6b,bn,D-lit,A,B,0,B,0,1,0.024610433727502,0.9064636826515191,0.9064636826515191,0.739437043666839,0.024610433727502,0.9064636826515191,0.044844329357147,0.024081539362668002
7475,lod-lille-0.6b,bn,D-lit,C,A,2,A,0,1,0.29511484503746005,0.36459830403327903,0.36459830403327903,0.17012253403663602,0.36459830403327903,0.24655434489250103,0.29511484503746005,0.093732506036758
7476,lod-lille-0.6b,bn,D-lit,A,B,0,B,0,1,0.08561397343873901,0.835974991321563,0.835974991321563,0.6837001442909241,0.08561397343873901,0.835974991321563,0.047036141157150005,0.031374935060739004
7477,lod-lille-0.6b,bn,D-lit,A,B,0,B,0,1,0.13156069815158802,0.8436224460601801,0.8436224460601801,0.6279579997062681,0.13156069815158802,0.8436224460601801,0.018072009086608002,0.006744880229234001
7481,lod-lille-0.6b,bn,D-lit,C,A,2,A,0,1,0.05458901077508901,0.8074488639831541,0.8074488639831541,0.6440832018852231,0.8074488639831541,0.08787682652473401,0.05458901077508901,0.05008525773882801
7482,lod-lille-0.6b,bn,D-lit,A,D,0,D,0,1,0.032217063009738,0.8517370820045471,0.8517370820045471,0.642840504646301,0.032217063009738,0.065539598464965,0.050506208091974,0.8517370820045471
7486,lod-lille-0.6b,bn,D-lit,C,B,2,B,0,1,0.0024704809766260003,0.9909892678260801,0.9909892678260801,0.9056490659713741,0.0039024213328950003,0.9909892678260801,0.0024704809766260003,0.002637877361848
7492,lod-lille-0.6b,bn,D-lit,A,D,0,D,0,1,0.456280499696731,0.47497299313545205,0.47497299313545205,0.349707186222076,0.456280499696731,0.043519750237464,0.025226887315511003,0.47497299313545205
7496,lod-lille-0.6b,bn,D-lit,B,C,1,A,0,0,0.286924362182617,0.21188293397426602,0.305861949920654,0.129573449492454,0.305861949920654,0.286924362182617,0.21188293397426602,0.19533072412014002
7498,lod-lille-0.6b,bn,D-lit,B,C,1,C,0,1,0.013346155174076,0.9665235877037041,0.9665235877037041,0.836624920368194,0.00832450389862,0.013346155174076,0.9665235877037041,0.011805710382759
7499,lod-lille-0.6b,bn,D-lit,B,D,1,D,0,1,0.2224792689085,0.765085875988006,0.765085875988006,0.604128062725067,0.0052223852835590005,0.2224792689085,0.007212467957288001,0.765085875988006
7501,lod-lille-0.6b,bn,D-lit,D,A,3,A,0,1,0.032993730157613005,0.8902752399444581,0.8902752399444581,0.7250710129737851,0.8902752399444581,0.047682411968708004,0.029048571363091004,0.032993730157613005
7503,lod-lille-0.6b,bn,D-lit,A,C,0,C,0,1,0.027223601937294003,0.8262965679168701,0.8262965679168701,0.642663896083831,0.027223601937294003,0.08214169740676801,0.8262965679168701,0.06433808803558301
7507,lod-lille-0.6b,bn,D-lit,B,A,1,A,0,1,0.19454863667488,0.36851984262466403,0.36851984262466403,0.328744500875473,0.36851984262466403,0.19454863667488,0.26856085658073403,0.16837066411972001
7515,lod-lille-0.6b,bn,D-lit,A,C,0,C,0,1,0.018345052376389,0.9519304037094111,0.9519304037094111,0.792268514633178,0.018345052376389,0.016379827633500002,0.9519304037094111,0.013344694860279002
7520,lod-lille-0.6b,bn,D-lit,B,D,1,D,0,1,0.262936174869537,0.476518929004669,0.476518929004669,0.301317691802978,0.125386998057365,0.262936174869537,0.135157868266105,0.476518929004669
7525,lod-lille-0.6b,bn,D-lit,C,A,2,A,0,1,0.024418650195002,0.9492782950401301,0.9492782950401301,0.784032523632049,0.9492782950401301,0.013151994906365,0.024418650195002,0.013151073828339
7526,lod-lille-0.6b,bn,D-lit,B,C,1,C,0,1,0.0991001278162,0.7241665124893181,0.7241665124893181,0.568858325481414,0.106135547161102,0.0991001278162,0.7241665124893181,0.070597857236862
7530,lod-lille-0.6b,bn,D-lit,C,D,2,D,0,1,0.13444468379020602,0.6642163395881651,0.6642163395881651,0.575356006622314,0.053017638623714,0.14832130074501002,0.13444468379020602,0.6642163395881651
7532,lod-lille-0.6b,bn,D-lit,C,B,2,A,0,0,0.20140317082405002,0.20733107626438102,0.415546119213104,0.287424981594085,0.415546119213104,0.20733107626438102,0.20140317082405002,0.17571957409381803
7535,lod-lille-0.6b,bn,D-lit,D,A,3,A,0,1,0.079825952649116,0.719099044799804,0.719099044799804,0.516403436660766,0.719099044799804,0.06955659389495801,0.13151839375495902,0.079825952649116
7536,lod-lille-0.6b,bn,D-lit,C,A,2,A,0,1,0.287597686052322,0.30469363927841103,0.30469363927841103,0.21399348974227902,0.30469363927841103,0.22995424270629802,0.287597686052322,0.177754491567611
7539,lod-lille-0.6b,bn,D-lit,C,B,2,B,0,1,0.015912527218461002,0.9594391584396361,0.9594391584396361,0.8210363984107971,0.014309636317193002,0.9594391584396361,0.015912527218461002,0.01033857371658
7542,lod-lille-0.6b,bn,D-lit,A,B,0,B,0,1,0.027549851685762003,0.9041503071784971,0.9041503071784971,0.7644246220588681,0.027549851685762003,0.9041503071784971,0.035270053893327005,0.033029772341251006
7544,lod-lille-0.6b,bn,D-lit,D,B,3,B,0,1,0.014161309227347001,0.9699983596801751,0.9699983596801751,0.796937584877014,0.011764908209443,0.9699983596801751,0.0040754475630810005,0.014161309227347001
7545,lod-lille-0.6b,bn,D-lit,C,A,2,A,0,1,0.028256556019186002,0.774607062339782,0.774607062339782,0.6125028729438781,0.774607062339782,0.061556283384561004,0.028256556019186002,0.13558016717433902
7551,lod-lille-0.6b,bn,D-lit,A,C,0,C,0,1,0.018450908362865,0.9557170867919921,0.9557170867919921,0.7925444841384881,0.018450908362865,0.014182825572788,0.9557170867919921,0.011649214662611
7554,lod-lille-0.6b,bn,D-lit,B,A,1,A,0,1,0.07921366393566101,0.8645520806312561,0.8645520806312561,0.7612335085868831,0.8645520806312561,0.07921366393566101,0.029867134988307002,0.026367146521806002
7556,lod-lille-0.6b,bn,D-lit,D,C,3,C,0,1,0.16483619809150601,0.333832800388336,0.333832800388336,0.19067049026489202,0.172470033168792,0.328860998153686,0.333832800388336,0.16483619809150601
7558,lod-lille-0.6b,bn,D-lit,B,D,1,D,0,1,0.06789393723011,0.817252099514007,0.817252099514007,0.652237713336944,0.058672197163105004,0.06789393723011,0.056181784719228,0.817252099514007
7560,lod-lille-0.6b,bn,D-lit,A,D,0,D,0,1,0.015376272611320001,0.9620009660720821,0.9620009660720821,0.801296949386596,0.015376272611320001,0.015735182911157,0.006887598428875001,0.9620009660720821
7561,lod-lille-0.6b,bn,D-lit,A,D,0,D,0,1,0.18722893297672202,0.788088083267211,0.788088083267211,0.677314758300781,0.18722893297672202,0.017250105738639002,0.00743294507265,0.788088083267211
7563,lod-lille-0.6b,bn,D-lit,B,D,1,D,0,1,0.038696072995662,0.9059420824050901,0.9059420824050901,0.7701305150985711,0.016771856695413,0.038696072995662,0.038589935749769,0.9059420824050901
7564,lod-lille-0.6b,bn,D-lit,D,C,3,A,0,0,0.20105685293674402,0.27314355969429,0.320940822362899,0.20448663830757102,0.320940822362899,0.204858765006065,0.27314355969429,0.20105685293674402
7576,lod-lille-0.6b,bn,D-lit,C,D,2,D,0,1,0.032059468328952005,0.9434711933135981,0.9434711933135981,0.832441329956054,0.01609968021512,0.008369570598006,0.032059468328952005,0.9434711933135981
7584,lod-lille-0.6b,bn,D-lit,C,B,2,B,0,1,0.030918538570404,0.9610736370086671,0.9610736370086671,0.7215281724929811,0.0036323135718700004,0.9610736370086671,0.030918538570404,0.004375458229333
7588,lod-lille-0.6b,bn,D-lit,D,B,3,B,0,1,0.186085671186447,0.525564074516296,0.525564074516296,0.454847455024719,0.163990169763565,0.525564074516296,0.124360024929046,0.186085671186447
7592,lod-lille-0.6b,bn,D-lit,D,A,3,A,0,1,0.035877216607332,0.878273248672485,0.878273248672485,0.7495064139366151,0.878273248672485,0.051846716552972,0.034002922475337004,0.035877216607332
7594,lod-lille-0.6b,bn,D-lit,D,A,3,A,0,1,0.022068126127123,0.9264373779296871,0.9264373779296871,0.8163812756538391,0.9264373779296871,0.036020819097757,0.015473590232431,0.022068126127123
7598,lod-lille-0.6b,bn,D-lit,A,D,0,D,0,1,0.006956513505429001,0.96669590473175,0.96669590473175,0.840015053749084,0.006956513505429001,0.008132833056151001,0.018214736133813,0.96669590473175
7605,lod-lille-0.6b,bn,D-lit,C,B,2,C,1,0,0.5082235932350151,0.45924007892608604,0.5082235932350151,0.336203426122665,0.018919333815574,0.45924007892608604,0.5082235932350151,0.013616887852549001
7608,lod-lille-0.6b,bn,D-lit,D,B,3,B,0,1,0.011195875704288,0.958916664123535,0.958916664123535,0.8676786422729491,0.021063543856143,0.958916664123535,0.008823876269161,0.011195875704288
7609,lod-lille-0.6b,bn,D-lit,B,A,1,A,0,1,0.047635685652494,0.9420585036277771,0.9420585036277771,0.8058748841285701,0.9420585036277771,0.047635685652494,0.004084553103893,0.006221295800060001
7611,lod-lille-0.6b,bn,D-lit,B,A,1,A,0,1,0.021724050864577002,0.955873370170593,0.955873370170593,0.8006094694137571,0.955873370170593,0.021724050864577002,0.016585933044552,0.00581661099568
7619,lod-lille-0.6b,bn,D-lit,C,A,2,A,0,1,0.049997355788946006,0.7333193421363831,0.7333193421363831,0.42756843566894503,0.7333193421363831,0.065602347254753,0.049997355788946006,0.15108098089694902
7622,lod-lille-0.6b,bn,D-lit,B,C,1,C,0,1,0.06522859632968901,0.813852787017822,0.813852787017822,0.584245085716247,0.034734111279249004,0.06522859632968901,0.813852787017822,0.08618450909852901
7623,lod-lille-0.6b,bn,D-lit,D,A,3,A,0,1,0.070436581969261,0.9040032625198361,0.9040032625198361,0.7889404892921441,0.9040032625198361,0.015387309715151001,0.010172854177653,0.070436581969261
7638,lod-lille-0.6b,bn,D-lit,A,D,0,D,0,1,0.063847661018371,0.886415660381317,0.886415660381317,0.7784518599510191,0.063847661018371,0.018195105716586002,0.03154157102108,0.886415660381317
7639,lod-lille-0.6b,bn,D-lit,B,C,1,C,0,1,0.035048495978116004,0.891891717910766,0.891891717910766,0.6932798027992241,0.030608477070927002,0.035048495978116004,0.891891717910766,0.042451370507478006
7642,lod-lille-0.6b,bn,D-lit,D,A,3,A,0,1,0.093348659574985,0.767735540866851,0.767735540866851,0.624579966068267,0.767735540866851,0.06576792150735801,0.073147900402545,0.093348659574985
7650,lod-lille-0.6b,bn,D-lit,A,D,0,D,0,1,0.009092924185097,0.9868285059928891,0.9868285059928891,0.9337217211723321,0.009092924185097,0.0012391427299000002,0.002839419059455,0.9868285059928891
7655,lod-lille-0.6b,bn,D-lit,D,A,3,A,0,1,0.06560695916414201,0.751519799232482,0.751519799232482,0.565274477005004,0.751519799232482,0.11460509896278301,0.06826822459697701,0.06560695916414201
7656,lod-lille-0.6b,bn,D-lit,A,D,0,D,0,1,0.018106138333678003,0.949567794799804,0.949567794799804,0.840151250362396,0.018106138333678003,0.011959030292928,0.020367050543427002,0.949567794799804
7657,lod-lille-0.6b,bn,D-lit,A,C,0,C,0,1,0.146394699811935,0.622499406337738,0.622499406337738,0.477631509304046,0.146394699811935,0.112747080624103,0.622499406337738,0.11835879832506101
7658,lod-lille-0.6b,bn,D-lit,C,D,2,B,0,0,0.23587937653064703,0.229944810271263,0.30917420983314503,0.21636928617954201,0.22500160336494401,0.30917420983314503,0.23587937653064703,0.229944810271263
7659,lod-lille-0.6b,bn,D-lit,B,C,1,C,0,1,0.278112351894378,0.422358572483062,0.422358572483062,0.27375993132591203,0.19630183279514302,0.278112351894378,0.422358572483062,0.10322720557451201
7660,lod-lille-0.6b,bn,D-lit,D,A,3,A,0,1,0.0040351534262290005,0.988194108009338,0.988194108009338,0.8940069079399101,0.988194108009338,0.004149588756263,0.003621158655732,0.0040351534262290005
7661,lod-lille-0.6b,bn,D-lit,C,B,2,B,0,1,0.015967560932040003,0.9599510431289671,0.9599510431289671,0.8555610179901121,0.016351427882909,0.9599510431289671,0.015967560932040003,0.0077299331314860005
7662,lod-lille-0.6b,bn,D-lit,B,C,1,C,0,1,0.024255402386188,0.9056097865104671,0.9056097865104671,0.7783679366111751,0.024669067934155003,0.024255402386188,0.9056097865104671,0.045465752482414
7663,lod-lille-0.6b,bn,D-lit,C,B,2,B,0,1,0.007664758246392,0.9830220937728881,0.9830220937728881,0.8789093494415281,0.007377824746072001,0.9830220937728881,0.007664758246392,0.001935348263941
7666,lod-lille-0.6b,bn,D-lit,D,C,3,C,0,1,0.064541056752204,0.624331176280975,0.624331176280975,0.45360922813415505,0.23938715457916201,0.071740590035915,0.624331176280975,0.064541056752204
7670,lod-lille-0.6b,bn,D-lit,D,B,3,B,0,1,0.014332511462271002,0.967672526836395,0.967672526836395,0.8420366048812861,0.011065108701586002,0.967672526836395,0.006929897237569001,0.014332511462271002
7671,lod-lille-0.6b,bn,D-lit,C,A,2,A,0,1,0.26726773381233204,0.362282007932662,0.362282007932662,0.255800783634185,0.362282007932662,0.25116136670112604,0.26726773381233204,0.11928886920213701
7675,lod-lille-0.6b,bn,D-lit,A,D,0,D,0,1,0.209752053022384,0.781582355499267,0.781582355499267,0.7128195762634271,0.209752053022384,0.0032881703227750003,0.005377412773668,0.781582355499267
7677,lod-lille-0.6b,bn,D-lit,B,D,1,D,0,1,0.013570955023169,0.9682375788688661,0.9682375788688661,0.8612648844718931,0.011400056071579,0.013570955023169,0.006791455671191,0.9682375788688661
7680,lod-lille-0.6b,bn,D-lit,C,A,2,A,0,1,0.012453414499759001,0.9824497699737541,0.9824497699737541,0.8590729832649231,0.9824497699737541,0.002442995551973,0.012453414499759001,0.0026537820231160004
7681,lod-lille-0.6b,bn,D-lit,A,B,0,B,0,1,0.001971522578969,0.994811058044433,0.994811058044433,0.9387847781181331,0.001971522578969,0.994811058044433,0.001502581872045,0.0017148145707320001
7687,lod-lille-0.6b,bn,D-lit,B,C,1,C,0,1,0.06463531404733601,0.9197948575019831,0.9197948575019831,0.8045166134834291,0.008562930859625001,0.06463531404733601,0.9197948575019831,0.0070069218054410005
7692,lod-lille-0.6b,bn,D-lit,C,B,2,B,0,1,0.17527036368846802,0.754085302352905,0.754085302352905,0.5444567799568171,0.013099946081638001,0.754085302352905,0.17527036368846802,0.05754437670111601
7693,lod-lille-0.6b,bn,D-lit,B,D,1,D,0,1,0.102817736566066,0.748217821121215,0.748217821121215,0.5630919933319091,0.094048909842967,0.102817736566066,0.054915588349103005,0.748217821121215
7696,lod-lille-0.6b,bn,D-lit,C,D,2,D,0,1,0.008444563485682,0.979322254657745,0.979322254657745,0.8499927520751951,0.006350735668092001,0.0058824066072700005,0.008444563485682,0.979322254657745
7698,lod-lille-0.6b,bn,D-lit,A,B,0,B,0,1,0.031968407332897006,0.916608452796936,0.916608452796936,0.7766790986061091,0.031968407332897006,0.916608452796936,0.018388507887721003,0.033034652471542005
7700,lod-lille-0.6b,bn,D-lit,C,B,2,B,0,1,0.042953286319971,0.9089446067810051,0.9089446067810051,0.8058121800422661,0.024979112669825002,0.9089446067810051,0.042953286319971,0.02312303520739
7702,lod-lille-0.6b,bn,D-lit,A,C,0,C,0,1,0.010553994216024001,0.9718082547187801,0.9718082547187801,0.8162764906883241,0.010553994216024001,0.005273910705000001,0.9718082547187801,0.012363800778985001
7707,lod-lille-0.6b,bn,D-lit,B,D,1,D,0,1,0.012562553398311001,0.955429375171661,0.955429375171661,0.8615589737892151,0.019158409908413002,0.012562553398311001,0.012849640101194002,0.955429375171661
7708,lod-lille-0.6b,bn,D-lit,A,C,0,C,0,1,0.214469790458679,0.570772051811218,0.570772051811218,0.29340445995330805,0.214469790458679,0.127144575119018,0.570772051811218,0.08761359751224501
7709,lod-lille-0.6b,bn,D-lit,B,C,1,C,0,1,0.013021734543144,0.964154481887817,0.964154481887817,0.8483082652091981,0.013239460997283,0.013021734543144,0.964154481887817,0.009584311395883002
7710,lod-lille-0.6b,bn,D-lit,A,D,0,D,0,1,0.08768370002508101,0.8734583258628841,0.8734583258628841,0.7419853210449211,0.08768370002508101,0.023987872526049003,0.014870145358145001,0.8734583258628841
7719,lod-lille-0.6b,bn,D-lit,D,A,3,A,0,1,0.08701370656490301,0.6840465068817131,0.6840465068817131,0.39659434556961004,0.6840465068817131,0.16956578195095,0.05937398225069,0.08701370656490301
7720,lod-lille-0.6b,bn,D-lit,B,C,1,C,0,1,0.04252690076828,0.846418142318725,0.846418142318725,0.7281578183174131,0.046588115394115004,0.04252690076828,0.846418142318725,0.06446685642004
7721,lod-lille-0.6b,bn,D-lit,D,A,3,A,0,1,0.042139109224081005,0.859763085842132,0.859763085842132,0.7580023407936091,0.859763085842132,0.049340855330228,0.048756998032331,0.042139109224081005
7723,lod-lille-0.6b,bn,D-lit,D,A,3,A,0,1,0.089634880423545,0.693247556686401,0.693247556686401,0.49057036638259804,0.693247556686401,0.119348898530006,0.09776864945888501,0.089634880423545
7728,lod-lille-0.6b,bn,D-lit,B,D,1,D,0,1,0.21051022410392703,0.45080173015594405,0.45080173015594405,0.195818692445755,0.205296337604522,0.21051022410392703,0.133391678333282,0.45080173015594405
7732,lod-lille-0.6b,bn,D-lit,B,C,1,C,0,1,0.022075090557336002,0.9732536077499391,0.9732536077499391,0.8522127866744991,0.0013135808985680001,0.022075090557336002,0.9732536077499391,0.00335774058476
7734,lod-lille-0.6b,bn,D-lit,D,C,3,C,0,1,0.097296208143234,0.8306559920310971,0.8306559920310971,0.6550268530845641,0.052805896848440004,0.019241854548454,0.8306559920310971,0.097296208143234
7737,lod-lille-0.6b,bn,D-lit,C,D,2,D,0,1,0.003016890026628,0.9909650087356561,0.9909650087356561,0.9055022597312921,0.0035828354302790003,0.0024352488107970004,0.003016890026628,0.9909650087356561
7740,lod-lille-0.6b,bn,D-lit,B,D,1,D,0,1,0.301136195659637,0.6769899725914,0.6769899725914,0.548991978168487,0.010822303593158,0.301136195659637,0.011051468551158001,0.6769899725914
7743,lod-lille-0.6b,bn,D-lit,D,A,3,A,0,1,0.012487662024796,0.95016074180603,0.95016074180603,0.8593645691871641,0.95016074180603,0.02061497233808,0.016736635938286,0.012487662024796
7744,lod-lille-0.6b,bn,D-lit,A,C,0,C,0,1,0.033794716000556,0.895687043666839,0.895687043666839,0.7432173490524291,0.033794716000556,0.043225165456533,0.895687043666839,0.027293069288134002
7745,lod-lille-0.6b,bn,D-lit,D,B,3,B,0,1,0.130593478679656,0.8039340376853941,0.8039340376853941,0.6011525988578791,0.027712153270840003,0.8039340376853941,0.037760350853204006,0.130593478679656
7746,lod-lille-0.6b,bn,D-lit,D,B,3,B,0,1,0.0073155765421680004,0.969767153263092,0.969767153263092,0.8377269506454461,0.008582545444369,0.969767153263092,0.014334660954773001,0.0073155765421680004
7747,lod-lille-0.6b,bn,D-lit,C,A,2,A,0,1,0.017909416928887003,0.9458560347557061,0.9458560347557061,0.793128728866577,0.9458560347557061,0.020549966022372003,0.017909416928887003,0.015684571117162
7749,lod-lille-0.6b,bn,D-lit,C,A,2,A,0,1,0.009359471499919001,0.977238655090332,0.977238655090332,0.841083467006683,0.977238655090332,0.0093475272879,0.009359471499919001,0.004054317250847
7751,lod-lille-0.6b,bn,D-lit,D,B,3,B,0,1,0.012811356224119,0.882275998592376,0.882275998592376,0.749244749546051,0.091528736054897,0.882275998592376,0.013383967801928002,0.012811356224119
7752,lod-lille-0.6b,bn,D-lit,A,B,0,B,0,1,0.017635341733694,0.9578634500503541,0.9578634500503541,0.8527556061744691,0.017635341733694,0.9578634500503541,0.012046054936945001,0.012455136515200001
7755,lod-lille-0.6b,bn,D-lit,B,C,1,C,0,1,0.070918902754783,0.7804487347602841,0.7804487347602841,0.6100835800170891,0.09661107510328201,0.070918902754783,0.7804487347602841,0.05202138423919601
7756,lod-lille-0.6b,bn,D-lit,B,C,1,C,0,1,0.007892528548836,0.9662449359893791,0.9662449359893791,0.861521899700164,0.008660112507641001,0.007892528548836,0.9662449359893791,0.017202407121658003
7758,lod-lille-0.6b,bn,D-lit,B,C,1,C,0,1,0.007636683527380001,0.978090405464172,0.978090405464172,0.8735963106155391,0.009704403579235,0.007636683527380001,0.978090405464172,0.0045685530640180005
7763,lod-lille-0.6b,bn,D-lit,D,C,3,C,0,1,0.012448376044631,0.9561131596565241,0.9561131596565241,0.839470744132995,0.019979296252131,0.011459212750196,0.9561131596565241,0.012448376044631
7768,lod-lille-0.6b,bn,D-lit,B,D,1,B,1,0,0.5818235874176021,0.12345723807811701,0.5818235874176021,0.47583135962486206,0.169071376323699,0.5818235874176021,0.12564779818058,0.12345723807811701
7773,lod-lille-0.6b,bn,D-lit,D,A,3,A,0,1,0.037085685878992004,0.847671926021575,0.847671926021575,0.6583542823791501,0.847671926021575,0.050787184387445006,0.064455136656761,0.037085685878992004
7778,lod-lille-0.6b,bn,D-lit,D,C,3,C,0,1,0.034077435731887006,0.9010257124900811,0.9010257124900811,0.6633726358413691,0.019616840407252003,0.045279972255229006,0.9010257124900811,0.034077435731887006
7779,lod-lille-0.6b,bn,D-lit,D,A,3,A,0,1,0.029362482950091,0.9056655168533321,0.9056655168533321,0.645879447460174,0.9056655168533321,0.047119867056608006,0.017852144315838002,0.029362482950091
7780,lod-lille-0.6b,bn,D-lit,A,B,0,B,0,1,0.15648183226585302,0.806756258010864,0.806756258010864,0.640441179275512,0.15648183226585302,0.806756258010864,0.013662623241543001,0.023099269717931
7783,lod-lille-0.6b,bn,D-lit,B,C,1,C,0,1,0.045518845319747,0.9314777255058281,0.9314777255058281,0.8209957480430601,0.009344809688627,0.045518845319747,0.9314777255058281,0.013658598065376
7785,lod-lille-0.6b,bn,D-lit,A,C,0,C,0,1,0.20448583364486603,0.7021548151969911,0.7021548151969911,0.539373040199279,0.20448583364486603,0.051497798413038004,0.7021548151969911,0.041861545294523
7790,lod-lille-0.6b,bn,D-lit,A,C,0,C,0,1,0.041339218616485006,0.8830152750015251,0.8830152750015251,0.7021358013153071,0.041339218616485006,0.049643464386463006,0.8830152750015251,0.026002071797847002
7792,lod-lille-0.6b,bn,D-lit,B,C,1,C,0,1,0.018891671672463,0.9494547247886651,0.9494547247886651,0.830341398715972,0.012039880268275,0.018891671672463,0.9494547247886651,0.019613664597272002
7800,lod-lille-0.6b,bn,D-lit,B,A,1,A,0,1,0.21866890788078303,0.7306554317474361,0.7306554317474361,0.5341554880142211,0.7306554317474361,0.21866890788078303,0.024606475606560003,0.026069222018122003
7804,lod-lille-0.6b,bn,D-lit,D,B,3,D,1,0,0.317841827869415,0.23509381711483002,0.317841827869415,0.205764546990394,0.26931270956993103,0.23509381711483002,0.177751645445823,0.317841827869415
7805,lod-lille-0.6b,bn,D-lit,B,D,1,D,0,1,0.033643890172243,0.8833234310150141,0.8833234310150141,0.7152049541473381,0.051130346953868006,0.033643890172243,0.031902387738227005,0.8833234310150141
7809,lod-lille-0.6b,bn,D-lit,C,B,2,B,0,1,0.016794383525848,0.907775461673736,0.907775461673736,0.8216815590858461,0.034783676266670005,0.907775461673736,0.016794383525848,0.040646459907293
7810,lod-lille-0.6b,bn,D-lit,A,C,0,C,0,1,0.057242356240749005,0.8176159262657161,0.8176159262657161,0.6506441235542291,0.057242356240749005,0.07139182090759201,0.8176159262657161,0.053749941289424
7813,lod-lille-0.6b,bn,D-lit,B,D,1,D,0,1,0.267723530530929,0.6616628766059871,0.6616628766059871,0.43683066964149403,0.041817519813776,0.267723530530929,0.028796035796403004,0.6616628766059871
7814,lod-lille-0.6b,bn,D-lit,C,D,2,C,1,0,0.738131284713745,0.16626279056072202,0.738131284713745,0.574776053428649,0.060217808932065006,0.035388104617595,0.738131284713745,0.16626279056072202
7816,lod-lille-0.6b,bn,D-lit,D,A,3,A,0,1,0.14125713706016502,0.7979298233985901,0.7979298233985901,0.617521822452545,0.7979298233985901,0.049427025020122,0.011386025696992002,0.14125713706016502
7818,lod-lille-0.6b,bn,D-lit,A,D,0,D,0,1,0.37887328863143904,0.513119935989379,0.513119935989379,0.345766752958297,0.37887328863143904,0.025192037224769002,0.08281471580266901,0.513119935989379
7820,lod-lille-0.6b,bn,D-lit,A,C,0,B,0,0,0.13281205296516402,0.21646255254745403,0.47890034317970204,0.259114384651184,0.13281205296516402,0.47890034317970204,0.21646255254745403,0.171825036406517
7822,lod-lille-0.6b,bn,D-lit,D,C,3,C,0,1,0.257632941007614,0.545096576213836,0.545096576213836,0.308258891105651,0.08285874873399701,0.11441177129745402,0.545096576213836,0.257632941007614
7824,lod-lille-0.6b,bn,D-lit,B,A,1,A,0,1,0.005515128374099,0.983627676963806,0.983627676963806,0.905542016029357,0.983627676963806,0.005515128374099,0.006083033978939001,0.004774122033268001
7827,lod-lille-0.6b,bn,D-lit,A,C,0,C,0,1,0.023224117234349,0.9316192269325251,0.9316192269325251,0.7178242206573481,0.023224117234349,0.0330619700253,0.9316192269325251,0.012094626203179
7833,lod-lille-0.6b,bn,D-lit,C,D,2,C,1,0,0.7677029967308041,0.05655377730727101,0.7677029967308041,0.6224794387817381,0.13467146456241602,0.041071835905313006,0.7677029967308041,0.05655377730727101
7842,lod-lille-0.6b,bn,D-lit,C,D,2,D,0,1,0.06480527669191301,0.772592782974243,0.772592782974243,0.57826817035675,0.10092028975486701,0.061681650578975004,0.06480527669191301,0.772592782974243
7848,lod-lille-0.6b,bn,D-lit,D,B,3,A,0,0,0.31105357408523504,0.125544920563697,0.379861921072006,0.24921201169490803,0.379861921072006,0.125544920563697,0.183539524674415,0.31105357408523504
7851,lod-lille-0.6b,bn,D-lit,C,B,2,B,0,1,0.38929367065429604,0.570928454399108,0.570928454399108,0.55334198474884,0.031312778592109,0.570928454399108,0.38929367065429604,0.008465069346129001
7852,lod-lille-0.6b,bn,D-lit,D,A,3,A,0,1,0.030278779566287002,0.8885700702667231,0.8885700702667231,0.672758936882019,0.8885700702667231,0.042003192007541004,0.039147973060607,0.030278779566287002
7855,lod-lille-0.6b,bn,D-lit,C,D,2,D,0,1,0.084835015237331,0.814421236515045,0.814421236515045,0.613288342952728,0.077933564782142,0.022810220718383,0.084835015237331,0.814421236515045
7857,lod-lille-0.6b,bn,D-lit,A,B,0,B,0,1,0.19516430795192702,0.7523251771926881,0.7523251771926881,0.6468148827552791,0.19516430795192702,0.7523251771926881,0.024513071402907,0.027997385710477003
7863,lod-lille-0.6b,bn,D-lit,A,D,0,D,0,1,0.0015606314409520002,0.9958713650703431,0.9958713650703431,0.9029081463813781,0.0015606314409520002,0.001458189450204,0.001109754201024,0.9958713650703431
7872,lod-lille-0.6b,bn,D-lit,A,C,0,C,0,1,0.092495210468769,0.761229574680328,0.761229574680328,0.5595263838768001,0.092495210468769,0.09470068663358601,0.761229574680328,0.051574587821960005
7874,lod-lille-0.6b,bn,D-lit,D,A,3,A,0,1,0.14490680396556802,0.680945813655853,0.680945813655853,0.47934529185295105,0.680945813655853,0.08463683724403301,0.08951051533222101,0.14490680396556802
7878,lod-lille-0.6b,bn,D-lit,A,B,0,B,0,1,0.016622766852378002,0.9013096690177911,0.9013096690177911,0.647372007369995,0.016622766852378002,0.9013096690177911,0.036491129547357004,0.045576438307762
7880,lod-lille-0.6b,bn,D-lit,D,C,3,D,1,0,0.47064960002899103,0.133788138628005,0.47064960002899103,0.26913470029830905,0.183464050292968,0.21209818124771102,0.133788138628005,0.47064960002899103
7888,lod-lille-0.6b,bn,D-lit,D,B,3,B,0,1,0.19791020452976202,0.752832174301147,0.752832174301147,0.6741976141929621,0.023787781596183003,0.752832174301147,0.025469912216067002,0.19791020452976202
7890,lod-lille-0.6b,bn,D-lit,B,A,1,B,1,0,0.40048375725746105,0.196843743324279,0.40048375725746105,0.24429699778556802,0.196843743324279,0.40048375725746105,0.268722563982009,0.133949950337409
7891,lod-lille-0.6b,bn,D-lit,D,C,3,C,0,1,0.15173073112964602,0.622355222702026,0.622355222702026,0.39215287566185,0.085633233189582,0.140280842781066,0.622355222702026,0.15173073112964602
7892,lod-lille-0.6b,bn,D-lit,A,D,0,D,0,1,0.0057764719240360005,0.9714332818984981,0.9714332818984981,0.8269132971763611,0.0057764719240360005,0.014447337947785,0.008342863060534,0.9714332818984981
7901,lod-lille-0.6b,bn,D-lit,C,B,2,B,0,1,0.01763735897839,0.928446948528289,0.928446948528289,0.7869847416877741,0.016555350273847,0.928446948528289,0.01763735897839,0.037360366433858004
7902,lod-lille-0.6b,bn,D-lit,D,C,3,C,0,1,0.034017007797956,0.921848952770233,0.921848952770233,0.81462424993515,0.014377431012690001,0.029756588861346002,0.921848952770233,0.034017007797956
7908,lod-lille-0.6b,bn,D-lit,A,D,0,D,0,1,0.161662563681602,0.789216756820678,0.789216756820678,0.597839295864105,0.161662563681602,0.030809126794338,0.018311526626348003,0.789216756820678
7909,lod-lille-0.6b,bn,D-lit,D,B,3,B,0,1,0.029699359089136002,0.9473597407341001,0.9473597407341001,0.7885727286338801,0.008598695509135001,0.9473597407341001,0.014342200011014002,0.029699359089136002
7910,lod-lille-0.6b,bn,D-lit,D,B,3,B,0,1,0.146458387374877,0.648182213306427,0.648182213306427,0.496334552764892,0.09466247260570501,0.648182213306427,0.11069696396589201,0.146458387374877
7913,lod-lille-0.6b,bn,D-lit,B,C,1,C,0,1,0.040384735912084004,0.874805390834808,0.874805390834808,0.687086582183837,0.038941245526075,0.040384735912084004,0.874805390834808,0.04586862027645101
7916,lod-lille-0.6b,bn,D-lit,A,D,0,D,0,1,0.049293462187051,0.8598646521568291,0.8598646521568291,0.655217826366424,0.049293462187051,0.051314584910869,0.039527356624603,0.8598646521568291
7921,lod-lille-0.6b,bn,D-lit,B,D,1,D,0,1,0.042035415768623005,0.9120328426361081,0.9120328426361081,0.779288291931152,0.026913419365882003,0.042035415768623005,0.019018348306417,0.9120328426361081
7927,lod-lille-0.6b,bn,D-lit,A,D,0,D,0,1,0.389301568269729,0.45887100696563704,0.45887100696563704,0.35232400894165,0.389301568269729,0.13139024376869202,0.020437113940715002,0.45887100696563704
7928,lod-lille-0.6b,bn,D-lit,C,D,2,D,0,1,0.026807626709342003,0.9594837427139281,0.9594837427139281,0.8480972647666931,0.0036092796362930005,0.010099396109580001,0.026807626709342003,0.9594837427139281
7931,lod-lille-0.6b,bn,D-lit,B,C,1,C,0,1,0.008018608205020001,0.9544771909713741,0.9544771909713741,0.8430103659629821,0.007906907238066,0.008018608205020001,0.9544771909713741,0.029597276821732
7933,lod-lille-0.6b,bn,D-lit,C,D,2,D,0,1,0.086620241403579,0.74434757232666,0.74434757232666,0.5385692119598381,0.11071512848138801,0.058317042887210006,0.086620241403579,0.74434757232666
7934,lod-lille-0.6b,bn,D-lit,C,B,2,B,0,1,0.025561925023794,0.955210626125335,0.955210626125335,0.8312330842018121,0.010217665694653,0.955210626125335,0.025561925023794,0.009009841829538
7935,lod-lille-0.6b,bn,D-lit,A,D,0,D,0,1,0.0036670772824430003,0.98756718635559,0.98756718635559,0.8870251774787901,0.0036670772824430003,0.00423236656934,0.0045333285816010005,0.98756718635559
7936,lod-lille-0.6b,bn,D-lit,C,B,2,B,0,1,0.020775878801941,0.9360853433609001,0.9360853433609001,0.7827070355415341,0.031733181327581,0.9360853433609001,0.020775878801941,0.011405630968511
7939,lod-lille-0.6b,bn,D-lit,A,B,0,B,0,1,0.014372247271239001,0.958100974559783,0.958100974559783,0.805149674415588,0.014372247271239001,0.958100974559783,0.009811826981604,0.017714930698275
7940,lod-lille-0.6b,bn,D-lit,C,D,2,D,0,1,0.039574783295392005,0.842881083488464,0.842881083488464,0.6636254787445061,0.056489501148462004,0.061054650694131005,0.039574783295392005,0.842881083488464
7943,lod-lille-0.6b,bn,D-lit,D,B,3,B,0,1,0.016841180622577,0.9636737108230591,0.9636737108230591,0.833520412445068,0.010148636996746,0.9636737108230591,0.009336531162261,0.016841180622577
7944,lod-lille-0.6b,bn,D-lit,A,B,0,B,0,1,0.07692655175924301,0.8869389295578001,0.8869389295578001,0.6656528711318971,0.07692655175924301,0.8869389295578001,0.020867321640253,0.015267162583768002
7945,lod-lille-0.6b,bn,D-lit,D,C,3,C,0,1,0.45243149995803805,0.47179952263832003,0.47179952263832003,0.30591279268264704,0.049953244626522,0.025815691798925,0.47179952263832003,0.45243149995803805
7952,lod-lille-0.6b,bn,D-lit,B,A,1,A,0,1,0.013469006866216,0.9505032896995541,0.9505032896995541,0.822272777557373,0.9505032896995541,0.013469006866216,0.01776348426938,0.018264152109622
7958,lod-lille-0.6b,bn,D-lit,A,C,0,C,0,1,0.070490650832653,0.6601129174232481,0.6601129174232481,0.46061351895332303,0.070490650832653,0.135827407240867,0.6601129174232481,0.133568957448005
7971,lod-lille-0.6b,bn,D-lit,A,B,0,B,0,1,0.31153085827827404,0.45676901936531006,0.45676901936531006,0.330990254878997,0.31153085827827404,0.45676901936531006,0.08894799649715401,0.142752140760421
7973,lod-lille-0.6b,bn,D-lit,A,C,0,C,0,1,0.029067268595099,0.9204356074333191,0.9204356074333191,0.79522955417633,0.029067268595099,0.041446756571531004,0.9204356074333191,0.009050462394952
7978,lod-lille-0.6b,bn,D-lit,C,D,2,D,0,1,0.01051746122539,0.9692776799201961,0.9692776799201961,0.8595426678657531,0.01093232166022,0.009272537194192,0.01051746122539,0.9692776799201961
7983,lod-lille-0.6b,bn,D-lit,C,A,2,A,0,1,0.016912057995796002,0.95768529176712,0.95768529176712,0.8405825495719911,0.95768529176712,0.013224427588284002,0.016912057995796002,0.012178221717476002
7985,lod-lille-0.6b,bn,D-lit,D,A,3,A,0,1,0.025567704811692002,0.9618611931800841,0.9618611931800841,0.8608290553092951,0.9618611931800841,0.010503994300961,0.002067193388938,0.025567704811692002
7986,lod-lille-0.6b,bn,D-lit,D,A,3,A,0,1,0.060554262250661,0.875049531459808,0.875049531459808,0.7387092709541321,0.875049531459808,0.02608305029571,0.038313202559947,0.060554262250661
7990,lod-lille-0.6b,bn,D-lit,D,C,3,C,0,1,0.004699824377894,0.9707922339439391,0.9707922339439391,0.7973663806915281,0.014672356657683001,0.009835577569901001,0.9707922339439391,0.004699824377894
7992,lod-lille-0.6b,bn,D-lit,C,D,2,D,0,1,0.060973893851041,0.860434114933013,0.860434114933013,0.7127354741096491,0.052483264356851,0.026108743622899003,0.060973893851041,0.860434114933013
7994,lod-lille-0.6b,bn,D-lit,D,C,3,C,0,1,0.101387314498424,0.7234424948692321,0.7234424948692321,0.5256580114364621,0.12025003880262301,0.054920155555009,0.7234424948692321,0.101387314498424
7996,lod-lille-0.6b,bn,D-lit,A,C,0,C,0,1,0.10214875638484901,0.773411214351654,0.773411214351654,0.5891512632369991,0.10214875638484901,0.070724166929721,0.773411214351654,0.05371597036719301
7999,lod-lille-0.6b,bn,D-lit,C,A,2,A,0,1,0.015193983912467,0.9624218940734861,0.9624218940734861,0.8404179215431211,0.9624218940734861,0.010382193140685001,0.015193983912467,0.012001906521618
8000,lod-lille-0.6b,bn,D-lit,D,C,3,C,0,1,0.11391460150480201,0.6793887019157411,0.6793887019157411,0.47274836897850003,0.07331826537847501,0.133378371596336,0.6793887019157411,0.11391460150480201
8005,lod-lille-0.6b,bn,D-lit,B,A,1,A,0,1,0.04321394488215401,0.888176977634429,0.888176977634429,0.7206233739852901,0.888176977634429,0.04321394488215401,0.025846375152468,0.04276277497410701
8011,lod-lille-0.6b,bn,D-lit,B,C,1,C,0,1,0.012546949088573001,0.9751121401786801,0.9751121401786801,0.8653569817543031,0.005844061262905,0.012546949088573001,0.9751121401786801,0.006496768444776001
8012,lod-lille-0.6b,bn,D-lit,A,D,0,A,1,0,0.291832208633422,0.17980705201625802,0.291832208633422,0.29742190241813604,0.291832208633422,0.28293704986572205,0.24542370438575703,0.17980705201625802
8015,lod-lille-0.6b,bn,D-lit,A,B,0,B,0,1,0.0035521057434380002,0.992774724960327,0.992774724960327,0.9316986799240111,0.0035521057434380002,0.992774724960327,0.002404244383797,0.001268958556465
8017,lod-lille-0.6b,bn,D-lit,A,C,0,A,1,0,0.413746953010559,0.40023168921470603,0.413746953010559,0.190374135971069,0.413746953010559,0.125617116689682,0.40023168921470603,0.060404237359762004
8022,lod-lille-0.6b,bn,D-lit,A,D,0,D,0,1,0.019154448062181,0.9213373661041261,0.9213373661041261,0.8038865923881531,0.019154448062181,0.026172982528805,0.033335216343402,0.9213373661041261
8025,lod-lille-0.6b,bn,D-lit,B,D,1,D,0,1,0.039752211421728,0.8760550022125241,0.8760550022125241,0.7717284560203551,0.037111785262823,0.039752211421728,0.047080930322408,0.8760550022125241
8026,lod-lille-0.6b,bn,D-lit,A,B,0,B,0,1,0.10670580714941001,0.6508635282516481,0.6508635282516481,0.40783572196960405,0.10670580714941001,0.6508635282516481,0.12814421951770702,0.11428641527891101
8041,lod-lille-0.6b,bn,D-lit,D,B,3,B,0,1,0.09702074527740401,0.835764706134796,0.835764706134796,0.6000288128852841,0.036331642419099,0.835764706134796,0.030882876366376003,0.09702074527740401
8047,lod-lille-0.6b,bn,D-lit,D,B,3,B,0,1,0.004450394306331,0.9898417592048641,0.9898417592048641,0.9033672809600831,0.002637685509398,0.9898417592048641,0.0030701495707030004,0.004450394306331
8048,lod-lille-0.6b,bn,D-lit,C,B,2,B,0,1,0.008599093183875,0.9869092106819151,0.9869092106819151,0.8968369960784911,0.0019083187216890002,0.9869092106819151,0.008599093183875,0.002583387540653
8052,lod-lille-0.6b,bn,D-lit,A,D,0,D,0,1,0.049182396382093006,0.9464193582534791,0.9464193582534791,0.804958224296569,0.049182396382093006,0.001409885589964,0.0029882509261360004,0.9464193582534791
8055,lod-lille-0.6b,bn,D-lit,D,A,3,A,0,1,0.009073995053768,0.9867329001426691,0.9867329001426691,0.8929388523101801,0.9867329001426691,0.0022706480231130003,0.0019225399009880002,0.009073995053768
8056,lod-lille-0.6b,bn,D-lit,B,A,1,A,0,1,0.033853195607662,0.9607351422309871,0.9607351422309871,0.875962078571319,0.9607351422309871,0.033853195607662,0.0033594612032170003,0.00205216743052
8057,lod-lille-0.6b,bn,D-lit,B,A,1,A,0,1,0.029447734355926004,0.9438402652740471,0.9438402652740471,0.7932329177856441,0.9438402652740471,0.029447734355926004,0.012962602078914,0.013749397359788001
8059,lod-lille-0.6b,bn,D-lit,C,D,2,D,0,1,0.007171757053583001,0.9570335745811461,0.9570335745811461,0.846177279949188,0.023886067792773,0.011908504180610001,0.007171757053583001,0.9570335745811461
8063,lod-lille-0.6b,bn,D-lit,C,D,2,D,0,1,0.027134070172905003,0.936167120933532,0.936167120933532,0.7724508047103881,0.022365570068359,0.014333187602460001,0.027134070172905003,0.936167120933532
8064,lod-lille-0.6b,bn,D-lit,C,B,2,B,0,1,0.15200544893741602,0.8141322731971741,0.8141322731971741,0.686722517013549,0.010810585692524001,0.8141322731971741,0.15200544893741602,0.023051692172884
8065,lod-lille-0.6b,bn,D-lit,A,C,0,C,0,1,0.043626639991998006,0.890052616596221,0.890052616596221,0.7652322053909301,0.043626639991998006,0.038005627691745,0.890052616596221,0.028315121307969003
8067,lod-lille-0.6b,bn,D-lit,B,A,1,B,1,0,0.55014556646347,0.357865363359451,0.55014556646347,0.343226790428161,0.357865363359451,0.55014556646347,0.025296619161963,0.06669244170188901
8078,lod-lille-0.6b,bn,D-lit,B,C,1,C,0,1,0.129126608371734,0.7372584342956541,0.7372584342956541,0.380617469549179,0.047325029969215004,0.129126608371734,0.7372584342956541,0.08628998696804001
8079,lod-lille-0.6b,bn,D-lit,A,C,0,C,0,1,0.045324452221393,0.9256257414817811,0.9256257414817811,0.6745998859405511,0.045324452221393,0.019470827654004,0.9256257414817811,0.009579000994563
8081,lod-lille-0.6b,bn,D-lit,C,D,2,D,0,1,0.13367350399494102,0.803954243659973,0.803954243659973,0.716380655765533,0.025378599762916003,0.036993727087974,0.13367350399494102,0.803954243659973
8085,lod-lille-0.6b,bn,D-lit,C,D,2,D,0,1,0.15932962298393202,0.48546263575553805,0.48546263575553805,0.337028712034225,0.18081697821617101,0.17439074814319602,0.15932962298393202,0.48546263575553805
8087,lod-lille-0.6b,bn,D-lit,C,A,2,A,0,1,0.140662476420402,0.804242730140686,0.804242730140686,0.6390892863273621,0.804242730140686,0.040850836783647,0.140662476420402,0.014243943616747001
8096,lod-lille-0.6b,bn,D-lit,B,A,1,A,0,1,0.20369809865951502,0.43349832296371404,0.43349832296371404,0.254742801189422,0.43349832296371404,0.20369809865951502,0.132923826575279,0.229879781603813
8100,lod-lille-0.6b,bn,D-lit,D,C,3,C,0,1,0.13499203324317902,0.608531057834625,0.608531057834625,0.42934417724609303,0.157436728477478,0.09904021769762,0.608531057834625,0.13499203324317902
8101,lod-lille-0.6b,bn,D-lit,B,C,1,C,0,1,0.145068645477294,0.8101559877395631,0.8101559877395631,0.632564902305603,0.030193926766514,0.145068645477294,0.8101559877395631,0.014581498689949
8102,lod-lille-0.6b,bn,D-lit,A,C,0,C,0,1,0.032417867332696006,0.951298356056213,0.951298356056213,0.79546982049942,0.032417867332696006,0.007842237129807,0.951298356056213,0.008441502228379002
8106,lod-lille-0.6b,bn,D-lit,D,A,3,B,0,0,0.24480722844600603,0.267145186662673,0.33880245685577304,0.165009766817092,0.267145186662673,0.33880245685577304,0.14924514293670602,0.24480722844600603
8107,lod-lille-0.6b,bn,D-lit,A,B,0,B,0,1,0.031996928155422,0.8159549236297601,0.8159549236297601,0.622091174125671,0.031996928155422,0.8159549236297601,0.052557986229658,0.09949016571044901
8111,lod-lille-0.6b,bn,D-lit,C,A,2,A,0,1,0.162794321775436,0.699739456176757,0.699739456176757,0.461213320493698,0.699739456176757,0.07306273281574201,0.162794321775436,0.064403519034385
8113,lod-lille-0.6b,bn,D-lit,C,D,2,D,0,1,0.015365985222160001,0.971018135547637,0.971018135547637,0.849497973918914,0.005162790417671001,0.008453098125755001,0.015365985222160001,0.971018135547637
8114,lod-lille-0.6b,bn,D-lit,A,C,0,C,0,1,0.013319076970219001,0.9234156608581541,0.9234156608581541,0.774183630943298,0.013319076970219001,0.032965581864118,0.9234156608581541,0.030299702659249004
8115,lod-lille-0.6b,bn,D-lit,D,B,3,B,0,1,0.06418657302856401,0.900384128093719,0.900384128093719,0.6652679443359371,0.016396313905715002,0.900384128093719,0.019032984972,0.06418657302856401
8122,lod-lille-0.6b,bn,D-lit,D,A,3,A,0,1,0.005564856808632001,0.9648932218551631,0.9648932218551631,0.8190478086471551,0.9648932218551631,0.014455044642090001,0.015086941421031001,0.005564856808632001
8126,lod-lille-0.6b,bn,D-lit,C,D,2,D,0,1,0.009553694166243,0.970765590667724,0.970765590667724,0.8663140535354611,0.008311038836836001,0.011369673535227,0.009553694166243,0.970765590667724
8127,lod-lille-0.6b,bn,D-lit,A,C,0,C,0,1,0.109721638262271,0.719917356967926,0.719917356967926,0.46480786800384505,0.109721638262271,0.122173234820365,0.719917356967926,0.04818780347704801
8134,lod-lille-0.6b,bn,D-lit,A,C,0,C,0,1,0.080148883163928,0.858899533748626,0.858899533748626,0.678845524787902,0.080148883163928,0.032120879739522004,0.858899533748626,0.028830690309405
8137,lod-lille-0.6b,bn,D-lit,B,C,1,C,0,1,0.061863314360380006,0.861852169036865,0.861852169036865,0.7241689562797541,0.04128086939454,0.061863314360380006,0.861852169036865,0.035003706812858006
8138,lod-lille-0.6b,bn,D-lit,A,B,0,B,0,1,0.12154887616634301,0.8170447349548341,0.8170447349548341,0.7915733456611631,0.12154887616634301,0.8170447349548341,0.018419798463582,0.04298663139343201
8140,lod-lille-0.6b,bn,D-lit,B,C,1,C,0,1,0.06404928863048501,0.8861616253852841,0.8861616253852841,0.746522903442382,0.027036996558308,0.06404928863048501,0.8861616253852841,0.02275214344263
8141,lod-lille-0.6b,bn,D-lit,B,D,1,D,0,1,0.013962442986667002,0.9598000049591061,0.9598000049591061,0.857373654842376,0.015366497449576001,0.013962442986667002,0.010871012695133,0.9598000049591061
8142,lod-lille-0.6b,bn,D-lit,A,C,0,C,0,1,0.152700662612915,0.462862640619277,0.462862640619277,0.264314979314804,0.152700662612915,0.221606001257896,0.462862640619277,0.162830650806427
8143,lod-lille-0.6b,bn,D-lit,A,C,0,C,0,1,0.132170647382736,0.488916307687759,0.488916307687759,0.32518205046653703,0.132170647382736,0.13800832629203702,0.488916307687759,0.24090470373630501
8144,lod-lille-0.6b,bn,D-lit,C,B,2,B,0,1,0.027637863531708003,0.9226902723312371,0.9226902723312371,0.7576266527175901,0.025844123214483,0.9226902723312371,0.027637863531708003,0.023827776312828
8152,lod-lille-0.6b,bn,D-lit,D,B,3,B,0,1,0.25383746623992903,0.6435973644256591,0.6435973644256591,0.403756737709045,0.043846368789672005,0.6435973644256591,0.058718800544738006,0.25383746623992903
8153,lod-lille-0.6b,bn,D-lit,D,A,3,A,0,1,0.11267892271280201,0.8646415472030641,0.8646415472030641,0.766895353794097,0.8646415472030641,0.012428492307662001,0.010251102037727,0.11267892271280201
8162,lod-lille-0.6b,bn,D-lit,A,C,0,C,0,1,0.249976262450218,0.302183181047439,0.302183181047439,0.14299045503139401,0.249976262450218,0.22191348671913103,0.302183181047439,0.225927084684371
8167,lod-lille-0.6b,bn,D-lit,D,B,3,B,0,1,0.13446682691574002,0.8266185522079461,0.8266185522079461,0.71371179819107,0.011552726849913,0.8266185522079461,0.027361834421753002,0.13446682691574002
8170,lod-lille-0.6b,bn,D-lit,C,B,2,B,0,1,0.0013352272799230002,0.9774109721183771,0.9774109721183771,0.804297924041748,0.015806198120117,0.9774109721183771,0.0013352272799230002,0.005447654519230001
8180,lod-lille-0.6b,bn,D-lit,D,C,3,C,0,1,0.239244505763053,0.558427035808563,0.558427035808563,0.42038661241531305,0.09949888288974701,0.102829597890377,0.558427035808563,0.239244505763053
8185,lod-lille-0.6b,bn,D-lit,C,A,2,A,0,1,0.058532003313302,0.854469239711761,0.854469239711761,0.6633420586585991,0.854469239711761,0.038291100412607006,0.058532003313302,0.048707664012908006
8186,lod-lille-0.6b,bn,D-lit,C,D,2,D,0,1,0.16772204637527402,0.615947306156158,0.615947306156158,0.44512307643890303,0.094810783863067,0.121519871056079,0.16772204637527402,0.615947306156158
8189,lod-lille-0.6b,bn,D-lit,D,A,3,A,0,1,0.065166518092155,0.8145168423652641,0.8145168423652641,0.6387918591499321,0.8145168423652641,0.06599036604166,0.054326225072145004,0.065166518092155
8194,lod-lille-0.6b,bn,D-lit,A,D,0,D,0,1,0.048226818442344006,0.906787037849426,0.906787037849426,0.7604408264160151,0.048226818442344006,0.019665040075778,0.025321057066321002,0.906787037849426
8196,lod-lille-0.6b,bn,D-lit,C,A,2,A,0,1,0.035788066685199,0.8921730518341061,0.8921730518341061,0.6566363573074341,0.8921730518341061,0.042960047721862,0.035788066685199,0.029078906401991
8197,lod-lille-0.6b,bn,D-lit,A,D,0,D,0,1,0.07267425209283801,0.77140063047409,0.77140063047409,0.525606572628021,0.07267425209283801,0.055139292031526004,0.10078578442335101,0.77140063047409
8198,lod-lille-0.6b,bn,D-lit,D,A,3,A,0,1,0.0030099458526810004,0.9898103475570671,0.9898103475570671,0.884697794914245,0.9898103475570671,0.0033588055521240005,0.003820916404947,0.0030099458526810004
8199,lod-lille-0.6b,bn,D-lit,B,D,1,D,0,1,0.265278220176696,0.47370618581771806,0.47370618581771806,0.264574497938156,0.15136246383190102,0.265278220176696,0.10965309292078002,0.47370618581771806
8201,lod-lille-0.6b,bn,D-lit,B,C,1,C,0,1,0.241568580269813,0.7269016504287721,0.7269016504287721,0.464755713939666,0.019033601507544,0.241568580269813,0.7269016504287721,0.012496149167418001
8203,lod-lille-0.6b,bn,D-lit,C,B,2,B,0,1,0.005578777287155,0.982678890228271,0.982678890228271,0.888096213340759,0.0034091956913470003,0.982678890228271,0.005578777287155,0.008333045989274
8204,lod-lille-0.6b,bn,D-lit,A,D,0,D,0,1,0.0062285177409640005,0.9707560539245601,0.9707560539245601,0.8503483533859251,0.0062285177409640005,0.012707648798823001,0.010307718999683,0.9707560539245601
8207,lod-lille-0.6b,bn,D-lit,D,C,3,C,0,1,0.0046334229409690005,0.986524581909179,0.986524581909179,0.8725865483283991,0.005637544672936001,0.0032044979743650003,0.986524581909179,0.0046334229409690005
8209,lod-lille-0.6b,bn,D-lit,B,C,1,C,0,1,0.10214836895465801,0.7980411052703851,0.7980411052703851,0.5208060145378111,0.047034867107868,0.10214836895465801,0.7980411052703851,0.052775666117668006
8210,lod-lille-0.6b,bn,D-lit,A,B,0,B,0,1,0.07004103809595101,0.8670468330383301,0.8670468330383301,0.5752542018890381,0.07004103809595101,0.8670468330383301,0.042323242872953006,0.020588954910635
8211,lod-lille-0.6b,bn,D-lit,C,D,2,C,1,0,0.659600436687469,0.265613585710525,0.659600436687469,0.345694512128829,0.029724221676588003,0.045061741024255,0.659600436687469,0.265613585710525
8212,lod-lille-0.6b,bn,D-lit,C,A,2,A,0,1,0.041610870510339,0.7939265966415401,0.7939265966415401,0.5425758361816401,0.7939265966415401,0.09965808689594201,0.041610870510339,0.06480451673269201
8214,lod-lille-0.6b,bn,D-lit,A,B,0,B,0,1,0.20593535900115903,0.395353376865386,0.395353376865386,0.22812333703041002,0.20593535900115903,0.395353376865386,0.160878628492355,0.23783263564109802
8223,lod-lille-0.6b,bn,D-lit,A,D,0,D,0,1,0.157132163643836,0.5553292632102961,0.5553292632102961,0.293675869703292,0.157132163643836,0.12723471224308,0.160303890705108,0.5553292632102961
8226,lod-lille-0.6b,bn,D-lit,D,A,3,A,0,1,0.017746400088071,0.9285166263580321,0.9285166263580321,0.773700773715972,0.9285166263580321,0.030647024512290004,0.02309007756412,0.017746400088071
8228,lod-lille-0.6b,bn,D-lit,B,D,1,D,0,1,0.08024498820304801,0.77113139629364,0.77113139629364,0.6130382418632501,0.100505456328392,0.08024498820304801,0.048118144273757005,0.77113139629364
8231,lod-lille-0.6b,bn,D-lit,C,B,2,B,0,1,0.016612378880381,0.9606735110282891,0.9606735110282891,0.7756325006484981,0.012178439646959001,0.9606735110282891,0.016612378880381,0.010535661131143001
8232,lod-lille-0.6b,bn,D-lit,A,C,0,C,0,1,0.04879900813102701,0.8821050524711601,0.8821050524711601,0.6562621593475341,0.04879900813102701,0.02797239460051,0.8821050524711601,0.041123516857624005
8233,lod-lille-0.6b,bn,D-lit,A,B,0,B,0,1,0.075626969337463,0.8642838597297661,0.8642838597297661,0.590886831283569,0.075626969337463,0.8642838597297661,0.022449271753430002,0.037639904767274
8234,lod-lille-0.6b,bn,D-lit,D,C,3,C,0,1,0.101377241313457,0.6017079353332521,0.6017079353332521,0.358212530612945,0.189630538225173,0.10728424787521301,0.6017079353332521,0.101377241313457
8236,lod-lille-0.6b,bn,D-lit,A,C,0,C,0,1,0.25737726688385004,0.44792094826698303,0.44792094826698303,0.21704250574111902,0.25737726688385004,0.14142498373985202,0.44792094826698303,0.15327674150466902
8237,lod-lille-0.6b,bn,D-lit,C,A,2,A,0,1,0.042008250951766,0.932513833045959,0.932513833045959,0.803316056728363,0.932513833045959,0.008350314572453001,0.042008250951766,0.017127631232142
8239,lod-lille-0.6b,bn,D-lit,C,A,2,A,0,1,0.37837374210357605,0.606261253356933,0.606261253356933,0.39678481221199,0.606261253356933,0.008907757699489,0.37837374210357605,0.006457242649048
8240,lod-lille-0.6b,bn,D-lit,A,B,0,B,0,1,0.146039485931396,0.7946475744247431,0.7946475744247431,0.46601504087448103,0.146039485931396,0.7946475744247431,0.039827447384595004,0.01948557794094
8241,lod-lille-0.6b,bn,D-lit,C,D,2,D,0,1,0.11331743746995901,0.750159919261932,0.750159919261932,0.48360106348991305,0.075628362596035,0.060894306749105,0.11331743746995901,0.750159919261932
8242,lod-lille-0.6b,bn,D-lit,B,C,1,C,0,1,0.027539093047380003,0.9173007607460021,0.9173007607460021,0.6978264451026911,0.019687322899699003,0.027539093047380003,0.9173007607460021,0.035472914576530006
8243,lod-lille-0.6b,bn,D-lit,B,D,1,D,0,1,0.024409784004092,0.9492307305335991,0.9492307305335991,0.6878778338432311,0.018103828653693,0.024409784004092,0.008255683816969001,0.9492307305335991
8245,lod-lille-0.6b,bn,D-lit,B,D,1,D,0,1,0.071270927786827,0.866010248661041,0.866010248661041,0.619136750698089,0.024288771674036,0.071270927786827,0.038430090993642,0.866010248661041
8247,lod-lille-0.6b,bn,D-lit,C,B,2,B,0,1,0.062323678284883006,0.929702937602996,0.929702937602996,0.78054141998291,0.004379605874419001,0.929702937602996,0.062323678284883006,0.0035938699729740004
8249,lod-lille-0.6b,bn,D-lit,C,B,2,B,0,1,0.39015385508537204,0.520723700523376,0.520723700523376,0.281910121440887,0.023285061120986,0.520723700523376,0.39015385508537204,0.065837353467941
8252,lod-lille-0.6b,bn,D-lit,D,B,3,B,0,1,0.018323762342333003,0.945327877998352,0.945327877998352,0.7463831305503841,0.025149369612336003,0.945327877998352,0.011198965832591001,0.018323762342333003
8253,lod-lille-0.6b,bn,D-lit,C,B,2,B,0,1,0.088115245103836,0.871006965637207,0.871006965637207,0.6910851597785951,0.020053230226039002,0.871006965637207,0.088115245103836,0.020824570208787002
8254,lod-lille-0.6b,bn,D-lit,D,A,3,A,0,1,0.119901418685913,0.7629848718643181,0.7629848718643181,0.6306914687156671,0.7629848718643181,0.053543921560049,0.063569858670234,0.119901418685913
8255,lod-lille-0.6b,bn,D-lit,B,A,1,A,0,1,0.036504682153463,0.9534801840782161,0.9534801840782161,0.7880585789680481,0.9534801840782161,0.036504682153463,0.004080390091985,0.0059346794150760005
8256,lod-lille-0.6b,bn,D-lit,D,C,3,C,0,1,0.014206027612090001,0.964734315872192,0.964734315872192,0.8513213396072381,0.012424944899976,0.008634702302515,0.964734315872192,0.014206027612090001
8258,lod-lille-0.6b,bn,D-lit,B,D,1,D,0,1,0.0031971805728970002,0.989228844642639,0.989228844642639,0.881829977035522,0.0023753072600810003,0.0031971805728970002,0.005198645871132001,0.989228844642639
8259,lod-lille-0.6b,bn,D-lit,D,A,3,A,0,1,0.27868399024009705,0.689724504947662,0.689724504947662,0.531803667545318,0.689724504947662,0.022174349054694002,0.009417181834578,0.27868399024009705
8262,lod-lille-0.6b,bn,D-lit,A,D,0,D,0,1,0.27047199010849,0.615247428417205,0.615247428417205,0.269791424274444,0.27047199010849,0.0477473475039,0.06653327494859601,0.615247428417205
8263,lod-lille-0.6b,bn,D-lit,B,A,1,A,0,1,0.06716965138912201,0.578435242176055,0.578435242176055,0.292541533708572,0.578435242176055,0.06716965138912201,0.23412495851516701,0.12027013301849301
8264,lod-lille-0.6b,bn,D-lit,A,D,0,D,0,1,0.09701509028673101,0.7527117133140561,0.7527117133140561,0.552603125572204,0.09701509028673101,0.032489985227584,0.11778325587511002,0.7527117133140561
8265,lod-lille-0.6b,bn,D-lit,D,B,3,B,0,1,0.004956644494086,0.988704621791839,0.988704621791839,0.8627261519432061,0.004205245524644,0.988704621791839,0.002133512170985,0.004956644494086
8266,lod-lille-0.6b,bn,D-lit,B,A,1,A,0,1,0.005314937792718,0.9717267751693721,0.9717267751693721,0.8527153134346,0.9717267751693721,0.005314937792718,0.007911323569715,0.015046953223645002
8267,lod-lille-0.6b,bn,D-lit,A,D,0,D,0,1,0.025819152593612,0.9296942353248591,0.9296942353248591,0.7955608963966371,0.025819152593612,0.015509392134845002,0.028977168723940003,0.9296942353248591
8269,lod-lille-0.6b,bn,D-lit,D,C,3,C,0,1,0.009198661893606,0.9816571474075311,0.9816571474075311,0.9036346077919001,0.0019929960835720004,0.007151187397539001,0.9816571474075311,0.009198661893606
8270,lod-lille-0.6b,bn,D-lit,A,C,0,C,0,1,0.014075407758355002,0.9772920608520501,0.9772920608520501,0.858028709888458,0.014075407758355002,0.0036355119664220003,0.9772920608520501,0.004996910691261
8271,lod-lille-0.6b,bn,D-lit,C,A,2,A,0,1,0.080752484500408,0.758302688598632,0.758302688598632,0.510746657848358,0.758302688598632,0.11898015439510301,0.080752484500408,0.041964653879404006
8273,lod-lille-0.6b,bn,D-lit,D,C,3,C,0,1,0.127281233668327,0.700050473213195,0.700050473213195,0.437119305133819,0.11260438710451101,0.060063932090997,0.700050473213195,0.127281233668327
8274,lod-lille-0.6b,bn,D-lit,D,C,3,C,0,1,0.015314918942749,0.9393723011016841,0.9393723011016841,0.7921901941299431,0.017709566280245,0.027603156864643003,0.9393723011016841,0.015314918942749
8275,lod-lille-0.6b,bn,D-lit,C,A,2,A,0,1,0.133621603250503,0.448796778917312,0.448796778917312,0.24970069527626002,0.448796778917312,0.27451038360595703,0.133621603250503,0.143071293830871
8276,lod-lille-0.6b,bn,D-lit,C,D,2,D,0,1,0.070372678339481,0.7750476598739621,0.7750476598739621,0.48197582364082303,0.035598743706941,0.11898091435432401,0.070372678339481,0.7750476598739621
8280,lod-lille-0.6b,bn,D-lit,A,B,0,B,0,1,0.0021148175001140003,0.992819368839263,0.992819368839263,0.8778549432754511,0.0021148175001140003,0.992819368839263,0.0034407959319650004,0.0016249922337010002
8282,lod-lille-0.6b,bn,D-lit,A,B,0,B,0,1,0.0015115288551890002,0.9933720827102661,0.9933720827102661,0.9041885137557981,0.0015115288551890002,0.9933720827102661,0.0033426363952450003,0.0017737563466650001
8283,lod-lille-0.6b,bn,D-lit,D,C,3,C,0,1,0.018414519727230003,0.9764053821563721,0.9764053821563721,0.883371949195861,0.003962121438235,0.001217999146319,0.9764053821563721,0.018414519727230003
8285,lod-lille-0.6b,bn,D-lit,D,B,3,B,0,1,0.004991489462554,0.9700347185134881,0.9700347185134881,0.813217759132385,0.009653935208916001,0.9700347185134881,0.015319844707846001,0.004991489462554
8286,lod-lille-0.6b,bn,D-lit,C,D,2,D,0,1,0.020822778344154,0.955248892307281,0.955248892307281,0.811123371124267,0.015597064979374001,0.008331315591931001,0.020822778344154,0.955248892307281
8290,lod-lille-0.6b,bn,D-lit,A,B,0,B,0,1,0.032848551869392,0.946879029273986,0.946879029273986,0.7568695545196531,0.032848551869392,0.946879029273986,0.011438823305070001,0.008833621628582
8291,lod-lille-0.6b,bn,D-lit,A,D,0,D,0,1,0.19142018258571603,0.588849782943725,0.588849782943725,0.386681079864501,0.19142018258571603,0.11478742212057101,0.104942619800567,0.588849782943725
8293,lod-lille-0.6b,bn,D-lit,B,C,1,C,0,1,0.40164464712142905,0.580039501190185,0.580039501190185,0.531704306602478,0.010683666914701,0.40164464712142905,0.580039501190185,0.007632167544215001
8297,lod-lille-0.6b,bn,D-lit,B,C,1,C,0,1,0.047958713024854,0.9307511448860161,0.9307511448860161,0.7549992799758911,0.012902163900434001,0.047958713024854,0.9307511448860161,0.008387891575694001
8301,lod-lille-0.6b,bn,D-lit,B,A,1,A,0,1,0.096312068402767,0.870843231678009,0.870843231678009,0.7296255230903621,0.870843231678009,0.096312068402767,0.015280799940228,0.017563868314027002
8302,lod-lille-0.6b,bn,D-lit,D,A,3,A,0,1,0.044610347598791004,0.880861759185791,0.880861759185791,0.6957650184631341,0.880861759185791,0.04503737762570301,0.029490487650036003,0.044610347598791004
8303,lod-lille-0.6b,bn,D-lit,A,C,0,A,1,0,0.865852653980255,0.111060313880443,0.865852653980255,0.6654062867164611,0.865852653980255,0.014564108103513001,0.111060313880443,0.008522881194949001
8306,lod-lille-0.6b,bn,D-lit,D,C,3,C,0,1,0.050610240548849,0.595266342163085,0.595266342163085,0.474001437425613,0.05081681907176901,0.30330657958984303,0.595266342163085,0.050610240548849
8307,lod-lille-0.6b,bn,D-lit,C,D,2,D,0,1,0.21465046703815402,0.765612840652465,0.765612840652465,0.6041770577430721,0.014563833363354001,0.005172792356461,0.21465046703815402,0.765612840652465
8311,lod-lille-0.6b,bn,D-lit,C,D,2,D,0,1,0.015007876791059001,0.9693225026130671,0.9693225026130671,0.8220337033271791,0.007907068356871001,0.0077625107951460005,0.015007876791059001,0.9693225026130671
8313,lod-lille-0.6b,bn,D-lit,D,A,3,A,0,1,0.019050180912017,0.9615418910980221,0.9615418910980221,0.7709610462188721,0.9615418910980221,0.010773329995572001,0.008634549565613001,0.019050180912017
8316,lod-lille-0.6b,bn,D-lit,B,A,1,A,0,1,0.024747900664806,0.93522697687149,0.93522697687149,0.715545415878295,0.93522697687149,0.024747900664806,0.023053906857967002,0.016971293836832
8319,lod-lille-0.6b,bn,D-lit,B,D,1,D,0,1,0.21064828336238803,0.641942799091339,0.641942799091339,0.43038097023963906,0.092543736100196,0.21064828336238803,0.054865207523107,0.641942799091339
8320,lod-lille-0.6b,bn,D-lit,C,A,2,A,0,1,0.11850471049547101,0.8297325968742371,0.8297325968742371,0.6037686467170711,0.8297325968742371,0.017345311120152,0.11850471049547101,0.034417454153299006
8325,lod-lille-0.6b,bn,D-lit,D,B,3,B,0,1,0.361313819885253,0.589280724525451,0.589280724525451,0.347441256046295,0.018463715910911,0.589280724525451,0.030941715463995004,0.361313819885253
8327,lod-lille-0.6b,bn,D-lit,D,A,3,A,0,1,0.043616648763418,0.892535388469696,0.892535388469696,0.6672266125679011,0.892535388469696,0.027868956327438,0.035978943109512,0.043616648763418
8335,lod-lille-0.6b,bn,D-lit,A,D,0,D,0,1,0.27824571728706304,0.6886355280876161,0.6886355280876161,0.523506999015808,0.27824571728706304,0.018543602898716,0.014575096778571002,0.6886355280876161
8336,lod-lille-0.6b,bn,D-lit,A,C,0,C,0,1,0.10047567635774601,0.832272291183471,0.832272291183471,0.6394656896591181,0.10047567635774601,0.038648761808872,0.832272291183471,0.028603289276361
8339,lod-lille-0.6b,bn,D-lit,B,A,1,A,0,1,0.053544282913208,0.914655685424804,0.914655685424804,0.7861363887786861,0.914655685424804,0.053544282913208,0.016633821651339,0.015166309662163
8340,lod-lille-0.6b,bn,D-lit,C,D,2,D,0,1,0.038754843175411,0.908812761306762,0.908812761306762,0.784911334514617,0.01758393831551,0.034848485141992,0.038754843175411,0.908812761306762
8345,lod-lille-0.6b,bn,D-lit,A,B,0,B,0,1,0.145319774746894,0.830190598964691,0.830190598964691,0.579392671585083,0.145319774746894,0.830190598964691,0.012607185170054,0.011882357299327
8347,lod-lille-0.6b,bn,D-lit,A,D,0,D,0,1,0.006166281178593001,0.9805019497871391,0.9805019497871391,0.8481844067573541,0.006166281178593001,0.004843374714255001,0.008488425984978001,0.9805019497871391
8350,lod-lille-0.6b,bn,D-lit,A,D,0,D,0,1,0.073355950415134,0.7346614599227901,0.7346614599227901,0.49183395504951405,0.073355950415134,0.08269064873456901,0.109291970729827,0.7346614599227901
8351,lod-lille-0.6b,bn,D-lit,C,D,2,D,0,1,0.18430887162685303,0.37062141299247703,0.37062141299247703,0.20676800608634902,0.24731662869453402,0.197753131389617,0.18430887162685303,0.37062141299247703
8352,lod-lille-0.6b,bn,D-lit,A,B,0,B,0,1,0.060426857322454,0.8446404933929441,0.8446404933929441,0.597364842891693,0.060426857322454,0.8446404933929441,0.06464676558971401,0.030285840854048004
8357,lod-lille-0.6b,bn,D-lit,D,B,3,B,0,1,0.22616106271743702,0.511636972427368,0.511636972427368,0.269790679216384,0.150692030787467,0.511636972427368,0.11150998622179001,0.22616106271743702
8362,lod-lille-0.6b,bn,D-lit,A,D,0,D,0,1,0.10233134776353801,0.74172568321228,0.74172568321228,0.564946174621582,0.10233134776353801,0.08637487143278101,0.06956810504198001,0.74172568321228
8364,lod-lille-0.6b,bn,D-lit,C,B,2,B,0,1,0.095749922096729,0.7407699227333061,0.7407699227333061,0.46023571491241405,0.115640044212341,0.7407699227333061,0.095749922096729,0.047840129584074007
8371,lod-lille-0.6b,bn,D-lit,B,A,1,A,0,1,0.055902581661939,0.8131003379821771,0.8131003379821771,0.577011227607727,0.8131003379821771,0.055902581661939,0.075485080480575,0.055511970072984
8374,lod-lille-0.6b,bn,D-lit,C,A,2,A,0,1,0.099997662007808,0.744494616985321,0.744494616985321,0.584686160087585,0.744494616985321,0.060918245464563,0.099997662007808,0.094589427113533
8377,lod-lille-0.6b,bn,D-lit,A,D,0,D,0,1,0.27611920237541204,0.44314751029014504,0.44314751029014504,0.207221925258636,0.27611920237541204,0.134268164634704,0.14646512269973702,0.44314751029014504
8380,lod-lille-0.6b,bn,D-lit,B,D,1,D,0,1,0.010751622729003001,0.9547296762466431,0.9547296762466431,0.7789611816406251,0.014579666778445001,0.010751622729003001,0.019939014688134003,0.9547296762466431
8381,lod-lille-0.6b,bn,D-lit,A,C,0,C,0,1,0.12335937470197601,0.7250701785087581,0.7250701785087581,0.48165515065193104,0.12335937470197601,0.082245506346225,0.7250701785087581,0.06932491064071601
8384,lod-lille-0.6b,bn,D-lit,A,B,0,B,0,1,0.016954697668552,0.9772073626518251,0.9772073626518251,0.8859948515892021,0.016954697668552,0.9772073626518251,0.0041261455044150006,0.0017117473762480002
8387,lod-lille-0.6b,bn,D-lit,B,C,1,C,0,1,0.018560729920864,0.96830540895462,0.96830540895462,0.8325532078742981,0.0046082464978090005,0.018560729920864,0.96830540895462,0.008525614626705001
8389,lod-lille-0.6b,bn,D-lit,C,A,2,A,0,1,0.005358738824725,0.99367070198059,0.99367070198059,0.9432651400566101,0.99367070198059,0.000571815180592,0.005358738824725,0.000398647709516
8393,lod-lille-0.6b,bn,D-lit,B,C,1,C,0,1,0.0013967130798840002,0.99420565366745,0.99420565366745,0.9121515154838561,0.0018137878505510002,0.0013967130798840002,0.99420565366745,0.0025838059373190004
8397,lod-lille-0.6b,bn,D-lit,C,B,2,B,0,1,0.22133520245552002,0.312964409589767,0.312964409589767,0.201366662979125,0.219199165701866,0.312964409589767,0.22133520245552002,0.24650123715400601
8398,lod-lille-0.6b,bn,D-lit,B,C,1,C,0,1,0.049370579421520004,0.87514328956604,0.87514328956604,0.6311097741127011,0.048053946346044006,0.049370579421520004,0.87514328956604,0.027432195842266003
8400,lod-lille-0.6b,bn,D-lit,A,C,0,C,0,1,0.0019498692126940001,0.9936356544494621,0.9936356544494621,0.9194309115409851,0.0019498692126940001,0.001230303314514,0.9936356544494621,0.003184244502335
8405,lod-lille-0.6b,bn,D-lit,D,C,3,C,0,1,0.08497944474220201,0.6497038006782531,0.6497038006782531,0.41616326570510803,0.180645212531089,0.08467151969671201,0.6497038006782531,0.08497944474220201
8406,lod-lille-0.6b,bn,D-lit,B,D,1,D,0,1,0.028168359771370003,0.863349378108978,0.863349378108978,0.64337021112442,0.029092844575643,0.028168359771370003,0.079389415681362,0.863349378108978
8408,lod-lille-0.6b,bn,D-lit,B,C,1,C,0,1,0.014438051730394,0.9681336283683771,0.9681336283683771,0.8095348477363581,0.010512327775359001,0.014438051730394,0.9681336283683771,0.0069160521961740004
8409,lod-lille-0.6b,bn,D-lit,D,B,3,B,0,1,0.040223412215709006,0.8844664692878721,0.8844664692878721,0.797196269035339,0.031584776937961,0.8844664692878721,0.043725341558456005,0.040223412215709006
8411,lod-lille-0.6b,bn,D-lit,D,B,3,B,0,1,0.008336882106959001,0.9664319157600401,0.9664319157600401,0.800917029380798,0.016974588856101,0.9664319157600401,0.008256622590124,0.008336882106959001
8412,lod-lille-0.6b,bn,D-lit,A,C,0,C,0,1,0.016321094706654,0.9540778994560241,0.9540778994560241,0.7788677215576171,0.016321094706654,0.014998876489698,0.9540778994560241,0.014602174051105001
8414,lod-lille-0.6b,bn,D-lit,B,A,1,A,0,1,0.049226220697164,0.8907923698425291,0.8907923698425291,0.721478819847106,0.8907923698425291,0.049226220697164,0.020311748608946002,0.039669696241617
8417,lod-lille-0.6b,bn,D-lit,A,B,0,B,0,1,0.038811933249235,0.8630681633949281,0.8630681633949281,0.632848441600799,0.038811933249235,0.8630681633949281,0.05250914767384501,0.045610755681991
8421,lod-lille-0.6b,bn,D-lit,C,A,2,A,0,1,0.10540261119604101,0.6836469769477841,0.6836469769477841,0.499905258417129,0.6836469769477841,0.140680536627769,0.10540261119604101,0.07026994973421001
8422,lod-lille-0.6b,bn,D-lit,C,B,2,B,0,1,0.014425580389797,0.9573761224746701,0.9573761224746701,0.8295980691909791,0.016579855233430002,0.9573761224746701,0.014425580389797,0.011618505232036001
8423,lod-lille-0.6b,bn,D-lit,D,B,3,B,0,1,0.019653394818305,0.9412291646003721,0.9412291646003721,0.7800916433334351,0.021954530850052,0.9412291646003721,0.017162902280688,0.019653394818305
8424,lod-lille-0.6b,bn,D-lit,D,A,3,A,0,1,0.20065754652023302,0.541286170482635,0.541286170482635,0.276998430490493,0.541286170482635,0.15321634709835003,0.1048399284482,0.20065754652023302
8427,lod-lille-0.6b,bn,D-lit,C,D,2,D,0,1,0.17171275615692103,0.798793613910675,0.798793613910675,0.65494567155838,0.014826054684817002,0.014667545445263,0.17171275615692103,0.798793613910675
8429,lod-lille-0.6b,bn,D-lit,A,C,0,C,0,1,0.013398019596934001,0.929844617843627,0.929844617843627,0.7137259840965271,0.013398019596934001,0.047158397734165004,0.929844617843627,0.009598990902304
8431,lod-lille-0.6b,bn,D-lit,B,A,1,A,0,1,0.02551456913352,0.761545479297637,0.761545479297637,0.5937204957008361,0.761545479297637,0.02551456913352,0.20281772315502103,0.010122245177626001
8434,lod-lille-0.6b,bn,D-lit,C,D,2,D,0,1,0.005224245134741,0.9866757988929741,0.9866757988929741,0.8729810118675231,0.0049019218422470005,0.00319805345498,0.005224245134741,0.9866757988929741
8436,lod-lille-0.6b,bn,D-lit,C,A,2,A,0,1,0.136487111449241,0.605675935745239,0.605675935745239,0.35569798946380604,0.605675935745239,0.110599793493747,0.136487111449241,0.14723709225654602
8440,lod-lille-0.6b,bn,D-lit,D,C,3,C,0,1,0.004394298885017,0.989281415939331,0.989281415939331,0.9049164652824401,0.00305615318939,0.0032680940348650002,0.989281415939331,0.004394298885017
8442,lod-lille-0.6b,bn,D-lit,B,A,1,A,0,1,0.16940310597419703,0.583714663982391,0.583714663982391,0.46950456500053406,0.583714663982391,0.16940310597419703,0.10272494703531201,0.144157290458679
8443,lod-lille-0.6b,bn,D-lit,B,C,1,C,0,1,0.09188955277204501,0.871874928474426,0.871874928474426,0.6518368124961851,0.013917409814894002,0.09188955277204501,0.871874928474426,0.022318080067634003
8450,lod-lille-0.6b,bn,D-lit,D,A,3,A,0,1,0.049738366156816004,0.8024637103080751,0.8024637103080751,0.564089357852935,0.8024637103080751,0.09374327212572,0.054054651409387006,0.049738366156816004
8453,lod-lille-0.6b,bn,D-lit,C,B,2,B,0,1,0.0048660142347210006,0.9841118454933161,0.9841118454933161,0.857895970344543,0.006428724620491001,0.9841118454933161,0.0048660142347210006,0.004593337420374001
8455,lod-lille-0.6b,bn,D-lit,B,C,1,C,0,1,0.0061149392277,0.979677379131317,0.979677379131317,0.866814374923706,0.0050718802958720005,0.0061149392277,0.979677379131317,0.009135725907981
8456,lod-lille-0.6b,bn,D-lit,D,C,3,C,0,1,0.007189531810581001,0.9802439212799071,0.9802439212799071,0.86285400390625,0.007297385949641,0.005269116256386,0.9802439212799071,0.007189531810581001
8457,lod-lille-0.6b,bn,D-lit,D,A,3,A,0,1,0.06334352493286101,0.9078791141510011,0.9078791141510011,0.7585906982421871,0.9078791141510011,0.010142805986106,0.018634568899869003,0.06334352493286101
8458,lod-lille-0.6b,bn,D-lit,B,D,1,D,0,1,0.048944380134344004,0.7302703261375421,0.7302703261375421,0.50376409292221,0.12578298151493,0.048944380134344004,0.095002233982086,0.7302703261375421
8459,lod-lille-0.6b,bn,D-lit,D,B,3,B,0,1,0.040175352245569,0.8027898669242851,0.8027898669242851,0.5974993109703061,0.075481966137886,0.8027898669242851,0.081552870571613,0.040175352245569
8460,lod-lille-0.6b,bn,D-lit,D,C,3,C,0,1,0.06935022026300401,0.917901396751403,0.917901396751403,0.7910891175270081,0.0065698395483190005,0.006178565789014,0.917901396751403,0.06935022026300401
8461,lod-lille-0.6b,bn,D-lit,A,D,0,D,0,1,0.059932149946689,0.7926839590072631,0.7926839590072631,0.585672616958618,0.059932149946689,0.057969667017459,0.08941424638032901,0.7926839590072631
8463,lod-lille-0.6b,bn,D-lit,D,B,3,B,0,1,0.004351080395281,0.9869214296340941,0.9869214296340941,0.8702650070190431,0.004510825965553,0.9869214296340941,0.004216662608087,0.004351080395281
8466,lod-lille-0.6b,bn,D-lit,C,D,2,D,0,1,0.029486296698451004,0.906165599822998,0.906165599822998,0.753042697906494,0.030467648059129004,0.033880420029163,0.029486296698451004,0.906165599822998
8468,lod-lille-0.6b,bn,D-lit,A,D,0,D,0,1,0.053603302687406006,0.9408215880393981,0.9408215880393981,0.765024960041046,0.053603302687406006,0.004175929352641001,0.0013991974992670002,0.9408215880393981
8469,lod-lille-0.6b,bn,D-lit,C,A,2,A,0,1,0.041751146316528,0.8983789682388301,0.8983789682388301,0.7756742835044861,0.8983789682388301,0.005209848750382,0.041751146316528,0.05466012284159601
8470,lod-lille-0.6b,bn,D-lit,C,D,2,D,0,1,0.0011457474902270002,0.99464476108551,0.99464476108551,0.8786398172378541,0.001426632981747,0.002782857976853,0.0011457474902270002,0.99464476108551
8471,lod-lille-0.6b,bn,D-lit,B,C,1,C,0,1,0.013264840468764002,0.9646696448326111,0.9646696448326111,0.8144837617874141,0.010494767688214,0.013264840468764002,0.9646696448326111,0.011570776812732001
8473,lod-lille-0.6b,bn,D-lit,A,C,0,C,0,1,0.019148766994476003,0.9166399240493771,0.9166399240493771,0.768956005573272,0.019148766994476003,0.030701614916324,0.9166399240493771,0.033509790897369
8475,lod-lille-0.6b,bn,D-lit,A,B,0,B,0,1,0.003659604582935,0.9884185194969171,0.9884185194969171,0.903000771999359,0.003659604582935,0.9884185194969171,0.00393247231841,0.0039894180372350005
8478,lod-lille-0.6b,bn,D-lit,A,D,0,D,0,1,0.022016948089003,0.93617844581604,0.93617844581604,0.792083501815795,0.022016948089003,0.013476969674229,0.028327731415629002,0.93617844581604
8479,lod-lille-0.6b,bn,D-lit,B,C,1,C,0,1,0.04840587824583,0.9340023994445801,0.9340023994445801,0.759901165962219,0.009118964895606001,0.04840587824583,0.9340023994445801,0.008472673594951
8481,lod-lille-0.6b,bn,D-lit,A,B,0,B,0,1,0.055549766868352,0.9336103200912471,0.9336103200912471,0.8301849365234371,0.055549766868352,0.9336103200912471,0.005531277973204,0.005308710504323
8483,lod-lille-0.6b,bn,D-lit,A,B,0,B,0,1,0.133428439497947,0.7800443768501281,0.7800443768501281,0.557167410850524,0.133428439497947,0.7800443768501281,0.017140222713351,0.069386899471282
8486,lod-lille-0.6b,bn,D-lit,C,A,2,A,0,1,0.055089589208364,0.9391601085662841,0.9391601085662841,0.77932995557785,0.9391601085662841,0.00264417915605,0.055089589208364,0.003106127027422
8487,lod-lille-0.6b,bn,D-lit,C,B,2,B,0,1,0.004576904233545001,0.9785741567611691,0.9785741567611691,0.854285895824432,0.008593223989009,0.9785741567611691,0.004576904233545001,0.008255735971033
8493,lod-lille-0.6b,bn,D-lit,B,D,1,D,0,1,0.008674648590385001,0.9808437228202821,0.9808437228202821,0.857878446578979,0.006757021881639001,0.008674648590385001,0.0037246772553770004,0.9808437228202821
8495,lod-lille-0.6b,bn,D-lit,C,D,2,D,0,1,0.088938184082508,0.730163097381591,0.730163097381591,0.593743860721588,0.079269774258136,0.101628944277763,0.088938184082508,0.730163097381591
8498,lod-lille-0.6b,bn,D-lit,D,C,3,C,0,1,0.027770267799496002,0.9499577879905701,0.9499577879905701,0.7963368892669671,0.00593824731186,0.016333660110831,0.9499577879905701,0.027770267799496002
8500,lod-lille-0.6b,bn,D-lit,B,D,1,D,0,1,0.0048332666046910005,0.980692565441131,0.980692565441131,0.891792058944702,0.008042306639254001,0.0048332666046910005,0.006431756075471,0.980692565441131
8501,lod-lille-0.6b,bn,D-lit,C,A,2,A,0,1,0.237508371472358,0.6405892372131341,0.6405892372131341,0.46107932925224304,0.6405892372131341,0.045234367251396006,0.237508371472358,0.07666803151369
8503,lod-lille-0.6b,bn,D-lit,D,C,3,C,0,1,0.014715376310050002,0.9510289430618281,0.9510289430618281,0.840775489807128,0.016627859324216,0.017627790570259,0.9510289430618281,0.014715376310050002
8507,lod-lille-0.6b,bn,D-lit,C,B,2,B,0,1,0.09448316693305901,0.654434919357299,0.654434919357299,0.45508429408073403,0.15281635522842402,0.654434919357299,0.09448316693305901,0.098265543580055
8508,lod-lille-0.6b,bn,D-lit,A,B,0,B,0,1,0.030463099479675,0.9549704194068901,0.9549704194068901,0.757101476192474,0.030463099479675,0.9549704194068901,0.003099603112787,0.011466891504824
8509,lod-lille-0.6b,bn,D-lit,A,B,0,B,0,1,0.016041094437241003,0.9543352723121641,0.9543352723121641,0.8353436589241021,0.016041094437241003,0.9543352723121641,0.016148470342159,0.013475191779434001
8510,lod-lille-0.6b,bn,D-lit,D,B,3,B,0,1,0.020073195919394,0.9016000628471371,0.9016000628471371,0.7806178331375121,0.05122844874858801,0.9016000628471371,0.027098296210169,0.020073195919394
8522,lod-lille-0.6b,bn,D-lit,C,A,2,A,0,1,0.022959534078836,0.9507033228874201,0.9507033228874201,0.7257416844367981,0.9507033228874201,0.016856079921126,0.022959534078836,0.009481083601713
8523,lod-lille-0.6b,bn,D-lit,D,A,3,A,0,1,0.02081436663866,0.916567206382751,0.916567206382751,0.7721204757690431,0.916567206382751,0.048528276383876,0.014090176671743001,0.02081436663866
8527,lod-lille-0.6b,bn,D-lit,C,D,2,D,0,1,0.040128748863935006,0.9248129129409791,0.9248129129409791,0.795686662197113,0.017983447760343,0.017074869945645003,0.040128748863935006,0.9248129129409791
8530,lod-lille-0.6b,bn,D-lit,C,D,2,D,0,1,0.10583921521902001,0.7394798994064331,0.7394798994064331,0.6721061468124391,0.064193092286586,0.09048789739608701,0.10583921521902001,0.7394798994064331
8537,lod-lille-0.6b,bn,D-lit,A,C,0,C,0,1,0.236972138285636,0.673198163509368,0.673198163509368,0.509140133857727,0.236972138285636,0.036946315318346,0.673198163509368,0.05288332700729301
8538,lod-lille-0.6b,bn,D-lit,D,B,3,B,0,1,0.09765349328517901,0.782034337520599,0.782034337520599,0.5706210732460021,0.073615163564682,0.782034337520599,0.046696979552507005,0.09765349328517901
8539,lod-lille-0.6b,bn,D-lit,D,B,3,B,0,1,0.12032674998044901,0.719126999378204,0.719126999378204,0.48477888107299805,0.075218804180622,0.719126999378204,0.085327453911304,0.12032674998044901
8544,lod-lille-0.6b,bn,D-lit,B,D,1,D,0,1,0.08993449807167,0.689161419868469,0.689161419868469,0.5154535174369811,0.13754227757453902,0.08993449807167,0.083361819386482,0.689161419868469
8551,lod-lille-0.6b,bn,D-lit,B,D,1,D,0,1,0.017483634874224,0.931240499019622,0.931240499019622,0.7363483309745781,0.026903610676527002,0.017483634874224,0.02437224984169,0.931240499019622
8552,lod-lille-0.6b,bn,D-lit,D,A,3,A,0,1,0.017521919682621002,0.9657431244850151,0.9657431244850151,0.809258937835693,0.9657431244850151,0.007721540052443,0.009013466536998001,0.017521919682621002
8556,lod-lille-0.6b,bn,D-lit,D,C,3,C,0,1,0.025297537446022002,0.890376925468444,0.890376925468444,0.7177987098693841,0.031219961121678002,0.053105533123016004,0.890376925468444,0.025297537446022002
8558,lod-lille-0.6b,bn,D-lit,A,D,0,D,0,1,0.143112689256668,0.7919124960899351,0.7919124960899351,0.556177258491516,0.143112689256668,0.036908563226461,0.02806619182229,0.7919124960899351
8560,lod-lille-0.6b,bn,D-lit,A,C,0,C,0,1,0.009277957491576,0.9781503081321711,0.9781503081321711,0.8319069743156431,0.009277957491576,0.007889062166213,0.9781503081321711,0.004682701081037
8561,lod-lille-0.6b,bn,D-lit,B,D,1,D,0,1,0.005239267833530001,0.9878097772598261,0.9878097772598261,0.853193402290344,0.003410648554563,0.005239267833530001,0.0035402737557880004,0.9878097772598261
8564,lod-lille-0.6b,bn,D-lit,A,D,0,D,0,1,0.141235068440437,0.7181735038757321,0.7181735038757321,0.450669080018997,0.141235068440437,0.074419066309928,0.06617233902215901,0.7181735038757321
8572,lod-lille-0.6b,bn,D-lit,C,B,2,B,0,1,0.23845757544040602,0.585746228694915,0.585746228694915,0.31044301390647805,0.08793225884437501,0.585746228694915,0.23845757544040602,0.08786394447088201
8574,lod-lille-0.6b,bn,D-lit,D,A,3,A,0,1,0.080954685807228,0.759845376014709,0.759845376014709,0.49797737598419106,0.759845376014709,0.053924363106489,0.105275571346282,0.080954685807228
8577,lod-lille-0.6b,bn,D-lit,C,A,2,A,0,1,0.11102189123630501,0.835779130458831,0.835779130458831,0.730598211288452,0.835779130458831,0.034578528255224006,0.11102189123630501,0.018620483577251
8579,lod-lille-0.6b,bn,D-lit,C,B,2,B,0,1,0.006596395280212001,0.9866678714752191,0.9866678714752191,0.8960906267166131,0.002882673870772,0.9866678714752191,0.006596395280212001,0.0038530286401510004
8580,lod-lille-0.6b,bn,D-lit,A,D,0,D,0,1,0.024290012195706003,0.9233464598655701,0.9233464598655701,0.8489304780960081,0.024290012195706003,0.025414079427719,0.026949474588036003,0.9233464598655701
8584,lod-lille-0.6b,bn,D-lit,D,A,3,A,0,1,0.004145892802625,0.9810516834259031,0.9810516834259031,0.885927259922027,0.9810516834259031,0.010074246674776001,0.004728165920823001,0.004145892802625
8590,lod-lille-0.6b,bn,D-lit,C,A,2,D,0,0,0.21750572323799103,0.26201471686363204,0.29437291622161804,0.17217978835105802,0.26201471686363204,0.22610667347908,0.21750572323799103,0.29437291622161804
8592,lod-lille-0.6b,bn,D-lit,B,C,1,C,0,1,0.005768011789768,0.9844834208488461,0.9844834208488461,0.862092554569244,0.006944223307073001,0.005768011789768,0.9844834208488461,0.002804354066029
8600,lod-lille-0.6b,bn,D-lit,A,C,0,C,0,1,0.364379703998565,0.600776016712188,0.600776016712188,0.43996930122375405,0.364379703998565,0.026464862748980002,0.600776016712188,0.00837942585349
8601,lod-lille-0.6b,bn,D-lit,D,B,3,B,0,1,0.014691381715238,0.925452709197998,0.925452709197998,0.740405321121215,0.027486097067594,0.925452709197998,0.03236973285675,0.014691381715238
8605,lod-lille-0.6b,bn,D-lit,C,D,2,D,0,1,0.09264183044433501,0.7238718867301941,0.7238718867301941,0.602901518344879,0.105084396898746,0.07840181887149801,0.09264183044433501,0.7238718867301941
8611,lod-lille-0.6b,bn,D-lit,D,C,3,C,0,1,0.020402444526553,0.9072524905204771,0.9072524905204771,0.724042534828186,0.023591417819261003,0.048753652721643004,0.9072524905204771,0.020402444526553
8620,lod-lille-0.6b,bn,D-lit,A,B,0,B,0,1,0.06368823349475801,0.8978325128555291,0.8978325128555291,0.7275872230529781,0.06368823349475801,0.8978325128555291,0.025106905028223003,0.013372282497584001
8621,lod-lille-0.6b,bn,D-lit,A,B,0,B,0,1,0.042619545012712,0.834805071353912,0.834805071353912,0.5648475289344781,0.042619545012712,0.834805071353912,0.06491232663393,0.057663012295961005
8622,lod-lille-0.6b,bn,D-lit,B,A,1,A,0,1,0.09627135097980401,0.7735709547996521,0.7735709547996521,0.48608669638633706,0.7735709547996521,0.09627135097980401,0.06701532751321701,0.06314236670732401
8627,lod-lille-0.6b,bn,D-lit,D,B,3,C,0,0,0.19141548871994002,0.08487091213464701,0.44371491670608504,0.200868591666221,0.279998660087585,0.08487091213464701,0.44371491670608504,0.19141548871994002
8629,lod-lille-0.6b,bn,D-lit,D,C,3,C,0,1,0.195710435509681,0.7482062578201291,0.7482062578201291,0.681868016719818,0.028584806248545,0.027498489245772,0.7482062578201291,0.195710435509681
8632,lod-lille-0.6b,bn,D-lit,D,B,3,B,0,1,0.06758435815572701,0.7279618382453911,0.7279618382453911,0.40926730632781905,0.11587840318679801,0.7279618382453911,0.08857537060976,0.06758435815572701
8633,lod-lille-0.6b,bn,D-lit,C,A,2,A,0,1,0.029516354203224,0.9554816484451291,0.9554816484451291,0.834030330181121,0.9554816484451291,0.0035147890448570004,0.029516354203224,0.011487181298434
8637,lod-lille-0.6b,bn,D-lit,B,D,1,D,0,1,0.06399517506361001,0.7904224395751951,0.7904224395751951,0.68472796678543,0.064343109726905,0.06399517506361001,0.08123927563428801,0.7904224395751951
8639,lod-lille-0.6b,bn,D-lit,D,A,3,A,0,1,0.00713399471715,0.9852356910705561,0.9852356910705561,0.8628591299057,0.9852356910705561,0.003043165663257,0.004587078932672,0.00713399471715
8643,lod-lille-0.6b,bn,D-lit,D,B,3,B,0,1,0.008688108995556,0.964143455028533,0.964143455028533,0.822312235832214,0.010674629360437001,0.964143455028533,0.016493778675794,0.008688108995556
8644,lod-lille-0.6b,bn,D-lit,D,A,3,A,0,1,0.031657189130783005,0.895643353462219,0.895643353462219,0.7766309380531311,0.895643353462219,0.05089187994599301,0.021807588636875003,0.031657189130783005
8648,lod-lille-0.6b,bn,D-lit,A,C,0,C,0,1,0.018044512718915003,0.9476691484451291,0.9476691484451291,0.7472009062767021,0.018044512718915003,0.025196969509124003,0.9476691484451291,0.009089358150959001
8649,lod-lille-0.6b,bn,D-lit,C,B,2,B,0,1,0.118546828627586,0.8644546270370481,0.8644546270370481,0.7024205327033991,0.010730429552495,0.8644546270370481,0.118546828627586,0.006268044933676001
8651,lod-lille-0.6b,bn,D-lit,B,C,1,C,0,1,0.17891727387905101,0.7555913329124451,0.7555913329124451,0.492614388465881,0.041982989758253,0.17891727387905101,0.7555913329124451,0.023508405312895
8653,lod-lille-0.6b,bn,D-lit,A,B,0,B,0,1,0.034273780882358,0.949811279773712,0.949811279773712,0.8575745224952691,0.034273780882358,0.949811279773712,0.007406148128211,0.008508732542395
8654,lod-lille-0.6b,bn,D-lit,C,B,2,A,0,0,0.194633975625038,0.23194776475429502,0.38571086525917003,0.22603547573089602,0.38571086525917003,0.23194776475429502,0.194633975625038,0.18770740926265703
8655,lod-lille-0.6b,bn,D-lit,A,C,0,C,0,1,0.027487343177199003,0.9530667066574091,0.9530667066574091,0.7541395425796501,0.027487343177199003,0.008066293783485001,0.9530667066574091,0.011379724368453002
8656,lod-lille-0.6b,bn,D-lit,C,A,2,A,0,1,0.012646241113543,0.9463945031166071,0.9463945031166071,0.7684912681579591,0.9463945031166071,0.015137921087443001,0.012646241113543,0.025821374729275003
8657,lod-lille-0.6b,bn,D-lit,A,D,0,D,0,1,0.154466584324836,0.706160008907318,0.706160008907318,0.48696187138557406,0.154466584324836,0.06617185473442,0.073201589286327,0.706160008907318
8659,lod-lille-0.6b,bn,D-lit,D,B,3,B,0,1,0.04120647907257,0.8779166936874391,0.8779166936874391,0.6737811565399171,0.045394141227006,0.8779166936874391,0.035482756793498,0.04120647907257
8660,lod-lille-0.6b,bn,D-lit,A,C,0,B,0,0,0.319046914577484,0.176011964678764,0.38459783792495705,0.21029135584831202,0.319046914577484,0.38459783792495705,0.176011964678764,0.12034332752227701
8663,lod-lille-0.6b,bn,D-lit,C,D,2,D,0,1,0.019300855696201002,0.962143838405609,0.962143838405609,0.8091540932655331,0.012224934063851,0.006330355536192001,0.019300855696201002,0.962143838405609
8666,lod-lille-0.6b,bn,D-lit,C,B,2,B,0,1,0.11740874499082501,0.699512004852294,0.699512004852294,0.5058296322822571,0.105685427784919,0.699512004852294,0.11740874499082501,0.077393904328346
8667,lod-lille-0.6b,bn,D-lit,C,B,2,B,0,1,0.015132705681025002,0.9562929868698121,0.9562929868698121,0.7972109317779541,0.014867070131003001,0.9562929868698121,0.015132705681025002,0.013707203790545
8675,lod-lille-0.6b,bn,D-lit,D,B,3,B,0,1,0.006912347860634001,0.9562385082244871,0.9562385082244871,0.816937863826751,0.023247700184583,0.9562385082244871,0.01360139157623,0.006912347860634001
8678,lod-lille-0.6b,bn,D-lit,B,A,1,A,0,1,0.06454172730445801,0.8485476374626161,0.8485476374626161,0.579806447029113,0.8485476374626161,0.06454172730445801,0.047782156616449,0.039128459990024005
8680,lod-lille-0.6b,bn,D-lit,D,C,3,C,0,1,0.002566892653703,0.994683682918548,0.994683682918548,0.899030745029449,0.001302210032008,0.0014472740003830002,0.994683682918548,0.002566892653703
8687,lod-lille-0.6b,bn,D-lit,C,B,2,B,0,1,0.073110334575176,0.9181103110313411,0.9181103110313411,0.775619864463806,0.006404383573681001,0.9181103110313411,0.073110334575176,0.0023749184329060003
8689,lod-lille-0.6b,bn,D-lit,B,A,1,A,0,1,0.100205481052398,0.8794730901718141,0.8794730901718141,0.7974500060081481,0.8794730901718141,0.100205481052398,0.011301967315375002,0.009019422344863
8690,lod-lille-0.6b,bn,D-lit,B,D,1,D,0,1,0.086725331842899,0.8027093410491941,0.8027093410491941,0.558458030223846,0.055307172238826,0.086725331842899,0.055258113890886,0.8027093410491941
8693,lod-lille-0.6b,bn,D-lit,A,C,0,C,0,1,0.051302585750818,0.8682193160057061,0.8682193160057061,0.7272006273269651,0.051302585750818,0.053842227905988006,0.8682193160057061,0.026635875925421004
8694,lod-lille-0.6b,bn,D-lit,B,D,1,D,0,1,0.030784249305725004,0.9570700526237481,0.9570700526237481,0.86356383562088,0.004357006866484,0.030784249305725004,0.0077887680381530005,0.9570700526237481
8702,lod-lille-0.6b,bn,D-lit,C,B,2,B,0,1,0.141410544514656,0.849570035934448,0.849570035934448,0.6996766924858091,0.005280855577439,0.849570035934448,0.141410544514656,0.0037385413888840003
8703,lod-lille-0.6b,bn,D-lit,B,C,1,C,0,1,0.366699129343032,0.420530676841735,0.420530676841735,0.199740797281265,0.08515945822000501,0.366699129343032,0.420530676841735,0.12761066854
8705,lod-lille-0.6b,bn,D-lit,D,C,3,C,0,1,0.042651928961277,0.832465648651123,0.832465648651123,0.566472291946411,0.031648024916648004,0.09323439747095101,0.832465648651123,0.042651928961277
8708,lod-lille-0.6b,bn,D-lit,C,D,2,D,0,1,0.004031526390463,0.9857023358345031,0.9857023358345031,0.846490383148193,0.00546879414469,0.0047973413020370006,0.004031526390463,0.9857023358345031
8709,lod-lille-0.6b,bn,D-lit,D,C,3,C,0,1,0.015097643248736001,0.9367789030075071,0.9367789030075071,0.8078064322471611,0.013934701681137002,0.034188628196716,0.9367789030075071,0.015097643248736001
8711,lod-lille-0.6b,bn,D-lit,C,D,2,D,0,1,0.034642104059457,0.88869285583496,0.88869285583496,0.7334901690483091,0.038021426647901,0.038643673062324004,0.034642104059457,0.88869285583496
8712,lod-lille-0.6b,bn,D-lit,C,D,2,D,0,1,0.040054898709058005,0.864767432212829,0.864767432212829,0.64025855064392,0.045961666852235,0.04921601712703701,0.040054898709058005,0.864767432212829
8713,lod-lille-0.6b,bn,D-lit,A,D,0,D,0,1,0.47148251533508306,0.48155531287193304,0.48155531287193304,0.34814494848251304,0.47148251533508306,0.022829711437225002,0.024132449179887,0.48155531287193304
8715,lod-lille-0.6b,bn,D-lit,D,B,3,B,0,1,0.17000956833362502,0.7126911282539361,0.7126911282539361,0.5474281907081601,0.062478095293045,0.7126911282539361,0.05482131242752,0.17000956833362502
8716,lod-lille-0.6b,bn,D-lit,D,C,3,C,0,1,0.103233531117439,0.710617363452911,0.710617363452911,0.538038909435272,0.076564699411392,0.109584294259548,0.710617363452911,0.103233531117439
8717,lod-lille-0.6b,bn,D-lit,C,A,2,A,0,1,0.37495058774948103,0.45314061641693104,0.45314061641693104,0.31099584698677,0.45314061641693104,0.10541917383670801,0.37495058774948103,0.06648962199687901
8722,lod-lille-0.6b,bn,D-lit,B,D,1,D,0,1,0.003080247202888,0.99232280254364,0.99232280254364,0.90168273448944,0.002399990102276,0.003080247202888,0.002196894260123,0.99232280254364
8726,lod-lille-0.6b,bn,D-lit,D,A,3,D,1,0,0.49786707758903503,0.44808056950569103,0.49786707758903503,0.24493259191513003,0.44808056950569103,0.021590486168861,0.032461881637573,0.49786707758903503
8727,lod-lille-0.6b,bn,D-lit,C,A,2,A,0,1,0.037834491580724,0.853411793708801,0.853411793708801,0.64564824104309,0.853411793708801,0.054057076573371006,0.037834491580724,0.054696667939424
8730,lod-lille-0.6b,bn,D-lit,D,B,3,B,0,1,0.052907131612300005,0.840850412845611,0.840850412845611,0.6762923002243041,0.060327373445034006,0.840850412845611,0.04591508954763401,0.052907131612300005
8731,lod-lille-0.6b,bn,D-lit,B,C,1,C,0,1,0.11599040776491101,0.784523069858551,0.784523069858551,0.5861850976943971,0.067411534488201,0.11599040776491101,0.784523069858551,0.032074991613626
8735,lod-lille-0.6b,bn,D-lit,D,A,3,A,0,1,0.039958678185939005,0.7988615632057191,0.7988615632057191,0.5534784793853761,0.7988615632057191,0.079664684832096,0.081515073776245,0.039958678185939005
8736,lod-lille-0.6b,bn,D-lit,B,D,1,D,0,1,0.056055016815662,0.45911884307861306,0.45911884307861306,0.212658777832984,0.44386032223701405,0.056055016815662,0.040965903550386006,0.45911884307861306
8744,lod-lille-0.6b,bn,D-lit,C,B,2,B,0,1,0.122650064527988,0.8752332925796501,0.8752332925796501,0.8450579643249511,0.001591833191923,0.8752332925796501,0.122650064527988,0.000524799921549
8746,lod-lille-0.6b,bn,D-lit,D,B,3,B,0,1,0.012164249084889,0.9624300599098201,0.9624300599098201,0.787840485572814,0.012979937717318,0.9624300599098201,0.012425744906067002,0.012164249084889
8748,lod-lille-0.6b,bn,D-lit,A,C,0,C,0,1,0.08551112562417901,0.8857152462005611,0.8857152462005611,0.6112849116325371,0.08551112562417901,0.014070783741772001,0.8857152462005611,0.014702833257615
8762,lod-lille-0.6b,bn,D-lit,C,D,2,D,0,1,0.098348051309585,0.606159090995788,0.606159090995788,0.365439385175704,0.081485249102115,0.21400757133960702,0.098348051309585,0.606159090995788
8763,lod-lille-0.6b,bn,D-lit,A,B,0,B,0,1,0.082570403814315,0.686789631843566,0.686789631843566,0.433915197849273,0.082570403814315,0.686789631843566,0.167240276932716,0.063399612903594
8764,lod-lille-0.6b,bn,D-lit,C,D,2,D,0,1,0.012865222059190001,0.935396432876586,0.935396432876586,0.8047415018081661,0.027820546180009002,0.0239177942276,0.012865222059190001,0.935396432876586
8772,lod-lille-0.6b,bn,D-lit,A,B,0,B,0,1,0.063810378313064,0.858400762081146,0.858400762081146,0.59185767173767,0.063810378313064,0.858400762081146,0.045270100235939005,0.032518815249204004
8774,lod-lille-0.6b,bn,D-lit,D,C,3,C,0,1,0.020507968962192,0.9171738028526301,0.9171738028526301,0.7496984004974361,0.028760267421603,0.033557932823896006,0.9171738028526301,0.020507968962192
8779,lod-lille-0.6b,bn,D-lit,A,B,0,B,0,1,0.125380471348762,0.7822250723838801,0.7822250723838801,0.5020872354507441,0.125380471348762,0.7822250723838801,0.030390808358788,0.062003642320632005
8781,lod-lille-0.6b,bn,D-lit,C,B,2,B,0,1,0.019935762509703,0.9148261547088621,0.9148261547088621,0.653549551963806,0.020652091130614003,0.9148261547088621,0.019935762509703,0.044586043804883006
8783,lod-lille-0.6b,bn,D-lit,C,D,2,D,0,1,0.049625996500253004,0.8813312649726861,0.8813312649726861,0.642163515090942,0.042212929576635,0.026829829439520003,0.049625996500253004,0.8813312649726861
8784,lod-lille-0.6b,bn,D-lit,D,C,3,C,0,1,0.004118420649319001,0.9866335391998291,0.9866335391998291,0.8533052802085871,0.005756752565503001,0.0034912987612180004,0.9866335391998291,0.004118420649319001
8785,lod-lille-0.6b,bn,D-lit,D,B,3,B,0,1,0.0253671053797,0.8426803350448601,0.8426803350448601,0.592159569263458,0.070981085300445,0.8426803350448601,0.060971546918153006,0.0253671053797
8788,lod-lille-0.6b,bn,D-lit,C,A,2,A,0,1,0.030095495283603002,0.813755631446838,0.813755631446838,0.48851996660232505,0.813755631446838,0.084376893937587,0.030095495283603002,0.07177191227674401
8792,lod-lille-0.6b,bn,D-lit,B,A,1,A,0,1,0.21768233180046,0.6823704242706291,0.6823704242706291,0.40432044863700806,0.6823704242706291,0.21768233180046,0.037144735455513,0.06280250847339601
8799,lod-lille-0.6b,bn,D-lit,C,D,2,D,0,1,0.33712780475616405,0.644638538360595,0.644638538360595,0.563520789146423,0.010510982945561001,0.007722763344645001,0.33712780475616405,0.644638538360595
8804,lod-lille-0.6b,bn,D-lit,B,D,1,D,0,1,0.14816986024379702,0.603637337684631,0.603637337684631,0.34086784720420804,0.160047233104705,0.14816986024379702,0.08814560621976801,0.603637337684631
8809,lod-lille-0.6b,bn,D-lit,C,A,2,A,0,1,0.31385838985443104,0.598909854888916,0.598909854888916,0.46830123662948603,0.598909854888916,0.028730124235153004,0.31385838985443104,0.058501631021499
8811,lod-lille-0.6b,bn,D-lit,A,B,0,B,0,1,0.281685084104537,0.6238691806793211,0.6238691806793211,0.30992460250854403,0.281685084104537,0.6238691806793211,0.060508750379085006,0.033936999738216005
8814,lod-lille-0.6b,bn,D-lit,D,C,3,C,0,1,0.014481055550277,0.947406291961669,0.947406291961669,0.783893764019012,0.018909730017185003,0.019202938303351,0.947406291961669,0.014481055550277
8822,lod-lille-0.6b,bn,D-lit,C,B,2,B,0,1,0.027817947790026002,0.904024422168731,0.904024422168731,0.7413777709007261,0.026502557098865002,0.904024422168731,0.027817947790026002,0.041655022650957
8823,lod-lille-0.6b,bn,D-lit,B,A,1,A,0,1,0.12216991186141901,0.8398505449295041,0.8398505449295041,0.606488764286041,0.8398505449295041,0.12216991186141901,0.021552197635173003,0.016427330672740003
8826,lod-lille-0.6b,bn,D-lit,D,C,3,C,0,1,0.020427910611033002,0.93410849571228,0.93410849571228,0.7608730196952821,0.025989305227994003,0.019474284723401,0.93410849571228,0.020427910611033002
8827,lod-lille-0.6b,bn,D-lit,B,C,1,B,1,0,0.49987855553627003,0.20970778167247703,0.49987855553627003,0.257749557495117,0.25277352333068803,0.49987855553627003,0.20970778167247703,0.037640154361724
8830,lod-lille-0.6b,bn,D-lit,A,B,0,B,0,1,0.18989783525466902,0.764397680759429,0.764397680759429,0.526872396469116,0.18989783525466902,0.764397680759429,0.023065151646733003,0.022639306262135003
8832,lod-lille-0.6b,bn,D-lit,C,D,2,D,0,1,0.009803846478462,0.9633157253265381,0.9633157253265381,0.8352895975112911,0.015192700549960001,0.011687844991683,0.009803846478462,0.9633157253265381
8838,lod-lille-0.6b,bn,D-lit,D,C,3,C,0,1,0.09412775933742501,0.8919541239738461,0.8919541239738461,0.697020351886749,0.009382509626448,0.0045356513001020005,0.8919541239738461,0.09412775933742501
8839,lod-lille-0.6b,bn,D-lit,D,B,3,B,0,1,0.013647068291902001,0.949323296546936,0.949323296546936,0.7976585626602171,0.020966850221157,0.949323296546936,0.016062773764133002,0.013647068291902001
8841,lod-lille-0.6b,bn,D-lit,A,B,0,B,0,1,0.025954471901059,0.922795534133911,0.922795534133911,0.8391752243041991,0.025954471901059,0.922795534133911,0.034754127264022,0.016495961695909
8842,lod-lille-0.6b,bn,D-lit,B,C,1,C,0,1,0.173651963472366,0.558404326438903,0.558404326438903,0.31910446286201405,0.179052680730819,0.173651963472366,0.558404326438903,0.088891066610813
8846,lod-lille-0.6b,bn,D-lit,A,B,0,B,0,1,0.340576887130737,0.39026081562042203,0.39026081562042203,0.17605054378509502,0.340576887130737,0.39026081562042203,0.126615926623344,0.14254632592201202
8847,lod-lille-0.6b,bn,D-lit,D,C,3,C,0,1,0.008259193040430001,0.901802003383636,0.901802003383636,0.740591168403625,0.07868349552154501,0.011255358345806,0.901802003383636,0.008259193040430001
8853,lod-lille-0.6b,bn,D-lit,C,A,2,A,0,1,0.22642825543880402,0.706850469112396,0.706850469112396,0.5379367470741271,0.706850469112396,0.039529379457235,0.22642825543880402,0.027191970497369003
8858,lod-lille-0.6b,bn,D-lit,C,B,2,B,0,1,0.20891246199607802,0.512209296226501,0.512209296226501,0.26569771766662603,0.15757696330547302,0.512209296226501,0.20891246199607802,0.12130126357078501
8860,lod-lille-0.6b,bn,D-lit,B,C,1,C,0,1,0.38182136416435203,0.46884760260581904,0.46884760260581904,0.194170042872428,0.07468140870332701,0.38182136416435203,0.46884760260581904,0.07464955747127501
8863,lod-lille-0.6b,bn,D-lit,A,C,0,C,0,1,0.2368925511837,0.6965422630310051,0.6965422630310051,0.635219871997833,0.2368925511837,0.043120555579662004,0.6965422630310051,0.023444624617695003
8867,lod-lille-0.6b,bn,D-lit,A,B,0,B,0,1,0.061058584600687006,0.9192447066307061,0.9192447066307061,0.79168027639389,0.061058584600687006,0.9192447066307061,0.014295649714767001,0.005401152186095001
8868,lod-lille-0.6b,bn,D-lit,A,C,0,C,0,1,0.048544261604547,0.8826959133148191,0.8826959133148191,0.7377884387969971,0.048544261604547,0.044147573411464004,0.8826959133148191,0.024612238630652
8869,lod-lille-0.6b,bn,D-lit,C,A,2,A,0,1,0.006607503164559001,0.9636479020118711,0.9636479020118711,0.9246808886528011,0.9636479020118711,0.008572001941502,0.006607503164559001,0.021172562614083002
8870,lod-lille-0.6b,bn,D-lit,B,A,1,A,0,1,0.35064572095870905,0.566156148910522,0.566156148910522,0.38603639602661105,0.566156148910522,0.35064572095870905,0.025030003860592002,0.058168105781078006
8872,lod-lille-0.6b,bn,D-lit,A,B,0,B,0,1,0.18250845372676802,0.686043500900268,0.686043500900268,0.573366284370422,0.18250845372676802,0.686043500900268,0.093973591923713,0.037474486976861
8877,lod-lille-0.6b,bn,D-lit,C,B,2,B,0,1,0.17934301495552002,0.808201253414154,0.808201253414154,0.640921473503112,0.007383302785456,0.808201253414154,0.17934301495552002,0.005072394385933
8886,lod-lille-0.6b,bn,D-lit,B,C,1,C,0,1,0.036359500139951005,0.8183956742286681,0.8183956742286681,0.644408762454986,0.042742241173982,0.036359500139951005,0.8183956742286681,0.102502509951591
8890,lod-lille-0.6b,bn,D-lit,C,A,2,A,0,1,0.334211379289627,0.48975747823715204,0.48975747823715204,0.294473379850387,0.48975747823715204,0.154667094349861,0.334211379289627,0.021364053711295003
8893,lod-lille-0.6b,bn,D-lit,D,B,3,B,0,1,0.21294890344142903,0.7171217203140251,0.7171217203140251,0.522601187229156,0.046296894550323,0.7171217203140251,0.023632569238543,0.21294890344142903
8896,lod-lille-0.6b,bn,D-lit,D,C,3,D,1,0,0.5440984964370721,0.212472930550575,0.5440984964370721,0.472146600484848,0.164669767022132,0.078758798539638,0.212472930550575,0.5440984964370721
8899,lod-lille-0.6b,bn,D-lit,D,C,3,C,0,1,0.27552276849746704,0.489135324954986,0.489135324954986,0.395641714334487,0.07248082011938001,0.162861049175262,0.489135324954986,0.27552276849746704
8906,lod-lille-0.6b,bn,D-lit,D,B,3,B,0,1,0.055942676961421,0.8238670229911801,0.8238670229911801,0.6402840614318841,0.047182645648717006,0.8238670229911801,0.073007695376873,0.055942676961421
8913,lod-lille-0.6b,bn,D-lit,D,A,3,A,0,1,0.227346628904342,0.416406542062759,0.416406542062759,0.19138841331005002,0.416406542062759,0.15253275632858201,0.20371413230895902,0.227346628904342
8920,lod-lille-0.6b,bn,D-lit,C,A,2,A,0,1,0.25408819317817605,0.669584870338439,0.669584870338439,0.522201776504516,0.669584870338439,0.040414717048406004,0.25408819317817605,0.035912290215492006
8922,lod-lille-0.6b,bn,D-lit,C,D,2,D,0,1,0.006217312533408,0.9614398479461671,0.9614398479461671,0.8486586213111871,0.022417856380343,0.009924942627549001,0.006217312533408,0.9614398479461671
8929,lod-lille-0.6b,bn,D-lit,A,B,0,B,0,1,0.057797186076641006,0.9022251367568971,0.9022251367568971,0.717050850391387,0.057797186076641006,0.9022251367568971,0.030989648774266004,0.008988045156002001
8930,lod-lille-0.6b,bn,D-lit,C,D,2,D,0,1,0.00863204523921,0.9617599844932551,0.9617599844932551,0.7916270494461061,0.008873405866324001,0.020734546706080003,0.00863204523921,0.9617599844932551
8934,lod-lille-0.6b,bn,D-lit,C,B,2,B,0,1,0.045735515654087004,0.9047738313674921,0.9047738313674921,0.775470852851867,0.026481490582227003,0.9047738313674921,0.045735515654087004,0.023009164258837003
8936,lod-lille-0.6b,bn,D-lit,A,B,0,B,0,1,0.01698781363666,0.9689149856567381,0.9689149856567381,0.8520321846008301,0.01698781363666,0.9689149856567381,0.008042283356189001,0.006054912228137001
8938,lod-lille-0.6b,bn,D-lit,B,C,1,C,0,1,0.052626453340053,0.9241635799407951,0.9241635799407951,0.7381434440612791,0.00863451231271,0.052626453340053,0.9241635799407951,0.014575451612472002
8939,lod-lille-0.6b,bn,D-lit,D,B,3,B,0,1,0.002229470293968,0.994483649730682,0.994483649730682,0.9006848931312561,0.001246466999873,0.994483649730682,0.002040330786257,0.002229470293968
8941,lod-lille-0.6b,bn,D-lit,C,A,2,A,0,1,0.010576539672911,0.9565163254737851,0.9565163254737851,0.7865691781044001,0.9565163254737851,0.022938337177038002,0.010576539672911,0.009968734346330001
8942,lod-lille-0.6b,bn,D-lit,D,B,3,B,0,1,0.010973147116601,0.9597671627998351,0.9597671627998351,0.8299955129623411,0.019479354843497002,0.9597671627998351,0.009780380874872001,0.010973147116601
8943,lod-lille-0.6b,bn,D-lit,D,C,3,C,0,1,0.06265316158533,0.7949197292327881,0.7949197292327881,0.668400406837463,0.072158440947532,0.07026862353086401,0.7949197292327881,0.06265316158533
8946,lod-lille-0.6b,bn,D-lit,C,A,2,A,0,1,0.12128420919179901,0.592891454696655,0.592891454696655,0.500838220119476,0.592891454696655,0.22068804502487102,0.12128420919179901,0.065136276185512
8949,lod-lille-0.6b,bn,D-lit,D,B,3,D,1,0,0.411430954933166,0.383892476558685,0.411430954933166,0.18021397292613903,0.11222703009843801,0.383892476558685,0.092449538409709,0.411430954933166
8950,lod-lille-0.6b,bn,D-lit,D,C,3,C,0,1,0.009852440096437001,0.9487368464469911,0.9487368464469911,0.8669335842132561,0.014224966987967002,0.027185801416635003,0.9487368464469911,0.009852440096437001
8951,lod-lille-0.6b,bn,D-lit,C,A,2,A,0,1,0.029518948867917002,0.86637395620346,0.86637395620346,0.693808853626251,0.86637395620346,0.053508680313825004,0.029518948867917002,0.050598438829183
8952,lod-lille-0.6b,bn,D-lit,D,B,3,B,0,1,0.169610887765884,0.594861805438995,0.594861805438995,0.47628977894783003,0.055389884859323,0.594861805438995,0.180137410759925,0.169610887765884
8953,lod-lille-0.6b,bn,D-lit,B,C,1,C,0,1,0.093034818768501,0.874000430107116,0.874000430107116,0.690787553787231,0.021330403164029,0.093034818768501,0.874000430107116,0.011634344235062
8957,lod-lille-0.6b,bn,D-lit,B,C,1,C,0,1,0.088261701166629,0.717271029949188,0.717271029949188,0.504296839237213,0.11766648292541501,0.088261701166629,0.717271029949188,0.076800808310508
8968,lod-lille-0.6b,bn,D-lit,A,C,0,A,1,0,0.371132165193557,0.332763612270355,0.371132165193557,0.22370348870754203,0.371132165193557,0.11601115018129302,0.332763612270355,0.180093064904212
8969,lod-lille-0.6b,bn,D-lit,C,B,2,B,0,1,0.233604997396469,0.488857775926589,0.488857775926589,0.359737783670425,0.15055021643638603,0.488857775926589,0.233604997396469,0.126986965537071
8971,lod-lille-0.6b,bn,D-lit,D,B,3,B,0,1,0.23332569003105103,0.484574228525161,0.484574228525161,0.21916136145591703,0.19332574307918501,0.484574228525161,0.08877436816692301,0.23332569003105103
8973,lod-lille-0.6b,bn,D-lit,D,B,3,B,0,1,0.060712687671184006,0.7463086247444151,0.7463086247444151,0.5349292755126951,0.11245844513177801,0.7463086247444151,0.080520257353782,0.060712687671184006
8974,lod-lille-0.6b,bn,D-lit,D,A,3,A,0,1,0.28879237174987704,0.482639133930206,0.482639133930206,0.29991719126701305,0.482639133930206,0.133968546986579,0.094599969685077,0.28879237174987704
8977,lod-lille-0.6b,bn,D-lit,A,C,0,C,0,1,0.27708050608634904,0.587143719196319,0.587143719196319,0.40456467866897505,0.27708050608634904,0.102113187313079,0.587143719196319,0.033662538975477004
8979,lod-lille-0.6b,bn,D-lit,C,D,2,D,0,1,0.010360887274146,0.9439622163772581,0.9439622163772581,0.898846864700317,0.020524244755506002,0.025152603164315,0.010360887274146,0.9439622163772581
8985,lod-lille-0.6b,bn,D-lit,A,B,0,B,0,1,0.009170368313789,0.9741774797439571,0.9741774797439571,0.8319507241249081,0.009170368313789,0.9741774797439571,0.009427393786609001,0.007224753033369001
8999,lod-lille-0.6b,bn,D-lit,A,B,0,B,0,1,0.032337725162506,0.96269690990448,0.96269690990448,0.8798197507858271,0.032337725162506,0.96269690990448,0.004106460604816,0.0008588884957130001
9000,lod-lille-0.6b,bn,D-lit,C,B,2,B,0,1,0.007500075269490001,0.9767745137214661,0.9767745137214661,0.8565313816070551,0.011993890628218,0.9767745137214661,0.007500075269490001,0.0037314598448570002
9001,lod-lille-0.6b,bn,D-lit,D,B,3,B,0,1,0.016351228579878002,0.9747456908226011,0.9747456908226011,0.833464622497558,0.005774477496743,0.9747456908226011,0.00312855374068,0.016351228579878002
9002,lod-lille-0.6b,bn,D-lit,D,B,3,B,0,1,0.0364545956254,0.9101204872131341,0.9101204872131341,0.6822347044944761,0.033505994826555,0.9101204872131341,0.019918927922844002,0.0364545956254
9003,lod-lille-0.6b,bn,D-lit,D,B,3,B,0,1,0.007222862914204001,0.9802225232124321,0.9802225232124321,0.8686132431030271,0.006434950977563,0.9802225232124321,0.006119654513895001,0.007222862914204001
9004,lod-lille-0.6b,bn,D-lit,A,D,0,D,0,1,0.22416751086711803,0.40013960003852805,0.40013960003852805,0.219122841954231,0.22416751086711803,0.11227723956108,0.26341566443443304,0.40013960003852805
9009,lod-lille-0.6b,bn,D-lit,B,C,1,C,0,1,0.0031696297228330002,0.9931223988533021,0.9931223988533021,0.8783818483352661,0.003042149590328,0.0031696297228330002,0.9931223988533021,0.0006658154306930001
9011,lod-lille-0.6b,bn,D-lit,B,A,1,A,0,1,0.042701087892055005,0.9485371112823481,0.9485371112823481,0.8577498197555541,0.9485371112823481,0.042701087892055005,0.003133257385343,0.005628536455333
9012,lod-lille-0.6b,bn,D-lit,C,A,2,A,0,1,0.297962188720703,0.5672611594200131,0.5672611594200131,0.306940078735351,0.5672611594200131,0.06737116724252701,0.297962188720703,0.06740553677082001
9022,lod-lille-0.6b,bn,D-lit,D,A,3,A,0,1,0.020984720438718,0.9440864920616151,0.9440864920616151,0.7477734684944151,0.9440864920616151,0.013438056223094,0.021490717306733003,0.020984720438718
9023,lod-lille-0.6b,bn,D-lit,C,B,2,B,0,1,0.048602011054754,0.8576548695564271,0.8576548695564271,0.738182961940765,0.035454150289297,0.8576548695564271,0.048602011054754,0.058288998901844004
9024,lod-lille-0.6b,bn,D-lit,A,D,0,D,0,1,0.145986899733543,0.797237455844879,0.797237455844879,0.6545304656028741,0.145986899733543,0.025096261873841,0.031679462641477,0.797237455844879
9026,lod-lille-0.6b,bn,D-lit,C,A,2,A,0,1,0.015392251312732001,0.9754037857055661,0.9754037857055661,0.8713743686676021,0.9754037857055661,0.0018526570638640002,0.015392251312732001,0.007351258769631001
9029,lod-lille-0.6b,bn,D-lit,D,C,3,C,0,1,0.006001927424222,0.966143906116485,0.966143906116485,0.806831538677215,0.019068544730544,0.008785597048699,0.966143906116485,0.006001927424222
9032,lod-lille-0.6b,bn,D-lit,D,C,3,C,0,1,0.30427470803260803,0.34046664834022505,0.34046664834022505,0.18005846440792,0.160980850458145,0.19427776336669902,0.34046664834022505,0.30427470803260803
9039,lod-lille-0.6b,bn,D-lit,D,C,3,C,0,1,0.045954372733831,0.856147289276123,0.856147289276123,0.741604685783386,0.024323057383298003,0.07357528060674601,0.856147289276123,0.045954372733831
9041,lod-lille-0.6b,bn,D-lit,C,D,2,D,0,1,0.015102231875061002,0.8951920866966241,0.8951920866966241,0.64625346660614,0.027893580496311004,0.061812121421098,0.015102231875061002,0.8951920866966241
9049,lod-lille-0.6b,bn,D-lit,D,A,3,A,0,1,0.143732249736785,0.8058032989501951,0.8058032989501951,0.6096952557563781,0.8058032989501951,0.027834625914692,0.022629795596003,0.143732249736785
9052,lod-lille-0.6b,bn,D-lit,D,B,3,B,0,1,0.350011438131332,0.389627456665039,0.389627456665039,0.20648616552352902,0.15176062285900102,0.389627456665039,0.108600534498691,0.350011438131332
9054,lod-lille-0.6b,bn,D-lit,A,D,0,A,1,0,0.28809505701065,0.256999611854553,0.28809505701065,0.164278820157051,0.28809505701065,0.21210439503192902,0.24280095100402802,0.256999611854553
9057,lod-lille-0.6b,bn,D-lit,B,C,1,C,0,1,0.065964736044406,0.8614814877510071,0.8614814877510071,0.683105170726776,0.027182299643754,0.065964736044406,0.8614814877510071,0.045371402055025004
9058,lod-lille-0.6b,bn,D-lit,A,D,0,B,0,0,0.28929060697555503,0.269678056240081,0.34039333462715105,0.18669833242893202,0.28929060697555503,0.34039333462715105,0.10063796490430801,0.269678056240081
9059,lod-lille-0.6b,bn,D-lit,D,B,3,B,0,1,0.005153123755007,0.9820554852485651,0.9820554852485651,0.8791257143020631,0.007901865988969001,0.9820554852485651,0.004889534320682,0.005153123755007
9060,lod-lille-0.6b,bn,D-lit,C,B,2,B,0,1,0.07721884548664,0.870992958545684,0.870992958545684,0.643124341964721,0.037236277014017,0.870992958545684,0.07721884548664,0.014551956206560001
9062,lod-lille-0.6b,bn,D-lit,D,A,3,A,0,1,0.020693082362413,0.929250597953796,0.929250597953796,0.730529606342315,0.929250597953796,0.030367521569132003,0.019688708707690003,0.020693082362413
9063,lod-lille-0.6b,bn,D-lit,B,C,1,A,0,0,0.240685060620307,0.29582509398460305,0.31147655844688404,0.172569930553436,0.31147655844688404,0.240685060620307,0.29582509398460305,0.15201327204704201
9073,lod-lille-0.6b,bn,D-lit,B,C,1,C,0,1,0.028185699135065002,0.9528761506080621,0.9528761506080621,0.785527288913726,0.009038454852998,0.028185699135065002,0.9528761506080621,0.009899681434035001
9076,lod-lille-0.6b,bn,D-lit,D,C,3,C,0,1,0.10609483718872001,0.8536527156829831,0.8536527156829831,0.741079926490783,0.018881168216466,0.021371323615312,0.8536527156829831,0.10609483718872001
9077,lod-lille-0.6b,bn,D-lit,B,A,1,A,0,1,0.09460005164146401,0.8504893779754631,0.8504893779754631,0.648792266845703,0.8504893779754631,0.09460005164146401,0.026309080421924,0.028601424768567002
9086,lod-lille-0.6b,bn,D-lit,A,D,0,D,0,1,0.061907783150672004,0.9281311631202691,0.9281311631202691,0.8282912969589231,0.061907783150672004,0.004117971286177,0.005843057762831,0.9281311631202691
9090,lod-lille-0.6b,bn,D-lit,D,C,3,C,0,1,0.26149186491966203,0.5076604485511781,0.5076604485511781,0.31368288397789,0.165607064962387,0.065240606665611,0.5076604485511781,0.26149186491966203
9091,lod-lille-0.6b,bn,D-lit,C,D,2,D,0,1,0.0034643842373040003,0.9908844828605651,0.9908844828605651,0.9017553329467771,0.0025431979447600003,0.003107871627435,0.0034643842373040003,0.9908844828605651
9109,lod-lille-0.6b,bn,D-lit,D,A,3,A,0,1,0.012489918619394,0.967181503772735,0.967181503772735,0.7880646586418151,0.967181503772735,0.007542271167039,0.012786279432475001,0.012489918619394
9113,lod-lille-0.6b,bn,D-lit,B,C,1,C,0,1,0.07224729657173101,0.8290246725082391,0.8290246725082391,0.642519414424896,0.049566663801670005,0.07224729657173101,0.8290246725082391,0.049161341041326
9116,lod-lille-0.6b,bn,D-lit,D,A,3,A,0,1,0.005762822460383001,0.9822553396224971,0.9822553396224971,0.8366919159889221,0.9822553396224971,0.007811358198523001,0.0041704145260150005,0.005762822460383001
9122,lod-lille-0.6b,bn,D-lit,C,A,2,A,0,1,0.002689960878342,0.9919137954711911,0.9919137954711911,0.8850488662719721,0.9919137954711911,0.004308014642447001,0.002689960878342,0.0010882177157320002
9129,lod-lille-0.6b,bn,D-lit,D,C,3,C,0,1,0.143966361880302,0.815942466259002,0.815942466259002,0.7240166068077081,0.015561581589281,0.024529568850994003,0.815942466259002,0.143966361880302
9131,lod-lille-0.6b,bn,D-lit,C,A,2,A,0,1,0.033418513834476006,0.9398949146270751,0.9398949146270751,0.7752199172973631,0.9398949146270751,0.017532350495457,0.033418513834476006,0.009154258295893001
9134,lod-lille-0.6b,bn,D-lit,B,A,1,A,0,1,0.0013206029543650002,0.991126477718353,0.991126477718353,0.9109969139099121,0.991126477718353,0.0013206029543650002,0.004858998116105,0.002693953923881
9137,lod-lille-0.6b,bn,D-lit,A,B,0,B,0,1,0.065406739711761,0.8629791736602781,0.8629791736602781,0.710141122341156,0.065406739711761,0.8629791736602781,0.030664656311273002,0.040949437767267005
9141,lod-lille-0.6b,bn,D-lit,B,D,1,D,0,1,0.017367044463753003,0.948007881641387,0.948007881641387,0.816930055618286,0.019540984183549003,0.017367044463753003,0.015084118582308001,0.948007881641387
9142,lod-lille-0.6b,bn,D-lit,C,D,2,D,0,1,0.005436683539301,0.970699548721313,0.970699548721313,0.828698575496673,0.014566229656338001,0.009297477081418001,0.005436683539301,0.970699548721313
9145,lod-lille-0.6b,bn,D-lit,B,A,1,A,0,1,0.0016477140597990002,0.987156510353088,0.987156510353088,0.84824913740158,0.987156510353088,0.0016477140597990002,0.004462704993784,0.006733054760843
9147,lod-lille-0.6b,bn,D-lit,B,C,1,C,0,1,0.02740080282092,0.9127590656280511,0.9127590656280511,0.78746885061264,0.035265754908323,0.02740080282092,0.9127590656280511,0.024574397131800003
9148,lod-lille-0.6b,bn,D-lit,C,B,2,B,0,1,0.028404315933585004,0.905547320842742,0.905547320842742,0.683373510837554,0.039889581501483,0.905547320842742,0.028404315933585004,0.026158802211284003
9154,lod-lille-0.6b,bn,D-lit,A,D,0,D,0,1,0.16602678596973403,0.48376616835594105,0.48376616835594105,0.32254481315612704,0.16602678596973403,0.21030913293361603,0.139897972345352,0.48376616835594105
9155,lod-lille-0.6b,bn,D-lit,D,A,3,A,0,1,0.23577553033828702,0.6824094057083131,0.6824094057083131,0.461530685424804,0.6824094057083131,0.059166904538869004,0.022648086771368002,0.23577553033828702
9157,lod-lille-0.6b,bn,D-lit,C,D,2,D,0,1,0.046385645866394,0.937637567520141,0.937637567520141,0.788229405879974,0.011075302958488001,0.004901548381894,0.046385645866394,0.937637567520141
9159,lod-lille-0.6b,bn,D-lit,B,D,1,D,0,1,0.07648104429244901,0.87627774477005,0.87627774477005,0.657342016696929,0.026005445048213,0.07648104429244901,0.021235723048448,0.87627774477005
9160,lod-lille-0.6b,bn,D-lit,C,A,2,A,0,1,0.170076966285705,0.7616717815399171,0.7616717815399171,0.623911261558532,0.7616717815399171,0.024574184790253,0.170076966285705,0.043677147477865004
9162,lod-lille-0.6b,bn,D-lit,B,D,1,D,0,1,0.22134906053543002,0.5573151111602781,0.5573151111602781,0.37878432869911105,0.110281825065612,0.22134906053543002,0.11105392873287201,0.5573151111602781
9163,lod-lille-0.6b,bn,D-lit,D,C,3,C,0,1,0.08727519214153201,0.82417893409729,0.82417893409729,0.609259903430938,0.024075036868453,0.064470812678337,0.82417893409729,0.08727519214153201
9164,lod-lille-0.6b,bn,D-lit,A,D,0,D,0,1,0.029975706711411,0.9485250711441041,0.9485250711441041,0.7976696491241451,0.029975706711411,0.010466613806784,0.011032598093152001,0.9485250711441041
9166,lod-lille-0.6b,bn,D-lit,A,D,0,D,0,1,0.015897627919912,0.9231260418891901,0.9231260418891901,0.7377381920814511,0.015897627919912,0.026765409857034003,0.034210950136184005,0.9231260418891901
9173,lod-lille-0.6b,bn,D-lit,B,C,1,C,0,1,0.012860882095992001,0.9788635373115541,0.9788635373115541,0.8659750223159791,0.004773057065904,0.012860882095992001,0.9788635373115541,0.003502559382468
9175,lod-lille-0.6b,bn,D-lit,D,B,3,B,0,1,0.044225592166185004,0.881512880325317,0.881512880325317,0.737808763980865,0.041922740638256004,0.881512880325317,0.032338827848434004,0.044225592166185004
9176,lod-lille-0.6b,bn,D-lit,B,C,1,C,0,1,0.025508757680654002,0.9121148586273191,0.9121148586273191,0.7271071672439571,0.020622923970222,0.025508757680654002,0.9121148586273191,0.041753560304641
9191,lod-lille-0.6b,bn,D-lit,D,B,3,B,0,1,0.131043091416358,0.352966219186782,0.352966219186782,0.18373060226440402,0.27189424633979803,0.352966219186782,0.24409638345241502,0.131043091416358
9192,lod-lille-0.6b,bn,D-lit,C,A,2,A,0,1,0.042099308222532,0.8984822034835811,0.8984822034835811,0.6783508062362671,0.8984822034835811,0.022492052987217,0.042099308222532,0.036926385015249
9194,lod-lille-0.6b,bn,D-lit,D,A,3,A,0,1,0.017128448933362,0.9643666744232171,0.9643666744232171,0.8168448805809021,0.9643666744232171,0.008295477367937001,0.010209377855062,0.017128448933362
9196,lod-lille-0.6b,bn,D-lit,C,B,2,B,0,1,0.004031684249639,0.990247130393981,0.990247130393981,0.857126832008361,0.004442770965397001,0.990247130393981,0.004031684249639,0.0012784458231180002
9211,lod-lille-0.6b,bn,D-lit,A,C,0,C,0,1,0.013680169358849002,0.954452991485595,0.954452991485595,0.821324586868286,0.013680169358849002,0.017604500055313003,0.954452991485595,0.014262325130403002
9212,lod-lille-0.6b,bn,D-lit,A,C,0,C,0,1,0.056289292871952,0.778605043888092,0.778605043888092,0.600469172000885,0.056289292871952,0.09368845075368801,0.778605043888092,0.071417272090911
9215,lod-lille-0.6b,bn,D-lit,B,D,1,D,0,1,0.018396468833088,0.9716685414314271,0.9716685414314271,0.8570481538772581,0.0030500802677120003,0.018396468833088,0.006884958595037001,0.9716685414314271
9216,lod-lille-0.6b,bn,D-lit,D,C,3,C,0,1,0.46724501252174305,0.5093446969985961,0.5093446969985961,0.28134214878082203,0.015364330261945001,0.008045998401939,0.5093446969985961,0.46724501252174305
9218,lod-lille-0.6b,bn,D-lit,B,D,1,D,0,1,0.008306703530251001,0.9817782640457151,0.9817782640457151,0.8264638185501091,0.0057073119096450005,0.008306703530251001,0.004207679536193,0.9817782640457151
9224,lod-lille-0.6b,bn,D-lit,A,C,0,C,0,1,0.021054351702332,0.9316307306289671,0.9316307306289671,0.7674286961555481,0.021054351702332,0.025703333318233,0.9316307306289671,0.021611616015434
9226,lod-lille-0.6b,bn,D-lit,D,C,3,C,0,1,0.323631346225738,0.5784837007522581,0.5784837007522581,0.373616427183151,0.041283875703811,0.056601047515869,0.5784837007522581,0.323631346225738
9237,lod-lille-0.6b,bn,D-lit,B,D,1,D,0,1,0.014798696152865002,0.956968963146209,0.956968963146209,0.7797170281410211,0.015288513153791001,0.014798696152865002,0.012943825684487001,0.956968963146209
9244,lod-lille-0.6b,bn,D-lit,B,C,1,D,0,0,0.108742013573646,0.30766862630844105,0.499851018190383,0.21148435771465302,0.08373827487230301,0.108742013573646,0.30766862630844105,0.499851018190383
9245,lod-lille-0.6b,bn,D-lit,B,C,1,C,0,1,0.28127145767211903,0.456441104412078,0.456441104412078,0.2192372828722,0.18452832102775502,0.28127145767211903,0.456441104412078,0.07775919884443201
9249,lod-lille-0.6b,bn,D-lit,C,D,2,D,0,1,0.050110321491956,0.942867338657379,0.942867338657379,0.7806734442710871,0.0039914781227700005,0.0030308072455220002,0.050110321491956,0.942867338657379
9256,lod-lille-0.6b,bn,D-lit,B,A,1,A,0,1,0.047211989760398004,0.800095200538635,0.800095200538635,0.562643766403198,0.800095200538635,0.047211989760398004,0.083993315696716,0.068699426949024
9258,lod-lille-0.6b,bn,D-lit,C,D,2,D,0,1,0.030371062457561004,0.806837320327758,0.806837320327758,0.493162363767623,0.100510247051715,0.062281381338834006,0.030371062457561004,0.806837320327758
9266,lod-lille-0.6b,bn,D-lit,C,A,2,A,0,1,0.020081564784049002,0.885391473770141,0.885391473770141,0.729150116443634,0.885391473770141,0.027598917484283003,0.020081564784049002,0.06692799925804101
9267,lod-lille-0.6b,bn,D-lit,C,B,2,B,0,1,0.19627866148948603,0.558110237121582,0.558110237121582,0.390187680721282,0.14325866103172302,0.558110237121582,0.19627866148948603,0.10235246270895
9268,lod-lille-0.6b,bn,D-lit,C,B,2,B,0,1,0.034996170550584,0.942237317562103,0.942237317562103,0.7388612627983091,0.011632281355559,0.942237317562103,0.034996170550584,0.011134142056107
9273,lod-lille-0.6b,bn,D-lit,D,C,3,C,0,1,0.062041223049163007,0.836427450180053,0.836427450180053,0.554756343364715,0.048814546316862,0.052716773003339004,0.836427450180053,0.062041223049163007
9274,lod-lille-0.6b,bn,D-lit,A,B,0,B,0,1,0.150033861398696,0.6512821316719051,0.6512821316719051,0.44979324936866705,0.150033861398696,0.6512821316719051,0.11976841837167701,0.078915581107139
9275,lod-lille-0.6b,bn,D-lit,C,D,2,D,0,1,0.24159447848796803,0.680211126804351,0.680211126804351,0.39656072854995705,0.049006301909685,0.029188053682446,0.24159447848796803,0.680211126804351
9282,lod-lille-0.6b,bn,D-lit,D,B,3,B,0,1,0.159434914588928,0.7381619811058041,0.7381619811058041,0.533824622631073,0.052970848977565,0.7381619811058041,0.049432232975959,0.159434914588928
9285,lod-lille-0.6b,bn,D-lit,D,C,3,C,0,1,0.013365233317017002,0.951506316661834,0.951506316661834,0.80403983592987,0.011792501434683002,0.023335970938205,0.951506316661834,0.013365233317017002
9286,lod-lille-0.6b,bn,D-lit,B,C,1,C,0,1,0.180833801627159,0.7489190101623531,0.7489190101623531,0.509526431560516,0.046865597367286,0.180833801627159,0.7489190101623531,0.023381633684039
9287,lod-lille-0.6b,bn,D-lit,A,B,0,B,0,1,0.291912913322448,0.668873012065887,0.668873012065887,0.5408805012702941,0.291912913322448,0.668873012065887,0.022655010223388002,0.016559105366468003
9288,lod-lille-0.6b,bn,D-lit,D,A,3,B,0,0,0.241520136594772,0.297731637954711,0.32020092010498,0.17258408665657002,0.297731637954711,0.32020092010498,0.140547335147857,0.241520136594772
9290,lod-lille-0.6b,bn,D-lit,C,B,2,B,0,1,0.0071135801263150005,0.9789096713066101,0.9789096713066101,0.8425273299217221,0.005467902403324,0.9789096713066101,0.0071135801263150005,0.008508848957717
9291,lod-lille-0.6b,bn,D-lit,A,D,0,D,0,1,0.0034374992828810004,0.98800128698349,0.98800128698349,0.8598501086235041,0.0034374992828810004,0.00436947774142,0.004191709216684001,0.98800128698349
9292,lod-lille-0.6b,bn,D-lit,C,B,2,B,0,1,0.000500931579153,0.9970631003379821,0.9970631003379821,0.9333633780479431,0.000706544611603,0.9970631003379821,0.000500931579153,0.0017293639248230001
9293,lod-lille-0.6b,bn,D-lit,B,A,1,A,0,1,0.006473259069025,0.9653722643852231,0.9653722643852231,0.8475036621093751,0.9653722643852231,0.006473259069025,0.018219782039523,0.009934730827808
9294,lod-lille-0.6b,bn,D-lit,A,B,0,B,0,1,0.023773290216922,0.917676866054534,0.917676866054534,0.7096034288406371,0.023773290216922,0.917676866054534,0.041498914361000006,0.017050955444574002
9296,lod-lille-0.6b,bn,D-lit,A,C,0,C,0,1,0.0062649073079220005,0.9848327040672301,0.9848327040672301,0.8763289451599121,0.0062649073079220005,0.004906090907752,0.9848327040672301,0.003996341489255001
9297,lod-lille-0.6b,bn,D-lit,A,C,0,C,0,1,0.0027066869661210003,0.9897657036781311,0.9897657036781311,0.8769153356552121,0.0027066869661210003,0.003244204213842,0.9897657036781311,0.00428342167288
9298,lod-lille-0.6b,bn,D-lit,D,B,3,B,0,1,0.030407423153519002,0.902442395687103,0.902442395687103,0.768998444080352,0.048289865255355,0.902442395687103,0.018860334530472003,0.030407423153519002
9301,lod-lille-0.6b,bn,D-lit,A,C,0,C,0,1,0.09705353528261101,0.6225211024284361,0.6225211024284361,0.400347143411636,0.09705353528261101,0.121615901589393,0.6225211024284361,0.15880945324897702
9302,lod-lille-0.6b,bn,D-lit,C,D,2,D,0,1,0.005714555736631001,0.9843728542327881,0.9843728542327881,0.849913597106933,0.007819367572665001,0.0020932417828580002,0.005714555736631001,0.9843728542327881
9305,lod-lille-0.6b,bn,D-lit,B,D,1,D,0,1,0.07307969033718101,0.917415738105773,0.917415738105773,0.819332003593444,0.005398593377321,0.07307969033718101,0.004105973988771001,0.917415738105773
9307,lod-lille-0.6b,bn,D-lit,C,A,2,A,0,1,0.09251273423433301,0.896067559719085,0.896067559719085,0.7518849968910211,0.896067559719085,0.0069554951041930005,0.09251273423433301,0.00446426263079
9308,lod-lille-0.6b,bn,D-lit,D,C,3,C,0,1,0.015334691852331002,0.94801926612854,0.94801926612854,0.7630656361579891,0.024846835061907,0.01179916691035,0.94801926612854,0.015334691852331002
9316,lod-lille-0.6b,bn,D-lit,D,C,3,C,0,1,0.012806340120732,0.9745184183120721,0.9745184183120721,0.8099874854087831,0.0034278959501530004,0.009247370995581001,0.9745184183120721,0.012806340120732
9320,lod-lille-0.6b,bn,D-lit,C,B,2,B,0,1,0.321379989385604,0.6534491777420041,0.6534491777420041,0.5525858402252191,0.014004333876073001,0.6534491777420041,0.321379989385604,0.011166521348059
9321,lod-lille-0.6b,bn,D-lit,A,B,0,B,0,1,0.044933754950761004,0.9374589920043941,0.9374589920043941,0.8095239996910091,0.044933754950761004,0.9374589920043941,0.006719485856592,0.010887783952057
9322,lod-lille-0.6b,bn,D-lit,B,D,1,D,0,1,0.036528654396533,0.9167459607124321,0.9167459607124321,0.745804369449615,0.032112319022417,0.036528654396533,0.014613083563745001,0.9167459607124321
9330,lod-lille-0.6b,bn,D-lit,A,C,0,C,0,1,0.32609444856643605,0.6630506515502931,0.6630506515502931,0.522810459136962,0.32609444856643605,0.008055350743234001,0.6630506515502931,0.0027995333075520002
9332,lod-lille-0.6b,bn,D-lit,A,C,0,C,0,1,0.05528781190514501,0.9129502773284911,0.9129502773284911,0.74024760723114,0.05528781190514501,0.022784795612096002,0.9129502773284911,0.008977074176073001
9333,lod-lille-0.6b,bn,D-lit,A,B,0,B,0,1,0.018906181678175,0.9632924795150751,0.9632924795150751,0.804040133953094,0.018906181678175,0.9632924795150751,0.0066958302631970005,0.011105481535196
9334,lod-lille-0.6b,bn,D-lit,C,B,2,B,0,1,0.023418329656124,0.937665402889251,0.937665402889251,0.788326382637023,0.020657485350966003,0.937665402889251,0.023418329656124,0.018258782103657
9335,lod-lille-0.6b,bn,D-lit,D,A,3,A,0,1,0.012104714289307001,0.9602535367012021,0.9602535367012021,0.807100713253021,0.9602535367012021,0.010054099373519,0.017587589100003003,0.012104714289307001
9336,lod-lille-0.6b,bn,D-lit,A,B,0,B,0,1,0.005880968179553,0.9840197563171381,0.9840197563171381,0.858616292476654,0.005880968179553,0.9840197563171381,0.004635006655007001,0.005464243236929
9338,lod-lille-0.6b,bn,D-lit,B,A,1,A,0,1,0.002917711855843,0.989789903163909,0.989789903163909,0.858034610748291,0.989789903163909,0.002917711855843,0.004445630591362,0.002846737159416
9339,lod-lille-0.6b,bn,D-lit,D,B,3,B,0,1,0.0065776016563170005,0.981300055980682,0.981300055980682,0.8519538044929501,0.006033981684595,0.981300055980682,0.006088441703468001,0.0065776016563170005
9340,lod-lille-0.6b,bn,D-lit,B,D,1,D,0,1,0.078110300004482,0.7244189977645871,0.7244189977645871,0.44695404171943603,0.10627521574497201,0.078110300004482,0.091195531189441,0.7244189977645871
9342,lod-lille-0.6b,bn,D-lit,B,D,1,D,0,1,0.06716587394475901,0.844451010227203,0.844451010227203,0.636871337890625,0.049734439700841,0.06716587394475901,0.038648787885904,0.844451010227203
9344,lod-lille-0.6b,bn,D-lit,A,C,0,C,0,1,0.017000781372189,0.945300698280334,0.945300698280334,0.7192109823226921,0.017000781372189,0.02085755392909,0.945300698280334,0.016840904951095
9345,lod-lille-0.6b,bn,D-lit,C,A,2,A,0,1,0.0039565460756420005,0.98738408088684,0.98738408088684,0.8351166248321531,0.98738408088684,0.003996650222688,0.0039565460756420005,0.004662746563553
9346,lod-lille-0.6b,bn,D-lit,B,C,1,C,0,1,0.054226513952016005,0.8235335946083061,0.8235335946083061,0.5651369690895081,0.07284280657768201,0.054226513952016005,0.8235335946083061,0.049397103488445004
9351,lod-lille-0.6b,bn,D-lit,D,C,3,C,0,1,0.068910740315914,0.8429550528526301,0.8429550528526301,0.6744311451911921,0.05542165786027901,0.032712560147047,0.8429550528526301,0.068910740315914
9353,lod-lille-0.6b,bn,D-lit,C,A,2,A,0,1,0.06670638918876601,0.8018215894699091,0.8018215894699091,0.6060327887535091,0.8018215894699091,0.065466709434986,0.06670638918876601,0.066005311906337
9359,lod-lille-0.6b,bn,D-lit,C,A,2,A,0,1,0.06785528361797301,0.8942013382911681,0.8942013382911681,0.7159599661827081,0.8942013382911681,0.021826475858688,0.06785528361797301,0.016116920858621
9361,lod-lille-0.6b,bn,D-lit,A,D,0,D,0,1,0.057881385087966,0.89448058605194,0.89448058605194,0.71757036447525,0.057881385087966,0.010046768002212,0.037591345608234,0.89448058605194
9362,lod-lille-0.6b,bn,D-lit,A,D,0,D,0,1,0.19429862499237002,0.7759458422660821,0.7759458422660821,0.665082275867462,0.19429862499237002,0.019583102315664,0.010172474198043001,0.7759458422660821
9364,lod-lille-0.6b,bn,D-lit,B,D,1,D,0,1,0.005990822799503,0.988896012306213,0.988896012306213,0.8745213150978081,0.0031775170937180003,0.005990822799503,0.0019356178818270002,0.988896012306213
9365,lod-lille-0.6b,bn,D-lit,C,D,2,D,0,1,0.007662953808903,0.977721512317657,0.977721512317657,0.8445549607276911,0.008318573236465001,0.006296902894973,0.007662953808903,0.977721512317657
9366,lod-lille-0.6b,bn,D-lit,B,A,1,A,0,1,0.018248729407787,0.942303895950317,0.942303895950317,0.7774106860160821,0.942303895950317,0.018248729407787,0.014233167283236,0.025214243680238002
9368,lod-lille-0.6b,bn,D-lit,C,D,2,D,0,1,0.33451750874519304,0.618487775325775,0.618487775325775,0.42220717668533303,0.033814691007137,0.013180052861571001,0.33451750874519304,0.618487775325775
9369,lod-lille-0.6b,bn,D-lit,D,C,3,C,0,1,0.050348617136478,0.889616608619689,0.889616608619689,0.750894784927368,0.036434289067983,0.023600408807396,0.889616608619689,0.050348617136478
9370,lod-lille-0.6b,bn,D-lit,D,C,3,C,0,1,0.10708400607109,0.8410127758979791,0.8410127758979791,0.6209387779235841,0.024299733340740003,0.027603384107351,0.8410127758979791,0.10708400607109
9371,lod-lille-0.6b,bn,D-lit,A,B,0,B,0,1,0.406324654817581,0.467057257890701,0.467057257890701,0.277790397405624,0.406324654817581,0.467057257890701,0.02570635639131,0.10091172158718101
9372,lod-lille-0.6b,bn,D-lit,B,C,1,C,0,1,0.029933109879493002,0.9623947739601131,0.9623947739601131,0.8087942004203791,0.005739452783018,0.029933109879493002,0.9623947739601131,0.0019327687332400003
9373,lod-lille-0.6b,bn,D-lit,D,A,3,A,0,1,0.036909818649291,0.9297897815704341,0.9297897815704341,0.7634345889091491,0.9297897815704341,0.016578866168856,0.016721514984965002,0.036909818649291
9375,lod-lille-0.6b,bn,D-lit,C,A,2,A,0,1,0.012260299175977001,0.972364068031311,0.972364068031311,0.7906054258346551,0.972364068031311,0.006405736785382,0.012260299175977001,0.008969906717538001
9376,lod-lille-0.6b,bn,D-lit,A,D,0,D,0,1,0.104689769446849,0.8913217782974241,0.8913217782974241,0.701267778873443,0.104689769446849,0.002286003436893,0.001702403533272,0.8913217782974241
9378,lod-lille-0.6b,bn,D-lit,D,B,3,B,0,1,0.023955760523676,0.9445774555206291,0.9445774555206291,0.81611567735672,0.024219300597906,0.9445774555206291,0.0072475150227540005,0.023955760523676
9379,lod-lille-0.6b,bn,D-lit,A,B,0,B,0,1,0.016671203076839003,0.9283949136734001,0.9283949136734001,0.756673693656921,0.016671203076839003,0.9283949136734001,0.017258066684007003,0.03767580166459
9381,lod-lille-0.6b,bn,D-lit,D,A,3,A,0,1,0.102251432836055,0.7198405265808101,0.7198405265808101,0.46703737974166804,0.7198405265808101,0.07042472064495,0.10748333483934401,0.102251432836055
9387,lod-lille-0.6b,bn,D-lit,D,B,3,B,0,1,0.032119680196046003,0.8324866294860841,0.8324866294860841,0.615486323833465,0.047785762697458004,0.8324866294860841,0.087607964873313,0.032119680196046003
9388,lod-lille-0.6b,bn,D-lit,D,B,3,B,0,1,0.05941181629896101,0.8487159013748161,0.8487159013748161,0.6570945382118221,0.040268544107675004,0.8487159013748161,0.051603738218545005,0.05941181629896101
9395,lod-lille-0.6b,bn,D-lit,C,B,2,B,0,1,0.011064409278333001,0.962098717689514,0.962098717689514,0.8146503567695611,0.013902396894991,0.962098717689514,0.011064409278333001,0.012934470549225
9400,lod-lille-0.6b,bn,D-lit,D,B,3,B,0,1,0.017824726179242002,0.9474878311157221,0.9474878311157221,0.8026234507560731,0.016831701621413002,0.9474878311157221,0.017855752259492,0.017824726179242002
9403,lod-lille-0.6b,bn,D-lit,C,A,2,A,0,1,0.049952391535043,0.915076732635498,0.915076732635498,0.756532788276672,0.915076732635498,0.02176396921277,0.049952391535043,0.013206875883042
9404,lod-lille-0.6b,bn,D-lit,B,C,1,C,0,1,0.184798866510391,0.6696953773498531,0.6696953773498531,0.426888048648834,0.08088353276252701,0.184798866510391,0.6696953773498531,0.06462214142084101
9412,lod-lille-0.6b,bn,D-lit,D,C,3,C,0,1,0.31660762429237305,0.63943475484848,0.63943475484848,0.396779417991638,0.010903027839958002,0.033054601401090004,0.63943475484848,0.31660762429237305
9414,lod-lille-0.6b,bn,D-lit,B,C,1,C,0,1,0.047284252941608006,0.895204246044158,0.895204246044158,0.693552672863006,0.032622218132019,0.047284252941608006,0.895204246044158,0.024889269843697003
9415,lod-lille-0.6b,bn,D-lit,D,A,3,A,0,1,0.036081429570913,0.9608959555625911,0.9608959555625911,0.850462794303894,0.9608959555625911,0.002002884168177,0.001019660616293,0.036081429570913
9417,lod-lille-0.6b,bn,D-lit,C,B,2,B,0,1,0.15000106394290902,0.585082054138183,0.585082054138183,0.29375702142715404,0.188061490654945,0.585082054138183,0.15000106394290902,0.076855398714542
9421,lod-lille-0.6b,bn,D-lit,D,A,3,A,0,1,0.008958783932030001,0.9464356899261471,0.9464356899261471,0.813914060592651,0.9464356899261471,0.020857665687799003,0.023747870698571,0.008958783932030001
9422,lod-lille-0.6b,bn,D-lit,C,B,2,B,0,1,0.152596935629844,0.578970372676849,0.578970372676849,0.2560476064682,0.155191600322723,0.578970372676849,0.152596935629844,0.11324113607406601
9424,lod-lille-0.6b,bn,D-lit,A,C,0,C,0,1,0.36765798926353405,0.36833795905113204,0.36833795905113204,0.17290645837783802,0.36765798926353405,0.103737838566303,0.36833795905113204,0.160266280174255
9425,lod-lille-0.6b,bn,D-lit,B,D,1,D,0,1,0.015297329984605002,0.9055493474006651,0.9055493474006651,0.81092882156372,0.040721535682678,0.015297329984605002,0.038431797176599,0.9055493474006651
9427,lod-lille-0.6b,bn,D-lit,B,D,1,D,0,1,0.029798135161399,0.8882454633712761,0.8882454633712761,0.6324828863143921,0.05311410501599301,0.029798135161399,0.028842285275459,0.8882454633712761
9429,lod-lille-0.6b,bn,D-lit,D,A,3,A,0,1,0.015528308227658001,0.9653150439262391,0.9653150439262391,0.8606244325637811,0.9653150439262391,0.008975788950920001,0.010180891491472001,0.015528308227658001
9439,lod-lille-0.6b,bn,D-lit,B,D,1,D,0,1,0.255479365587234,0.6683085560798641,0.6683085560798641,0.399399548768997,0.037218619138002,0.255479365587234,0.038993433117866,0.6683085560798641
9440,lod-lille-0.6b,bn,D-lit,C,D,2,D,0,1,0.000705750717315,0.994156718254089,0.994156718254089,0.885552167892456,0.0027455082163210004,0.0023920568637540002,0.000705750717315,0.994156718254089
9442,lod-lille-0.6b,bn,D-lit,D,B,3,B,0,1,0.05609737709164601,0.8976948261260981,0.8976948261260981,0.777733743190765,0.028711725026369,0.8976948261260981,0.017496062442660002,0.05609737709164601
9443,lod-lille-0.6b,bn,D-lit,C,A,2,A,0,1,0.089316971600055,0.8730467557907101,0.8730467557907101,0.7717626094818111,0.8730467557907101,0.019392121583223003,0.089316971600055,0.018244074657559003
9444,lod-lille-0.6b,bn,D-lit,D,A,3,A,0,1,0.054736100137233006,0.850587487220764,0.850587487220764,0.660327553749084,0.850587487220764,0.071589738130569,0.023086693137884,0.054736100137233006
9453,lod-lille-0.6b,bn,D-lit,C,A,2,A,0,1,0.06250320374965601,0.8080083131790161,0.8080083131790161,0.627379119396209,0.8080083131790161,0.07502482086420001,0.06250320374965601,0.05446363240480401
9455,lod-lille-0.6b,bn,D-lit,B,A,1,A,0,1,0.008044605143368001,0.9760726094245911,0.9760726094245911,0.8008424639701841,0.9760726094245911,0.008044605143368001,0.00663590664044,0.009246901609003001
9457,lod-lille-0.6b,bn,D-lit,D,A,3,A,0,1,0.014739824458956002,0.9695987701416011,0.9695987701416011,0.796183407306671,0.9695987701416011,0.009397314861416001,0.006264063529670001,0.014739824458956002
9458,lod-lille-0.6b,bn,D-lit,C,A,2,A,0,1,0.007969236932694001,0.9834063053131101,0.9834063053131101,0.798136830329895,0.9834063053131101,0.00622932286933,0.007969236932694001,0.0023951504845170003
9461,lod-lille-0.6b,bn,D-lit,C,D,2,D,0,1,0.0007999001536510001,0.996847569942474,0.996847569942474,0.921505153179168,0.0005172429955560001,0.0018352475017300001,0.0007999001536510001,0.996847569942474
9462,lod-lille-0.6b,bn,D-lit,A,C,0,C,0,1,0.048007003962993004,0.858283340930938,0.858283340930938,0.686189651489257,0.048007003962993004,0.040734071284532006,0.858283340930938,0.052975650876760004
9463,lod-lille-0.6b,bn,D-lit,D,A,3,A,0,1,0.010129260830581,0.966607689857482,0.966607689857482,0.807816624641418,0.966607689857482,0.011190710589289,0.012072402983903,0.010129260830581
9466,lod-lille-0.6b,bn,D-lit,A,C,0,C,0,1,0.013824235647916001,0.965253829956054,0.965253829956054,0.783596396446228,0.013824235647916001,0.008277824148535,0.965253829956054,0.012644053436815001
9467,lod-lille-0.6b,bn,D-lit,B,A,1,A,0,1,0.024449311196804,0.9525893926620481,0.9525893926620481,0.753844499588012,0.9525893926620481,0.024449311196804,0.017735077068209003,0.0052262339740990005
9468,lod-lille-0.6b,bn,D-lit,B,C,1,C,0,1,0.0027969854418180003,0.9768986105918881,0.9768986105918881,0.8496952056884761,0.013571627438068001,0.0027969854418180003,0.9768986105918881,0.006732848472893
9470,lod-lille-0.6b,bn,D-lit,B,D,1,D,0,1,0.022040398791432003,0.945372819900512,0.945372819900512,0.8751583695411681,0.013062079437077,0.022040398791432003,0.019524678587913003,0.945372819900512
9472,lod-lille-0.6b,bn,D-lit,B,C,1,C,0,1,0.004377187229692,0.989295423030853,0.989295423030853,0.879429876804351,0.0035657926928250004,0.004377187229692,0.989295423030853,0.0027615937869990004
9473,lod-lille-0.6b,bn,D-lit,B,A,1,A,0,1,0.006325517781078,0.9724037051200861,0.9724037051200861,0.84754729270935,0.9724037051200861,0.006325517781078,0.009136398322880001,0.012134348973631
9474,lod-lille-0.6b,bn,D-lit,A,D,0,D,0,1,0.021374233067035002,0.9176469445228571,0.9176469445228571,0.7524223923683161,0.021374233067035002,0.03912952914834,0.021849261596798,0.9176469445228571
9478,lod-lille-0.6b,bn,D-lit,A,D,0,D,0,1,0.319030433893203,0.5732846260070801,0.5732846260070801,0.302236139774322,0.319030433893203,0.060863398015499004,0.046821478754282005,0.5732846260070801
9482,lod-lille-0.6b,bn,D-lit,C,D,2,D,0,1,0.009413577616214001,0.972081124782562,0.972081124782562,0.836813926696777,0.009347805753350001,0.009157478809356,0.009413577616214001,0.972081124782562
9483,lod-lille-0.6b,bn,D-lit,A,D,0,D,0,1,0.031833063811063,0.914519429206848,0.914519429206848,0.716773986816406,0.031833063811063,0.030324866995215003,0.023322576656937002,0.914519429206848
9490,lod-lille-0.6b,bn,D-lit,D,C,3,C,0,1,0.158585995435714,0.807876944541931,0.807876944541931,0.545671105384826,0.017155142500996,0.016381941735744,0.807876944541931,0.158585995435714
9495,lod-lille-0.6b,bn,D-lit,D,A,3,A,0,1,0.026963902637362,0.8818748593330381,0.8818748593330381,0.7432167530059811,0.8818748593330381,0.06854538619518201,0.022615836933255,0.026963902637362
9496,lod-lille-0.6b,bn,D-lit,A,B,0,B,0,1,0.011699848808348,0.966612458229064,0.966612458229064,0.8548458814620971,0.011699848808348,0.966612458229064,0.011629398912191,0.01005822699517
9499,lod-lille-0.6b,bn,D-lit,C,D,2,D,0,1,0.013819987885653001,0.964742839336395,0.964742839336395,0.832391262054443,0.012274497188627002,0.009162656962871,0.013819987885653001,0.964742839336395
9501,lod-lille-0.6b,bn,D-lit,B,D,1,D,0,1,0.0024737122002980003,0.9872614145278931,0.9872614145278931,0.864387273788452,0.006097772158682,0.0024737122002980003,0.004167144652456,0.9872614145278931
9502,lod-lille-0.6b,bn,D-lit,B,A,1,A,0,1,0.24782733619213101,0.608098685741424,0.608098685741424,0.34634575247764504,0.608098685741424,0.24782733619213101,0.098218947649002,0.045855071395635
9503,lod-lille-0.6b,bn,D-lit,A,C,0,C,0,1,0.029055837541818,0.959979712963104,0.959979712963104,0.8052757978439331,0.029055837541818,0.004245362710207,0.959979712963104,0.006719061639159
9505,lod-lille-0.6b,bn,D-lit,B,A,1,A,0,1,0.05679316073656,0.9311559796333311,0.9311559796333311,0.722836554050445,0.9311559796333311,0.05679316073656,0.007845007814466001,0.004205876030027001
9507,lod-lille-0.6b,bn,D-lit,D,B,3,B,0,1,0.013635551556944,0.9642009735107421,0.9642009735107421,0.8396978378295891,0.007922550663352,0.9642009735107421,0.014240944758057001,0.013635551556944
9509,lod-lille-0.6b,bn,D-lit,A,B,0,A,1,0,0.6307905316352841,0.326733708381652,0.6307905316352841,0.437227845191955,0.6307905316352841,0.326733708381652,0.015316501259803002,0.027159305289387002
9510,lod-lille-0.6b,bn,D-lit,A,C,0,C,0,1,0.009089345112442,0.9606087207794191,0.9606087207794191,0.7885773181915281,0.009089345112442,0.023161733523011003,0.9606087207794191,0.007140114903450001
9513,lod-lille-0.6b,bn,D-lit,B,D,1,D,0,1,0.056897960603237006,0.9314416050910951,0.9314416050910951,0.7863587737083431,0.007281146012246001,0.056897960603237006,0.004379276651889001,0.9314416050910951
9514,lod-lille-0.6b,bn,D-lit,D,B,3,B,0,1,0.025535510852932004,0.9631602764129631,0.9631602764129631,0.7732102274894711,0.0050849188119170005,0.9631602764129631,0.006219249684363001,0.025535510852932004
9516,lod-lille-0.6b,bn,D-lit,A,D,0,D,0,1,0.262316077947616,0.728045940399169,0.728045940399169,0.524634659290313,0.262316077947616,0.003399186534807,0.006238808389753001,0.728045940399169
9517,lod-lille-0.6b,bn,D-lit,B,A,1,A,0,1,0.014221637509763001,0.947594821453094,0.947594821453094,0.676807522773742,0.947594821453094,0.014221637509763001,0.018379561603069,0.019803870469331002
9521,lod-lille-0.6b,bn,D-lit,C,D,2,D,0,1,0.060130480676889,0.9359183311462401,0.9359183311462401,0.7193943262100221,0.0023414799943560004,0.001609727507457,0.060130480676889,0.9359183311462401
9522,lod-lille-0.6b,bn,D-lit,C,B,2,B,0,1,0.052123047411441005,0.872996091842651,0.872996091842651,0.7733379602432251,0.057862948626279005,0.872996091842651,0.052123047411441005,0.01701788790524
9523,lod-lille-0.6b,bn,D-lit,D,C,3,C,0,1,0.008157351054251001,0.9735935926437371,0.9735935926437371,0.876972198486328,0.007555631455034,0.010693455114960001,0.9735935926437371,0.008157351054251001
9531,lod-lille-0.6b,bn,D-lit,A,C,0,C,0,1,0.242850959300994,0.48542010784149103,0.48542010784149103,0.245899334549903,0.242850959300994,0.209790706634521,0.48542010784149103,0.06193821132183001
9535,lod-lille-0.6b,bn,D-lit,D,B,3,B,0,1,0.20411714911460802,0.37427064776420504,0.37427064776420504,0.17760750651359503,0.256848216056823,0.37427064776420504,0.16476395726203902,0.20411714911460802
9537,lod-lille-0.6b,bn,D-lit,B,C,1,C,0,1,0.125644385814666,0.84352684020996,0.84352684020996,0.6927419304847711,0.020240411162376,0.125644385814666,0.84352684020996,0.010588367469608001
9541,lod-lille-0.6b,bn,D-lit,C,D,2,D,0,1,0.17887742817401803,0.662388324737548,0.662388324737548,0.37374746799468905,0.11641211807727801,0.042322110384702,0.17887742817401803,0.662388324737548
9547,lod-lille-0.6b,bn,D-lit,C,D,2,D,0,1,0.0050212121568620005,0.971145927906036,0.971145927906036,0.835539638996124,0.015392724424600001,0.008440133184194001,0.0050212121568620005,0.971145927906036
9548,lod-lille-0.6b,bn,D-lit,B,C,1,C,0,1,0.124648608267307,0.7134872674942011,0.7134872674942011,0.48635181784629805,0.093488380312919,0.124648608267307,0.7134872674942011,0.06837579607963501
9549,lod-lille-0.6b,bn,D-lit,C,D,2,A,0,0,0.228030502796173,0.285621762275695,0.36687144637107805,0.22054727375507302,0.36687144637107805,0.11947628110647202,0.228030502796173,0.285621762275695
9550,lod-lille-0.6b,bn,D-lit,C,D,2,D,0,1,0.016777088865637002,0.8948141336441041,0.8948141336441041,0.638788342475891,0.051404356956481004,0.037004377692937004,0.016777088865637002,0.8948141336441041
9551,lod-lille-0.6b,bn,D-lit,C,B,2,B,0,1,0.017870645970106,0.942037463188171,0.942037463188171,0.77634972333908,0.025828201323747003,0.942037463188171,0.017870645970106,0.014263788238167001
9552,lod-lille-0.6b,bn,D-lit,D,A,3,A,0,1,0.015579373575747001,0.9349068403244011,0.9349068403244011,0.7713351845741271,0.9349068403244011,0.034592308104038,0.014921457506716002,0.015579373575747001
9553,lod-lille-0.6b,bn,D-lit,D,B,3,B,0,1,0.38745254278182906,0.557350397109985,0.557350397109985,0.276600003242492,0.034083142876625006,0.557350397109985,0.021113840863108,0.38745254278182906
9566,lod-lille-0.6b,bn,D-lit,D,B,3,B,0,1,0.004401483107358,0.970089435577392,0.970089435577392,0.816785991191864,0.022379668429493002,0.970089435577392,0.0031293567735700004,0.004401483107358
9568,lod-lille-0.6b,bn,D-lit,B,A,1,A,0,1,0.010931809432804002,0.957493782043457,0.957493782043457,0.8739548325538631,0.957493782043457,0.010931809432804002,0.013012814335525001,0.018561590462923
9569,lod-lille-0.6b,bn,D-lit,B,C,1,C,0,1,0.020467424765229003,0.811314165592193,0.811314165592193,0.5880464911460871,0.069719471037387,0.020467424765229003,0.811314165592193,0.098498880863189
9570,lod-lille-0.6b,bn,D-lit,D,A,3,A,0,1,0.014091463759541002,0.9648525118827821,0.9648525118827821,0.8358408212661741,0.9648525118827821,0.01151561550796,0.009540364146232001,0.014091463759541002
9580,lod-lille-0.6b,bn,D-lit,B,A,1,A,0,1,0.17918054759502403,0.75382250547409,0.75382250547409,0.576282680034637,0.75382250547409,0.17918054759502403,0.021018557250499,0.045978348702192
9582,lod-lille-0.6b,bn,D-lit,A,C,0,A,1,0,0.36482515931129406,0.278831988573074,0.36482515931129406,0.184550583362579,0.36482515931129406,0.15495604276657102,0.278831988573074,0.201386794447898
9584,lod-lille-0.6b,bn,D-lit,C,B,2,B,0,1,0.22852340340614302,0.6641185879707331,0.6641185879707331,0.49377709627151406,0.08789204806089401,0.6641185879707331,0.22852340340614302,0.019465917721390003
9587,lod-lille-0.6b,bn,D-lit,C,D,2,C,1,0,0.546389579772949,0.234534263610839,0.546389579772949,0.376019328832626,0.10643424093723201,0.11264194548130001,0.546389579772949,0.234534263610839
9590,lod-lille-0.6b,bn,D-lit,A,D,0,D,0,1,0.30055993795394903,0.646101057529449,0.646101057529449,0.484304994344711,0.30055993795394903,0.034764945507049005,0.018574059009552002,0.646101057529449
9594,lod-lille-0.6b,bn,D-lit,A,D,0,D,0,1,0.021447811275720003,0.9706677794456481,0.9706677794456481,0.877890050411224,0.021447811275720003,0.003518540645018,0.0043658558279270005,0.9706677794456481
9601,lod-lille-0.6b,bn,D-lit,D,B,3,B,0,1,0.09017477184534001,0.705474376678466,0.705474376678466,0.49517330527305603,0.071499444544315,0.705474376678466,0.132851392030715,0.09017477184534001
9604,lod-lille-0.6b,bn,D-lit,C,B,2,B,0,1,0.02215420268476,0.9523539543151851,0.9523539543151851,0.7808988094329831,0.011874128133058002,0.9523539543151851,0.02215420268476,0.013617740944027
9607,lod-lille-0.6b,bn,D-lit,C,A,2,B,0,0,0.129413112998008,0.30431887507438604,0.41140234470367404,0.228428721427917,0.30431887507438604,0.41140234470367404,0.129413112998008,0.15486566722393003
9616,lod-lille-0.6b,bn,D-lit,C,A,2,A,0,1,0.24648833274841303,0.622232913970947,0.622232913970947,0.44154003262519803,0.622232913970947,0.071378022432327,0.24648833274841303,0.059900745749473
9618,lod-lille-0.6b,bn,D-lit,A,C,0,C,0,1,0.422852605581283,0.47187575697898804,0.47187575697898804,0.28318122029304504,0.422852605581283,0.058609828352928,0.47187575697898804,0.046661779284477005
9623,lod-lille-0.6b,bn,D-lit,C,B,2,B,0,1,0.026989299803972,0.9514027833938591,0.9514027833938591,0.7732438445091241,0.013752495869994,0.9514027833938591,0.026989299803972,0.007855420000851
9624,lod-lille-0.6b,bn,D-lit,C,A,2,A,0,1,0.014008220285177002,0.9650607109069821,0.9650607109069821,0.8636481165885921,0.9650607109069821,0.009083950892090001,0.014008220285177002,0.011847117915749002
9625,lod-lille-0.6b,bn,D-lit,D,B,3,B,0,1,0.40137031674385004,0.45736142992973305,0.45736142992973305,0.30623048543930004,0.026088887825608004,0.45736142992973305,0.11517933011054901,0.40137031674385004
9628,lod-lille-0.6b,bn,D-lit,D,A,3,A,0,1,0.07598395645618401,0.7262684702873231,0.7262684702873231,0.492819458246231,0.7262684702873231,0.066033467650413,0.13171403110027302,0.07598395645618401
9630,lod-lille-0.6b,bn,D-lit,B,A,1,A,0,1,0.27146828174591003,0.565798759460449,0.565798759460449,0.35471278429031305,0.565798759460449,0.27146828174591003,0.13740019500255501,0.025332745164632003
9635,lod-lille-0.6b,bn,D-lit,A,C,0,C,0,1,0.013590688817203002,0.921607434749603,0.921607434749603,0.7496505975723261,0.013590688817203002,0.053314194083213,0.921607434749603,0.011487771756947
9639,lod-lille-0.6b,bn,D-lit,B,C,1,C,0,1,0.036778546869754,0.8886439800262451,0.8886439800262451,0.7081632018089291,0.038622058928012,0.036778546869754,0.8886439800262451,0.035955451428890006
9640,lod-lille-0.6b,bn,D-lit,D,C,3,C,0,1,0.14673370122909501,0.7280054092407221,0.7280054092407221,0.41048660874366705,0.092812851071357,0.032448079437017004,0.7280054092407221,0.14673370122909501
9647,lod-lille-0.6b,bn,D-lit,A,B,0,A,1,0,0.39617791771888705,0.38825750350952104,0.39617791771888705,0.202255859971046,0.39617791771888705,0.38825750350952104,0.11572039872407901,0.09984415024518901
9648,lod-lille-0.6b,bn,D-lit,D,A,3,A,0,1,0.010163663886487,0.978031992912292,0.978031992912292,0.8142455220222471,0.978031992912292,0.004717785865068,0.007086451165378001,0.010163663886487
9649,lod-lille-0.6b,bn,D-lit,D,C,3,C,0,1,0.005241245497018001,0.98181927204132,0.98181927204132,0.8745670914649961,0.005727769341319001,0.007211655844002,0.98181927204132,0.005241245497018001
9654,lod-lille-0.6b,bn,D-lit,B,C,1,B,1,0,0.621475756168365,0.34141144156455905,0.621475756168365,0.37259349226951605,0.007766535971313,0.621475756168365,0.34141144156455905,0.029346261173486002
9659,lod-lille-0.6b,bn,D-lit,C,D,2,D,0,1,0.065618589520454,0.80851536989212,0.80851536989212,0.620136499404907,0.05205744132399501,0.07380857318639701,0.065618589520454,0.80851536989212
9661,lod-lille-0.6b,bn,D-lit,A,B,0,B,0,1,0.36163780093193004,0.583872079849243,0.583872079849243,0.33235049247741705,0.36163780093193004,0.583872079849243,0.033569920808076005,0.020920187234878002
9663,lod-lille-0.6b,bn,D-lit,C,D,2,D,0,1,0.066533036530017,0.7851548194885251,0.7851548194885251,0.519769191741943,0.09723185002803801,0.051080338656902,0.066533036530017,0.7851548194885251
9665,lod-lille-0.6b,bn,D-lit,B,A,1,A,0,1,0.03889911621809,0.9153978824615471,0.9153978824615471,0.7212061285972591,0.9153978824615471,0.03889911621809,0.015573014505207,0.030130043625831004
9667,lod-lille-0.6b,bn,D-lit,D,C,3,C,0,1,0.03204583376646,0.9318748712539671,0.9318748712539671,0.6935266256332391,0.011254302226006001,0.024824956431984003,0.9318748712539671,0.03204583376646
9669,lod-lille-0.6b,bn,D-lit,C,B,2,B,0,1,0.157458677887916,0.751894295215606,0.751894295215606,0.673628032207489,0.0358049236238,0.751894295215606,0.157458677887916,0.054842088371515
9677,lod-lille-0.6b,bn,D-lit,C,A,2,C,1,0,0.5784368515014641,0.415218770503997,0.5784368515014641,0.5451638698577881,0.415218770503997,0.003238501027226,0.5784368515014641,0.0031059083994470003
9682,lod-lille-0.6b,bn,D-lit,C,B,2,B,0,1,0.46055731177330006,0.5017069578170771,0.5017069578170771,0.38441637158393804,0.026529263705015002,0.5017069578170771,0.46055731177330006,0.0112064499408
9684,lod-lille-0.6b,bn,D-lit,C,A,2,A,0,1,0.011536530219018001,0.9325841069221491,0.9325841069221491,0.7850100994110101,0.9325841069221491,0.022722300142049002,0.011536530219018001,0.033157043159008005
9685,lod-lille-0.6b,bn,D-lit,B,D,1,D,0,1,0.12070270627737001,0.6193188428878781,0.6193188428878781,0.36333167552948,0.176351144909858,0.12070270627737001,0.08362735807895601,0.6193188428878781
9687,lod-lille-0.6b,bn,D-lit,B,C,1,C,0,1,0.12828364968299802,0.651133239269256,0.651133239269256,0.447954714298248,0.107533395290374,0.12828364968299802,0.651133239269256,0.11304975301027201
9690,lod-lille-0.6b,bn,D-lit,B,C,1,C,0,1,0.112286187708377,0.766844511032104,0.766844511032104,0.5952126383781431,0.043163005262613005,0.112286187708377,0.766844511032104,0.07770623266696901
9694,lod-lille-0.6b,bn,D-lit,C,B,2,B,0,1,0.24500019848346702,0.45381477475166304,0.45381477475166304,0.184233739972114,0.15733645856380402,0.45381477475166304,0.24500019848346702,0.14384850859642
9697,lod-lille-0.6b,bn,D-lit,D,A,3,A,0,1,0.011163806542754002,0.9807281494140621,0.9807281494140621,0.8505942225456231,0.9807281494140621,0.0030849545728410003,0.0050231232307850005,0.011163806542754002
9699,lod-lille-0.6b,bn,D-lit,C,B,2,B,0,1,0.05330116674304,0.9407013058662411,0.9407013058662411,0.8485799431800841,0.0043193954043090005,0.9407013058662411,0.05330116674304,0.0016780851874500001
9705,lod-lille-0.6b,bn,D-lit,A,D,0,D,0,1,0.10685103386640502,0.8290741443634031,0.8290741443634031,0.6203349232673641,0.10685103386640502,0.035388752818107,0.028686007484793004,0.8290741443634031
9706,lod-lille-0.6b,bn,D-lit,A,C,0,C,0,1,0.010185617022216,0.9804435968399041,0.9804435968399041,0.871353566646575,0.010185617022216,0.004873380064964,0.9804435968399041,0.0044974768534300005
9709,lod-lille-0.6b,bn,D-lit,C,D,2,D,0,1,0.006807130295783,0.984532177448272,0.984532177448272,0.8825154900550841,0.004964793566614,0.0036959534045300003,0.006807130295783,0.984532177448272
9712,lod-lille-0.6b,bn,D-lit,C,D,2,D,0,1,0.21999855339527102,0.7299030423164361,0.7299030423164361,0.709308147430419,0.033575944602489,0.016522360965609002,0.21999855339527102,0.7299030423164361
9715,lod-lille-0.6b,bn,D-lit,B,D,1,D,0,1,0.048795696347951,0.817581415176391,0.817581415176391,0.6355077028274531,0.05351153761148401,0.048795696347951,0.08011133223772,0.817581415176391
9716,lod-lille-0.6b,bn,D-lit,D,B,3,B,0,1,0.0035233960952600002,0.961624383926391,0.961624383926391,0.866842806339263,0.0033564288169140003,0.961624383926391,0.031495839357376,0.0035233960952600002
9718,lod-lille-0.6b,bn,D-lit,D,A,3,A,0,1,0.012804609723389001,0.9424170851707451,0.9424170851707451,0.787489235401153,0.9424170851707451,0.029453847557306,0.015324556268751002,0.012804609723389001
9720,lod-lille-0.6b,bn,D-lit,A,B,0,B,0,1,0.028801027685403,0.9683951735496521,0.9683951735496521,0.8723261952400201,0.028801027685403,0.9683951735496521,0.001734509132802,0.001069298246875
9721,lod-lille-0.6b,bn,D-lit,A,D,0,D,0,1,0.015732157975435,0.924077153205871,0.924077153205871,0.7342258095741271,0.015732157975435,0.018817413598299002,0.041373282670974,0.924077153205871
9724,lod-lille-0.6b,bn,D-lit,A,B,0,B,0,1,0.019372943788766,0.9476150870323181,0.9476150870323181,0.848926186561584,0.019372943788766,0.9476150870323181,0.017556883394718,0.015455138869583001
9725,lod-lille-0.6b,bn,D-lit,B,A,1,A,0,1,0.022061159834265,0.94630217552185,0.94630217552185,0.8029818534851071,0.94630217552185,0.022061159834265,0.016389576718211,0.015247154980897001
9730,lod-lille-0.6b,bn,D-lit,C,A,2,A,0,1,0.008567173033952,0.930571794509887,0.930571794509887,0.7261061072349541,0.930571794509887,0.047522608190774,0.008567173033952,0.013338415883481001
9739,lod-lille-0.6b,bn,D-lit,C,A,2,A,0,1,0.081125721335411,0.8793513178825371,0.8793513178825371,0.705433249473571,0.8793513178825371,0.022008247673511002,0.081125721335411,0.017514681443572003
9747,lod-lille-0.6b,bn,D-lit,D,B,3,B,0,1,0.174290627241134,0.374341905117034,0.374341905117034,0.21935653686523401,0.24453487992286602,0.374341905117034,0.206832602620124,0.174290627241134
9748,lod-lille-0.6b,bn,D-lit,C,A,2,A,0,1,0.019850192591547,0.9328729510307311,0.9328729510307311,0.8221670389175411,0.9328729510307311,0.021249990910291002,0.019850192591547,0.026026833802461003
9750,lod-lille-0.6b,bn,D-lit,D,B,3,B,0,1,0.085749521851539,0.7198776602745051,0.7198776602745051,0.512144982814788,0.09505008906126,0.7198776602745051,0.09932272881269401,0.085749521851539
9751,lod-lille-0.6b,bn,D-lit,A,C,0,C,0,1,0.054673261940479,0.9182187914848321,0.9182187914848321,0.673417448997497,0.054673261940479,0.014866201207041001,0.9182187914848321,0.012241760268807002
9753,lod-lille-0.6b,bn,D-lit,B,C,1,C,0,1,0.16638350486755302,0.5138334631919861,0.5138334631919861,0.340154200792312,0.126692414283752,0.16638350486755302,0.5138334631919861,0.193090632557868
9754,lod-lille-0.6b,bn,D-lit,A,D,0,D,0,1,0.014116955921053002,0.9693304300308221,0.9693304300308221,0.858752787113189,0.014116955921053002,0.010401220992207002,0.006151440553367001,0.9693304300308221
9755,lod-lille-0.6b,bn,D-lit,D,A,3,A,0,1,0.023423431441187,0.9236396551132201,0.9236396551132201,0.773312032222747,0.9236396551132201,0.039089284837245004,0.013847620226442,0.023423431441187
9757,lod-lille-0.6b,bn,D-lit,D,A,3,A,0,1,0.017590593546628,0.8925088047981261,0.8925088047981261,0.698307812213897,0.8925088047981261,0.070549897849559,0.019350726157426,0.017590593546628
9759,lod-lille-0.6b,bn,D-lit,D,C,3,C,0,1,0.025121126323938002,0.921075224876403,0.921075224876403,0.7526832818984981,0.028948169201612,0.024855438619852004,0.921075224876403,0.025121126323938002
9764,lod-lille-0.6b,bn,D-lit,D,C,3,C,0,1,0.30704858899116505,0.46842408180236805,0.46842408180236805,0.19108512997627203,0.143744021654129,0.080783352255821,0.46842408180236805,0.30704858899116505
9770,lod-lille-0.6b,bn,D-lit,B,C,1,C,0,1,0.24920946359634402,0.6931829452514641,0.6931829452514641,0.379248827695846,0.039046708494424,0.24920946359634402,0.6931829452514641,0.018560905009508
9774,lod-lille-0.6b,bn,D-lit,B,C,1,C,0,1,0.015984917059540003,0.9692587852478021,0.9692587852478021,0.819628834724426,0.011047773994505001,0.015984917059540003,0.9692587852478021,0.0037085267249490003
9775,lod-lille-0.6b,bn,D-lit,B,A,1,B,1,0,0.550592839717865,0.34087485074996904,0.550592839717865,0.298496067523956,0.34087485074996904,0.550592839717865,0.046664044260978005,0.061868194490671005
9777,lod-lille-0.6b,bn,D-lit,C,B,2,B,0,1,0.037877645343542,0.874826669692993,0.874826669692993,0.754621624946594,0.06604674458503701,0.874826669692993,0.037877645343542,0.021248994395136
9782,lod-lille-0.6b,bn,D-lit,B,D,1,D,0,1,0.0072780204936860006,0.976220369338989,0.976220369338989,0.8820745348930351,0.009031876921653,0.0072780204936860006,0.007469666656106001,0.976220369338989
9783,lod-lille-0.6b,bn,D-lit,D,B,3,B,0,1,0.046785276383161004,0.9429603219032281,0.9429603219032281,0.8550843000411981,0.005550206638872001,0.9429603219032281,0.004704269114881,0.046785276383161004
9786,lod-lille-0.6b,bn,D-lit,C,A,2,A,0,1,0.051983650773763004,0.9043364524841301,0.9043364524841301,0.7818777561187741,0.9043364524841301,0.030532818287611,0.051983650773763004,0.013147079385817
9787,lod-lille-0.6b,bn,D-lit,D,B,3,B,0,1,0.016633035615086,0.894230365753173,0.894230365753173,0.642588436603546,0.04861572757363301,0.894230365753173,0.040520872920751,0.016633035615086
9792,lod-lille-0.6b,bn,D-lit,A,D,0,D,0,1,0.14048047363758,0.651529908180236,0.651529908180236,0.48789459466934204,0.14048047363758,0.11873187869787201,0.08925772458314801,0.651529908180236
9793,lod-lille-0.6b,bn,D-lit,A,C,0,C,0,1,0.007710366044193001,0.9740530252456661,0.9740530252456661,0.8190503716468811,0.007710366044193001,0.011462787166237,0.9740530252456661,0.006773888599127
9799,lod-lille-0.6b,bn,D-lit,A,D,0,A,1,0,0.580846548080444,0.38109669089317305,0.580846548080444,0.404213368892669,0.580846548080444,0.018771471455693002,0.019285250455141,0.38109669089317305
9803,lod-lille-0.6b,bn,D-lit,D,A,3,A,0,1,0.120142698287963,0.840050458908081,0.840050458908081,0.6226764917373651,0.840050458908081,0.028920542448759003,0.010886363685131,0.120142698287963
9808,lod-lille-0.6b,bn,D-lit,B,A,1,A,0,1,0.036450698971748005,0.901272118091583,0.901272118091583,0.7074308991432191,0.901272118091583,0.036450698971748005,0.041490234434604006,0.020786948502063002
9811,lod-lille-0.6b,bn,D-lit,A,C,0,C,0,1,0.258869558572769,0.682503461837768,0.682503461837768,0.512889444828033,0.258869558572769,0.019519308581948003,0.682503461837768,0.039107643067836005
9813,lod-lille-0.6b,bn,D-lit,D,B,3,B,0,1,0.06498030573129601,0.628035247325897,0.628035247325897,0.39287221431732106,0.20127759873867002,0.628035247325897,0.10570683330297401,0.06498030573129601
9815,lod-lille-0.6b,bn,D-lit,C,A,2,A,0,1,0.017324810847640003,0.9489701986312861,0.9489701986312861,0.750596165657043,0.9489701986312861,0.007148625329136,0.017324810847640003,0.026556359604001004
9818,lod-lille-0.6b,bn,D-lit,A,C,0,A,1,0,0.37018954753875705,0.210365772247314,0.37018954753875705,0.189149260520935,0.37018954753875705,0.21519055962562503,0.210365772247314,0.20425416529178603
9822,lod-lille-0.6b,bn,D-lit,B,A,1,B,1,0,0.296583473682403,0.25953322649002003,0.296583473682403,0.16797256469726501,0.25953322649002003,0.296583473682403,0.21822381019592202,0.22565945982933003
9824,lod-lille-0.6b,bn,D-lit,A,B,0,B,0,1,0.066931538283824,0.9271931052207941,0.9271931052207941,0.7057812213897701,0.066931538283824,0.9271931052207941,0.0029702126048500002,0.002905171830207
9825,lod-lille-0.6b,bn,D-lit,C,D,2,D,0,1,0.007060057483613,0.9865070581436151,0.9865070581436151,0.866154909133911,0.003146055154502,0.0032867777626960004,0.007060057483613,0.9865070581436151
9828,lod-lille-0.6b,bn,D-lit,A,C,0,C,0,1,0.217379868030548,0.728201508522033,0.728201508522033,0.5970938801765441,0.217379868030548,0.023233668878674,0.728201508522033,0.031185047701001
9829,lod-lille-0.6b,bn,D-lit,C,A,2,A,0,1,0.047052182257175,0.9386719465255731,0.9386719465255731,0.8182735443115231,0.9386719465255731,0.008167604915797001,0.047052182257175,0.006108269561082001
9830,lod-lille-0.6b,bn,D-lit,B,D,1,D,0,1,0.018956216052174003,0.910976409912109,0.910976409912109,0.8089637756347651,0.038047429174184,0.018956216052174003,0.032019965350627004,0.910976409912109
9833,lod-lille-0.6b,bn,D-lit,D,B,3,D,1,0,0.6432088017463681,0.22277788817882502,0.6432088017463681,0.37338134646415705,0.065391398966312,0.22277788817882502,0.06862197071313801,0.6432088017463681
9834,lod-lille-0.6b,bn,D-lit,B,A,1,A,0,1,0.24451042711734702,0.722385883331298,0.722385883331298,0.598898530006408,0.722385883331298,0.24451042711734702,0.015260810032486001,0.017842859029769002
9838,lod-lille-0.6b,bn,D-lit,C,D,2,D,0,1,0.035127189010381005,0.89413982629776,0.89413982629776,0.7335264682769771,0.044994097203016004,0.025738906115293003,0.035127189010381005,0.89413982629776
9839,lod-lille-0.6b,bn,D-lit,B,D,1,D,0,1,0.07828109711408601,0.601772189140319,0.601772189140319,0.372207343578338,0.178585231304168,0.07828109711408601,0.141361460089683,0.601772189140319
9840,lod-lille-0.6b,bn,D-lit,B,D,1,D,0,1,0.011578160338103001,0.9688429236412041,0.9688429236412041,0.809336066246032,0.0134286461398,0.011578160338103001,0.0061503308825190004,0.9688429236412041
9843,lod-lille-0.6b,bn,D-lit,C,A,2,A,0,1,0.063702218234539,0.8483425378799431,0.8483425378799431,0.613549292087554,0.8483425378799431,0.028685212135314,0.063702218234539,0.059270042926073005
9844,lod-lille-0.6b,bn,D-lit,B,C,1,C,0,1,0.044785946607589,0.8974726796150201,0.8974726796150201,0.7032010555267331,0.03208414837718,0.044785946607589,0.8974726796150201,0.025657204911112
9846,lod-lille-0.6b,bn,D-lit,C,D,2,D,0,1,0.45113617181777904,0.47888919711112904,0.47888919711112904,0.31712228059768605,0.032097056508064,0.037877514958381,0.45113617181777904,0.47888919711112904
9847,lod-lille-0.6b,bn,D-lit,B,D,1,D,0,1,0.025552703067660002,0.9507582187652581,0.9507582187652581,0.7996384501457211,0.010533361695706001,0.025552703067660002,0.013155795633792001,0.9507582187652581
9848,lod-lille-0.6b,bn,D-lit,C,D,2,D,0,1,0.023447040468454,0.9094002246856691,0.9094002246856691,0.806484639644622,0.058635622262954004,0.008517073467373001,0.023447040468454,0.9094002246856691
9851,lod-lille-0.6b,bn,D-lit,A,D,0,D,0,1,0.007976401597261,0.9628105163574211,0.9628105163574211,0.811874985694885,0.007976401597261,0.014323700219392001,0.014889434911310001,0.9628105163574211
9853,lod-lille-0.6b,bn,D-lit,D,B,3,B,0,1,0.038935177028179,0.9380333423614501,0.9380333423614501,0.7628178596496581,0.012524822726845,0.9380333423614501,0.010506616905331001,0.038935177028179
9855,lod-lille-0.6b,bn,D-lit,B,C,1,B,1,0,0.44149154424667303,0.15108653903007502,0.44149154424667303,0.19346070289611803,0.227873787283897,0.44149154424667303,0.15108653903007502,0.17954815924167603
9856,lod-lille-0.6b,bn,D-lit,A,B,0,B,0,1,0.08711729198694201,0.9008397459983821,0.9008397459983821,0.7807812690734861,0.08711729198694201,0.9008397459983821,0.006650352384895,0.005392565391957
9857,lod-lille-0.6b,bn,D-lit,B,C,1,C,0,1,0.081528946757316,0.8672988414764401,0.8672988414764401,0.73645281791687,0.02531804703176,0.081528946757316,0.8672988414764401,0.025854123756289003
9858,lod-lille-0.6b,bn,D-lit,B,A,1,A,0,1,0.12719677388668002,0.82032310962677,0.82032310962677,0.6450673341751091,0.82032310962677,0.12719677388668002,0.037517588585615005,0.01496254093945
9860,lod-lille-0.6b,bn,D-lit,B,A,1,A,0,1,0.031807977706193,0.908183157444,0.908183157444,0.735035181045532,0.908183157444,0.031807977706193,0.020741818472743003,0.039267022162675004
9862,lod-lille-0.6b,bn,D-lit,D,B,3,C,0,0,0.136572211980819,0.193343997001647,0.47561380267143205,0.25768947601318304,0.19446994364261602,0.193343997001647,0.47561380267143205,0.136572211980819
9866,lod-lille-0.6b,bn,D-lit,A,C,0,C,0,1,0.047587059438228003,0.9169808030128471,0.9169808030128471,0.7471345067024231,0.047587059438228003,0.017822422087192,0.9169808030128471,0.017609778791666
9867,lod-lille-0.6b,bn,D-lit,C,A,2,A,0,1,0.271778494119644,0.673025369644165,0.673025369644165,0.42916330695152205,0.673025369644165,0.033485300838947005,0.271778494119644,0.02171079441905
9868,lod-lille-0.6b,bn,D-lit,B,C,1,C,0,1,0.043558165431022006,0.7743182778358461,0.7743182778358461,0.48419472575187605,0.129837736487388,0.043558165431022006,0.7743182778358461,0.052285827696323006
9869,lod-lille-0.6b,bn,D-lit,C,B,2,B,0,1,0.048124905675649005,0.915948092937469,0.915948092937469,0.684250473976135,0.024111036211252,0.915948092937469,0.048124905675649005,0.011815946549177002
9871,lod-lille-0.6b,bn,D-lit,A,C,0,C,0,1,0.0037591303698710004,0.9884293079376221,0.9884293079376221,0.8911134004592891,0.0037591303698710004,0.0059744254685930006,0.9884293079376221,0.0018370567122470002
9873,lod-lille-0.6b,bn,D-lit,D,C,3,C,0,1,0.162396937608718,0.777129292488098,0.777129292488098,0.7390664815902711,0.030834175646305,0.029639620333909003,0.777129292488098,0.162396937608718
9876,lod-lille-0.6b,bn,D-lit,D,C,3,C,0,1,0.08655922114849,0.8583955764770501,0.8583955764770501,0.648092806339263,0.035137854516506,0.019907414913177,0.8583955764770501,0.08655922114849
9877,lod-lille-0.6b,bn,D-lit,D,C,3,C,0,1,0.025536397472023003,0.8872622847557061,0.8872622847557061,0.7401069998741151,0.043970864266157005,0.043230470269918005,0.8872622847557061,0.025536397472023003
9878,lod-lille-0.6b,bn,D-lit,C,D,2,D,0,1,0.02067556604743,0.9384751319885251,0.9384751319885251,0.8052145242691041,0.024423291906714002,0.016426011919975,0.02067556604743,0.9384751319885251
9880,lod-lille-0.6b,bn,D-lit,B,D,1,D,0,1,0.255227714776992,0.516586780548095,0.516586780548095,0.337732464075088,0.061589431017637,0.255227714776992,0.1665960252285,0.516586780548095
9881,lod-lille-0.6b,bn,D-lit,A,C,0,C,0,1,0.04466138407588,0.908668458461761,0.908668458461761,0.791794836521148,0.04466138407588,0.029759803786873002,0.908668458461761,0.016910403966903003
9882,lod-lille-0.6b,bn,D-lit,A,B,0,B,0,1,0.045130550861358004,0.866878509521484,0.866878509521484,0.7968287467956541,0.045130550861358004,0.866878509521484,0.050624836236238,0.037366170436143
9885,lod-lille-0.6b,bn,D-lit,C,D,2,C,1,0,0.658105850219726,0.33395865559577903,0.658105850219726,0.6703283190727231,0.003420853521674,0.0045146546326570005,0.658105850219726,0.33395865559577903
9887,lod-lille-0.6b,bn,D-lit,D,B,3,B,0,1,0.01179482974112,0.9465363025665281,0.9465363025665281,0.829463899135589,0.029313107952475003,0.9465363025665281,0.012355719693005002,0.01179482974112
9888,lod-lille-0.6b,bn,D-lit,C,B,2,B,0,1,0.096853725612163,0.8438369631767271,0.8438369631767271,0.571841061115264,0.028017051517963003,0.8438369631767271,0.096853725612163,0.031292192637920005
9889,lod-lille-0.6b,bn,D-lit,D,A,3,A,0,1,0.057371355593204006,0.44503891468048,0.44503891468048,0.232739999890327,0.44503891468048,0.351462334394454,0.14612738788127902,0.057371355593204006
9893,lod-lille-0.6b,bn,D-lit,C,D,2,D,0,1,0.039793219417333006,0.896977663040161,0.896977663040161,0.772158086299896,0.042609848082065006,0.02061921171844,0.039793219417333006,0.896977663040161
9895,lod-lille-0.6b,bn,D-lit,C,D,2,D,0,1,0.049640707671642005,0.8270549774169921,0.8270549774169921,0.69738483428955,0.088804394006729,0.034499928355216,0.049640707671642005,0.8270549774169921
9900,lod-lille-0.6b,bn,D-lit,C,A,2,A,0,1,0.033765692263841005,0.910055816173553,0.910055816173553,0.6868768334388731,0.910055816173553,0.023888915777206,0.033765692263841005,0.032289527356624
9905,lod-lille-0.6b,bn,D-lit,D,C,3,C,0,1,0.033379521220922005,0.841698408126831,0.841698408126831,0.6534849405288691,0.055390242487192,0.069531835615634,0.841698408126831,0.033379521220922005
9909,lod-lille-0.6b,bn,D-lit,A,C,0,C,0,1,0.130726009607315,0.6136535406112671,0.6136535406112671,0.406984806060791,0.130726009607315,0.112415574491024,0.6136535406112671,0.143204942345619
9913,lod-lille-0.6b,bn,D-lit,B,C,1,C,0,1,0.06166526302695201,0.889935612678527,0.889935612678527,0.70337963104248,0.029059823602437,0.06166526302695201,0.889935612678527,0.0193392932415
9915,lod-lille-0.6b,bn,D-lit,B,D,1,D,0,1,0.18491582572460102,0.603861808776855,0.603861808776855,0.41982623934745705,0.129737868905067,0.18491582572460102,0.081484548747539,0.603861808776855
9918,lod-lille-0.6b,bn,D-lit,B,C,1,B,1,0,0.381963044404983,0.318619698286056,0.381963044404983,0.21584938466548903,0.22299683094024603,0.381963044404983,0.318619698286056,0.076420471072196
9921,lod-lille-0.6b,bn,D-lit,A,C,0,B,0,0,0.34783962368965105,0.13284334540367101,0.40912562608718805,0.20025317370891502,0.34783962368965105,0.40912562608718805,0.13284334540367101,0.11019137501716601
9926,lod-lille-0.6b,bn,D-lit,A,C,0,C,0,1,0.041024647653102,0.9054064750671381,0.9054064750671381,0.673718988895416,0.041024647653102,0.027057278901338,0.9054064750671381,0.026511657983064003
9933,lod-lille-0.6b,bn,D-lit,D,C,3,A,0,0,0.138430461287498,0.27127930521965005,0.33092325925827004,0.143908351659774,0.33092325925827004,0.259367048740386,0.27127930521965005,0.138430461287498
9938,lod-lille-0.6b,bn,D-lit,A,C,0,C,0,1,0.011150229722261,0.9193626046180721,0.9193626046180721,0.767699837684631,0.011150229722261,0.035006880760192004,0.9193626046180721,0.034480322152376
9944,lod-lille-0.6b,bn,D-lit,D,A,3,A,0,1,0.007985801436007,0.97597312927246,0.97597312927246,0.851681530475616,0.97597312927246,0.009469176642596,0.006571879610419,0.007985801436007
9952,lod-lille-0.6b,bn,D-lit,C,B,2,B,0,1,0.010134950280189,0.9750503897666931,0.9750503897666931,0.833961844444274,0.005798773840069001,0.9750503897666931,0.010134950280189,0.00901583302766
9953,lod-lille-0.6b,bn,D-lit,D,A,3,A,0,1,0.055390350520610004,0.887556195259094,0.887556195259094,0.7326914668083191,0.887556195259094,0.029050147160887003,0.028003240004181,0.055390350520610004
9954,lod-lille-0.6b,bn,D-lit,C,D,2,D,0,1,0.019650962203741,0.9508146643638611,0.9508146643638611,0.8432543277740471,0.021849712356925,0.007684660609811001,0.019650962203741,0.9508146643638611
9958,lod-lille-0.6b,bn,D-lit,D,A,3,A,0,1,0.041840013116598004,0.8472371101379391,0.8472371101379391,0.6908460855484001,0.8472371101379391,0.042263835668563,0.068658962845802,0.041840013116598004
9960,lod-lille-0.6b,bn,D-lit,A,D,0,D,0,1,0.16974024474620802,0.6008477210998531,0.6008477210998531,0.5562223196029661,0.16974024474620802,0.054503079503774005,0.17490895092487302,0.6008477210998531
9963,lod-lille-0.6b,bn,D-lit,D,C,3,D,1,0,0.35327735543251004,0.32809060811996404,0.35327735543251004,0.21736769378185203,0.11018906533718101,0.20844300091266602,0.32809060811996404,0.35327735543251004
9965,lod-lille-0.6b,bn,D-lit,A,B,0,B,0,1,0.132463365793228,0.705610394477844,0.705610394477844,0.5043985247612001,0.132463365793228,0.705610394477844,0.110638312995433,0.051287975162267005
9967,lod-lille-0.6b,bn,D-lit,C,D,2,D,0,1,0.10983970016241001,0.6777154207229611,0.6777154207229611,0.485119581222534,0.08309917896986001,0.129345670342445,0.10983970016241001,0.6777154207229611
9973,lod-lille-0.6b,bn,D-lit,B,C,1,D,0,0,0.22698521614074701,0.181360408663749,0.424034476280212,0.24985334277153,0.167619869112968,0.22698521614074701,0.181360408663749,0.424034476280212
9975,lod-lille-0.6b,bn,D-lit,A,B,0,B,0,1,0.047673813998699,0.8748512864112851,0.8748512864112851,0.722034573554992,0.047673813998699,0.8748512864112851,0.03956102579832,0.037913795560598006
9984,lod-lille-0.6b,bn,D-lit,B,D,1,D,0,1,0.08967395126819601,0.8972541093826291,0.8972541093826291,0.858749687671661,0.0052013956010340005,0.08967395126819601,0.007870538160204001,0.8972541093826291
9986,lod-lille-0.6b,bn,D-lit,C,D,2,D,0,1,0.010129313915967001,0.9831361174583431,0.9831361174583431,0.88056194782257,0.004844066686928001,0.0018904819153240003,0.010129313915967001,0.9831361174583431
9990,lod-lille-0.6b,bn,D-lit,A,C,0,C,0,1,0.10300602018833101,0.793875277042388,0.793875277042388,0.5554432868957521,0.10300602018833101,0.055045068264007006,0.793875277042388,0.048073608428239004
9991,lod-lille-0.6b,bn,D-lit,A,B,0,A,1,0,0.9599751830101011,0.006187172140926,0.9599751830101011,0.8697986006736751,0.9599751830101011,0.006187172140926,0.016426434740424,0.017411209642887
9995,lod-lille-0.6b,bn,D-lit,B,D,1,D,0,1,0.006581127643585,0.9769206047058101,0.9769206047058101,0.8929836750030511,0.007345122285187001,0.006581127643585,0.009153081104159001,0.9769206047058101
9996,lod-lille-0.6b,bn,D-lit,D,C,3,C,0,1,0.073294803500175,0.7806573510169981,0.7806573510169981,0.569202959537506,0.08154795318841901,0.064499907195568,0.7806573510169981,0.073294803500175
9998,lod-lille-0.6b,bn,D-lit,C,A,2,A,0,1,0.0035151343327010005,0.9908478260040281,0.9908478260040281,0.882112264633178,0.9908478260040281,0.0033188518136730003,0.0035151343327010005,0.002318173879757
10007,lod-lille-0.6b,bn,D-lit,C,A,2,A,0,1,0.0025601286906740003,0.992594063282012,0.992594063282012,0.886507034301757,0.992594063282012,0.0028320306446400004,0.0025601286906740003,0.0020137501414860003
10012,lod-lille-0.6b,bn,D-lit,B,C,1,C,0,1,0.047106746584177,0.7679284214973451,0.7679284214973451,0.57198691368103,0.082843378186225,0.047106746584177,0.7679284214973451,0.102121442556381
10013,lod-lille-0.6b,bn,D-lit,D,A,3,A,0,1,0.388699144124984,0.549481749534606,0.549481749534606,0.425549447536468,0.549481749534606,0.042820759117603004,0.018998347222805002,0.388699144124984
10015,lod-lille-0.6b,bn,D-lit,B,A,1,A,0,1,0.076664663851261,0.7411501407623291,0.7411501407623291,0.537940323352813,0.7411501407623291,0.076664663851261,0.093693040311336,0.088492169976234
10016,lod-lille-0.6b,bn,D-lit,B,A,1,A,0,1,0.21793256700038902,0.507528841495513,0.507528841495513,0.361861765384674,0.507528841495513,0.21793256700038902,0.147854730486869,0.126683831214904
10019,lod-lille-0.6b,bn,D-lit,A,B,0,B,0,1,0.291732162237167,0.63710343837738,0.63710343837738,0.475571423768997,0.291732162237167,0.63710343837738,0.046472124755382004,0.024692270904779
10020,lod-lille-0.6b,bn,D-lit,C,D,2,D,0,1,0.0033284469973290003,0.9800723791122431,0.9800723791122431,0.8827186822891231,0.007185229565948001,0.009413989260792,0.0033284469973290003,0.9800723791122431
10021,lod-lille-0.6b,bn,D-lit,D,A,3,A,0,1,0.014348799362778001,0.9666910767555231,0.9666910767555231,0.865416884422302,0.9666910767555231,0.015920843929052002,0.003039334667846,0.014348799362778001
10025,lod-lille-0.6b,bn,D-lit,A,C,0,C,0,1,0.24551828205585402,0.700420022010803,0.700420022010803,0.5103403329849241,0.24551828205585402,0.024093179032206,0.700420022010803,0.029968487098813
10026,lod-lille-0.6b,bn,D-lit,D,C,3,C,0,1,0.010775224305689,0.9862211942672731,0.9862211942672731,0.9124539494514461,0.0009807010646900002,0.0020228794310240003,0.9862211942672731,0.010775224305689
10027,lod-lille-0.6b,bn,D-lit,A,C,0,A,1,0,0.6376761198043821,0.128912881016731,0.6376761198043821,0.42210689187049805,0.6376761198043821,0.07170808315277101,0.128912881016731,0.161702916026115
10037,lod-lille-0.6b,bn,D-lit,D,A,3,A,0,1,0.190247267484664,0.513013362884521,0.513013362884521,0.39892318844795205,0.513013362884521,0.169820457696914,0.126918941736221,0.190247267484664
10038,lod-lille-0.6b,bn,D-lit,A,B,0,B,0,1,0.14580126106739,0.6835695505142211,0.6835695505142211,0.464096993207931,0.14580126106739,0.6835695505142211,0.089854344725608,0.08077485859394
10041,lod-lille-0.6b,bn,D-lit,B,C,1,C,0,1,0.036037828773260006,0.7707697153091431,0.7707697153091431,0.559058845043182,0.12465021014213501,0.036037828773260006,0.7707697153091431,0.06854230910539601
10043,lod-lille-0.6b,bn,D-lit,D,B,3,B,0,1,0.138902798295021,0.5215604305267331,0.5215604305267331,0.40893280506134005,0.170764252543449,0.5215604305267331,0.168772533535957,0.138902798295021
10044,lod-lille-0.6b,bn,D-lit,A,D,0,D,0,1,0.034396126866340006,0.86203533411026,0.86203533411026,0.666045784950256,0.034396126866340006,0.067561320960521,0.036007221788167,0.86203533411026
10045,lod-lille-0.6b,bn,D-lit,C,A,2,A,0,1,0.06733270734548501,0.861762464046478,0.861762464046478,0.7128354310989381,0.861762464046478,0.037439849227666,0.06733270734548501,0.033465016633272004
10047,lod-lille-0.6b,bn,D-lit,A,C,0,C,0,1,0.013832790777087002,0.9213900566101071,0.9213900566101071,0.8082590103149411,0.013832790777087002,0.010117163881659001,0.9213900566101071,0.054659903049468
10048,lod-lille-0.6b,bn,D-lit,C,B,2,B,0,1,0.12811511754989602,0.6328048706054681,0.6328048706054681,0.369896382093429,0.13753603398799802,0.6328048706054681,0.12811511754989602,0.10154394060373301
10050,lod-lille-0.6b,bn,D-lit,A,B,0,B,0,1,0.045877072960138,0.7817414402961731,0.7817414402961731,0.6688317060470581,0.045877072960138,0.7817414402961731,0.09345206618309,0.07892937213182401
10051,lod-lille-0.6b,bn,D-lit,A,B,0,B,0,1,0.07653681188821701,0.7620807886123651,0.7620807886123651,0.7083526253700251,0.07653681188821701,0.7620807886123651,0.09323332458734501,0.06814903020858701
10052,lod-lille-0.6b,bn,D-lit,B,A,1,A,0,1,0.023661386221647002,0.9300681352615351,0.9300681352615351,0.788293182849884,0.9300681352615351,0.023661386221647002,0.021401483565568,0.024869062006473003
10054,lod-lille-0.6b,bn,D-lit,A,C,0,C,0,1,0.044555708765983006,0.872802078723907,0.872802078723907,0.702239990234375,0.044555708765983006,0.026021823287010002,0.872802078723907,0.056620411574840004
10056,lod-lille-0.6b,bn,D-lit,D,A,3,A,0,1,0.225112646818161,0.6861298680305481,0.6861298680305481,0.6103578209877011,0.6861298680305481,0.047264847904443005,0.041492640972137,0.225112646818161
10057,lod-lille-0.6b,bn,D-lit,A,B,0,B,0,1,0.031979814171791,0.9320995807647701,0.9320995807647701,0.833257138729095,0.031979814171791,0.9320995807647701,0.020977370440959,0.014943268150091001
10058,lod-lille-0.6b,bn,D-lit,C,B,2,B,0,1,0.012796430848538001,0.9461619257926941,0.9461619257926941,0.8419560194015501,0.025042900815606003,0.9461619257926941,0.012796430848538001,0.015998711809515002
10062,lod-lille-0.6b,bn,D-lit,D,B,3,B,0,1,0.029221575707197002,0.8938832283020021,0.8938832283020021,0.733450472354888,0.047166097909212,0.8938832283020021,0.029729051515460004,0.029221575707197002
10064,lod-lille-0.6b,bn,D-lit,D,A,3,A,0,1,0.048818815499544005,0.8699318170547481,0.8699318170547481,0.7376441955566401,0.8699318170547481,0.044868875294923005,0.036380466073751005,0.048818815499544005
10065,lod-lille-0.6b,bn,D-lit,A,B,0,B,0,1,0.17947666347026803,0.652989327907562,0.652989327907562,0.49175605177879306,0.17947666347026803,0.652989327907562,0.096534565091133,0.070999443531036
10070,lod-lille-0.6b,bn,D-lit,D,A,3,A,0,1,0.063440106809139,0.9057393074035641,0.9057393074035641,0.689769029617309,0.9057393074035641,0.018749561160802,0.012071019969880002,0.063440106809139
10075,lod-lille-0.6b,bn,D-lit,A,C,0,C,0,1,0.38558474183082503,0.5432606935501091,0.5432606935501091,0.43301156163215604,0.38558474183082503,0.038094338029623004,0.5432606935501091,0.03306021541357
10078,lod-lille-0.6b,bn,D-lit,B,A,1,A,0,1,0.11886769533157301,0.6830836534500121,0.6830836534500121,0.49024742841720503,0.6830836534500121,0.11886769533157301,0.09714971482753701,0.10089892148971501
10079,lod-lille-0.6b,bn,D-lit,C,A,2,A,0,1,0.023166183382272002,0.9491323232650751,0.9491323232650751,0.7778541445732111,0.9491323232650751,0.012288730591535001,0.023166183382272002,0.015412814915180002
10080,lod-lille-0.6b,bn,D-lit,D,C,3,C,0,1,0.27778384089469904,0.5228807330131531,0.5228807330131531,0.35342437028884804,0.07011462002992601,0.12922078371047901,0.5228807330131531,0.27778384089469904
10082,lod-lille-0.6b,bn,D-lit,C,B,2,B,0,1,0.017068922519683002,0.9625840187072751,0.9625840187072751,0.8509775996208191,0.011415563523769,0.9625840187072751,0.017068922519683002,0.008931529708206001
10087,lod-lille-0.6b,bn,D-lit,A,B,0,B,0,1,0.027926955372095,0.9285997748374931,0.9285997748374931,0.790260851383209,0.027926955372095,0.9285997748374931,0.022458400577306,0.021014902740716
10089,lod-lille-0.6b,bn,D-lit,C,B,2,B,0,1,0.07405833154916701,0.7529253363609311,0.7529253363609311,0.530741930007934,0.09950529038906,0.7529253363609311,0.07405833154916701,0.073510952293872
10090,lod-lille-0.6b,bn,D-lit,A,D,0,D,0,1,0.038275960832834,0.9390352964401241,0.9390352964401241,0.784755825996398,0.038275960832834,0.013480608351528001,0.009208155795931,0.9390352964401241
10092,lod-lille-0.6b,bn,D-lit,A,C,0,C,0,1,0.08251790702342901,0.7172142267227171,0.7172142267227171,0.551939904689788,0.08251790702342901,0.12767814099788602,0.7172142267227171,0.07258965820074001
10093,lod-lille-0.6b,bn,D-lit,C,D,2,D,0,1,0.10368832945823601,0.722383320331573,0.722383320331573,0.5163614749908441,0.06501602381467801,0.10891231149435,0.10368832945823601,0.722383320331573
10094,lod-lille-0.6b,bn,D-lit,B,D,1,D,0,1,0.009308765642344001,0.9809805750846861,0.9809805750846861,0.8824603557586671,0.005839235149323,0.009308765642344001,0.0038714464753860003,0.9809805750846861
10097,lod-lille-0.6b,bn,D-lit,C,D,2,D,0,1,0.030561922118067002,0.9192392826080321,0.9192392826080321,0.7914624810218811,0.036032207310199,0.014166606590151001,0.030561922118067002,0.9192392826080321
10100,lod-lille-0.6b,bn,D-lit,B,D,1,D,0,1,0.0027084092143920004,0.987716734409332,0.987716734409332,0.8863753080368041,0.005343210883438,0.0027084092143920004,0.004231707658618,0.987716734409332
10102,lod-lille-0.6b,bn,D-lit,D,B,3,B,0,1,0.029098080471158003,0.92181795835495,0.92181795835495,0.7982658147811891,0.025238029658794,0.92181795835495,0.023845836520195,0.029098080471158003
10103,lod-lille-0.6b,bn,D-lit,D,C,3,C,0,1,0.006813726853579001,0.9653543829917901,0.9653543829917901,0.8101508617401121,0.013481616042554,0.014350251294672002,0.9653543829917901,0.006813726853579001
10104,lod-lille-0.6b,bn,D-lit,B,D,1,D,0,1,0.03695848211646,0.9503489136695861,0.9503489136695861,0.8057473301887511,0.006839657202363,0.03695848211646,0.00585292559117,0.9503489136695861
10106,lod-lille-0.6b,bn,D-lit,B,C,1,C,0,1,0.010736685246229,0.9635020494461061,0.9635020494461061,0.795015215873718,0.012020991183817002,0.010736685246229,0.9635020494461061,0.013740368187427
10109,lod-lille-0.6b,bn,D-lit,C,A,2,A,0,1,0.009194471873342,0.979025185108184,0.979025185108184,0.891228675842285,0.979025185108184,0.004446026869118,0.009194471873342,0.007334293797612
10114,lod-lille-0.6b,bn,D-lit,D,C,3,C,0,1,0.020165778696537,0.967290222644805,0.967290222644805,0.8808346986770631,0.007508912123739,0.005035061854869001,0.967290222644805,0.020165778696537
10119,lod-lille-0.6b,bn,D-lit,B,C,1,C,0,1,0.007380732800811001,0.9795653820037841,0.9795653820037841,0.874177575111389,0.008163192309439,0.007380732800811001,0.9795653820037841,0.004890785552561
10120,lod-lille-0.6b,bn,D-lit,D,A,3,A,0,1,0.150270342826843,0.636714875698089,0.636714875698089,0.435790419578552,0.636714875698089,0.116126246750354,0.09688859432935701,0.150270342826843
10122,lod-lille-0.6b,bn,D-lit,A,B,0,B,0,1,0.05637100338935801,0.8964353203773491,0.8964353203773491,0.8182108998298641,0.05637100338935801,0.8964353203773491,0.04024064913392,0.006952960044145
10124,lod-lille-0.6b,bn,D-lit,C,D,2,D,0,1,0.014039588160812001,0.9759380221366881,0.9759380221366881,0.8723433613777161,0.0062732719816260005,0.0037490546237670002,0.014039588160812001,0.9759380221366881
10125,lod-lille-0.6b,bn,D-lit,A,D,0,D,0,1,0.004646198824048001,0.9817934036254881,0.9817934036254881,0.8617536425590511,0.004646198824048001,0.010932290926575002,0.002628153190016,0.9817934036254881
10126,lod-lille-0.6b,bn,D-lit,B,A,1,A,0,1,0.005991707555949,0.9769541621208191,0.9769541621208191,0.8723893165588371,0.9769541621208191,0.005991707555949,0.008318510837852,0.008735611103475
10127,lod-lille-0.6b,bn,D-lit,A,B,0,B,0,1,0.052435651421546006,0.8492850065231321,0.8492850065231321,0.746295392513275,0.052435651421546006,0.8492850065231321,0.053089272230863,0.045190025120973004
10131,lod-lille-0.6b,bn,D-lit,C,A,2,A,0,1,0.11619860678911201,0.49802088737487704,0.49802088737487704,0.27589198946952803,0.49802088737487704,0.28034174442291204,0.11619860678911201,0.105438828468322
10133,lod-lille-0.6b,bn,D-lit,B,A,1,A,0,1,0.011853179894387,0.9698963165283201,0.9698963165283201,0.834588646888732,0.9698963165283201,0.011853179894387,0.012727671302855001,0.005522814579308
10135,lod-lille-0.6b,bn,D-lit,A,C,0,C,0,1,0.016103234142065,0.96456503868103,0.96456503868103,0.786820590496063,0.016103234142065,0.007347059901803001,0.96456503868103,0.011984673328697001
10137,lod-lille-0.6b,bn,D-lit,A,B,0,B,0,1,0.008524126373231,0.9756868481636041,0.9756868481636041,0.8485473990440361,0.008524126373231,0.9756868481636041,0.011279652826488,0.004509424325078001
10142,lod-lille-0.6b,bn,D-lit,C,B,2,B,0,1,0.005225179716944001,0.983222901821136,0.983222901821136,0.9039006233215331,0.006261141970753,0.983222901821136,0.005225179716944001,0.0052908831275990005
10144,lod-lille-0.6b,bn,D-lit,A,D,0,D,0,1,0.10445204377174301,0.7808037400245661,0.7808037400245661,0.6018266677856441,0.10445204377174301,0.071791857481002,0.042952314019203006,0.7808037400245661
10146,lod-lille-0.6b,bn,D-lit,B,D,1,D,0,1,0.01040025614202,0.9591066837310791,0.9591066837310791,0.8630495667457581,0.012766367755830002,0.01040025614202,0.01772679015994,0.9591066837310791
10147,lod-lille-0.6b,bn,D-lit,A,C,0,C,0,1,0.066497027873992,0.8728250265121461,0.8728250265121461,0.606169700622558,0.066497027873992,0.02009292691946,0.8728250265121461,0.040585044771432
10150,lod-lille-0.6b,bn,D-lit,D,A,3,A,0,1,0.015093856491148002,0.9646276831626891,0.9646276831626891,0.8400050401687621,0.9646276831626891,0.009583831764757,0.010694657452404001,0.015093856491148002
10153,lod-lille-0.6b,bn,D-lit,D,A,3,A,0,1,0.008561832830309,0.9722319841384881,0.9722319841384881,0.8613805770874021,0.9722319841384881,0.009748793207108001,0.009457315318286,0.008561832830309
10158,lod-lille-0.6b,bn,D-lit,D,B,3,B,0,1,0.040649693459272,0.8612488508224481,0.8612488508224481,0.7351685166358941,0.06166422367095901,0.8612488508224481,0.036437187343835005,0.040649693459272
10163,lod-lille-0.6b,bn,D-lit,B,A,1,A,0,1,0.010077554732561,0.9824507832527161,0.9824507832527161,0.8533244132995601,0.9824507832527161,0.010077554732561,0.00418432848528,0.003287281608209
10164,lod-lille-0.6b,bn,D-lit,C,B,2,B,0,1,0.023644685745239,0.8986246585845941,0.8986246585845941,0.7724483013153071,0.044568736106157004,0.8986246585845941,0.023644685745239,0.033161997795104
10165,lod-lille-0.6b,bn,D-lit,C,D,2,D,0,1,0.0020702017936850003,0.9949125051498411,0.9949125051498411,0.9371087551116941,0.0016148276627060002,0.001402513706125,0.0020702017936850003,0.9949125051498411
10168,lod-lille-0.6b,bn,D-lit,B,C,1,C,0,1,0.056915551424026004,0.927222907543182,0.927222907543182,0.8354921936988831,0.009513042867183,0.056915551424026004,0.927222907543182,0.006348433904349001
10170,lod-lille-0.6b,bn,D-lit,A,D,0,D,0,1,0.23162791132926902,0.727685213088989,0.727685213088989,0.536164999008178,0.23162791132926902,0.0051021720282730006,0.035584703087806,0.727685213088989
10171,lod-lille-0.6b,bn,D-lit,C,B,2,B,0,1,0.013226886279881,0.9679687619209291,0.9679687619209291,0.8374608755111691,0.011740032583475,0.9679687619209291,0.013226886279881,0.007064399775117001
10177,lod-lille-0.6b,bn,D-lit,C,B,2,B,0,1,0.038673616945743006,0.8761765360832211,0.8761765360832211,0.7263361215591431,0.043140802532434006,0.8761765360832211,0.038673616945743006,0.042009051889181005
10178,lod-lille-0.6b,bn,D-lit,A,B,0,B,0,1,0.003960589878261,0.990729868412017,0.990729868412017,0.8997505903244011,0.003960589878261,0.990729868412017,0.004479439929127,0.0008300332119680001
10188,lod-lille-0.6b,bn,D-lit,D,A,3,A,0,1,0.030141068622469003,0.9521815180778501,0.9521815180778501,0.80766886472702,0.9521815180778501,0.013461401686072001,0.004215917084366001,0.030141068622469003
10189,lod-lille-0.6b,bn,D-lit,B,C,1,C,0,1,0.048450551927089004,0.8810766935348511,0.8810766935348511,0.740702152252197,0.039187539368867,0.048450551927089004,0.8810766935348511,0.03128520399332
10190,lod-lille-0.6b,bn,D-lit,A,C,0,C,0,1,0.146959394216537,0.7081916332244871,0.7081916332244871,0.51516193151474,0.146959394216537,0.105659358203411,0.7081916332244871,0.039189580827951
10192,lod-lille-0.6b,bn,D-lit,C,A,2,A,0,1,0.043788805603981004,0.9359468221664421,0.9359468221664421,0.7492346763610841,0.9359468221664421,0.01345639117062,0.043788805603981004,0.0068079628981640005
10193,lod-lille-0.6b,bn,D-lit,C,D,2,A,0,0,0.24612632393836903,0.26998800039291304,0.34664797782897905,0.18167750537395402,0.34664797782897905,0.13723769783973602,0.24612632393836903,0.26998800039291304
10197,lod-lille-0.6b,bn,D-lit,D,B,3,B,0,1,0.014754581265151001,0.9387218356132501,0.9387218356132501,0.805329918861389,0.026423623785376,0.9387218356132501,0.020099958404898,0.014754581265151001
10199,lod-lille-0.6b,bn,D-lit,B,A,1,A,0,1,0.008417502976953001,0.9702300429344171,0.9702300429344171,0.8297990560531611,0.9702300429344171,0.008417502976953001,0.010834242217242001,0.010518245398998
10200,lod-lille-0.6b,bn,D-lit,C,D,2,D,0,1,0.017801769077777002,0.9233906865119931,0.9233906865119931,0.827586412429809,0.031213484704494,0.027593988925218003,0.017801769077777002,0.9233906865119931
10204,lod-lille-0.6b,bn,D-lit,A,B,0,B,0,1,0.080276370048522,0.80429595708847,0.80429595708847,0.6296426653862001,0.080276370048522,0.80429595708847,0.06143779680132801,0.053989864885807
10205,lod-lille-0.6b,bn,D-lit,D,C,3,C,0,1,0.020443243905901,0.9383740425109861,0.9383740425109861,0.749081552028656,0.025659009814262,0.015523727051913001,0.9383740425109861,0.020443243905901
10211,lod-lille-0.6b,bn,D-lit,D,A,3,A,0,1,0.010106236673891001,0.9591543674468991,0.9591543674468991,0.7899209856987001,0.9591543674468991,0.013790473341941,0.016948908567428003,0.010106236673891001
10213,lod-lille-0.6b,bn,D-lit,D,B,3,B,0,1,0.008994842879474,0.9749113321304321,0.9749113321304321,0.8914931416511531,0.008772483095526001,0.9749113321304321,0.0073212855495510005,0.008994842879474
10214,lod-lille-0.6b,bn,D-lit,B,A,1,A,0,1,0.105151318013668,0.8827888369560241,0.8827888369560241,0.7743290066719051,0.8827888369560241,0.105151318013668,0.005745972041040001,0.006313930265605
10218,lod-lille-0.6b,bn,D-lit,C,B,2,C,1,0,0.574938952922821,0.294950991868972,0.574938952922821,0.32165992259979204,0.06549117714166601,0.294950991868972,0.574938952922821,0.064618811011314
10227,lod-lille-0.6b,bn,D-lit,B,A,1,A,0,1,0.109523609280586,0.8608465790748591,0.8608465790748591,0.7237830162048341,0.8608465790748591,0.109523609280586,0.016763435676693,0.012866349890828
10228,lod-lille-0.6b,bn,D-lit,D,A,3,A,0,1,0.26460301876068104,0.724072873592376,0.724072873592376,0.695757985115051,0.724072873592376,0.006990534253418001,0.004333605524152,0.26460301876068104
10229,lod-lille-0.6b,bn,D-lit,D,A,3,A,0,1,0.22641642391681602,0.70346063375473,0.70346063375473,0.5841792225837701,0.70346063375473,0.052056677639484,0.018066300079226,0.22641642391681602
10230,lod-lille-0.6b,bn,D-lit,B,C,1,C,0,1,0.015834687277674002,0.9418281316757201,0.9418281316757201,0.761024594306945,0.022411737591028002,0.015834687277674002,0.9418281316757201,0.019925422966480002
10231,lod-lille-0.6b,bn,D-lit,B,D,1,D,0,1,0.112602077424526,0.8061452507972711,0.8061452507972711,0.5634307265281671,0.039206273853778006,0.112602077424526,0.042046334594488005,0.8061452507972711
10233,lod-lille-0.6b,bn,D-lit,D,B,3,B,0,1,0.044845018535852,0.883124887943267,0.883124887943267,0.773942053318023,0.045508027076721004,0.883124887943267,0.026522073894739002,0.044845018535852
10234,lod-lille-0.6b,bn,D-lit,C,D,2,D,0,1,0.013078962452709002,0.9404297471046441,0.9404297471046441,0.8457263112068171,0.023182604461908,0.023308757692575,0.013078962452709002,0.9404297471046441
10242,lod-lille-0.6b,bn,D-lit,B,D,1,D,0,1,0.009853887371718,0.9751837849617001,0.9751837849617001,0.869946956634521,0.010951484553515,0.009853887371718,0.004010788630694,0.9751837849617001
10246,lod-lille-0.6b,bn,D-lit,B,A,1,A,0,1,0.12881360948085702,0.717433810234069,0.717433810234069,0.57688421010971,0.717433810234069,0.12881360948085702,0.09274086356163001,0.061011664569377004
10247,lod-lille-0.6b,bn,D-lit,D,A,3,B,0,0,0.145239815115928,0.2690911591053,0.389372050762176,0.23516087234020203,0.2690911591053,0.389372050762176,0.19629696011543202,0.145239815115928
10250,lod-lille-0.6b,bn,D-lit,C,B,2,B,0,1,0.17719225585460602,0.536969721317291,0.536969721317291,0.341330736875534,0.207169204950332,0.536969721317291,0.17719225585460602,0.078668743371963
10251,lod-lille-0.6b,bn,D-lit,C,A,2,A,0,1,0.043398860841989004,0.7179985642433161,0.7179985642433161,0.515330672264099,0.7179985642433161,0.100177690386772,0.043398860841989004,0.138424843549728
10264,lod-lille-0.6b,bn,D-lit,D,B,3,A,0,0,0.313220709562301,0.096911966800689,0.37431237101554804,0.22952888906002003,0.37431237101554804,0.096911966800689,0.21555502712726501,0.313220709562301
10267,lod-lille-0.6b,bn,D-lit,B,D,1,D,0,1,0.203733205795288,0.500517845153808,0.500517845153808,0.277605354785919,0.175262168049812,0.203733205795288,0.120486721396446,0.500517845153808
10271,lod-lille-0.6b,bn,D-lit,D,B,3,B,0,1,0.05034152790904001,0.843674480915069,0.843674480915069,0.703532516956329,0.054646126925945004,0.843674480915069,0.051337905228137005,0.05034152790904001
10279,lod-lille-0.6b,bn,D-lit,C,B,2,B,0,1,0.067836090922355,0.783746659755706,0.783746659755706,0.6538675427436821,0.08387218415737101,0.783746659755706,0.067836090922355,0.064545065164566
10283,lod-lille-0.6b,bn,D-lit,D,B,3,B,0,1,0.22595173120498602,0.41389733552932706,0.41389733552932706,0.342499822378158,0.054671663790941,0.41389733552932706,0.305479228496551,0.22595173120498602
10299,lod-lille-0.6b,bn,D-lit,B,A,1,A,0,1,0.023941621184349,0.9301763176918031,0.9301763176918031,0.771067023277282,0.9301763176918031,0.023941621184349,0.016413789242506003,0.029468348249793
10306,lod-lille-0.6b,bn,D-lit,A,D,0,D,0,1,0.20211726427078203,0.5613637566566461,0.5613637566566461,0.42960771918296803,0.20211726427078203,0.13841481506824402,0.09810421615839,0.5613637566566461
10307,lod-lille-0.6b,bn,D-lit,C,D,2,D,0,1,0.19233366847038202,0.7949532866477961,0.7949532866477961,0.8042587637901301,0.008360766805708,0.004352193325757,0.19233366847038202,0.7949532866477961
10308,lod-lille-0.6b,bn,D-lit,B,A,1,A,0,1,0.055882770568132005,0.9218842387199401,0.9218842387199401,0.760505318641662,0.9218842387199401,0.055882770568132005,0.012466647662222,0.009766341187059002
10323,lod-lille-0.6b,bn,D-lit,C,B,2,D,0,0,0.262130320072174,0.276170134544372,0.300350785255432,0.154671385884284,0.16134880483150402,0.276170134544372,0.262130320072174,0.300350785255432
10324,lod-lille-0.6b,bn,D-lit,C,B,2,B,0,1,0.010730945505201001,0.96648496389389,0.96648496389389,0.8429436683654781,0.009092586115002,0.96648496389389,0.010730945505201001,0.01369160786271
10329,lod-lille-0.6b,bn,D-lit,B,D,1,D,0,1,0.05878811702132201,0.884051918983459,0.884051918983459,0.7147698998451231,0.028923010453581,0.05878811702132201,0.028236949816346002,0.884051918983459
10330,lod-lille-0.6b,bn,D-lit,A,C,0,C,0,1,0.002618610160425,0.992865920066833,0.992865920066833,0.8718299269676201,0.002618610160425,0.0020190982613710004,0.992865920066833,0.002496439497917
10331,lod-lille-0.6b,bn,D-lit,B,A,1,B,1,0,0.48928338289260803,0.43792751431465105,0.48928338289260803,0.367503106594085,0.43792751431465105,0.48928338289260803,0.045265667140483,0.027523379772901
10335,lod-lille-0.6b,bn,D-lit,B,A,1,D,0,0,0.12972834706306402,0.17275421321392,0.623829126358032,0.404431104660034,0.17275421321392,0.12972834706306402,0.07368829101324001,0.623829126358032
10345,lod-lille-0.6b,bn,D-lit,C,B,2,A,0,0,0.261489510536193,0.259264230728149,0.271178692579269,0.155320286750793,0.271178692579269,0.259264230728149,0.261489510536193,0.20806755125522602
10347,lod-lille-0.6b,bn,D-lit,D,A,3,A,0,1,0.15281456708908,0.697605848312377,0.697605848312377,0.44225960969924905,0.697605848312377,0.07133006304502401,0.078249484300613,0.15281456708908
10349,lod-lille-0.6b,bn,D-lit,C,A,2,A,0,1,0.105153053998947,0.46497580409049905,0.46497580409049905,0.20994727313518502,0.46497580409049905,0.276952713727951,0.105153053998947,0.15291841328144
10352,lod-lille-0.6b,bn,D-lit,D,C,3,D,1,0,0.48374286293983404,0.33282104134559604,0.48374286293983404,0.274601310491561,0.08832561224699001,0.09511050581932001,0.33282104134559604,0.48374286293983404
10354,lod-lille-0.6b,bn,D-lit,A,B,0,B,0,1,0.278699874877929,0.421207547187805,0.421207547187805,0.18690356612205503,0.278699874877929,0.421207547187805,0.17999908328056302,0.120093487203121
10356,lod-lille-0.6b,bn,D-lit,C,A,2,A,0,1,0.040659967809915,0.896816194057464,0.896816194057464,0.7261580824851991,0.896816194057464,0.0283724963665,0.040659967809915,0.03415135666728
10357,lod-lille-0.6b,bn,D-lit,A,D,0,D,0,1,0.206647485494613,0.7632985115051271,0.7632985115051271,0.52907782793045,0.206647485494613,0.021060246974229,0.008993777446448002,0.7632985115051271
10361,lod-lille-0.6b,bn,D-lit,D,B,3,B,0,1,0.26108658313751204,0.6572331786155701,0.6572331786155701,0.438697963953018,0.043679162859916,0.6572331786155701,0.038001041859388004,0.26108658313751204
