id,perm_id,perm,gold_key,gold_pos,pred,max_prob,conf_head,p_A,p_B,p_C,p_D,input_tokens,cost,correct,chosen_opt
8141,2,0213,A,0,A,1.0,1.0,1.0,0.0,0.0,0.0,388,1.6296e-05,1,0
8141,1,0132,A,0,A,1.0,1.0,1.0,0.0,0.0,0.0,388,1.6296e-05,1,0
8141,5,0321,A,0,A,1.0,1.0,1.0,0.0,0.0,0.0,388,1.6296e-05,1,0
8141,3,0231,A,0,A,1.0,1.0,1.0,0.0,0.0,0.0,388,1.6296e-05,1,0
8141,0,0123,A,0,A,1.0,1.0,1.0,0.0,0.0,0.0,388,1.6296e-05,1,0
8141,6,1023,B,1,B,1.0,1.0,0.0,1.0,0.0,0.0,388,1.6296e-05,1,0
8141,8,1203,C,2,C,1.0,0.99,0.0,0.0,1.0,0.0,388,1.6296e-05,1,0
8141,7,1032,B,1,B,1.0,1.0,0.0,1.0,0.0,0.0,388,1.6296e-05,1,0
8141,9,1230,D,3,D,1.0,0.99,0.0,0.0,0.0,1.0,388,1.6296e-05,1,0
8141,11,1320,D,3,D,1.0,1.0,0.0,0.0,0.0,1.0,388,1.6296e-05,1,0
8141,4,0312,A,0,A,1.0,1.0,1.0,0.0,0.0,0.0,388,1.6296e-05,1,0
8141,10,1302,C,2,C,1.0,1.0,0.0,0.0,1.0,0.0,388,1.6296e-05,1,0
8141,14,2103,C,2,C,1.0,0.99,0.0,0.0,1.0,0.0,388,1.6296e-05,1,0
8141,12,2013,B,1,B,1.0,1.0,0.0,1.0,0.0,0.0,388,1.6296e-05,1,0
8141,13,2031,B,1,B,1.0,1.0,0.0,1.0,0.0,0.0,388,1.6296e-05,1,0
8141,15,2130,D,3,D,1.0,1.0,0.0,0.0,0.0,1.0,388,1.6296e-05,1,0
8141,16,2301,C,2,C,1.0,0.99,0.0,0.0,1.0,0.0,388,1.6296e-05,1,0
8141,17,2310,D,3,D,1.0,1.0,0.0,0.0,0.0,1.0,388,1.6296e-05,1,0
8141,18,3012,B,1,B,1.0,1.0,0.0,1.0,0.0,0.0,388,1.6296e-05,1,0
8141,21,3120,D,3,D,1.0,1.0,0.0,0.0,0.0,1.0,388,1.6296e-05,1,0
8141,20,3102,C,2,C,1.0,1.0,0.0,0.0,1.0,0.0,388,1.6296e-05,1,0
8141,19,3021,B,1,B,1.0,0.99,0.0,1.0,0.0,0.0,388,1.6296e-05,1,0
8141,23,3210,D,3,D,1.0,1.0,0.0,0.0,0.0,1.0,388,1.6296e-05,1,0
8141,22,3201,C,2,C,1.0,0.99,0.0,0.0,1.0,0.0,388,1.6296e-05,1,0
6937,2,0213,A,0,A,0.91,0.88,0.91,0.09,0.0,0.0,372,1.5624e-05,1,0
6937,0,0123,A,0,A,0.93,0.91,0.93,0.0,0.07,0.0,372,1.5624e-05,1,0
6937,1,0132,A,0,A,0.9500000000000001,0.93,0.9500000000000001,0.0,0.0,0.05,372,1.5624e-05,1,0
6937,3,0231,A,0,A,0.92,0.9,0.92,0.08,0.0,0.0,372,1.5624e-05,1,0
6937,4,0312,A,0,A,0.93,0.91,0.93,0.0,0.0,0.07,372,1.5624e-05,1,0
6937,6,1023,B,1,B,0.9500000000000001,0.93,0.0,0.9500000000000001,0.05,0.0,372,1.5624e-05,1,0
6937,5,0321,A,0,A,0.91,0.88,0.91,0.0,0.09,0.0,372,1.5624e-05,1,0
6937,9,1230,D,3,D,0.9400000000000001,0.92,0.0,0.06,0.0,0.9400000000000001,372,1.5624e-05,1,0
6937,8,1203,C,2,C,0.92,0.9,0.0,0.08,0.92,0.0,372,1.5624e-05,1,0
6937,7,1032,B,1,B,0.93,0.91,0.0,0.93,0.0,0.07,372,1.5624e-05,1,0
6937,10,1302,C,2,C,0.9500000000000001,0.93,0.0,0.0,0.9500000000000001,0.05,372,1.5624e-05,1,0
6937,11,1320,D,3,D,0.9500000000000001,0.93,0.0,0.0,0.05,0.9500000000000001,372,1.5624e-05,1,0
6937,12,2013,B,1,B,0.93,0.9,0.07,0.93,0.0,0.0,372,1.5624e-05,1,0
6937,15,2130,D,3,D,0.91,0.87,0.09,0.0,0.0,0.91,372,1.5624e-05,1,0
6937,13,2031,B,1,B,0.9,0.87,0.1,0.9,0.0,0.0,372,1.5624e-05,1,0
6937,16,2301,C,2,C,0.89,0.86,0.11,0.0,0.89,0.0,372,1.5624e-05,1,0
6937,17,2310,D,3,D,0.88,0.84,0.12,0.0,0.0,0.88,372,1.5624e-05,1,0
6937,14,2103,C,2,C,0.88,0.84,0.12,0.0,0.88,0.0,372,1.5624e-05,1,0
6937,19,3021,B,1,B,0.9500000000000001,0.9400000000000001,0.0,0.9500000000000001,0.05,0.0,372,1.5624e-05,1,0
6937,18,3012,B,1,B,0.9400000000000001,0.92,0.0,0.9400000000000001,0.0,0.06,372,1.5624e-05,1,0
6937,21,3120,D,3,D,0.9400000000000001,0.92,0.0,0.0,0.06,0.9400000000000001,372,1.5624e-05,1,0
6937,20,3102,C,2,C,0.9400000000000001,0.92,0.0,0.0,0.9400000000000001,0.06,372,1.5624e-05,1,0
6937,23,3210,D,3,D,0.93,0.9,0.0,0.07,0.0,0.93,372,1.5624e-05,1,0
1249,0,0123,B,1,B,0.88,0.85,0.01,0.88,0.0,0.11,381,1.6002000000000004e-05,1,1
6937,22,3201,C,2,C,0.91,0.88,0.0,0.09,0.91,0.0,372,1.5624e-05,1,0
1249,2,0213,C,2,C,0.88,0.84,0.0,0.0,0.88,0.12,381,1.6002000000000004e-05,1,1
1249,1,0132,B,1,B,0.89,0.85,0.0,0.89,0.11,0.0,381,1.6002000000000004e-05,1,1
1249,3,0231,D,3,D,0.78,0.6900000000000001,0.0,0.0,0.22,0.78,381,1.6002000000000004e-05,1,1
1249,5,0321,D,3,D,0.8300000000000001,0.77,0.0,0.17,0.0,0.8300000000000001,381,1.6002000000000004e-05,1,1
1249,4,0312,C,2,C,0.75,0.68,0.01,0.24,0.75,0.0,381,1.6002000000000004e-05,1,1
1249,6,1023,A,0,A,0.92,0.89,0.92,0.0,0.0,0.08,381,1.6002000000000004e-05,1,1
1249,7,1032,A,0,A,0.9,0.87,0.9,0.0,0.1,0.0,381,1.6002000000000004e-05,1,1
1249,8,1203,A,0,A,0.93,0.9,0.93,0.0,0.0,0.07,381,1.6002000000000004e-05,1,1
1249,11,1320,A,0,A,0.87,0.8300000000000001,0.87,0.13,0.0,0.0,381,1.6002000000000004e-05,1,1
1249,10,1302,A,0,A,0.86,0.81,0.86,0.14,0.0,0.0,381,1.6002000000000004e-05,1,1
1249,12,2013,C,2,C,0.91,0.87,0.0,0.0,0.91,0.09,381,1.6002000000000004e-05,1,1
1249,9,1230,A,0,A,0.85,0.8,0.85,0.0,0.15,0.0,381,1.6002000000000004e-05,1,1
1249,13,2031,D,3,D,0.7000000000000001,0.59,0.0,0.0,0.30000000000000004,0.7000000000000001,381,1.6002000000000004e-05,1,1
1249,15,2130,B,1,B,0.8200000000000001,0.75,0.0,0.8200000000000001,0.18,0.0,381,1.6002000000000004e-05,1,1
1249,14,2103,B,1,B,0.88,0.8300000000000001,0.0,0.88,0.0,0.12,381,1.6002000000000004e-05,1,1
1249,17,2310,C,2,C,0.7000000000000001,0.59,0.0,0.30000000000000004,0.7000000000000001,0.0,381,1.6002000000000004e-05,1,1
1249,16,2301,D,3,D,0.77,0.68,0.0,0.23,0.0,0.77,381,1.6002000000000004e-05,1,1
1249,18,3012,C,2,C,0.62,0.49,0.38,0.0,0.62,0.0,381,1.6002000000000004e-05,1,1
1249,19,3021,D,3,D,0.74,0.65,0.26,0.0,0.0,0.74,381,1.6002000000000004e-05,1,1
1249,20,3102,B,1,B,0.71,0.61,0.29,0.71,0.0,0.0,381,1.6002000000000004e-05,1,1
1249,21,3120,B,1,B,0.73,0.64,0.27,0.73,0.0,0.0,381,1.6002000000000004e-05,1,1
1249,22,3201,D,3,D,0.73,0.63,0.27,0.0,0.0,0.73,381,1.6002000000000004e-05,1,1
314,2,0213,B,1,B,1.0,1.0,0.0,1.0,0.0,0.0,377,1.5834e-05,1,2
1249,23,3210,C,2,C,0.62,0.49,0.38,0.0,0.62,0.0,381,1.6002000000000004e-05,1,1
314,1,0132,D,3,D,1.0,1.0,0.0,0.0,0.0,1.0,377,1.5834e-05,1,2
314,0,0123,C,2,C,1.0,1.0,0.0,0.0,1.0,0.0,377,1.5834e-05,1,2
314,3,0231,B,1,B,1.0,1.0,0.0,1.0,0.0,0.0,377,1.5834e-05,1,2
314,4,0312,D,3,D,1.0,1.0,0.0,0.0,0.0,1.0,377,1.5834e-05,1,2
314,5,0321,C,2,C,1.0,1.0,0.0,0.0,1.0,0.0,377,1.5834e-05,1,2
314,6,1023,C,2,C,1.0,1.0,0.0,0.0,1.0,0.0,377,1.5834e-05,1,2
314,7,1032,D,3,D,1.0,1.0,0.0,0.0,0.0,1.0,377,1.5834e-05,1,2
314,10,1302,D,3,D,1.0,1.0,0.0,0.0,0.0,1.0,377,1.5834e-05,1,2
314,11,1320,C,2,C,1.0,1.0,0.0,0.0,1.0,0.0,377,1.5834e-05,1,2
314,12,2013,A,0,A,1.0,1.0,1.0,0.0,0.0,0.0,377,1.5834e-05,1,2
314,9,1230,B,1,B,1.0,1.0,0.0,1.0,0.0,0.0,377,1.5834e-05,1,2
314,13,2031,A,0,A,1.0,1.0,1.0,0.0,0.0,0.0,377,1.5834e-05,1,2
314,15,2130,A,0,A,1.0,1.0,1.0,0.0,0.0,0.0,377,1.5834e-05,1,2
314,8,1203,B,1,B,1.0,1.0,0.0,1.0,0.0,0.0,377,1.5834e-05,1,2
314,14,2103,A,0,A,1.0,1.0,1.0,0.0,0.0,0.0,377,1.5834e-05,1,2
314,16,2301,A,0,A,1.0,1.0,1.0,0.0,0.0,0.0,377,1.5834e-05,1,2
314,17,2310,A,0,A,1.0,1.0,1.0,0.0,0.0,0.0,377,1.5834e-05,1,2
314,18,3012,D,3,D,1.0,1.0,0.0,0.0,0.0,1.0,377,1.5834e-05,1,2
314,19,3021,C,2,C,1.0,1.0,0.0,0.0,1.0,0.0,377,1.5834e-05,1,2
314,22,3201,B,1,B,1.0,1.0,0.0,1.0,0.0,0.0,377,1.5834e-05,1,2
314,20,3102,D,3,D,1.0,1.0,0.0,0.0,0.0,1.0,377,1.5834e-05,1,2
314,21,3120,C,2,C,1.0,1.0,0.0,0.0,1.0,0.0,377,1.5834e-05,1,2
645,1,0132,B,1,B,1.0,1.0,0.0,1.0,0.0,0.0,369,1.5498000000000003e-05,1,1
314,23,3210,B,1,B,1.0,1.0,0.0,1.0,0.0,0.0,377,1.5834e-05,1,2
645,0,0123,B,1,B,1.0,1.0,0.0,1.0,0.0,0.0,369,1.5498000000000003e-05,1,1
645,2,0213,C,2,C,1.0,1.0,0.0,0.0,1.0,0.0,369,1.5498000000000003e-05,1,1
645,3,0231,D,3,D,1.0,1.0,0.0,0.0,0.0,1.0,369,1.5498000000000003e-05,1,1
645,5,0321,D,3,D,1.0,1.0,0.0,0.0,0.0,1.0,369,1.5498000000000003e-05,1,1
645,4,0312,C,2,C,1.0,1.0,0.0,0.0,1.0,0.0,369,1.5498000000000003e-05,1,1
645,6,1023,A,0,A,1.0,1.0,1.0,0.0,0.0,0.0,369,1.5498000000000003e-05,1,1
645,8,1203,A,0,A,1.0,1.0,1.0,0.0,0.0,0.0,369,1.5498000000000003e-05,1,1
645,7,1032,A,0,A,1.0,1.0,1.0,0.0,0.0,0.0,369,1.5498000000000003e-05,1,1
645,10,1302,A,0,A,1.0,1.0,1.0,0.0,0.0,0.0,369,1.5498000000000003e-05,1,1
645,13,2031,D,3,D,1.0,1.0,0.0,0.0,0.0,1.0,369,1.5498000000000003e-05,1,1
645,9,1230,A,0,A,1.0,1.0,1.0,0.0,0.0,0.0,369,1.5498000000000003e-05,1,1
645,11,1320,A,0,A,1.0,1.0,1.0,0.0,0.0,0.0,369,1.5498000000000003e-05,1,1
645,12,2013,C,2,C,1.0,1.0,0.0,0.0,1.0,0.0,369,1.5498000000000003e-05,1,1
645,14,2103,B,1,B,1.0,1.0,0.0,1.0,0.0,0.0,369,1.5498000000000003e-05,1,1
645,15,2130,B,1,B,1.0,1.0,0.0,1.0,0.0,0.0,369,1.5498000000000003e-05,1,1
645,17,2310,C,2,C,1.0,1.0,0.0,0.0,1.0,0.0,369,1.5498000000000003e-05,1,1
645,16,2301,D,3,D,1.0,1.0,0.0,0.0,0.0,1.0,369,1.5498000000000003e-05,1,1
645,18,3012,C,2,C,1.0,1.0,0.0,0.0,1.0,0.0,369,1.5498000000000003e-05,1,1
645,19,3021,D,3,D,1.0,1.0,0.0,0.0,0.0,1.0,369,1.5498000000000003e-05,1,1
645,21,3120,B,1,B,1.0,1.0,0.0,1.0,0.0,0.0,369,1.5498000000000003e-05,1,1
645,20,3102,B,1,B,1.0,1.0,0.0,1.0,0.0,0.0,369,1.5498000000000003e-05,1,1
2443,0,0123,B,1,B,1.0,1.0,0.0,1.0,0.0,0.0,379,1.5918000000000002e-05,1,1
645,23,3210,C,2,C,1.0,1.0,0.0,0.0,1.0,0.0,369,1.5498000000000003e-05,1,1
645,22,3201,D,3,D,1.0,1.0,0.0,0.0,0.0,1.0,369,1.5498000000000003e-05,1,1
2443,1,0132,B,1,B,1.0,1.0,0.0,1.0,0.0,0.0,379,1.5918000000000002e-05,1,1
2443,2,0213,C,2,C,1.0,1.0,0.0,0.0,1.0,0.0,379,1.5918000000000002e-05,1,1
2443,3,0231,D,3,D,1.0,1.0,0.0,0.0,0.0,1.0,379,1.5918000000000002e-05,1,1
2443,4,0312,C,2,C,1.0,1.0,0.0,0.0,1.0,0.0,379,1.5918000000000002e-05,1,1
2443,5,0321,D,3,D,1.0,1.0,0.0,0.0,0.0,1.0,379,1.5918000000000002e-05,1,1
2443,7,1032,A,0,A,1.0,1.0,1.0,0.0,0.0,0.0,379,1.5918000000000002e-05,1,1
2443,9,1230,A,0,A,1.0,1.0,1.0,0.0,0.0,0.0,379,1.5918000000000002e-05,1,1
2443,10,1302,A,0,A,1.0,1.0,1.0,0.0,0.0,0.0,379,1.5918000000000002e-05,1,1
2443,8,1203,A,0,A,1.0,1.0,1.0,0.0,0.0,0.0,379,1.5918000000000002e-05,1,1
2443,11,1320,A,0,A,1.0,1.0,1.0,0.0,0.0,0.0,379,1.5918000000000002e-05,1,1
2443,6,1023,A,0,A,1.0,1.0,1.0,0.0,0.0,0.0,379,1.5918000000000002e-05,1,1
2443,12,2013,C,2,C,1.0,1.0,0.0,0.0,1.0,0.0,379,1.5918000000000002e-05,1,1
2443,13,2031,D,3,D,1.0,1.0,0.0,0.0,0.0,1.0,379,1.5918000000000002e-05,1,1
2443,14,2103,B,1,B,1.0,1.0,0.0,1.0,0.0,0.0,379,1.5918000000000002e-05,1,1
2443,18,3012,C,2,C,1.0,1.0,0.0,0.0,1.0,0.0,379,1.5918000000000002e-05,1,1
2443,16,2301,D,3,D,1.0,1.0,0.0,0.0,0.0,1.0,379,1.5918000000000002e-05,1,1
2443,15,2130,B,1,B,1.0,1.0,0.0,1.0,0.0,0.0,379,1.5918000000000002e-05,1,1
2443,19,3021,D,3,D,1.0,1.0,0.0,0.0,0.0,1.0,379,1.5918000000000002e-05,1,1
2443,21,3120,B,1,B,1.0,1.0,0.0,1.0,0.0,0.0,379,1.5918000000000002e-05,1,1
2443,20,3102,B,1,B,1.0,1.0,0.0,1.0,0.0,0.0,379,1.5918000000000002e-05,1,1
2443,17,2310,C,2,C,1.0,1.0,0.0,0.0,1.0,0.0,379,1.5918000000000002e-05,1,1
2443,22,3201,D,3,D,1.0,1.0,0.0,0.0,0.0,1.0,379,1.5918000000000002e-05,1,1
7114,0,0123,C,2,C,1.0,1.0,0.0,0.0,1.0,0.0,367,1.5414e-05,1,2
2443,23,3210,C,2,C,1.0,1.0,0.0,0.0,1.0,0.0,379,1.5918000000000002e-05,1,1
7114,5,0321,C,2,C,1.0,1.0,0.0,0.0,1.0,0.0,367,1.5414e-05,1,2
7114,4,0312,D,3,D,1.0,1.0,0.0,0.0,0.0,1.0,367,1.5414e-05,1,2
7114,2,0213,B,1,B,1.0,1.0,0.0,1.0,0.0,0.0,367,1.5414e-05,1,2
7114,1,0132,D,3,D,1.0,1.0,0.0,0.0,0.0,1.0,367,1.5414e-05,1,2
7114,7,1032,D,3,D,1.0,1.0,0.0,0.0,0.0,1.0,367,1.5414e-05,1,2
7114,6,1023,C,2,C,1.0,1.0,0.0,0.0,1.0,0.0,367,1.5414e-05,1,2
7114,8,1203,B,1,B,1.0,1.0,0.0,1.0,0.0,0.0,367,1.5414e-05,1,2
7114,9,1230,B,1,B,1.0,1.0,0.0,1.0,0.0,0.0,367,1.5414e-05,1,2
7114,10,1302,D,3,D,1.0,1.0,0.0,0.0,0.0,1.0,367,1.5414e-05,1,2
7114,13,2031,A,0,A,1.0,1.0,1.0,0.0,0.0,0.0,367,1.5414e-05,1,2
7114,12,2013,A,0,A,1.0,1.0,1.0,0.0,0.0,0.0,367,1.5414e-05,1,2
7114,14,2103,A,0,A,1.0,1.0,1.0,0.0,0.0,0.0,367,1.5414e-05,1,2
7114,11,1320,C,2,C,1.0,1.0,0.0,0.0,1.0,0.0,367,1.5414e-05,1,2
7114,15,2130,A,0,A,1.0,1.0,1.0,0.0,0.0,0.0,367,1.5414e-05,1,2
7114,16,2301,A,0,A,1.0,1.0,1.0,0.0,0.0,0.0,367,1.5414e-05,1,2
7114,17,2310,A,0,A,1.0,1.0,1.0,0.0,0.0,0.0,367,1.5414e-05,1,2
7114,18,3012,D,3,D,1.0,1.0,0.0,0.0,0.0,1.0,367,1.5414e-05,1,2
7114,21,3120,C,2,C,1.0,1.0,0.0,0.0,1.0,0.0,367,1.5414e-05,1,2
7114,19,3021,C,2,C,1.0,1.0,0.0,0.0,1.0,0.0,367,1.5414e-05,1,2
7114,20,3102,D,3,D,1.0,1.0,0.0,0.0,0.0,1.0,367,1.5414e-05,1,2
7114,22,3201,B,1,B,1.0,1.0,0.0,1.0,0.0,0.0,367,1.5414e-05,1,2
7114,23,3210,B,1,B,1.0,1.0,0.0,1.0,0.0,0.0,367,1.5414e-05,1,2
685,0,0123,B,1,B,0.99,0.99,0.0,0.99,0.01,0.0,363,1.5246000000000001e-05,1,1
685,3,0231,D,3,D,0.99,0.98,0.0,0.01,0.0,0.99,363,1.5246000000000001e-05,1,1
685,5,0321,D,3,D,0.99,0.99,0.0,0.0,0.01,0.99,363,1.5246000000000001e-05,1,1
7114,3,0231,B,1,B,1.0,1.0,0.0,1.0,0.0,0.0,367,1.5414e-05,1,2
685,4,0312,C,2,C,0.99,0.98,0.0,0.0,0.99,0.01,363,1.5246000000000001e-05,1,1
685,1,0132,B,1,B,1.0,0.99,0.0,1.0,0.0,0.0,363,1.5246000000000001e-05,1,1
685,2,0213,C,2,C,0.99,0.99,0.0,0.01,0.99,0.0,363,1.5246000000000001e-05,1,1
685,8,1203,A,0,A,0.98,0.98,0.98,0.02,0.0,0.0,363,1.5246000000000001e-05,1,1
685,6,1023,A,0,A,1.0,0.99,1.0,0.0,0.0,0.0,363,1.5246000000000001e-05,1,1
685,7,1032,A,0,A,1.0,0.99,1.0,0.0,0.0,0.0,363,1.5246000000000001e-05,1,1
685,9,1230,A,0,A,0.98,0.97,0.98,0.02,0.0,0.0,363,1.5246000000000001e-05,1,1
685,10,1302,A,0,A,1.0,1.0,1.0,0.0,0.0,0.0,363,1.5246000000000001e-05,1,1
685,12,2013,C,2,C,0.97,0.96,0.03,0.0,0.97,0.0,363,1.5246000000000001e-05,1,1
685,15,2130,B,1,B,0.98,0.97,0.02,0.98,0.0,0.0,363,1.5246000000000001e-05,1,1
685,11,1320,A,0,A,1.0,0.99,1.0,0.0,0.0,0.0,363,1.5246000000000001e-05,1,1
685,16,2301,D,3,D,0.98,0.97,0.02,0.0,0.0,0.98,363,1.5246000000000001e-05,1,1
685,19,3021,D,3,D,0.99,0.99,0.0,0.0,0.01,0.99,363,1.5246000000000001e-05,1,1
685,20,3102,B,1,B,1.0,0.99,0.0,1.0,0.0,0.0,363,1.5246000000000001e-05,1,1
685,14,2103,B,1,B,0.97,0.96,0.03,0.97,0.0,0.0,363,1.5246000000000001e-05,1,1
685,13,2031,D,3,D,0.98,0.96,0.02,0.0,0.0,0.98,363,1.5246000000000001e-05,1,1
685,17,2310,C,2,C,0.98,0.97,0.02,0.0,0.98,0.0,363,1.5246000000000001e-05,1,1
685,18,3012,C,2,C,0.99,0.98,0.0,0.0,0.99,0.01,363,1.5246000000000001e-05,1,1
685,22,3201,D,3,D,0.99,0.98,0.0,0.01,0.0,0.99,363,1.5246000000000001e-05,1,1
685,23,3210,C,2,C,0.98,0.97,0.0,0.02,0.98,0.0,363,1.5246000000000001e-05,1,1
685,21,3120,B,1,B,0.99,0.99,0.0,0.99,0.01,0.0,363,1.5246000000000001e-05,1,1
9274,0,0123,D,3,D,0.99,0.99,0.0,0.0,0.01,0.99,361,1.5162000000000002e-05,1,3
9274,1,0132,C,2,C,0.99,0.99,0.0,0.0,0.99,0.01,361,1.5162000000000002e-05,1,3
9274,2,0213,D,3,D,1.0,0.99,0.0,0.0,0.0,1.0,361,1.5162000000000002e-05,1,3
9274,3,0231,C,2,C,0.99,0.99,0.0,0.01,0.99,0.0,361,1.5162000000000002e-05,1,3
9274,5,0321,B,1,B,0.99,0.99,0.0,0.99,0.01,0.0,361,1.5162000000000002e-05,1,3
9274,4,0312,B,1,B,1.0,0.99,0.0,1.0,0.0,0.0,361,1.5162000000000002e-05,1,3
9274,6,1023,D,3,D,0.99,0.99,0.0,0.0,0.01,0.99,361,1.5162000000000002e-05,1,3
9274,8,1203,D,3,D,1.0,1.0,0.0,0.0,0.0,1.0,361,1.5162000000000002e-05,1,3
9274,7,1032,C,2,C,0.99,0.99,0.0,0.0,0.99,0.01,361,1.5162000000000002e-05,1,3
9274,9,1230,C,2,C,0.99,0.99,0.0,0.01,0.99,0.0,361,1.5162000000000002e-05,1,3
9274,11,1320,B,1,B,0.99,0.99,0.0,0.99,0.01,0.0,361,1.5162000000000002e-05,1,3
9274,10,1302,B,1,B,0.99,0.99,0.0,0.99,0.0,0.01,361,1.5162000000000002e-05,1,3
9274,12,2013,D,3,D,1.0,0.99,0.0,0.0,0.0,1.0,361,1.5162000000000002e-05,1,3
9274,14,2103,D,3,D,1.0,1.0,0.0,0.0,0.0,1.0,361,1.5162000000000002e-05,1,3
9274,15,2130,C,2,C,1.0,1.0,0.0,0.0,1.0,0.0,361,1.5162000000000002e-05,1,3
9274,16,2301,B,1,B,0.99,0.99,0.01,0.99,0.0,0.0,361,1.5162000000000002e-05,1,3
9274,18,3012,A,0,A,0.99,0.99,0.99,0.0,0.0,0.01,361,1.5162000000000002e-05,1,3
9274,19,3021,A,0,A,0.99,0.99,0.99,0.0,0.01,0.0,361,1.5162000000000002e-05,1,3
9274,13,2031,C,2,C,1.0,1.0,0.0,0.0,1.0,0.0,361,1.5162000000000002e-05,1,3
9274,17,2310,B,1,B,0.99,0.99,0.01,0.99,0.0,0.0,361,1.5162000000000002e-05,1,3
9274,20,3102,A,0,A,1.0,0.99,1.0,0.0,0.0,0.0,361,1.5162000000000002e-05,1,3
9274,21,3120,A,0,A,0.99,0.99,0.99,0.0,0.01,0.0,361,1.5162000000000002e-05,1,3
9274,23,3210,A,0,A,0.99,0.99,0.99,0.01,0.0,0.0,361,1.5162000000000002e-05,1,3
9274,22,3201,A,0,A,0.99,0.99,0.99,0.01,0.0,0.0,361,1.5162000000000002e-05,1,3
9926,0,0123,C,2,C,0.9,0.86,0.0,0.0,0.9,0.1,365,1.533e-05,1,2
9926,1,0132,D,3,D,0.91,0.88,0.0,0.0,0.09,0.91,365,1.533e-05,1,2
9926,3,0231,B,1,B,0.84,0.79,0.0,0.84,0.16,0.0,365,1.533e-05,1,2
9926,2,0213,B,1,B,0.85,0.8,0.0,0.85,0.0,0.15,365,1.533e-05,1,2
9926,4,0312,D,3,D,0.92,0.89,0.0,0.08,0.0,0.92,365,1.533e-05,1,2
9926,5,0321,C,2,C,0.91,0.88,0.0,0.09,0.91,0.0,365,1.533e-05,1,2
9926,6,1023,C,2,C,0.85,0.8,0.0,0.0,0.85,0.15,365,1.533e-05,1,2
9926,7,1032,D,3,D,0.91,0.88,0.0,0.0,0.09,0.91,365,1.533e-05,1,2
9926,9,1230,B,1,B,0.87,0.8300000000000001,0.0,0.87,0.13,0.0,365,1.533e-05,1,2
9926,8,1203,B,1,B,0.87,0.8200000000000001,0.0,0.87,0.0,0.13,365,1.533e-05,1,2
9926,10,1302,D,3,D,0.89,0.85,0.0,0.11,0.0,0.89,365,1.533e-05,1,2
9926,11,1320,C,2,C,0.87,0.8300000000000001,0.0,0.13,0.87,0.0,365,1.533e-05,1,2
9926,15,2130,A,0,A,0.8200000000000001,0.76,0.8200000000000001,0.0,0.18,0.0,365,1.533e-05,1,2
9926,12,2013,A,0,A,0.86,0.8200000000000001,0.86,0.0,0.0,0.14,365,1.533e-05,1,2
9926,13,2031,A,0,A,0.87,0.8200000000000001,0.87,0.0,0.13,0.0,365,1.533e-05,1,2
9926,16,2301,A,0,A,0.85,0.8,0.85,0.15,0.0,0.0,365,1.533e-05,1,2
9926,17,2310,A,0,A,0.8200000000000001,0.76,0.8200000000000001,0.18,0.0,0.0,365,1.533e-05,1,2
9926,14,2103,A,0,A,0.85,0.79,0.85,0.0,0.0,0.15,365,1.533e-05,1,2
9926,18,3012,D,3,D,0.86,0.81,0.14,0.0,0.0,0.86,365,1.533e-05,1,2
9926,19,3021,C,2,C,0.87,0.8300000000000001,0.13,0.0,0.87,0.0,365,1.533e-05,1,2
9926,22,3201,B,1,B,0.89,0.85,0.11,0.89,0.0,0.0,365,1.533e-05,1,2
9926,21,3120,C,2,C,0.91,0.88,0.09,0.0,0.91,0.0,365,1.533e-05,1,2
9926,20,3102,D,3,D,0.89,0.85,0.11,0.0,0.0,0.89,365,1.533e-05,1,2
9926,23,3210,B,1,B,0.91,0.88,0.09,0.91,0.0,0.0,365,1.533e-05,1,2
145,2,0213,C,2,C,1.0,1.0,0.0,0.0,1.0,0.0,372,1.5624e-05,1,1
145,0,0123,B,1,B,1.0,1.0,0.0,1.0,0.0,0.0,372,1.5624e-05,1,1
145,1,0132,B,1,B,1.0,1.0,0.0,1.0,0.0,0.0,372,1.5624e-05,1,1
145,3,0231,D,3,D,1.0,1.0,0.0,0.0,0.0,1.0,372,1.5624e-05,1,1
145,4,0312,C,2,C,1.0,1.0,0.0,0.0,1.0,0.0,372,1.5624e-05,1,1
145,5,0321,D,3,D,1.0,1.0,0.0,0.0,0.0,1.0,372,1.5624e-05,1,1
145,6,1023,A,0,A,1.0,1.0,1.0,0.0,0.0,0.0,372,1.5624e-05,1,1
145,7,1032,A,0,A,1.0,1.0,1.0,0.0,0.0,0.0,372,1.5624e-05,1,1
145,9,1230,A,0,A,1.0,1.0,1.0,0.0,0.0,0.0,372,1.5624e-05,1,1
145,8,1203,A,0,A,1.0,1.0,1.0,0.0,0.0,0.0,372,1.5624e-05,1,1
145,11,1320,A,0,A,1.0,1.0,1.0,0.0,0.0,0.0,372,1.5624e-05,1,1
145,12,2013,C,2,C,1.0,1.0,0.0,0.0,1.0,0.0,372,1.5624e-05,1,1
145,10,1302,A,0,A,1.0,1.0,1.0,0.0,0.0,0.0,372,1.5624e-05,1,1
145,13,2031,D,3,D,1.0,1.0,0.0,0.0,0.0,1.0,372,1.5624e-05,1,1
145,14,2103,B,1,B,1.0,1.0,0.0,1.0,0.0,0.0,372,1.5624e-05,1,1
145,17,2310,C,2,C,1.0,1.0,0.0,0.0,1.0,0.0,372,1.5624e-05,1,1
145,15,2130,B,1,B,1.0,1.0,0.0,1.0,0.0,0.0,372,1.5624e-05,1,1
145,16,2301,D,3,D,1.0,1.0,0.0,0.0,0.0,1.0,372,1.5624e-05,1,1
145,18,3012,C,2,C,1.0,1.0,0.0,0.0,1.0,0.0,372,1.5624e-05,1,1
145,19,3021,D,3,D,1.0,1.0,0.0,0.0,0.0,1.0,372,1.5624e-05,1,1
145,20,3102,B,1,B,1.0,1.0,0.0,1.0,0.0,0.0,372,1.5624e-05,1,1
145,21,3120,B,1,B,1.0,1.0,0.0,1.0,0.0,0.0,372,1.5624e-05,1,1
1281,0,0123,D,3,B,0.34,0.12,0.2,0.34,0.21,0.25,387,1.6254e-05,0,1
145,22,3201,D,3,D,1.0,1.0,0.0,0.0,0.0,1.0,372,1.5624e-05,1,1
145,23,3210,C,2,C,1.0,1.0,0.0,0.0,1.0,0.0,372,1.5624e-05,1,1
1281,2,0213,D,3,C,0.31,0.08,0.2,0.22,0.31,0.27,387,1.6254e-05,0,1
1281,1,0132,C,2,C,0.42,0.21,0.14,0.36,0.42,0.08,387,1.6254e-05,1,3
1281,4,0312,B,1,B,0.5,0.33,0.18,0.5,0.25,0.07,387,1.6254e-05,1,3
1281,3,0231,C,2,C,0.43,0.24,0.22,0.22,0.43,0.13,387,1.6254e-05,1,3
1281,5,0321,B,1,B,0.5,0.34,0.2,0.5,0.13,0.17,387,1.6254e-05,1,3
1281,7,1032,C,2,A,0.44,0.26,0.44,0.11,0.34,0.11,387,1.6254e-05,0,1
1281,6,1023,D,3,A,0.48,0.32,0.48,0.11,0.22,0.19,387,1.6254e-05,0,1
1281,9,1230,C,2,A,0.43,0.24,0.43,0.30000000000000004,0.23,0.04,387,1.6254e-05,0,1
1281,10,1302,B,1,A,0.44,0.25,0.44,0.36,0.1,0.1,387,1.6254e-05,0,1
1281,8,1203,D,3,B,0.42,0.22,0.37,0.42,0.08,0.13,387,1.6254e-05,0,2
1281,11,1320,B,1,A,0.42,0.23,0.42,0.32,0.2,0.06,387,1.6254e-05,0,1
1281,13,2031,C,2,A,0.44,0.26,0.44,0.09,0.30000000000000004,0.17,387,1.6254e-05,0,2
1281,12,2013,D,3,A,0.47000000000000003,0.28,0.47000000000000003,0.06,0.29,0.18,387,1.6254e-05,0,2
1281,18,3012,A,0,A,0.61,0.47000000000000003,0.61,0.08,0.19,0.12,387,1.6254e-05,1,3
1281,15,2130,C,2,A,0.45,0.26,0.45,0.27,0.24,0.04,387,1.6254e-05,0,2
1281,16,2301,B,1,A,0.53,0.36,0.53,0.22,0.08,0.17,387,1.6254e-05,0,2
1281,17,2310,B,1,A,0.45,0.28,0.45,0.27,0.23,0.05,387,1.6254e-05,0,2
1281,14,2103,D,3,A,0.39,0.19,0.39,0.34,0.08,0.19,387,1.6254e-05,0,2
1281,19,3021,A,0,A,0.53,0.37,0.53,0.11,0.19,0.17,387,1.6254e-05,1,3
1281,21,3120,A,0,A,0.52,0.35000000000000003,0.52,0.2,0.23,0.05,387,1.6254e-05,1,3
1281,23,3210,A,0,A,0.48,0.30000000000000004,0.48,0.27,0.21,0.04,387,1.6254e-05,1,3
1281,20,3102,A,0,A,0.52,0.36,0.52,0.28,0.08,0.12,387,1.6254e-05,1,3
10211,1,0132,B,1,B,0.99,0.98,0.0,0.99,0.01,0.0,370,1.554e-05,1,1
10211,0,0123,B,1,B,0.99,0.99,0.0,0.99,0.0,0.01,370,1.554e-05,1,1
1281,22,3201,A,0,A,0.49,0.33,0.49,0.28,0.08,0.15,387,1.6254e-05,1,3
10211,3,0231,D,3,D,0.99,0.99,0.0,0.0,0.01,0.99,370,1.554e-05,1,1
10211,2,0213,C,2,C,0.98,0.98,0.0,0.0,0.98,0.02,370,1.554e-05,1,1
10211,4,0312,C,2,C,0.99,0.99,0.0,0.01,0.99,0.0,370,1.554e-05,1,1
10211,7,1032,A,0,A,0.96,0.9500000000000001,0.96,0.03,0.01,0.0,370,1.554e-05,1,1
10211,5,0321,D,3,D,1.0,0.99,0.0,0.0,0.0,1.0,370,1.554e-05,1,1
10211,8,1203,A,0,A,0.99,0.98,0.99,0.0,0.0,0.01,370,1.554e-05,1,1
10211,6,1023,A,0,A,0.98,0.98,0.98,0.01,0.0,0.01,370,1.554e-05,1,1
10211,9,1230,A,0,A,0.98,0.98,0.98,0.0,0.01,0.01,370,1.554e-05,1,1
10211,10,1302,A,0,A,0.97,0.96,0.97,0.01,0.02,0.0,370,1.554e-05,1,1
10211,12,2013,C,2,C,0.99,0.98,0.0,0.0,0.99,0.01,370,1.554e-05,1,1
10211,11,1320,A,0,A,0.97,0.97,0.97,0.01,0.01,0.01,370,1.554e-05,1,1
10211,16,2301,D,3,D,1.0,0.99,0.0,0.0,0.0,1.0,370,1.554e-05,1,1
10211,14,2103,B,1,B,0.99,0.99,0.0,0.99,0.0,0.01,370,1.554e-05,1,1
10211,15,2130,B,1,B,0.98,0.98,0.0,0.98,0.01,0.01,370,1.554e-05,1,1
10211,18,3012,C,2,C,1.0,0.99,0.0,0.0,1.0,0.0,370,1.554e-05,1,1
10211,13,2031,D,3,D,0.99,0.99,0.0,0.0,0.01,0.99,370,1.554e-05,1,1
10211,20,3102,B,1,B,0.98,0.98,0.01,0.98,0.01,0.0,370,1.554e-05,1,1
10211,19,3021,D,3,D,1.0,0.99,0.0,0.0,0.0,1.0,370,1.554e-05,1,1
10211,17,2310,C,2,C,0.99,0.99,0.0,0.01,0.99,0.0,370,1.554e-05,1,1
10211,21,3120,B,1,B,1.0,0.99,0.0,1.0,0.0,0.0,370,1.554e-05,1,1
10211,23,3210,C,2,C,0.99,0.99,0.01,0.0,0.99,0.0,370,1.554e-05,1,1
10211,22,3201,D,3,D,1.0,0.99,0.0,0.0,0.0,1.0,370,1.554e-05,1,1
3856,2,0213,D,3,D,0.93,0.91,0.0,0.0,0.07,0.93,364,1.5288e-05,1,3
3856,0,0123,D,3,D,0.9400000000000001,0.91,0.0,0.06,0.0,0.9400000000000001,364,1.5288e-05,1,3
3856,1,0132,C,2,C,0.97,0.96,0.0,0.03,0.97,0.0,364,1.5288e-05,1,3
3856,3,0231,C,2,C,0.98,0.97,0.0,0.0,0.98,0.02,364,1.5288e-05,1,3
3856,4,0312,B,1,B,0.98,0.97,0.0,0.98,0.02,0.0,364,1.5288e-05,1,3
3856,5,0321,B,1,B,0.97,0.96,0.0,0.97,0.0,0.03,364,1.5288e-05,1,3
3856,7,1032,C,2,C,0.98,0.97,0.02,0.0,0.98,0.0,364,1.5288e-05,1,3
3856,6,1023,D,3,D,0.9400000000000001,0.92,0.06,0.0,0.0,0.9400000000000001,364,1.5288e-05,1,3
3856,8,1203,D,3,D,0.93,0.9,0.07,0.0,0.0,0.93,364,1.5288e-05,1,3
3856,9,1230,C,2,C,0.97,0.96,0.03,0.0,0.97,0.0,364,1.5288e-05,1,3
3856,10,1302,B,1,B,0.97,0.9500000000000001,0.03,0.97,0.0,0.0,364,1.5288e-05,1,3
3856,11,1320,B,1,B,0.96,0.9500000000000001,0.04,0.96,0.0,0.0,364,1.5288e-05,1,3
3856,12,2013,D,3,D,0.96,0.9400000000000001,0.0,0.0,0.04,0.96,364,1.5288e-05,1,3
3856,13,2031,C,2,C,0.97,0.97,0.0,0.0,0.97,0.03,364,1.5288e-05,1,3
3856,14,2103,D,3,D,0.9500000000000001,0.93,0.0,0.05,0.0,0.9500000000000001,364,1.5288e-05,1,3
3856,16,2301,B,1,B,0.98,0.97,0.0,0.98,0.0,0.02,364,1.5288e-05,1,3
3856,15,2130,C,2,C,0.97,0.97,0.0,0.03,0.97,0.0,364,1.5288e-05,1,3
3856,17,2310,B,1,B,0.97,0.96,0.0,0.97,0.03,0.0,364,1.5288e-05,1,3
3856,18,3012,A,0,A,0.97,0.96,0.97,0.0,0.03,0.0,364,1.5288e-05,1,3
3856,19,3021,A,0,A,0.97,0.96,0.97,0.0,0.0,0.03,364,1.5288e-05,1,3
3856,20,3102,A,0,A,0.93,0.91,0.93,0.07,0.0,0.0,364,1.5288e-05,1,3
3856,21,3120,A,0,A,0.91,0.89,0.91,0.09,0.0,0.0,364,1.5288e-05,1,3
3856,23,3210,A,0,A,0.97,0.96,0.97,0.0,0.03,0.0,364,1.5288e-05,1,3
3856,22,3201,A,0,A,0.98,0.98,0.98,0.0,0.0,0.02,364,1.5288e-05,1,3
6972,0,0123,D,3,A,0.68,0.58,0.68,0.0,0.01,0.31,387,1.6254e-05,0,0
6972,1,0132,C,2,A,0.72,0.63,0.72,0.0,0.27,0.01,387,1.6254e-05,0,0
6972,3,0231,C,2,A,0.81,0.74,0.81,0.01,0.18,0.0,387,1.6254e-05,0,0
6972,2,0213,D,3,A,0.74,0.65,0.74,0.01,0.0,0.25,387,1.6254e-05,0,0
6972,4,0312,B,1,A,0.77,0.68,0.77,0.23,0.0,0.0,387,1.6254e-05,0,0
6972,6,1023,D,3,B,0.6900000000000001,0.59,0.0,0.6900000000000001,0.01,0.30000000000000004,387,1.6254e-05,0,0
6972,8,1203,D,3,C,0.79,0.72,0.0,0.01,0.79,0.2,387,1.6254e-05,0,0
6972,5,0321,B,1,A,0.79,0.72,0.79,0.21,0.0,0.0,387,1.6254e-05,0,0
6972,9,1230,C,2,D,0.89,0.84,0.0,0.0,0.11,0.89,387,1.6254e-05,0,0
6972,7,1032,C,2,B,0.7000000000000001,0.61,0.0,0.7000000000000001,0.29,0.01,387,1.6254e-05,0,0
6972,10,1302,B,1,C,0.81,0.74,0.0,0.19,0.81,0.0,387,1.6254e-05,0,0
6972,12,2013,D,3,B,0.86,0.8200000000000001,0.01,0.86,0.0,0.13,387,1.6254e-05,0,0
6972,11,1320,B,1,D,0.91,0.87,0.0,0.09,0.0,0.91,387,1.6254e-05,0,0
6972,13,2031,C,2,B,0.92,0.89,0.0,0.92,0.08,0.0,387,1.6254e-05,0,0
6972,14,2103,D,3,C,0.79,0.72,0.01,0.0,0.79,0.2,387,1.6254e-05,0,0
6972,16,2301,B,1,C,0.87,0.8300000000000001,0.01,0.12,0.87,0.0,387,1.6254e-05,0,0
6972,15,2130,C,2,D,0.87,0.8300000000000001,0.01,0.0,0.12,0.87,387,1.6254e-05,0,0
6972,17,2310,B,1,D,0.84,0.79,0.01,0.15,0.0,0.84,387,1.6254e-05,0,0
6972,20,3102,A,0,C,0.8,0.73,0.19,0.0,0.8,0.01,387,1.6254e-05,0,0
6972,19,3021,A,0,B,0.89,0.84,0.11,0.89,0.0,0.0,387,1.6254e-05,0,0
6972,18,3012,A,0,B,0.91,0.87,0.09,0.91,0.0,0.0,387,1.6254e-05,0,0
6972,22,3201,A,0,C,0.91,0.87,0.09,0.0,0.91,0.0,387,1.6254e-05,0,0
6972,23,3210,A,0,D,0.87,0.8200000000000001,0.13,0.0,0.0,0.87,387,1.6254e-05,0,0
6972,21,3120,A,0,D,0.86,0.81,0.14,0.0,0.0,0.86,387,1.6254e-05,0,0
3285,1,0132,D,3,D,1.0,1.0,0.0,0.0,0.0,1.0,369,1.5498000000000003e-05,1,2
3285,0,0123,C,2,C,1.0,1.0,0.0,0.0,1.0,0.0,369,1.5498000000000003e-05,1,2
3285,3,0231,B,1,B,1.0,1.0,0.0,1.0,0.0,0.0,369,1.5498000000000003e-05,1,2
3285,5,0321,C,2,C,1.0,1.0,0.0,0.0,1.0,0.0,369,1.5498000000000003e-05,1,2
3285,4,0312,D,3,D,1.0,1.0,0.0,0.0,0.0,1.0,369,1.5498000000000003e-05,1,2
3285,6,1023,C,2,C,1.0,1.0,0.0,0.0,1.0,0.0,369,1.5498000000000003e-05,1,2
3285,2,0213,B,1,B,1.0,1.0,0.0,1.0,0.0,0.0,369,1.5498000000000003e-05,1,2
3285,7,1032,D,3,D,1.0,1.0,0.0,0.0,0.0,1.0,369,1.5498000000000003e-05,1,2
3285,9,1230,B,1,B,1.0,1.0,0.0,1.0,0.0,0.0,369,1.5498000000000003e-05,1,2
3285,8,1203,B,1,B,1.0,1.0,0.0,1.0,0.0,0.0,369,1.5498000000000003e-05,1,2
3285,11,1320,C,2,C,1.0,1.0,0.0,0.0,1.0,0.0,369,1.5498000000000003e-05,1,2
3285,10,1302,D,3,D,1.0,1.0,0.0,0.0,0.0,1.0,369,1.5498000000000003e-05,1,2
3285,12,2013,A,0,A,1.0,1.0,1.0,0.0,0.0,0.0,369,1.5498000000000003e-05,1,2
3285,13,2031,A,0,A,1.0,1.0,1.0,0.0,0.0,0.0,369,1.5498000000000003e-05,1,2
3285,15,2130,A,0,A,1.0,1.0,1.0,0.0,0.0,0.0,369,1.5498000000000003e-05,1,2
3285,14,2103,A,0,A,1.0,1.0,1.0,0.0,0.0,0.0,369,1.5498000000000003e-05,1,2
3285,17,2310,A,0,A,1.0,1.0,1.0,0.0,0.0,0.0,369,1.5498000000000003e-05,1,2
3285,16,2301,A,0,A,1.0,1.0,1.0,0.0,0.0,0.0,369,1.5498000000000003e-05,1,2
3285,18,3012,D,3,D,1.0,1.0,0.0,0.0,0.0,1.0,369,1.5498000000000003e-05,1,2
3285,20,3102,D,3,D,1.0,1.0,0.0,0.0,0.0,1.0,369,1.5498000000000003e-05,1,2
3285,19,3021,C,2,C,1.0,1.0,0.0,0.0,1.0,0.0,369,1.5498000000000003e-05,1,2
3285,21,3120,C,2,C,1.0,1.0,0.0,0.0,1.0,0.0,369,1.5498000000000003e-05,1,2
3285,23,3210,B,1,B,1.0,1.0,0.0,1.0,0.0,0.0,369,1.5498000000000003e-05,1,2
9039,0,0123,B,1,B,0.98,0.97,0.0,0.98,0.02,0.0,359,1.5078000000000002e-05,1,1
3285,22,3201,B,1,B,1.0,1.0,0.0,1.0,0.0,0.0,369,1.5498000000000003e-05,1,2
9039,1,0132,B,1,B,0.98,0.97,0.0,0.98,0.0,0.02,359,1.5078000000000002e-05,1,1
9039,2,0213,C,2,C,0.96,0.9500000000000001,0.0,0.04,0.96,0.0,359,1.5078000000000002e-05,1,1
9039,3,0231,D,3,D,0.97,0.96,0.0,0.03,0.0,0.97,359,1.5078000000000002e-05,1,1
9039,5,0321,D,3,D,0.99,0.98,0.0,0.0,0.01,0.99,359,1.5078000000000002e-05,1,1
9039,4,0312,C,2,C,0.98,0.98,0.0,0.0,0.98,0.02,359,1.5078000000000002e-05,1,1
9039,7,1032,A,0,A,0.99,0.98,0.99,0.0,0.0,0.01,359,1.5078000000000002e-05,1,1
9039,9,1230,A,0,A,0.98,0.96,0.98,0.02,0.0,0.0,359,1.5078000000000002e-05,1,1
9039,8,1203,A,0,A,0.98,0.96,0.98,0.02,0.0,0.0,359,1.5078000000000002e-05,1,1
9039,6,1023,A,0,A,0.98,0.98,0.98,0.0,0.02,0.0,359,1.5078000000000002e-05,1,1
9039,10,1302,A,0,A,0.99,0.98,0.99,0.0,0.0,0.01,359,1.5078000000000002e-05,1,1
9039,11,1320,A,0,A,0.99,0.98,0.99,0.0,0.01,0.0,359,1.5078000000000002e-05,1,1
9039,12,2013,C,2,C,0.9500000000000001,0.93,0.05,0.0,0.9500000000000001,0.0,359,1.5078000000000002e-05,1,1
9039,13,2031,D,3,D,0.97,0.96,0.03,0.0,0.0,0.97,359,1.5078000000000002e-05,1,1
9039,14,2103,B,1,B,0.9500000000000001,0.93,0.05,0.9500000000000001,0.0,0.0,359,1.5078000000000002e-05,1,1
9039,15,2130,B,1,B,0.97,0.96,0.03,0.97,0.0,0.0,359,1.5078000000000002e-05,1,1
9039,17,2310,C,2,C,0.97,0.9500000000000001,0.03,0.0,0.97,0.0,359,1.5078000000000002e-05,1,1
9039,16,2301,D,3,D,0.97,0.96,0.03,0.0,0.0,0.97,359,1.5078000000000002e-05,1,1
9039,18,3012,C,2,C,0.98,0.97,0.0,0.0,0.98,0.02,359,1.5078000000000002e-05,1,1
9039,20,3102,B,1,B,0.98,0.97,0.0,0.98,0.0,0.02,359,1.5078000000000002e-05,1,1
9039,21,3120,B,1,B,0.98,0.97,0.0,0.98,0.02,0.0,359,1.5078000000000002e-05,1,1
9039,19,3021,D,3,D,0.99,0.98,0.0,0.0,0.01,0.99,359,1.5078000000000002e-05,1,1
9039,22,3201,D,3,D,0.98,0.97,0.0,0.02,0.0,0.98,359,1.5078000000000002e-05,1,1
9039,23,3210,C,2,C,0.97,0.96,0.0,0.03,0.97,0.0,359,1.5078000000000002e-05,1,1
1544,0,0123,D,3,D,1.0,1.0,0.0,0.0,0.0,1.0,393,1.6506e-05,1,3
1544,2,0213,D,3,D,1.0,1.0,0.0,0.0,0.0,1.0,393,1.6506e-05,1,3
1544,3,0231,C,2,C,1.0,1.0,0.0,0.0,1.0,0.0,393,1.6506e-05,1,3
1544,6,1023,D,3,D,1.0,1.0,0.0,0.0,0.0,1.0,393,1.6506e-05,1,3
1544,5,0321,B,1,B,1.0,1.0,0.0,1.0,0.0,0.0,393,1.6506e-05,1,3
1544,7,1032,C,2,C,1.0,1.0,0.0,0.0,1.0,0.0,393,1.6506e-05,1,3
1544,8,1203,D,3,D,1.0,1.0,0.0,0.0,0.0,1.0,393,1.6506e-05,1,3
1544,1,0132,C,2,C,1.0,1.0,0.0,0.0,1.0,0.0,393,1.6506e-05,1,3
1544,4,0312,B,1,B,1.0,1.0,0.0,1.0,0.0,0.0,393,1.6506e-05,1,3
1544,10,1302,B,1,B,1.0,1.0,0.0,1.0,0.0,0.0,393,1.6506e-05,1,3
1544,9,1230,C,2,C,1.0,1.0,0.0,0.0,1.0,0.0,393,1.6506e-05,1,3
1544,11,1320,B,1,B,1.0,1.0,0.0,1.0,0.0,0.0,393,1.6506e-05,1,3
1544,15,2130,C,2,C,1.0,1.0,0.0,0.0,1.0,0.0,393,1.6506e-05,1,3
1544,13,2031,C,2,C,1.0,1.0,0.0,0.0,1.0,0.0,393,1.6506e-05,1,3
1544,16,2301,B,1,B,1.0,1.0,0.0,1.0,0.0,0.0,393,1.6506e-05,1,3
1544,12,2013,D,3,D,1.0,1.0,0.0,0.0,0.0,1.0,393,1.6506e-05,1,3
1544,17,2310,B,1,B,1.0,1.0,0.0,1.0,0.0,0.0,393,1.6506e-05,1,3
1544,14,2103,D,3,D,1.0,1.0,0.0,0.0,0.0,1.0,393,1.6506e-05,1,3
1544,18,3012,A,0,A,1.0,1.0,1.0,0.0,0.0,0.0,393,1.6506e-05,1,3
1544,19,3021,A,0,A,1.0,1.0,1.0,0.0,0.0,0.0,393,1.6506e-05,1,3
1544,20,3102,A,0,A,1.0,1.0,1.0,0.0,0.0,0.0,393,1.6506e-05,1,3
1544,22,3201,A,0,A,1.0,1.0,1.0,0.0,0.0,0.0,393,1.6506e-05,1,3
9659,0,0123,B,1,B,0.97,0.96,0.03,0.97,0.0,0.0,370,1.554e-05,1,1
1544,23,3210,A,0,A,1.0,1.0,1.0,0.0,0.0,0.0,393,1.6506e-05,1,3
9659,1,0132,B,1,B,0.98,0.97,0.02,0.98,0.0,0.0,370,1.554e-05,1,1
1544,21,3120,A,0,A,1.0,1.0,1.0,0.0,0.0,0.0,393,1.6506e-05,1,3
9659,2,0213,C,2,C,0.98,0.96,0.02,0.0,0.98,0.0,370,1.554e-05,1,1
9659,3,0231,D,3,D,0.96,0.9500000000000001,0.03,0.0,0.01,0.96,370,1.554e-05,1,1
9659,4,0312,C,2,C,0.97,0.97,0.02,0.01,0.97,0.0,370,1.554e-05,1,1
9659,5,0321,D,3,D,0.96,0.9500000000000001,0.03,0.01,0.0,0.96,370,1.554e-05,1,1
9659,7,1032,A,0,A,0.99,0.99,0.99,0.01,0.0,0.0,370,1.554e-05,1,1
9659,10,1302,A,0,A,0.99,0.99,0.99,0.0,0.01,0.0,370,1.554e-05,1,1
9659,9,1230,A,0,A,0.99,0.99,0.99,0.0,0.0,0.01,370,1.554e-05,1,1
9659,8,1203,A,0,A,0.99,0.98,0.99,0.0,0.01,0.0,370,1.554e-05,1,1
9659,6,1023,A,0,A,0.99,0.99,0.99,0.01,0.0,0.0,370,1.554e-05,1,1
9659,12,2013,C,2,C,0.98,0.97,0.0,0.02,0.98,0.0,370,1.554e-05,1,1
9659,11,1320,A,0,A,0.99,0.99,0.99,0.0,0.0,0.01,370,1.554e-05,1,1
9659,14,2103,B,1,B,0.96,0.96,0.0,0.96,0.03,0.01,370,1.554e-05,1,1
9659,13,2031,D,3,D,0.98,0.96,0.0,0.01,0.01,0.98,370,1.554e-05,1,1
9659,15,2130,B,1,B,0.98,0.97,0.0,0.98,0.0,0.02,370,1.554e-05,1,1
9659,16,2301,D,3,D,0.97,0.96,0.0,0.01,0.02,0.97,370,1.554e-05,1,1
9659,18,3012,C,2,C,0.98,0.97,0.01,0.01,0.98,0.0,370,1.554e-05,1,1
9659,17,2310,C,2,C,0.99,0.98,0.0,0.0,0.99,0.01,370,1.554e-05,1,1
9659,21,3120,B,1,B,0.98,0.97,0.01,0.98,0.0,0.01,370,1.554e-05,1,1
9659,19,3021,D,3,D,0.98,0.97,0.01,0.01,0.0,0.98,370,1.554e-05,1,1
9659,20,3102,B,1,B,0.98,0.98,0.01,0.98,0.01,0.0,370,1.554e-05,1,1
9659,23,3210,C,2,C,0.98,0.97,0.01,0.0,0.98,0.01,370,1.554e-05,1,1
9659,22,3201,D,3,D,0.97,0.9500000000000001,0.01,0.0,0.02,0.97,370,1.554e-05,1,1
7152,2,0213,A,0,A,0.96,0.9400000000000001,0.96,0.03,0.0,0.01,366,1.5372e-05,1,0
7152,4,0312,A,0,A,0.96,0.93,0.96,0.01,0.0,0.03,366,1.5372e-05,1,0
7152,3,0231,A,0,A,0.929999999999999,0.91,0.929999999999999,0.06,0.01,0.0,366,1.5372e-05,1,0
7152,1,0132,A,0,A,0.9500000000000001,0.93,0.9500000000000001,0.0,0.02,0.03,366,1.5372e-05,1,0
7152,5,0321,A,0,A,0.96,0.9400000000000001,0.96,0.01,0.03,0.0,366,1.5372e-05,1,0
7152,7,1032,B,1,B,0.9,0.87,0.01,0.9,0.03,0.06,366,1.5372e-05,1,0
7152,6,1023,B,1,B,0.9,0.87,0.01,0.9,0.07,0.02,366,1.5372e-05,1,0
7152,0,0123,A,0,A,0.9500000000000001,0.9400000000000001,0.9500000000000001,0.0,0.03,0.02,366,1.5372e-05,1,0
7152,8,1203,C,2,C,0.87,0.8200000000000001,0.01,0.07,0.87,0.05,366,1.5372e-05,1,0
7152,9,1230,D,3,D,0.87,0.8200000000000001,0.01,0.09,0.03,0.87,366,1.5372e-05,1,0
7152,12,2013,B,1,B,0.86,0.81,0.12,0.86,0.0,0.02,366,1.5372e-05,1,0
7152,10,1302,C,2,C,0.89,0.86,0.01,0.04,0.89,0.06,366,1.5372e-05,1,0
7152,13,2031,B,1,B,0.9,0.87,0.09,0.9,0.01,0.0,366,1.5372e-05,1,0
7152,11,1320,D,3,D,0.79,0.72,0.01,0.07,0.13,0.79,366,1.5372e-05,1,0
7152,15,2130,D,3,D,0.76,0.6900000000000001,0.18,0.01,0.05,0.76,366,1.5372e-05,1,0
7152,16,2301,C,2,C,0.85,0.79,0.13,0.02,0.85,0.0,366,1.5372e-05,1,0
7152,14,2103,C,2,C,0.79,0.73,0.17,0.01,0.79,0.03,366,1.5372e-05,1,0
7152,18,3012,B,1,B,0.92,0.89,0.02,0.92,0.0,0.06,366,1.5372e-05,1,0
7152,19,3021,B,1,B,0.93,0.91,0.01,0.93,0.05,0.0,366,1.5372e-05,1,0
7152,21,3120,D,3,D,0.81,0.75,0.03,0.01,0.15,0.81,366,1.5372e-05,1,0
7152,17,2310,D,3,D,0.81,0.75,0.16,0.02,0.01,0.81,366,1.5372e-05,1,0
7152,20,3102,C,2,C,0.89,0.87,0.02,0.01,0.89,0.08,366,1.5372e-05,1,0
7152,22,3201,C,2,C,0.8,0.74,0.03,0.16,0.8,0.01,366,1.5372e-05,1,0
7152,23,3210,D,3,D,0.8,0.74,0.02,0.17,0.01,0.8,366,1.5372e-05,1,0
4464,0,0123,B,1,B,1.0,1.0,0.0,1.0,0.0,0.0,368,1.5456e-05,1,1
4464,2,0213,C,2,C,1.0,1.0,0.0,0.0,1.0,0.0,368,1.5456e-05,1,1
4464,1,0132,B,1,B,1.0,1.0,0.0,1.0,0.0,0.0,368,1.5456e-05,1,1
4464,3,0231,D,3,D,1.0,1.0,0.0,0.0,0.0,1.0,368,1.5456e-05,1,1
4464,5,0321,D,3,D,1.0,1.0,0.0,0.0,0.0,1.0,368,1.5456e-05,1,1
4464,6,1023,A,0,A,1.0,1.0,1.0,0.0,0.0,0.0,368,1.5456e-05,1,1
4464,4,0312,C,2,C,1.0,1.0,0.0,0.0,1.0,0.0,368,1.5456e-05,1,1
4464,7,1032,A,0,A,1.0,1.0,1.0,0.0,0.0,0.0,368,1.5456e-05,1,1
4464,8,1203,A,0,A,1.0,1.0,1.0,0.0,0.0,0.0,368,1.5456e-05,1,1
4464,10,1302,A,0,A,1.0,1.0,1.0,0.0,0.0,0.0,368,1.5456e-05,1,1
4464,9,1230,A,0,A,1.0,1.0,1.0,0.0,0.0,0.0,368,1.5456e-05,1,1
4464,11,1320,A,0,A,1.0,1.0,1.0,0.0,0.0,0.0,368,1.5456e-05,1,1
4464,12,2013,C,2,C,1.0,1.0,0.0,0.0,1.0,0.0,368,1.5456e-05,1,1
4464,13,2031,D,3,D,1.0,1.0,0.0,0.0,0.0,1.0,368,1.5456e-05,1,1
4464,14,2103,B,1,B,1.0,1.0,0.0,1.0,0.0,0.0,368,1.5456e-05,1,1
4464,15,2130,B,1,B,1.0,1.0,0.0,1.0,0.0,0.0,368,1.5456e-05,1,1
4464,16,2301,D,3,D,1.0,1.0,0.0,0.0,0.0,1.0,368,1.5456e-05,1,1
4464,18,3012,C,2,C,1.0,1.0,0.0,0.0,1.0,0.0,368,1.5456e-05,1,1
4464,17,2310,C,2,C,1.0,1.0,0.0,0.0,1.0,0.0,368,1.5456e-05,1,1
4464,19,3021,D,3,D,1.0,1.0,0.0,0.0,0.0,1.0,368,1.5456e-05,1,1
4464,20,3102,B,1,B,1.0,1.0,0.0,1.0,0.0,0.0,368,1.5456e-05,1,1
4464,22,3201,D,3,D,1.0,1.0,0.0,0.0,0.0,1.0,368,1.5456e-05,1,1
8085,0,0123,B,1,B,1.0,1.0,0.0,1.0,0.0,0.0,378,1.5876000000000002e-05,1,1
4464,21,3120,B,1,B,1.0,1.0,0.0,1.0,0.0,0.0,368,1.5456e-05,1,1
4464,23,3210,C,2,C,1.0,1.0,0.0,0.0,1.0,0.0,368,1.5456e-05,1,1
8085,2,0213,C,2,C,1.0,1.0,0.0,0.0,1.0,0.0,378,1.5876000000000002e-05,1,1
8085,1,0132,B,1,B,1.0,1.0,0.0,1.0,0.0,0.0,378,1.5876000000000002e-05,1,1
8085,4,0312,C,2,C,1.0,1.0,0.0,0.0,1.0,0.0,378,1.5876000000000002e-05,1,1
8085,3,0231,D,3,D,1.0,1.0,0.0,0.0,0.0,1.0,378,1.5876000000000002e-05,1,1
8085,5,0321,D,3,D,1.0,1.0,0.0,0.0,0.0,1.0,378,1.5876000000000002e-05,1,1
8085,8,1203,A,0,A,1.0,1.0,1.0,0.0,0.0,0.0,378,1.5876000000000002e-05,1,1
8085,9,1230,A,0,A,1.0,1.0,1.0,0.0,0.0,0.0,378,1.5876000000000002e-05,1,1
8085,7,1032,A,0,A,1.0,1.0,1.0,0.0,0.0,0.0,378,1.5876000000000002e-05,1,1
8085,6,1023,A,0,A,1.0,1.0,1.0,0.0,0.0,0.0,378,1.5876000000000002e-05,1,1
8085,10,1302,A,0,A,1.0,1.0,1.0,0.0,0.0,0.0,378,1.5876000000000002e-05,1,1
8085,12,2013,C,2,C,1.0,1.0,0.0,0.0,1.0,0.0,378,1.5876000000000002e-05,1,1
8085,13,2031,D,3,D,1.0,1.0,0.0,0.0,0.0,1.0,378,1.5876000000000002e-05,1,1
8085,11,1320,A,0,A,1.0,1.0,1.0,0.0,0.0,0.0,378,1.5876000000000002e-05,1,1
8085,15,2130,B,1,B,1.0,1.0,0.0,1.0,0.0,0.0,378,1.5876000000000002e-05,1,1
8085,14,2103,B,1,B,1.0,1.0,0.0,1.0,0.0,0.0,378,1.5876000000000002e-05,1,1
8085,17,2310,C,2,C,1.0,1.0,0.0,0.0,1.0,0.0,378,1.5876000000000002e-05,1,1
8085,16,2301,D,3,D,1.0,1.0,0.0,0.0,0.0,1.0,378,1.5876000000000002e-05,1,1
8085,18,3012,C,2,C,1.0,1.0,0.0,0.0,1.0,0.0,378,1.5876000000000002e-05,1,1
8085,19,3021,D,3,D,1.0,1.0,0.0,0.0,0.0,1.0,378,1.5876000000000002e-05,1,1
8085,21,3120,B,1,B,1.0,1.0,0.0,1.0,0.0,0.0,378,1.5876000000000002e-05,1,1
8085,20,3102,B,1,B,1.0,1.0,0.0,1.0,0.0,0.0,378,1.5876000000000002e-05,1,1
8085,23,3210,C,2,C,1.0,1.0,0.0,0.0,1.0,0.0,378,1.5876000000000002e-05,1,1
8085,22,3201,D,3,D,1.0,1.0,0.0,0.0,0.0,1.0,378,1.5876000000000002e-05,1,1
6686,0,0123,A,0,A,0.9,0.87,0.9,0.09,0.01,0.0,382,1.6044e-05,1,0
6686,2,0213,A,0,A,0.97,0.9500000000000001,0.97,0.01,0.02,0.0,382,1.6044e-05,1,0
6686,3,0231,A,0,A,0.96,0.9400000000000001,0.96,0.01,0.0,0.03,382,1.6044e-05,1,0
6686,1,0132,A,0,A,0.87,0.8200000000000001,0.87,0.12,0.0,0.01,382,1.6044e-05,1,0
6686,4,0312,A,0,A,0.93,0.91,0.93,0.01,0.05,0.01,382,1.6044e-05,1,0
6686,5,0321,A,0,A,0.92,0.9,0.92,0.01,0.03,0.04,382,1.6044e-05,1,0
6686,7,1032,B,1,B,0.86,0.81,0.13,0.86,0.0,0.01,382,1.6044e-05,1,0
6686,6,1023,B,1,B,0.85,0.79,0.14,0.85,0.01,0.0,382,1.6044e-05,1,0
6686,8,1203,C,2,C,0.8200000000000001,0.75,0.16,0.02,0.8200000000000001,0.0,382,1.6044e-05,1,0
6686,9,1230,D,3,D,0.73,0.65,0.22,0.04,0.01,0.73,382,1.6044e-05,1,0
6686,10,1302,C,2,C,0.87,0.8200000000000001,0.11,0.01,0.87,0.01,382,1.6044e-05,1,0
6686,11,1320,D,3,D,0.86,0.8200000000000001,0.1,0.01,0.03,0.86,382,1.6044e-05,1,0
6686,12,2013,B,1,B,0.9500000000000001,0.93,0.02,0.9500000000000001,0.03,0.0,382,1.6044e-05,1,0
6686,13,2031,B,1,B,0.92,0.88,0.04,0.92,0.0,0.04,382,1.6044e-05,1,0
6686,15,2130,D,3,D,0.86,0.8200000000000001,0.05,0.08,0.01,0.86,382,1.6044e-05,1,0
6686,14,2103,C,2,C,0.85,0.79,0.03,0.12,0.85,0.0,382,1.6044e-05,1,0
6686,17,2310,D,3,D,0.8200000000000001,0.76,0.06,0.01,0.11,0.8200000000000001,382,1.6044e-05,1,0
6686,19,3021,B,1,B,0.9400000000000001,0.92,0.02,0.9400000000000001,0.01,0.03,382,1.6044e-05,1,0
6686,16,2301,C,2,C,0.93,0.9,0.04,0.0,0.93,0.03,382,1.6044e-05,1,0
6686,18,3012,B,1,B,0.93,0.91,0.01,0.93,0.05,0.01,382,1.6044e-05,1,0
6686,22,3201,C,2,C,0.92,0.89,0.02,0.04,0.92,0.02,382,1.6044e-05,1,0
6686,23,3210,D,3,D,0.8200000000000001,0.76,0.02,0.07,0.09,0.8200000000000001,382,1.6044e-05,1,0
1918,0,0123,B,1,B,0.51,0.35000000000000003,0.12,0.51,0.23,0.14,382,1.6044e-05,1,1
6686,21,3120,D,3,D,0.78,0.7000000000000001,0.02,0.16,0.04,0.78,382,1.6044e-05,1,0
6686,20,3102,C,2,C,0.78,0.71,0.02,0.17,0.78,0.03,382,1.6044e-05,1,0
1918,1,0132,B,1,B,0.53,0.38,0.11,0.53,0.18,0.18,382,1.6044e-05,1,1
1918,2,0213,C,2,B,0.37,0.15,0.11,0.37,0.26,0.26,382,1.6044e-05,0,2
1918,3,0231,D,3,D,0.37,0.16,0.11,0.31,0.21,0.37,382,1.6044e-05,1,1
1918,4,0312,C,2,C,0.46,0.28,0.13,0.15,0.46,0.26,382,1.6044e-05,1,1
1918,6,1023,A,0,A,0.51,0.34,0.51,0.14,0.22,0.13,382,1.6044e-05,1,1
1918,7,1032,A,0,A,0.59,0.46,0.59,0.13,0.12,0.16,382,1.6044e-05,1,1
1918,8,1203,A,0,A,0.59,0.46,0.59,0.25,0.07,0.09,382,1.6044e-05,1,1
1918,5,0321,D,3,D,0.38,0.18,0.14,0.16,0.32,0.38,382,1.6044e-05,1,1
1918,9,1230,A,0,A,0.41000000000000003,0.23,0.41000000000000003,0.32,0.19,0.08,382,1.6044e-05,1,1
1918,10,1302,A,0,A,0.45,0.26,0.45,0.25,0.06,0.24,382,1.6044e-05,1,1
1918,12,2013,C,2,C,0.48,0.30000000000000004,0.22,0.23,0.48,0.07,382,1.6044e-05,1,1
1918,11,1320,A,0,A,0.35000000000000003,0.14,0.35000000000000003,0.21,0.32,0.12,382,1.6044e-05,1,1
1918,15,2130,B,1,B,0.36,0.14,0.22,0.36,0.32,0.1,382,1.6044e-05,1,1
1918,14,2103,B,1,B,0.459999999999999,0.29,0.23,0.459999999999999,0.12,0.19,382,1.6044e-05,1,1
1918,16,2301,D,3,D,0.44,0.25,0.18,0.23,0.15,0.44,382,1.6044e-05,1,1
1918,17,2310,C,2,C,0.36,0.15,0.2,0.33,0.36,0.11,382,1.6044e-05,1,1
1918,13,2031,D,3,D,0.51,0.33,0.16,0.26,0.07,0.51,382,1.6044e-05,1,1
1918,18,3012,C,2,C,0.53,0.36,0.12,0.14,0.53,0.21,382,1.6044e-05,1,1
1918,19,3021,D,3,D,0.37,0.16,0.14,0.14,0.35000000000000003,0.37,382,1.6044e-05,1,1
1918,21,3120,B,1,C,0.45,0.26,0.11,0.33,0.45,0.11,382,1.6044e-05,0,2
1918,23,3210,C,2,B,0.38,0.18,0.21,0.38,0.30000000000000004,0.11,382,1.6044e-05,0,2
5689,0,0123,A,0,A,0.99,0.98,0.99,0.0,0.01,0.0,395,1.6590000000000002e-05,1,0
5689,2,0213,A,0,A,0.98,0.98,0.98,0.02,0.0,0.0,395,1.6590000000000002e-05,1,0
1918,22,3201,D,3,B,0.35000000000000003,0.14,0.12,0.35000000000000003,0.21,0.32,382,1.6044e-05,0,2
5689,1,0132,A,0,A,0.99,0.99,0.99,0.0,0.0,0.01,395,1.6590000000000002e-05,1,0
1918,20,3102,B,1,B,0.52,0.37,0.09,0.52,0.11,0.28,382,1.6044e-05,1,1
5689,3,0231,A,0,A,0.98,0.97,0.98,0.02,0.0,0.0,395,1.6590000000000002e-05,1,0
5689,4,0312,A,0,A,0.99,0.99,0.99,0.0,0.0,0.01,395,1.6590000000000002e-05,1,0
5689,5,0321,A,0,A,0.99,0.99,0.99,0.0,0.01,0.0,395,1.6590000000000002e-05,1,0
5689,6,1023,B,1,B,0.97,0.9500000000000001,0.0,0.97,0.03,0.0,395,1.6590000000000002e-05,1,0
5689,9,1230,D,3,D,0.96,0.9500000000000001,0.0,0.04,0.0,0.96,395,1.6590000000000002e-05,1,0
5689,10,1302,C,2,C,0.98,0.97,0.0,0.0,0.98,0.02,395,1.6590000000000002e-05,1,0
5689,7,1032,B,1,B,0.99,0.98,0.0,0.99,0.0,0.01,395,1.6590000000000002e-05,1,0
5689,8,1203,C,2,C,0.97,0.96,0.0,0.03,0.97,0.0,395,1.6590000000000002e-05,1,0
5689,11,1320,D,3,D,0.97,0.96,0.0,0.0,0.03,0.97,395,1.6590000000000002e-05,1,0
5689,12,2013,B,1,B,0.99,0.98,0.01,0.99,0.0,0.0,395,1.6590000000000002e-05,1,0
5689,13,2031,B,1,B,0.98,0.97,0.02,0.98,0.0,0.0,395,1.6590000000000002e-05,1,0
5689,14,2103,C,2,C,0.98,0.97,0.02,0.0,0.98,0.0,395,1.6590000000000002e-05,1,0
5689,15,2130,D,3,D,0.98,0.96,0.02,0.0,0.0,0.98,395,1.6590000000000002e-05,1,0
5689,16,2301,C,2,C,0.97,0.9500000000000001,0.03,0.0,0.97,0.0,395,1.6590000000000002e-05,1,0
5689,18,3012,B,1,B,0.97,0.96,0.0,0.97,0.0,0.03,395,1.6590000000000002e-05,1,0
5689,17,2310,D,3,D,0.97,0.96,0.03,0.0,0.0,0.97,395,1.6590000000000002e-05,1,0
5689,19,3021,B,1,B,0.98,0.97,0.0,0.98,0.02,0.0,395,1.6590000000000002e-05,1,0
5689,20,3102,C,2,C,0.99,0.98,0.0,0.0,0.99,0.01,395,1.6590000000000002e-05,1,0
5689,22,3201,C,2,C,0.98,0.98,0.0,0.02,0.98,0.0,395,1.6590000000000002e-05,1,0
5689,23,3210,D,3,D,0.98,0.97,0.0,0.02,0.0,0.98,395,1.6590000000000002e-05,1,0
5689,21,3120,D,3,D,0.97,0.9500000000000001,0.0,0.0,0.03,0.97,395,1.6590000000000002e-05,1,0
7097,0,0123,C,2,C,0.7000000000000001,0.6000000000000001,0.30000000000000004,0.0,0.7000000000000001,0.0,372,1.5624e-05,1,2
7097,1,0132,D,3,D,0.64,0.52,0.36,0.0,0.0,0.64,372,1.5624e-05,1,2
7097,3,0231,B,1,B,0.8,0.74,0.2,0.8,0.0,0.0,372,1.5624e-05,1,2
7097,2,0213,B,1,B,0.85,0.8,0.15,0.85,0.0,0.0,372,1.5624e-05,1,2
7097,4,0312,D,3,D,0.6900000000000001,0.58,0.31,0.0,0.0,0.6900000000000001,372,1.5624e-05,1,2
7097,5,0321,C,2,C,0.78,0.7000000000000001,0.22,0.0,0.78,0.0,372,1.5624e-05,1,2
7097,6,1023,C,2,C,0.86,0.81,0.0,0.14,0.86,0.0,372,1.5624e-05,1,2
7097,7,1032,D,3,D,0.8200000000000001,0.76,0.0,0.18,0.0,0.8200000000000001,372,1.5624e-05,1,2
7097,8,1203,B,1,B,0.91,0.87,0.0,0.91,0.09,0.0,372,1.5624e-05,1,2
7097,9,1230,B,1,B,0.85,0.8,0.0,0.85,0.0,0.15,372,1.5624e-05,1,2
7097,10,1302,D,3,D,0.8200000000000001,0.76,0.0,0.0,0.18,0.8200000000000001,372,1.5624e-05,1,2
7097,13,2031,A,0,A,0.96,0.9400000000000001,0.96,0.04,0.0,0.0,372,1.5624e-05,1,2
7097,12,2013,A,0,A,0.9500000000000001,0.9400000000000001,0.9500000000000001,0.05,0.0,0.0,372,1.5624e-05,1,2
7097,11,1320,C,2,C,0.9,0.87,0.0,0.0,0.9,0.1,372,1.5624e-05,1,2
7097,14,2103,A,0,A,0.9500000000000001,0.93,0.9500000000000001,0.0,0.05,0.0,372,1.5624e-05,1,2
7097,16,2301,A,0,A,0.97,0.96,0.97,0.0,0.03,0.0,372,1.5624e-05,1,2
7097,15,2130,A,0,A,0.96,0.9500000000000001,0.96,0.0,0.0,0.04,372,1.5624e-05,1,2
7097,17,2310,A,0,A,0.96,0.9500000000000001,0.96,0.0,0.0,0.04,372,1.5624e-05,1,2
7097,18,3012,D,3,D,0.73,0.63,0.0,0.27,0.0,0.73,372,1.5624e-05,1,2
7097,20,3102,D,3,D,0.78,0.7000000000000001,0.0,0.0,0.22,0.78,372,1.5624e-05,1,2
7097,19,3021,C,2,C,0.8200000000000001,0.76,0.0,0.18,0.8200000000000001,0.0,372,1.5624e-05,1,2
7097,21,3120,C,2,C,0.89,0.85,0.0,0.0,0.89,0.11,372,1.5624e-05,1,2
7097,22,3201,B,1,B,0.91,0.87,0.0,0.91,0.09,0.0,372,1.5624e-05,1,2
7097,23,3210,B,1,B,0.88,0.84,0.0,0.88,0.0,0.12,372,1.5624e-05,1,2
9877,0,0123,D,3,D,1.0,1.0,0.0,0.0,0.0,1.0,374,1.5708e-05,1,3
9877,1,0132,C,2,C,1.0,1.0,0.0,0.0,1.0,0.0,374,1.5708e-05,1,3
9877,2,0213,D,3,D,1.0,1.0,0.0,0.0,0.0,1.0,374,1.5708e-05,1,3
9877,3,0231,C,2,C,1.0,1.0,0.0,0.0,1.0,0.0,374,1.5708e-05,1,3
9877,5,0321,B,1,B,1.0,1.0,0.0,1.0,0.0,0.0,374,1.5708e-05,1,3
9877,4,0312,B,1,B,1.0,1.0,0.0,1.0,0.0,0.0,374,1.5708e-05,1,3
9877,6,1023,D,3,D,1.0,1.0,0.0,0.0,0.0,1.0,374,1.5708e-05,1,3
9877,7,1032,C,2,C,1.0,1.0,0.0,0.0,1.0,0.0,374,1.5708e-05,1,3
9877,8,1203,D,3,D,1.0,1.0,0.0,0.0,0.0,1.0,374,1.5708e-05,1,3
9877,9,1230,C,2,C,1.0,1.0,0.0,0.0,1.0,0.0,374,1.5708e-05,1,3
9877,10,1302,B,1,B,1.0,1.0,0.0,1.0,0.0,0.0,374,1.5708e-05,1,3
9877,11,1320,B,1,B,1.0,1.0,0.0,1.0,0.0,0.0,374,1.5708e-05,1,3
9877,13,2031,C,2,C,1.0,1.0,0.0,0.0,1.0,0.0,374,1.5708e-05,1,3
9877,15,2130,C,2,C,1.0,1.0,0.0,0.0,1.0,0.0,374,1.5708e-05,1,3
9877,12,2013,D,3,D,1.0,1.0,0.0,0.0,0.0,1.0,374,1.5708e-05,1,3
9877,14,2103,D,3,D,1.0,1.0,0.0,0.0,0.0,1.0,374,1.5708e-05,1,3
9877,17,2310,B,1,B,1.0,1.0,0.0,1.0,0.0,0.0,374,1.5708e-05,1,3
9877,16,2301,B,1,B,1.0,1.0,0.0,1.0,0.0,0.0,374,1.5708e-05,1,3
9877,19,3021,A,0,A,1.0,1.0,1.0,0.0,0.0,0.0,374,1.5708e-05,1,3
9877,20,3102,A,0,A,0.99,0.98,0.99,0.01,0.0,0.0,374,1.5708e-05,1,3
9877,18,3012,A,0,A,1.0,1.0,1.0,0.0,0.0,0.0,374,1.5708e-05,1,3
9877,22,3201,A,0,A,1.0,1.0,1.0,0.0,0.0,0.0,374,1.5708e-05,1,3
9877,21,3120,A,0,A,0.99,0.99,0.99,0.01,0.0,0.0,374,1.5708e-05,1,3
9877,23,3210,A,0,A,1.0,1.0,1.0,0.0,0.0,0.0,374,1.5708e-05,1,3
4056,0,0123,D,3,D,1.0,1.0,0.0,0.0,0.0,1.0,373,1.5666000000000002e-05,1,3
4056,1,0132,C,2,C,1.0,1.0,0.0,0.0,1.0,0.0,373,1.5666000000000002e-05,1,3
4056,3,0231,C,2,C,1.0,1.0,0.0,0.0,1.0,0.0,373,1.5666000000000002e-05,1,3
4056,2,0213,D,3,D,1.0,1.0,0.0,0.0,0.0,1.0,373,1.5666000000000002e-05,1,3
4056,5,0321,B,1,B,1.0,1.0,0.0,1.0,0.0,0.0,373,1.5666000000000002e-05,1,3
4056,4,0312,B,1,B,1.0,1.0,0.0,1.0,0.0,0.0,373,1.5666000000000002e-05,1,3
4056,6,1023,D,3,D,1.0,1.0,0.0,0.0,0.0,1.0,373,1.5666000000000002e-05,1,3
4056,7,1032,C,2,C,1.0,1.0,0.0,0.0,1.0,0.0,373,1.5666000000000002e-05,1,3
4056,8,1203,D,3,D,1.0,1.0,0.0,0.0,0.0,1.0,373,1.5666000000000002e-05,1,3
4056,9,1230,C,2,C,1.0,1.0,0.0,0.0,1.0,0.0,373,1.5666000000000002e-05,1,3
4056,10,1302,B,1,B,1.0,1.0,0.0,1.0,0.0,0.0,373,1.5666000000000002e-05,1,3
4056,12,2013,D,3,D,1.0,1.0,0.0,0.0,0.0,1.0,373,1.5666000000000002e-05,1,3
4056,13,2031,C,2,C,1.0,1.0,0.0,0.0,1.0,0.0,373,1.5666000000000002e-05,1,3
4056,11,1320,B,1,B,1.0,1.0,0.0,1.0,0.0,0.0,373,1.5666000000000002e-05,1,3
4056,14,2103,D,3,D,1.0,1.0,0.0,0.0,0.0,1.0,373,1.5666000000000002e-05,1,3
4056,17,2310,B,1,B,1.0,1.0,0.0,1.0,0.0,0.0,373,1.5666000000000002e-05,1,3
4056,16,2301,B,1,B,1.0,1.0,0.0,1.0,0.0,0.0,373,1.5666000000000002e-05,1,3
4056,15,2130,C,2,C,1.0,1.0,0.0,0.0,1.0,0.0,373,1.5666000000000002e-05,1,3
4056,20,3102,A,0,A,1.0,1.0,1.0,0.0,0.0,0.0,373,1.5666000000000002e-05,1,3
4056,19,3021,A,0,A,1.0,1.0,1.0,0.0,0.0,0.0,373,1.5666000000000002e-05,1,3
4056,18,3012,A,0,A,1.0,1.0,1.0,0.0,0.0,0.0,373,1.5666000000000002e-05,1,3
4056,21,3120,A,0,A,1.0,1.0,1.0,0.0,0.0,0.0,373,1.5666000000000002e-05,1,3
4056,23,3210,A,0,A,1.0,1.0,1.0,0.0,0.0,0.0,373,1.5666000000000002e-05,1,3
4056,22,3201,A,0,A,1.0,1.0,1.0,0.0,0.0,0.0,373,1.5666000000000002e-05,1,3
9724,1,0132,A,0,A,0.63,0.5,0.63,0.36,0.01,0.0,374,1.5708e-05,1,0
9724,3,0231,A,0,A,0.8200000000000001,0.75,0.8200000000000001,0.0,0.01,0.17,374,1.5708e-05,1,0
9724,4,0312,A,0,A,0.78,0.6900000000000001,0.78,0.02,0.2,0.0,374,1.5708e-05,1,0
9724,0,0123,A,0,A,0.58,0.43,0.58,0.41000000000000003,0.0,0.01,374,1.5708e-05,1,0
9724,2,0213,A,0,A,0.65,0.54,0.65,0.0,0.33,0.02,374,1.5708e-05,1,0
9724,5,0321,A,0,A,0.75,0.66,0.75,0.03,0.0,0.22,374,1.5708e-05,1,0
9724,7,1032,B,1,A,0.51,0.35000000000000003,0.51,0.48,0.01,0.0,374,1.5708e-05,0,1
9724,8,1203,C,2,A,0.5700000000000001,0.42,0.5700000000000001,0.0,0.42,0.01,374,1.5708e-05,0,1
9724,6,1023,B,1,A,0.54,0.39,0.54,0.45,0.0,0.01,374,1.5708e-05,0,1
9724,9,1230,D,3,A,0.51,0.34,0.51,0.0,0.03,0.46,374,1.5708e-05,0,1
9724,12,2013,B,1,B,0.73,0.64,0.0,0.73,0.26,0.01,374,1.5708e-05,1,0
9724,10,1302,C,2,A,0.62,0.49,0.62,0.02,0.36,0.0,374,1.5708e-05,0,1
9724,13,2031,B,1,B,0.63,0.51,0.0,0.63,0.02,0.35000000000000003,374,1.5708e-05,1,0
9724,16,2301,C,2,C,0.61,0.48,0.0,0.02,0.61,0.37,374,1.5708e-05,1,0
9724,14,2103,C,2,B,0.55,0.4,0.0,0.55,0.44,0.01,374,1.5708e-05,0,1
9724,11,1320,D,3,A,0.6000000000000001,0.46,0.6000000000000001,0.02,0.0,0.38,374,1.5708e-05,0,1
9724,15,2130,D,3,B,0.54,0.38,0.0,0.54,0.02,0.44,374,1.5708e-05,0,1
9724,17,2310,D,3,D,0.49,0.33,0.0,0.03,0.48,0.49,374,1.5708e-05,1,0
9724,19,3021,B,1,B,0.67,0.5700000000000001,0.03,0.67,0.0,0.30000000000000004,374,1.5708e-05,1,0
9724,18,3012,B,1,B,0.7000000000000001,0.6000000000000001,0.02,0.7000000000000001,0.28,0.0,374,1.5708e-05,1,0
9724,21,3120,D,3,D,0.59,0.45,0.03,0.38,0.0,0.59,374,1.5708e-05,1,0
9724,22,3201,C,2,C,0.71,0.61,0.03,0.0,0.71,0.26,374,1.5708e-05,1,0
9724,23,3210,D,3,D,0.53,0.37,0.03,0.0,0.44,0.53,374,1.5708e-05,1,0
6874,0,0123,B,1,B,1.0,1.0,0.0,1.0,0.0,0.0,369,1.5498000000000003e-05,1,1
9724,20,3102,C,2,C,0.62,0.49,0.02,0.36,0.62,0.0,374,1.5708e-05,1,0
6874,1,0132,B,1,B,1.0,1.0,0.0,1.0,0.0,0.0,369,1.5498000000000003e-05,1,1
6874,2,0213,C,2,C,1.0,1.0,0.0,0.0,1.0,0.0,369,1.5498000000000003e-05,1,1
6874,4,0312,C,2,C,1.0,1.0,0.0,0.0,1.0,0.0,369,1.5498000000000003e-05,1,1
6874,5,0321,D,3,D,1.0,1.0,0.0,0.0,0.0,1.0,369,1.5498000000000003e-05,1,1
6874,3,0231,D,3,D,1.0,1.0,0.0,0.0,0.0,1.0,369,1.5498000000000003e-05,1,1
6874,6,1023,A,0,A,1.0,1.0,1.0,0.0,0.0,0.0,369,1.5498000000000003e-05,1,1
6874,8,1203,A,0,A,1.0,1.0,1.0,0.0,0.0,0.0,369,1.5498000000000003e-05,1,1
6874,7,1032,A,0,A,1.0,1.0,1.0,0.0,0.0,0.0,369,1.5498000000000003e-05,1,1
6874,9,1230,A,0,A,1.0,1.0,1.0,0.0,0.0,0.0,369,1.5498000000000003e-05,1,1
6874,10,1302,A,0,A,1.0,1.0,1.0,0.0,0.0,0.0,369,1.5498000000000003e-05,1,1
6874,13,2031,D,3,D,1.0,1.0,0.0,0.0,0.0,1.0,369,1.5498000000000003e-05,1,1
6874,12,2013,C,2,C,1.0,1.0,0.0,0.0,1.0,0.0,369,1.5498000000000003e-05,1,1
6874,11,1320,A,0,A,1.0,1.0,1.0,0.0,0.0,0.0,369,1.5498000000000003e-05,1,1
6874,14,2103,B,1,B,1.0,1.0,0.0,1.0,0.0,0.0,369,1.5498000000000003e-05,1,1
6874,15,2130,B,1,B,1.0,1.0,0.0,1.0,0.0,0.0,369,1.5498000000000003e-05,1,1
6874,16,2301,D,3,D,1.0,1.0,0.0,0.0,0.0,1.0,369,1.5498000000000003e-05,1,1
6874,17,2310,C,2,C,1.0,1.0,0.0,0.0,1.0,0.0,369,1.5498000000000003e-05,1,1
6874,20,3102,B,1,B,1.0,1.0,0.0,1.0,0.0,0.0,369,1.5498000000000003e-05,1,1
6874,19,3021,D,3,D,1.0,1.0,0.0,0.0,0.0,1.0,369,1.5498000000000003e-05,1,1
6874,18,3012,C,2,C,1.0,1.0,0.0,0.0,1.0,0.0,369,1.5498000000000003e-05,1,1
6874,21,3120,B,1,B,1.0,1.0,0.0,1.0,0.0,0.0,369,1.5498000000000003e-05,1,1
6874,22,3201,D,3,D,1.0,1.0,0.0,0.0,0.0,1.0,369,1.5498000000000003e-05,1,1
6904,0,0123,A,0,A,0.6900000000000001,0.58,0.6900000000000001,0.0,0.31,0.0,356,1.4952000000000002e-05,1,0
6874,23,3210,C,2,C,1.0,1.0,0.0,0.0,1.0,0.0,369,1.5498000000000003e-05,1,1
6904,1,0132,A,0,A,0.63,0.51,0.63,0.0,0.0,0.37,356,1.4952000000000002e-05,1,0
6904,2,0213,A,0,B,0.54,0.38,0.46,0.54,0.0,0.0,356,1.4952000000000002e-05,0,2
6904,3,0231,A,0,B,0.54,0.38,0.46,0.54,0.0,0.0,356,1.4952000000000002e-05,0,2
6904,4,0312,A,0,A,0.5700000000000001,0.43,0.5700000000000001,0.0,0.0,0.43,356,1.4952000000000002e-05,1,0
6904,6,1023,B,1,C,0.56,0.41000000000000003,0.0,0.44,0.56,0.0,356,1.4952000000000002e-05,0,2
6904,5,0321,A,0,A,0.61,0.47000000000000003,0.61,0.0,0.39,0.0,356,1.4952000000000002e-05,1,0
6904,8,1203,C,2,B,0.7000000000000001,0.6000000000000001,0.0,0.7000000000000001,0.30000000000000004,0.0,356,1.4952000000000002e-05,0,2
6904,9,1230,D,3,B,0.52,0.36,0.01,0.52,0.0,0.47000000000000003,356,1.4952000000000002e-05,0,2
6904,7,1032,B,1,D,0.66,0.54,0.0,0.34,0.0,0.66,356,1.4952000000000002e-05,0,2
6904,12,2013,B,1,A,0.72,0.63,0.72,0.28,0.0,0.0,356,1.4952000000000002e-05,0,2
6904,10,1302,C,2,D,0.72,0.62,0.0,0.0,0.28,0.72,356,1.4952000000000002e-05,0,2
6904,11,1320,D,3,C,0.59,0.45,0.0,0.0,0.59,0.41000000000000003,356,1.4952000000000002e-05,0,2
6904,13,2031,B,1,A,0.75,0.66,0.75,0.25,0.0,0.0,356,1.4952000000000002e-05,0,2
6904,15,2130,D,3,A,0.73,0.64,0.73,0.0,0.0,0.27,356,1.4952000000000002e-05,0,2
6904,17,2310,D,3,A,0.75,0.66,0.75,0.0,0.0,0.25,356,1.4952000000000002e-05,0,2
6904,16,2301,C,2,A,0.79,0.72,0.79,0.0,0.21,0.0,356,1.4952000000000002e-05,0,2
6904,14,2103,C,2,A,0.81,0.74,0.81,0.0,0.19,0.0,356,1.4952000000000002e-05,0,2
6904,18,3012,B,1,D,0.65,0.53,0.0,0.35000000000000003,0.0,0.65,356,1.4952000000000002e-05,0,2
6904,20,3102,C,2,D,0.7000000000000001,0.6000000000000001,0.0,0.0,0.30000000000000004,0.7000000000000001,356,1.4952000000000002e-05,0,2
6904,19,3021,B,1,C,0.66,0.54,0.0,0.34,0.66,0.0,356,1.4952000000000002e-05,0,2
6904,21,3120,D,3,C,0.67,0.56,0.0,0.0,0.67,0.33,356,1.4952000000000002e-05,0,2
6904,23,3210,D,3,B,0.67,0.56,0.0,0.67,0.0,0.33,356,1.4952000000000002e-05,0,2
7284,0,0123,B,1,B,0.74,0.64,0.0,0.74,0.25,0.01,372,1.5624e-05,1,1
6904,22,3201,C,2,B,0.73,0.63,0.0,0.73,0.27,0.0,356,1.4952000000000002e-05,0,2
7284,2,0213,C,2,C,0.76,0.68,0.0,0.23,0.76,0.01,372,1.5624e-05,1,1
7284,3,0231,D,3,D,0.71,0.62,0.0,0.28,0.01,0.71,372,1.5624e-05,1,1
7284,4,0312,C,2,C,0.79,0.73,0.0,0.01,0.79,0.2,372,1.5624e-05,1,1
7284,5,0321,D,3,D,0.79,0.72,0.0,0.01,0.2,0.79,372,1.5624e-05,1,1
7284,6,1023,A,0,A,0.71,0.62,0.71,0.0,0.27,0.02,372,1.5624e-05,1,1
7284,8,1203,A,0,A,0.679999999999999,0.58,0.679999999999999,0.31,0.0,0.01,372,1.5624e-05,1,1
7284,9,1230,A,0,A,0.67,0.55,0.67,0.32,0.01,0.0,372,1.5624e-05,1,1
7284,7,1032,A,0,A,0.73,0.63,0.73,0.0,0.01,0.26,372,1.5624e-05,1,1
7284,10,1302,A,0,A,0.67,0.56,0.67,0.03,0.0,0.30000000000000004,372,1.5624e-05,1,1
7284,11,1320,A,0,A,0.8,0.73,0.8,0.02,0.18,0.0,372,1.5624e-05,1,1
7284,12,2013,C,2,C,0.68,0.5700000000000001,0.31,0.0,0.68,0.01,372,1.5624e-05,1,1
7284,14,2103,B,1,B,0.81,0.75,0.18,0.81,0.0,0.01,372,1.5624e-05,1,1
7284,13,2031,D,3,D,0.77,0.6900000000000001,0.22,0.0,0.01,0.77,372,1.5624e-05,1,1
7284,16,2301,D,3,D,0.75,0.66,0.24,0.01,0.0,0.75,372,1.5624e-05,1,1
7284,15,2130,B,1,B,0.75,0.66,0.24,0.75,0.01,0.0,372,1.5624e-05,1,1
7284,18,3012,C,2,C,0.77,0.6900000000000001,0.01,0.0,0.77,0.22,372,1.5624e-05,1,1
7284,20,3102,B,1,B,0.8200000000000001,0.76,0.02,0.8200000000000001,0.0,0.16,372,1.5624e-05,1,1
7284,19,3021,D,3,D,0.81,0.75,0.01,0.0,0.18,0.81,372,1.5624e-05,1,1
7284,22,3201,D,3,D,0.73,0.64,0.02,0.25,0.0,0.73,372,1.5624e-05,1,1
7284,21,3120,B,1,B,0.85,0.79,0.01,0.85,0.14,0.0,372,1.5624e-05,1,1
7284,23,3210,C,2,C,0.73,0.63,0.01,0.26,0.73,0.0,372,1.5624e-05,1,1
7284,17,2310,C,2,C,0.62,0.49,0.36,0.02,0.62,0.0,372,1.5624e-05,1,1
4838,0,0123,A,0,A,1.0,1.0,1.0,0.0,0.0,0.0,376,1.5792000000000004e-05,1,0
4838,1,0132,A,0,A,1.0,1.0,1.0,0.0,0.0,0.0,376,1.5792000000000004e-05,1,0
4838,2,0213,A,0,A,1.0,1.0,1.0,0.0,0.0,0.0,376,1.5792000000000004e-05,1,0
4838,3,0231,A,0,A,1.0,1.0,1.0,0.0,0.0,0.0,376,1.5792000000000004e-05,1,0
4838,6,1023,B,1,B,1.0,1.0,0.0,1.0,0.0,0.0,376,1.5792000000000004e-05,1,0
4838,5,0321,A,0,A,1.0,1.0,1.0,0.0,0.0,0.0,376,1.5792000000000004e-05,1,0
4838,4,0312,A,0,A,1.0,1.0,1.0,0.0,0.0,0.0,376,1.5792000000000004e-05,1,0
4838,7,1032,B,1,B,1.0,1.0,0.0,1.0,0.0,0.0,376,1.5792000000000004e-05,1,0
7284,1,0132,B,1,B,0.78,0.71,0.01,0.78,0.02,0.19,372,1.5624e-05,1,1
4838,8,1203,C,2,C,1.0,1.0,0.0,0.0,1.0,0.0,376,1.5792000000000004e-05,1,0
4838,9,1230,D,3,D,1.0,0.99,0.0,0.0,0.0,1.0,376,1.5792000000000004e-05,1,0
4838,10,1302,C,2,C,1.0,1.0,0.0,0.0,1.0,0.0,376,1.5792000000000004e-05,1,0
4838,11,1320,D,3,D,1.0,1.0,0.0,0.0,0.0,1.0,376,1.5792000000000004e-05,1,0
4838,12,2013,B,1,B,1.0,1.0,0.0,1.0,0.0,0.0,376,1.5792000000000004e-05,1,0
4838,13,2031,B,1,B,1.0,1.0,0.0,1.0,0.0,0.0,376,1.5792000000000004e-05,1,0
4838,14,2103,C,2,C,1.0,1.0,0.0,0.0,1.0,0.0,376,1.5792000000000004e-05,1,0
4838,15,2130,D,3,D,1.0,1.0,0.0,0.0,0.0,1.0,376,1.5792000000000004e-05,1,0
4838,16,2301,C,2,C,1.0,1.0,0.0,0.0,1.0,0.0,376,1.5792000000000004e-05,1,0
4838,17,2310,D,3,D,1.0,1.0,0.0,0.0,0.0,1.0,376,1.5792000000000004e-05,1,0
4838,18,3012,B,1,B,1.0,1.0,0.0,1.0,0.0,0.0,376,1.5792000000000004e-05,1,0
4838,20,3102,C,2,C,1.0,1.0,0.0,0.0,1.0,0.0,376,1.5792000000000004e-05,1,0
4838,21,3120,D,3,D,1.0,1.0,0.0,0.0,0.0,1.0,376,1.5792000000000004e-05,1,0
4838,19,3021,B,1,B,1.0,1.0,0.0,1.0,0.0,0.0,376,1.5792000000000004e-05,1,0
4838,22,3201,C,2,C,1.0,1.0,0.0,0.0,1.0,0.0,376,1.5792000000000004e-05,1,0
4838,23,3210,D,3,D,1.0,1.0,0.0,0.0,0.0,1.0,376,1.5792000000000004e-05,1,0
6100,1,0132,A,0,A,1.0,1.0,1.0,0.0,0.0,0.0,361,1.5162000000000002e-05,1,0
6100,0,0123,A,0,A,1.0,1.0,1.0,0.0,0.0,0.0,361,1.5162000000000002e-05,1,0
6100,2,0213,A,0,A,1.0,1.0,1.0,0.0,0.0,0.0,361,1.5162000000000002e-05,1,0
6100,3,0231,A,0,A,1.0,1.0,1.0,0.0,0.0,0.0,361,1.5162000000000002e-05,1,0
6100,4,0312,A,0,A,1.0,1.0,1.0,0.0,0.0,0.0,361,1.5162000000000002e-05,1,0
6100,5,0321,A,0,A,1.0,1.0,1.0,0.0,0.0,0.0,361,1.5162000000000002e-05,1,0
6100,6,1023,B,1,B,1.0,0.99,0.0,1.0,0.0,0.0,361,1.5162000000000002e-05,1,0
6100,7,1032,B,1,B,1.0,1.0,0.0,1.0,0.0,0.0,361,1.5162000000000002e-05,1,0
6100,8,1203,C,2,C,0.99,0.99,0.0,0.01,0.99,0.0,361,1.5162000000000002e-05,1,0
6100,9,1230,D,3,D,0.99,0.99,0.0,0.01,0.0,0.99,361,1.5162000000000002e-05,1,0
6100,11,1320,D,3,D,0.99,0.99,0.0,0.0,0.01,0.99,361,1.5162000000000002e-05,1,0
6100,10,1302,C,2,C,1.0,1.0,0.0,0.0,1.0,0.0,361,1.5162000000000002e-05,1,0
6100,13,2031,B,1,B,0.99,0.99,0.01,0.99,0.0,0.0,361,1.5162000000000002e-05,1,0
6100,12,2013,B,1,B,0.99,0.99,0.01,0.99,0.0,0.0,361,1.5162000000000002e-05,1,0
6100,14,2103,C,2,C,0.99,0.98,0.01,0.0,0.99,0.0,361,1.5162000000000002e-05,1,0
6100,16,2301,C,2,C,0.99,0.99,0.01,0.0,0.99,0.0,361,1.5162000000000002e-05,1,0
6100,19,3021,B,1,B,1.0,1.0,0.0,1.0,0.0,0.0,361,1.5162000000000002e-05,1,0
6100,17,2310,D,3,D,1.0,0.99,0.0,0.0,0.0,1.0,361,1.5162000000000002e-05,1,0
6100,15,2130,D,3,D,0.99,0.98,0.01,0.0,0.0,0.99,361,1.5162000000000002e-05,1,0
6100,18,3012,B,1,B,1.0,1.0,0.0,1.0,0.0,0.0,361,1.5162000000000002e-05,1,0
6100,20,3102,C,2,C,1.0,1.0,0.0,0.0,1.0,0.0,361,1.5162000000000002e-05,1,0
6100,21,3120,D,3,D,1.0,0.99,0.0,0.0,0.0,1.0,361,1.5162000000000002e-05,1,0
6100,22,3201,C,2,C,1.0,0.99,0.0,0.0,1.0,0.0,361,1.5162000000000002e-05,1,0
6100,23,3210,D,3,D,1.0,0.99,0.0,0.0,0.0,1.0,361,1.5162000000000002e-05,1,0
5240,2,0213,D,3,D,0.97,0.9500000000000001,0.01,0.0,0.02,0.97,367,1.5414e-05,1,3
5240,3,0231,C,2,C,0.97,0.97,0.02,0.0,0.97,0.01,367,1.5414e-05,1,3
5240,0,0123,D,3,D,0.97,0.96,0.02,0.01,0.0,0.97,367,1.5414e-05,1,3
5240,4,0312,B,1,B,0.99,0.98,0.01,0.99,0.0,0.0,367,1.5414e-05,1,3
5240,6,1023,D,3,D,0.98,0.96,0.01,0.01,0.0,0.98,367,1.5414e-05,1,3
5240,1,0132,C,2,C,0.98,0.96,0.01,0.01,0.98,0.0,367,1.5414e-05,1,3
5240,5,0321,B,1,B,0.99,0.98,0.01,0.99,0.0,0.0,367,1.5414e-05,1,3
5240,8,1203,D,3,D,0.98,0.97,0.01,0.0,0.01,0.98,367,1.5414e-05,1,3
5240,7,1032,C,2,C,0.98,0.98,0.01,0.01,0.98,0.0,367,1.5414e-05,1,3
5240,10,1302,B,1,B,0.98,0.97,0.01,0.98,0.01,0.0,367,1.5414e-05,1,3
5240,9,1230,C,2,C,0.98,0.98,0.01,0.0,0.98,0.01,367,1.5414e-05,1,3
5240,14,2103,D,3,D,0.97,0.96,0.01,0.01,0.01,0.97,367,1.5414e-05,1,3
5240,11,1320,B,1,B,0.98,0.97,0.01,0.98,0.0,0.01,367,1.5414e-05,1,3
5240,12,2013,D,3,D,0.9500000000000001,0.9400000000000001,0.01,0.02,0.02,0.9500000000000001,367,1.5414e-05,1,3
5240,13,2031,C,2,C,0.99,0.97,0.0,0.01,0.99,0.0,367,1.5414e-05,1,3
5240,16,2301,B,1,B,0.98,0.98,0.01,0.98,0.0,0.01,367,1.5414e-05,1,3
5240,15,2130,C,2,C,0.99,0.98,0.0,0.01,0.99,0.0,367,1.5414e-05,1,3
5240,18,3012,A,0,A,1.0,0.99,1.0,0.0,0.0,0.0,367,1.5414e-05,1,3
5240,17,2310,B,1,B,1.0,0.99,0.0,1.0,0.0,0.0,367,1.5414e-05,1,3
5240,21,3120,A,0,A,1.0,1.0,1.0,0.0,0.0,0.0,367,1.5414e-05,1,3
5240,23,3210,A,0,A,1.0,0.99,1.0,0.0,0.0,0.0,367,1.5414e-05,1,3
5240,22,3201,A,0,A,1.0,0.99,1.0,0.0,0.0,0.0,367,1.5414e-05,1,3
5240,19,3021,A,0,A,1.0,0.99,1.0,0.0,0.0,0.0,367,1.5414e-05,1,3
5240,20,3102,A,0,A,1.0,0.99,1.0,0.0,0.0,0.0,367,1.5414e-05,1,3
1628,0,0123,C,2,A,1.0,1.0,1.0,0.0,0.0,0.0,366,1.5372e-05,0,0
1628,1,0132,D,3,A,1.0,1.0,1.0,0.0,0.0,0.0,366,1.5372e-05,0,0
1628,2,0213,B,1,A,1.0,1.0,1.0,0.0,0.0,0.0,366,1.5372e-05,0,0
1628,3,0231,B,1,A,1.0,1.0,1.0,0.0,0.0,0.0,366,1.5372e-05,0,0
1628,5,0321,C,2,A,1.0,1.0,1.0,0.0,0.0,0.0,366,1.5372e-05,0,0
1628,6,1023,C,2,B,1.0,1.0,0.0,1.0,0.0,0.0,366,1.5372e-05,0,0
1628,4,0312,D,3,A,1.0,1.0,1.0,0.0,0.0,0.0,366,1.5372e-05,0,0
1628,7,1032,D,3,B,1.0,1.0,0.0,1.0,0.0,0.0,366,1.5372e-05,0,0
1628,8,1203,B,1,C,1.0,1.0,0.0,0.0,1.0,0.0,366,1.5372e-05,0,0
1628,10,1302,D,3,C,1.0,1.0,0.0,0.0,1.0,0.0,366,1.5372e-05,0,0
1628,9,1230,B,1,D,1.0,1.0,0.0,0.0,0.0,1.0,366,1.5372e-05,0,0
1628,13,2031,A,0,B,1.0,1.0,0.0,1.0,0.0,0.0,366,1.5372e-05,0,0
1628,12,2013,A,0,B,1.0,1.0,0.0,1.0,0.0,0.0,366,1.5372e-05,0,0
1628,14,2103,A,0,C,1.0,1.0,0.0,0.0,1.0,0.0,366,1.5372e-05,0,0
1628,15,2130,A,0,D,1.0,1.0,0.0,0.0,0.0,1.0,366,1.5372e-05,0,0
1628,11,1320,C,2,D,1.0,1.0,0.0,0.0,0.0,1.0,366,1.5372e-05,0,0
1628,16,2301,A,0,C,1.0,1.0,0.0,0.0,1.0,0.0,366,1.5372e-05,0,0
1628,17,2310,A,0,D,1.0,1.0,0.0,0.0,0.0,1.0,366,1.5372e-05,0,0
1628,18,3012,D,3,B,1.0,1.0,0.0,1.0,0.0,0.0,366,1.5372e-05,0,0
1628,19,3021,C,2,B,1.0,1.0,0.0,1.0,0.0,0.0,366,1.5372e-05,0,0
1628,20,3102,D,3,C,1.0,1.0,0.0,0.0,1.0,0.0,366,1.5372e-05,0,0
1628,21,3120,C,2,D,1.0,1.0,0.0,0.0,0.0,1.0,366,1.5372e-05,0,0
1628,22,3201,B,1,C,1.0,1.0,0.0,0.0,1.0,0.0,366,1.5372e-05,0,0
1628,23,3210,B,1,D,1.0,1.0,0.0,0.0,0.0,1.0,366,1.5372e-05,0,0
7466,0,0123,A,0,A,0.96,0.9400000000000001,0.96,0.01,0.03,0.0,383,1.6086e-05,1,0
7466,3,0231,A,0,A,0.98,0.97,0.98,0.02,0.0,0.0,383,1.6086e-05,1,0
7466,1,0132,A,0,A,0.97,0.96,0.97,0.01,0.0,0.02,383,1.6086e-05,1,0
7466,4,0312,A,0,A,0.97,0.96,0.97,0.0,0.01,0.02,383,1.6086e-05,1,0
7466,2,0213,A,0,A,0.96,0.9400000000000001,0.96,0.03,0.01,0.0,383,1.6086e-05,1,0
7466,5,0321,A,0,A,0.97,0.97,0.97,0.0,0.02,0.01,383,1.6086e-05,1,0
7466,6,1023,B,1,B,0.9500000000000001,0.93,0.02,0.9500000000000001,0.03,0.0,383,1.6086e-05,1,0
7466,7,1032,B,1,B,0.9400000000000001,0.92,0.03,0.9400000000000001,0.0,0.03,383,1.6086e-05,1,0
7466,8,1203,C,2,C,0.9400000000000001,0.92,0.03,0.03,0.9400000000000001,0.0,383,1.6086e-05,1,0
7466,9,1230,D,3,D,0.9500000000000001,0.9400000000000001,0.03,0.02,0.0,0.9500000000000001,383,1.6086e-05,1,0
7466,11,1320,D,3,D,0.9500000000000001,0.93,0.02,0.0,0.03,0.9500000000000001,383,1.6086e-05,1,0
7466,10,1302,C,2,C,0.92,0.88,0.04,0.0,0.92,0.04,383,1.6086e-05,1,0
7466,13,2031,B,1,B,0.98,0.96,0.02,0.98,0.0,0.0,383,1.6086e-05,1,0
7466,15,2130,D,3,D,0.93,0.9,0.02,0.05,0.0,0.93,383,1.6086e-05,1,0
7466,12,2013,B,1,B,0.96,0.9500000000000001,0.03,0.96,0.01,0.0,383,1.6086e-05,1,0
7466,14,2103,C,2,C,0.9400000000000001,0.91,0.03,0.03,0.9400000000000001,0.0,383,1.6086e-05,1,0
7466,18,3012,B,1,B,0.98,0.96,0.0,0.98,0.0,0.02,383,1.6086e-05,1,0
7466,19,3021,B,1,B,0.9500000000000001,0.9400000000000001,0.0,0.9500000000000001,0.03,0.02,383,1.6086e-05,1,0
7466,20,3102,C,2,C,0.9500000000000001,0.93,0.0,0.02,0.9500000000000001,0.03,383,1.6086e-05,1,0
7466,16,2301,C,2,C,0.96,0.9500000000000001,0.03,0.0,0.96,0.01,383,1.6086e-05,1,0
7466,17,2310,D,3,D,0.98,0.96,0.01,0.0,0.01,0.98,383,1.6086e-05,1,0
7466,22,3201,C,2,C,0.97,0.96,0.0,0.02,0.97,0.01,383,1.6086e-05,1,0
7466,21,3120,D,3,D,0.97,0.96,0.0,0.01,0.02,0.97,383,1.6086e-05,1,0
7466,23,3210,D,3,D,0.97,0.96,0.0,0.01,0.02,0.97,383,1.6086e-05,1,0
5500,0,0123,D,3,D,1.0,1.0,0.0,0.0,0.0,1.0,404,1.6968e-05,1,3
5500,2,0213,D,3,D,1.0,1.0,0.0,0.0,0.0,1.0,404,1.6968e-05,1,3
5500,1,0132,C,2,C,1.0,1.0,0.0,0.0,1.0,0.0,404,1.6968e-05,1,3
5500,3,0231,C,2,C,1.0,1.0,0.0,0.0,1.0,0.0,404,1.6968e-05,1,3
5500,6,1023,D,3,D,1.0,1.0,0.0,0.0,0.0,1.0,404,1.6968e-05,1,3
5500,4,0312,B,1,B,1.0,1.0,0.0,1.0,0.0,0.0,404,1.6968e-05,1,3
5500,7,1032,C,2,C,1.0,1.0,0.0,0.0,1.0,0.0,404,1.6968e-05,1,3
5500,5,0321,B,1,B,1.0,1.0,0.0,1.0,0.0,0.0,404,1.6968e-05,1,3
5500,8,1203,D,3,D,1.0,1.0,0.0,0.0,0.0,1.0,404,1.6968e-05,1,3
5500,9,1230,C,2,C,1.0,1.0,0.0,0.0,1.0,0.0,404,1.6968e-05,1,3
5500,10,1302,B,1,B,1.0,1.0,0.0,1.0,0.0,0.0,404,1.6968e-05,1,3
5500,11,1320,B,1,B,1.0,1.0,0.0,1.0,0.0,0.0,404,1.6968e-05,1,3
5500,14,2103,D,3,D,1.0,1.0,0.0,0.0,0.0,1.0,404,1.6968e-05,1,3
5500,13,2031,C,2,C,1.0,1.0,0.0,0.0,1.0,0.0,404,1.6968e-05,1,3
5500,12,2013,D,3,D,1.0,1.0,0.0,0.0,0.0,1.0,404,1.6968e-05,1,3
5500,15,2130,C,2,C,1.0,1.0,0.0,0.0,1.0,0.0,404,1.6968e-05,1,3
5500,17,2310,B,1,B,1.0,1.0,0.0,1.0,0.0,0.0,404,1.6968e-05,1,3
5500,16,2301,B,1,B,1.0,1.0,0.0,1.0,0.0,0.0,404,1.6968e-05,1,3
5500,18,3012,A,0,A,1.0,1.0,1.0,0.0,0.0,0.0,404,1.6968e-05,1,3
5500,20,3102,A,0,A,1.0,1.0,1.0,0.0,0.0,0.0,404,1.6968e-05,1,3
5500,23,3210,A,0,A,1.0,1.0,1.0,0.0,0.0,0.0,404,1.6968e-05,1,3
5500,21,3120,A,0,A,1.0,1.0,1.0,0.0,0.0,0.0,404,1.6968e-05,1,3
5500,19,3021,A,0,A,1.0,1.0,1.0,0.0,0.0,0.0,404,1.6968e-05,1,3
5500,22,3201,A,0,A,1.0,1.0,1.0,0.0,0.0,0.0,404,1.6968e-05,1,3
8551,0,0123,B,1,B,1.0,0.99,0.0,1.0,0.0,0.0,378,1.5876000000000002e-05,1,1
8551,1,0132,B,1,B,1.0,0.99,0.0,1.0,0.0,0.0,378,1.5876000000000002e-05,1,1
8551,3,0231,D,3,D,0.98,0.98,0.01,0.01,0.0,0.98,378,1.5876000000000002e-05,1,1
8551,5,0321,D,3,D,0.99,0.97,0.0,0.0,0.01,0.99,378,1.5876000000000002e-05,1,1
8551,7,1032,A,0,A,1.0,0.99,1.0,0.0,0.0,0.0,378,1.5876000000000002e-05,1,1
8551,2,0213,C,2,C,0.97,0.97,0.01,0.02,0.97,0.0,378,1.5876000000000002e-05,1,1
8551,4,0312,C,2,C,1.0,0.99,0.0,0.0,1.0,0.0,378,1.5876000000000002e-05,1,1
8551,6,1023,A,0,A,1.0,1.0,1.0,0.0,0.0,0.0,378,1.5876000000000002e-05,1,1
8551,8,1203,A,0,A,1.0,1.0,1.0,0.0,0.0,0.0,378,1.5876000000000002e-05,1,1
8551,10,1302,A,0,A,1.0,0.99,1.0,0.0,0.0,0.0,378,1.5876000000000002e-05,1,1
8551,9,1230,A,0,A,1.0,0.99,1.0,0.0,0.0,0.0,378,1.5876000000000002e-05,1,1
8551,12,2013,C,2,C,0.98,0.97,0.01,0.01,0.98,0.0,378,1.5876000000000002e-05,1,1
8551,11,1320,A,0,A,1.0,0.99,1.0,0.0,0.0,0.0,378,1.5876000000000002e-05,1,1
8551,13,2031,D,3,D,0.98,0.98,0.01,0.01,0.0,0.98,378,1.5876000000000002e-05,1,1
8551,14,2103,B,1,B,0.99,0.99,0.01,0.99,0.0,0.0,378,1.5876000000000002e-05,1,1
8551,15,2130,B,1,B,0.98,0.97,0.01,0.98,0.0,0.01,378,1.5876000000000002e-05,1,1
8551,16,2301,D,3,D,0.98,0.98,0.01,0.0,0.01,0.98,378,1.5876000000000002e-05,1,1
8551,17,2310,C,2,C,0.98,0.97,0.01,0.0,0.98,0.01,378,1.5876000000000002e-05,1,1
8551,18,3012,C,2,C,1.0,0.99,0.0,0.0,1.0,0.0,378,1.5876000000000002e-05,1,1
8551,19,3021,D,3,D,0.99,0.98,0.0,0.0,0.01,0.99,378,1.5876000000000002e-05,1,1
8551,20,3102,B,1,B,0.99,0.99,0.0,0.99,0.0,0.01,378,1.5876000000000002e-05,1,1
8551,22,3201,D,3,D,0.98,0.98,0.0,0.01,0.01,0.98,378,1.5876000000000002e-05,1,1
8551,21,3120,B,1,B,1.0,1.0,0.0,1.0,0.0,0.0,378,1.5876000000000002e-05,1,1
8551,23,3210,C,2,C,0.99,0.98,0.0,0.01,0.99,0.0,378,1.5876000000000002e-05,1,1
7707,1,0132,B,1,B,1.0,1.0,0.0,1.0,0.0,0.0,381,1.6002000000000004e-05,1,1
7707,0,0123,B,1,B,1.0,1.0,0.0,1.0,0.0,0.0,381,1.6002000000000004e-05,1,1
7707,3,0231,D,3,D,1.0,1.0,0.0,0.0,0.0,1.0,381,1.6002000000000004e-05,1,1
7707,6,1023,A,0,A,1.0,1.0,1.0,0.0,0.0,0.0,381,1.6002000000000004e-05,1,1
7707,5,0321,D,3,D,1.0,0.99,0.0,0.0,0.0,1.0,381,1.6002000000000004e-05,1,1
7707,4,0312,C,2,C,1.0,1.0,0.0,0.0,1.0,0.0,381,1.6002000000000004e-05,1,1
7707,8,1203,A,0,A,1.0,1.0,1.0,0.0,0.0,0.0,381,1.6002000000000004e-05,1,1
7707,9,1230,A,0,A,1.0,1.0,1.0,0.0,0.0,0.0,381,1.6002000000000004e-05,1,1
7707,7,1032,A,0,A,1.0,1.0,1.0,0.0,0.0,0.0,381,1.6002000000000004e-05,1,1
7707,12,2013,C,2,C,1.0,1.0,0.0,0.0,1.0,0.0,381,1.6002000000000004e-05,1,1
7707,10,1302,A,0,A,1.0,1.0,1.0,0.0,0.0,0.0,381,1.6002000000000004e-05,1,1
7707,13,2031,D,3,D,1.0,1.0,0.0,0.0,0.0,1.0,381,1.6002000000000004e-05,1,1
7707,15,2130,B,1,B,1.0,0.99,0.0,1.0,0.0,0.0,381,1.6002000000000004e-05,1,1
7707,14,2103,B,1,B,1.0,1.0,0.0,1.0,0.0,0.0,381,1.6002000000000004e-05,1,1
7707,11,1320,A,0,A,1.0,0.99,1.0,0.0,0.0,0.0,381,1.6002000000000004e-05,1,1
7707,16,2301,D,3,D,0.99,0.99,0.0,0.0,0.01,0.99,381,1.6002000000000004e-05,1,1
7707,18,3012,C,2,C,1.0,1.0,0.0,0.0,1.0,0.0,381,1.6002000000000004e-05,1,1
7707,17,2310,C,2,C,1.0,0.99,0.0,0.0,1.0,0.0,381,1.6002000000000004e-05,1,1
7707,19,3021,D,3,D,0.99,0.99,0.0,0.01,0.0,0.99,381,1.6002000000000004e-05,1,1
7707,20,3102,B,1,B,1.0,1.0,0.0,1.0,0.0,0.0,381,1.6002000000000004e-05,1,1
7707,22,3201,D,3,D,0.99,0.99,0.0,0.0,0.01,0.99,381,1.6002000000000004e-05,1,1
7707,21,3120,B,1,B,1.0,0.99,0.0,1.0,0.0,0.0,381,1.6002000000000004e-05,1,1
7707,23,3210,C,2,C,0.99,0.99,0.0,0.0,0.99,0.01,381,1.6002000000000004e-05,1,1
2986,0,0123,B,1,B,0.8200000000000001,0.77,0.11,0.8200000000000001,0.06,0.01,369,1.5498000000000003e-05,1,1
2986,2,0213,C,2,C,0.74,0.67,0.16,0.09,0.74,0.01,369,1.5498000000000003e-05,1,1
2986,1,0132,B,1,B,0.86,0.81,0.08,0.86,0.0,0.06,369,1.5498000000000003e-05,1,1
2986,3,0231,D,3,D,0.7000000000000001,0.6000000000000001,0.18,0.11,0.01,0.7000000000000001,369,1.5498000000000003e-05,1,1
2986,4,0312,C,2,C,0.79,0.73,0.14,0.01,0.79,0.06,369,1.5498000000000003e-05,1,1
2986,6,1023,A,0,A,0.89,0.85,0.89,0.09,0.02,0.0,369,1.5498000000000003e-05,1,1
2986,5,0321,D,3,D,0.7000000000000001,0.61,0.19,0.01,0.1,0.7000000000000001,369,1.5498000000000003e-05,1,1
7707,2,0213,C,2,C,1.0,1.0,0.0,0.0,1.0,0.0,381,1.6002000000000004e-05,1,1
2986,7,1032,A,0,A,0.86,0.8,0.86,0.12,0.0,0.02,369,1.5498000000000003e-05,1,1
2986,9,1230,A,0,A,0.86,0.8300000000000001,0.86,0.05,0.01,0.08,369,1.5498000000000003e-05,1,1
2986,8,1203,A,0,A,0.89,0.85,0.89,0.03,0.08,0.0,369,1.5498000000000003e-05,1,1
2986,11,1320,A,0,A,0.88,0.85,0.88,0.01,0.03,0.08,369,1.5498000000000003e-05,1,1
2986,13,2031,D,3,D,0.71,0.62,0.12,0.16,0.01,0.71,369,1.5498000000000003e-05,1,1
2986,10,1302,A,0,A,0.84,0.78,0.84,0.01,0.1,0.05,369,1.5498000000000003e-05,1,1
2986,12,2013,C,2,C,0.74,0.65,0.12,0.14,0.74,0.0,369,1.5498000000000003e-05,1,1
2986,14,2103,B,1,B,0.84,0.78,0.06,0.84,0.1,0.0,369,1.5498000000000003e-05,1,1
2986,16,2301,D,3,D,0.79,0.72,0.08,0.01,0.12,0.79,369,1.5498000000000003e-05,1,1
2986,18,3012,C,2,C,0.8,0.73,0.01,0.14,0.8,0.05,369,1.5498000000000003e-05,1,1
2986,20,3102,B,1,B,0.76,0.68,0.01,0.76,0.12,0.11,369,1.5498000000000003e-05,1,1
2986,19,3021,D,3,D,0.77,0.7000000000000001,0.01,0.13,0.09,0.77,369,1.5498000000000003e-05,1,1
2986,21,3120,B,1,B,0.75,0.67,0.01,0.75,0.1,0.14,369,1.5498000000000003e-05,1,1
2986,17,2310,C,2,C,0.8300000000000001,0.76,0.08,0.0,0.8300000000000001,0.09,369,1.5498000000000003e-05,1,1
2986,22,3201,D,3,D,0.77,0.6900000000000001,0.01,0.1,0.12,0.77,369,1.5498000000000003e-05,1,1
2392,0,0123,D,3,D,1.0,1.0,0.0,0.0,0.0,1.0,363,1.5246000000000001e-05,1,3
2986,23,3210,C,2,C,0.85,0.81,0.01,0.05,0.85,0.09,369,1.5498000000000003e-05,1,1
2392,1,0132,C,2,C,1.0,1.0,0.0,0.0,1.0,0.0,363,1.5246000000000001e-05,1,3
2392,2,0213,D,3,D,1.0,1.0,0.0,0.0,0.0,1.0,363,1.5246000000000001e-05,1,3
2392,4,0312,B,1,B,1.0,1.0,0.0,1.0,0.0,0.0,363,1.5246000000000001e-05,1,3
2392,3,0231,C,2,C,1.0,1.0,0.0,0.0,1.0,0.0,363,1.5246000000000001e-05,1,3
2392,5,0321,B,1,B,1.0,1.0,0.0,1.0,0.0,0.0,363,1.5246000000000001e-05,1,3
2392,7,1032,C,2,C,1.0,1.0,0.0,0.0,1.0,0.0,363,1.5246000000000001e-05,1,3
2392,6,1023,D,3,D,1.0,1.0,0.0,0.0,0.0,1.0,363,1.5246000000000001e-05,1,3
2392,8,1203,D,3,D,1.0,1.0,0.0,0.0,0.0,1.0,363,1.5246000000000001e-05,1,3
2392,9,1230,C,2,C,1.0,1.0,0.0,0.0,1.0,0.0,363,1.5246000000000001e-05,1,3
2392,10,1302,B,1,B,1.0,1.0,0.0,1.0,0.0,0.0,363,1.5246000000000001e-05,1,3
2392,11,1320,B,1,B,1.0,1.0,0.0,1.0,0.0,0.0,363,1.5246000000000001e-05,1,3
2392,12,2013,D,3,D,1.0,1.0,0.0,0.0,0.0,1.0,363,1.5246000000000001e-05,1,3
2392,13,2031,C,2,C,1.0,1.0,0.0,0.0,1.0,0.0,363,1.5246000000000001e-05,1,3
2392,14,2103,D,3,D,1.0,1.0,0.0,0.0,0.0,1.0,363,1.5246000000000001e-05,1,3
2392,15,2130,C,2,C,1.0,1.0,0.0,0.0,1.0,0.0,363,1.5246000000000001e-05,1,3
2392,16,2301,B,1,B,1.0,1.0,0.0,1.0,0.0,0.0,363,1.5246000000000001e-05,1,3
2392,17,2310,B,1,B,1.0,1.0,0.0,1.0,0.0,0.0,363,1.5246000000000001e-05,1,3
2392,18,3012,A,0,A,1.0,1.0,1.0,0.0,0.0,0.0,363,1.5246000000000001e-05,1,3
2392,20,3102,A,0,A,1.0,1.0,1.0,0.0,0.0,0.0,363,1.5246000000000001e-05,1,3
2392,19,3021,A,0,A,1.0,1.0,1.0,0.0,0.0,0.0,363,1.5246000000000001e-05,1,3
2986,15,2130,B,1,B,0.78,0.72,0.08,0.78,0.01,0.13,369,1.5498000000000003e-05,1,1
2392,21,3120,A,0,A,1.0,1.0,1.0,0.0,0.0,0.0,363,1.5246000000000001e-05,1,3
2392,22,3201,A,0,A,1.0,1.0,1.0,0.0,0.0,0.0,363,1.5246000000000001e-05,1,3
2392,23,3210,A,0,A,1.0,1.0,1.0,0.0,0.0,0.0,363,1.5246000000000001e-05,1,3
2771,0,0123,A,0,A,0.79,0.71,0.79,0.01,0.01,0.19,369,1.5498000000000003e-05,1,0
2771,2,0213,A,0,A,0.76,0.67,0.76,0.01,0.01,0.22,369,1.5498000000000003e-05,1,0
2771,1,0132,A,0,A,0.68,0.56,0.68,0.01,0.30000000000000004,0.01,369,1.5498000000000003e-05,1,0
2771,3,0231,A,0,A,0.68,0.5700000000000001,0.68,0.01,0.29,0.02,369,1.5498000000000003e-05,1,0
2771,4,0312,A,0,B,0.49,0.33,0.49,0.49,0.01,0.01,369,1.5498000000000003e-05,0,3
2771,7,1032,B,1,B,0.54,0.39,0.02,0.54,0.43,0.01,369,1.5498000000000003e-05,1,0
2771,6,1023,B,1,B,0.71,0.62,0.02,0.71,0.01,0.26,369,1.5498000000000003e-05,1,0
2771,8,1203,C,2,C,0.71,0.61,0.01,0.01,0.71,0.27,369,1.5498000000000003e-05,1,0
2771,9,1230,D,3,D,0.65,0.54,0.01,0.01,0.33,0.65,369,1.5498000000000003e-05,1,0
2771,10,1302,C,2,B,0.53,0.37,0.01,0.53,0.45,0.01,369,1.5498000000000003e-05,0,3
2771,5,0321,A,0,A,0.53,0.37,0.53,0.46,0.0,0.01,369,1.5498000000000003e-05,1,0
2771,11,1320,D,3,D,0.59,0.45,0.01,0.4,0.0,0.59,369,1.5498000000000003e-05,1,0
2771,12,2013,B,1,B,0.73,0.64,0.01,0.73,0.01,0.25,369,1.5498000000000003e-05,1,0
2771,13,2031,B,1,B,0.7000000000000001,0.6000000000000001,0.01,0.7000000000000001,0.28,0.01,369,1.5498000000000003e-05,1,0
2771,15,2130,D,3,D,0.74,0.65,0.01,0.01,0.24,0.74,369,1.5498000000000003e-05,1,0
2771,14,2103,C,2,C,0.73,0.63,0.01,0.01,0.73,0.25,369,1.5498000000000003e-05,1,0
2771,18,3012,B,1,B,0.52,0.37,0.45,0.52,0.01,0.02,369,1.5498000000000003e-05,1,0
2771,17,2310,D,3,D,0.63,0.51,0.01,0.35000000000000003,0.01,0.63,369,1.5498000000000003e-05,1,0
2771,16,2301,C,2,C,0.58,0.44,0.01,0.4,0.58,0.01,369,1.5498000000000003e-05,1,0
2771,20,3102,C,2,C,0.51,0.35000000000000003,0.47000000000000003,0.01,0.51,0.01,369,1.5498000000000003e-05,1,0
2771,21,3120,D,3,D,0.5700000000000001,0.43,0.41000000000000003,0.01,0.01,0.5700000000000001,369,1.5498000000000003e-05,1,0
2771,22,3201,C,2,C,0.53,0.37,0.45,0.01,0.53,0.01,369,1.5498000000000003e-05,1,0
2771,23,3210,D,3,D,0.6000000000000001,0.47000000000000003,0.38,0.01,0.01,0.6000000000000001,369,1.5498000000000003e-05,1,0
2771,19,3021,B,1,A,0.54,0.38,0.54,0.44,0.0,0.02,369,1.5498000000000003e-05,0,3
5872,0,0123,C,2,C,1.0,1.0,0.0,0.0,1.0,0.0,394,1.6548e-05,1,2
5872,3,0231,B,1,B,1.0,1.0,0.0,1.0,0.0,0.0,394,1.6548e-05,1,2
5872,1,0132,D,3,D,1.0,1.0,0.0,0.0,0.0,1.0,394,1.6548e-05,1,2
5872,4,0312,D,3,D,1.0,1.0,0.0,0.0,0.0,1.0,394,1.6548e-05,1,2
5872,2,0213,B,1,B,1.0,1.0,0.0,1.0,0.0,0.0,394,1.6548e-05,1,2
5872,5,0321,C,2,C,1.0,1.0,0.0,0.0,1.0,0.0,394,1.6548e-05,1,2
5872,6,1023,C,2,C,1.0,1.0,0.0,0.0,1.0,0.0,394,1.6548e-05,1,2
5872,7,1032,D,3,D,1.0,1.0,0.0,0.0,0.0,1.0,394,1.6548e-05,1,2
5872,8,1203,B,1,B,1.0,1.0,0.0,1.0,0.0,0.0,394,1.6548e-05,1,2
5872,10,1302,D,3,D,1.0,1.0,0.0,0.0,0.0,1.0,394,1.6548e-05,1,2
5872,9,1230,B,1,B,1.0,1.0,0.0,1.0,0.0,0.0,394,1.6548e-05,1,2
5872,11,1320,C,2,C,1.0,1.0,0.0,0.0,1.0,0.0,394,1.6548e-05,1,2
5872,13,2031,A,0,A,1.0,1.0,1.0,0.0,0.0,0.0,394,1.6548e-05,1,2
5872,12,2013,A,0,A,1.0,1.0,1.0,0.0,0.0,0.0,394,1.6548e-05,1,2
5872,15,2130,A,0,A,1.0,1.0,1.0,0.0,0.0,0.0,394,1.6548e-05,1,2
5872,14,2103,A,0,A,1.0,1.0,1.0,0.0,0.0,0.0,394,1.6548e-05,1,2
5872,16,2301,A,0,A,1.0,1.0,1.0,0.0,0.0,0.0,394,1.6548e-05,1,2
5872,19,3021,C,2,C,1.0,1.0,0.0,0.0,1.0,0.0,394,1.6548e-05,1,2
5872,17,2310,A,0,A,1.0,1.0,1.0,0.0,0.0,0.0,394,1.6548e-05,1,2
5872,18,3012,D,3,D,1.0,1.0,0.0,0.0,0.0,1.0,394,1.6548e-05,1,2
5872,20,3102,D,3,D,1.0,1.0,0.0,0.0,0.0,1.0,394,1.6548e-05,1,2
5872,21,3120,C,2,C,1.0,1.0,0.0,0.0,1.0,0.0,394,1.6548e-05,1,2
5872,22,3201,B,1,B,1.0,1.0,0.0,1.0,0.0,0.0,394,1.6548e-05,1,2
8479,0,0123,C,2,C,0.46,0.27,0.34,0.18,0.46,0.02,372,1.5624e-05,1,2
5872,23,3210,B,1,B,1.0,1.0,0.0,1.0,0.0,0.0,394,1.6548e-05,1,2
8479,2,0213,B,1,B,0.45,0.27,0.37,0.45,0.15,0.03,372,1.5624e-05,1,2
8479,3,0231,B,1,B,0.46,0.27,0.44,0.46,0.02,0.08,372,1.5624e-05,1,2
8479,4,0312,D,3,D,0.45,0.26,0.37,0.05,0.13,0.45,372,1.5624e-05,1,2
8479,1,0132,D,3,D,0.4,0.2,0.39,0.17,0.04,0.4,372,1.5624e-05,1,2
8479,5,0321,C,2,C,0.459999999999999,0.29,0.4,0.05,0.459999999999999,0.09,372,1.5624e-05,1,2
8479,6,1023,C,2,B,0.63,0.5,0.1,0.63,0.26,0.01,372,1.5624e-05,0,0
8479,7,1032,D,3,B,0.55,0.4,0.12,0.55,0.03,0.30000000000000004,372,1.5624e-05,0,0
8479,8,1203,B,1,C,0.78,0.71,0.05,0.16,0.78,0.01,372,1.5624e-05,0,0
8479,9,1230,B,1,D,0.79,0.72,0.04,0.17,0.0,0.79,372,1.5624e-05,0,0
8479,11,1320,C,2,D,0.79,0.73,0.04,0.01,0.16,0.79,372,1.5624e-05,0,0
8479,10,1302,D,3,C,0.74,0.66,0.05,0.02,0.74,0.19,372,1.5624e-05,0,0
8479,12,2013,A,0,B,0.74,0.65,0.21,0.74,0.04,0.01,372,1.5624e-05,0,0
8479,13,2031,A,0,B,0.72,0.62,0.24,0.72,0.01,0.03,372,1.5624e-05,0,0
8479,15,2130,A,0,D,0.8200000000000001,0.76,0.15,0.03,0.0,0.8200000000000001,372,1.5624e-05,0,0
8479,14,2103,A,0,C,0.59,0.45,0.31,0.09,0.59,0.01,372,1.5624e-05,0,0
8479,16,2301,A,0,C,0.86,0.8,0.12,0.0,0.86,0.02,372,1.5624e-05,0,0
8479,17,2310,A,0,D,0.72,0.63,0.23,0.01,0.04,0.72,372,1.5624e-05,0,0
8479,19,3021,C,2,B,0.76,0.68,0.03,0.76,0.17,0.04,372,1.5624e-05,0,0
8479,18,3012,D,3,B,0.71,0.61,0.03,0.71,0.04,0.22,372,1.5624e-05,0,0
8479,20,3102,D,3,C,0.71,0.61,0.03,0.05,0.71,0.21,372,1.5624e-05,0,0
8479,21,3120,C,2,D,0.8200000000000001,0.76,0.02,0.02,0.14,0.8200000000000001,372,1.5624e-05,0,0
8479,23,3210,B,1,D,0.8,0.73,0.02,0.15,0.03,0.8,372,1.5624e-05,0,0
8479,22,3201,B,1,C,0.88,0.8300000000000001,0.01,0.1,0.88,0.01,372,1.5624e-05,0,0
7001,0,0123,B,1,B,1.0,1.0,0.0,1.0,0.0,0.0,369,1.5498000000000003e-05,1,1
7001,1,0132,B,1,B,1.0,1.0,0.0,1.0,0.0,0.0,369,1.5498000000000003e-05,1,1
7001,2,0213,C,2,C,1.0,1.0,0.0,0.0,1.0,0.0,369,1.5498000000000003e-05,1,1
7001,4,0312,C,2,C,1.0,1.0,0.0,0.0,1.0,0.0,369,1.5498000000000003e-05,1,1
7001,3,0231,D,3,D,1.0,1.0,0.0,0.0,0.0,1.0,369,1.5498000000000003e-05,1,1
7001,6,1023,A,0,A,1.0,1.0,1.0,0.0,0.0,0.0,369,1.5498000000000003e-05,1,1
7001,8,1203,A,0,A,1.0,1.0,1.0,0.0,0.0,0.0,369,1.5498000000000003e-05,1,1
7001,5,0321,D,3,D,1.0,1.0,0.0,0.0,0.0,1.0,369,1.5498000000000003e-05,1,1
7001,9,1230,A,0,A,1.0,1.0,1.0,0.0,0.0,0.0,369,1.5498000000000003e-05,1,1
7001,10,1302,A,0,A,1.0,1.0,1.0,0.0,0.0,0.0,369,1.5498000000000003e-05,1,1
7001,7,1032,A,0,A,1.0,1.0,1.0,0.0,0.0,0.0,369,1.5498000000000003e-05,1,1
7001,12,2013,C,2,C,1.0,1.0,0.0,0.0,1.0,0.0,369,1.5498000000000003e-05,1,1
7001,13,2031,D,3,D,1.0,1.0,0.0,0.0,0.0,1.0,369,1.5498000000000003e-05,1,1
7001,11,1320,A,0,A,1.0,1.0,1.0,0.0,0.0,0.0,369,1.5498000000000003e-05,1,1
7001,14,2103,B,1,B,1.0,1.0,0.0,1.0,0.0,0.0,369,1.5498000000000003e-05,1,1
7001,15,2130,B,1,B,1.0,1.0,0.0,1.0,0.0,0.0,369,1.5498000000000003e-05,1,1
7001,17,2310,C,2,C,1.0,1.0,0.0,0.0,1.0,0.0,369,1.5498000000000003e-05,1,1
7001,18,3012,C,2,C,1.0,1.0,0.0,0.0,1.0,0.0,369,1.5498000000000003e-05,1,1
7001,16,2301,D,3,D,1.0,1.0,0.0,0.0,0.0,1.0,369,1.5498000000000003e-05,1,1
7001,19,3021,D,3,D,1.0,1.0,0.0,0.0,0.0,1.0,369,1.5498000000000003e-05,1,1
7001,20,3102,B,1,B,1.0,1.0,0.0,1.0,0.0,0.0,369,1.5498000000000003e-05,1,1
7001,21,3120,B,1,B,1.0,1.0,0.0,1.0,0.0,0.0,369,1.5498000000000003e-05,1,1
7001,22,3201,D,3,D,1.0,1.0,0.0,0.0,0.0,1.0,369,1.5498000000000003e-05,1,1
7001,23,3210,C,2,C,1.0,1.0,0.0,0.0,1.0,0.0,369,1.5498000000000003e-05,1,1
6032,0,0123,D,3,D,0.97,0.9500000000000001,0.0,0.0,0.03,0.97,383,1.6086e-05,1,3
6032,2,0213,D,3,D,0.96,0.9400000000000001,0.0,0.04,0.0,0.96,383,1.6086e-05,1,3
6032,1,0132,C,2,C,0.99,0.98,0.0,0.0,0.99,0.01,383,1.6086e-05,1,3
6032,4,0312,B,1,B,0.99,0.99,0.0,0.99,0.0,0.01,383,1.6086e-05,1,3
6032,3,0231,C,2,C,0.9500000000000001,0.92,0.0,0.05,0.9500000000000001,0.0,383,1.6086e-05,1,3
6032,6,1023,D,3,D,0.97,0.9500000000000001,0.0,0.0,0.03,0.97,383,1.6086e-05,1,3
6032,5,0321,B,1,B,0.99,0.99,0.0,0.99,0.01,0.0,383,1.6086e-05,1,3
6032,7,1032,C,2,C,0.99,0.98,0.0,0.0,0.99,0.01,383,1.6086e-05,1,3
6032,10,1302,B,1,B,0.98,0.97,0.0,0.98,0.0,0.02,383,1.6086e-05,1,3
6032,9,1230,C,2,C,0.88,0.84,0.01,0.11,0.88,0.0,383,1.6086e-05,1,3
6032,8,1203,D,3,D,0.93,0.91,0.01,0.06,0.0,0.93,383,1.6086e-05,1,3
6032,12,2013,D,3,D,0.86,0.81,0.14,0.0,0.0,0.86,383,1.6086e-05,1,3
6032,13,2031,C,2,C,0.91,0.88,0.09,0.0,0.91,0.0,383,1.6086e-05,1,3
6032,11,1320,B,1,B,0.98,0.97,0.0,0.98,0.02,0.0,383,1.6086e-05,1,3
6032,14,2103,D,3,D,0.89,0.85,0.11,0.0,0.0,0.89,383,1.6086e-05,1,3
6032,15,2130,C,2,C,0.92,0.89,0.08,0.0,0.92,0.0,383,1.6086e-05,1,3
6032,16,2301,B,1,B,0.9,0.86,0.1,0.9,0.0,0.0,383,1.6086e-05,1,3
6032,17,2310,B,1,B,0.91,0.88,0.09,0.91,0.0,0.0,383,1.6086e-05,1,3
6032,19,3021,A,0,A,0.98,0.97,0.98,0.0,0.02,0.0,383,1.6086e-05,1,3
6032,18,3012,A,0,A,0.98,0.97,0.98,0.0,0.0,0.02,383,1.6086e-05,1,3
6032,20,3102,A,0,A,0.97,0.96,0.97,0.0,0.0,0.03,383,1.6086e-05,1,3
6032,21,3120,A,0,A,0.96,0.9500000000000001,0.96,0.0,0.04,0.0,383,1.6086e-05,1,3
6032,23,3210,A,0,A,0.9400000000000001,0.92,0.9400000000000001,0.06,0.0,0.0,383,1.6086e-05,1,3
722,0,0123,B,1,C,0.8200000000000001,0.77,0.01,0.08,0.8200000000000001,0.09,377,1.5834e-05,0,2
722,2,0213,C,2,B,0.73,0.65,0.01,0.73,0.16,0.1,377,1.5834e-05,0,2
722,1,0132,B,1,D,0.72,0.62,0.01,0.13,0.14,0.72,377,1.5834e-05,0,2
6032,22,3201,A,0,A,0.9400000000000001,0.92,0.9400000000000001,0.06,0.0,0.0,383,1.6086e-05,1,3
722,3,0231,D,3,B,0.85,0.8,0.01,0.85,0.1,0.04,377,1.5834e-05,0,2
722,4,0312,C,2,D,0.74,0.66,0.01,0.17,0.08,0.74,377,1.5834e-05,0,2
722,5,0321,D,3,C,0.809999999999999,0.76,0.01,0.13,0.809999999999999,0.05,377,1.5834e-05,0,2
722,6,1023,A,0,C,0.6900000000000001,0.59,0.2,0.01,0.6900000000000001,0.1,377,1.5834e-05,0,2
722,7,1032,A,0,D,0.61,0.49,0.21,0.01,0.17,0.61,377,1.5834e-05,0,2
722,8,1203,A,0,B,0.81,0.75,0.13,0.81,0.0,0.05,377,1.5834e-05,0,2
722,9,1230,A,0,B,0.8200000000000001,0.76,0.11,0.8200000000000001,0.07,0.0,377,1.5834e-05,0,2
722,10,1302,A,0,D,0.5,0.33,0.18,0.31,0.01,0.5,377,1.5834e-05,0,2
722,12,2013,C,2,A,0.9,0.87,0.9,0.0,0.05,0.05,377,1.5834e-05,0,2
722,11,1320,A,0,C,0.62,0.49,0.19,0.19,0.62,0.0,377,1.5834e-05,0,2
722,13,2031,D,3,A,0.929999999999999,0.91,0.929999999999999,0.0,0.05,0.02,377,1.5834e-05,0,2
722,14,2103,B,1,A,0.9,0.86,0.9,0.08,0.0,0.02,377,1.5834e-05,0,2
722,17,2310,C,2,A,0.91,0.88,0.91,0.08,0.01,0.0,377,1.5834e-05,0,2
722,16,2301,D,3,A,0.9,0.86,0.9,0.09,0.0,0.01,377,1.5834e-05,0,2
722,18,3012,C,2,D,0.74,0.66,0.2,0.01,0.05,0.74,377,1.5834e-05,0,2
722,15,2130,B,1,A,0.87,0.8200000000000001,0.87,0.09,0.04,0.0,377,1.5834e-05,0,2
722,19,3021,D,3,C,0.67,0.56,0.26,0.01,0.67,0.06,377,1.5834e-05,0,2
722,20,3102,B,1,D,0.7000000000000001,0.6000000000000001,0.23,0.06,0.01,0.7000000000000001,377,1.5834e-05,0,2
722,21,3120,B,1,C,0.8,0.73,0.16,0.04,0.8,0.0,377,1.5834e-05,0,2
7623,0,0123,D,3,D,0.98,0.97,0.0,0.02,0.0,0.98,375,1.5750000000000003e-05,1,3
722,22,3201,D,3,B,0.8200000000000001,0.76,0.15,0.8200000000000001,0.0,0.03,377,1.5834e-05,0,2
7623,1,0132,C,2,C,0.97,0.97,0.0,0.03,0.97,0.0,375,1.5750000000000003e-05,1,3
7623,2,0213,D,3,D,0.96,0.9400000000000001,0.0,0.0,0.04,0.96,375,1.5750000000000003e-05,1,3
722,23,3210,C,2,B,0.8,0.73,0.17,0.8,0.03,0.0,377,1.5834e-05,0,2
7623,4,0312,B,1,B,0.97,0.96,0.0,0.97,0.03,0.0,375,1.5750000000000003e-05,1,3
7623,5,0321,B,1,B,0.96,0.9500000000000001,0.0,0.96,0.0,0.04,375,1.5750000000000003e-05,1,3
7623,3,0231,C,2,C,0.98,0.97,0.0,0.0,0.98,0.02,375,1.5750000000000003e-05,1,3
7623,6,1023,D,3,D,0.97,0.96,0.03,0.0,0.0,0.97,375,1.5750000000000003e-05,1,3
7623,7,1032,C,2,C,0.98,0.97,0.02,0.0,0.98,0.0,375,1.5750000000000003e-05,1,3
7623,10,1302,B,1,B,0.99,0.98,0.01,0.99,0.0,0.0,375,1.5750000000000003e-05,1,3
7623,8,1203,D,3,D,0.96,0.9400000000000001,0.04,0.0,0.0,0.96,375,1.5750000000000003e-05,1,3
7623,9,1230,C,2,C,0.96,0.9500000000000001,0.04,0.0,0.96,0.0,375,1.5750000000000003e-05,1,3
7623,11,1320,B,1,B,0.98,0.98,0.02,0.98,0.0,0.0,375,1.5750000000000003e-05,1,3
7623,13,2031,C,2,C,0.97,0.97,0.0,0.0,0.97,0.03,375,1.5750000000000003e-05,1,3
7623,15,2130,C,2,C,0.97,0.96,0.0,0.03,0.97,0.0,375,1.5750000000000003e-05,1,3
7623,14,2103,D,3,D,0.98,0.97,0.0,0.02,0.0,0.98,375,1.5750000000000003e-05,1,3
7623,12,2013,D,3,D,0.96,0.9500000000000001,0.0,0.0,0.04,0.96,375,1.5750000000000003e-05,1,3
7623,18,3012,A,0,A,0.9500000000000001,0.9400000000000001,0.9500000000000001,0.0,0.05,0.0,375,1.5750000000000003e-05,1,3
7623,16,2301,B,1,B,0.96,0.9500000000000001,0.0,0.96,0.0,0.04,375,1.5750000000000003e-05,1,3
7623,19,3021,A,0,A,0.97,0.96,0.97,0.0,0.0,0.03,375,1.5750000000000003e-05,1,3
7623,17,2310,B,1,B,0.98,0.97,0.0,0.98,0.02,0.0,375,1.5750000000000003e-05,1,3
7623,20,3102,A,0,A,0.97,0.96,0.97,0.03,0.0,0.0,375,1.5750000000000003e-05,1,3
7623,21,3120,A,0,A,0.96,0.9500000000000001,0.96,0.04,0.0,0.0,375,1.5750000000000003e-05,1,3
7623,22,3201,A,0,A,0.96,0.9400000000000001,0.96,0.0,0.0,0.04,375,1.5750000000000003e-05,1,3
6939,0,0123,C,2,C,1.0,1.0,0.0,0.0,1.0,0.0,377,1.5834e-05,1,2
7623,23,3210,A,0,A,0.96,0.9500000000000001,0.96,0.0,0.04,0.0,375,1.5750000000000003e-05,1,3
6939,1,0132,D,3,D,1.0,1.0,0.0,0.0,0.0,1.0,377,1.5834e-05,1,2
6939,2,0213,B,1,B,1.0,1.0,0.0,1.0,0.0,0.0,377,1.5834e-05,1,2
6939,3,0231,B,1,B,1.0,1.0,0.0,1.0,0.0,0.0,377,1.5834e-05,1,2
6939,6,1023,C,2,C,1.0,1.0,0.0,0.0,1.0,0.0,377,1.5834e-05,1,2
6939,5,0321,C,2,C,1.0,1.0,0.0,0.0,1.0,0.0,377,1.5834e-05,1,2
6939,4,0312,D,3,D,1.0,1.0,0.0,0.0,0.0,1.0,377,1.5834e-05,1,2
6939,8,1203,B,1,B,1.0,1.0,0.0,1.0,0.0,0.0,377,1.5834e-05,1,2
6939,7,1032,D,3,D,1.0,0.99,0.0,0.0,0.0,1.0,377,1.5834e-05,1,2
6939,9,1230,B,1,B,1.0,1.0,0.0,1.0,0.0,0.0,377,1.5834e-05,1,2
6939,11,1320,C,2,C,1.0,1.0,0.0,0.0,1.0,0.0,377,1.5834e-05,1,2
6939,10,1302,D,3,D,1.0,1.0,0.0,0.0,0.0,1.0,377,1.5834e-05,1,2
6939,12,2013,A,0,A,1.0,1.0,1.0,0.0,0.0,0.0,377,1.5834e-05,1,2
6939,14,2103,A,0,A,1.0,1.0,1.0,0.0,0.0,0.0,377,1.5834e-05,1,2
6939,13,2031,A,0,A,1.0,1.0,1.0,0.0,0.0,0.0,377,1.5834e-05,1,2
6939,15,2130,A,0,A,1.0,1.0,1.0,0.0,0.0,0.0,377,1.5834e-05,1,2
6939,17,2310,A,0,A,1.0,1.0,1.0,0.0,0.0,0.0,377,1.5834e-05,1,2
6939,16,2301,A,0,A,1.0,1.0,1.0,0.0,0.0,0.0,377,1.5834e-05,1,2
6939,18,3012,D,3,D,1.0,1.0,0.0,0.0,0.0,1.0,377,1.5834e-05,1,2
6939,21,3120,C,2,C,1.0,1.0,0.0,0.0,1.0,0.0,377,1.5834e-05,1,2
6939,20,3102,D,3,D,1.0,1.0,0.0,0.0,0.0,1.0,377,1.5834e-05,1,2
6939,19,3021,C,2,C,1.0,1.0,0.0,0.0,1.0,0.0,377,1.5834e-05,1,2
6939,22,3201,B,1,B,1.0,0.99,0.0,1.0,0.0,0.0,377,1.5834e-05,1,2
6939,23,3210,B,1,B,1.0,1.0,0.0,1.0,0.0,0.0,377,1.5834e-05,1,2
5027,0,0123,A,0,A,0.98,0.97,0.98,0.0,0.02,0.0,376,1.5792000000000004e-05,1,0
5027,2,0213,A,0,A,0.9400000000000001,0.92,0.9400000000000001,0.06,0.0,0.0,376,1.5792000000000004e-05,1,0
5027,1,0132,A,0,A,0.97,0.96,0.97,0.0,0.0,0.03,376,1.5792000000000004e-05,1,0
5027,3,0231,A,0,A,0.96,0.9400000000000001,0.96,0.04,0.0,0.0,376,1.5792000000000004e-05,1,0
5027,5,0321,A,0,A,0.99,0.98,0.99,0.0,0.01,0.0,376,1.5792000000000004e-05,1,0
5027,4,0312,A,0,A,0.99,0.99,0.99,0.0,0.0,0.01,376,1.5792000000000004e-05,1,0
5027,6,1023,B,1,B,0.98,0.97,0.0,0.98,0.02,0.0,376,1.5792000000000004e-05,1,0
5027,7,1032,B,1,B,0.97,0.9500000000000001,0.0,0.97,0.0,0.03,376,1.5792000000000004e-05,1,0
5027,8,1203,C,2,C,0.92,0.88,0.0,0.08,0.92,0.0,376,1.5792000000000004e-05,1,0
5027,9,1230,D,3,D,0.92,0.88,0.0,0.08,0.0,0.92,376,1.5792000000000004e-05,1,0
5027,10,1302,C,2,C,0.98,0.97,0.0,0.0,0.98,0.02,376,1.5792000000000004e-05,1,0
5027,13,2031,B,1,B,0.93,0.91,0.07,0.93,0.0,0.0,376,1.5792000000000004e-05,1,0
5027,11,1320,D,3,D,0.92,0.88,0.0,0.0,0.08,0.92,376,1.5792000000000004e-05,1,0
5027,15,2130,D,3,D,0.9,0.86,0.1,0.0,0.0,0.9,376,1.5792000000000004e-05,1,0
5027,12,2013,B,1,B,0.92,0.9,0.08,0.92,0.0,0.0,376,1.5792000000000004e-05,1,0
5027,14,2103,C,2,C,0.89,0.86,0.11,0.0,0.89,0.0,376,1.5792000000000004e-05,1,0
5027,18,3012,B,1,B,0.98,0.97,0.0,0.98,0.0,0.02,376,1.5792000000000004e-05,1,0
5027,17,2310,D,3,D,0.87,0.8200000000000001,0.13,0.0,0.0,0.87,376,1.5792000000000004e-05,1,0
5027,19,3021,B,1,B,0.98,0.97,0.0,0.98,0.02,0.0,376,1.5792000000000004e-05,1,0
5027,20,3102,C,2,C,0.98,0.97,0.0,0.0,0.98,0.02,376,1.5792000000000004e-05,1,0
5027,16,2301,C,2,C,0.93,0.9,0.07,0.0,0.93,0.0,376,1.5792000000000004e-05,1,0
5027,21,3120,D,3,D,0.9500000000000001,0.93,0.0,0.0,0.05,0.9500000000000001,376,1.5792000000000004e-05,1,0
5027,23,3210,D,3,D,0.9400000000000001,0.92,0.0,0.06,0.0,0.9400000000000001,376,1.5792000000000004e-05,1,0
5027,22,3201,C,2,C,0.9400000000000001,0.92,0.0,0.06,0.9400000000000001,0.0,376,1.5792000000000004e-05,1,0
4813,0,0123,A,0,A,1.0,1.0,1.0,0.0,0.0,0.0,376,1.5792000000000004e-05,1,0
4813,4,0312,A,0,A,1.0,1.0,1.0,0.0,0.0,0.0,376,1.5792000000000004e-05,1,0
4813,1,0132,A,0,A,1.0,1.0,1.0,0.0,0.0,0.0,376,1.5792000000000004e-05,1,0
4813,2,0213,A,0,A,1.0,1.0,1.0,0.0,0.0,0.0,376,1.5792000000000004e-05,1,0
4813,3,0231,A,0,A,1.0,1.0,1.0,0.0,0.0,0.0,376,1.5792000000000004e-05,1,0
4813,5,0321,A,0,A,1.0,1.0,1.0,0.0,0.0,0.0,376,1.5792000000000004e-05,1,0
4813,7,1032,B,1,B,1.0,1.0,0.0,1.0,0.0,0.0,376,1.5792000000000004e-05,1,0
4813,6,1023,B,1,B,1.0,1.0,0.0,1.0,0.0,0.0,376,1.5792000000000004e-05,1,0
4813,8,1203,C,2,C,1.0,1.0,0.0,0.0,1.0,0.0,376,1.5792000000000004e-05,1,0
4813,10,1302,C,2,C,1.0,1.0,0.0,0.0,1.0,0.0,376,1.5792000000000004e-05,1,0
4813,9,1230,D,3,D,1.0,1.0,0.0,0.0,0.0,1.0,376,1.5792000000000004e-05,1,0
4813,13,2031,B,1,B,1.0,1.0,0.0,1.0,0.0,0.0,376,1.5792000000000004e-05,1,0
4813,12,2013,B,1,B,1.0,1.0,0.0,1.0,0.0,0.0,376,1.5792000000000004e-05,1,0
4813,11,1320,D,3,D,1.0,1.0,0.0,0.0,0.0,1.0,376,1.5792000000000004e-05,1,0
4813,15,2130,D,3,D,1.0,1.0,0.0,0.0,0.0,1.0,376,1.5792000000000004e-05,1,0
4813,14,2103,C,2,C,1.0,1.0,0.0,0.0,1.0,0.0,376,1.5792000000000004e-05,1,0
4813,17,2310,D,3,D,1.0,1.0,0.0,0.0,0.0,1.0,376,1.5792000000000004e-05,1,0
4813,18,3012,B,1,B,1.0,1.0,0.0,1.0,0.0,0.0,376,1.5792000000000004e-05,1,0
4813,16,2301,C,2,C,1.0,1.0,0.0,0.0,1.0,0.0,376,1.5792000000000004e-05,1,0
4813,20,3102,C,2,C,1.0,1.0,0.0,0.0,1.0,0.0,376,1.5792000000000004e-05,1,0
4813,22,3201,C,2,C,1.0,1.0,0.0,0.0,1.0,0.0,376,1.5792000000000004e-05,1,0
4813,23,3210,D,3,D,1.0,1.0,0.0,0.0,0.0,1.0,376,1.5792000000000004e-05,1,0
4813,19,3021,B,1,B,1.0,1.0,0.0,1.0,0.0,0.0,376,1.5792000000000004e-05,1,0
4813,21,3120,D,3,D,1.0,1.0,0.0,0.0,0.0,1.0,376,1.5792000000000004e-05,1,0
1977,1,0132,D,3,D,0.79,0.72,0.19,0.02,0.0,0.79,372,1.5624e-05,1,2
1977,0,0123,C,2,C,0.8,0.74,0.18,0.02,0.8,0.0,372,1.5624e-05,1,2
1977,2,0213,B,1,B,0.78,0.6900000000000001,0.21,0.78,0.01,0.0,372,1.5624e-05,1,2
1977,4,0312,D,3,D,0.8,0.73,0.17,0.0,0.03,0.8,372,1.5624e-05,1,2
1977,6,1023,C,2,C,0.84,0.79,0.04,0.11,0.84,0.01,372,1.5624e-05,1,2
1977,5,0321,C,2,C,0.79,0.71,0.2,0.0,0.79,0.01,372,1.5624e-05,1,2
1977,7,1032,D,3,D,0.8300000000000001,0.78,0.05,0.11,0.01,0.8300000000000001,372,1.5624e-05,1,2
1977,3,0231,B,1,B,0.8300000000000001,0.78,0.16,0.8300000000000001,0.0,0.01,372,1.5624e-05,1,2
1977,8,1203,B,1,B,0.9,0.87,0.04,0.9,0.05,0.01,372,1.5624e-05,1,2
1977,10,1302,D,3,D,0.81,0.75,0.06,0.0,0.13,0.81,372,1.5624e-05,1,2
1977,11,1320,C,2,C,0.93,0.91,0.03,0.0,0.93,0.04,372,1.5624e-05,1,2
1977,9,1230,B,1,B,0.93,0.91,0.03,0.93,0.0,0.04,372,1.5624e-05,1,2
1977,15,2130,A,0,A,0.98,0.97,0.98,0.0,0.0,0.02,372,1.5624e-05,1,2
1977,14,2103,A,0,A,0.99,0.98,0.99,0.0,0.01,0.0,372,1.5624e-05,1,2
1977,13,2031,A,0,A,0.98,0.97,0.98,0.02,0.0,0.0,372,1.5624e-05,1,2
1977,12,2013,A,0,A,0.98,0.97,0.98,0.02,0.0,0.0,372,1.5624e-05,1,2
1977,18,3012,D,3,D,0.81,0.74,0.0,0.17,0.02,0.81,372,1.5624e-05,1,2
1977,16,2301,A,0,A,0.97,0.96,0.97,0.0,0.03,0.0,372,1.5624e-05,1,2
1977,19,3021,C,2,C,0.76,0.67,0.0,0.23,0.76,0.01,372,1.5624e-05,1,2
1977,17,2310,A,0,A,0.9500000000000001,0.9400000000000001,0.9500000000000001,0.0,0.01,0.04,372,1.5624e-05,1,2
1977,23,3210,B,1,B,0.98,0.97,0.0,0.98,0.0,0.02,372,1.5624e-05,1,2
1977,20,3102,D,3,D,0.85,0.8,0.01,0.04,0.1,0.85,372,1.5624e-05,1,2
9712,2,0213,D,3,D,0.66,0.54,0.0,0.01,0.33,0.66,373,1.5666000000000002e-05,1,3
9712,4,0312,B,1,B,0.6000000000000001,0.45,0.0,0.6000000000000001,0.4,0.0,373,1.5666000000000002e-05,1,3
9712,0,0123,D,3,D,0.59,0.45,0.01,0.4,0.0,0.59,373,1.5666000000000002e-05,1,3
9712,1,0132,C,2,C,0.66,0.54,0.0,0.34,0.66,0.0,373,1.5666000000000002e-05,1,3
9712,3,0231,C,2,C,0.51,0.34,0.0,0.0,0.51,0.49,373,1.5666000000000002e-05,1,3
9712,5,0321,B,1,D,0.51,0.34,0.0,0.49,0.0,0.51,373,1.5666000000000002e-05,0,1
9712,6,1023,D,3,A,0.52,0.35000000000000003,0.52,0.0,0.0,0.48,373,1.5666000000000002e-05,0,1
9712,10,1302,B,1,B,0.63,0.49,0.37,0.63,0.0,0.0,373,1.5666000000000002e-05,1,3
9712,7,1032,C,2,A,0.55,0.39,0.55,0.0,0.45,0.0,373,1.5666000000000002e-05,0,1
9712,9,1230,C,2,A,0.56,0.4,0.56,0.0,0.44,0.0,373,1.5666000000000002e-05,0,1
9712,8,1203,D,3,D,0.54,0.38,0.46,0.0,0.0,0.54,373,1.5666000000000002e-05,1,3
9712,11,1320,B,1,B,0.65,0.53,0.34,0.65,0.01,0.0,373,1.5666000000000002e-05,1,3
9712,12,2013,D,3,D,0.66,0.54,0.02,0.0,0.32,0.66,373,1.5666000000000002e-05,1,3
9712,16,2301,B,1,D,0.55,0.4,0.02,0.43,0.0,0.55,373,1.5666000000000002e-05,0,1
9712,13,2031,C,2,D,0.58,0.43,0.02,0.0,0.4,0.58,373,1.5666000000000002e-05,0,1
9712,14,2103,D,3,D,0.74,0.66,0.02,0.24,0.0,0.74,373,1.5666000000000002e-05,1,3
9712,17,2310,B,1,B,0.5,0.33,0.02,0.5,0.48,0.0,373,1.5666000000000002e-05,1,3
9712,18,3012,A,0,A,0.65,0.53,0.65,0.0,0.35000000000000003,0.0,373,1.5666000000000002e-05,1,3
9712,19,3021,A,0,A,0.62,0.48,0.62,0.0,0.0,0.38,373,1.5666000000000002e-05,1,3
9712,20,3102,A,0,A,0.55,0.39,0.55,0.45,0.0,0.0,373,1.5666000000000002e-05,1,3
9712,22,3201,A,0,A,0.5700000000000001,0.41000000000000003,0.5700000000000001,0.0,0.0,0.43,373,1.5666000000000002e-05,1,3
9712,21,3120,A,0,A,0.51,0.35000000000000003,0.51,0.49,0.0,0.0,373,1.5666000000000002e-05,1,3
9712,23,3210,A,0,A,0.65,0.52,0.65,0.0,0.35000000000000003,0.0,373,1.5666000000000002e-05,1,3
9267,0,0123,A,0,A,1.0,1.0,1.0,0.0,0.0,0.0,365,1.533e-05,1,0
9267,1,0132,A,0,A,1.0,1.0,1.0,0.0,0.0,0.0,365,1.533e-05,1,0
9267,2,0213,A,0,A,1.0,1.0,1.0,0.0,0.0,0.0,365,1.533e-05,1,0
1977,22,3201,B,1,B,0.97,0.9500000000000001,0.0,0.97,0.03,0.0,372,1.5624e-05,1,2
9712,15,2130,C,2,C,0.76,0.68,0.01,0.23,0.76,0.0,373,1.5666000000000002e-05,1,3
9267,3,0231,A,0,A,1.0,1.0,1.0,0.0,0.0,0.0,365,1.533e-05,1,0
1977,21,3120,C,2,C,0.93,0.91,0.0,0.04,0.93,0.03,372,1.5624e-05,1,2
9267,4,0312,A,0,A,1.0,1.0,1.0,0.0,0.0,0.0,365,1.533e-05,1,0
9267,5,0321,A,0,A,1.0,1.0,1.0,0.0,0.0,0.0,365,1.533e-05,1,0
9267,6,1023,B,1,B,1.0,0.99,0.0,1.0,0.0,0.0,365,1.533e-05,1,0
9267,7,1032,B,1,B,0.99,0.99,0.0,0.99,0.0,0.01,365,1.533e-05,1,0
9267,10,1302,C,2,C,1.0,0.99,0.0,0.0,1.0,0.0,365,1.533e-05,1,0
9267,11,1320,D,3,D,1.0,1.0,0.0,0.0,0.0,1.0,365,1.533e-05,1,0
9267,9,1230,D,3,D,1.0,1.0,0.0,0.0,0.0,1.0,365,1.533e-05,1,0
9267,13,2031,B,1,B,1.0,1.0,0.0,1.0,0.0,0.0,365,1.533e-05,1,0
9267,12,2013,B,1,B,1.0,1.0,0.0,1.0,0.0,0.0,365,1.533e-05,1,0
9267,14,2103,C,2,C,1.0,1.0,0.0,0.0,1.0,0.0,365,1.533e-05,1,0
9267,15,2130,D,3,D,1.0,1.0,0.0,0.0,0.0,1.0,365,1.533e-05,1,0
9267,16,2301,C,2,C,1.0,1.0,0.0,0.0,1.0,0.0,365,1.533e-05,1,0
9267,8,1203,C,2,C,1.0,1.0,0.0,0.0,1.0,0.0,365,1.533e-05,1,0
9267,18,3012,B,1,B,1.0,0.99,0.0,1.0,0.0,0.0,365,1.533e-05,1,0
9267,19,3021,B,1,B,1.0,1.0,0.0,1.0,0.0,0.0,365,1.533e-05,1,0
9267,21,3120,D,3,D,1.0,1.0,0.0,0.0,0.0,1.0,365,1.533e-05,1,0
9267,17,2310,D,3,D,1.0,1.0,0.0,0.0,0.0,1.0,365,1.533e-05,1,0
9267,20,3102,C,2,C,1.0,0.99,0.0,0.0,1.0,0.0,365,1.533e-05,1,0
9267,22,3201,C,2,C,1.0,0.99,0.0,0.0,1.0,0.0,365,1.533e-05,1,0
9267,23,3210,D,3,D,1.0,1.0,0.0,0.0,0.0,1.0,365,1.533e-05,1,0
5346,1,0132,B,1,B,0.8200000000000001,0.76,0.11,0.8200000000000001,0.02,0.05,378,1.5876000000000002e-05,1,1
5346,0,0123,B,1,B,0.84,0.79,0.11,0.84,0.04,0.01,378,1.5876000000000002e-05,1,1
5346,2,0213,C,2,C,0.91,0.88,0.07,0.01,0.91,0.01,378,1.5876000000000002e-05,1,1
5346,3,0231,D,3,D,0.88,0.84,0.07,0.02,0.03,0.88,378,1.5876000000000002e-05,1,1
5346,4,0312,C,2,C,0.79,0.72,0.11,0.03,0.79,0.07,378,1.5876000000000002e-05,1,1
5346,6,1023,A,0,A,0.79,0.71,0.79,0.17,0.03,0.01,378,1.5876000000000002e-05,1,1
5346,5,0321,D,3,D,0.87,0.8300000000000001,0.07,0.03,0.03,0.87,378,1.5876000000000002e-05,1,1
5346,7,1032,A,0,A,0.71,0.61,0.71,0.25,0.01,0.03,378,1.5876000000000002e-05,1,1
5346,9,1230,A,0,A,0.89,0.85,0.89,0.04,0.01,0.06,378,1.5876000000000002e-05,1,1
5346,10,1302,A,0,A,0.78,0.6900000000000001,0.78,0.01,0.18,0.03,378,1.5876000000000002e-05,1,1
5346,8,1203,A,0,A,0.85,0.8,0.85,0.06,0.08,0.01,378,1.5876000000000002e-05,1,1
5346,11,1320,A,0,A,0.8300000000000001,0.78,0.8300000000000001,0.01,0.08,0.08,378,1.5876000000000002e-05,1,1
5346,12,2013,C,2,C,0.929999999999999,0.92,0.02,0.04,0.929999999999999,0.01,378,1.5876000000000002e-05,1,1
5346,14,2103,B,1,B,0.92,0.9,0.02,0.92,0.05,0.01,378,1.5876000000000002e-05,1,1
5346,13,2031,D,3,D,0.91,0.88,0.02,0.05,0.02,0.91,378,1.5876000000000002e-05,1,1
5346,15,2130,B,1,B,0.86,0.81,0.03,0.86,0.01,0.1,378,1.5876000000000002e-05,1,1
5346,16,2301,D,3,D,0.86,0.81,0.03,0.02,0.09,0.86,378,1.5876000000000002e-05,1,1
5346,17,2310,C,2,C,0.89,0.85,0.02,0.02,0.89,0.07,378,1.5876000000000002e-05,1,1
5346,18,3012,C,2,C,0.77,0.6900000000000001,0.04,0.15,0.77,0.04,378,1.5876000000000002e-05,1,1
5346,19,3021,D,3,D,0.85,0.78,0.02,0.11,0.02,0.85,378,1.5876000000000002e-05,1,1
5346,20,3102,B,1,B,0.88,0.84,0.03,0.88,0.07,0.02,378,1.5876000000000002e-05,1,1
5346,22,3201,D,3,D,0.91,0.88,0.02,0.03,0.04,0.91,378,1.5876000000000002e-05,1,1
5346,21,3120,B,1,B,0.9,0.86,0.03,0.9,0.03,0.04,378,1.5876000000000002e-05,1,1
4164,0,0123,B,1,B,0.91,0.86,0.02,0.91,0.0,0.07,387,1.6254e-05,1,1
4164,2,0213,C,2,C,0.87,0.8200000000000001,0.02,0.01,0.87,0.1,387,1.6254e-05,1,1
5346,23,3210,C,2,C,0.91,0.87,0.02,0.02,0.91,0.05,378,1.5876000000000002e-05,1,1
4164,1,0132,B,1,B,0.9,0.86,0.02,0.9,0.08,0.0,387,1.6254e-05,1,1
4164,3,0231,D,3,D,0.77,0.7000000000000001,0.03,0.01,0.19,0.77,387,1.6254e-05,1,1
4164,4,0312,C,2,C,0.86,0.81,0.03,0.11,0.86,0.0,387,1.6254e-05,1,1
4164,6,1023,A,0,A,0.9,0.86,0.9,0.0,0.01,0.09,387,1.6254e-05,1,1
4164,5,0321,D,3,D,0.8,0.73,0.03,0.16,0.01,0.8,387,1.6254e-05,1,1
4164,8,1203,A,0,A,0.85,0.81,0.85,0.01,0.01,0.13,387,1.6254e-05,1,1
4164,7,1032,A,0,A,0.9,0.86,0.9,0.0,0.09,0.01,387,1.6254e-05,1,1
4164,10,1302,A,0,A,0.87,0.8300000000000001,0.87,0.12,0.0,0.01,387,1.6254e-05,1,1
4164,9,1230,A,0,A,0.9,0.86,0.9,0.01,0.09,0.0,387,1.6254e-05,1,1
4164,11,1320,A,0,A,0.9,0.87,0.9,0.09,0.01,0.0,387,1.6254e-05,1,1
4164,12,2013,C,2,C,0.8200000000000001,0.76,0.0,0.01,0.8200000000000001,0.17,387,1.6254e-05,1,1
4164,13,2031,D,3,D,0.8300000000000001,0.78,0.01,0.02,0.14,0.8300000000000001,387,1.6254e-05,1,1
4164,14,2103,B,1,B,0.89,0.85,0.01,0.89,0.0,0.1,387,1.6254e-05,1,1
4164,15,2130,B,1,B,0.87,0.8200000000000001,0.0,0.87,0.13,0.0,387,1.6254e-05,1,1
4164,18,3012,C,2,C,0.9,0.86,0.07,0.02,0.9,0.01,387,1.6254e-05,1,1
4164,19,3021,D,3,D,0.8300000000000001,0.77,0.14,0.02,0.01,0.8300000000000001,387,1.6254e-05,1,1
4164,16,2301,D,3,D,0.8,0.74,0.01,0.17,0.02,0.8,387,1.6254e-05,1,1
4164,17,2310,C,2,C,0.85,0.8,0.01,0.14,0.85,0.0,387,1.6254e-05,1,1
4164,20,3102,B,1,B,0.93,0.9,0.07,0.93,0.0,0.0,387,1.6254e-05,1,1
4164,22,3201,D,3,D,0.8200000000000001,0.76,0.14,0.02,0.02,0.8200000000000001,387,1.6254e-05,1,1
4164,21,3120,B,1,B,0.91,0.87,0.09,0.91,0.0,0.0,387,1.6254e-05,1,1
4164,23,3210,C,2,C,0.86,0.8200000000000001,0.12,0.02,0.86,0.0,387,1.6254e-05,1,1
7657,2,0213,D,3,D,1.0,1.0,0.0,0.0,0.0,1.0,366,1.5372e-05,1,3
7657,0,0123,D,3,D,1.0,1.0,0.0,0.0,0.0,1.0,366,1.5372e-05,1,3
7657,1,0132,C,2,C,1.0,1.0,0.0,0.0,1.0,0.0,366,1.5372e-05,1,3
7657,3,0231,C,2,C,1.0,1.0,0.0,0.0,1.0,0.0,366,1.5372e-05,1,3
7657,4,0312,B,1,B,1.0,1.0,0.0,1.0,0.0,0.0,366,1.5372e-05,1,3
7657,5,0321,B,1,B,1.0,1.0,0.0,1.0,0.0,0.0,366,1.5372e-05,1,3
7657,6,1023,D,3,D,1.0,1.0,0.0,0.0,0.0,1.0,366,1.5372e-05,1,3
7657,7,1032,C,2,C,1.0,1.0,0.0,0.0,1.0,0.0,366,1.5372e-05,1,3
7657,8,1203,D,3,D,1.0,1.0,0.0,0.0,0.0,1.0,366,1.5372e-05,1,3
7657,10,1302,B,1,B,1.0,1.0,0.0,1.0,0.0,0.0,366,1.5372e-05,1,3
7657,9,1230,C,2,C,1.0,1.0,0.0,0.0,1.0,0.0,366,1.5372e-05,1,3
7657,11,1320,B,1,B,1.0,1.0,0.0,1.0,0.0,0.0,366,1.5372e-05,1,3
7657,12,2013,D,3,D,1.0,1.0,0.0,0.0,0.0,1.0,366,1.5372e-05,1,3
7657,13,2031,C,2,C,1.0,1.0,0.0,0.0,1.0,0.0,366,1.5372e-05,1,3
7657,15,2130,C,2,C,1.0,1.0,0.0,0.0,1.0,0.0,366,1.5372e-05,1,3
7657,16,2301,B,1,B,1.0,1.0,0.0,1.0,0.0,0.0,366,1.5372e-05,1,3
7657,14,2103,D,3,D,1.0,1.0,0.0,0.0,0.0,1.0,366,1.5372e-05,1,3
7657,20,3102,A,0,A,1.0,1.0,1.0,0.0,0.0,0.0,366,1.5372e-05,1,3
7657,17,2310,B,1,B,1.0,1.0,0.0,1.0,0.0,0.0,366,1.5372e-05,1,3
7657,19,3021,A,0,A,1.0,1.0,1.0,0.0,0.0,0.0,366,1.5372e-05,1,3
7657,18,3012,A,0,A,1.0,1.0,1.0,0.0,0.0,0.0,366,1.5372e-05,1,3
7657,21,3120,A,0,A,1.0,1.0,1.0,0.0,0.0,0.0,366,1.5372e-05,1,3
7657,22,3201,A,0,A,1.0,1.0,1.0,0.0,0.0,0.0,366,1.5372e-05,1,3
7657,23,3210,A,0,A,1.0,1.0,1.0,0.0,0.0,0.0,366,1.5372e-05,1,3
8254,2,0213,B,1,B,1.0,1.0,0.0,1.0,0.0,0.0,372,1.5624e-05,1,2
8254,4,0312,D,3,D,1.0,1.0,0.0,0.0,0.0,1.0,372,1.5624e-05,1,2
8254,1,0132,D,3,D,1.0,1.0,0.0,0.0,0.0,1.0,372,1.5624e-05,1,2
8254,0,0123,C,2,C,1.0,1.0,0.0,0.0,1.0,0.0,372,1.5624e-05,1,2
8254,6,1023,C,2,C,1.0,1.0,0.0,0.0,1.0,0.0,372,1.5624e-05,1,2
8254,5,0321,C,2,C,1.0,1.0,0.0,0.0,1.0,0.0,372,1.5624e-05,1,2
8254,7,1032,D,3,D,1.0,1.0,0.0,0.0,0.0,1.0,372,1.5624e-05,1,2
8254,9,1230,B,1,B,1.0,1.0,0.0,1.0,0.0,0.0,372,1.5624e-05,1,2
8254,8,1203,B,1,B,1.0,1.0,0.0,1.0,0.0,0.0,372,1.5624e-05,1,2
8254,10,1302,D,3,D,1.0,1.0,0.0,0.0,0.0,1.0,372,1.5624e-05,1,2
8254,12,2013,A,0,A,1.0,1.0,1.0,0.0,0.0,0.0,372,1.5624e-05,1,2
8254,11,1320,C,2,C,1.0,1.0,0.0,0.0,1.0,0.0,372,1.5624e-05,1,2
8254,14,2103,A,0,A,1.0,1.0,1.0,0.0,0.0,0.0,372,1.5624e-05,1,2
8254,13,2031,A,0,A,1.0,1.0,1.0,0.0,0.0,0.0,372,1.5624e-05,1,2
8254,15,2130,A,0,A,1.0,1.0,1.0,0.0,0.0,0.0,372,1.5624e-05,1,2
8254,16,2301,A,0,A,1.0,1.0,1.0,0.0,0.0,0.0,372,1.5624e-05,1,2
8254,17,2310,A,0,A,1.0,1.0,1.0,0.0,0.0,0.0,372,1.5624e-05,1,2
8254,18,3012,D,3,D,1.0,0.99,0.0,0.0,0.0,1.0,372,1.5624e-05,1,2
8254,20,3102,D,3,D,1.0,0.99,0.0,0.0,0.0,1.0,372,1.5624e-05,1,2
8254,21,3120,C,2,C,1.0,1.0,0.0,0.0,1.0,0.0,372,1.5624e-05,1,2
8254,19,3021,C,2,C,1.0,1.0,0.0,0.0,1.0,0.0,372,1.5624e-05,1,2
455,0,0123,D,3,B,0.64,0.51,0.0,0.64,0.0,0.36,376,1.5792000000000004e-05,0,1
8254,23,3210,B,1,B,1.0,1.0,0.0,1.0,0.0,0.0,372,1.5624e-05,1,2
8254,22,3201,B,1,B,1.0,1.0,0.0,1.0,0.0,0.0,372,1.5624e-05,1,2
455,1,0132,C,2,B,0.68,0.5700000000000001,0.0,0.68,0.32,0.0,376,1.5792000000000004e-05,0,1
455,2,0213,D,3,C,0.53,0.37,0.0,0.0,0.53,0.47000000000000003,376,1.5792000000000004e-05,0,1
455,3,0231,C,2,D,0.77,0.6900000000000001,0.0,0.0,0.23,0.77,376,1.5792000000000004e-05,0,1
455,4,0312,B,1,C,0.63,0.5,0.0,0.37,0.63,0.0,376,1.5792000000000004e-05,0,1
455,6,1023,D,3,A,0.72,0.62,0.72,0.0,0.0,0.28,376,1.5792000000000004e-05,0,1
455,7,1032,C,2,A,0.7000000000000001,0.6000000000000001,0.7000000000000001,0.0,0.30000000000000004,0.0,376,1.5792000000000004e-05,0,1
455,5,0321,B,1,D,0.75,0.66,0.0,0.25,0.0,0.75,376,1.5792000000000004e-05,0,1
455,8,1203,D,3,A,0.7000000000000001,0.59,0.7000000000000001,0.0,0.0,0.30000000000000004,376,1.5792000000000004e-05,0,1
455,9,1230,C,2,A,0.73,0.63,0.73,0.0,0.27,0.0,376,1.5792000000000004e-05,0,1
455,10,1302,B,1,A,0.75,0.67,0.75,0.25,0.0,0.0,376,1.5792000000000004e-05,0,1
8254,3,0231,B,1,B,1.0,1.0,0.0,1.0,0.0,0.0,372,1.5624e-05,1,2
455,11,1320,B,1,A,0.78,0.7000000000000001,0.78,0.22,0.0,0.0,376,1.5792000000000004e-05,0,1
455,12,2013,D,3,C,0.59,0.45,0.0,0.0,0.59,0.41000000000000003,376,1.5792000000000004e-05,0,1
455,13,2031,C,2,D,0.74,0.65,0.0,0.0,0.26,0.74,376,1.5792000000000004e-05,0,1
455,15,2130,C,2,B,0.66,0.54,0.0,0.66,0.34,0.0,376,1.5792000000000004e-05,0,1
455,16,2301,B,1,D,0.71,0.62,0.0,0.29,0.0,0.71,376,1.5792000000000004e-05,0,1
455,14,2103,D,3,B,0.6000000000000001,0.46,0.0,0.6000000000000001,0.0,0.4,376,1.5792000000000004e-05,0,1
455,19,3021,A,0,D,0.62,0.49,0.38,0.0,0.0,0.62,376,1.5792000000000004e-05,0,1
455,18,3012,A,0,C,0.55,0.4,0.45,0.0,0.55,0.0,376,1.5792000000000004e-05,0,1
455,17,2310,B,1,C,0.5700000000000001,0.42,0.0,0.43,0.5700000000000001,0.0,376,1.5792000000000004e-05,0,1
455,20,3102,A,0,B,0.64,0.52,0.36,0.64,0.0,0.0,376,1.5792000000000004e-05,0,1
455,21,3120,A,0,B,0.64,0.51,0.36,0.64,0.0,0.0,376,1.5792000000000004e-05,0,1
455,22,3201,A,0,D,0.59,0.45,0.41000000000000003,0.0,0.0,0.59,376,1.5792000000000004e-05,0,1
455,23,3210,A,0,C,0.53,0.37,0.47000000000000003,0.0,0.53,0.0,376,1.5792000000000004e-05,0,1
5429,0,0123,C,2,A,0.45,0.27,0.45,0.08,0.21,0.26,376,1.5792000000000004e-05,0,0
5429,4,0312,D,3,A,0.62,0.5,0.62,0.16,0.1,0.12,376,1.5792000000000004e-05,0,0
5429,3,0231,B,1,A,0.65,0.52,0.65,0.16,0.12,0.07,376,1.5792000000000004e-05,0,0
5429,2,0213,B,1,A,0.41000000000000003,0.23,0.41000000000000003,0.17,0.07,0.35000000000000003,376,1.5792000000000004e-05,0,0
5429,1,0132,D,3,A,0.49,0.31,0.49,0.07,0.31,0.13,376,1.5792000000000004e-05,0,0
5429,6,1023,C,2,B,0.54,0.39,0.08,0.54,0.2,0.18,376,1.5792000000000004e-05,0,0
5429,5,0321,C,2,A,0.48,0.30000000000000004,0.48,0.18,0.22,0.12,376,1.5792000000000004e-05,0,0
5429,7,1032,D,3,B,0.59,0.45,0.06,0.59,0.23,0.12,376,1.5792000000000004e-05,0,0
5429,8,1203,B,1,C,0.56,0.4,0.07,0.18,0.56,0.19,376,1.5792000000000004e-05,0,0
5429,10,1302,D,3,B,0.4,0.2,0.08,0.4,0.39,0.13,376,1.5792000000000004e-05,0,3
5429,9,1230,B,1,C,0.35000000000000003,0.13,0.12,0.24,0.35000000000000003,0.29,376,1.5792000000000004e-05,0,3
5429,11,1320,C,2,B,0.45,0.26,0.1,0.45,0.18,0.27,376,1.5792000000000004e-05,0,3
5429,12,2013,A,0,B,0.51,0.35000000000000003,0.21,0.51,0.05,0.23,376,1.5792000000000004e-05,0,0
5429,13,2031,A,0,B,0.59,0.45,0.23,0.59,0.12,0.06,376,1.5792000000000004e-05,0,0
5429,14,2103,A,0,C,0.5700000000000001,0.42,0.16,0.05,0.5700000000000001,0.22,376,1.5792000000000004e-05,0,0
5429,15,2130,A,0,D,0.37,0.16,0.24,0.05,0.34,0.37,376,1.5792000000000004e-05,0,0
5429,16,2301,A,0,C,0.6000000000000001,0.47000000000000003,0.19,0.17,0.6000000000000001,0.04,376,1.5792000000000004e-05,0,0
5429,18,3012,D,3,B,0.54,0.39,0.28,0.54,0.05,0.13,376,1.5792000000000004e-05,0,0
5429,17,2310,A,0,D,0.33,0.11,0.24,0.22,0.21,0.33,376,1.5792000000000004e-05,0,0
5429,20,3102,D,3,C,0.4,0.2,0.33,0.14,0.4,0.13,376,1.5792000000000004e-05,0,0
5429,19,3021,C,2,B,0.58,0.45,0.23,0.58,0.11,0.08,376,1.5792000000000004e-05,0,0
5429,23,3210,B,1,A,0.45,0.26,0.45,0.13,0.12,0.30000000000000004,376,1.5792000000000004e-05,0,3
5429,21,3120,C,2,A,0.42,0.21,0.42,0.13,0.14,0.31,376,1.5792000000000004e-05,0,3
5429,22,3201,B,1,C,0.52,0.35000000000000003,0.31,0.13,0.52,0.04,376,1.5792000000000004e-05,0,0
2805,0,0123,C,2,C,1.0,1.0,0.0,0.0,1.0,0.0,406,1.7052000000000002e-05,1,2
2805,1,0132,D,3,D,1.0,1.0,0.0,0.0,0.0,1.0,406,1.7052000000000002e-05,1,2
2805,2,0213,B,1,B,1.0,1.0,0.0,1.0,0.0,0.0,406,1.7052000000000002e-05,1,2
2805,3,0231,B,1,B,1.0,1.0,0.0,1.0,0.0,0.0,406,1.7052000000000002e-05,1,2
2805,4,0312,D,3,D,1.0,1.0,0.0,0.0,0.0,1.0,406,1.7052000000000002e-05,1,2
2805,6,1023,C,2,C,1.0,0.99,0.0,0.0,1.0,0.0,406,1.7052000000000002e-05,1,2
2805,5,0321,C,2,C,1.0,1.0,0.0,0.0,1.0,0.0,406,1.7052000000000002e-05,1,2
2805,7,1032,D,3,D,1.0,0.99,0.0,0.0,0.0,1.0,406,1.7052000000000002e-05,1,2
2805,9,1230,B,1,B,0.99,0.99,0.01,0.99,0.0,0.0,406,1.7052000000000002e-05,1,2
2805,8,1203,B,1,B,1.0,1.0,0.0,1.0,0.0,0.0,406,1.7052000000000002e-05,1,2
2805,10,1302,D,3,D,1.0,0.99,0.0,0.0,0.0,1.0,406,1.7052000000000002e-05,1,2
2805,11,1320,C,2,C,1.0,0.99,0.0,0.0,1.0,0.0,406,1.7052000000000002e-05,1,2
2805,12,2013,A,0,A,1.0,1.0,1.0,0.0,0.0,0.0,406,1.7052000000000002e-05,1,2
2805,15,2130,A,0,A,1.0,1.0,1.0,0.0,0.0,0.0,406,1.7052000000000002e-05,1,2
2805,16,2301,A,0,A,1.0,1.0,1.0,0.0,0.0,0.0,406,1.7052000000000002e-05,1,2
2805,14,2103,A,0,A,1.0,1.0,1.0,0.0,0.0,0.0,406,1.7052000000000002e-05,1,2
2805,13,2031,A,0,A,1.0,1.0,1.0,0.0,0.0,0.0,406,1.7052000000000002e-05,1,2
2805,17,2310,A,0,A,1.0,1.0,1.0,0.0,0.0,0.0,406,1.7052000000000002e-05,1,2
2805,18,3012,D,3,D,1.0,1.0,0.0,0.0,0.0,1.0,406,1.7052000000000002e-05,1,2
2805,19,3021,C,2,C,1.0,1.0,0.0,0.0,1.0,0.0,406,1.7052000000000002e-05,1,2
2805,21,3120,C,2,C,1.0,1.0,0.0,0.0,1.0,0.0,406,1.7052000000000002e-05,1,2
2805,20,3102,D,3,D,1.0,0.99,0.0,0.0,0.0,1.0,406,1.7052000000000002e-05,1,2
2805,22,3201,B,1,B,1.0,1.0,0.0,1.0,0.0,0.0,406,1.7052000000000002e-05,1,2
2805,23,3210,B,1,B,1.0,0.99,0.0,1.0,0.0,0.0,406,1.7052000000000002e-05,1,2
8180,1,0132,A,0,A,0.9400000000000001,0.93,0.9400000000000001,0.01,0.05,0.0,381,1.6002000000000004e-05,1,0
8180,3,0231,A,0,A,0.99,0.99,0.99,0.0,0.01,0.0,381,1.6002000000000004e-05,1,0
8180,2,0213,A,0,A,0.98,0.97,0.98,0.0,0.0,0.02,381,1.6002000000000004e-05,1,0
8180,5,0321,A,0,A,0.98,0.97,0.98,0.02,0.0,0.0,381,1.6002000000000004e-05,1,0
8180,0,0123,A,0,A,0.99,0.97,0.99,0.0,0.0,0.01,381,1.6002000000000004e-05,1,0
8180,4,0312,A,0,A,0.98,0.97,0.98,0.02,0.0,0.0,381,1.6002000000000004e-05,1,0
8180,6,1023,B,1,B,0.98,0.98,0.01,0.98,0.0,0.01,381,1.6002000000000004e-05,1,0
8180,7,1032,B,1,B,0.98,0.98,0.01,0.98,0.01,0.0,381,1.6002000000000004e-05,1,0
8180,8,1203,C,2,C,0.98,0.97,0.01,0.0,0.98,0.01,381,1.6002000000000004e-05,1,0
8180,13,2031,B,1,B,0.98,0.98,0.0,0.98,0.01,0.01,381,1.6002000000000004e-05,1,0
8180,9,1230,D,3,D,0.92,0.89,0.03,0.0,0.05,0.92,381,1.6002000000000004e-05,1,0
8180,12,2013,B,1,B,0.98,0.97,0.0,0.98,0.01,0.01,381,1.6002000000000004e-05,1,0
8180,10,1302,C,2,C,0.88,0.85,0.02,0.1,0.88,0.0,381,1.6002000000000004e-05,1,0
8180,11,1320,D,3,D,0.91,0.87,0.02,0.07,0.0,0.91,381,1.6002000000000004e-05,1,0
8180,14,2103,C,2,C,0.97,0.96,0.0,0.01,0.97,0.02,381,1.6002000000000004e-05,1,0
8180,16,2301,C,2,C,0.96,0.9500000000000001,0.0,0.03,0.96,0.01,381,1.6002000000000004e-05,1,0
8180,17,2310,D,3,D,0.9400000000000001,0.92,0.0,0.04,0.02,0.9400000000000001,381,1.6002000000000004e-05,1,0
8180,18,3012,B,1,B,0.96,0.9500000000000001,0.03,0.96,0.01,0.0,381,1.6002000000000004e-05,1,0
8180,19,3021,B,1,B,0.96,0.9500000000000001,0.03,0.96,0.0,0.01,381,1.6002000000000004e-05,1,0
8180,20,3102,C,2,C,0.9500000000000001,0.93,0.04,0.01,0.9500000000000001,0.0,381,1.6002000000000004e-05,1,0
8180,21,3120,D,3,D,0.9500000000000001,0.93,0.04,0.01,0.0,0.9500000000000001,381,1.6002000000000004e-05,1,0
8180,15,2130,D,3,D,0.93,0.9,0.0,0.03,0.04,0.93,381,1.6002000000000004e-05,1,0
8180,22,3201,C,2,C,0.9500000000000001,0.9400000000000001,0.04,0.0,0.9500000000000001,0.01,381,1.6002000000000004e-05,1,0
8180,23,3210,D,3,D,0.9500000000000001,0.92,0.04,0.0,0.01,0.9500000000000001,381,1.6002000000000004e-05,1,0
6235,0,0123,D,3,D,0.99,0.98,0.0,0.01,0.0,0.99,380,1.5960000000000003e-05,1,3
6235,2,0213,D,3,D,0.99,0.98,0.0,0.0,0.01,0.99,380,1.5960000000000003e-05,1,3
6235,3,0231,C,2,C,0.98,0.97,0.0,0.0,0.98,0.02,380,1.5960000000000003e-05,1,3
6235,1,0132,C,2,C,0.98,0.98,0.0,0.02,0.98,0.0,380,1.5960000000000003e-05,1,3
6235,6,1023,D,3,D,0.97,0.96,0.03,0.0,0.0,0.97,380,1.5960000000000003e-05,1,3
6235,5,0321,B,1,B,0.9500000000000001,0.93,0.0,0.9500000000000001,0.0,0.05,380,1.5960000000000003e-05,1,3
6235,4,0312,B,1,B,0.9500000000000001,0.93,0.0,0.9500000000000001,0.05,0.0,380,1.5960000000000003e-05,1,3
6235,8,1203,D,3,D,0.98,0.97,0.02,0.0,0.0,0.98,380,1.5960000000000003e-05,1,3
6235,10,1302,B,1,B,0.97,0.96,0.03,0.97,0.0,0.0,380,1.5960000000000003e-05,1,3
6235,9,1230,C,2,C,0.99,0.98,0.01,0.0,0.99,0.0,380,1.5960000000000003e-05,1,3
6235,7,1032,C,2,C,0.98,0.98,0.02,0.0,0.98,0.0,380,1.5960000000000003e-05,1,3
6235,11,1320,B,1,B,0.98,0.97,0.02,0.98,0.0,0.0,380,1.5960000000000003e-05,1,3
6235,12,2013,D,3,D,0.99,0.98,0.0,0.0,0.01,0.99,380,1.5960000000000003e-05,1,3
6235,13,2031,C,2,C,0.97,0.9500000000000001,0.0,0.0,0.97,0.03,380,1.5960000000000003e-05,1,3
6235,14,2103,D,3,D,0.99,0.99,0.0,0.01,0.0,0.99,380,1.5960000000000003e-05,1,3
6235,15,2130,C,2,C,0.99,0.99,0.0,0.01,0.99,0.0,380,1.5960000000000003e-05,1,3
6235,16,2301,B,1,B,0.96,0.9500000000000001,0.0,0.96,0.0,0.04,380,1.5960000000000003e-05,1,3
6235,19,3021,A,0,A,0.9500000000000001,0.93,0.9500000000000001,0.0,0.0,0.05,380,1.5960000000000003e-05,1,3
6235,17,2310,B,1,B,0.96,0.9500000000000001,0.0,0.96,0.04,0.0,380,1.5960000000000003e-05,1,3
6235,20,3102,A,0,A,0.91,0.88,0.91,0.09,0.0,0.0,380,1.5960000000000003e-05,1,3
6235,21,3120,A,0,A,0.91,0.88,0.91,0.09,0.0,0.0,380,1.5960000000000003e-05,1,3
6235,18,3012,A,0,A,0.92,0.9,0.92,0.0,0.08,0.0,380,1.5960000000000003e-05,1,3
6235,22,3201,A,0,A,0.9500000000000001,0.93,0.9500000000000001,0.0,0.0,0.05,380,1.5960000000000003e-05,1,3
6235,23,3210,A,0,A,0.9400000000000001,0.92,0.9400000000000001,0.0,0.06,0.0,380,1.5960000000000003e-05,1,3
8189,0,0123,A,0,A,0.96,0.9400000000000001,0.96,0.03,0.01,0.0,372,1.5624e-05,1,0
8189,2,0213,A,0,A,0.93,0.91,0.93,0.02,0.05,0.0,372,1.5624e-05,1,0
8189,5,0321,A,0,A,0.92,0.88,0.92,0.0,0.01,0.07,372,1.5624e-05,1,0
8189,1,0132,A,0,A,0.96,0.9500000000000001,0.96,0.03,0.0,0.01,372,1.5624e-05,1,0
8189,3,0231,A,0,A,0.93,0.91,0.93,0.02,0.0,0.05,372,1.5624e-05,1,0
8189,4,0312,A,0,A,0.93,0.91,0.93,0.0,0.04,0.02,372,1.5624e-05,1,0
8189,6,1023,B,1,B,0.78,0.7000000000000001,0.2,0.78,0.02,0.0,372,1.5624e-05,1,0
8189,7,1032,B,1,B,0.77,0.6900000000000001,0.2,0.77,0.0,0.03,372,1.5624e-05,1,0
8189,8,1203,C,2,C,0.63,0.5,0.34,0.03,0.63,0.0,372,1.5624e-05,1,0
8189,9,1230,D,3,D,0.67,0.55,0.29,0.04,0.0,0.67,372,1.5624e-05,1,0
8189,10,1302,C,2,C,0.67,0.55,0.30000000000000004,0.0,0.67,0.03,372,1.5624e-05,1,0
8189,11,1320,D,3,D,0.73,0.63,0.24,0.0,0.03,0.73,372,1.5624e-05,1,0
8189,13,2031,B,1,B,0.9,0.87,0.06,0.9,0.0,0.04,372,1.5624e-05,1,0
8189,12,2013,B,1,B,0.92,0.89,0.04,0.92,0.04,0.0,372,1.5624e-05,1,0
8189,14,2103,C,2,C,0.5700000000000001,0.43,0.06,0.37,0.5700000000000001,0.0,372,1.5624e-05,1,0
8189,15,2130,D,3,D,0.6000000000000001,0.46,0.09,0.31,0.0,0.6000000000000001,372,1.5624e-05,1,0
8189,16,2301,C,2,C,0.89,0.85,0.07,0.0,0.89,0.04,372,1.5624e-05,1,0
8189,17,2310,D,3,D,0.68,0.5700000000000001,0.1,0.0,0.22,0.68,372,1.5624e-05,1,0
8189,18,3012,B,1,B,0.9,0.86,0.0,0.9,0.05,0.05,372,1.5624e-05,1,0
8189,20,3102,C,2,C,0.79,0.72,0.0,0.17,0.79,0.04,372,1.5624e-05,1,0
8189,21,3120,D,3,D,0.78,0.71,0.0,0.17,0.05,0.78,372,1.5624e-05,1,0
8189,19,3021,B,1,B,0.88,0.85,0.0,0.88,0.04,0.08,372,1.5624e-05,1,0
8189,22,3201,C,2,C,0.9,0.87,0.0,0.05,0.9,0.05,372,1.5624e-05,1,0
8189,23,3210,D,3,D,0.73,0.64,0.0,0.06,0.21,0.73,372,1.5624e-05,1,0
350,0,0123,B,1,B,0.98,0.97,0.02,0.98,0.0,0.0,377,1.5834e-05,1,1
350,1,0132,B,1,B,0.96,0.9500000000000001,0.04,0.96,0.0,0.0,377,1.5834e-05,1,1
350,2,0213,C,2,C,0.96,0.9500000000000001,0.04,0.0,0.96,0.0,377,1.5834e-05,1,1
350,4,0312,C,2,C,0.93,0.91,0.07,0.0,0.93,0.0,377,1.5834e-05,1,1
350,3,0231,D,3,D,0.9500000000000001,0.93,0.05,0.0,0.0,0.9500000000000001,377,1.5834e-05,1,1
350,6,1023,A,0,A,0.99,0.99,0.99,0.01,0.0,0.0,377,1.5834e-05,1,1
350,5,0321,D,3,D,0.97,0.96,0.03,0.0,0.0,0.97,377,1.5834e-05,1,1
350,7,1032,A,0,A,0.99,0.99,0.99,0.01,0.0,0.0,377,1.5834e-05,1,1
350,8,1203,A,0,A,0.99,0.99,0.99,0.0,0.01,0.0,377,1.5834e-05,1,1
350,9,1230,A,0,A,1.0,0.99,1.0,0.0,0.0,0.0,377,1.5834e-05,1,1
350,10,1302,A,0,A,1.0,0.99,1.0,0.0,0.0,0.0,377,1.5834e-05,1,1
350,11,1320,A,0,A,0.99,0.99,0.99,0.0,0.0,0.01,377,1.5834e-05,1,1
350,13,2031,D,3,D,0.98,0.97,0.0,0.02,0.0,0.98,377,1.5834e-05,1,1
350,14,2103,B,1,B,1.0,0.99,0.0,1.0,0.0,0.0,377,1.5834e-05,1,1
350,12,2013,C,2,C,0.98,0.97,0.0,0.02,0.98,0.0,377,1.5834e-05,1,1
350,16,2301,D,3,D,0.99,0.98,0.0,0.0,0.01,0.99,377,1.5834e-05,1,1
350,17,2310,C,2,C,0.99,0.99,0.0,0.0,0.99,0.01,377,1.5834e-05,1,1
350,18,3012,C,2,C,0.97,0.96,0.0,0.03,0.97,0.0,377,1.5834e-05,1,1
350,15,2130,B,1,B,1.0,1.0,0.0,1.0,0.0,0.0,377,1.5834e-05,1,1
350,20,3102,B,1,B,0.99,0.99,0.0,0.99,0.01,0.0,377,1.5834e-05,1,1
350,19,3021,D,3,D,0.99,0.98,0.0,0.01,0.0,0.99,377,1.5834e-05,1,1
350,22,3201,D,3,D,0.99,0.99,0.0,0.0,0.01,0.99,377,1.5834e-05,1,1
350,21,3120,B,1,B,0.99,0.99,0.0,0.99,0.0,0.01,377,1.5834e-05,1,1
350,23,3210,C,2,C,1.0,0.99,0.0,0.0,1.0,0.0,377,1.5834e-05,1,1
428,1,0132,D,3,D,1.0,1.0,0.0,0.0,0.0,1.0,366,1.5372e-05,1,2
428,2,0213,B,1,B,1.0,1.0,0.0,1.0,0.0,0.0,366,1.5372e-05,1,2
428,3,0231,B,1,B,1.0,1.0,0.0,1.0,0.0,0.0,366,1.5372e-05,1,2
428,0,0123,C,2,C,1.0,1.0,0.0,0.0,1.0,0.0,366,1.5372e-05,1,2
428,4,0312,D,3,D,1.0,1.0,0.0,0.0,0.0,1.0,366,1.5372e-05,1,2
428,5,0321,C,2,C,1.0,1.0,0.0,0.0,1.0,0.0,366,1.5372e-05,1,2
428,7,1032,D,3,D,1.0,1.0,0.0,0.0,0.0,1.0,366,1.5372e-05,1,2
428,6,1023,C,2,C,1.0,1.0,0.0,0.0,1.0,0.0,366,1.5372e-05,1,2
428,9,1230,B,1,B,1.0,1.0,0.0,1.0,0.0,0.0,366,1.5372e-05,1,2
428,8,1203,B,1,B,1.0,1.0,0.0,1.0,0.0,0.0,366,1.5372e-05,1,2
428,10,1302,D,3,D,1.0,1.0,0.0,0.0,0.0,1.0,366,1.5372e-05,1,2
428,12,2013,A,0,A,1.0,1.0,1.0,0.0,0.0,0.0,366,1.5372e-05,1,2
428,11,1320,C,2,C,1.0,1.0,0.0,0.0,1.0,0.0,366,1.5372e-05,1,2
428,13,2031,A,0,A,1.0,1.0,1.0,0.0,0.0,0.0,366,1.5372e-05,1,2
428,14,2103,A,0,A,1.0,1.0,1.0,0.0,0.0,0.0,366,1.5372e-05,1,2
428,15,2130,A,0,A,1.0,1.0,1.0,0.0,0.0,0.0,366,1.5372e-05,1,2
428,16,2301,A,0,A,1.0,1.0,1.0,0.0,0.0,0.0,366,1.5372e-05,1,2
428,17,2310,A,0,A,1.0,1.0,1.0,0.0,0.0,0.0,366,1.5372e-05,1,2
428,18,3012,D,3,D,1.0,1.0,0.0,0.0,0.0,1.0,366,1.5372e-05,1,2
428,21,3120,C,2,C,1.0,1.0,0.0,0.0,1.0,0.0,366,1.5372e-05,1,2
428,19,3021,C,2,C,1.0,1.0,0.0,0.0,1.0,0.0,366,1.5372e-05,1,2
428,20,3102,D,3,D,1.0,1.0,0.0,0.0,0.0,1.0,366,1.5372e-05,1,2
428,22,3201,B,1,B,1.0,1.0,0.0,1.0,0.0,0.0,366,1.5372e-05,1,2
428,23,3210,B,1,B,1.0,1.0,0.0,1.0,0.0,0.0,366,1.5372e-05,1,2
2157,1,0132,A,0,C,0.81,0.75,0.17,0.01,0.81,0.0,364,1.5288e-05,0,3
2157,2,0213,A,0,D,0.9,0.86,0.08,0.0,0.02,0.9,364,1.5288e-05,0,3
2157,0,0123,A,0,D,0.87,0.81,0.12,0.01,0.0,0.87,364,1.5288e-05,0,3
2157,3,0231,A,0,C,0.81,0.74,0.16,0.0,0.81,0.03,364,1.5288e-05,0,3
2157,5,0321,A,0,B,0.87,0.8200000000000001,0.1,0.87,0.0,0.03,364,1.5288e-05,0,3
2157,4,0312,A,0,B,0.86,0.81,0.11,0.86,0.03,0.0,364,1.5288e-05,0,3
2157,7,1032,B,1,C,0.93,0.9,0.02,0.05,0.93,0.0,364,1.5288e-05,0,3
2157,6,1023,B,1,D,0.92,0.89,0.03,0.05,0.0,0.92,364,1.5288e-05,0,3
2157,8,1203,C,2,D,0.9500000000000001,0.93,0.02,0.0,0.03,0.9500000000000001,364,1.5288e-05,0,3
2157,10,1302,C,2,B,0.9400000000000001,0.92,0.02,0.9400000000000001,0.04,0.0,364,1.5288e-05,0,3
2157,9,1230,D,3,C,0.9400000000000001,0.92,0.02,0.0,0.9400000000000001,0.04,364,1.5288e-05,0,3
2157,13,2031,B,1,C,0.84,0.79,0.01,0.13,0.84,0.02,364,1.5288e-05,0,3
2157,11,1320,D,3,B,0.96,0.93,0.01,0.96,0.0,0.03,364,1.5288e-05,0,3
2157,12,2013,B,1,D,0.9,0.87,0.01,0.08,0.01,0.9,364,1.5288e-05,0,3
2157,14,2103,C,2,D,0.93,0.91,0.01,0.02,0.04,0.93,364,1.5288e-05,0,3
2157,15,2130,D,3,C,0.9400000000000001,0.92,0.01,0.01,0.9400000000000001,0.04,364,1.5288e-05,0,3
2157,16,2301,C,2,B,0.93,0.91,0.0,0.93,0.05,0.01,364,1.5288e-05,0,3
2157,17,2310,D,3,B,0.9400000000000001,0.92,0.01,0.9400000000000001,0.02,0.03,364,1.5288e-05,0,3
2157,18,3012,B,1,A,0.9500000000000001,0.9400000000000001,0.9500000000000001,0.04,0.01,0.0,364,1.5288e-05,0,3
2157,19,3021,B,1,A,0.9500000000000001,0.93,0.9500000000000001,0.04,0.0,0.01,364,1.5288e-05,0,3
2157,20,3102,C,2,A,0.97,0.9500000000000001,0.97,0.01,0.02,0.0,364,1.5288e-05,0,3
2157,21,3120,D,3,A,0.98,0.97,0.98,0.01,0.0,0.01,364,1.5288e-05,0,3
2157,23,3210,D,3,A,0.96,0.9400000000000001,0.96,0.0,0.02,0.02,364,1.5288e-05,0,3
2157,22,3201,C,2,A,0.93,0.91,0.93,0.0,0.05,0.02,364,1.5288e-05,0,3
3751,0,0123,D,3,D,0.9500000000000001,0.93,0.03,0.01,0.01,0.9500000000000001,386,1.6212e-05,1,3
3751,2,0213,D,3,D,0.9500000000000001,0.9400000000000001,0.02,0.01,0.02,0.9500000000000001,386,1.6212e-05,1,3
3751,1,0132,C,2,C,0.98,0.96,0.01,0.01,0.98,0.0,386,1.6212e-05,1,3
3751,3,0231,C,2,C,0.9400000000000001,0.93,0.02,0.01,0.9400000000000001,0.03,386,1.6212e-05,1,3
3751,4,0312,B,1,B,0.98,0.97,0.01,0.98,0.01,0.0,386,1.6212e-05,1,3
3751,5,0321,B,1,B,0.96,0.96,0.01,0.96,0.01,0.02,386,1.6212e-05,1,3
3751,6,1023,D,3,D,0.96,0.9500000000000001,0.02,0.01,0.01,0.96,386,1.6212e-05,1,3
3751,8,1203,D,3,D,0.96,0.9500000000000001,0.02,0.01,0.01,0.96,386,1.6212e-05,1,3
3751,7,1032,C,2,C,0.97,0.97,0.02,0.01,0.97,0.0,386,1.6212e-05,1,3
3751,10,1302,B,1,B,0.97,0.96,0.03,0.97,0.0,0.0,386,1.6212e-05,1,3
3751,9,1230,C,2,C,0.96,0.9400000000000001,0.03,0.01,0.96,0.0,386,1.6212e-05,1,3
3751,12,2013,D,3,D,0.97,0.96,0.01,0.01,0.01,0.97,386,1.6212e-05,1,3
3751,11,1320,B,1,B,0.97,0.96,0.03,0.97,0.0,0.0,386,1.6212e-05,1,3
3751,14,2103,D,3,D,0.97,0.97,0.01,0.01,0.01,0.97,386,1.6212e-05,1,3
3751,15,2130,C,2,C,0.99,0.98,0.0,0.01,0.99,0.0,386,1.6212e-05,1,3
3751,16,2301,B,1,B,0.98,0.97,0.01,0.98,0.0,0.01,386,1.6212e-05,1,3
3751,18,3012,A,0,A,0.99,0.98,0.99,0.0,0.01,0.0,386,1.6212e-05,1,3
3751,17,2310,B,1,B,0.98,0.97,0.01,0.98,0.01,0.0,386,1.6212e-05,1,3
3751,13,2031,C,2,C,0.97,0.96,0.0,0.01,0.97,0.02,386,1.6212e-05,1,3
3751,20,3102,A,0,A,0.98,0.96,0.98,0.02,0.0,0.0,386,1.6212e-05,1,3
3751,19,3021,A,0,A,0.99,0.97,0.99,0.0,0.0,0.01,386,1.6212e-05,1,3
3751,21,3120,A,0,A,0.97,0.96,0.97,0.02,0.01,0.0,386,1.6212e-05,1,3
3751,23,3210,A,0,A,0.98,0.97,0.98,0.01,0.01,0.0,386,1.6212e-05,1,3
3751,22,3201,A,0,A,0.98,0.97,0.98,0.01,0.0,0.01,386,1.6212e-05,1,3
6960,0,0123,C,2,B,0.85,0.79,0.0,0.85,0.15,0.0,373,1.5666000000000002e-05,0,1
6960,1,0132,D,3,B,0.89,0.86,0.0,0.89,0.0,0.11,373,1.5666000000000002e-05,0,1
6960,2,0213,B,1,C,0.8300000000000001,0.78,0.0,0.17,0.8300000000000001,0.0,373,1.5666000000000002e-05,0,1
6960,5,0321,C,2,D,0.81,0.74,0.0,0.0,0.19,0.81,373,1.5666000000000002e-05,0,1
6960,4,0312,D,3,C,0.88,0.8300000000000001,0.0,0.0,0.88,0.12,373,1.5666000000000002e-05,0,1
6960,3,0231,B,1,D,0.8200000000000001,0.76,0.0,0.18,0.0,0.8200000000000001,373,1.5666000000000002e-05,0,1
6960,8,1203,B,1,A,0.93,0.91,0.93,0.07,0.0,0.0,373,1.5666000000000002e-05,0,1
6960,7,1032,D,3,A,0.91,0.88,0.91,0.0,0.0,0.09,373,1.5666000000000002e-05,0,1
6960,9,1230,B,1,A,0.92,0.9,0.92,0.08,0.0,0.0,373,1.5666000000000002e-05,0,1
6960,6,1023,C,2,A,0.86,0.81,0.86,0.0,0.14,0.0,373,1.5666000000000002e-05,0,1
6960,10,1302,D,3,A,0.87,0.8200000000000001,0.87,0.0,0.0,0.13,373,1.5666000000000002e-05,0,1
6960,11,1320,C,2,A,0.92,0.89,0.92,0.0,0.08,0.0,373,1.5666000000000002e-05,0,1
6960,12,2013,A,0,C,0.93,0.9,0.07,0.0,0.93,0.0,373,1.5666000000000002e-05,0,1
6960,13,2031,A,0,D,0.92,0.89,0.08,0.0,0.0,0.92,373,1.5666000000000002e-05,0,1
6960,15,2130,A,0,B,0.9400000000000001,0.92,0.06,0.9400000000000001,0.0,0.0,373,1.5666000000000002e-05,0,1
6960,14,2103,A,0,B,0.93,0.91,0.07,0.93,0.0,0.0,373,1.5666000000000002e-05,0,1
6960,16,2301,A,0,D,0.86,0.81,0.14,0.0,0.0,0.86,373,1.5666000000000002e-05,0,1
6960,17,2310,A,0,C,0.9,0.86,0.1,0.0,0.9,0.0,373,1.5666000000000002e-05,0,1
6960,18,3012,D,3,C,0.86,0.81,0.0,0.0,0.86,0.14,373,1.5666000000000002e-05,0,1
6960,20,3102,D,3,B,0.8200000000000001,0.75,0.0,0.8200000000000001,0.0,0.18,373,1.5666000000000002e-05,0,1
6960,19,3021,C,2,D,0.77,0.7000000000000001,0.0,0.0,0.23,0.77,373,1.5666000000000002e-05,0,1
6960,21,3120,C,2,B,0.87,0.8200000000000001,0.0,0.87,0.13,0.0,373,1.5666000000000002e-05,0,1
1398,0,0123,A,0,A,0.5700000000000001,0.41000000000000003,0.5700000000000001,0.43,0.0,0.0,372,1.5624e-05,1,0
1398,1,0132,A,0,A,0.52,0.35000000000000003,0.52,0.48,0.0,0.0,372,1.5624e-05,1,0
6960,22,3201,B,1,D,0.91,0.88,0.0,0.09,0.0,0.91,373,1.5666000000000002e-05,0,1
1398,2,0213,A,0,A,0.58,0.43,0.58,0.0,0.42,0.0,372,1.5624e-05,1,0
1398,3,0231,A,0,D,0.6000000000000001,0.46,0.4,0.0,0.0,0.6000000000000001,372,1.5624e-05,0,1
1398,5,0321,A,0,D,0.56,0.4,0.44,0.0,0.0,0.56,372,1.5624e-05,0,1
1398,4,0312,A,0,A,0.56,0.4,0.56,0.0,0.44,0.0,372,1.5624e-05,1,0
1398,7,1032,B,1,B,0.49,0.33,0.49,0.49,0.01,0.01,372,1.5624e-05,1,0
1398,6,1023,B,1,B,0.51,0.35000000000000003,0.48,0.51,0.01,0.0,372,1.5624e-05,1,0
1398,8,1203,C,2,C,0.53,0.37,0.47000000000000003,0.0,0.53,0.0,372,1.5624e-05,1,0
1398,9,1230,D,3,D,0.51,0.34,0.49,0.0,0.0,0.51,372,1.5624e-05,1,0
1398,11,1320,D,3,D,0.5700000000000001,0.43,0.42,0.01,0.0,0.5700000000000001,372,1.5624e-05,1,0
1398,10,1302,C,2,A,0.52,0.36,0.52,0.0,0.47000000000000003,0.01,372,1.5624e-05,0,1
1398,13,2031,B,1,B,0.52,0.35000000000000003,0.01,0.52,0.0,0.47000000000000003,372,1.5624e-05,1,0
1398,12,2013,B,1,B,0.63,0.51,0.01,0.63,0.36,0.0,372,1.5624e-05,1,0
1398,15,2130,D,3,D,0.61,0.48,0.01,0.38,0.0,0.61,372,1.5624e-05,1,0
1398,14,2103,C,2,C,0.5,0.34,0.01,0.49,0.5,0.0,372,1.5624e-05,1,0
1398,16,2301,C,2,C,0.52,0.37,0.01,0.0,0.52,0.47000000000000003,372,1.5624e-05,1,0
1398,17,2310,D,3,D,0.56,0.41000000000000003,0.01,0.0,0.43,0.56,372,1.5624e-05,1,0
1398,18,3012,B,1,B,0.6000000000000001,0.46,0.01,0.6000000000000001,0.39,0.0,372,1.5624e-05,1,0
1398,20,3102,C,2,B,0.5,0.33,0.01,0.5,0.49,0.0,372,1.5624e-05,0,1
1398,19,3021,B,1,D,0.5,0.34,0.01,0.49,0.0,0.5,372,1.5624e-05,0,1
1398,22,3201,C,2,C,0.53,0.37,0.01,0.0,0.53,0.46,372,1.5624e-05,1,0
1398,21,3120,D,3,D,0.63,0.5,0.01,0.36,0.0,0.63,372,1.5624e-05,1,0
1398,23,3210,D,3,D,0.56,0.41000000000000003,0.01,0.0,0.43,0.56,372,1.5624e-05,1,0
6954,0,0123,D,3,D,0.88,0.84,0.0,0.12,0.0,0.88,369,1.5498000000000003e-05,1,3
6954,1,0132,C,2,C,0.87,0.81,0.0,0.13,0.87,0.0,369,1.5498000000000003e-05,1,3
6960,23,3210,B,1,C,0.91,0.88,0.0,0.09,0.91,0.0,373,1.5666000000000002e-05,0,1
6954,4,0312,B,1,B,0.87,0.8300000000000001,0.0,0.87,0.12,0.01,369,1.5498000000000003e-05,1,3
6954,3,0231,C,2,C,0.81,0.75,0.0,0.01,0.81,0.18,369,1.5498000000000003e-05,1,3
6954,5,0321,B,1,B,0.74,0.66,0.0,0.74,0.01,0.25,369,1.5498000000000003e-05,1,3
6954,2,0213,D,3,D,0.73,0.63,0.0,0.0,0.27,0.73,369,1.5498000000000003e-05,1,3
6954,6,1023,D,3,D,0.84,0.79,0.15,0.0,0.01,0.84,369,1.5498000000000003e-05,1,3
6954,8,1203,D,3,D,0.89,0.86,0.1,0.01,0.0,0.89,369,1.5498000000000003e-05,1,3
6954,7,1032,C,2,C,0.84,0.79,0.15,0.0,0.84,0.01,369,1.5498000000000003e-05,1,3
6954,9,1230,C,2,C,0.88,0.8300000000000001,0.12,0.0,0.88,0.0,369,1.5498000000000003e-05,1,3
6954,11,1320,B,1,B,0.9,0.86,0.1,0.9,0.0,0.0,369,1.5498000000000003e-05,1,3
6954,10,1302,B,1,B,0.86,0.81,0.13,0.86,0.0,0.01,369,1.5498000000000003e-05,1,3
6954,14,2103,D,3,D,0.58,0.45,0.01,0.41000000000000003,0.0,0.58,369,1.5498000000000003e-05,1,3
6954,13,2031,C,2,C,0.75,0.67,0.01,0.0,0.75,0.24,369,1.5498000000000003e-05,1,3
6954,12,2013,D,3,D,0.74,0.65,0.01,0.0,0.25,0.74,369,1.5498000000000003e-05,1,3
6954,15,2130,C,2,C,0.64,0.52,0.01,0.35000000000000003,0.64,0.0,369,1.5498000000000003e-05,1,3
6954,16,2301,B,1,B,0.84,0.78,0.01,0.84,0.0,0.15,369,1.5498000000000003e-05,1,3
6954,17,2310,B,1,B,0.78,0.7000000000000001,0.01,0.78,0.21,0.0,369,1.5498000000000003e-05,1,3
6954,19,3021,A,0,A,0.75,0.67,0.75,0.0,0.01,0.24,369,1.5498000000000003e-05,1,3
6954,18,3012,A,0,A,0.9,0.87,0.9,0.0,0.09,0.01,369,1.5498000000000003e-05,1,3
6954,20,3102,A,0,A,0.79,0.72,0.79,0.2,0.0,0.01,369,1.5498000000000003e-05,1,3
6954,22,3201,A,0,A,0.84,0.79,0.84,0.01,0.0,0.15,369,1.5498000000000003e-05,1,3
6954,21,3120,A,0,A,0.77,0.6900000000000001,0.77,0.22,0.01,0.0,369,1.5498000000000003e-05,1,3
2803,1,0132,B,1,B,0.92,0.89,0.07,0.92,0.01,0.0,357,1.4994000000000002e-05,1,1
6954,23,3210,A,0,A,0.67,0.55,0.67,0.01,0.32,0.0,369,1.5498000000000003e-05,1,3
2803,2,0213,C,2,C,0.9,0.87,0.08,0.0,0.9,0.02,357,1.4994000000000002e-05,1,1
2803,0,0123,B,1,B,0.9,0.86,0.09,0.9,0.0,0.01,357,1.4994000000000002e-05,1,1
2803,3,0231,D,3,D,0.93,0.9,0.06,0.0,0.01,0.93,357,1.4994000000000002e-05,1,1
2803,5,0321,D,3,D,0.93,0.91,0.06,0.01,0.0,0.93,357,1.4994000000000002e-05,1,1
2803,4,0312,C,2,C,0.9500000000000001,0.93,0.04,0.01,0.9500000000000001,0.0,357,1.4994000000000002e-05,1,1
2803,6,1023,A,0,A,0.9400000000000001,0.92,0.9400000000000001,0.05,0.0,0.01,357,1.4994000000000002e-05,1,1
2803,7,1032,A,0,A,0.93,0.91,0.93,0.06,0.01,0.0,357,1.4994000000000002e-05,1,1
2803,10,1302,A,0,A,0.9400000000000001,0.92,0.9400000000000001,0.02,0.04,0.0,357,1.4994000000000002e-05,1,1
2803,8,1203,A,0,A,0.9400000000000001,0.91,0.9400000000000001,0.0,0.05,0.01,357,1.4994000000000002e-05,1,1
2803,11,1320,A,0,A,0.9500000000000001,0.9400000000000001,0.9500000000000001,0.02,0.0,0.03,357,1.4994000000000002e-05,1,1
2803,9,1230,A,0,A,0.9500000000000001,0.93,0.9500000000000001,0.0,0.01,0.04,357,1.4994000000000002e-05,1,1
2803,12,2013,C,2,C,0.88,0.8300000000000001,0.0,0.1,0.88,0.02,357,1.4994000000000002e-05,1,1
2803,13,2031,D,3,D,0.92,0.89,0.0,0.06,0.02,0.92,357,1.4994000000000002e-05,1,1
2803,14,2103,B,1,B,0.91,0.87,0.0,0.91,0.08,0.01,357,1.4994000000000002e-05,1,1
2803,15,2130,B,1,B,0.9400000000000001,0.92,0.0,0.9400000000000001,0.01,0.05,357,1.4994000000000002e-05,1,1
2803,16,2301,D,3,D,0.92,0.89,0.0,0.02,0.06,0.92,357,1.4994000000000002e-05,1,1
2803,18,3012,C,2,C,0.9400000000000001,0.92,0.02,0.04,0.9400000000000001,0.0,357,1.4994000000000002e-05,1,1
2803,17,2310,C,2,C,0.92,0.89,0.0,0.03,0.92,0.05,357,1.4994000000000002e-05,1,1
2803,20,3102,B,1,B,0.97,0.96,0.02,0.97,0.01,0.0,357,1.4994000000000002e-05,1,1
2803,22,3201,D,3,D,0.9,0.86,0.03,0.0,0.07,0.9,357,1.4994000000000002e-05,1,1
2803,21,3120,B,1,B,0.9400000000000001,0.92,0.04,0.9400000000000001,0.0,0.02,357,1.4994000000000002e-05,1,1
2803,19,3021,D,3,D,0.92,0.89,0.03,0.05,0.0,0.92,357,1.4994000000000002e-05,1,1
2803,23,3210,C,2,C,0.92,0.89,0.03,0.0,0.92,0.05,357,1.4994000000000002e-05,1,1
7116,0,0123,D,3,D,1.0,1.0,0.0,0.0,0.0,1.0,384,1.6128000000000002e-05,1,3
7116,1,0132,C,2,C,1.0,1.0,0.0,0.0,1.0,0.0,384,1.6128000000000002e-05,1,3
7116,2,0213,D,3,D,1.0,1.0,0.0,0.0,0.0,1.0,384,1.6128000000000002e-05,1,3
7116,3,0231,C,2,C,1.0,1.0,0.0,0.0,1.0,0.0,384,1.6128000000000002e-05,1,3
7116,4,0312,B,1,B,1.0,1.0,0.0,1.0,0.0,0.0,384,1.6128000000000002e-05,1,3
7116,5,0321,B,1,B,1.0,1.0,0.0,1.0,0.0,0.0,384,1.6128000000000002e-05,1,3
7116,7,1032,C,2,C,1.0,1.0,0.0,0.0,1.0,0.0,384,1.6128000000000002e-05,1,3
7116,8,1203,D,3,D,1.0,1.0,0.0,0.0,0.0,1.0,384,1.6128000000000002e-05,1,3
7116,6,1023,D,3,D,1.0,1.0,0.0,0.0,0.0,1.0,384,1.6128000000000002e-05,1,3
7116,9,1230,C,2,C,1.0,1.0,0.0,0.0,1.0,0.0,384,1.6128000000000002e-05,1,3
7116,11,1320,B,1,B,1.0,1.0,0.0,1.0,0.0,0.0,384,1.6128000000000002e-05,1,3
7116,12,2013,D,3,D,1.0,1.0,0.0,0.0,0.0,1.0,384,1.6128000000000002e-05,1,3
7116,13,2031,C,2,C,1.0,1.0,0.0,0.0,1.0,0.0,384,1.6128000000000002e-05,1,3
7116,10,1302,B,1,B,1.0,1.0,0.0,1.0,0.0,0.0,384,1.6128000000000002e-05,1,3
7116,16,2301,B,1,B,1.0,1.0,0.0,1.0,0.0,0.0,384,1.6128000000000002e-05,1,3
7116,14,2103,D,3,D,1.0,1.0,0.0,0.0,0.0,1.0,384,1.6128000000000002e-05,1,3
7116,15,2130,C,2,C,1.0,1.0,0.0,0.0,1.0,0.0,384,1.6128000000000002e-05,1,3
7116,17,2310,B,1,B,1.0,1.0,0.0,1.0,0.0,0.0,384,1.6128000000000002e-05,1,3
7116,18,3012,A,0,A,1.0,1.0,1.0,0.0,0.0,0.0,384,1.6128000000000002e-05,1,3
7116,20,3102,A,0,A,1.0,1.0,1.0,0.0,0.0,0.0,384,1.6128000000000002e-05,1,3
7116,19,3021,A,0,A,1.0,1.0,1.0,0.0,0.0,0.0,384,1.6128000000000002e-05,1,3
7116,21,3120,A,0,A,1.0,1.0,1.0,0.0,0.0,0.0,384,1.6128000000000002e-05,1,3
7116,22,3201,A,0,A,1.0,1.0,1.0,0.0,0.0,0.0,384,1.6128000000000002e-05,1,3
7116,23,3210,A,0,A,1.0,1.0,1.0,0.0,0.0,0.0,384,1.6128000000000002e-05,1,3
1090,1,0132,C,2,C,1.0,1.0,0.0,0.0,1.0,0.0,384,1.6128000000000002e-05,1,3
1090,0,0123,D,3,D,1.0,1.0,0.0,0.0,0.0,1.0,384,1.6128000000000002e-05,1,3
1090,3,0231,C,2,C,1.0,1.0,0.0,0.0,1.0,0.0,384,1.6128000000000002e-05,1,3
1090,2,0213,D,3,D,1.0,1.0,0.0,0.0,0.0,1.0,384,1.6128000000000002e-05,1,3
1090,5,0321,B,1,B,1.0,1.0,0.0,1.0,0.0,0.0,384,1.6128000000000002e-05,1,3
1090,6,1023,D,3,D,1.0,1.0,0.0,0.0,0.0,1.0,384,1.6128000000000002e-05,1,3
1090,4,0312,B,1,B,1.0,1.0,0.0,1.0,0.0,0.0,384,1.6128000000000002e-05,1,3
1090,7,1032,C,2,C,1.0,1.0,0.0,0.0,1.0,0.0,384,1.6128000000000002e-05,1,3
1090,9,1230,C,2,C,1.0,1.0,0.0,0.0,1.0,0.0,384,1.6128000000000002e-05,1,3
1090,8,1203,D,3,D,1.0,1.0,0.0,0.0,0.0,1.0,384,1.6128000000000002e-05,1,3
1090,11,1320,B,1,B,1.0,1.0,0.0,1.0,0.0,0.0,384,1.6128000000000002e-05,1,3
1090,10,1302,B,1,B,1.0,1.0,0.0,1.0,0.0,0.0,384,1.6128000000000002e-05,1,3
1090,12,2013,D,3,D,1.0,1.0,0.0,0.0,0.0,1.0,384,1.6128000000000002e-05,1,3
1090,13,2031,C,2,C,1.0,1.0,0.0,0.0,1.0,0.0,384,1.6128000000000002e-05,1,3
1090,15,2130,C,2,C,1.0,1.0,0.0,0.0,1.0,0.0,384,1.6128000000000002e-05,1,3
1090,14,2103,D,3,D,1.0,1.0,0.0,0.0,0.0,1.0,384,1.6128000000000002e-05,1,3
1090,16,2301,B,1,B,1.0,1.0,0.0,1.0,0.0,0.0,384,1.6128000000000002e-05,1,3
1090,17,2310,B,1,B,1.0,1.0,0.0,1.0,0.0,0.0,384,1.6128000000000002e-05,1,3
1090,18,3012,A,0,A,1.0,1.0,1.0,0.0,0.0,0.0,384,1.6128000000000002e-05,1,3
1090,19,3021,A,0,A,1.0,1.0,1.0,0.0,0.0,0.0,384,1.6128000000000002e-05,1,3
1090,21,3120,A,0,A,1.0,1.0,1.0,0.0,0.0,0.0,384,1.6128000000000002e-05,1,3
1090,22,3201,A,0,A,1.0,1.0,1.0,0.0,0.0,0.0,384,1.6128000000000002e-05,1,3
1090,23,3210,A,0,A,1.0,1.0,1.0,0.0,0.0,0.0,384,1.6128000000000002e-05,1,3
1090,20,3102,A,0,A,1.0,1.0,1.0,0.0,0.0,0.0,384,1.6128000000000002e-05,1,3
9699,2,0213,A,0,A,1.0,1.0,1.0,0.0,0.0,0.0,380,1.5960000000000003e-05,1,0
9699,0,0123,A,0,A,1.0,1.0,1.0,0.0,0.0,0.0,380,1.5960000000000003e-05,1,0
9699,1,0132,A,0,A,1.0,1.0,1.0,0.0,0.0,0.0,380,1.5960000000000003e-05,1,0
9699,3,0231,A,0,A,1.0,1.0,1.0,0.0,0.0,0.0,380,1.5960000000000003e-05,1,0
9699,5,0321,A,0,A,1.0,1.0,1.0,0.0,0.0,0.0,380,1.5960000000000003e-05,1,0
9699,6,1023,B,1,B,1.0,1.0,0.0,1.0,0.0,0.0,380,1.5960000000000003e-05,1,0
9699,4,0312,A,0,A,1.0,1.0,1.0,0.0,0.0,0.0,380,1.5960000000000003e-05,1,0
9699,7,1032,B,1,B,1.0,1.0,0.0,1.0,0.0,0.0,380,1.5960000000000003e-05,1,0
9699,8,1203,C,2,C,1.0,1.0,0.0,0.0,1.0,0.0,380,1.5960000000000003e-05,1,0
9699,10,1302,C,2,C,1.0,1.0,0.0,0.0,1.0,0.0,380,1.5960000000000003e-05,1,0
9699,9,1230,D,3,D,1.0,1.0,0.0,0.0,0.0,1.0,380,1.5960000000000003e-05,1,0
9699,11,1320,D,3,D,1.0,1.0,0.0,0.0,0.0,1.0,380,1.5960000000000003e-05,1,0
9699,14,2103,C,2,C,1.0,1.0,0.0,0.0,1.0,0.0,380,1.5960000000000003e-05,1,0
9699,12,2013,B,1,B,1.0,1.0,0.0,1.0,0.0,0.0,380,1.5960000000000003e-05,1,0
9699,15,2130,D,3,D,1.0,1.0,0.0,0.0,0.0,1.0,380,1.5960000000000003e-05,1,0
9699,13,2031,B,1,B,1.0,1.0,0.0,1.0,0.0,0.0,380,1.5960000000000003e-05,1,0
9699,18,3012,B,1,B,1.0,1.0,0.0,1.0,0.0,0.0,380,1.5960000000000003e-05,1,0
9699,16,2301,C,2,C,1.0,1.0,0.0,0.0,1.0,0.0,380,1.5960000000000003e-05,1,0
9699,17,2310,D,3,D,1.0,1.0,0.0,0.0,0.0,1.0,380,1.5960000000000003e-05,1,0
9699,19,3021,B,1,B,1.0,1.0,0.0,1.0,0.0,0.0,380,1.5960000000000003e-05,1,0
9699,20,3102,C,2,C,1.0,1.0,0.0,0.0,1.0,0.0,380,1.5960000000000003e-05,1,0
9699,21,3120,D,3,D,1.0,1.0,0.0,0.0,0.0,1.0,380,1.5960000000000003e-05,1,0
9699,22,3201,C,2,C,1.0,1.0,0.0,0.0,1.0,0.0,380,1.5960000000000003e-05,1,0
9699,23,3210,D,3,D,1.0,1.0,0.0,0.0,0.0,1.0,380,1.5960000000000003e-05,1,0
2373,0,0123,C,2,A,0.9,0.87,0.9,0.03,0.07,0.0,364,1.5288e-05,0,0
2373,1,0132,D,3,A,0.88,0.8300000000000001,0.88,0.02,0.0,0.1,364,1.5288e-05,0,0
2373,2,0213,B,1,A,0.89,0.85,0.89,0.1,0.01,0.0,364,1.5288e-05,0,0
2373,3,0231,B,1,A,0.88,0.8300000000000001,0.88,0.1,0.0,0.02,364,1.5288e-05,0,0
2373,5,0321,C,2,A,0.8300000000000001,0.78,0.8300000000000001,0.0,0.14,0.03,364,1.5288e-05,0,0
2373,4,0312,D,3,A,0.88,0.8300000000000001,0.88,0.0,0.04,0.08,364,1.5288e-05,0,0
2373,6,1023,C,2,B,0.91,0.87,0.04,0.91,0.05,0.0,364,1.5288e-05,0,0
2373,8,1203,B,1,C,0.86,0.81,0.05,0.09,0.86,0.0,364,1.5288e-05,0,0
2373,9,1230,B,1,D,0.87,0.8300000000000001,0.04,0.09,0.0,0.87,364,1.5288e-05,0,0
2373,7,1032,D,3,B,0.85,0.8,0.05,0.85,0.0,0.1,364,1.5288e-05,0,0
2373,10,1302,D,3,C,0.88,0.8300000000000001,0.05,0.0,0.88,0.07,364,1.5288e-05,0,0
2373,12,2013,A,0,B,0.89,0.85,0.09,0.89,0.02,0.0,364,1.5288e-05,0,0
2373,11,1320,C,2,D,0.85,0.81,0.03,0.0,0.12,0.85,364,1.5288e-05,0,0
2373,13,2031,A,0,B,0.87,0.8200000000000001,0.1,0.87,0.0,0.03,364,1.5288e-05,0,0
2373,16,2301,A,0,C,0.88,0.8300000000000001,0.1,0.0,0.88,0.02,364,1.5288e-05,0,0
2373,15,2130,A,0,D,0.8200000000000001,0.75,0.15,0.03,0.0,0.8200000000000001,364,1.5288e-05,0,0
2373,14,2103,A,0,C,0.81,0.75,0.15,0.04,0.81,0.0,364,1.5288e-05,0,0
2373,18,3012,D,3,B,0.88,0.84,0.0,0.88,0.05,0.07,364,1.5288e-05,0,0
2373,19,3021,C,2,B,0.86,0.81,0.0,0.86,0.1,0.04,364,1.5288e-05,0,0
2373,17,2310,A,0,D,0.86,0.8,0.1,0.0,0.04,0.86,364,1.5288e-05,0,0
2373,20,3102,D,3,C,0.89,0.85,0.0,0.05,0.89,0.06,364,1.5288e-05,0,0
2373,21,3120,C,2,D,0.85,0.79,0.0,0.04,0.11,0.85,364,1.5288e-05,0,0
2373,22,3201,B,1,C,0.89,0.85,0.0,0.09,0.89,0.02,364,1.5288e-05,0,0
2373,23,3210,B,1,D,0.86,0.81,0.0,0.09,0.05,0.86,364,1.5288e-05,0,0
4279,0,0123,C,2,C,0.51,0.35000000000000003,0.22,0.2,0.51,0.07,389,1.6338000000000002e-05,1,2
4279,3,0231,B,1,B,0.5,0.34,0.26,0.5,0.04,0.2,389,1.6338000000000002e-05,1,2
4279,1,0132,D,3,D,0.53,0.38,0.19,0.22,0.06,0.53,389,1.6338000000000002e-05,1,2
4279,2,0213,B,1,B,0.51,0.34,0.28,0.51,0.16,0.05,389,1.6338000000000002e-05,1,2
4279,4,0312,D,3,D,0.41000000000000003,0.22,0.15,0.09,0.35000000000000003,0.41000000000000003,389,1.6338000000000002e-05,1,2
4279,5,0321,C,2,C,0.36,0.15,0.21,0.08,0.36,0.35000000000000003,389,1.6338000000000002e-05,1,2
4279,6,1023,C,2,C,0.59,0.45,0.14,0.15,0.59,0.12,389,1.6338000000000002e-05,1,2
4279,7,1032,D,3,D,0.48,0.30000000000000004,0.18,0.21,0.13,0.48,389,1.6338000000000002e-05,1,2
4279,8,1203,B,1,B,0.559999999999999,0.42,0.11,0.559999999999999,0.18,0.15,389,1.6338000000000002e-05,1,2
4279,13,2031,A,0,A,0.43,0.24,0.43,0.21,0.08,0.28,389,1.6338000000000002e-05,1,2
4279,12,2013,A,0,A,0.54,0.38,0.54,0.22,0.17,0.07,389,1.6338000000000002e-05,1,2
4279,11,1320,C,2,C,0.58,0.44,0.16,0.1,0.58,0.16,389,1.6338000000000002e-05,1,2
4279,9,1230,B,1,B,0.59,0.45,0.11,0.59,0.17,0.13,389,1.6338000000000002e-05,1,2
4279,10,1302,D,3,D,0.54,0.39,0.19,0.07,0.2,0.54,389,1.6338000000000002e-05,1,2
4279,14,2103,A,0,A,0.5,0.34,0.5,0.2,0.19,0.11,389,1.6338000000000002e-05,1,2
4279,15,2130,A,0,A,0.51,0.35000000000000003,0.51,0.23,0.09,0.17,389,1.6338000000000002e-05,1,2
4279,19,3021,C,2,C,0.56,0.41000000000000003,0.04,0.14,0.56,0.26,389,1.6338000000000002e-05,1,2
4279,17,2310,A,0,A,0.48,0.30000000000000004,0.48,0.09,0.28,0.15,389,1.6338000000000002e-05,1,2
4279,16,2301,A,0,A,0.45,0.27,0.45,0.04,0.19,0.32,389,1.6338000000000002e-05,1,2
4279,18,3012,D,3,D,0.51,0.35000000000000003,0.04,0.15,0.30000000000000004,0.51,389,1.6338000000000002e-05,1,2
4279,20,3102,D,3,D,0.53,0.37,0.04,0.25,0.18,0.53,389,1.6338000000000002e-05,1,2
4279,21,3120,C,2,C,0.47000000000000003,0.29,0.04,0.33,0.47000000000000003,0.16,389,1.6338000000000002e-05,1,2
4279,22,3201,B,1,B,0.49,0.32,0.04,0.49,0.2,0.27,389,1.6338000000000002e-05,1,2
4279,23,3210,B,1,B,0.44,0.25,0.05,0.44,0.32,0.19,389,1.6338000000000002e-05,1,2
3944,0,0123,B,1,D,0.99,0.99,0.0,0.01,0.0,0.99,390,1.638e-05,0,3
3944,3,0231,D,3,C,1.0,1.0,0.0,0.0,1.0,0.0,390,1.638e-05,0,3
3944,1,0132,B,1,C,1.0,0.99,0.0,0.0,1.0,0.0,390,1.638e-05,0,3
3944,2,0213,C,2,D,1.0,0.99,0.0,0.0,0.0,1.0,390,1.638e-05,0,3
3944,6,1023,A,0,D,1.0,0.99,0.0,0.0,0.0,1.0,390,1.638e-05,0,3
3944,7,1032,A,0,C,1.0,0.99,0.0,0.0,1.0,0.0,390,1.638e-05,0,3
3944,4,0312,C,2,B,1.0,1.0,0.0,1.0,0.0,0.0,390,1.638e-05,0,3
3944,5,0321,D,3,B,1.0,1.0,0.0,1.0,0.0,0.0,390,1.638e-05,0,3
3944,9,1230,A,0,C,1.0,0.99,0.0,0.0,1.0,0.0,390,1.638e-05,0,3
3944,8,1203,A,0,D,1.0,0.99,0.0,0.0,0.0,1.0,390,1.638e-05,0,3
3944,11,1320,A,0,B,1.0,1.0,0.0,1.0,0.0,0.0,390,1.638e-05,0,3
3944,10,1302,A,0,B,1.0,0.99,0.0,1.0,0.0,0.0,390,1.638e-05,0,3
3944,13,2031,D,3,C,1.0,0.99,0.0,0.0,1.0,0.0,390,1.638e-05,0,3
3944,14,2103,B,1,D,1.0,0.99,0.0,0.0,0.0,1.0,390,1.638e-05,0,3
3944,12,2013,C,2,D,0.99,0.98,0.0,0.0,0.01,0.99,390,1.638e-05,0,3
3944,15,2130,B,1,C,1.0,0.99,0.0,0.0,1.0,0.0,390,1.638e-05,0,3
3944,17,2310,C,2,B,1.0,1.0,0.0,1.0,0.0,0.0,390,1.638e-05,0,3
3944,16,2301,D,3,B,1.0,1.0,0.0,1.0,0.0,0.0,390,1.638e-05,0,3
3944,18,3012,C,2,A,1.0,1.0,1.0,0.0,0.0,0.0,390,1.638e-05,0,3
3944,21,3120,B,1,A,1.0,1.0,1.0,0.0,0.0,0.0,390,1.638e-05,0,3
3944,19,3021,D,3,A,1.0,1.0,1.0,0.0,0.0,0.0,390,1.638e-05,0,3
3944,20,3102,B,1,A,1.0,1.0,1.0,0.0,0.0,0.0,390,1.638e-05,0,3
3944,22,3201,D,3,A,1.0,1.0,1.0,0.0,0.0,0.0,390,1.638e-05,0,3
3601,0,0123,C,2,C,0.99,0.99,0.01,0.0,0.99,0.0,376,1.5792000000000004e-05,1,2
3601,1,0132,D,3,D,0.99,0.99,0.01,0.0,0.0,0.99,376,1.5792000000000004e-05,1,2
3601,2,0213,B,1,B,0.99,0.99,0.01,0.99,0.0,0.0,376,1.5792000000000004e-05,1,2
3601,3,0231,B,1,B,0.99,0.99,0.01,0.99,0.0,0.0,376,1.5792000000000004e-05,1,2
3601,4,0312,D,3,D,0.99,0.99,0.01,0.0,0.0,0.99,376,1.5792000000000004e-05,1,2
3601,5,0321,C,2,C,0.99,0.99,0.01,0.0,0.99,0.0,376,1.5792000000000004e-05,1,2
3601,6,1023,C,2,C,1.0,0.99,0.0,0.0,1.0,0.0,376,1.5792000000000004e-05,1,2
3944,23,3210,C,2,A,1.0,1.0,1.0,0.0,0.0,0.0,390,1.638e-05,0,3
3601,7,1032,D,3,D,1.0,0.99,0.0,0.0,0.0,1.0,376,1.5792000000000004e-05,1,2
3601,8,1203,B,1,B,1.0,1.0,0.0,1.0,0.0,0.0,376,1.5792000000000004e-05,1,2
3601,10,1302,D,3,D,0.99,0.99,0.0,0.0,0.01,0.99,376,1.5792000000000004e-05,1,2
3601,12,2013,A,0,A,1.0,1.0,1.0,0.0,0.0,0.0,376,1.5792000000000004e-05,1,2
3601,11,1320,C,2,C,1.0,0.99,0.0,0.0,1.0,0.0,376,1.5792000000000004e-05,1,2
3601,13,2031,A,0,A,1.0,1.0,1.0,0.0,0.0,0.0,376,1.5792000000000004e-05,1,2
3601,9,1230,B,1,B,1.0,0.99,0.0,1.0,0.0,0.0,376,1.5792000000000004e-05,1,2
3601,14,2103,A,0,A,1.0,1.0,1.0,0.0,0.0,0.0,376,1.5792000000000004e-05,1,2
3601,15,2130,A,0,A,1.0,1.0,1.0,0.0,0.0,0.0,376,1.5792000000000004e-05,1,2
3601,16,2301,A,0,A,1.0,1.0,1.0,0.0,0.0,0.0,376,1.5792000000000004e-05,1,2
3601,17,2310,A,0,A,1.0,1.0,1.0,0.0,0.0,0.0,376,1.5792000000000004e-05,1,2
3601,20,3102,D,3,D,1.0,0.99,0.0,0.0,0.0,1.0,376,1.5792000000000004e-05,1,2
3601,21,3120,C,2,C,1.0,0.99,0.0,0.0,1.0,0.0,376,1.5792000000000004e-05,1,2
3601,19,3021,C,2,C,1.0,0.99,0.0,0.0,1.0,0.0,376,1.5792000000000004e-05,1,2
3601,22,3201,B,1,B,1.0,1.0,0.0,1.0,0.0,0.0,376,1.5792000000000004e-05,1,2
3601,23,3210,B,1,B,1.0,0.99,0.0,1.0,0.0,0.0,376,1.5792000000000004e-05,1,2
3601,18,3012,D,3,D,1.0,0.99,0.0,0.0,0.0,1.0,376,1.5792000000000004e-05,1,2
3573,0,0123,C,2,C,0.7000000000000001,0.6000000000000001,0.11,0.04,0.7000000000000001,0.15,375,1.5750000000000003e-05,1,2
3573,1,0132,D,3,D,0.78,0.7000000000000001,0.08,0.05,0.09,0.78,375,1.5750000000000003e-05,1,2
3573,2,0213,B,1,B,0.73,0.64,0.09,0.73,0.06,0.12,375,1.5750000000000003e-05,1,2
3573,3,0231,B,1,B,0.68,0.5700000000000001,0.09,0.68,0.22,0.01,375,1.5750000000000003e-05,1,2
3573,4,0312,D,3,D,0.75,0.66,0.11,0.12,0.02,0.75,375,1.5750000000000003e-05,1,2
3573,5,0321,C,2,C,0.78,0.71,0.11,0.1,0.78,0.01,375,1.5750000000000003e-05,1,2
3573,6,1023,C,2,C,0.6900000000000001,0.59,0.05,0.11,0.6900000000000001,0.15,375,1.5750000000000003e-05,1,2
3573,7,1032,D,3,D,0.76,0.67,0.03,0.12,0.09,0.76,375,1.5750000000000003e-05,1,2
3573,9,1230,B,1,B,0.7000000000000001,0.59,0.07,0.7000000000000001,0.1,0.13,375,1.5750000000000003e-05,1,2
3573,8,1203,B,1,B,0.59,0.45,0.06,0.59,0.14,0.21,375,1.5750000000000003e-05,1,2
3573,10,1302,D,3,D,0.77,0.6900000000000001,0.04,0.04,0.15,0.77,375,1.5750000000000003e-05,1,2
3573,13,2031,A,0,A,0.49,0.33,0.49,0.19,0.31,0.01,375,1.5750000000000003e-05,1,2
3573,11,1320,C,2,C,0.8,0.71,0.06,0.04,0.8,0.1,375,1.5750000000000003e-05,1,2
3573,14,2103,A,0,A,0.63,0.51,0.63,0.05,0.14,0.18,375,1.5750000000000003e-05,1,2
3573,12,2013,A,0,A,0.58,0.44,0.58,0.2,0.07,0.15,375,1.5750000000000003e-05,1,2
3573,15,2130,A,0,A,0.67,0.56,0.67,0.06,0.14,0.13,375,1.5750000000000003e-05,1,2
3573,16,2301,A,0,A,0.66,0.55,0.66,0.2,0.13,0.01,375,1.5750000000000003e-05,1,2
3573,17,2310,A,0,A,0.67,0.56,0.67,0.2,0.01,0.12,375,1.5750000000000003e-05,1,2
3573,18,3012,D,3,D,0.75,0.67,0.05,0.19,0.01,0.75,375,1.5750000000000003e-05,1,2
3573,21,3120,C,2,C,0.76,0.68,0.08,0.02,0.76,0.14,375,1.5750000000000003e-05,1,2
3573,22,3201,B,1,B,0.8,0.74,0.05,0.8,0.14,0.01,375,1.5750000000000003e-05,1,2
3573,20,3102,D,3,D,0.8200000000000001,0.76,0.04,0.01,0.13,0.8200000000000001,375,1.5750000000000003e-05,1,2
3573,19,3021,C,2,C,0.77,0.7000000000000001,0.05,0.17,0.77,0.01,375,1.5750000000000003e-05,1,2
3573,23,3210,B,1,B,0.84,0.78,0.05,0.84,0.01,0.1,375,1.5750000000000003e-05,1,2
1337,1,0132,A,0,A,0.74,0.66,0.74,0.01,0.25,0.0,408,1.7136e-05,1,0
1337,3,0231,A,0,A,0.59,0.46,0.59,0.0,0.4,0.01,408,1.7136e-05,1,0
1337,0,0123,A,0,A,0.62,0.5,0.62,0.01,0.0,0.37,408,1.7136e-05,1,0
1337,2,0213,A,0,A,0.61,0.48,0.61,0.0,0.01,0.38,408,1.7136e-05,1,0
1337,5,0321,A,0,A,0.58,0.44,0.58,0.41000000000000003,0.0,0.01,408,1.7136e-05,1,0
1337,7,1032,B,1,B,0.809999999999999,0.76,0.01,0.809999999999999,0.18,0.0,408,1.7136e-05,1,0
1337,6,1023,B,1,B,0.68,0.5700000000000001,0.01,0.68,0.0,0.31,408,1.7136e-05,1,0
1337,4,0312,A,0,A,0.55,0.39,0.55,0.45,0.0,0.0,408,1.7136e-05,1,0
1337,10,1302,C,2,C,0.86,0.81,0.0,0.14,0.86,0.0,408,1.7136e-05,1,0
1337,8,1203,C,2,C,0.7000000000000001,0.61,0.01,0.0,0.7000000000000001,0.29,408,1.7136e-05,1,0
1337,11,1320,D,3,D,0.89,0.85,0.0,0.11,0.0,0.89,408,1.7136e-05,1,0
1337,9,1230,D,3,D,0.85,0.79,0.0,0.0,0.15,0.85,408,1.7136e-05,1,0
1337,14,2103,C,2,C,0.7000000000000001,0.61,0.0,0.01,0.7000000000000001,0.29,408,1.7136e-05,1,0
1337,12,2013,B,1,B,0.54,0.38,0.0,0.54,0.0,0.46,408,1.7136e-05,1,0
1337,15,2130,D,3,D,0.8200000000000001,0.75,0.0,0.0,0.18,0.8200000000000001,408,1.7136e-05,1,0
1337,13,2031,B,1,B,0.56,0.41000000000000003,0.0,0.56,0.44,0.0,408,1.7136e-05,1,0
1337,17,2310,D,3,D,0.8300000000000001,0.77,0.0,0.17,0.0,0.8300000000000001,408,1.7136e-05,1,0
1337,19,3021,B,1,B,0.7000000000000001,0.61,0.29,0.7000000000000001,0.0,0.01,408,1.7136e-05,1,0
1337,18,3012,B,1,B,0.75,0.67,0.24,0.75,0.01,0.0,408,1.7136e-05,1,0
1337,20,3102,C,2,C,0.76,0.68,0.23,0.01,0.76,0.0,408,1.7136e-05,1,0
1337,22,3201,C,2,C,0.7000000000000001,0.61,0.29,0.0,0.7000000000000001,0.01,408,1.7136e-05,1,0
1337,23,3210,D,3,D,0.74,0.64,0.26,0.0,0.0,0.74,408,1.7136e-05,1,0
1337,21,3120,D,3,D,0.77,0.7000000000000001,0.22,0.01,0.0,0.77,408,1.7136e-05,1,0
1337,16,2301,C,2,C,0.71,0.6000000000000001,0.0,0.29,0.71,0.0,408,1.7136e-05,1,0
7734,1,0132,B,1,C,0.73,0.63,0.0,0.27,0.73,0.0,366,1.5372e-05,0,3
7734,0,0123,B,1,D,0.6900000000000001,0.58,0.0,0.31,0.0,0.6900000000000001,366,1.5372e-05,0,3
7734,2,0213,C,2,D,0.79,0.72,0.0,0.0,0.21,0.79,366,1.5372e-05,0,3
7734,5,0321,D,3,D,0.6900000000000001,0.59,0.0,0.31,0.0,0.6900000000000001,366,1.5372e-05,1,1
7734,3,0231,D,3,D,0.53,0.37,0.0,0.0,0.47000000000000003,0.53,366,1.5372e-05,1,1
7734,4,0312,C,2,C,0.56,0.4,0.0,0.44,0.56,0.0,366,1.5372e-05,1,1
7734,6,1023,A,0,D,0.72,0.63,0.28,0.0,0.0,0.72,366,1.5372e-05,0,3
7734,8,1203,A,0,D,0.6900000000000001,0.58,0.31,0.0,0.0,0.6900000000000001,366,1.5372e-05,0,3
7734,7,1032,A,0,C,0.72,0.62,0.28,0.0,0.72,0.0,366,1.5372e-05,0,3
7734,9,1230,A,0,C,0.72,0.62,0.28,0.0,0.72,0.0,366,1.5372e-05,0,3
7734,11,1320,A,0,B,0.66,0.55,0.34,0.66,0.0,0.0,366,1.5372e-05,0,3
7734,10,1302,A,0,B,0.72,0.63,0.28,0.72,0.0,0.0,366,1.5372e-05,0,3
7734,13,2031,D,3,D,0.53,0.38,0.0,0.0,0.47000000000000003,0.53,366,1.5372e-05,1,1
7734,14,2103,B,1,D,0.78,0.71,0.0,0.22,0.0,0.78,366,1.5372e-05,0,3
7734,12,2013,C,2,D,0.76,0.68,0.0,0.0,0.24,0.76,366,1.5372e-05,0,3
7734,15,2130,B,1,C,0.77,0.6900000000000001,0.0,0.23,0.77,0.0,366,1.5372e-05,0,3
7734,16,2301,D,3,D,0.6000000000000001,0.47000000000000003,0.0,0.4,0.0,0.6000000000000001,366,1.5372e-05,1,1
7734,17,2310,C,2,B,0.61,0.48,0.0,0.61,0.39,0.0,366,1.5372e-05,0,3
7734,19,3021,D,3,D,0.59,0.45,0.41000000000000003,0.0,0.0,0.59,366,1.5372e-05,1,1
7734,22,3201,D,3,D,0.68,0.5700000000000001,0.32,0.0,0.0,0.68,366,1.5372e-05,1,1
7734,20,3102,B,1,B,0.65,0.53,0.35000000000000003,0.65,0.0,0.0,366,1.5372e-05,1,1
7734,21,3120,B,1,B,0.67,0.56,0.33,0.67,0.0,0.0,366,1.5372e-05,1,1
3494,0,0123,C,2,C,0.99,0.99,0.0,0.01,0.99,0.0,404,1.6968e-05,1,2
7734,18,3012,C,2,C,0.58,0.44,0.42,0.0,0.58,0.0,366,1.5372e-05,1,1
7734,23,3210,C,2,C,0.5700000000000001,0.42,0.43,0.0,0.5700000000000001,0.0,366,1.5372e-05,1,1
3494,1,0132,D,3,D,1.0,0.99,0.0,0.0,0.0,1.0,404,1.6968e-05,1,2
3494,3,0231,B,1,B,0.99,0.99,0.01,0.99,0.0,0.0,404,1.6968e-05,1,2
3494,2,0213,B,1,B,0.99,0.98,0.01,0.99,0.0,0.0,404,1.6968e-05,1,2
3494,4,0312,D,3,D,0.99,0.99,0.0,0.0,0.01,0.99,404,1.6968e-05,1,2
3494,5,0321,C,2,C,1.0,0.99,0.0,0.0,1.0,0.0,404,1.6968e-05,1,2
3494,7,1032,D,3,D,0.99,0.99,0.01,0.0,0.0,0.99,404,1.6968e-05,1,2
3494,6,1023,C,2,C,0.99,0.98,0.01,0.0,0.99,0.0,404,1.6968e-05,1,2
3494,8,1203,B,1,B,0.99,0.99,0.01,0.99,0.0,0.0,404,1.6968e-05,1,2
3494,9,1230,B,1,B,0.99,0.99,0.01,0.99,0.0,0.0,404,1.6968e-05,1,2
3494,12,2013,A,0,A,1.0,1.0,1.0,0.0,0.0,0.0,404,1.6968e-05,1,2
3494,10,1302,D,3,D,0.99,0.99,0.01,0.0,0.0,0.99,404,1.6968e-05,1,2
3494,11,1320,C,2,C,0.99,0.98,0.01,0.0,0.99,0.0,404,1.6968e-05,1,2
3494,14,2103,A,0,A,1.0,1.0,1.0,0.0,0.0,0.0,404,1.6968e-05,1,2
3494,13,2031,A,0,A,1.0,0.99,1.0,0.0,0.0,0.0,404,1.6968e-05,1,2
3494,15,2130,A,0,A,1.0,1.0,1.0,0.0,0.0,0.0,404,1.6968e-05,1,2
3494,16,2301,A,0,A,1.0,1.0,1.0,0.0,0.0,0.0,404,1.6968e-05,1,2
3494,18,3012,D,3,D,1.0,0.99,0.0,0.0,0.0,1.0,404,1.6968e-05,1,2
3494,17,2310,A,0,A,1.0,1.0,1.0,0.0,0.0,0.0,404,1.6968e-05,1,2
3494,20,3102,D,3,D,0.99,0.99,0.0,0.01,0.0,0.99,404,1.6968e-05,1,2
3494,19,3021,C,2,C,1.0,0.99,0.0,0.0,1.0,0.0,404,1.6968e-05,1,2
3494,21,3120,C,2,C,1.0,0.99,0.0,0.0,1.0,0.0,404,1.6968e-05,1,2
3494,22,3201,B,1,B,1.0,0.99,0.0,1.0,0.0,0.0,404,1.6968e-05,1,2
3494,23,3210,B,1,B,1.0,0.99,0.0,1.0,0.0,0.0,404,1.6968e-05,1,2
8380,2,0213,D,3,D,0.88,0.84,0.11,0.01,0.0,0.88,381,1.6002000000000004e-05,1,3
8380,3,0231,C,2,C,0.87,0.8200000000000001,0.12,0.01,0.87,0.0,381,1.6002000000000004e-05,1,3
8380,6,1023,D,3,D,0.8300000000000001,0.77,0.0,0.16,0.01,0.8300000000000001,381,1.6002000000000004e-05,1,3
8380,0,0123,D,3,D,0.85,0.8,0.14,0.0,0.01,0.85,381,1.6002000000000004e-05,1,3
8380,1,0132,C,2,C,0.87,0.8200000000000001,0.13,0.0,0.87,0.0,381,1.6002000000000004e-05,1,3
8380,5,0321,B,1,B,0.91,0.87,0.09,0.91,0.0,0.0,381,1.6002000000000004e-05,1,3
8380,7,1032,C,2,C,0.84,0.78,0.0,0.16,0.84,0.0,381,1.6002000000000004e-05,1,3
8380,4,0312,B,1,B,0.91,0.88,0.09,0.91,0.0,0.0,381,1.6002000000000004e-05,1,3
8380,8,1203,D,3,D,0.86,0.81,0.0,0.01,0.13,0.86,381,1.6002000000000004e-05,1,3
8380,10,1302,B,1,B,0.88,0.84,0.0,0.88,0.12,0.0,381,1.6002000000000004e-05,1,3
8380,11,1320,B,1,B,0.81,0.74,0.0,0.81,0.0,0.19,381,1.6002000000000004e-05,1,3
8380,12,2013,D,3,D,0.91,0.88,0.01,0.08,0.0,0.91,381,1.6002000000000004e-05,1,3
8380,13,2031,C,2,C,0.87,0.8200000000000001,0.01,0.12,0.87,0.0,381,1.6002000000000004e-05,1,3
8380,9,1230,C,2,C,0.87,0.8300000000000001,0.0,0.01,0.87,0.12,381,1.6002000000000004e-05,1,3
8380,14,2103,D,3,D,0.93,0.9,0.0,0.0,0.07,0.93,381,1.6002000000000004e-05,1,3
8380,15,2130,C,2,C,0.85,0.8,0.01,0.0,0.85,0.14,381,1.6002000000000004e-05,1,3
8380,16,2301,B,1,B,0.88,0.8300000000000001,0.01,0.88,0.11,0.0,381,1.6002000000000004e-05,1,3
8380,17,2310,B,1,B,0.9,0.86,0.01,0.9,0.0,0.09,381,1.6002000000000004e-05,1,3
8380,18,3012,A,0,A,0.93,0.89,0.93,0.07,0.0,0.0,381,1.6002000000000004e-05,1,3
8380,19,3021,A,0,A,0.9,0.86,0.9,0.1,0.0,0.0,381,1.6002000000000004e-05,1,3
8380,22,3201,A,0,A,0.91,0.89,0.91,0.01,0.08,0.0,381,1.6002000000000004e-05,1,3
8380,20,3102,A,0,A,0.87,0.8300000000000001,0.87,0.0,0.12,0.01,381,1.6002000000000004e-05,1,3
8380,21,3120,A,0,A,0.91,0.88,0.91,0.0,0.0,0.09,381,1.6002000000000004e-05,1,3
1454,0,0123,A,0,A,0.9400000000000001,0.92,0.9400000000000001,0.05,0.01,0.0,377,1.5834e-05,1,0
1454,3,0231,A,0,A,0.98,0.97,0.98,0.01,0.0,0.01,377,1.5834e-05,1,0
1454,1,0132,A,0,A,0.9400000000000001,0.92,0.9400000000000001,0.05,0.0,0.01,377,1.5834e-05,1,0
1454,2,0213,A,0,A,0.9500000000000001,0.93,0.9500000000000001,0.02,0.03,0.0,377,1.5834e-05,1,0
8380,23,3210,A,0,A,0.9500000000000001,0.93,0.9500000000000001,0.0,0.0,0.05,381,1.6002000000000004e-05,1,3
1454,6,1023,B,1,B,0.91,0.88,0.08,0.91,0.01,0.0,377,1.5834e-05,1,0
1454,5,0321,A,0,A,0.96,0.9400000000000001,0.96,0.0,0.02,0.02,377,1.5834e-05,1,0
1454,4,0312,A,0,A,0.9500000000000001,0.9400000000000001,0.9500000000000001,0.0,0.03,0.02,377,1.5834e-05,1,0
1454,7,1032,B,1,B,0.9,0.86,0.09,0.9,0.0,0.01,377,1.5834e-05,1,0
1454,8,1203,C,2,C,0.88,0.84,0.11,0.01,0.88,0.0,377,1.5834e-05,1,0
1454,9,1230,D,3,D,0.92,0.89,0.07,0.01,0.0,0.92,377,1.5834e-05,1,0
1454,14,2103,C,2,C,0.93,0.91,0.02,0.05,0.93,0.0,377,1.5834e-05,1,0
1454,11,1320,D,3,D,0.929999999999999,0.91,0.06,0.0,0.01,0.929999999999999,377,1.5834e-05,1,0
1454,13,2031,B,1,B,0.97,0.96,0.02,0.97,0.0,0.01,377,1.5834e-05,1,0
1454,10,1302,C,2,C,0.9,0.86,0.09,0.0,0.9,0.01,377,1.5834e-05,1,0
1454,16,2301,C,2,C,0.98,0.97,0.01,0.0,0.98,0.01,377,1.5834e-05,1,0
1454,15,2130,D,3,D,0.96,0.9500000000000001,0.01,0.03,0.0,0.96,377,1.5834e-05,1,0
1454,19,3021,B,1,B,0.97,0.96,0.0,0.97,0.02,0.01,377,1.5834e-05,1,0
1454,17,2310,D,3,D,0.97,0.97,0.01,0.0,0.02,0.97,377,1.5834e-05,1,0
1454,20,3102,C,2,C,0.96,0.9400000000000001,0.0,0.03,0.96,0.01,377,1.5834e-05,1,0
1454,18,3012,B,1,B,0.97,0.96,0.0,0.97,0.01,0.02,377,1.5834e-05,1,0
1454,22,3201,C,2,C,0.98,0.97,0.0,0.01,0.98,0.01,377,1.5834e-05,1,0
1454,21,3120,D,3,D,0.96,0.93,0.0,0.03,0.01,0.96,377,1.5834e-05,1,0
1454,23,3210,D,3,D,0.97,0.96,0.0,0.01,0.02,0.97,377,1.5834e-05,1,0
5724,0,0123,D,3,C,0.55,0.4,0.33,0.0,0.55,0.12,374,1.5708e-05,0,2
5724,1,0132,C,2,D,0.65,0.53,0.21,0.0,0.14,0.65,374,1.5708e-05,0,2
5724,2,0213,D,3,B,0.74,0.65,0.19,0.74,0.0,0.07,374,1.5708e-05,0,2
5724,3,0231,C,2,B,0.74,0.65,0.18,0.74,0.08,0.0,374,1.5708e-05,0,2
5724,4,0312,B,1,D,0.53,0.37,0.21,0.26,0.0,0.53,374,1.5708e-05,0,2
5724,5,0321,B,1,C,0.71,0.61,0.1,0.19,0.71,0.0,374,1.5708e-05,0,2
5724,6,1023,D,3,C,0.6900000000000001,0.59,0.0,0.23,0.6900000000000001,0.08,374,1.5708e-05,0,2
5724,7,1032,C,2,D,0.76,0.67,0.0,0.11,0.13,0.76,374,1.5708e-05,0,2
5724,8,1203,D,3,B,0.73,0.64,0.0,0.73,0.17,0.1,374,1.5708e-05,0,2
5724,11,1320,B,1,C,0.77,0.68,0.0,0.2,0.77,0.03,374,1.5708e-05,0,2
5724,10,1302,B,1,D,0.5700000000000001,0.42,0.0,0.31,0.12,0.5700000000000001,374,1.5708e-05,0,2
5724,9,1230,C,2,B,0.6900000000000001,0.58,0.0,0.6900000000000001,0.17,0.14,374,1.5708e-05,0,2
5724,12,2013,D,3,A,0.84,0.78,0.84,0.12,0.0,0.04,374,1.5708e-05,0,2
5724,14,2103,D,3,A,0.84,0.78,0.84,0.0,0.09,0.07,374,1.5708e-05,0,2
5724,13,2031,C,2,A,0.81,0.74,0.81,0.11,0.08,0.0,374,1.5708e-05,0,2
5724,15,2130,C,2,A,0.8300000000000001,0.76,0.8300000000000001,0.0,0.1,0.07,374,1.5708e-05,0,2
5724,16,2301,B,1,A,0.79,0.7000000000000001,0.79,0.15,0.06,0.0,374,1.5708e-05,0,2
5724,18,3012,A,0,D,0.52,0.36,0.28,0.2,0.0,0.52,374,1.5708e-05,0,2
5724,17,2310,B,1,A,0.79,0.71,0.79,0.17,0.0,0.04,374,1.5708e-05,0,2
5724,19,3021,A,0,C,0.62,0.49,0.21,0.17,0.62,0.0,374,1.5708e-05,0,2
1454,12,2013,B,1,B,0.96,0.9400000000000001,0.02,0.96,0.02,0.0,377,1.5834e-05,1,0
5724,20,3102,A,0,D,0.63,0.51,0.25,0.0,0.12,0.63,374,1.5708e-05,0,2
5724,21,3120,A,0,C,0.7000000000000001,0.59,0.25,0.0,0.7000000000000001,0.05,374,1.5708e-05,0,2
5724,22,3201,A,0,B,0.86,0.81,0.12,0.86,0.02,0.0,374,1.5708e-05,0,2
5724,23,3210,A,0,B,0.84,0.79,0.14,0.84,0.0,0.02,374,1.5708e-05,0,2
9661,1,0132,C,2,C,1.0,0.99,0.0,0.0,1.0,0.0,380,1.5960000000000003e-05,1,3
9661,0,0123,D,3,D,0.99,0.99,0.0,0.0,0.01,0.99,380,1.5960000000000003e-05,1,3
9661,2,0213,D,3,D,1.0,0.99,0.0,0.0,0.0,1.0,380,1.5960000000000003e-05,1,3
9661,4,0312,B,1,B,1.0,0.99,0.0,1.0,0.0,0.0,380,1.5960000000000003e-05,1,3
9661,3,0231,C,2,C,0.99,0.99,0.0,0.01,0.99,0.0,380,1.5960000000000003e-05,1,3
9661,5,0321,B,1,B,0.99,0.99,0.0,0.99,0.01,0.0,380,1.5960000000000003e-05,1,3
9661,6,1023,D,3,D,1.0,1.0,0.0,0.0,0.0,1.0,380,1.5960000000000003e-05,1,3
9661,8,1203,D,3,D,1.0,0.99,0.0,0.0,0.0,1.0,380,1.5960000000000003e-05,1,3
9661,7,1032,C,2,C,1.0,0.99,0.0,0.0,1.0,0.0,380,1.5960000000000003e-05,1,3
9661,9,1230,C,2,C,1.0,0.99,0.0,0.0,1.0,0.0,380,1.5960000000000003e-05,1,3
9661,10,1302,B,1,B,1.0,0.99,0.0,1.0,0.0,0.0,380,1.5960000000000003e-05,1,3
9661,12,2013,D,3,D,0.99,0.99,0.01,0.0,0.0,0.99,380,1.5960000000000003e-05,1,3
9661,13,2031,C,2,C,0.99,0.99,0.01,0.0,0.99,0.0,380,1.5960000000000003e-05,1,3
9661,11,1320,B,1,B,1.0,0.99,0.0,1.0,0.0,0.0,380,1.5960000000000003e-05,1,3
9661,14,2103,D,3,D,0.99,0.99,0.01,0.0,0.0,0.99,380,1.5960000000000003e-05,1,3
9661,15,2130,C,2,C,0.99,0.98,0.01,0.0,0.99,0.0,380,1.5960000000000003e-05,1,3
9661,16,2301,B,1,B,0.99,0.99,0.01,0.99,0.0,0.0,380,1.5960000000000003e-05,1,3
9661,18,3012,A,0,A,1.0,0.99,1.0,0.0,0.0,0.0,380,1.5960000000000003e-05,1,3
9661,17,2310,B,1,B,0.99,0.99,0.01,0.99,0.0,0.0,380,1.5960000000000003e-05,1,3
9661,20,3102,A,0,A,1.0,0.99,1.0,0.0,0.0,0.0,380,1.5960000000000003e-05,1,3
9661,21,3120,A,0,A,1.0,0.99,1.0,0.0,0.0,0.0,380,1.5960000000000003e-05,1,3
9661,19,3021,A,0,A,1.0,0.99,1.0,0.0,0.0,0.0,380,1.5960000000000003e-05,1,3
1041,2,0213,A,0,A,0.98,0.97,0.98,0.01,0.01,0.0,368,1.5456e-05,1,0
9661,22,3201,A,0,A,0.99,0.99,0.99,0.01,0.0,0.0,380,1.5960000000000003e-05,1,3
1041,0,0123,A,0,A,0.9400000000000001,0.9400000000000001,0.9400000000000001,0.01,0.04,0.01,368,1.5456e-05,1,0
9661,23,3210,A,0,A,0.99,0.99,0.99,0.01,0.0,0.0,380,1.5960000000000003e-05,1,3
1041,1,0132,A,0,A,0.98,0.97,0.98,0.01,0.0,0.01,368,1.5456e-05,1,0
1041,3,0231,A,0,A,0.98,0.97,0.98,0.01,0.0,0.01,368,1.5456e-05,1,0
1041,4,0312,A,0,A,0.97,0.96,0.97,0.0,0.01,0.02,368,1.5456e-05,1,0
1041,5,0321,A,0,A,0.98,0.97,0.98,0.0,0.01,0.01,368,1.5456e-05,1,0
1041,7,1032,B,1,B,0.98,0.96,0.0,0.98,0.0,0.02,368,1.5456e-05,1,0
1041,8,1203,C,2,C,0.97,0.9500000000000001,0.0,0.03,0.97,0.0,368,1.5456e-05,1,0
1041,6,1023,B,1,B,0.96,0.9400000000000001,0.0,0.96,0.04,0.0,368,1.5456e-05,1,0
1041,12,2013,B,1,B,0.97,0.97,0.01,0.97,0.01,0.01,368,1.5456e-05,1,0
1041,11,1320,D,3,D,0.99,0.98,0.0,0.0,0.01,0.99,368,1.5456e-05,1,0
1041,9,1230,D,3,D,0.98,0.98,0.0,0.01,0.01,0.98,368,1.5456e-05,1,0
1041,13,2031,B,1,B,0.98,0.98,0.01,0.98,0.0,0.01,368,1.5456e-05,1,0
1041,10,1302,C,2,C,1.0,0.99,0.0,0.0,1.0,0.0,368,1.5456e-05,1,0
1041,14,2103,C,2,C,0.99,0.98,0.01,0.0,0.99,0.0,368,1.5456e-05,1,0
1041,18,3012,B,1,B,1.0,0.99,0.0,1.0,0.0,0.0,368,1.5456e-05,1,0
1041,15,2130,D,3,D,0.99,0.98,0.0,0.0,0.01,0.99,368,1.5456e-05,1,0
1041,16,2301,C,2,C,1.0,0.99,0.0,0.0,1.0,0.0,368,1.5456e-05,1,0
1041,19,3021,B,1,B,1.0,0.99,0.0,1.0,0.0,0.0,368,1.5456e-05,1,0
1041,20,3102,C,2,C,0.99,0.99,0.0,0.0,0.99,0.01,368,1.5456e-05,1,0
1041,17,2310,D,3,D,0.99,0.98,0.01,0.0,0.0,0.99,368,1.5456e-05,1,0
1041,21,3120,D,3,D,0.99,0.99,0.0,0.0,0.01,0.99,368,1.5456e-05,1,0
1041,22,3201,C,2,C,1.0,0.98,0.0,0.0,1.0,0.0,368,1.5456e-05,1,0
1041,23,3210,D,3,D,0.99,0.98,0.0,0.0,0.01,0.99,368,1.5456e-05,1,0
4618,0,0123,D,3,D,0.91,0.88,0.01,0.08,0.0,0.91,375,1.5750000000000003e-05,1,3
4618,2,0213,D,3,D,0.96,0.9500000000000001,0.01,0.0,0.03,0.96,375,1.5750000000000003e-05,1,3
4618,3,0231,C,2,C,0.9400000000000001,0.92,0.02,0.0,0.9400000000000001,0.04,375,1.5750000000000003e-05,1,3
4618,4,0312,B,1,B,0.97,0.96,0.01,0.97,0.02,0.0,375,1.5750000000000003e-05,1,3
4618,1,0132,C,2,C,0.88,0.8300000000000001,0.01,0.11,0.88,0.0,375,1.5750000000000003e-05,1,3
4618,5,0321,B,1,B,0.96,0.9400000000000001,0.01,0.96,0.0,0.03,375,1.5750000000000003e-05,1,3
4618,6,1023,D,3,D,0.9400000000000001,0.93,0.05,0.01,0.0,0.9400000000000001,375,1.5750000000000003e-05,1,3
4618,8,1203,D,3,D,0.9400000000000001,0.91,0.06,0.0,0.0,0.9400000000000001,375,1.5750000000000003e-05,1,3
4618,7,1032,C,2,C,0.89,0.85,0.1,0.01,0.89,0.0,375,1.5750000000000003e-05,1,3
4618,10,1302,B,1,B,0.929999999999999,0.91,0.06,0.929999999999999,0.01,0.0,375,1.5750000000000003e-05,1,3
4618,9,1230,C,2,C,0.84,0.78,0.15,0.0,0.84,0.01,375,1.5750000000000003e-05,1,3
4618,12,2013,D,3,D,0.97,0.9500000000000001,0.0,0.0,0.03,0.97,375,1.5750000000000003e-05,1,3
4618,14,2103,D,3,D,0.98,0.96,0.0,0.02,0.0,0.98,375,1.5750000000000003e-05,1,3
4618,15,2130,C,2,C,0.9400000000000001,0.92,0.0,0.06,0.9400000000000001,0.0,375,1.5750000000000003e-05,1,3
4618,11,1320,B,1,B,0.89,0.85,0.11,0.89,0.0,0.0,375,1.5750000000000003e-05,1,3
4618,13,2031,C,2,C,0.96,0.9500000000000001,0.0,0.01,0.96,0.03,375,1.5750000000000003e-05,1,3
4618,18,3012,A,0,A,0.9,0.87,0.9,0.01,0.09,0.0,375,1.5750000000000003e-05,1,3
4618,17,2310,B,1,B,0.97,0.9500000000000001,0.0,0.97,0.03,0.0,375,1.5750000000000003e-05,1,3
4618,16,2301,B,1,B,0.93,0.91,0.0,0.93,0.01,0.06,375,1.5750000000000003e-05,1,3
4618,19,3021,A,0,A,0.93,0.9,0.93,0.01,0.0,0.06,375,1.5750000000000003e-05,1,3
4618,20,3102,A,0,A,0.809999999999999,0.76,0.809999999999999,0.18,0.01,0.0,375,1.5750000000000003e-05,1,3
4618,22,3201,A,0,A,0.92,0.89,0.92,0.0,0.01,0.07,375,1.5750000000000003e-05,1,3
4618,21,3120,A,0,A,0.84,0.78,0.84,0.16,0.0,0.0,375,1.5750000000000003e-05,1,3
6614,1,0132,A,0,A,1.0,1.0,1.0,0.0,0.0,0.0,384,1.6128000000000002e-05,1,0
4618,23,3210,A,0,A,0.9400000000000001,0.93,0.9400000000000001,0.0,0.05,0.01,375,1.5750000000000003e-05,1,3
6614,2,0213,A,0,A,1.0,1.0,1.0,0.0,0.0,0.0,384,1.6128000000000002e-05,1,0
6614,0,0123,A,0,A,1.0,1.0,1.0,0.0,0.0,0.0,384,1.6128000000000002e-05,1,0
6614,3,0231,A,0,A,1.0,1.0,1.0,0.0,0.0,0.0,384,1.6128000000000002e-05,1,0
6614,6,1023,B,1,B,1.0,1.0,0.0,1.0,0.0,0.0,384,1.6128000000000002e-05,1,0
6614,4,0312,A,0,A,1.0,1.0,1.0,0.0,0.0,0.0,384,1.6128000000000002e-05,1,0
6614,5,0321,A,0,A,1.0,1.0,1.0,0.0,0.0,0.0,384,1.6128000000000002e-05,1,0
6614,7,1032,B,1,B,1.0,1.0,0.0,1.0,0.0,0.0,384,1.6128000000000002e-05,1,0
6614,8,1203,C,2,C,1.0,1.0,0.0,0.0,1.0,0.0,384,1.6128000000000002e-05,1,0
6614,9,1230,D,3,D,1.0,1.0,0.0,0.0,0.0,1.0,384,1.6128000000000002e-05,1,0
6614,11,1320,D,3,D,1.0,1.0,0.0,0.0,0.0,1.0,384,1.6128000000000002e-05,1,0
6614,10,1302,C,2,C,1.0,1.0,0.0,0.0,1.0,0.0,384,1.6128000000000002e-05,1,0
6614,13,2031,B,1,B,1.0,1.0,0.0,1.0,0.0,0.0,384,1.6128000000000002e-05,1,0
6614,12,2013,B,1,B,1.0,1.0,0.0,1.0,0.0,0.0,384,1.6128000000000002e-05,1,0
6614,14,2103,C,2,C,1.0,1.0,0.0,0.0,1.0,0.0,384,1.6128000000000002e-05,1,0
6614,16,2301,C,2,C,1.0,1.0,0.0,0.0,1.0,0.0,384,1.6128000000000002e-05,1,0
6614,15,2130,D,3,D,1.0,1.0,0.0,0.0,0.0,1.0,384,1.6128000000000002e-05,1,0
6614,17,2310,D,3,D,1.0,1.0,0.0,0.0,0.0,1.0,384,1.6128000000000002e-05,1,0
6614,19,3021,B,1,B,1.0,1.0,0.0,1.0,0.0,0.0,384,1.6128000000000002e-05,1,0
6614,18,3012,B,1,B,1.0,1.0,0.0,1.0,0.0,0.0,384,1.6128000000000002e-05,1,0
6614,20,3102,C,2,C,1.0,1.0,0.0,0.0,1.0,0.0,384,1.6128000000000002e-05,1,0
6614,21,3120,D,3,D,1.0,1.0,0.0,0.0,0.0,1.0,384,1.6128000000000002e-05,1,0
6614,22,3201,C,2,C,1.0,1.0,0.0,0.0,1.0,0.0,384,1.6128000000000002e-05,1,0
8703,0,0123,D,3,D,0.99,0.99,0.0,0.0,0.01,0.99,383,1.6086e-05,1,3
8703,2,0213,D,3,D,1.0,1.0,0.0,0.0,0.0,1.0,383,1.6086e-05,1,3
6614,23,3210,D,3,D,1.0,1.0,0.0,0.0,0.0,1.0,384,1.6128000000000002e-05,1,0
8703,3,0231,C,2,C,1.0,0.99,0.0,0.0,1.0,0.0,383,1.6086e-05,1,3
8703,1,0132,C,2,C,1.0,1.0,0.0,0.0,1.0,0.0,383,1.6086e-05,1,3
8703,5,0321,B,1,B,0.99,0.99,0.0,0.99,0.01,0.0,383,1.6086e-05,1,3
8703,4,0312,B,1,B,0.99,0.99,0.0,0.99,0.0,0.01,383,1.6086e-05,1,3
8703,7,1032,C,2,C,1.0,0.99,0.0,0.0,1.0,0.0,383,1.6086e-05,1,3
8703,8,1203,D,3,D,1.0,0.99,0.0,0.0,0.0,1.0,383,1.6086e-05,1,3
8703,9,1230,C,2,C,1.0,0.99,0.0,0.0,1.0,0.0,383,1.6086e-05,1,3
8703,10,1302,B,1,B,1.0,0.99,0.0,1.0,0.0,0.0,383,1.6086e-05,1,3
8703,6,1023,D,3,D,1.0,0.99,0.0,0.0,0.0,1.0,383,1.6086e-05,1,3
8703,11,1320,B,1,B,1.0,1.0,0.0,1.0,0.0,0.0,383,1.6086e-05,1,3
8703,12,2013,D,3,D,1.0,1.0,0.0,0.0,0.0,1.0,383,1.6086e-05,1,3
8703,14,2103,D,3,D,0.99,0.99,0.01,0.0,0.0,0.99,383,1.6086e-05,1,3
8703,13,2031,C,2,C,0.99,0.99,0.01,0.0,0.99,0.0,383,1.6086e-05,1,3
8703,15,2130,C,2,C,1.0,0.99,0.0,0.0,1.0,0.0,383,1.6086e-05,1,3
8703,19,3021,A,0,A,1.0,0.99,1.0,0.0,0.0,0.0,383,1.6086e-05,1,3
8703,17,2310,B,1,B,1.0,0.99,0.0,1.0,0.0,0.0,383,1.6086e-05,1,3
8703,20,3102,A,0,A,1.0,0.99,1.0,0.0,0.0,0.0,383,1.6086e-05,1,3
8703,16,2301,B,1,B,1.0,0.99,0.0,1.0,0.0,0.0,383,1.6086e-05,1,3
8703,18,3012,A,0,A,1.0,0.99,1.0,0.0,0.0,0.0,383,1.6086e-05,1,3
8703,22,3201,A,0,A,1.0,0.99,1.0,0.0,0.0,0.0,383,1.6086e-05,1,3
8703,21,3120,A,0,A,1.0,0.99,1.0,0.0,0.0,0.0,383,1.6086e-05,1,3
8703,23,3210,A,0,A,1.0,1.0,1.0,0.0,0.0,0.0,383,1.6086e-05,1,3
8592,3,0231,C,2,C,0.89,0.84,0.0,0.01,0.89,0.1,389,1.6338000000000002e-05,1,3
8592,2,0213,D,3,D,0.76,0.6900000000000001,0.0,0.03,0.21,0.76,389,1.6338000000000002e-05,1,3
8592,0,0123,D,3,D,0.8200000000000001,0.77,0.01,0.15,0.02,0.8200000000000001,389,1.6338000000000002e-05,1,3
8592,1,0132,C,2,C,0.65,0.53,0.01,0.33,0.65,0.01,389,1.6338000000000002e-05,1,3
8592,6,1023,D,3,D,0.79,0.73,0.18,0.01,0.02,0.79,389,1.6338000000000002e-05,1,3
8592,5,0321,B,1,B,0.85,0.81,0.01,0.85,0.01,0.13,389,1.6338000000000002e-05,1,3
8592,4,0312,B,1,B,0.75,0.67,0.01,0.75,0.23,0.01,389,1.6338000000000002e-05,1,3
8592,7,1032,C,2,C,0.64,0.52,0.34,0.01,0.64,0.01,389,1.6338000000000002e-05,1,3
8592,9,1230,C,2,C,0.78,0.7000000000000001,0.18,0.03,0.78,0.01,389,1.6338000000000002e-05,1,3
8592,8,1203,D,3,D,0.8,0.72,0.17,0.03,0.0,0.8,389,1.6338000000000002e-05,1,3
8592,11,1320,B,1,B,0.73,0.64,0.26,0.73,0.01,0.0,389,1.6338000000000002e-05,1,3
8592,10,1302,B,1,B,0.79,0.73,0.19,0.79,0.01,0.01,389,1.6338000000000002e-05,1,3
8592,12,2013,D,3,D,0.76,0.67,0.02,0.0,0.22,0.76,389,1.6338000000000002e-05,1,3
8592,13,2031,C,2,C,0.91,0.87,0.01,0.0,0.91,0.08,389,1.6338000000000002e-05,1,3
8592,14,2103,D,3,D,0.71,0.62,0.04,0.24,0.01,0.71,389,1.6338000000000002e-05,1,3
8592,15,2130,C,2,C,0.78,0.71,0.03,0.18,0.78,0.01,389,1.6338000000000002e-05,1,3
8592,16,2301,B,1,B,0.88,0.8300000000000001,0.02,0.88,0.0,0.1,389,1.6338000000000002e-05,1,3
8592,17,2310,B,1,B,0.86,0.81,0.03,0.86,0.11,0.0,389,1.6338000000000002e-05,1,3
8592,18,3012,A,0,A,0.62,0.49,0.62,0.01,0.36,0.01,389,1.6338000000000002e-05,1,3
8592,20,3102,A,0,A,0.52,0.36,0.52,0.46,0.01,0.01,389,1.6338000000000002e-05,1,3
8592,21,3120,A,0,A,0.56,0.41000000000000003,0.56,0.42,0.01,0.01,389,1.6338000000000002e-05,1,3
8592,19,3021,A,0,A,0.71,0.61,0.71,0.01,0.01,0.27,389,1.6338000000000002e-05,1,3
8592,22,3201,A,0,A,0.78,0.71,0.78,0.02,0.01,0.19,389,1.6338000000000002e-05,1,3
8592,23,3210,A,0,A,0.67,0.55,0.67,0.02,0.30000000000000004,0.01,389,1.6338000000000002e-05,1,3
5266,0,0123,D,3,D,1.0,1.0,0.0,0.0,0.0,1.0,378,1.5876000000000002e-05,1,3
5266,2,0213,D,3,D,1.0,1.0,0.0,0.0,0.0,1.0,378,1.5876000000000002e-05,1,3
5266,1,0132,C,2,C,1.0,1.0,0.0,0.0,1.0,0.0,378,1.5876000000000002e-05,1,3
5266,3,0231,C,2,C,1.0,1.0,0.0,0.0,1.0,0.0,378,1.5876000000000002e-05,1,3
5266,4,0312,B,1,B,1.0,1.0,0.0,1.0,0.0,0.0,378,1.5876000000000002e-05,1,3
5266,6,1023,D,3,D,1.0,1.0,0.0,0.0,0.0,1.0,378,1.5876000000000002e-05,1,3
5266,5,0321,B,1,B,1.0,0.99,0.0,1.0,0.0,0.0,378,1.5876000000000002e-05,1,3
5266,9,1230,C,2,C,1.0,1.0,0.0,0.0,1.0,0.0,378,1.5876000000000002e-05,1,3
5266,10,1302,B,1,B,1.0,0.99,0.0,1.0,0.0,0.0,378,1.5876000000000002e-05,1,3
5266,7,1032,C,2,C,1.0,0.99,0.0,0.0,1.0,0.0,378,1.5876000000000002e-05,1,3
5266,11,1320,B,1,B,1.0,1.0,0.0,1.0,0.0,0.0,378,1.5876000000000002e-05,1,3
5266,8,1203,D,3,D,1.0,1.0,0.0,0.0,0.0,1.0,378,1.5876000000000002e-05,1,3
5266,12,2013,D,3,D,1.0,0.99,0.0,0.0,0.0,1.0,378,1.5876000000000002e-05,1,3
5266,13,2031,C,2,C,1.0,1.0,0.0,0.0,1.0,0.0,378,1.5876000000000002e-05,1,3
5266,14,2103,D,3,D,1.0,1.0,0.0,0.0,0.0,1.0,378,1.5876000000000002e-05,1,3
5266,17,2310,B,1,B,1.0,1.0,0.0,1.0,0.0,0.0,378,1.5876000000000002e-05,1,3
5266,15,2130,C,2,C,1.0,0.99,0.0,0.0,1.0,0.0,378,1.5876000000000002e-05,1,3
5266,16,2301,B,1,B,1.0,0.99,0.0,1.0,0.0,0.0,378,1.5876000000000002e-05,1,3
5266,18,3012,A,0,A,0.99,0.99,0.99,0.0,0.01,0.0,378,1.5876000000000002e-05,1,3
5266,19,3021,A,0,A,1.0,0.99,1.0,0.0,0.0,0.0,378,1.5876000000000002e-05,1,3
5266,20,3102,A,0,A,1.0,0.99,1.0,0.0,0.0,0.0,378,1.5876000000000002e-05,1,3
5266,21,3120,A,0,A,1.0,1.0,1.0,0.0,0.0,0.0,378,1.5876000000000002e-05,1,3
5266,22,3201,A,0,A,1.0,0.99,1.0,0.0,0.0,0.0,378,1.5876000000000002e-05,1,3
5350,0,0123,D,3,D,0.98,0.98,0.0,0.0,0.02,0.98,368,1.5456e-05,1,3
5266,23,3210,A,0,A,1.0,1.0,1.0,0.0,0.0,0.0,378,1.5876000000000002e-05,1,3
5350,1,0132,C,2,C,0.99,0.99,0.0,0.0,0.99,0.01,368,1.5456e-05,1,3
5350,2,0213,D,3,D,0.99,0.99,0.0,0.01,0.0,0.99,368,1.5456e-05,1,3
5350,3,0231,C,2,C,0.99,0.98,0.0,0.01,0.99,0.0,368,1.5456e-05,1,3
5350,4,0312,B,1,B,0.98,0.97,0.0,0.98,0.0,0.02,368,1.5456e-05,1,3
5350,5,0321,B,1,B,0.98,0.98,0.0,0.98,0.02,0.0,368,1.5456e-05,1,3
5350,6,1023,D,3,D,0.99,0.98,0.0,0.0,0.01,0.99,368,1.5456e-05,1,3
5350,8,1203,D,3,D,0.98,0.97,0.0,0.02,0.0,0.98,368,1.5456e-05,1,3
5350,9,1230,C,2,C,0.98,0.97,0.0,0.02,0.98,0.0,368,1.5456e-05,1,3
5350,7,1032,C,2,C,0.99,0.99,0.0,0.0,0.99,0.01,368,1.5456e-05,1,3
5350,11,1320,B,1,B,0.99,0.99,0.0,0.99,0.01,0.0,368,1.5456e-05,1,3
5350,10,1302,B,1,B,1.0,0.99,0.0,1.0,0.0,0.0,368,1.5456e-05,1,3
5350,14,2103,D,3,D,0.9500000000000001,0.93,0.05,0.0,0.0,0.9500000000000001,368,1.5456e-05,1,3
5350,12,2013,D,3,D,0.96,0.9500000000000001,0.04,0.0,0.0,0.96,368,1.5456e-05,1,3
5350,15,2130,C,2,C,0.97,0.96,0.03,0.0,0.97,0.0,368,1.5456e-05,1,3
5350,13,2031,C,2,C,0.91,0.88,0.09,0.0,0.91,0.0,368,1.5456e-05,1,3
5350,16,2301,B,1,B,0.9500000000000001,0.93,0.05,0.9500000000000001,0.0,0.0,368,1.5456e-05,1,3
5350,18,3012,A,0,A,0.99,0.99,0.99,0.0,0.0,0.01,368,1.5456e-05,1,3
5350,17,2310,B,1,B,0.9500000000000001,0.93,0.05,0.9500000000000001,0.0,0.0,368,1.5456e-05,1,3
5350,19,3021,A,0,A,0.99,0.98,0.99,0.0,0.01,0.0,368,1.5456e-05,1,3
5350,20,3102,A,0,A,0.99,0.99,0.99,0.0,0.0,0.01,368,1.5456e-05,1,3
5350,21,3120,A,0,A,0.99,0.98,0.99,0.0,0.01,0.0,368,1.5456e-05,1,3
5350,23,3210,A,0,A,0.98,0.97,0.98,0.02,0.0,0.0,368,1.5456e-05,1,3
5350,22,3201,A,0,A,0.98,0.97,0.98,0.02,0.0,0.0,368,1.5456e-05,1,3
7246,1,0132,D,3,D,1.0,0.99,0.0,0.0,0.0,1.0,366,1.5372e-05,1,2
7246,2,0213,B,1,B,1.0,0.98,0.0,1.0,0.0,0.0,366,1.5372e-05,1,2
7246,0,0123,C,2,C,0.99,0.99,0.0,0.0,0.99,0.01,366,1.5372e-05,1,2
7246,3,0231,B,1,B,0.99,0.98,0.0,0.99,0.01,0.0,366,1.5372e-05,1,2
7246,4,0312,D,3,D,0.98,0.98,0.01,0.01,0.0,0.98,366,1.5372e-05,1,2
7246,5,0321,C,2,C,0.98,0.97,0.0,0.02,0.98,0.0,366,1.5372e-05,1,2
7246,6,1023,C,2,C,1.0,0.99,0.0,0.0,1.0,0.0,366,1.5372e-05,1,2
7246,7,1032,D,3,D,1.0,0.99,0.0,0.0,0.0,1.0,366,1.5372e-05,1,2
7246,8,1203,B,1,B,1.0,0.99,0.0,1.0,0.0,0.0,366,1.5372e-05,1,2
7246,9,1230,B,1,B,1.0,0.99,0.0,1.0,0.0,0.0,366,1.5372e-05,1,2
7246,11,1320,C,2,C,1.0,0.99,0.0,0.0,1.0,0.0,366,1.5372e-05,1,2
7246,13,2031,A,0,A,0.98,0.98,0.98,0.01,0.01,0.0,366,1.5372e-05,1,2
7246,10,1302,D,3,D,1.0,0.99,0.0,0.0,0.0,1.0,366,1.5372e-05,1,2
7246,14,2103,A,0,A,1.0,0.99,1.0,0.0,0.0,0.0,366,1.5372e-05,1,2
7246,15,2130,A,0,A,0.99,0.98,0.99,0.0,0.0,0.01,366,1.5372e-05,1,2
7246,16,2301,A,0,A,0.99,0.98,0.99,0.01,0.0,0.0,366,1.5372e-05,1,2
7246,17,2310,A,0,A,0.98,0.98,0.98,0.01,0.0,0.01,366,1.5372e-05,1,2
7246,18,3012,D,3,D,0.99,0.98,0.01,0.0,0.0,0.99,366,1.5372e-05,1,2
7246,19,3021,C,2,C,0.98,0.97,0.02,0.0,0.98,0.0,366,1.5372e-05,1,2
7246,21,3120,C,2,C,0.99,0.98,0.01,0.0,0.99,0.0,366,1.5372e-05,1,2
7246,22,3201,B,1,B,0.99,0.98,0.01,0.99,0.0,0.0,366,1.5372e-05,1,2
7246,23,3210,B,1,B,0.99,0.98,0.01,0.99,0.0,0.0,366,1.5372e-05,1,2
7246,20,3102,D,3,D,0.99,0.98,0.01,0.0,0.0,0.99,366,1.5372e-05,1,2
9470,1,0132,B,1,C,0.87,0.8300000000000001,0.0,0.09,0.87,0.04,390,1.638e-05,0,3
9470,0,0123,B,1,D,0.87,0.8300000000000001,0.0,0.08,0.05,0.87,390,1.638e-05,0,3
9470,3,0231,D,3,C,0.89,0.85,0.0,0.06,0.89,0.05,390,1.638e-05,0,3
9470,4,0312,C,2,B,0.93,0.9,0.0,0.93,0.05,0.02,390,1.638e-05,0,3
9470,2,0213,C,2,D,0.89,0.85,0.0,0.05,0.06,0.89,390,1.638e-05,0,3
9470,7,1032,A,0,C,0.9400000000000001,0.91,0.03,0.0,0.9400000000000001,0.03,390,1.638e-05,0,3
9470,6,1023,A,0,D,0.88,0.84,0.04,0.0,0.08,0.88,390,1.638e-05,0,3
9470,5,0321,D,3,B,0.9,0.86,0.0,0.9,0.04,0.06,390,1.638e-05,0,3
9470,9,1230,A,0,C,0.85,0.8,0.06,0.09,0.85,0.0,390,1.638e-05,0,3
9470,8,1203,A,0,D,0.9,0.87,0.04,0.06,0.0,0.9,390,1.638e-05,0,3
9470,11,1320,A,0,B,0.86,0.81,0.06,0.86,0.08,0.0,390,1.638e-05,0,3
9470,10,1302,A,0,B,0.88,0.8300000000000001,0.06,0.88,0.0,0.06,390,1.638e-05,0,3
7246,12,2013,A,0,A,0.98,0.97,0.98,0.01,0.01,0.0,366,1.5372e-05,1,2
9470,12,2013,C,2,D,0.87,0.8300000000000001,0.06,0.0,0.07,0.87,390,1.638e-05,0,3
9470,13,2031,D,3,C,0.89,0.85,0.06,0.0,0.89,0.05,390,1.638e-05,0,3
9470,15,2130,B,1,C,0.8300000000000001,0.77,0.08,0.09,0.8300000000000001,0.0,390,1.638e-05,0,3
9470,14,2103,B,1,D,0.87,0.8300000000000001,0.07,0.06,0.0,0.87,390,1.638e-05,0,3
9470,16,2301,D,3,B,0.8300000000000001,0.77,0.09,0.8300000000000001,0.0,0.08,390,1.638e-05,0,3
9470,18,3012,C,2,A,0.9,0.87,0.9,0.0,0.07,0.03,390,1.638e-05,0,3
9470,17,2310,C,2,B,0.86,0.81,0.06,0.86,0.08,0.0,390,1.638e-05,0,3
9470,19,3021,D,3,A,0.88,0.84,0.88,0.0,0.06,0.06,390,1.638e-05,0,3
9470,21,3120,B,1,A,0.87,0.8200000000000001,0.87,0.1,0.03,0.0,390,1.638e-05,0,3
9470,20,3102,B,1,A,0.89,0.86,0.89,0.08,0.0,0.03,390,1.638e-05,0,3
9470,22,3201,D,3,A,0.87,0.8300000000000001,0.87,0.08,0.0,0.05,390,1.638e-05,0,3
2323,0,0123,B,1,B,0.99,0.98,0.01,0.99,0.0,0.0,410,1.722e-05,1,1
2323,1,0132,B,1,B,0.99,0.98,0.01,0.99,0.0,0.0,410,1.722e-05,1,1
2323,2,0213,C,2,C,0.98,0.97,0.02,0.0,0.98,0.0,410,1.722e-05,1,1
9470,23,3210,C,2,A,0.88,0.8300000000000001,0.88,0.06,0.06,0.0,390,1.638e-05,0,3
2323,3,0231,D,3,D,0.99,0.99,0.01,0.0,0.0,0.99,410,1.722e-05,1,1
2323,5,0321,D,3,D,0.99,0.99,0.01,0.0,0.0,0.99,410,1.722e-05,1,1
2323,4,0312,C,2,C,0.99,0.99,0.01,0.0,0.99,0.0,410,1.722e-05,1,1
2323,6,1023,A,0,A,1.0,1.0,1.0,0.0,0.0,0.0,410,1.722e-05,1,1
2323,7,1032,A,0,A,1.0,1.0,1.0,0.0,0.0,0.0,410,1.722e-05,1,1
2323,10,1302,A,0,A,1.0,1.0,1.0,0.0,0.0,0.0,410,1.722e-05,1,1
2323,8,1203,A,0,A,1.0,1.0,1.0,0.0,0.0,0.0,410,1.722e-05,1,1
2323,9,1230,A,0,A,1.0,1.0,1.0,0.0,0.0,0.0,410,1.722e-05,1,1
2323,11,1320,A,0,A,1.0,0.99,1.0,0.0,0.0,0.0,410,1.722e-05,1,1
2323,12,2013,C,2,C,0.97,0.96,0.0,0.03,0.97,0.0,410,1.722e-05,1,1
2323,13,2031,D,3,D,0.98,0.98,0.0,0.02,0.0,0.98,410,1.722e-05,1,1
2323,14,2103,B,1,B,1.0,0.99,0.0,1.0,0.0,0.0,410,1.722e-05,1,1
2323,15,2130,B,1,B,0.99,0.99,0.0,0.99,0.0,0.01,410,1.722e-05,1,1
2323,16,2301,D,3,D,0.97,0.96,0.0,0.0,0.03,0.97,410,1.722e-05,1,1
2323,18,3012,C,2,C,0.98,0.98,0.0,0.02,0.98,0.0,410,1.722e-05,1,1
2323,17,2310,C,2,C,1.0,1.0,0.0,0.0,1.0,0.0,410,1.722e-05,1,1
2323,19,3021,D,3,D,0.98,0.97,0.0,0.02,0.0,0.98,410,1.722e-05,1,1
2323,21,3120,B,1,B,0.99,0.99,0.0,0.99,0.0,0.01,410,1.722e-05,1,1
2323,22,3201,D,3,D,0.98,0.97,0.0,0.0,0.02,0.98,410,1.722e-05,1,1
2323,20,3102,B,1,B,1.0,1.0,0.0,1.0,0.0,0.0,410,1.722e-05,1,1
2323,23,3210,C,2,C,1.0,0.99,0.0,0.0,1.0,0.0,410,1.722e-05,1,1
2356,1,0132,D,3,D,0.97,0.98,0.01,0.01,0.01,0.97,369,1.5498000000000003e-05,1,2
2356,0,0123,C,2,C,1.0,0.99,0.0,0.0,1.0,0.0,369,1.5498000000000003e-05,1,2
2356,2,0213,B,1,B,0.97,0.97,0.01,0.97,0.01,0.01,369,1.5498000000000003e-05,1,2
2356,3,0231,B,1,B,0.97,0.96,0.01,0.97,0.01,0.01,369,1.5498000000000003e-05,1,2
2356,4,0312,D,3,D,0.99,0.98,0.01,0.0,0.0,0.99,369,1.5498000000000003e-05,1,2
2356,6,1023,C,2,C,0.97,0.9500000000000001,0.03,0.0,0.97,0.0,369,1.5498000000000003e-05,1,2
2356,7,1032,D,3,D,0.97,0.96,0.02,0.0,0.01,0.97,369,1.5498000000000003e-05,1,2
2356,5,0321,C,2,C,0.97,0.97,0.01,0.01,0.97,0.01,369,1.5498000000000003e-05,1,2
2356,9,1230,B,1,B,0.98,0.97,0.02,0.98,0.0,0.0,369,1.5498000000000003e-05,1,2
2356,8,1203,B,1,B,0.97,0.9500000000000001,0.03,0.97,0.0,0.0,369,1.5498000000000003e-05,1,2
2356,12,2013,A,0,A,1.0,0.98,1.0,0.0,0.0,0.0,369,1.5498000000000003e-05,1,2
2356,10,1302,D,3,D,0.96,0.9500000000000001,0.03,0.01,0.0,0.96,369,1.5498000000000003e-05,1,2
2356,11,1320,C,2,C,0.98,0.96,0.02,0.0,0.98,0.0,369,1.5498000000000003e-05,1,2
2356,13,2031,A,0,A,0.99,0.98,0.99,0.0,0.0,0.01,369,1.5498000000000003e-05,1,2
2356,15,2130,A,0,A,0.9500000000000001,0.93,0.9500000000000001,0.05,0.0,0.0,369,1.5498000000000003e-05,1,2
2356,16,2301,A,0,A,0.99,0.98,0.99,0.0,0.0,0.01,369,1.5498000000000003e-05,1,2
2356,17,2310,A,0,A,0.98,0.97,0.98,0.0,0.02,0.0,369,1.5498000000000003e-05,1,2
2356,14,2103,A,0,A,0.929999999999999,0.91,0.929999999999999,0.06,0.0,0.01,369,1.5498000000000003e-05,1,2
2356,18,3012,D,3,D,0.99,0.99,0.01,0.0,0.0,0.99,369,1.5498000000000003e-05,1,2
2356,20,3102,D,3,D,0.97,0.96,0.01,0.02,0.0,0.97,369,1.5498000000000003e-05,1,2
2356,19,3021,C,2,C,0.98,0.97,0.01,0.0,0.98,0.01,369,1.5498000000000003e-05,1,2
2356,21,3120,C,2,C,0.99,0.97,0.0,0.01,0.99,0.0,369,1.5498000000000003e-05,1,2
2356,23,3210,B,1,B,0.98,0.98,0.01,0.98,0.01,0.0,369,1.5498000000000003e-05,1,2
2356,22,3201,B,1,B,0.99,0.98,0.01,0.99,0.0,0.0,369,1.5498000000000003e-05,1,2
1241,0,0123,B,1,C,0.45,0.26,0.13,0.4,0.45,0.02,399,1.6758000000000005e-05,0,2
1241,1,0132,B,1,D,0.43,0.24,0.17,0.38,0.02,0.43,399,1.6758000000000005e-05,0,2
1241,5,0321,D,3,C,0.55,0.39,0.13,0.04,0.55,0.28,399,1.6758000000000005e-05,0,2
1241,4,0312,C,2,D,0.45,0.25,0.14,0.05,0.36,0.45,399,1.6758000000000005e-05,0,2
1241,3,0231,D,3,B,0.559999999999999,0.43,0.1,0.559999999999999,0.02,0.32,399,1.6758000000000005e-05,0,2
1241,2,0213,C,2,C,0.48,0.31,0.11,0.39,0.48,0.02,399,1.6758000000000005e-05,1,1
1241,6,1023,A,0,C,0.45,0.26,0.45,0.08,0.45,0.02,399,1.6758000000000005e-05,0,2
1241,7,1032,A,0,D,0.48,0.30000000000000004,0.4,0.09,0.03,0.48,399,1.6758000000000005e-05,0,2
1241,8,1203,A,0,B,0.51,0.34,0.39,0.51,0.08,0.02,399,1.6758000000000005e-05,0,2
1241,11,1320,A,0,C,0.53,0.37,0.30000000000000004,0.06,0.53,0.11,399,1.6758000000000005e-05,0,2
1241,12,2013,C,2,A,0.52,0.38,0.52,0.1,0.36,0.02,399,1.6758000000000005e-05,0,2
1241,10,1302,A,0,A,0.46,0.28,0.46,0.07,0.07,0.4,399,1.6758000000000005e-05,1,1
1241,9,1230,A,0,B,0.49,0.32,0.39,0.49,0.03,0.09,399,1.6758000000000005e-05,0,2
1241,13,2031,D,3,A,0.62,0.48,0.62,0.09,0.01,0.28,399,1.6758000000000005e-05,0,2
1241,15,2130,B,1,A,0.47000000000000003,0.29,0.47000000000000003,0.44,0.02,0.07,399,1.6758000000000005e-05,0,2
1241,14,2103,B,1,A,0.47000000000000003,0.30000000000000004,0.47000000000000003,0.45,0.06,0.02,399,1.6758000000000005e-05,0,2
1241,16,2301,D,3,A,0.64,0.52,0.64,0.03,0.07,0.26,399,1.6758000000000005e-05,0,2
1241,17,2310,C,2,A,0.6000000000000001,0.45,0.6000000000000001,0.02,0.32,0.06,399,1.6758000000000005e-05,0,2
1241,19,3021,D,3,C,0.43,0.25,0.07,0.1,0.43,0.4,399,1.6758000000000005e-05,0,2
1241,20,3102,B,1,D,0.46,0.27,0.09,0.35000000000000003,0.1,0.46,399,1.6758000000000005e-05,0,2
1241,18,3012,C,2,C,0.45,0.26,0.07,0.1,0.45,0.38,399,1.6758000000000005e-05,1,1
1241,21,3120,B,1,C,0.46,0.29,0.07,0.31,0.46,0.16,399,1.6758000000000005e-05,0,2
1241,23,3210,C,2,C,0.41000000000000003,0.21,0.07,0.4,0.41000000000000003,0.12,399,1.6758000000000005e-05,1,1
6683,0,0123,B,1,B,0.6000000000000001,0.46,0.0,0.6000000000000001,0.0,0.4,378,1.5876000000000002e-05,1,1
1241,22,3201,D,3,D,0.41000000000000003,0.22,0.07,0.41000000000000003,0.11,0.41000000000000003,399,1.6758000000000005e-05,1,1
6683,2,0213,C,2,C,0.65,0.53,0.0,0.0,0.65,0.35000000000000003,378,1.5876000000000002e-05,1,1
6683,3,0231,D,3,D,0.87,0.8300000000000001,0.0,0.0,0.13,0.87,378,1.5876000000000002e-05,1,1
6683,1,0132,B,1,B,0.74,0.66,0.0,0.74,0.25,0.01,378,1.5876000000000002e-05,1,1
6683,5,0321,D,3,D,0.86,0.8,0.0,0.14,0.0,0.86,378,1.5876000000000002e-05,1,1
6683,4,0312,C,2,C,0.73,0.64,0.0,0.27,0.73,0.0,378,1.5876000000000002e-05,1,1
6683,6,1023,A,0,A,0.62,0.5,0.62,0.0,0.01,0.37,378,1.5876000000000002e-05,1,1
6683,7,1032,A,0,A,0.71,0.61,0.71,0.0,0.28,0.01,378,1.5876000000000002e-05,1,1
6683,10,1302,A,0,A,0.73,0.64,0.73,0.26,0.0,0.01,378,1.5876000000000002e-05,1,1
6683,8,1203,A,0,A,0.61,0.47000000000000003,0.61,0.0,0.0,0.39,378,1.5876000000000002e-05,1,1
6683,11,1320,A,0,A,0.74,0.66,0.74,0.25,0.01,0.0,378,1.5876000000000002e-05,1,1
6683,12,2013,C,2,C,0.62,0.49,0.0,0.0,0.62,0.38,378,1.5876000000000002e-05,1,1
6683,9,1230,A,0,A,0.72,0.62,0.72,0.0,0.28,0.0,378,1.5876000000000002e-05,1,1
6683,13,2031,D,3,D,0.8200000000000001,0.76,0.0,0.0,0.18,0.8200000000000001,378,1.5876000000000002e-05,1,1
6683,15,2130,B,1,B,0.8200000000000001,0.76,0.0,0.8200000000000001,0.18,0.0,378,1.5876000000000002e-05,1,1
6683,14,2103,B,1,B,0.71,0.61,0.01,0.71,0.0,0.28,378,1.5876000000000002e-05,1,1
6683,16,2301,D,3,D,0.87,0.8200000000000001,0.0,0.13,0.0,0.87,378,1.5876000000000002e-05,1,1
6683,18,3012,C,2,C,0.8300000000000001,0.77,0.17,0.0,0.8300000000000001,0.0,378,1.5876000000000002e-05,1,1
6683,17,2310,C,2,C,0.81,0.74,0.0,0.19,0.81,0.0,378,1.5876000000000002e-05,1,1
6683,19,3021,D,3,D,0.86,0.81,0.14,0.0,0.0,0.86,378,1.5876000000000002e-05,1,1
6683,21,3120,B,1,B,0.9,0.86,0.1,0.9,0.0,0.0,378,1.5876000000000002e-05,1,1
6683,20,3102,B,1,B,0.89,0.85,0.11,0.89,0.0,0.0,378,1.5876000000000002e-05,1,1
6683,22,3201,D,3,D,0.91,0.87,0.09,0.0,0.0,0.91,378,1.5876000000000002e-05,1,1
6683,23,3210,C,2,C,0.8300000000000001,0.78,0.17,0.0,0.8300000000000001,0.0,378,1.5876000000000002e-05,1,1
5334,1,0132,B,1,B,0.99,0.99,0.0,0.99,0.0,0.01,383,1.6086e-05,1,1
5334,2,0213,C,2,C,0.99,0.99,0.0,0.01,0.99,0.0,383,1.6086e-05,1,1
5334,0,0123,B,1,B,1.0,0.99,0.0,1.0,0.0,0.0,383,1.6086e-05,1,1
5334,4,0312,C,2,C,1.0,1.0,0.0,0.0,1.0,0.0,383,1.6086e-05,1,1
5334,3,0231,D,3,D,0.99,0.99,0.0,0.01,0.0,0.99,383,1.6086e-05,1,1
5334,5,0321,D,3,D,0.99,0.99,0.0,0.0,0.01,0.99,383,1.6086e-05,1,1
5334,6,1023,A,0,A,1.0,1.0,1.0,0.0,0.0,0.0,383,1.6086e-05,1,1
5334,7,1032,A,0,A,1.0,1.0,1.0,0.0,0.0,0.0,383,1.6086e-05,1,1
5334,8,1203,A,0,A,1.0,1.0,1.0,0.0,0.0,0.0,383,1.6086e-05,1,1
5334,9,1230,A,0,A,1.0,1.0,1.0,0.0,0.0,0.0,383,1.6086e-05,1,1
5334,11,1320,A,0,A,1.0,1.0,1.0,0.0,0.0,0.0,383,1.6086e-05,1,1
5334,10,1302,A,0,A,1.0,1.0,1.0,0.0,0.0,0.0,383,1.6086e-05,1,1
5334,12,2013,C,2,C,0.98,0.98,0.02,0.0,0.98,0.0,383,1.6086e-05,1,1
5334,13,2031,D,3,D,0.99,0.99,0.01,0.0,0.0,0.99,383,1.6086e-05,1,1
5334,15,2130,B,1,B,0.99,0.98,0.01,0.99,0.0,0.0,383,1.6086e-05,1,1
5334,14,2103,B,1,B,0.98,0.97,0.02,0.98,0.0,0.0,383,1.6086e-05,1,1
5334,16,2301,D,3,D,0.98,0.97,0.02,0.0,0.0,0.98,383,1.6086e-05,1,1
5334,17,2310,C,2,C,0.99,0.99,0.01,0.0,0.99,0.0,383,1.6086e-05,1,1
5334,18,3012,C,2,C,1.0,0.99,0.0,0.0,1.0,0.0,383,1.6086e-05,1,1
5334,19,3021,D,3,D,0.99,0.99,0.0,0.0,0.01,0.99,383,1.6086e-05,1,1
5334,21,3120,B,1,B,1.0,1.0,0.0,1.0,0.0,0.0,383,1.6086e-05,1,1
5334,22,3201,D,3,D,0.99,0.98,0.0,0.01,0.0,0.99,383,1.6086e-05,1,1
5334,20,3102,B,1,B,0.99,0.99,0.0,0.99,0.0,0.01,383,1.6086e-05,1,1
5334,23,3210,C,2,C,0.99,0.99,0.0,0.01,0.99,0.0,383,1.6086e-05,1,1
9933,0,0123,D,3,B,1.0,1.0,0.0,1.0,0.0,0.0,408,1.7136e-05,0,1
9933,2,0213,D,3,C,1.0,1.0,0.0,0.0,1.0,0.0,408,1.7136e-05,0,1
9933,1,0132,C,2,B,1.0,1.0,0.0,1.0,0.0,0.0,408,1.7136e-05,0,1
9933,4,0312,B,1,C,1.0,1.0,0.0,0.0,1.0,0.0,408,1.7136e-05,0,1
9933,5,0321,B,1,D,1.0,1.0,0.0,0.0,0.0,1.0,408,1.7136e-05,0,1
9933,3,0231,C,2,D,1.0,1.0,0.0,0.0,0.0,1.0,408,1.7136e-05,0,1
9933,8,1203,D,3,A,1.0,1.0,1.0,0.0,0.0,0.0,408,1.7136e-05,0,1
9933,7,1032,C,2,A,1.0,1.0,1.0,0.0,0.0,0.0,408,1.7136e-05,0,1
9933,9,1230,C,2,A,1.0,1.0,1.0,0.0,0.0,0.0,408,1.7136e-05,0,1
9933,10,1302,B,1,A,1.0,1.0,1.0,0.0,0.0,0.0,408,1.7136e-05,0,1
9933,6,1023,D,3,A,1.0,1.0,1.0,0.0,0.0,0.0,408,1.7136e-05,0,1
9933,11,1320,B,1,A,1.0,1.0,1.0,0.0,0.0,0.0,408,1.7136e-05,0,1
9933,13,2031,C,2,D,1.0,1.0,0.0,0.0,0.0,1.0,408,1.7136e-05,0,1
9933,14,2103,D,3,B,1.0,1.0,0.0,1.0,0.0,0.0,408,1.7136e-05,0,1
9933,12,2013,D,3,C,1.0,1.0,0.0,0.0,1.0,0.0,408,1.7136e-05,0,1
9933,16,2301,B,1,D,1.0,1.0,0.0,0.0,0.0,1.0,408,1.7136e-05,0,1
9933,18,3012,A,0,C,1.0,1.0,0.0,0.0,1.0,0.0,408,1.7136e-05,0,1
9933,15,2130,C,2,B,1.0,1.0,0.0,1.0,0.0,0.0,408,1.7136e-05,0,1
9933,20,3102,A,0,B,1.0,1.0,0.0,1.0,0.0,0.0,408,1.7136e-05,0,1
9933,19,3021,A,0,D,1.0,1.0,0.0,0.0,0.0,1.0,408,1.7136e-05,0,1
9933,17,2310,B,1,C,1.0,1.0,0.0,0.0,1.0,0.0,408,1.7136e-05,0,1
9933,21,3120,A,0,B,1.0,1.0,0.0,1.0,0.0,0.0,408,1.7136e-05,0,1
9933,22,3201,A,0,D,1.0,1.0,0.0,0.0,0.0,1.0,408,1.7136e-05,0,1
9933,23,3210,A,0,C,1.0,1.0,0.0,0.0,1.0,0.0,408,1.7136e-05,0,1
436,0,0123,A,0,A,0.99,0.98,0.99,0.0,0.01,0.0,380,1.5960000000000003e-05,1,0
436,1,0132,A,0,A,0.99,0.98,0.99,0.0,0.0,0.01,380,1.5960000000000003e-05,1,0
436,3,0231,A,0,A,0.96,0.9500000000000001,0.96,0.04,0.0,0.0,380,1.5960000000000003e-05,1,0
436,2,0213,A,0,A,0.97,0.96,0.97,0.03,0.0,0.0,380,1.5960000000000003e-05,1,0
436,4,0312,A,0,A,0.99,0.99,0.99,0.0,0.0,0.01,380,1.5960000000000003e-05,1,0
436,5,0321,A,0,A,0.98,0.97,0.98,0.0,0.02,0.0,380,1.5960000000000003e-05,1,0
436,6,1023,B,1,B,0.98,0.97,0.0,0.98,0.02,0.0,380,1.5960000000000003e-05,1,0
436,7,1032,B,1,B,0.99,0.98,0.0,0.99,0.0,0.01,380,1.5960000000000003e-05,1,0
436,9,1230,D,3,D,0.99,0.99,0.0,0.01,0.0,0.99,380,1.5960000000000003e-05,1,0
436,10,1302,C,2,C,0.99,0.98,0.0,0.0,0.99,0.01,380,1.5960000000000003e-05,1,0
436,8,1203,C,2,C,0.99,0.98,0.0,0.01,0.99,0.0,380,1.5960000000000003e-05,1,0
436,11,1320,D,3,D,0.99,0.99,0.0,0.0,0.01,0.99,380,1.5960000000000003e-05,1,0
436,12,2013,B,1,B,0.98,0.97,0.02,0.98,0.0,0.0,380,1.5960000000000003e-05,1,0
436,13,2031,B,1,B,0.98,0.98,0.02,0.98,0.0,0.0,380,1.5960000000000003e-05,1,0
436,14,2103,C,2,C,0.98,0.97,0.02,0.0,0.98,0.0,380,1.5960000000000003e-05,1,0
436,15,2130,D,3,D,0.98,0.97,0.02,0.0,0.0,0.98,380,1.5960000000000003e-05,1,0
436,18,3012,B,1,B,0.99,0.98,0.0,0.99,0.0,0.01,380,1.5960000000000003e-05,1,0
436,16,2301,C,2,C,0.97,0.9500000000000001,0.03,0.0,0.97,0.0,380,1.5960000000000003e-05,1,0
436,17,2310,D,3,D,0.98,0.97,0.02,0.0,0.0,0.98,380,1.5960000000000003e-05,1,0
436,20,3102,C,2,C,0.99,0.98,0.0,0.0,0.99,0.01,380,1.5960000000000003e-05,1,0
436,19,3021,B,1,B,0.98,0.97,0.0,0.98,0.02,0.0,380,1.5960000000000003e-05,1,0
436,23,3210,D,3,D,0.99,0.99,0.0,0.01,0.0,0.99,380,1.5960000000000003e-05,1,0
436,22,3201,C,2,C,0.98,0.97,0.0,0.02,0.98,0.0,380,1.5960000000000003e-05,1,0
436,21,3120,D,3,D,0.99,0.98,0.0,0.0,0.01,0.99,380,1.5960000000000003e-05,1,0
659,0,0123,D,3,D,0.97,0.96,0.02,0.01,0.0,0.97,393,1.6506e-05,1,3
659,2,0213,D,3,D,0.9500000000000001,0.93,0.02,0.0,0.03,0.9500000000000001,393,1.6506e-05,1,3
659,1,0132,C,2,C,0.96,0.9500000000000001,0.02,0.02,0.96,0.0,393,1.6506e-05,1,3
659,4,0312,B,1,B,0.97,0.96,0.03,0.97,0.0,0.0,393,1.6506e-05,1,3
659,3,0231,C,2,C,0.97,0.97,0.02,0.0,0.97,0.01,393,1.6506e-05,1,3
659,5,0321,B,1,B,0.97,0.96,0.02,0.97,0.0,0.01,393,1.6506e-05,1,3
659,6,1023,D,3,D,0.92,0.89,0.02,0.06,0.0,0.92,393,1.6506e-05,1,3
659,7,1032,C,2,C,0.9,0.88,0.03,0.07,0.9,0.0,393,1.6506e-05,1,3
659,10,1302,B,1,B,0.9400000000000001,0.93,0.02,0.9400000000000001,0.04,0.0,393,1.6506e-05,1,3
659,11,1320,B,1,B,0.97,0.9500000000000001,0.02,0.97,0.0,0.01,393,1.6506e-05,1,3
659,12,2013,D,3,D,0.96,0.9500000000000001,0.01,0.01,0.02,0.96,393,1.6506e-05,1,3
659,8,1203,D,3,D,0.96,0.9500000000000001,0.02,0.0,0.02,0.96,393,1.6506e-05,1,3
659,9,1230,C,2,C,0.97,0.96,0.01,0.0,0.97,0.02,393,1.6506e-05,1,3
659,15,2130,C,2,C,0.98,0.97,0.0,0.01,0.98,0.01,393,1.6506e-05,1,3
659,18,3012,A,0,A,0.93,0.9,0.93,0.06,0.01,0.0,393,1.6506e-05,1,3
659,14,2103,D,3,D,0.96,0.9500000000000001,0.01,0.01,0.02,0.96,393,1.6506e-05,1,3
659,13,2031,C,2,C,0.96,0.9500000000000001,0.01,0.02,0.96,0.01,393,1.6506e-05,1,3
659,16,2301,B,1,B,0.9500000000000001,0.9500000000000001,0.01,0.9500000000000001,0.03,0.01,393,1.6506e-05,1,3
659,19,3021,A,0,A,0.93,0.91,0.93,0.05,0.0,0.01,393,1.6506e-05,1,3
659,17,2310,B,1,B,0.97,0.9500000000000001,0.01,0.97,0.0,0.02,393,1.6506e-05,1,3
659,20,3102,A,0,A,0.9,0.86,0.9,0.01,0.09,0.0,393,1.6506e-05,1,3
659,21,3120,A,0,A,0.97,0.96,0.97,0.01,0.0,0.02,393,1.6506e-05,1,3
659,23,3210,A,0,A,0.96,0.9400000000000001,0.96,0.0,0.01,0.03,393,1.6506e-05,1,3
8716,2,0213,A,0,D,0.52,0.36,0.48,0.0,0.0,0.52,378,1.5876000000000002e-05,0,3
659,22,3201,A,0,A,0.97,0.9500000000000001,0.97,0.0,0.02,0.01,393,1.6506e-05,1,3
8716,0,0123,A,0,D,0.54,0.39,0.46,0.0,0.0,0.54,378,1.5876000000000002e-05,0,3
8716,3,0231,A,0,C,0.56,0.41000000000000003,0.44,0.0,0.56,0.0,378,1.5876000000000002e-05,0,3
8716,1,0132,A,0,A,0.53,0.37,0.53,0.0,0.47000000000000003,0.0,378,1.5876000000000002e-05,1,0
8716,5,0321,A,0,B,0.56,0.41000000000000003,0.44,0.56,0.0,0.0,378,1.5876000000000002e-05,0,3
8716,4,0312,A,0,B,0.53,0.37,0.47000000000000003,0.53,0.0,0.0,378,1.5876000000000002e-05,0,3
8716,8,1203,C,2,D,0.56,0.41000000000000003,0.0,0.0,0.44,0.56,378,1.5876000000000002e-05,0,3
8716,6,1023,B,1,B,0.51,0.34,0.0,0.51,0.0,0.49,378,1.5876000000000002e-05,1,0
8716,7,1032,B,1,B,0.55,0.39,0.0,0.55,0.45,0.0,378,1.5876000000000002e-05,1,0
8716,9,1230,D,3,D,0.52,0.36,0.0,0.0,0.48,0.52,378,1.5876000000000002e-05,1,0
8716,11,1320,D,3,D,0.51,0.34,0.0,0.49,0.0,0.51,378,1.5876000000000002e-05,1,0
8716,10,1302,C,2,B,0.61,0.48,0.0,0.61,0.39,0.0,378,1.5876000000000002e-05,0,3
8716,12,2013,B,1,D,0.55,0.4,0.0,0.45,0.0,0.55,378,1.5876000000000002e-05,0,3
8716,14,2103,C,2,D,0.55,0.4,0.0,0.0,0.45,0.55,378,1.5876000000000002e-05,0,3
8716,15,2130,D,3,D,0.53,0.37,0.0,0.0,0.47000000000000003,0.53,378,1.5876000000000002e-05,1,0
8716,13,2031,B,1,C,0.56,0.41000000000000003,0.0,0.44,0.56,0.0,378,1.5876000000000002e-05,0,3
8716,16,2301,C,2,B,0.55,0.4,0.0,0.55,0.45,0.0,378,1.5876000000000002e-05,0,3
8716,19,3021,B,1,A,0.6000000000000001,0.46,0.6000000000000001,0.4,0.0,0.0,378,1.5876000000000002e-05,0,3
8716,17,2310,D,3,D,0.67,0.56,0.0,0.33,0.0,0.67,378,1.5876000000000002e-05,1,0
8716,20,3102,C,2,A,0.68,0.5700000000000001,0.68,0.0,0.32,0.0,378,1.5876000000000002e-05,0,3
8716,18,3012,B,1,A,0.6000000000000001,0.47000000000000003,0.6000000000000001,0.4,0.0,0.0,378,1.5876000000000002e-05,0,3
8716,22,3201,C,2,A,0.65,0.53,0.65,0.0,0.35000000000000003,0.0,378,1.5876000000000002e-05,0,3
8716,23,3210,D,3,A,0.59,0.46,0.59,0.0,0.0,0.41000000000000003,378,1.5876000000000002e-05,0,3
8622,0,0123,C,2,C,0.98,0.97,0.0,0.01,0.98,0.01,387,1.6254e-05,1,2
8716,21,3120,D,3,A,0.65,0.53,0.65,0.0,0.0,0.35000000000000003,378,1.5876000000000002e-05,0,3
8622,1,0132,D,3,D,0.96,0.96,0.01,0.02,0.01,0.96,387,1.6254e-05,1,2
8622,3,0231,B,1,B,0.99,0.98,0.0,0.99,0.0,0.01,387,1.6254e-05,1,2
8622,4,0312,D,3,D,0.98,0.98,0.0,0.01,0.01,0.98,387,1.6254e-05,1,2
8622,2,0213,B,1,B,0.99,0.98,0.0,0.99,0.0,0.01,387,1.6254e-05,1,2
8622,7,1032,D,3,D,0.9500000000000001,0.9400000000000001,0.03,0.01,0.01,0.9500000000000001,387,1.6254e-05,1,2
8622,8,1203,B,1,B,0.98,0.97,0.02,0.98,0.0,0.0,387,1.6254e-05,1,2
8622,5,0321,C,2,C,0.98,0.97,0.0,0.01,0.98,0.01,387,1.6254e-05,1,2
8622,6,1023,C,2,C,0.97,0.96,0.02,0.0,0.97,0.01,387,1.6254e-05,1,2
8622,10,1302,D,3,D,0.97,0.9500000000000001,0.02,0.01,0.0,0.97,387,1.6254e-05,1,2
8622,9,1230,B,1,B,0.99,0.98,0.01,0.99,0.0,0.0,387,1.6254e-05,1,2
8622,11,1320,C,2,C,0.9500000000000001,0.9400000000000001,0.03,0.02,0.9500000000000001,0.0,387,1.6254e-05,1,2
8622,12,2013,A,0,A,0.99,0.98,0.99,0.0,0.0,0.01,387,1.6254e-05,1,2
8622,13,2031,A,0,A,1.0,0.99,1.0,0.0,0.0,0.0,387,1.6254e-05,1,2
8622,16,2301,A,0,A,0.99,0.99,0.99,0.01,0.0,0.0,387,1.6254e-05,1,2
8622,15,2130,A,0,A,0.99,0.98,0.99,0.0,0.01,0.0,387,1.6254e-05,1,2
8622,14,2103,A,0,A,0.99,0.99,0.99,0.0,0.0,0.01,387,1.6254e-05,1,2
8622,18,3012,D,3,D,0.98,0.97,0.01,0.0,0.01,0.98,387,1.6254e-05,1,2
8622,17,2310,A,0,A,0.99,0.99,0.99,0.01,0.0,0.0,387,1.6254e-05,1,2
8622,19,3021,C,2,C,0.98,0.98,0.01,0.0,0.98,0.01,387,1.6254e-05,1,2
8622,22,3201,B,1,B,0.98,0.98,0.01,0.98,0.0,0.01,387,1.6254e-05,1,2
8622,21,3120,C,2,C,0.97,0.96,0.01,0.02,0.97,0.0,387,1.6254e-05,1,2
6138,0,0123,B,1,B,0.9400000000000001,0.93,0.01,0.9400000000000001,0.05,0.0,394,1.6548e-05,1,1
8622,20,3102,D,3,D,0.98,0.97,0.01,0.01,0.0,0.98,387,1.6254e-05,1,2
8622,23,3210,B,1,B,0.98,0.98,0.01,0.98,0.01,0.0,387,1.6254e-05,1,2
6138,3,0231,D,3,D,0.87,0.8300000000000001,0.01,0.12,0.0,0.87,394,1.6548e-05,1,1
6138,1,0132,B,1,B,0.91,0.88,0.01,0.91,0.0,0.08,394,1.6548e-05,1,1
6138,2,0213,C,2,C,0.9,0.86,0.0,0.1,0.9,0.0,394,1.6548e-05,1,1
6138,4,0312,C,2,C,0.9,0.86,0.01,0.0,0.9,0.09,394,1.6548e-05,1,1
6138,7,1032,A,0,A,0.9500000000000001,0.93,0.9500000000000001,0.0,0.0,0.05,394,1.6548e-05,1,1
6138,5,0321,D,3,D,0.85,0.81,0.01,0.0,0.14,0.85,394,1.6548e-05,1,1
6138,8,1203,A,0,A,0.85,0.79,0.85,0.15,0.0,0.0,394,1.6548e-05,1,1
6138,6,1023,A,0,A,0.9500000000000001,0.93,0.9500000000000001,0.0,0.05,0.0,394,1.6548e-05,1,1
6138,10,1302,A,0,A,0.92,0.89,0.92,0.0,0.0,0.08,394,1.6548e-05,1,1
6138,12,2013,C,2,C,0.73,0.62,0.27,0.0,0.73,0.0,394,1.6548e-05,1,1
6138,9,1230,A,0,A,0.84,0.78,0.84,0.16,0.0,0.0,394,1.6548e-05,1,1
6138,11,1320,A,0,A,0.9,0.86,0.9,0.0,0.1,0.0,394,1.6548e-05,1,1
6138,14,2103,B,1,B,0.81,0.75,0.19,0.81,0.0,0.0,394,1.6548e-05,1,1
6138,13,2031,D,3,D,0.75,0.66,0.24,0.01,0.0,0.75,394,1.6548e-05,1,1
6138,15,2130,B,1,B,0.8,0.72,0.2,0.8,0.0,0.0,394,1.6548e-05,1,1
6138,18,3012,C,2,C,0.91,0.89,0.01,0.0,0.91,0.08,394,1.6548e-05,1,1
6138,20,3102,B,1,B,0.93,0.9,0.0,0.93,0.0,0.07,394,1.6548e-05,1,1
6138,19,3021,D,3,D,0.86,0.81,0.01,0.0,0.13,0.86,394,1.6548e-05,1,1
6138,16,2301,D,3,D,0.77,0.6900000000000001,0.23,0.0,0.0,0.77,394,1.6548e-05,1,1
6138,23,3210,C,2,C,0.75,0.67,0.01,0.24,0.75,0.0,394,1.6548e-05,1,1
6138,21,3120,B,1,B,0.89,0.84,0.0,0.89,0.11,0.0,394,1.6548e-05,1,1
6138,17,2310,C,2,C,0.75,0.65,0.25,0.0,0.75,0.0,394,1.6548e-05,1,1
6138,22,3201,D,3,D,0.78,0.71,0.01,0.21,0.0,0.78,394,1.6548e-05,1,1
8590,1,0132,B,1,A,0.9,0.87,0.9,0.01,0.0,0.09,365,1.533e-05,0,0
8590,3,0231,D,3,A,0.87,0.8200000000000001,0.87,0.13,0.0,0.0,365,1.533e-05,0,0
8590,2,0213,C,2,A,0.89,0.84,0.89,0.11,0.0,0.0,365,1.533e-05,0,0
8590,6,1023,A,0,B,0.85,0.8,0.01,0.85,0.14,0.0,365,1.533e-05,0,0
8590,0,0123,B,1,A,0.84,0.78,0.84,0.01,0.15,0.0,365,1.533e-05,0,0
8590,5,0321,D,3,A,0.92,0.88,0.92,0.0,0.08,0.0,365,1.533e-05,0,0
8590,4,0312,C,2,A,0.89,0.85,0.89,0.0,0.01,0.1,365,1.533e-05,0,0
8590,8,1203,A,0,C,0.7000000000000001,0.6000000000000001,0.01,0.29,0.7000000000000001,0.0,365,1.533e-05,0,0
8590,7,1032,A,0,B,0.85,0.79,0.01,0.85,0.0,0.14,365,1.533e-05,0,0
8590,10,1302,A,0,C,0.8,0.74,0.01,0.0,0.8,0.19,365,1.533e-05,0,0
8590,11,1320,A,0,D,0.73,0.64,0.02,0.0,0.25,0.73,365,1.533e-05,0,0
8590,9,1230,A,0,D,0.68,0.5700000000000001,0.02,0.30000000000000004,0.0,0.68,365,1.533e-05,0,0
8590,13,2031,D,3,B,0.8300000000000001,0.77,0.17,0.8300000000000001,0.0,0.0,365,1.533e-05,0,0
8590,12,2013,C,2,B,0.87,0.8300000000000001,0.13,0.87,0.0,0.0,365,1.533e-05,0,0
8590,16,2301,D,3,C,0.68,0.5700000000000001,0.31,0.0,0.68,0.01,365,1.533e-05,0,0
8590,15,2130,B,1,D,0.73,0.63,0.26,0.01,0.0,0.73,365,1.533e-05,0,0
8590,14,2103,B,1,C,0.77,0.6900000000000001,0.22,0.01,0.77,0.0,365,1.533e-05,0,0
8590,17,2310,C,2,D,0.67,0.56,0.31,0.01,0.01,0.67,365,1.533e-05,0,0
8590,18,3012,C,2,B,0.8300000000000001,0.76,0.0,0.8300000000000001,0.01,0.16,365,1.533e-05,0,0
8590,21,3120,B,1,D,0.72,0.62,0.0,0.02,0.26,0.72,365,1.533e-05,0,0
8590,20,3102,B,1,C,0.8,0.73,0.0,0.01,0.8,0.19,365,1.533e-05,0,0
8590,19,3021,D,3,B,0.84,0.79,0.0,0.84,0.15,0.01,365,1.533e-05,0,0
8590,23,3210,C,2,D,0.8,0.72,0.0,0.19,0.01,0.8,365,1.533e-05,0,0
8590,22,3201,D,3,C,0.75,0.67,0.0,0.24,0.75,0.01,365,1.533e-05,0,0
6779,3,0231,D,3,D,1.0,1.0,0.0,0.0,0.0,1.0,381,1.6002000000000004e-05,1,1
6779,0,0123,B,1,B,1.0,1.0,0.0,1.0,0.0,0.0,381,1.6002000000000004e-05,1,1
6779,2,0213,C,2,C,1.0,1.0,0.0,0.0,1.0,0.0,381,1.6002000000000004e-05,1,1
6779,5,0321,D,3,D,1.0,1.0,0.0,0.0,0.0,1.0,381,1.6002000000000004e-05,1,1
6779,6,1023,A,0,A,1.0,1.0,1.0,0.0,0.0,0.0,381,1.6002000000000004e-05,1,1
6779,1,0132,B,1,B,1.0,1.0,0.0,1.0,0.0,0.0,381,1.6002000000000004e-05,1,1
6779,7,1032,A,0,A,1.0,1.0,1.0,0.0,0.0,0.0,381,1.6002000000000004e-05,1,1
6779,4,0312,C,2,C,1.0,1.0,0.0,0.0,1.0,0.0,381,1.6002000000000004e-05,1,1
6779,9,1230,A,0,A,1.0,1.0,1.0,0.0,0.0,0.0,381,1.6002000000000004e-05,1,1
6779,10,1302,A,0,A,1.0,1.0,1.0,0.0,0.0,0.0,381,1.6002000000000004e-05,1,1
6779,8,1203,A,0,A,1.0,1.0,1.0,0.0,0.0,0.0,381,1.6002000000000004e-05,1,1
6779,11,1320,A,0,A,1.0,1.0,1.0,0.0,0.0,0.0,381,1.6002000000000004e-05,1,1
6779,13,2031,D,3,D,1.0,1.0,0.0,0.0,0.0,1.0,381,1.6002000000000004e-05,1,1
6779,15,2130,B,1,B,1.0,1.0,0.0,1.0,0.0,0.0,381,1.6002000000000004e-05,1,1
6779,12,2013,C,2,C,1.0,1.0,0.0,0.0,1.0,0.0,381,1.6002000000000004e-05,1,1
6779,14,2103,B,1,B,1.0,1.0,0.0,1.0,0.0,0.0,381,1.6002000000000004e-05,1,1
6779,17,2310,C,2,C,1.0,1.0,0.0,0.0,1.0,0.0,381,1.6002000000000004e-05,1,1
6779,16,2301,D,3,D,1.0,1.0,0.0,0.0,0.0,1.0,381,1.6002000000000004e-05,1,1
6779,18,3012,C,2,C,1.0,1.0,0.0,0.0,1.0,0.0,381,1.6002000000000004e-05,1,1
6779,20,3102,B,1,B,1.0,1.0,0.0,1.0,0.0,0.0,381,1.6002000000000004e-05,1,1
6779,19,3021,D,3,D,1.0,1.0,0.0,0.0,0.0,1.0,381,1.6002000000000004e-05,1,1
6779,22,3201,D,3,D,1.0,1.0,0.0,0.0,0.0,1.0,381,1.6002000000000004e-05,1,1
6779,21,3120,B,1,B,1.0,1.0,0.0,1.0,0.0,0.0,381,1.6002000000000004e-05,1,1
6779,23,3210,C,2,C,1.0,1.0,0.0,0.0,1.0,0.0,381,1.6002000000000004e-05,1,1
4347,0,0123,C,2,C,0.9500000000000001,0.92,0.0,0.03,0.9500000000000001,0.02,367,1.5414e-05,1,2
4347,1,0132,D,3,D,0.9,0.87,0.0,0.03,0.07,0.9,367,1.5414e-05,1,2
4347,2,0213,B,1,B,0.88,0.8300000000000001,0.0,0.88,0.04,0.08,367,1.5414e-05,1,2
4347,5,0321,C,2,C,0.84,0.79,0.0,0.13,0.84,0.03,367,1.5414e-05,1,2
4347,3,0231,B,1,B,0.88,0.84,0.0,0.88,0.09,0.03,367,1.5414e-05,1,2
4347,6,1023,C,2,C,0.929999999999999,0.92,0.04,0.0,0.929999999999999,0.03,367,1.5414e-05,1,2
4347,7,1032,D,3,D,0.88,0.84,0.04,0.0,0.08,0.88,367,1.5414e-05,1,2
4347,8,1203,B,1,B,0.91,0.88,0.07,0.91,0.0,0.02,367,1.5414e-05,1,2
4347,4,0312,D,3,D,0.9400000000000001,0.91,0.0,0.03,0.03,0.9400000000000001,367,1.5414e-05,1,2
4347,9,1230,B,1,B,0.91,0.89,0.07,0.91,0.02,0.0,367,1.5414e-05,1,2
4347,10,1302,D,3,D,0.92,0.89,0.04,0.04,0.0,0.92,367,1.5414e-05,1,2
4347,11,1320,C,2,C,0.85,0.8,0.05,0.1,0.85,0.0,367,1.5414e-05,1,2
4347,13,2031,A,0,A,0.84,0.78,0.84,0.0,0.12,0.04,367,1.5414e-05,1,2
4347,12,2013,A,0,A,0.84,0.78,0.84,0.0,0.08,0.08,367,1.5414e-05,1,2
4347,14,2103,A,0,A,0.78,0.7000000000000001,0.78,0.17,0.0,0.05,367,1.5414e-05,1,2
4347,17,2310,A,0,A,0.85,0.79,0.85,0.07,0.08,0.0,367,1.5414e-05,1,2
4347,16,2301,A,0,A,0.91,0.88,0.91,0.07,0.0,0.02,367,1.5414e-05,1,2
4347,15,2130,A,0,A,0.8300000000000001,0.78,0.8300000000000001,0.13,0.04,0.0,367,1.5414e-05,1,2
4347,18,3012,D,3,D,0.92,0.89,0.05,0.0,0.03,0.92,367,1.5414e-05,1,2
4347,20,3102,D,3,D,0.89,0.85,0.05,0.06,0.0,0.89,367,1.5414e-05,1,2
4347,19,3021,C,2,C,0.9,0.87,0.08,0.0,0.9,0.02,367,1.5414e-05,1,2
4347,22,3201,B,1,B,0.9,0.86,0.09,0.9,0.0,0.01,367,1.5414e-05,1,2
4347,23,3210,B,1,B,0.89,0.85,0.07,0.89,0.04,0.0,367,1.5414e-05,1,2
2565,0,0123,B,1,D,0.91,0.88,0.0,0.09,0.0,0.91,368,1.5456e-05,0,3
4347,21,3120,C,2,C,0.92,0.9,0.04,0.04,0.92,0.0,367,1.5414e-05,1,2
2565,1,0132,B,1,C,0.88,0.84,0.0,0.12,0.88,0.0,368,1.5456e-05,0,3
2565,2,0213,C,2,D,0.85,0.81,0.0,0.01,0.14,0.85,368,1.5456e-05,0,3
2565,4,0312,C,2,B,0.81,0.75,0.0,0.81,0.19,0.0,368,1.5456e-05,0,3
2565,3,0231,D,3,C,0.79,0.72,0.0,0.01,0.79,0.2,368,1.5456e-05,0,3
2565,5,0321,D,3,B,0.8300000000000001,0.76,0.0,0.8300000000000001,0.01,0.16,368,1.5456e-05,0,3
2565,7,1032,A,0,C,0.87,0.8200000000000001,0.13,0.0,0.87,0.0,368,1.5456e-05,0,3
2565,10,1302,A,0,B,0.85,0.8,0.15,0.85,0.0,0.0,368,1.5456e-05,0,3
2565,6,1023,A,0,D,0.85,0.79,0.15,0.0,0.0,0.85,368,1.5456e-05,0,3
2565,9,1230,A,0,C,0.87,0.8200000000000001,0.13,0.0,0.87,0.0,368,1.5456e-05,0,3
2565,8,1203,A,0,D,0.8300000000000001,0.76,0.17,0.0,0.0,0.8300000000000001,368,1.5456e-05,0,3
2565,12,2013,C,2,D,0.8300000000000001,0.77,0.01,0.0,0.16,0.8300000000000001,368,1.5456e-05,0,3
2565,11,1320,A,0,B,0.88,0.8300000000000001,0.12,0.88,0.0,0.0,368,1.5456e-05,0,3
2565,14,2103,B,1,D,0.78,0.71,0.01,0.21,0.0,0.78,368,1.5456e-05,0,3
2565,20,3102,B,1,A,0.77,0.6900000000000001,0.77,0.23,0.0,0.0,368,1.5456e-05,0,3
2565,19,3021,D,3,A,0.8300000000000001,0.76,0.8300000000000001,0.0,0.01,0.16,368,1.5456e-05,0,3
2565,15,2130,B,1,C,0.81,0.74,0.01,0.18,0.81,0.0,368,1.5456e-05,0,3
2565,18,3012,C,2,A,0.84,0.78,0.84,0.0,0.16,0.0,368,1.5456e-05,0,3
2565,17,2310,C,2,B,0.79,0.72,0.01,0.79,0.2,0.0,368,1.5456e-05,0,3
2565,16,2301,D,3,B,0.85,0.8,0.01,0.85,0.0,0.14,368,1.5456e-05,0,3
2565,21,3120,B,1,A,0.71,0.61,0.71,0.29,0.0,0.0,368,1.5456e-05,0,3
2548,1,0132,A,0,A,0.9400000000000001,0.92,0.9400000000000001,0.06,0.0,0.0,370,1.554e-05,1,0
2565,23,3210,C,2,A,0.77,0.6900000000000001,0.77,0.02,0.21,0.0,368,1.5456e-05,0,3
2548,3,0231,A,0,A,0.97,0.9500000000000001,0.97,0.0,0.0,0.03,370,1.554e-05,1,0
2565,22,3201,D,3,A,0.8300000000000001,0.76,0.8300000000000001,0.01,0.0,0.16,368,1.5456e-05,0,3
2548,0,0123,A,0,A,0.9400000000000001,0.92,0.9400000000000001,0.06,0.0,0.0,370,1.554e-05,1,0
2548,2,0213,A,0,A,0.96,0.9400000000000001,0.96,0.0,0.04,0.0,370,1.554e-05,1,0
2548,4,0312,A,0,A,0.97,0.96,0.97,0.0,0.03,0.0,370,1.554e-05,1,0
2548,6,1023,B,1,B,0.98,0.97,0.02,0.98,0.0,0.0,370,1.554e-05,1,0
2548,5,0321,A,0,A,0.9500000000000001,0.9400000000000001,0.9500000000000001,0.0,0.01,0.04,370,1.554e-05,1,0
2548,8,1203,C,2,C,0.9500000000000001,0.93,0.05,0.0,0.9500000000000001,0.0,370,1.554e-05,1,0
2548,9,1230,D,3,D,0.9500000000000001,0.93,0.05,0.0,0.0,0.9500000000000001,370,1.554e-05,1,0
2548,11,1320,D,3,D,0.9400000000000001,0.92,0.05,0.0,0.01,0.9400000000000001,370,1.554e-05,1,0
2548,7,1032,B,1,B,0.97,0.9500000000000001,0.03,0.97,0.0,0.0,370,1.554e-05,1,0
2565,13,2031,D,3,C,0.79,0.72,0.01,0.0,0.79,0.2,368,1.5456e-05,0,3
2548,10,1302,C,2,C,0.96,0.9400000000000001,0.04,0.0,0.96,0.0,370,1.554e-05,1,0
2548,13,2031,B,1,B,0.9400000000000001,0.92,0.01,0.9400000000000001,0.0,0.05,370,1.554e-05,1,0
2548,12,2013,B,1,B,0.9400000000000001,0.92,0.01,0.9400000000000001,0.05,0.0,370,1.554e-05,1,0
2548,14,2103,C,2,C,0.9500000000000001,0.93,0.01,0.04,0.9500000000000001,0.0,370,1.554e-05,1,0
2548,15,2130,D,3,D,0.9400000000000001,0.93,0.02,0.04,0.0,0.9400000000000001,370,1.554e-05,1,0
2548,16,2301,C,2,C,0.89,0.86,0.02,0.0,0.89,0.09,370,1.554e-05,1,0
2548,17,2310,D,3,D,0.96,0.9500000000000001,0.01,0.0,0.03,0.96,370,1.554e-05,1,0
2548,18,3012,B,1,B,0.9500000000000001,0.92,0.0,0.9500000000000001,0.05,0.0,370,1.554e-05,1,0
2548,20,3102,C,2,C,0.96,0.9400000000000001,0.0,0.04,0.96,0.0,370,1.554e-05,1,0
2548,19,3021,B,1,B,0.9400000000000001,0.92,0.0,0.9400000000000001,0.01,0.05,370,1.554e-05,1,0
2548,21,3120,D,3,D,0.9500000000000001,0.93,0.0,0.05,0.0,0.9500000000000001,370,1.554e-05,1,0
2548,23,3210,D,3,D,0.97,0.96,0.0,0.01,0.02,0.97,370,1.554e-05,1,0
2548,22,3201,C,2,C,0.9400000000000001,0.93,0.0,0.01,0.9400000000000001,0.05,370,1.554e-05,1,0
1528,0,0123,D,3,D,0.48,0.32,0.13,0.05,0.34,0.48,356,1.4952000000000002e-05,1,3
1528,2,0213,D,3,D,0.51,0.34,0.1,0.38,0.01,0.51,356,1.4952000000000002e-05,1,3
1528,1,0132,C,2,C,0.6000000000000001,0.46,0.2,0.05,0.6000000000000001,0.15,356,1.4952000000000002e-05,1,3
1528,4,0312,B,1,B,0.7000000000000001,0.59,0.17,0.7000000000000001,0.02,0.11,356,1.4952000000000002e-05,1,3
1528,3,0231,C,2,C,0.47000000000000003,0.29,0.13,0.39,0.47000000000000003,0.01,356,1.4952000000000002e-05,1,3
1528,5,0321,B,1,B,0.7000000000000001,0.59,0.18,0.7000000000000001,0.11,0.01,356,1.4952000000000002e-05,1,3
1528,9,1230,C,2,D,0.56,0.41000000000000003,0.03,0.19,0.22,0.56,356,1.4952000000000002e-05,0,0
1528,7,1032,C,2,C,0.42,0.22,0.04,0.39,0.42,0.15,356,1.4952000000000002e-05,1,3
1528,6,1023,D,3,D,0.42,0.22,0.03,0.27,0.28,0.42,356,1.4952000000000002e-05,1,3
1528,8,1203,D,3,D,0.41000000000000003,0.21,0.04,0.22,0.33,0.41000000000000003,356,1.4952000000000002e-05,1,3
1528,12,2013,D,3,D,0.39,0.18,0.30000000000000004,0.29,0.02,0.39,356,1.4952000000000002e-05,1,3
1528,11,1320,B,1,D,0.5700000000000001,0.43,0.04,0.27,0.12,0.5700000000000001,356,1.4952000000000002e-05,0,0
1528,10,1302,B,1,C,0.59,0.46,0.03,0.25,0.59,0.13,356,1.4952000000000002e-05,0,0
1528,13,2031,C,2,C,0.39,0.18,0.32,0.28,0.39,0.01,356,1.4952000000000002e-05,1,3
1528,17,2310,B,1,D,0.47000000000000003,0.30000000000000004,0.30000000000000004,0.22,0.01,0.47000000000000003,356,1.4952000000000002e-05,0,0
1528,15,2130,C,2,D,0.5,0.33,0.25,0.01,0.24,0.5,356,1.4952000000000002e-05,0,0
1528,14,2103,D,3,C,0.37,0.16,0.27,0.02,0.37,0.34,356,1.4952000000000002e-05,0,0
1528,16,2301,B,1,C,0.4,0.19,0.36,0.23,0.4,0.01,356,1.4952000000000002e-05,0,0
1528,18,3012,A,0,B,0.559999999999999,0.42,0.30000000000000004,0.559999999999999,0.02,0.12,356,1.4952000000000002e-05,0,0
1528,19,3021,A,0,B,0.47000000000000003,0.30000000000000004,0.39,0.47000000000000003,0.12,0.02,356,1.4952000000000002e-05,0,0
1528,20,3102,A,0,C,0.54,0.38,0.31,0.02,0.54,0.13,356,1.4952000000000002e-05,0,0
1528,21,3120,A,0,D,0.5,0.33,0.37,0.02,0.11,0.5,356,1.4952000000000002e-05,0,0
8214,0,0123,C,2,C,0.9400000000000001,0.93,0.0,0.03,0.9400000000000001,0.03,369,1.5498000000000003e-05,1,2
8214,1,0132,D,3,D,0.96,0.9400000000000001,0.0,0.02,0.02,0.96,369,1.5498000000000003e-05,1,2
1528,22,3201,A,0,A,0.43,0.24,0.43,0.23,0.32,0.02,356,1.4952000000000002e-05,1,3
8214,2,0213,B,1,B,0.93,0.9,0.0,0.93,0.02,0.04,369,1.5498000000000003e-05,1,2
1528,23,3210,A,0,D,0.48,0.30000000000000004,0.33,0.18,0.01,0.48,356,1.4952000000000002e-05,0,0
8214,3,0231,B,1,B,0.92,0.89,0.0,0.92,0.05,0.03,369,1.5498000000000003e-05,1,2
8214,4,0312,D,3,D,0.91,0.89,0.01,0.04,0.04,0.91,369,1.5498000000000003e-05,1,2
8214,5,0321,C,2,C,0.92,0.89,0.0,0.04,0.92,0.04,369,1.5498000000000003e-05,1,2
8214,6,1023,C,2,C,0.91,0.88,0.03,0.01,0.91,0.05,369,1.5498000000000003e-05,1,2
8214,7,1032,D,3,D,0.9500000000000001,0.93,0.01,0.01,0.03,0.9500000000000001,369,1.5498000000000003e-05,1,2
8214,8,1203,B,1,B,0.97,0.9500000000000001,0.01,0.97,0.01,0.01,369,1.5498000000000003e-05,1,2
8214,9,1230,B,1,B,0.93,0.91,0.01,0.93,0.04,0.01,369,1.5498000000000003e-05,1,2
8214,10,1302,D,3,D,0.96,0.93,0.01,0.03,0.0,0.96,369,1.5498000000000003e-05,1,2
8214,11,1320,C,2,C,0.93,0.91,0.01,0.04,0.93,0.02,369,1.5498000000000003e-05,1,2
8214,12,2013,A,0,A,0.9400000000000001,0.92,0.9400000000000001,0.01,0.01,0.04,369,1.5498000000000003e-05,1,2
8214,13,2031,A,0,A,0.9,0.88,0.9,0.01,0.05,0.04,369,1.5498000000000003e-05,1,2
8214,16,2301,A,0,A,0.8200000000000001,0.76,0.8200000000000001,0.15,0.01,0.02,369,1.5498000000000003e-05,1,2
8214,15,2130,A,0,A,0.85,0.81,0.85,0.01,0.12,0.02,369,1.5498000000000003e-05,1,2
8214,14,2103,A,0,A,0.93,0.91,0.93,0.01,0.01,0.05,369,1.5498000000000003e-05,1,2
8214,17,2310,A,0,A,0.8,0.73,0.8,0.18,0.01,0.01,369,1.5498000000000003e-05,1,2
8214,21,3120,C,2,C,0.89,0.86,0.06,0.02,0.89,0.03,369,1.5498000000000003e-05,1,2
8214,18,3012,D,3,D,0.93,0.9,0.04,0.01,0.02,0.93,369,1.5498000000000003e-05,1,2
8214,20,3102,D,3,D,0.9,0.88,0.06,0.02,0.02,0.9,369,1.5498000000000003e-05,1,2
8214,19,3021,C,2,C,0.85,0.8,0.1,0.01,0.85,0.04,369,1.5498000000000003e-05,1,2
3423,0,0123,D,3,D,0.98,0.97,0.02,0.0,0.0,0.98,373,1.5666000000000002e-05,1,3
8214,23,3210,B,1,B,0.89,0.85,0.05,0.89,0.03,0.03,369,1.5498000000000003e-05,1,2
8214,22,3201,B,1,B,0.88,0.84,0.06,0.88,0.01,0.05,369,1.5498000000000003e-05,1,2
3423,1,0132,C,2,C,0.99,0.99,0.01,0.0,0.99,0.0,373,1.5666000000000002e-05,1,3
3423,3,0231,C,2,C,0.99,0.98,0.01,0.0,0.99,0.0,373,1.5666000000000002e-05,1,3
3423,2,0213,D,3,D,0.99,0.97,0.01,0.0,0.0,0.99,373,1.5666000000000002e-05,1,3
3423,6,1023,D,3,D,1.0,0.99,0.0,0.0,0.0,1.0,373,1.5666000000000002e-05,1,3
3423,4,0312,B,1,B,0.99,0.99,0.01,0.99,0.0,0.0,373,1.5666000000000002e-05,1,3
3423,5,0321,B,1,B,0.99,0.99,0.01,0.99,0.0,0.0,373,1.5666000000000002e-05,1,3
3423,7,1032,C,2,C,0.99,0.99,0.0,0.01,0.99,0.0,373,1.5666000000000002e-05,1,3
3423,8,1203,D,3,D,1.0,0.99,0.0,0.0,0.0,1.0,373,1.5666000000000002e-05,1,3
3423,10,1302,B,1,B,1.0,0.99,0.0,1.0,0.0,0.0,373,1.5666000000000002e-05,1,3
3423,9,1230,C,2,C,0.99,0.99,0.0,0.0,0.99,0.01,373,1.5666000000000002e-05,1,3
3423,11,1320,B,1,B,1.0,0.99,0.0,1.0,0.0,0.0,373,1.5666000000000002e-05,1,3
3423,13,2031,C,2,C,0.99,0.99,0.0,0.01,0.99,0.0,373,1.5666000000000002e-05,1,3
3423,12,2013,D,3,D,1.0,0.99,0.0,0.0,0.0,1.0,373,1.5666000000000002e-05,1,3
3423,15,2130,C,2,C,0.99,0.99,0.0,0.0,0.99,0.01,373,1.5666000000000002e-05,1,3
3423,14,2103,D,3,D,1.0,0.99,0.0,0.0,0.0,1.0,373,1.5666000000000002e-05,1,3
3423,16,2301,B,1,B,1.0,0.99,0.0,1.0,0.0,0.0,373,1.5666000000000002e-05,1,3
3423,19,3021,A,0,A,1.0,0.99,1.0,0.0,0.0,0.0,373,1.5666000000000002e-05,1,3
3423,17,2310,B,1,B,0.99,0.99,0.0,0.99,0.0,0.01,373,1.5666000000000002e-05,1,3
3423,18,3012,A,0,A,1.0,0.99,1.0,0.0,0.0,0.0,373,1.5666000000000002e-05,1,3
3423,20,3102,A,0,A,1.0,1.0,1.0,0.0,0.0,0.0,373,1.5666000000000002e-05,1,3
3423,21,3120,A,0,A,1.0,1.0,1.0,0.0,0.0,0.0,373,1.5666000000000002e-05,1,3
3423,23,3210,A,0,A,1.0,0.99,1.0,0.0,0.0,0.0,373,1.5666000000000002e-05,1,3
3423,22,3201,A,0,A,1.0,1.0,1.0,0.0,0.0,0.0,373,1.5666000000000002e-05,1,3
285,2,0213,B,1,A,0.84,0.78,0.84,0.16,0.0,0.0,379,1.5918000000000002e-05,0,0
285,1,0132,D,3,A,0.88,0.85,0.88,0.01,0.0,0.11,379,1.5918000000000002e-05,0,0
285,3,0231,B,1,A,0.87,0.8200000000000001,0.87,0.13,0.0,0.0,379,1.5918000000000002e-05,0,0
285,0,0123,C,2,A,0.88,0.8300000000000001,0.88,0.01,0.11,0.0,379,1.5918000000000002e-05,0,0
285,4,0312,D,3,A,0.89,0.84,0.89,0.0,0.01,0.1,379,1.5918000000000002e-05,0,0
285,5,0321,C,2,A,0.86,0.8,0.86,0.0,0.14,0.0,379,1.5918000000000002e-05,0,0
285,6,1023,C,2,B,0.91,0.87,0.01,0.91,0.08,0.0,379,1.5918000000000002e-05,0,0
285,7,1032,D,3,B,0.89,0.85,0.02,0.89,0.0,0.09,379,1.5918000000000002e-05,0,0
285,10,1302,D,3,C,0.9,0.86,0.01,0.0,0.9,0.09,379,1.5918000000000002e-05,0,0
285,11,1320,C,2,D,0.86,0.81,0.01,0.0,0.13,0.86,379,1.5918000000000002e-05,0,0
285,9,1230,B,1,D,0.87,0.8200000000000001,0.01,0.12,0.0,0.87,379,1.5918000000000002e-05,0,0
285,8,1203,B,1,C,0.81,0.75,0.02,0.17,0.81,0.0,379,1.5918000000000002e-05,0,0
285,12,2013,A,0,B,0.92,0.88,0.08,0.92,0.0,0.0,379,1.5918000000000002e-05,0,0
285,14,2103,A,0,C,0.87,0.8200000000000001,0.13,0.0,0.87,0.0,379,1.5918000000000002e-05,0,0
285,13,2031,A,0,B,0.91,0.87,0.09,0.91,0.0,0.0,379,1.5918000000000002e-05,0,0
285,15,2130,A,0,D,0.86,0.81,0.14,0.0,0.0,0.86,379,1.5918000000000002e-05,0,0
285,16,2301,A,0,C,0.84,0.78,0.16,0.0,0.84,0.0,379,1.5918000000000002e-05,0,0
285,18,3012,D,3,B,0.88,0.85,0.01,0.88,0.01,0.1,379,1.5918000000000002e-05,0,0
285,17,2310,A,0,D,0.86,0.81,0.14,0.0,0.0,0.86,379,1.5918000000000002e-05,0,0
285,19,3021,C,2,B,0.9,0.86,0.01,0.9,0.09,0.0,379,1.5918000000000002e-05,0,0
285,20,3102,D,3,C,0.91,0.87,0.0,0.0,0.91,0.09,379,1.5918000000000002e-05,0,0
285,21,3120,C,2,D,0.9,0.86,0.0,0.01,0.09,0.9,379,1.5918000000000002e-05,0,0
285,22,3201,B,1,C,0.9,0.87,0.01,0.09,0.9,0.0,379,1.5918000000000002e-05,0,0
285,23,3210,B,1,D,0.92,0.9,0.01,0.07,0.0,0.92,379,1.5918000000000002e-05,0,0
3606,0,0123,C,2,C,0.99,0.99,0.01,0.0,0.99,0.0,367,1.5414e-05,1,2
3606,1,0132,D,3,D,0.99,0.99,0.01,0.0,0.0,0.99,367,1.5414e-05,1,2
3606,2,0213,B,1,B,0.99,0.99,0.01,0.99,0.0,0.0,367,1.5414e-05,1,2
3606,6,1023,C,2,C,0.99,0.99,0.0,0.01,0.99,0.0,367,1.5414e-05,1,2
3606,3,0231,B,1,B,0.99,0.99,0.01,0.99,0.0,0.0,367,1.5414e-05,1,2
3606,7,1032,D,3,D,1.0,0.99,0.0,0.0,0.0,1.0,367,1.5414e-05,1,2
3606,5,0321,C,2,C,0.99,0.99,0.01,0.0,0.99,0.0,367,1.5414e-05,1,2
3606,4,0312,D,3,D,0.99,0.99,0.01,0.0,0.0,0.99,367,1.5414e-05,1,2
3606,8,1203,B,1,B,1.0,1.0,0.0,1.0,0.0,0.0,367,1.5414e-05,1,2
3606,10,1302,D,3,D,1.0,1.0,0.0,0.0,0.0,1.0,367,1.5414e-05,1,2
3606,9,1230,B,1,B,1.0,1.0,0.0,1.0,0.0,0.0,367,1.5414e-05,1,2
3606,12,2013,A,0,A,1.0,1.0,1.0,0.0,0.0,0.0,367,1.5414e-05,1,2
3606,14,2103,A,0,A,1.0,1.0,1.0,0.0,0.0,0.0,367,1.5414e-05,1,2
3606,11,1320,C,2,C,1.0,1.0,0.0,0.0,1.0,0.0,367,1.5414e-05,1,2
3606,13,2031,A,0,A,1.0,1.0,1.0,0.0,0.0,0.0,367,1.5414e-05,1,2
3606,15,2130,A,0,A,1.0,1.0,1.0,0.0,0.0,0.0,367,1.5414e-05,1,2
3606,18,3012,D,3,D,1.0,0.99,0.0,0.0,0.0,1.0,367,1.5414e-05,1,2
3606,19,3021,C,2,C,1.0,0.99,0.0,0.0,1.0,0.0,367,1.5414e-05,1,2
3606,16,2301,A,0,A,1.0,1.0,1.0,0.0,0.0,0.0,367,1.5414e-05,1,2
3606,21,3120,C,2,C,1.0,1.0,0.0,0.0,1.0,0.0,367,1.5414e-05,1,2
3606,17,2310,A,0,A,1.0,1.0,1.0,0.0,0.0,0.0,367,1.5414e-05,1,2
3606,20,3102,D,3,D,1.0,0.99,0.0,0.0,0.0,1.0,367,1.5414e-05,1,2
3606,22,3201,B,1,B,1.0,1.0,0.0,1.0,0.0,0.0,367,1.5414e-05,1,2
3606,23,3210,B,1,B,1.0,1.0,0.0,1.0,0.0,0.0,367,1.5414e-05,1,2
4090,0,0123,D,3,D,1.0,1.0,0.0,0.0,0.0,1.0,389,1.6338000000000002e-05,1,3
4090,2,0213,D,3,D,1.0,0.99,0.0,0.0,0.0,1.0,389,1.6338000000000002e-05,1,3
4090,4,0312,B,1,B,1.0,1.0,0.0,1.0,0.0,0.0,389,1.6338000000000002e-05,1,3
4090,1,0132,C,2,C,1.0,1.0,0.0,0.0,1.0,0.0,389,1.6338000000000002e-05,1,3
4090,3,0231,C,2,C,1.0,0.99,0.0,0.0,1.0,0.0,389,1.6338000000000002e-05,1,3
4090,5,0321,B,1,B,1.0,1.0,0.0,1.0,0.0,0.0,389,1.6338000000000002e-05,1,3
4090,7,1032,C,2,C,1.0,1.0,0.0,0.0,1.0,0.0,389,1.6338000000000002e-05,1,3
4090,8,1203,D,3,D,1.0,1.0,0.0,0.0,0.0,1.0,389,1.6338000000000002e-05,1,3
4090,6,1023,D,3,D,1.0,1.0,0.0,0.0,0.0,1.0,389,1.6338000000000002e-05,1,3
4090,9,1230,C,2,C,1.0,1.0,0.0,0.0,1.0,0.0,389,1.6338000000000002e-05,1,3
4090,10,1302,B,1,B,1.0,1.0,0.0,1.0,0.0,0.0,389,1.6338000000000002e-05,1,3
4090,11,1320,B,1,B,1.0,1.0,0.0,1.0,0.0,0.0,389,1.6338000000000002e-05,1,3
4090,12,2013,D,3,D,1.0,1.0,0.0,0.0,0.0,1.0,389,1.6338000000000002e-05,1,3
4090,13,2031,C,2,C,1.0,1.0,0.0,0.0,1.0,0.0,389,1.6338000000000002e-05,1,3
4090,15,2130,C,2,C,1.0,1.0,0.0,0.0,1.0,0.0,389,1.6338000000000002e-05,1,3
4090,14,2103,D,3,D,1.0,1.0,0.0,0.0,0.0,1.0,389,1.6338000000000002e-05,1,3
4090,17,2310,B,1,B,1.0,0.99,0.0,1.0,0.0,0.0,389,1.6338000000000002e-05,1,3
4090,18,3012,A,0,A,1.0,1.0,1.0,0.0,0.0,0.0,389,1.6338000000000002e-05,1,3
4090,19,3021,A,0,A,1.0,1.0,1.0,0.0,0.0,0.0,389,1.6338000000000002e-05,1,3
4090,16,2301,B,1,B,1.0,0.99,0.0,1.0,0.0,0.0,389,1.6338000000000002e-05,1,3
4090,20,3102,A,0,A,1.0,1.0,1.0,0.0,0.0,0.0,389,1.6338000000000002e-05,1,3
4090,21,3120,A,0,A,1.0,1.0,1.0,0.0,0.0,0.0,389,1.6338000000000002e-05,1,3
4090,23,3210,A,0,A,1.0,1.0,1.0,0.0,0.0,0.0,389,1.6338000000000002e-05,1,3
4090,22,3201,A,0,A,1.0,1.0,1.0,0.0,0.0,0.0,389,1.6338000000000002e-05,1,3
5949,0,0123,D,3,D,0.98,0.98,0.02,0.0,0.0,0.98,371,1.5582e-05,1,3
5949,1,0132,C,2,C,0.98,0.97,0.02,0.0,0.98,0.0,371,1.5582e-05,1,3
5949,2,0213,D,3,D,0.98,0.97,0.02,0.0,0.0,0.98,371,1.5582e-05,1,3
5949,3,0231,C,2,C,0.98,0.98,0.02,0.0,0.98,0.0,371,1.5582e-05,1,3
5949,5,0321,B,1,B,0.99,0.99,0.01,0.99,0.0,0.0,371,1.5582e-05,1,3
5949,4,0312,B,1,B,0.98,0.98,0.02,0.98,0.0,0.0,371,1.5582e-05,1,3
5949,7,1032,C,2,C,0.99,0.99,0.0,0.01,0.99,0.0,371,1.5582e-05,1,3
5949,8,1203,D,3,D,0.99,0.99,0.0,0.0,0.01,0.99,371,1.5582e-05,1,3
5949,6,1023,D,3,D,0.99,0.98,0.0,0.01,0.0,0.99,371,1.5582e-05,1,3
5949,9,1230,C,2,C,0.99,0.99,0.0,0.0,0.99,0.01,371,1.5582e-05,1,3
5949,11,1320,B,1,B,0.99,0.99,0.0,0.99,0.0,0.01,371,1.5582e-05,1,3
5949,13,2031,C,2,C,1.0,0.99,0.0,0.0,1.0,0.0,371,1.5582e-05,1,3
5949,10,1302,B,1,B,0.99,0.99,0.0,0.99,0.01,0.0,371,1.5582e-05,1,3
5949,12,2013,D,3,D,0.99,0.99,0.0,0.01,0.0,0.99,371,1.5582e-05,1,3
5949,15,2130,C,2,C,0.99,0.99,0.0,0.0,0.99,0.01,371,1.5582e-05,1,3
5949,16,2301,B,1,B,1.0,0.99,0.0,1.0,0.0,0.0,371,1.5582e-05,1,3
5949,14,2103,D,3,D,0.99,0.99,0.0,0.0,0.01,0.99,371,1.5582e-05,1,3
5949,19,3021,A,0,A,1.0,1.0,1.0,0.0,0.0,0.0,371,1.5582e-05,1,3
5949,18,3012,A,0,A,1.0,1.0,1.0,0.0,0.0,0.0,371,1.5582e-05,1,3
5949,20,3102,A,0,A,1.0,0.99,1.0,0.0,0.0,0.0,371,1.5582e-05,1,3
5949,23,3210,A,0,A,0.99,0.99,0.99,0.0,0.0,0.01,371,1.5582e-05,1,3
5949,22,3201,A,0,A,1.0,0.99,1.0,0.0,0.0,0.0,371,1.5582e-05,1,3
5949,17,2310,B,1,B,0.99,0.99,0.0,0.99,0.0,0.01,371,1.5582e-05,1,3
5949,21,3120,A,0,A,1.0,0.99,1.0,0.0,0.0,0.0,371,1.5582e-05,1,3
8078,0,0123,C,2,C,0.6000000000000001,0.46,0.07,0.09,0.6000000000000001,0.24,397,1.6674e-05,1,2
8078,1,0132,D,3,D,0.62,0.49,0.13,0.07,0.18,0.62,397,1.6674e-05,1,2
8078,2,0213,B,1,B,0.54,0.4,0.18,0.54,0.07,0.21,397,1.6674e-05,1,2
8078,5,0321,C,2,C,0.47000000000000003,0.29,0.15,0.33,0.47000000000000003,0.05,397,1.6674e-05,1,2
8078,3,0231,B,1,B,0.55,0.4,0.11,0.55,0.26,0.08,397,1.6674e-05,1,2
8078,8,1203,B,1,B,0.71,0.6000000000000001,0.07,0.71,0.02,0.2,397,1.6674e-05,1,2
8078,4,0312,D,3,D,0.58,0.43,0.11,0.25,0.06,0.58,397,1.6674e-05,1,2
8078,6,1023,C,2,C,0.5700000000000001,0.43,0.1,0.06,0.5700000000000001,0.27,397,1.6674e-05,1,2
8078,7,1032,D,3,D,0.58,0.44,0.09,0.08,0.25,0.58,397,1.6674e-05,1,2
8078,10,1302,D,3,D,0.56,0.42,0.09,0.26,0.09,0.56,397,1.6674e-05,1,2
8078,9,1230,B,1,B,0.73,0.64,0.09,0.73,0.14,0.04,397,1.6674e-05,1,2
8078,11,1320,C,2,C,0.66,0.55,0.09,0.21,0.66,0.04,397,1.6674e-05,1,2
8078,12,2013,A,0,A,0.7000000000000001,0.61,0.7000000000000001,0.02,0.05,0.23,397,1.6674e-05,1,2
8078,13,2031,A,0,A,0.67,0.56,0.67,0.02,0.26,0.05,397,1.6674e-05,1,2
8078,14,2103,A,0,A,0.71,0.6000000000000001,0.71,0.05,0.04,0.2,397,1.6674e-05,1,2
8078,15,2130,A,0,A,0.77,0.6900000000000001,0.77,0.04,0.12,0.07,397,1.6674e-05,1,2
8078,16,2301,A,0,A,0.72,0.62,0.72,0.13,0.09,0.06,397,1.6674e-05,1,2
8078,19,3021,C,2,C,0.54,0.38,0.30000000000000004,0.08,0.54,0.08,397,1.6674e-05,1,2
8078,18,3012,D,3,D,0.62,0.48,0.24,0.08,0.06,0.62,397,1.6674e-05,1,2
8078,17,2310,A,0,A,0.76,0.68,0.76,0.12,0.04,0.08,397,1.6674e-05,1,2
8078,20,3102,D,3,D,0.64,0.52,0.22,0.06,0.08,0.64,397,1.6674e-05,1,2
8078,22,3201,B,1,B,0.7000000000000001,0.6000000000000001,0.2,0.7000000000000001,0.03,0.07,397,1.6674e-05,1,2
8078,21,3120,C,2,C,0.67,0.56,0.23,0.05,0.67,0.05,397,1.6674e-05,1,2
8078,23,3210,B,1,B,0.63,0.51,0.24,0.63,0.05,0.08,397,1.6674e-05,1,2
5927,0,0123,C,2,B,0.64,0.52,0.0,0.64,0.36,0.0,375,1.5750000000000003e-05,0,1
5927,3,0231,B,1,D,0.84,0.78,0.0,0.16,0.0,0.84,375,1.5750000000000003e-05,0,1
5927,4,0312,D,3,C,0.54,0.39,0.0,0.0,0.54,0.46,375,1.5750000000000003e-05,0,1
5927,2,0213,B,1,C,0.77,0.7000000000000001,0.0,0.23,0.77,0.0,375,1.5750000000000003e-05,0,1
5927,5,0321,C,2,D,0.81,0.74,0.0,0.0,0.19,0.81,375,1.5750000000000003e-05,0,1
5927,6,1023,C,2,A,0.72,0.62,0.72,0.0,0.28,0.0,375,1.5750000000000003e-05,0,1
5927,8,1203,B,1,A,0.61,0.47000000000000003,0.61,0.39,0.0,0.0,375,1.5750000000000003e-05,0,1
5927,7,1032,D,3,A,0.54,0.38,0.54,0.0,0.0,0.46,375,1.5750000000000003e-05,0,1
5927,9,1230,B,1,A,0.6000000000000001,0.47000000000000003,0.6000000000000001,0.4,0.0,0.0,375,1.5750000000000003e-05,0,1
5927,10,1302,D,3,A,0.5700000000000001,0.43,0.5700000000000001,0.0,0.0,0.43,375,1.5750000000000003e-05,0,1
5927,12,2013,A,0,C,0.6900000000000001,0.59,0.31,0.0,0.6900000000000001,0.0,375,1.5750000000000003e-05,0,1
5927,1,0132,D,3,D,0.54,0.38,0.0,0.46,0.0,0.54,375,1.5750000000000003e-05,1,2
5927,11,1320,C,2,A,0.61,0.47000000000000003,0.61,0.0,0.39,0.0,375,1.5750000000000003e-05,0,1
5927,13,2031,A,0,D,0.59,0.46,0.41000000000000003,0.0,0.0,0.59,375,1.5750000000000003e-05,0,1
5927,14,2103,A,0,B,0.62,0.49,0.38,0.62,0.0,0.0,375,1.5750000000000003e-05,0,1
5927,15,2130,A,0,B,0.65,0.53,0.35000000000000003,0.65,0.0,0.0,375,1.5750000000000003e-05,0,1
5927,16,2301,A,0,D,0.68,0.5700000000000001,0.32,0.0,0.0,0.68,375,1.5750000000000003e-05,0,1
5927,17,2310,A,0,C,0.61,0.48,0.39,0.0,0.61,0.0,375,1.5750000000000003e-05,0,1
5927,18,3012,D,3,C,0.61,0.47000000000000003,0.0,0.0,0.61,0.39,375,1.5750000000000003e-05,0,1
5927,20,3102,D,3,D,0.56,0.41000000000000003,0.0,0.44,0.0,0.56,375,1.5750000000000003e-05,1,2
5927,23,3210,B,1,C,0.77,0.6900000000000001,0.0,0.23,0.77,0.0,375,1.5750000000000003e-05,0,1
5927,21,3120,C,2,B,0.61,0.47000000000000003,0.0,0.61,0.39,0.0,375,1.5750000000000003e-05,0,1
5927,22,3201,B,1,D,0.87,0.8200000000000001,0.0,0.13,0.0,0.87,375,1.5750000000000003e-05,0,1
5380,0,0123,C,2,D,0.6900000000000001,0.58,0.0,0.0,0.31,0.6900000000000001,363,1.5246000000000001e-05,0,3
5927,19,3021,C,2,D,0.8300000000000001,0.77,0.0,0.0,0.17,0.8300000000000001,375,1.5750000000000003e-05,0,1
5380,1,0132,D,3,C,0.78,0.7000000000000001,0.0,0.0,0.78,0.22,363,1.5246000000000001e-05,0,3
5380,2,0213,B,1,D,0.67,0.55,0.0,0.33,0.0,0.67,363,1.5246000000000001e-05,0,3
5380,3,0231,B,1,C,0.66,0.55,0.0,0.33,0.66,0.01,363,1.5246000000000001e-05,0,3
5380,5,0321,C,2,B,0.75,0.67,0.0,0.75,0.24,0.01,363,1.5246000000000001e-05,0,3
5380,6,1023,C,2,D,0.61,0.49,0.01,0.0,0.38,0.61,363,1.5246000000000001e-05,0,3
5380,7,1032,D,3,C,0.75,0.67,0.01,0.0,0.75,0.24,363,1.5246000000000001e-05,0,3
5380,8,1203,B,1,D,0.74,0.66,0.01,0.25,0.0,0.74,363,1.5246000000000001e-05,0,3
5380,4,0312,D,3,B,0.72,0.61,0.0,0.72,0.0,0.28,363,1.5246000000000001e-05,0,3
5380,9,1230,B,1,C,0.74,0.65,0.01,0.25,0.74,0.0,363,1.5246000000000001e-05,0,3
5380,10,1302,D,3,B,0.7000000000000001,0.61,0.01,0.7000000000000001,0.0,0.29,363,1.5246000000000001e-05,0,3
5380,12,2013,A,0,D,0.65,0.53,0.34,0.0,0.01,0.65,363,1.5246000000000001e-05,0,3
5380,11,1320,C,2,B,0.8200000000000001,0.76,0.01,0.8200000000000001,0.17,0.0,363,1.5246000000000001e-05,0,3
5380,13,2031,A,0,C,0.62,0.49,0.37,0.0,0.62,0.01,363,1.5246000000000001e-05,0,3
5380,15,2130,A,0,C,0.6000000000000001,0.46,0.4,0.0,0.6000000000000001,0.0,363,1.5246000000000001e-05,0,3
5380,18,3012,D,3,A,0.78,0.71,0.78,0.0,0.01,0.21,363,1.5246000000000001e-05,0,3
5380,14,2103,A,0,D,0.63,0.49,0.37,0.0,0.0,0.63,363,1.5246000000000001e-05,0,3
5380,17,2310,A,0,B,0.65,0.54,0.34,0.65,0.01,0.0,363,1.5246000000000001e-05,0,3
5380,16,2301,A,0,B,0.68,0.5700000000000001,0.31,0.68,0.0,0.01,363,1.5246000000000001e-05,0,3
5380,21,3120,C,2,A,0.84,0.79,0.84,0.01,0.15,0.0,363,1.5246000000000001e-05,0,3
5380,19,3021,C,2,A,0.85,0.8,0.85,0.0,0.14,0.01,363,1.5246000000000001e-05,0,3
5380,20,3102,D,3,A,0.8,0.73,0.8,0.01,0.0,0.19,363,1.5246000000000001e-05,0,3
2471,0,0123,D,3,B,0.51,0.34,0.17,0.51,0.25,0.07,375,1.5750000000000003e-05,0,1
5380,22,3201,B,1,A,0.9,0.86,0.9,0.1,0.0,0.0,363,1.5246000000000001e-05,0,3
2471,1,0132,C,2,B,0.5,0.34,0.2,0.5,0.07,0.23,375,1.5750000000000003e-05,0,1
2471,2,0213,D,3,C,0.5700000000000001,0.44,0.14,0.23,0.5700000000000001,0.06,375,1.5750000000000003e-05,0,1
2471,4,0312,B,1,C,0.71,0.61,0.09,0.05,0.71,0.15,375,1.5750000000000003e-05,0,1
2471,3,0231,C,2,D,0.6900000000000001,0.58,0.1,0.17,0.04,0.6900000000000001,375,1.5750000000000003e-05,0,1
5380,23,3210,B,1,A,0.88,0.84,0.88,0.11,0.01,0.0,363,1.5246000000000001e-05,0,3
2471,6,1023,D,3,A,0.75,0.68,0.75,0.08,0.12,0.05,375,1.5750000000000003e-05,0,1
2471,9,1230,C,2,A,0.64,0.53,0.64,0.17,0.15,0.04,375,1.5750000000000003e-05,0,1
2471,7,1032,C,2,A,0.76,0.67,0.76,0.08,0.04,0.12,375,1.5750000000000003e-05,0,1
2471,5,0321,B,1,D,0.5700000000000001,0.43,0.12,0.07,0.24,0.5700000000000001,375,1.5750000000000003e-05,0,1
2471,8,1203,D,3,A,0.72,0.62,0.72,0.15,0.08,0.05,375,1.5750000000000003e-05,0,1
2471,11,1320,B,1,A,0.7000000000000001,0.6000000000000001,0.7000000000000001,0.13,0.14,0.03,375,1.5750000000000003e-05,0,1
2471,10,1302,B,1,A,0.7000000000000001,0.61,0.7000000000000001,0.14,0.02,0.14,375,1.5750000000000003e-05,0,1
2471,12,2013,D,3,C,0.51,0.34,0.28,0.1,0.51,0.11,375,1.5750000000000003e-05,0,1
2471,13,2031,C,2,D,0.58,0.44,0.27,0.09,0.06,0.58,375,1.5750000000000003e-05,0,1
2471,14,2103,D,3,B,0.42,0.22,0.35000000000000003,0.42,0.15,0.08,375,1.5750000000000003e-05,0,1
2471,16,2301,B,1,D,0.49,0.32,0.31,0.17,0.03,0.49,375,1.5750000000000003e-05,0,1
2471,15,2130,C,2,B,0.42,0.23,0.34,0.42,0.19,0.05,375,1.5750000000000003e-05,0,1
2471,18,3012,A,0,C,0.6000000000000001,0.46,0.19,0.03,0.6000000000000001,0.18,375,1.5750000000000003e-05,0,1
2471,17,2310,B,1,C,0.55,0.4,0.27,0.14,0.55,0.04,375,1.5750000000000003e-05,0,1
2471,19,3021,A,0,D,0.53,0.37,0.21,0.03,0.23,0.53,375,1.5750000000000003e-05,0,1
2471,20,3102,A,0,B,0.59,0.45,0.18,0.59,0.02,0.21,375,1.5750000000000003e-05,0,1
2471,21,3120,A,0,B,0.53,0.37,0.19,0.53,0.23,0.05,375,1.5750000000000003e-05,0,1
2471,22,3201,A,0,D,0.59,0.45,0.2,0.19,0.02,0.59,375,1.5750000000000003e-05,0,1
2471,23,3210,A,0,C,0.66,0.55,0.15,0.15,0.66,0.04,375,1.5750000000000003e-05,0,1
6255,0,0123,D,3,D,0.66,0.56,0.06,0.25,0.03,0.66,385,1.6170000000000003e-05,1,3
6255,2,0213,D,3,D,0.78,0.71,0.05,0.03,0.14,0.78,385,1.6170000000000003e-05,1,3
6255,1,0132,C,2,C,0.6900000000000001,0.58,0.04,0.23,0.6900000000000001,0.04,385,1.6170000000000003e-05,1,3
6255,4,0312,B,1,B,0.85,0.8,0.03,0.85,0.09,0.03,385,1.6170000000000003e-05,1,3
6255,5,0321,B,1,B,0.9,0.87,0.03,0.9,0.03,0.04,385,1.6170000000000003e-05,1,3
6255,3,0231,C,2,C,0.87,0.8300000000000001,0.03,0.02,0.87,0.08,385,1.6170000000000003e-05,1,3
6255,6,1023,D,3,D,0.68,0.5700000000000001,0.26,0.04,0.02,0.68,385,1.6170000000000003e-05,1,3
6255,7,1032,C,2,C,0.71,0.62,0.23,0.04,0.71,0.02,385,1.6170000000000003e-05,1,3
6255,9,1230,C,2,C,0.75,0.67,0.18,0.04,0.75,0.03,385,1.6170000000000003e-05,1,3
6255,8,1203,D,3,D,0.73,0.65,0.2,0.04,0.03,0.73,385,1.6170000000000003e-05,1,3
6255,10,1302,B,1,B,0.81,0.75,0.14,0.81,0.02,0.03,385,1.6170000000000003e-05,1,3
6255,11,1320,B,1,B,0.8,0.74,0.15,0.8,0.03,0.02,385,1.6170000000000003e-05,1,3
6255,14,2103,D,3,D,0.8200000000000001,0.77,0.05,0.1,0.03,0.8200000000000001,385,1.6170000000000003e-05,1,3
6255,13,2031,C,2,C,0.87,0.8200000000000001,0.05,0.02,0.87,0.06,385,1.6170000000000003e-05,1,3
6255,15,2130,C,2,C,0.76,0.67,0.06,0.15,0.76,0.03,385,1.6170000000000003e-05,1,3
6255,16,2301,B,1,B,0.91,0.9,0.03,0.91,0.02,0.04,385,1.6170000000000003e-05,1,3
6255,12,2013,D,3,D,0.8200000000000001,0.75,0.05,0.04,0.09,0.8200000000000001,385,1.6170000000000003e-05,1,3
6255,17,2310,B,1,B,0.92,0.9,0.02,0.92,0.04,0.02,385,1.6170000000000003e-05,1,3
6255,18,3012,A,0,A,0.86,0.81,0.86,0.02,0.1,0.02,385,1.6170000000000003e-05,1,3
6255,19,3021,A,0,A,0.91,0.87,0.91,0.02,0.03,0.04,385,1.6170000000000003e-05,1,3
6255,20,3102,A,0,A,0.84,0.79,0.84,0.12,0.02,0.02,385,1.6170000000000003e-05,1,3
6255,21,3120,A,0,A,0.84,0.79,0.84,0.12,0.02,0.02,385,1.6170000000000003e-05,1,3
6255,22,3201,A,0,A,0.89,0.86,0.89,0.03,0.02,0.06,385,1.6170000000000003e-05,1,3
3607,0,0123,B,1,B,0.97,0.97,0.01,0.97,0.01,0.01,390,1.638e-05,1,1
3607,1,0132,B,1,B,0.98,0.97,0.01,0.98,0.0,0.01,390,1.638e-05,1,1
6255,23,3210,A,0,A,0.89,0.86,0.89,0.04,0.05,0.02,385,1.6170000000000003e-05,1,3
3607,2,0213,C,2,C,0.96,0.9500000000000001,0.01,0.02,0.96,0.01,390,1.638e-05,1,1
3607,3,0231,D,3,D,0.96,0.9400000000000001,0.01,0.02,0.01,0.96,390,1.638e-05,1,1
3607,5,0321,D,3,D,0.96,0.9400000000000001,0.01,0.02,0.01,0.96,390,1.638e-05,1,1
3607,4,0312,C,2,C,0.97,0.96,0.01,0.01,0.97,0.01,390,1.638e-05,1,1
3607,6,1023,A,0,A,0.9400000000000001,0.92,0.9400000000000001,0.01,0.02,0.03,390,1.638e-05,1,1
3607,8,1203,A,0,A,0.92,0.9,0.92,0.03,0.02,0.03,390,1.638e-05,1,1
3607,9,1230,A,0,A,0.9400000000000001,0.92,0.9400000000000001,0.03,0.01,0.02,390,1.638e-05,1,1
3607,7,1032,A,0,A,0.92,0.89,0.92,0.02,0.03,0.03,390,1.638e-05,1,1
3607,11,1320,A,0,A,0.93,0.91,0.93,0.01,0.02,0.03,390,1.638e-05,1,1
3607,10,1302,A,0,A,0.9400000000000001,0.93,0.9400000000000001,0.01,0.02,0.03,390,1.638e-05,1,1
3607,12,2013,C,2,C,0.9500000000000001,0.9400000000000001,0.03,0.01,0.9500000000000001,0.01,390,1.638e-05,1,1
3607,13,2031,D,3,D,0.93,0.91,0.04,0.01,0.01,0.93,390,1.638e-05,1,1
3607,16,2301,D,3,D,0.9400000000000001,0.92,0.04,0.01,0.01,0.9400000000000001,390,1.638e-05,1,1
3607,14,2103,B,1,B,0.91,0.87,0.05,0.91,0.02,0.02,390,1.638e-05,1,1
3607,15,2130,B,1,B,0.92,0.89,0.05,0.92,0.01,0.02,390,1.638e-05,1,1
3607,19,3021,D,3,D,0.9500000000000001,0.9400000000000001,0.02,0.01,0.02,0.9500000000000001,390,1.638e-05,1,1
3607,18,3012,C,2,C,0.98,0.96,0.01,0.0,0.98,0.01,390,1.638e-05,1,1
3607,17,2310,C,2,C,0.91,0.89,0.05,0.02,0.91,0.02,390,1.638e-05,1,1
3607,20,3102,B,1,B,0.92,0.9,0.03,0.92,0.02,0.03,390,1.638e-05,1,1
3607,21,3120,B,1,B,0.929999999999999,0.91,0.03,0.929999999999999,0.02,0.02,390,1.638e-05,1,1
3607,22,3201,D,3,D,0.9500000000000001,0.9400000000000001,0.02,0.02,0.01,0.9500000000000001,390,1.638e-05,1,1
3607,23,3210,C,2,C,0.93,0.9,0.03,0.02,0.93,0.02,390,1.638e-05,1,1
8478,0,0123,C,2,C,0.99,0.99,0.0,0.0,0.99,0.01,372,1.5624e-05,1,2
8478,1,0132,D,3,D,0.99,0.98,0.0,0.0,0.01,0.99,372,1.5624e-05,1,2
8478,3,0231,B,1,B,0.99,0.98,0.0,0.99,0.01,0.0,372,1.5624e-05,1,2
8478,2,0213,B,1,B,0.98,0.97,0.0,0.98,0.0,0.02,372,1.5624e-05,1,2
8478,6,1023,C,2,C,0.99,0.99,0.0,0.0,0.99,0.01,372,1.5624e-05,1,2
8478,4,0312,D,3,D,0.99,0.98,0.0,0.01,0.0,0.99,372,1.5624e-05,1,2
8478,8,1203,B,1,B,0.99,0.98,0.0,0.99,0.0,0.01,372,1.5624e-05,1,2
8478,7,1032,D,3,D,0.99,0.98,0.0,0.0,0.01,0.99,372,1.5624e-05,1,2
8478,5,0321,C,2,C,0.98,0.98,0.0,0.02,0.98,0.0,372,1.5624e-05,1,2
8478,9,1230,B,1,B,0.99,0.99,0.0,0.99,0.01,0.0,372,1.5624e-05,1,2
8478,10,1302,D,3,D,0.99,0.98,0.0,0.01,0.0,0.99,372,1.5624e-05,1,2
8478,12,2013,A,0,A,0.99,0.99,0.99,0.0,0.0,0.01,372,1.5624e-05,1,2
8478,11,1320,C,2,C,0.98,0.97,0.0,0.02,0.98,0.0,372,1.5624e-05,1,2
8478,13,2031,A,0,A,1.0,1.0,1.0,0.0,0.0,0.0,372,1.5624e-05,1,2
8478,14,2103,A,0,A,0.99,0.99,0.99,0.0,0.0,0.01,372,1.5624e-05,1,2
8478,17,2310,A,0,A,0.99,0.99,0.99,0.01,0.0,0.0,372,1.5624e-05,1,2
8478,16,2301,A,0,A,0.99,0.98,0.99,0.01,0.0,0.0,372,1.5624e-05,1,2
8478,15,2130,A,0,A,1.0,0.99,1.0,0.0,0.0,0.0,372,1.5624e-05,1,2
8478,18,3012,D,3,D,0.98,0.97,0.02,0.0,0.0,0.98,372,1.5624e-05,1,2
8478,21,3120,C,2,C,0.97,0.96,0.03,0.0,0.97,0.0,372,1.5624e-05,1,2
8478,20,3102,D,3,D,0.99,0.98,0.01,0.0,0.0,0.99,372,1.5624e-05,1,2
8478,19,3021,C,2,C,0.98,0.97,0.02,0.0,0.98,0.0,372,1.5624e-05,1,2
8478,23,3210,B,1,B,0.97,0.96,0.03,0.97,0.0,0.0,372,1.5624e-05,1,2
8478,22,3201,B,1,B,0.97,0.96,0.03,0.97,0.0,0.0,372,1.5624e-05,1,2
7525,1,0132,B,1,B,0.9400000000000001,0.92,0.01,0.9400000000000001,0.0,0.05,404,1.6968e-05,1,1
7525,0,0123,B,1,B,0.9500000000000001,0.93,0.0,0.9500000000000001,0.05,0.0,404,1.6968e-05,1,1
7525,2,0213,C,2,C,0.63,0.51,0.01,0.35000000000000003,0.63,0.01,404,1.6968e-05,1,1
7525,3,0231,D,3,D,0.8300000000000001,0.78,0.01,0.16,0.0,0.8300000000000001,404,1.6968e-05,1,1
7525,5,0321,D,3,D,0.8,0.74,0.01,0.01,0.18,0.8,404,1.6968e-05,1,1
7525,4,0312,C,2,C,0.9500000000000001,0.9400000000000001,0.01,0.0,0.9500000000000001,0.04,404,1.6968e-05,1,1
7525,6,1023,A,0,A,0.91,0.88,0.91,0.0,0.09,0.0,404,1.6968e-05,1,1
7525,7,1032,A,0,A,0.9500000000000001,0.92,0.9500000000000001,0.0,0.0,0.05,404,1.6968e-05,1,1
7525,8,1203,A,0,A,0.81,0.74,0.81,0.19,0.0,0.0,404,1.6968e-05,1,1
7525,10,1302,A,0,A,0.93,0.91,0.93,0.01,0.0,0.06,404,1.6968e-05,1,1
7525,9,1230,A,0,A,0.84,0.78,0.84,0.16,0.0,0.0,404,1.6968e-05,1,1
7525,12,2013,C,2,C,0.71,0.61,0.28,0.0,0.71,0.01,404,1.6968e-05,1,1
7525,11,1320,A,0,A,0.92,0.89,0.92,0.01,0.07,0.0,404,1.6968e-05,1,1
7525,13,2031,D,3,D,0.8200000000000001,0.76,0.17,0.0,0.01,0.8200000000000001,404,1.6968e-05,1,1
7525,14,2103,B,1,B,0.76,0.67,0.23,0.76,0.0,0.01,404,1.6968e-05,1,1
7525,15,2130,B,1,B,0.79,0.71,0.2,0.79,0.01,0.0,404,1.6968e-05,1,1
7525,16,2301,D,3,D,0.85,0.8,0.14,0.01,0.0,0.85,404,1.6968e-05,1,1
7525,19,3021,D,3,D,0.84,0.79,0.01,0.0,0.15,0.84,404,1.6968e-05,1,1
7525,20,3102,B,1,B,0.92,0.88,0.01,0.92,0.0,0.07,404,1.6968e-05,1,1
7525,21,3120,B,1,B,0.92,0.89,0.01,0.92,0.07,0.0,404,1.6968e-05,1,1
7525,18,3012,C,2,C,0.9500000000000001,0.9400000000000001,0.01,0.0,0.9500000000000001,0.04,404,1.6968e-05,1,1
7525,22,3201,D,3,D,0.73,0.63,0.02,0.25,0.0,0.73,404,1.6968e-05,1,1
7525,17,2310,C,2,C,0.79,0.71,0.2,0.01,0.79,0.0,404,1.6968e-05,1,1
643,0,0123,D,3,D,0.89,0.85,0.0,0.11,0.0,0.89,392,1.6464000000000004e-05,1,3
7525,23,3210,C,2,C,0.72,0.61,0.01,0.27,0.72,0.0,404,1.6968e-05,1,1
643,1,0132,C,2,C,0.87,0.8300000000000001,0.0,0.12,0.87,0.01,392,1.6464000000000004e-05,1,3
643,3,0231,C,2,C,0.75,0.66,0.0,0.0,0.75,0.25,392,1.6464000000000004e-05,1,3
643,2,0213,D,3,D,0.85,0.8,0.0,0.0,0.15,0.85,392,1.6464000000000004e-05,1,3
643,4,0312,B,1,B,0.64,0.53,0.0,0.64,0.34,0.02,392,1.6464000000000004e-05,1,3
643,7,1032,C,2,C,0.8300000000000001,0.77,0.17,0.0,0.8300000000000001,0.0,392,1.6464000000000004e-05,1,3
643,6,1023,D,3,D,0.8,0.73,0.2,0.0,0.0,0.8,392,1.6464000000000004e-05,1,3
643,5,0321,B,1,B,0.67,0.56,0.0,0.67,0.01,0.32,392,1.6464000000000004e-05,1,3
643,8,1203,D,3,D,0.8,0.73,0.19,0.01,0.0,0.8,392,1.6464000000000004e-05,1,3
643,11,1320,B,1,B,0.8300000000000001,0.77,0.17,0.8300000000000001,0.0,0.0,392,1.6464000000000004e-05,1,3
643,10,1302,B,1,B,0.8300000000000001,0.77,0.16,0.8300000000000001,0.0,0.01,392,1.6464000000000004e-05,1,3
643,9,1230,C,2,C,0.8200000000000001,0.76,0.17,0.01,0.8200000000000001,0.0,392,1.6464000000000004e-05,1,3
643,15,2130,C,2,C,0.86,0.8,0.0,0.14,0.86,0.0,392,1.6464000000000004e-05,1,3
643,14,2103,D,3,D,0.87,0.8200000000000001,0.0,0.13,0.0,0.87,392,1.6464000000000004e-05,1,3
643,12,2013,D,3,D,0.88,0.84,0.0,0.0,0.12,0.88,392,1.6464000000000004e-05,1,3
643,13,2031,C,2,C,0.71,0.62,0.01,0.0,0.71,0.28,392,1.6464000000000004e-05,1,3
643,17,2310,B,1,B,0.75,0.66,0.0,0.75,0.25,0.0,392,1.6464000000000004e-05,1,3
643,16,2301,B,1,B,0.67,0.56,0.01,0.67,0.0,0.32,392,1.6464000000000004e-05,1,3
643,18,3012,A,0,A,0.64,0.52,0.64,0.0,0.35000000000000003,0.01,392,1.6464000000000004e-05,1,3
643,20,3102,A,0,A,0.67,0.56,0.67,0.33,0.0,0.0,392,1.6464000000000004e-05,1,3
643,19,3021,A,0,A,0.68,0.5700000000000001,0.68,0.0,0.0,0.32,392,1.6464000000000004e-05,1,3
643,21,3120,A,0,A,0.66,0.55,0.66,0.33,0.01,0.0,392,1.6464000000000004e-05,1,3
643,23,3210,A,0,A,0.71,0.61,0.71,0.0,0.29,0.0,392,1.6464000000000004e-05,1,3
643,22,3201,A,0,A,0.6900000000000001,0.6000000000000001,0.6900000000000001,0.01,0.0,0.30000000000000004,392,1.6464000000000004e-05,1,3
8285,0,0123,D,3,D,0.97,0.9500000000000001,0.03,0.0,0.0,0.97,364,1.5288e-05,1,3
8285,2,0213,D,3,D,0.9500000000000001,0.93,0.04,0.01,0.0,0.9500000000000001,364,1.5288e-05,1,3
8285,1,0132,C,2,C,0.97,0.9500000000000001,0.03,0.0,0.97,0.0,364,1.5288e-05,1,3
8285,3,0231,C,2,C,0.9500000000000001,0.93,0.03,0.02,0.9500000000000001,0.0,364,1.5288e-05,1,3
8285,5,0321,B,1,B,0.9500000000000001,0.9400000000000001,0.04,0.9500000000000001,0.01,0.0,364,1.5288e-05,1,3
8285,4,0312,B,1,B,0.9500000000000001,0.93,0.05,0.9500000000000001,0.0,0.0,364,1.5288e-05,1,3
8285,8,1203,D,3,D,0.96,0.9400000000000001,0.0,0.01,0.03,0.96,364,1.5288e-05,1,3
8285,6,1023,D,3,D,0.96,0.9500000000000001,0.0,0.03,0.01,0.96,364,1.5288e-05,1,3
8285,7,1032,C,2,C,0.97,0.96,0.0,0.02,0.97,0.01,364,1.5288e-05,1,3
8285,9,1230,C,2,C,0.99,0.98,0.0,0.0,0.99,0.01,364,1.5288e-05,1,3
8285,10,1302,B,1,B,0.99,0.98,0.0,0.99,0.01,0.0,364,1.5288e-05,1,3
8285,12,2013,D,3,D,0.9,0.87,0.06,0.04,0.0,0.9,364,1.5288e-05,1,3
8285,11,1320,B,1,B,0.99,0.98,0.0,0.99,0.0,0.01,364,1.5288e-05,1,3
8285,13,2031,C,2,C,0.87,0.8200000000000001,0.09,0.04,0.87,0.0,364,1.5288e-05,1,3
8285,16,2301,B,1,B,0.92,0.9,0.06,0.92,0.02,0.0,364,1.5288e-05,1,3
8285,15,2130,C,2,C,0.9500000000000001,0.92,0.04,0.0,0.9500000000000001,0.01,364,1.5288e-05,1,3
8285,14,2103,D,3,D,0.88,0.84,0.08,0.0,0.04,0.88,364,1.5288e-05,1,3
8285,17,2310,B,1,B,0.93,0.9,0.06,0.93,0.0,0.01,364,1.5288e-05,1,3
8285,18,3012,A,0,A,0.99,0.99,0.99,0.01,0.0,0.0,364,1.5288e-05,1,3
8285,20,3102,A,0,A,0.99,0.99,0.99,0.0,0.01,0.0,364,1.5288e-05,1,3
8285,19,3021,A,0,A,0.99,0.97,0.99,0.01,0.0,0.0,364,1.5288e-05,1,3
8285,23,3210,A,0,A,0.98,0.98,0.98,0.01,0.0,0.01,364,1.5288e-05,1,3
8285,21,3120,A,0,A,0.99,0.99,0.99,0.0,0.0,0.01,364,1.5288e-05,1,3
4114,0,0123,B,1,B,0.99,0.98,0.01,0.99,0.0,0.0,377,1.5834e-05,1,1
8285,22,3201,A,0,A,0.99,0.99,0.99,0.0,0.01,0.0,364,1.5288e-05,1,3
4114,1,0132,B,1,B,0.98,0.98,0.01,0.98,0.0,0.01,377,1.5834e-05,1,1
4114,2,0213,C,2,C,0.99,0.99,0.01,0.0,0.99,0.0,377,1.5834e-05,1,1
4114,6,1023,A,0,A,1.0,0.99,1.0,0.0,0.0,0.0,377,1.5834e-05,1,1
4114,4,0312,C,2,C,0.98,0.98,0.01,0.0,0.98,0.01,377,1.5834e-05,1,1
4114,3,0231,D,3,D,0.99,0.98,0.01,0.0,0.0,0.99,377,1.5834e-05,1,1
4114,7,1032,A,0,A,1.0,0.99,1.0,0.0,0.0,0.0,377,1.5834e-05,1,1
4114,5,0321,D,3,D,1.0,0.99,0.0,0.0,0.0,1.0,377,1.5834e-05,1,1
4114,9,1230,A,0,A,1.0,0.99,1.0,0.0,0.0,0.0,377,1.5834e-05,1,1
4114,10,1302,A,0,A,1.0,0.99,1.0,0.0,0.0,0.0,377,1.5834e-05,1,1
4114,8,1203,A,0,A,1.0,0.99,1.0,0.0,0.0,0.0,377,1.5834e-05,1,1
4114,11,1320,A,0,A,1.0,0.99,1.0,0.0,0.0,0.0,377,1.5834e-05,1,1
4114,13,2031,D,3,D,0.99,0.98,0.01,0.0,0.0,0.99,377,1.5834e-05,1,1
4114,14,2103,B,1,B,0.99,0.99,0.01,0.99,0.0,0.0,377,1.5834e-05,1,1
4114,12,2013,C,2,C,0.98,0.98,0.01,0.01,0.98,0.0,377,1.5834e-05,1,1
4114,15,2130,B,1,B,1.0,0.99,0.0,1.0,0.0,0.0,377,1.5834e-05,1,1
4114,16,2301,D,3,D,0.99,0.98,0.01,0.0,0.0,0.99,377,1.5834e-05,1,1
4114,17,2310,C,2,C,0.99,0.98,0.01,0.0,0.99,0.0,377,1.5834e-05,1,1
4114,19,3021,D,3,D,1.0,0.99,0.0,0.0,0.0,1.0,377,1.5834e-05,1,1
4114,18,3012,C,2,C,0.99,0.98,0.0,0.0,0.99,0.01,377,1.5834e-05,1,1
4114,20,3102,B,1,B,0.98,0.98,0.0,0.98,0.01,0.01,377,1.5834e-05,1,1
4114,21,3120,B,1,B,1.0,0.99,0.0,1.0,0.0,0.0,377,1.5834e-05,1,1
4114,22,3201,D,3,D,0.99,0.98,0.0,0.0,0.01,0.99,377,1.5834e-05,1,1
4114,23,3210,C,2,C,1.0,0.99,0.0,0.0,1.0,0.0,377,1.5834e-05,1,1
2969,0,0123,A,0,A,1.0,1.0,1.0,0.0,0.0,0.0,364,1.5288e-05,1,0
2969,2,0213,A,0,A,1.0,1.0,1.0,0.0,0.0,0.0,364,1.5288e-05,1,0
2969,1,0132,A,0,A,1.0,1.0,1.0,0.0,0.0,0.0,364,1.5288e-05,1,0
2969,4,0312,A,0,A,1.0,1.0,1.0,0.0,0.0,0.0,364,1.5288e-05,1,0
2969,5,0321,A,0,A,1.0,1.0,1.0,0.0,0.0,0.0,364,1.5288e-05,1,0
2969,6,1023,B,1,B,1.0,1.0,0.0,1.0,0.0,0.0,364,1.5288e-05,1,0
2969,3,0231,A,0,A,1.0,1.0,1.0,0.0,0.0,0.0,364,1.5288e-05,1,0
2969,8,1203,C,2,C,1.0,1.0,0.0,0.0,1.0,0.0,364,1.5288e-05,1,0
2969,9,1230,D,3,D,0.99,0.98,0.0,0.0,0.01,0.99,364,1.5288e-05,1,0
2969,10,1302,C,2,C,0.99,0.99,0.0,0.01,0.99,0.0,364,1.5288e-05,1,0
2969,12,2013,B,1,B,1.0,0.99,0.0,1.0,0.0,0.0,364,1.5288e-05,1,0
2969,11,1320,D,3,D,0.99,0.99,0.0,0.01,0.0,0.99,364,1.5288e-05,1,0
2969,15,2130,D,3,D,0.99,0.99,0.0,0.0,0.01,0.99,364,1.5288e-05,1,0
2969,16,2301,C,2,C,0.99,0.98,0.0,0.01,0.99,0.0,364,1.5288e-05,1,0
2969,13,2031,B,1,B,1.0,1.0,0.0,1.0,0.0,0.0,364,1.5288e-05,1,0
2969,17,2310,D,3,D,0.99,0.99,0.0,0.01,0.0,0.99,364,1.5288e-05,1,0
2969,18,3012,B,1,B,0.99,0.99,0.01,0.99,0.0,0.0,364,1.5288e-05,1,0
2969,19,3021,B,1,B,0.99,0.99,0.01,0.99,0.0,0.0,364,1.5288e-05,1,0
2969,20,3102,C,2,C,1.0,0.99,0.0,0.0,1.0,0.0,364,1.5288e-05,1,0
2969,22,3201,C,2,C,0.99,0.99,0.01,0.0,0.99,0.0,364,1.5288e-05,1,0
2969,21,3120,D,3,D,0.99,0.99,0.01,0.0,0.0,0.99,364,1.5288e-05,1,0
2969,23,3210,D,3,D,0.99,0.99,0.01,0.0,0.0,0.99,364,1.5288e-05,1,0
5258,0,0123,A,0,A,1.0,1.0,1.0,0.0,0.0,0.0,374,1.5708e-05,1,0
5258,1,0132,A,0,A,1.0,1.0,1.0,0.0,0.0,0.0,374,1.5708e-05,1,0
5258,4,0312,A,0,A,1.0,1.0,1.0,0.0,0.0,0.0,374,1.5708e-05,1,0
5258,3,0231,A,0,A,1.0,1.0,1.0,0.0,0.0,0.0,374,1.5708e-05,1,0
5258,2,0213,A,0,A,1.0,1.0,1.0,0.0,0.0,0.0,374,1.5708e-05,1,0
5258,5,0321,A,0,A,1.0,1.0,1.0,0.0,0.0,0.0,374,1.5708e-05,1,0
2969,7,1032,B,1,B,1.0,1.0,0.0,1.0,0.0,0.0,364,1.5288e-05,1,0
5258,6,1023,B,1,B,1.0,1.0,0.0,1.0,0.0,0.0,374,1.5708e-05,1,0
5258,10,1302,C,2,C,1.0,0.99,0.0,0.0,1.0,0.0,374,1.5708e-05,1,0
5258,8,1203,C,2,C,1.0,1.0,0.0,0.0,1.0,0.0,374,1.5708e-05,1,0
5258,9,1230,D,3,D,0.99,0.99,0.0,0.0,0.01,0.99,374,1.5708e-05,1,0
5258,7,1032,B,1,B,1.0,0.99,0.0,1.0,0.0,0.0,374,1.5708e-05,1,0
5258,12,2013,B,1,B,1.0,1.0,0.0,1.0,0.0,0.0,374,1.5708e-05,1,0
5258,11,1320,D,3,D,1.0,1.0,0.0,0.0,0.0,1.0,374,1.5708e-05,1,0
2969,14,2103,C,2,C,1.0,1.0,0.0,0.0,1.0,0.0,364,1.5288e-05,1,0
5258,14,2103,C,2,C,1.0,1.0,0.0,0.0,1.0,0.0,374,1.5708e-05,1,0
5258,13,2031,B,1,B,1.0,1.0,0.0,1.0,0.0,0.0,374,1.5708e-05,1,0
5258,15,2130,D,3,D,1.0,1.0,0.0,0.0,0.0,1.0,374,1.5708e-05,1,0
5258,16,2301,C,2,C,1.0,1.0,0.0,0.0,1.0,0.0,374,1.5708e-05,1,0
5258,19,3021,B,1,B,1.0,0.99,0.0,1.0,0.0,0.0,374,1.5708e-05,1,0
5258,20,3102,C,2,C,1.0,1.0,0.0,0.0,1.0,0.0,374,1.5708e-05,1,0
5258,22,3201,C,2,C,1.0,0.99,0.0,0.0,1.0,0.0,374,1.5708e-05,1,0
5258,21,3120,D,3,D,1.0,0.99,0.0,0.0,0.0,1.0,374,1.5708e-05,1,0
5258,23,3210,D,3,D,0.99,0.99,0.01,0.0,0.0,0.99,374,1.5708e-05,1,0
3233,0,0123,A,0,A,1.0,1.0,1.0,0.0,0.0,0.0,384,1.6128000000000002e-05,1,0
3233,1,0132,A,0,A,1.0,1.0,1.0,0.0,0.0,0.0,384,1.6128000000000002e-05,1,0
3233,2,0213,A,0,A,1.0,1.0,1.0,0.0,0.0,0.0,384,1.6128000000000002e-05,1,0
3233,3,0231,A,0,A,1.0,1.0,1.0,0.0,0.0,0.0,384,1.6128000000000002e-05,1,0
5258,17,2310,D,3,D,1.0,1.0,0.0,0.0,0.0,1.0,374,1.5708e-05,1,0
3233,4,0312,A,0,A,1.0,1.0,1.0,0.0,0.0,0.0,384,1.6128000000000002e-05,1,0
5258,18,3012,B,1,B,1.0,0.99,0.0,1.0,0.0,0.0,374,1.5708e-05,1,0
3233,5,0321,A,0,A,1.0,1.0,1.0,0.0,0.0,0.0,384,1.6128000000000002e-05,1,0
3233,6,1023,B,1,B,0.99,0.98,0.01,0.99,0.0,0.0,384,1.6128000000000002e-05,1,0
3233,9,1230,D,3,D,1.0,1.0,0.0,0.0,0.0,1.0,384,1.6128000000000002e-05,1,0
3233,8,1203,C,2,C,1.0,1.0,0.0,0.0,1.0,0.0,384,1.6128000000000002e-05,1,0
3233,10,1302,C,2,C,0.99,0.99,0.01,0.0,0.99,0.0,384,1.6128000000000002e-05,1,0
3233,11,1320,D,3,D,1.0,1.0,0.0,0.0,0.0,1.0,384,1.6128000000000002e-05,1,0
3233,7,1032,B,1,B,0.99,0.98,0.01,0.99,0.0,0.0,384,1.6128000000000002e-05,1,0
3233,12,2013,B,1,B,1.0,1.0,0.0,1.0,0.0,0.0,384,1.6128000000000002e-05,1,0
3233,14,2103,C,2,C,1.0,1.0,0.0,0.0,1.0,0.0,384,1.6128000000000002e-05,1,0
3233,13,2031,B,1,B,1.0,1.0,0.0,1.0,0.0,0.0,384,1.6128000000000002e-05,1,0
3233,15,2130,D,3,D,1.0,1.0,0.0,0.0,0.0,1.0,384,1.6128000000000002e-05,1,0
3233,16,2301,C,2,C,1.0,1.0,0.0,0.0,1.0,0.0,384,1.6128000000000002e-05,1,0
3233,17,2310,D,3,D,1.0,1.0,0.0,0.0,0.0,1.0,384,1.6128000000000002e-05,1,0
3233,18,3012,B,1,B,1.0,1.0,0.0,1.0,0.0,0.0,384,1.6128000000000002e-05,1,0
3233,20,3102,C,2,C,1.0,1.0,0.0,0.0,1.0,0.0,384,1.6128000000000002e-05,1,0
3233,19,3021,B,1,B,1.0,1.0,0.0,1.0,0.0,0.0,384,1.6128000000000002e-05,1,0
3233,23,3210,D,3,D,1.0,1.0,0.0,0.0,0.0,1.0,384,1.6128000000000002e-05,1,0
3233,22,3201,C,2,C,1.0,1.0,0.0,0.0,1.0,0.0,384,1.6128000000000002e-05,1,0
3233,21,3120,D,3,D,1.0,1.0,0.0,0.0,0.0,1.0,384,1.6128000000000002e-05,1,0
8461,0,0123,A,0,C,0.68,0.5700000000000001,0.32,0.0,0.68,0.0,360,1.5120000000000001e-05,0,2
8461,1,0132,A,0,D,0.6900000000000001,0.58,0.31,0.0,0.0,0.6900000000000001,360,1.5120000000000001e-05,0,2
8461,2,0213,A,0,B,0.75,0.66,0.25,0.75,0.0,0.0,360,1.5120000000000001e-05,0,2
8461,4,0312,A,0,D,0.68,0.56,0.32,0.0,0.0,0.68,360,1.5120000000000001e-05,0,2
8461,3,0231,A,0,B,0.76,0.67,0.24,0.76,0.0,0.0,360,1.5120000000000001e-05,0,2
8461,6,1023,B,1,C,0.76,0.67,0.0,0.24,0.76,0.0,360,1.5120000000000001e-05,0,2
8461,5,0321,A,0,C,0.62,0.49,0.38,0.0,0.62,0.0,360,1.5120000000000001e-05,0,2
8461,7,1032,B,1,D,0.73,0.63,0.01,0.26,0.0,0.73,360,1.5120000000000001e-05,0,2
8461,8,1203,C,2,B,0.93,0.9,0.0,0.93,0.07,0.0,360,1.5120000000000001e-05,0,2
8461,9,1230,D,3,B,0.9400000000000001,0.92,0.01,0.9400000000000001,0.0,0.05,360,1.5120000000000001e-05,0,2
8461,10,1302,C,2,D,0.84,0.78,0.0,0.0,0.16,0.84,360,1.5120000000000001e-05,0,2
8461,12,2013,B,1,A,0.9400000000000001,0.91,0.9400000000000001,0.06,0.0,0.0,360,1.5120000000000001e-05,0,2
8461,11,1320,D,3,C,0.96,0.93,0.0,0.0,0.96,0.04,360,1.5120000000000001e-05,0,2
8461,14,2103,C,2,A,0.9500000000000001,0.92,0.9500000000000001,0.0,0.05,0.0,360,1.5120000000000001e-05,0,2
8461,13,2031,B,1,A,0.93,0.9,0.93,0.07,0.0,0.0,360,1.5120000000000001e-05,0,2
8461,17,2310,D,3,A,0.9400000000000001,0.91,0.9400000000000001,0.0,0.0,0.06,360,1.5120000000000001e-05,0,2
8461,15,2130,D,3,A,0.9400000000000001,0.92,0.9400000000000001,0.0,0.0,0.06,360,1.5120000000000001e-05,0,2
8461,16,2301,C,2,A,0.97,0.96,0.97,0.0,0.03,0.0,360,1.5120000000000001e-05,0,2
8461,18,3012,B,1,D,0.84,0.77,0.0,0.16,0.0,0.84,360,1.5120000000000001e-05,0,2
8461,20,3102,C,2,D,0.8300000000000001,0.76,0.0,0.0,0.17,0.8300000000000001,360,1.5120000000000001e-05,0,2
8461,19,3021,B,1,C,0.8,0.73,0.0,0.2,0.8,0.0,360,1.5120000000000001e-05,0,2
8461,21,3120,D,3,C,0.92,0.88,0.0,0.0,0.92,0.08,360,1.5120000000000001e-05,0,2
8461,22,3201,C,2,B,0.9400000000000001,0.91,0.0,0.9400000000000001,0.06,0.0,360,1.5120000000000001e-05,0,2
8461,23,3210,D,3,B,0.9400000000000001,0.91,0.0,0.9400000000000001,0.0,0.06,360,1.5120000000000001e-05,0,2
3379,0,0123,A,0,B,0.91,0.87,0.09,0.91,0.0,0.0,383,1.6086e-05,0,1
3379,2,0213,A,0,C,0.85,0.8,0.15,0.0,0.85,0.0,383,1.6086e-05,0,1
3379,4,0312,A,0,C,0.8200000000000001,0.76,0.18,0.0,0.8200000000000001,0.0,383,1.6086e-05,0,1
3379,1,0132,A,0,B,0.89,0.85,0.11,0.89,0.0,0.0,383,1.6086e-05,0,1
3379,3,0231,A,0,D,0.85,0.8,0.15,0.0,0.0,0.85,383,1.6086e-05,0,1
3379,8,1203,C,2,A,0.97,0.96,0.97,0.0,0.03,0.0,383,1.6086e-05,0,1
3379,5,0321,A,0,D,0.81,0.75,0.19,0.0,0.0,0.81,383,1.6086e-05,0,1
3379,6,1023,B,1,A,0.96,0.9400000000000001,0.96,0.04,0.0,0.0,383,1.6086e-05,0,1
3379,7,1032,B,1,A,0.9500000000000001,0.9400000000000001,0.9500000000000001,0.05,0.0,0.0,383,1.6086e-05,0,1
3379,9,1230,D,3,A,0.97,0.96,0.97,0.0,0.0,0.03,383,1.6086e-05,0,1
3379,11,1320,D,3,A,0.98,0.97,0.98,0.0,0.0,0.02,383,1.6086e-05,0,1
3379,13,2031,B,1,D,0.89,0.85,0.0,0.11,0.0,0.89,383,1.6086e-05,0,1
3379,10,1302,C,2,A,0.97,0.9500000000000001,0.97,0.0,0.03,0.0,383,1.6086e-05,0,1
3379,14,2103,C,2,B,0.97,0.9500000000000001,0.0,0.97,0.03,0.0,383,1.6086e-05,0,1
3379,12,2013,B,1,C,0.87,0.8300000000000001,0.0,0.13,0.87,0.0,383,1.6086e-05,0,1
3379,16,2301,C,2,D,0.89,0.84,0.0,0.0,0.11,0.89,383,1.6086e-05,0,1
3379,15,2130,D,3,B,0.9500000000000001,0.93,0.0,0.9500000000000001,0.0,0.05,383,1.6086e-05,0,1
3379,18,3012,B,1,C,0.87,0.8300000000000001,0.0,0.13,0.87,0.0,383,1.6086e-05,0,1
3379,17,2310,D,3,C,0.96,0.9400000000000001,0.0,0.0,0.96,0.04,383,1.6086e-05,0,1
3379,20,3102,C,2,B,0.96,0.9400000000000001,0.0,0.96,0.04,0.0,383,1.6086e-05,0,1
3379,19,3021,B,1,D,0.93,0.9,0.0,0.07,0.0,0.93,383,1.6086e-05,0,1
3379,22,3201,C,2,D,0.88,0.84,0.0,0.0,0.12,0.88,383,1.6086e-05,0,1
3379,23,3210,D,3,C,0.9500000000000001,0.93,0.0,0.0,0.9500000000000001,0.05,383,1.6086e-05,0,1
3379,21,3120,D,3,B,0.9500000000000001,0.93,0.0,0.9500000000000001,0.0,0.05,383,1.6086e-05,0,1
6903,0,0123,B,1,B,1.0,1.0,0.0,1.0,0.0,0.0,380,1.5960000000000003e-05,1,1
6903,2,0213,C,2,C,1.0,1.0,0.0,0.0,1.0,0.0,380,1.5960000000000003e-05,1,1
6903,1,0132,B,1,B,1.0,1.0,0.0,1.0,0.0,0.0,380,1.5960000000000003e-05,1,1
6903,6,1023,A,0,A,1.0,1.0,1.0,0.0,0.0,0.0,380,1.5960000000000003e-05,1,1
6903,4,0312,C,2,C,1.0,1.0,0.0,0.0,1.0,0.0,380,1.5960000000000003e-05,1,1
6903,5,0321,D,3,D,1.0,1.0,0.0,0.0,0.0,1.0,380,1.5960000000000003e-05,1,1
6903,3,0231,D,3,D,1.0,1.0,0.0,0.0,0.0,1.0,380,1.5960000000000003e-05,1,1
6903,8,1203,A,0,A,1.0,1.0,1.0,0.0,0.0,0.0,380,1.5960000000000003e-05,1,1
6903,7,1032,A,0,A,1.0,1.0,1.0,0.0,0.0,0.0,380,1.5960000000000003e-05,1,1
6903,9,1230,A,0,A,1.0,1.0,1.0,0.0,0.0,0.0,380,1.5960000000000003e-05,1,1
6903,14,2103,B,1,B,1.0,1.0,0.0,1.0,0.0,0.0,380,1.5960000000000003e-05,1,1
6903,10,1302,A,0,A,1.0,1.0,1.0,0.0,0.0,0.0,380,1.5960000000000003e-05,1,1
6903,11,1320,A,0,A,1.0,1.0,1.0,0.0,0.0,0.0,380,1.5960000000000003e-05,1,1
6903,13,2031,D,3,D,1.0,1.0,0.0,0.0,0.0,1.0,380,1.5960000000000003e-05,1,1
6903,15,2130,B,1,B,1.0,1.0,0.0,1.0,0.0,0.0,380,1.5960000000000003e-05,1,1
6903,12,2013,C,2,C,1.0,1.0,0.0,0.0,1.0,0.0,380,1.5960000000000003e-05,1,1
6903,16,2301,D,3,D,1.0,1.0,0.0,0.0,0.0,1.0,380,1.5960000000000003e-05,1,1
6903,17,2310,C,2,C,1.0,1.0,0.0,0.0,1.0,0.0,380,1.5960000000000003e-05,1,1
6903,18,3012,C,2,C,1.0,1.0,0.0,0.0,1.0,0.0,380,1.5960000000000003e-05,1,1
6903,20,3102,B,1,B,1.0,1.0,0.0,1.0,0.0,0.0,380,1.5960000000000003e-05,1,1
6903,21,3120,B,1,B,1.0,1.0,0.0,1.0,0.0,0.0,380,1.5960000000000003e-05,1,1
6903,19,3021,D,3,D,1.0,1.0,0.0,0.0,0.0,1.0,380,1.5960000000000003e-05,1,1
6903,23,3210,C,2,C,1.0,1.0,0.0,0.0,1.0,0.0,380,1.5960000000000003e-05,1,1
6903,22,3201,D,3,D,1.0,1.0,0.0,0.0,0.0,1.0,380,1.5960000000000003e-05,1,1
1250,0,0123,D,3,D,0.76,0.67,0.03,0.12,0.09,0.76,374,1.5708e-05,1,3
1250,2,0213,D,3,D,0.73,0.64,0.04,0.09,0.14,0.73,374,1.5708e-05,1,3
1250,4,0312,B,1,B,0.88,0.84,0.03,0.88,0.05,0.04,374,1.5708e-05,1,3
1250,1,0132,C,2,C,0.81,0.75,0.03,0.08,0.81,0.08,374,1.5708e-05,1,3
1250,5,0321,B,1,B,0.86,0.81,0.02,0.86,0.1,0.02,374,1.5708e-05,1,3
1250,6,1023,D,3,D,0.79,0.72,0.1,0.04,0.07,0.79,374,1.5708e-05,1,3
1250,3,0231,C,2,C,0.92,0.89,0.02,0.03,0.92,0.03,374,1.5708e-05,1,3
1250,7,1032,C,2,C,0.79,0.73,0.11,0.03,0.79,0.07,374,1.5708e-05,1,3
1250,8,1203,D,3,D,0.7000000000000001,0.6000000000000001,0.12,0.12,0.06,0.7000000000000001,374,1.5708e-05,1,3
1250,9,1230,C,2,C,0.72,0.62,0.11,0.14,0.72,0.03,374,1.5708e-05,1,3
1250,10,1302,B,1,B,0.85,0.8,0.11,0.85,0.01,0.03,374,1.5708e-05,1,3
1250,12,2013,D,3,D,0.59,0.46,0.21,0.07,0.13,0.59,374,1.5708e-05,1,3
1250,11,1320,B,1,B,0.8200000000000001,0.76,0.1,0.8200000000000001,0.06,0.02,374,1.5708e-05,1,3
1250,13,2031,C,2,C,0.81,0.75,0.12,0.04,0.81,0.03,374,1.5708e-05,1,3
1250,15,2130,C,2,C,0.78,0.7000000000000001,0.12,0.08,0.78,0.02,374,1.5708e-05,1,3
1250,16,2301,B,1,B,0.85,0.8,0.1,0.85,0.02,0.03,374,1.5708e-05,1,3
1250,14,2103,D,3,D,0.67,0.5700000000000001,0.17,0.11,0.05,0.67,374,1.5708e-05,1,3
1250,18,3012,A,0,A,0.91,0.88,0.91,0.01,0.04,0.04,374,1.5708e-05,1,3
1250,19,3021,A,0,A,0.9,0.87,0.9,0.02,0.03,0.05,374,1.5708e-05,1,3
1250,20,3102,A,0,A,0.91,0.88,0.91,0.05,0.02,0.02,374,1.5708e-05,1,3
1250,17,2310,B,1,B,0.8300000000000001,0.76,0.11,0.8300000000000001,0.04,0.02,374,1.5708e-05,1,3
1250,21,3120,A,0,A,0.92,0.89,0.92,0.04,0.02,0.02,374,1.5708e-05,1,3
1250,22,3201,A,0,A,0.88,0.84,0.88,0.06,0.02,0.04,374,1.5708e-05,1,3
1250,23,3210,A,0,A,0.89,0.85,0.89,0.06,0.03,0.02,374,1.5708e-05,1,3
2800,1,0132,B,1,B,1.0,1.0,0.0,1.0,0.0,0.0,376,1.5792000000000004e-05,1,1
2800,2,0213,C,2,C,1.0,1.0,0.0,0.0,1.0,0.0,376,1.5792000000000004e-05,1,1
2800,0,0123,B,1,B,1.0,1.0,0.0,1.0,0.0,0.0,376,1.5792000000000004e-05,1,1
2800,4,0312,C,2,C,1.0,1.0,0.0,0.0,1.0,0.0,376,1.5792000000000004e-05,1,1
2800,3,0231,D,3,D,1.0,1.0,0.0,0.0,0.0,1.0,376,1.5792000000000004e-05,1,1
2800,5,0321,D,3,D,1.0,1.0,0.0,0.0,0.0,1.0,376,1.5792000000000004e-05,1,1
2800,7,1032,A,0,A,1.0,1.0,1.0,0.0,0.0,0.0,376,1.5792000000000004e-05,1,1
2800,6,1023,A,0,A,1.0,1.0,1.0,0.0,0.0,0.0,376,1.5792000000000004e-05,1,1
2800,10,1302,A,0,A,1.0,1.0,1.0,0.0,0.0,0.0,376,1.5792000000000004e-05,1,1
2800,9,1230,A,0,A,1.0,1.0,1.0,0.0,0.0,0.0,376,1.5792000000000004e-05,1,1
2800,8,1203,A,0,A,1.0,1.0,1.0,0.0,0.0,0.0,376,1.5792000000000004e-05,1,1
2800,11,1320,A,0,A,1.0,1.0,1.0,0.0,0.0,0.0,376,1.5792000000000004e-05,1,1
2800,14,2103,B,1,B,0.99,0.99,0.01,0.99,0.0,0.0,376,1.5792000000000004e-05,1,1
2800,13,2031,D,3,D,0.99,0.99,0.01,0.0,0.0,0.99,376,1.5792000000000004e-05,1,1
2800,12,2013,C,2,C,0.99,0.99,0.01,0.0,0.99,0.0,376,1.5792000000000004e-05,1,1
2800,15,2130,B,1,B,0.99,0.99,0.01,0.99,0.0,0.0,376,1.5792000000000004e-05,1,1
2800,18,3012,C,2,C,1.0,1.0,0.0,0.0,1.0,0.0,376,1.5792000000000004e-05,1,1
2800,20,3102,B,1,B,1.0,1.0,0.0,1.0,0.0,0.0,376,1.5792000000000004e-05,1,1
2800,17,2310,C,2,C,0.99,0.99,0.01,0.0,0.99,0.0,376,1.5792000000000004e-05,1,1
2800,19,3021,D,3,D,1.0,0.99,0.0,0.0,0.0,1.0,376,1.5792000000000004e-05,1,1
2800,16,2301,D,3,D,0.99,0.99,0.01,0.0,0.0,0.99,376,1.5792000000000004e-05,1,1
2800,22,3201,D,3,D,1.0,0.99,0.0,0.0,0.0,1.0,376,1.5792000000000004e-05,1,1
2800,21,3120,B,1,B,1.0,1.0,0.0,1.0,0.0,0.0,376,1.5792000000000004e-05,1,1
2800,23,3210,C,2,C,1.0,1.0,0.0,0.0,1.0,0.0,376,1.5792000000000004e-05,1,1
9706,1,0132,D,3,D,0.71,0.6000000000000001,0.29,0.0,0.0,0.71,384,1.6128000000000002e-05,1,2
9706,0,0123,C,2,C,0.63,0.5,0.37,0.0,0.63,0.0,384,1.6128000000000002e-05,1,2
9706,3,0231,B,1,B,0.68,0.5700000000000001,0.32,0.68,0.0,0.0,384,1.6128000000000002e-05,1,2
9706,2,0213,B,1,B,0.66,0.54,0.34,0.66,0.0,0.0,384,1.6128000000000002e-05,1,2
9706,4,0312,D,3,D,0.66,0.55,0.34,0.0,0.0,0.66,384,1.6128000000000002e-05,1,2
9706,7,1032,D,3,D,0.79,0.71,0.0,0.21,0.0,0.79,384,1.6128000000000002e-05,1,2
9706,9,1230,B,1,B,0.56,0.41000000000000003,0.0,0.56,0.0,0.44,384,1.6128000000000002e-05,1,2
9706,10,1302,D,3,D,0.73,0.63,0.0,0.0,0.27,0.73,384,1.6128000000000002e-05,1,2
9706,8,1203,B,1,B,0.65,0.52,0.0,0.65,0.35000000000000003,0.0,384,1.6128000000000002e-05,1,2
9706,6,1023,C,2,C,0.6900000000000001,0.59,0.0,0.31,0.6900000000000001,0.0,384,1.6128000000000002e-05,1,2
9706,11,1320,C,2,C,0.61,0.48,0.0,0.0,0.61,0.39,384,1.6128000000000002e-05,1,2
9706,5,0321,C,2,C,0.71,0.61,0.29,0.0,0.71,0.0,384,1.6128000000000002e-05,1,2
9706,12,2013,A,0,A,0.68,0.5700000000000001,0.68,0.32,0.0,0.0,384,1.6128000000000002e-05,1,2
9706,13,2031,A,0,A,0.68,0.58,0.68,0.32,0.0,0.0,384,1.6128000000000002e-05,1,2
9706,15,2130,A,0,A,0.61,0.47000000000000003,0.61,0.0,0.0,0.39,384,1.6128000000000002e-05,1,2
9706,14,2103,A,0,A,0.72,0.63,0.72,0.0,0.28,0.0,384,1.6128000000000002e-05,1,2
9706,17,2310,A,0,A,0.65,0.53,0.65,0.0,0.0,0.35000000000000003,384,1.6128000000000002e-05,1,2
9706,16,2301,A,0,A,0.61,0.47000000000000003,0.61,0.0,0.39,0.0,384,1.6128000000000002e-05,1,2
9706,19,3021,C,2,C,0.75,0.66,0.0,0.25,0.75,0.0,384,1.6128000000000002e-05,1,2
9706,20,3102,D,3,D,0.73,0.64,0.0,0.0,0.27,0.73,384,1.6128000000000002e-05,1,2
9706,18,3012,D,3,D,0.81,0.75,0.0,0.19,0.0,0.81,384,1.6128000000000002e-05,1,2
9706,21,3120,C,2,C,0.5700000000000001,0.42,0.0,0.0,0.5700000000000001,0.43,384,1.6128000000000002e-05,1,2
9351,0,0123,A,0,A,1.0,1.0,1.0,0.0,0.0,0.0,376,1.5792000000000004e-05,1,0
9706,23,3210,B,1,B,0.5700000000000001,0.43,0.0,0.5700000000000001,0.0,0.43,384,1.6128000000000002e-05,1,2
9706,22,3201,B,1,B,0.61,0.48,0.0,0.61,0.39,0.0,384,1.6128000000000002e-05,1,2
9351,1,0132,A,0,A,1.0,1.0,1.0,0.0,0.0,0.0,376,1.5792000000000004e-05,1,0
9351,2,0213,A,0,A,1.0,1.0,1.0,0.0,0.0,0.0,376,1.5792000000000004e-05,1,0
9351,4,0312,A,0,A,1.0,1.0,1.0,0.0,0.0,0.0,376,1.5792000000000004e-05,1,0
9351,3,0231,A,0,A,1.0,1.0,1.0,0.0,0.0,0.0,376,1.5792000000000004e-05,1,0
9351,6,1023,B,1,B,1.0,1.0,0.0,1.0,0.0,0.0,376,1.5792000000000004e-05,1,0
9351,8,1203,C,2,C,1.0,1.0,0.0,0.0,1.0,0.0,376,1.5792000000000004e-05,1,0
9351,7,1032,B,1,B,1.0,1.0,0.0,1.0,0.0,0.0,376,1.5792000000000004e-05,1,0
9351,9,1230,D,3,D,1.0,1.0,0.0,0.0,0.0,1.0,376,1.5792000000000004e-05,1,0
9351,5,0321,A,0,A,1.0,1.0,1.0,0.0,0.0,0.0,376,1.5792000000000004e-05,1,0
9351,11,1320,D,3,D,1.0,1.0,0.0,0.0,0.0,1.0,376,1.5792000000000004e-05,1,0
9351,10,1302,C,2,C,1.0,1.0,0.0,0.0,1.0,0.0,376,1.5792000000000004e-05,1,0
9351,12,2013,B,1,B,1.0,1.0,0.0,1.0,0.0,0.0,376,1.5792000000000004e-05,1,0
9351,14,2103,C,2,C,1.0,1.0,0.0,0.0,1.0,0.0,376,1.5792000000000004e-05,1,0
9351,15,2130,D,3,D,1.0,1.0,0.0,0.0,0.0,1.0,376,1.5792000000000004e-05,1,0
9351,16,2301,C,2,C,1.0,1.0,0.0,0.0,1.0,0.0,376,1.5792000000000004e-05,1,0
9351,19,3021,B,1,B,1.0,1.0,0.0,1.0,0.0,0.0,376,1.5792000000000004e-05,1,0
9351,17,2310,D,3,D,1.0,1.0,0.0,0.0,0.0,1.0,376,1.5792000000000004e-05,1,0
9351,18,3012,B,1,B,1.0,1.0,0.0,1.0,0.0,0.0,376,1.5792000000000004e-05,1,0
9351,13,2031,B,1,B,1.0,1.0,0.0,1.0,0.0,0.0,376,1.5792000000000004e-05,1,0
9351,20,3102,C,2,C,1.0,1.0,0.0,0.0,1.0,0.0,376,1.5792000000000004e-05,1,0
9351,21,3120,D,3,D,1.0,1.0,0.0,0.0,0.0,1.0,376,1.5792000000000004e-05,1,0
9351,22,3201,C,2,C,1.0,1.0,0.0,0.0,1.0,0.0,376,1.5792000000000004e-05,1,0
2766,0,0123,D,3,D,0.98,0.98,0.01,0.01,0.0,0.98,360,1.5120000000000001e-05,1,3
9351,23,3210,D,3,D,1.0,1.0,0.0,0.0,0.0,1.0,376,1.5792000000000004e-05,1,0
2766,2,0213,D,3,D,0.98,0.97,0.01,0.0,0.01,0.98,360,1.5120000000000001e-05,1,3
2766,4,0312,B,1,B,1.0,0.99,0.0,1.0,0.0,0.0,360,1.5120000000000001e-05,1,3
2766,3,0231,C,2,C,0.98,0.98,0.01,0.0,0.98,0.01,360,1.5120000000000001e-05,1,3
2766,1,0132,C,2,C,0.99,0.98,0.01,0.0,0.99,0.0,360,1.5120000000000001e-05,1,3
2766,5,0321,B,1,B,0.99,0.99,0.01,0.99,0.0,0.0,360,1.5120000000000001e-05,1,3
2766,8,1203,D,3,D,0.98,0.98,0.01,0.0,0.01,0.98,360,1.5120000000000001e-05,1,3
2766,7,1032,C,2,C,0.99,0.99,0.01,0.0,0.99,0.0,360,1.5120000000000001e-05,1,3
2766,9,1230,C,2,C,0.99,0.98,0.0,0.0,0.99,0.01,360,1.5120000000000001e-05,1,3
2766,10,1302,B,1,B,0.99,0.98,0.01,0.99,0.0,0.0,360,1.5120000000000001e-05,1,3
2766,11,1320,B,1,B,0.99,0.98,0.0,0.99,0.0,0.01,360,1.5120000000000001e-05,1,3
2766,12,2013,D,3,D,0.98,0.98,0.0,0.01,0.01,0.98,360,1.5120000000000001e-05,1,3
2766,6,1023,D,3,D,0.98,0.98,0.01,0.01,0.0,0.98,360,1.5120000000000001e-05,1,3
2766,13,2031,C,2,C,1.0,0.99,0.0,0.0,1.0,0.0,360,1.5120000000000001e-05,1,3
2766,14,2103,D,3,D,1.0,0.99,0.0,0.0,0.0,1.0,360,1.5120000000000001e-05,1,3
2766,15,2130,C,2,C,0.98,0.98,0.0,0.01,0.98,0.01,360,1.5120000000000001e-05,1,3
2766,16,2301,B,1,B,0.99,0.99,0.0,0.99,0.01,0.0,360,1.5120000000000001e-05,1,3
2766,18,3012,A,0,A,0.99,0.98,0.99,0.01,0.0,0.0,360,1.5120000000000001e-05,1,3
2766,17,2310,B,1,B,1.0,0.99,0.0,1.0,0.0,0.0,360,1.5120000000000001e-05,1,3
2766,21,3120,A,0,A,1.0,0.99,1.0,0.0,0.0,0.0,360,1.5120000000000001e-05,1,3
2766,20,3102,A,0,A,1.0,0.99,1.0,0.0,0.0,0.0,360,1.5120000000000001e-05,1,3
2766,19,3021,A,0,A,0.99,0.98,0.99,0.01,0.0,0.0,360,1.5120000000000001e-05,1,3
2766,23,3210,A,0,A,0.98,0.98,0.98,0.0,0.01,0.01,360,1.5120000000000001e-05,1,3
9245,0,0123,D,3,C,0.65,0.53,0.0,0.0,0.65,0.35000000000000003,375,1.5750000000000003e-05,0,2
2766,22,3201,A,0,A,0.99,0.98,0.99,0.0,0.01,0.0,360,1.5120000000000001e-05,1,3
9245,1,0132,C,2,D,0.87,0.8300000000000001,0.0,0.0,0.13,0.87,375,1.5750000000000003e-05,0,2
9245,3,0231,C,2,B,0.8,0.73,0.0,0.8,0.2,0.0,375,1.5750000000000003e-05,0,2
9245,2,0213,D,3,B,0.6900000000000001,0.58,0.0,0.6900000000000001,0.0,0.31,375,1.5750000000000003e-05,0,2
9245,4,0312,B,1,D,0.8200000000000001,0.76,0.0,0.18,0.0,0.8200000000000001,375,1.5750000000000003e-05,0,2
9245,5,0321,B,1,C,0.76,0.68,0.0,0.24,0.76,0.0,375,1.5750000000000003e-05,0,2
9245,6,1023,D,3,C,0.6000000000000001,0.47000000000000003,0.0,0.0,0.6000000000000001,0.4,375,1.5750000000000003e-05,0,2
9245,7,1032,C,2,D,0.84,0.79,0.0,0.0,0.16,0.84,375,1.5750000000000003e-05,0,2
9245,8,1203,D,3,B,0.61,0.48,0.0,0.61,0.0,0.39,375,1.5750000000000003e-05,0,2
9245,9,1230,C,2,B,0.73,0.64,0.0,0.73,0.27,0.0,375,1.5750000000000003e-05,0,2
9245,13,2031,C,2,A,0.75,0.66,0.75,0.0,0.25,0.0,375,1.5750000000000003e-05,0,2
9245,11,1320,B,1,C,0.78,0.71,0.0,0.22,0.78,0.0,375,1.5750000000000003e-05,0,2
9245,10,1302,B,1,D,0.8200000000000001,0.76,0.0,0.18,0.0,0.8200000000000001,375,1.5750000000000003e-05,0,2
9245,12,2013,D,3,A,0.73,0.64,0.73,0.0,0.0,0.27,375,1.5750000000000003e-05,0,2
9245,14,2103,D,3,A,0.66,0.55,0.66,0.0,0.0,0.34,375,1.5750000000000003e-05,0,2
9245,15,2130,C,2,A,0.76,0.68,0.76,0.0,0.24,0.0,375,1.5750000000000003e-05,0,2
9245,16,2301,B,1,A,0.73,0.63,0.73,0.27,0.0,0.0,375,1.5750000000000003e-05,0,2
9245,20,3102,A,0,D,0.77,0.6900000000000001,0.23,0.0,0.0,0.77,375,1.5750000000000003e-05,0,2
9245,21,3120,A,0,C,0.74,0.64,0.26,0.0,0.74,0.0,375,1.5750000000000003e-05,0,2
9245,22,3201,A,0,B,0.8300000000000001,0.78,0.17,0.8300000000000001,0.0,0.0,375,1.5750000000000003e-05,0,2
9245,18,3012,A,0,D,0.78,0.7000000000000001,0.22,0.0,0.0,0.78,375,1.5750000000000003e-05,0,2
9245,17,2310,B,1,A,0.75,0.66,0.75,0.25,0.0,0.0,375,1.5750000000000003e-05,0,2
9245,19,3021,A,0,C,0.79,0.71,0.21,0.0,0.79,0.0,375,1.5750000000000003e-05,0,2
9245,23,3210,A,0,B,0.81,0.74,0.19,0.81,0.0,0.0,375,1.5750000000000003e-05,0,2
5040,0,0123,B,1,B,0.93,0.91,0.07,0.93,0.0,0.0,384,1.6128000000000002e-05,1,1
5040,3,0231,D,3,D,0.97,0.96,0.03,0.0,0.0,0.97,384,1.6128000000000002e-05,1,1
5040,4,0312,C,2,C,0.97,0.9500000000000001,0.03,0.0,0.97,0.0,384,1.6128000000000002e-05,1,1
5040,2,0213,C,2,C,0.9500000000000001,0.93,0.05,0.0,0.9500000000000001,0.0,384,1.6128000000000002e-05,1,1
5040,5,0321,D,3,D,0.9500000000000001,0.93,0.05,0.0,0.0,0.9500000000000001,384,1.6128000000000002e-05,1,1
5040,7,1032,A,0,A,0.96,0.9400000000000001,0.96,0.04,0.0,0.0,384,1.6128000000000002e-05,1,1
5040,6,1023,A,0,A,0.96,0.9500000000000001,0.96,0.04,0.0,0.0,384,1.6128000000000002e-05,1,1
5040,1,0132,B,1,B,0.92,0.9,0.08,0.92,0.0,0.0,384,1.6128000000000002e-05,1,1
5040,8,1203,A,0,A,0.99,0.99,0.99,0.0,0.01,0.0,384,1.6128000000000002e-05,1,1
5040,11,1320,A,0,A,1.0,0.99,1.0,0.0,0.0,0.0,384,1.6128000000000002e-05,1,1
5040,12,2013,C,2,C,0.96,0.9500000000000001,0.0,0.04,0.96,0.0,384,1.6128000000000002e-05,1,1
5040,13,2031,D,3,D,0.98,0.98,0.0,0.02,0.0,0.98,384,1.6128000000000002e-05,1,1
5040,14,2103,B,1,B,0.98,0.97,0.0,0.98,0.02,0.0,384,1.6128000000000002e-05,1,1
5040,10,1302,A,0,A,0.99,0.98,0.99,0.0,0.01,0.0,384,1.6128000000000002e-05,1,1
5040,9,1230,A,0,A,1.0,0.99,1.0,0.0,0.0,0.0,384,1.6128000000000002e-05,1,1
5040,15,2130,B,1,B,1.0,0.99,0.0,1.0,0.0,0.0,384,1.6128000000000002e-05,1,1
5040,16,2301,D,3,D,0.97,0.96,0.0,0.0,0.03,0.97,384,1.6128000000000002e-05,1,1
5040,17,2310,C,2,C,1.0,0.99,0.0,0.0,1.0,0.0,384,1.6128000000000002e-05,1,1
5040,19,3021,D,3,D,0.9500000000000001,0.93,0.0,0.05,0.0,0.9500000000000001,384,1.6128000000000002e-05,1,1
5040,18,3012,C,2,C,0.92,0.89,0.0,0.08,0.92,0.0,384,1.6128000000000002e-05,1,1
5040,20,3102,B,1,B,0.98,0.97,0.0,0.98,0.02,0.0,384,1.6128000000000002e-05,1,1
5040,23,3210,C,2,C,0.99,0.99,0.0,0.0,0.99,0.01,384,1.6128000000000002e-05,1,1
5040,21,3120,B,1,B,0.99,0.99,0.0,0.99,0.0,0.01,384,1.6128000000000002e-05,1,1
5040,22,3201,D,3,D,0.98,0.97,0.0,0.0,0.02,0.98,384,1.6128000000000002e-05,1,1
4252,0,0123,B,1,B,0.99,0.99,0.01,0.99,0.0,0.0,385,1.6170000000000003e-05,1,1
4252,1,0132,B,1,B,0.99,0.99,0.01,0.99,0.0,0.0,385,1.6170000000000003e-05,1,1
4252,2,0213,C,2,C,0.98,0.97,0.02,0.0,0.98,0.0,385,1.6170000000000003e-05,1,1
4252,3,0231,D,3,D,0.98,0.97,0.02,0.0,0.0,0.98,385,1.6170000000000003e-05,1,1
4252,4,0312,C,2,C,0.98,0.98,0.02,0.0,0.98,0.0,385,1.6170000000000003e-05,1,1
4252,5,0321,D,3,D,0.98,0.97,0.02,0.0,0.0,0.98,385,1.6170000000000003e-05,1,1
4252,7,1032,A,0,A,1.0,1.0,1.0,0.0,0.0,0.0,385,1.6170000000000003e-05,1,1
4252,8,1203,A,0,A,1.0,1.0,1.0,0.0,0.0,0.0,385,1.6170000000000003e-05,1,1
4252,6,1023,A,0,A,1.0,1.0,1.0,0.0,0.0,0.0,385,1.6170000000000003e-05,1,1
4252,10,1302,A,0,A,1.0,1.0,1.0,0.0,0.0,0.0,385,1.6170000000000003e-05,1,1
4252,11,1320,A,0,A,1.0,1.0,1.0,0.0,0.0,0.0,385,1.6170000000000003e-05,1,1
4252,12,2013,C,2,C,0.97,0.9500000000000001,0.01,0.02,0.97,0.0,385,1.6170000000000003e-05,1,1
4252,13,2031,D,3,D,0.98,0.97,0.01,0.01,0.0,0.98,385,1.6170000000000003e-05,1,1
4252,9,1230,A,0,A,1.0,1.0,1.0,0.0,0.0,0.0,385,1.6170000000000003e-05,1,1
4252,15,2130,B,1,B,0.98,0.98,0.01,0.98,0.0,0.01,385,1.6170000000000003e-05,1,1
4252,14,2103,B,1,B,1.0,0.99,0.0,1.0,0.0,0.0,385,1.6170000000000003e-05,1,1
4252,18,3012,C,2,C,0.96,0.9500000000000001,0.0,0.04,0.96,0.0,385,1.6170000000000003e-05,1,1
4252,16,2301,D,3,D,0.97,0.97,0.01,0.0,0.02,0.97,385,1.6170000000000003e-05,1,1
4252,17,2310,C,2,C,0.98,0.98,0.01,0.0,0.98,0.01,385,1.6170000000000003e-05,1,1
4252,19,3021,D,3,D,0.98,0.97,0.0,0.02,0.0,0.98,385,1.6170000000000003e-05,1,1
4252,20,3102,B,1,B,1.0,0.99,0.0,1.0,0.0,0.0,385,1.6170000000000003e-05,1,1
4252,21,3120,B,1,B,0.99,0.99,0.0,0.99,0.0,0.01,385,1.6170000000000003e-05,1,1
4252,22,3201,D,3,D,0.98,0.96,0.0,0.0,0.02,0.98,385,1.6170000000000003e-05,1,1
4252,23,3210,C,2,C,0.99,0.99,0.0,0.0,0.99,0.01,385,1.6170000000000003e-05,1,1
6739,0,0123,B,1,B,1.0,1.0,0.0,1.0,0.0,0.0,383,1.6086e-05,1,1
6739,2,0213,C,2,C,1.0,1.0,0.0,0.0,1.0,0.0,383,1.6086e-05,1,1
6739,1,0132,B,1,B,1.0,1.0,0.0,1.0,0.0,0.0,383,1.6086e-05,1,1
6739,4,0312,C,2,C,1.0,1.0,0.0,0.0,1.0,0.0,383,1.6086e-05,1,1
6739,5,0321,D,3,D,1.0,1.0,0.0,0.0,0.0,1.0,383,1.6086e-05,1,1
6739,3,0231,D,3,D,1.0,1.0,0.0,0.0,0.0,1.0,383,1.6086e-05,1,1
6739,6,1023,A,0,A,1.0,1.0,1.0,0.0,0.0,0.0,383,1.6086e-05,1,1
6739,8,1203,A,0,A,1.0,1.0,1.0,0.0,0.0,0.0,383,1.6086e-05,1,1
6739,10,1302,A,0,A,1.0,1.0,1.0,0.0,0.0,0.0,383,1.6086e-05,1,1
6739,7,1032,A,0,A,1.0,1.0,1.0,0.0,0.0,0.0,383,1.6086e-05,1,1
6739,9,1230,A,0,A,1.0,1.0,1.0,0.0,0.0,0.0,383,1.6086e-05,1,1
6739,11,1320,A,0,A,1.0,1.0,1.0,0.0,0.0,0.0,383,1.6086e-05,1,1
6739,12,2013,C,2,C,1.0,1.0,0.0,0.0,1.0,0.0,383,1.6086e-05,1,1
6739,14,2103,B,1,B,1.0,1.0,0.0,1.0,0.0,0.0,383,1.6086e-05,1,1
6739,15,2130,B,1,B,1.0,1.0,0.0,1.0,0.0,0.0,383,1.6086e-05,1,1
6739,13,2031,D,3,D,1.0,1.0,0.0,0.0,0.0,1.0,383,1.6086e-05,1,1
6739,16,2301,D,3,D,1.0,1.0,0.0,0.0,0.0,1.0,383,1.6086e-05,1,1
6739,17,2310,C,2,C,1.0,1.0,0.0,0.0,1.0,0.0,383,1.6086e-05,1,1
6739,20,3102,B,1,B,1.0,1.0,0.0,1.0,0.0,0.0,383,1.6086e-05,1,1
6739,18,3012,C,2,C,1.0,1.0,0.0,0.0,1.0,0.0,383,1.6086e-05,1,1
6739,21,3120,B,1,B,1.0,1.0,0.0,1.0,0.0,0.0,383,1.6086e-05,1,1
5216,0,0123,D,3,A,1.0,0.99,1.0,0.0,0.0,0.0,387,1.6254e-05,0,0
6739,23,3210,C,2,C,1.0,1.0,0.0,0.0,1.0,0.0,383,1.6086e-05,1,1
6739,19,3021,D,3,D,1.0,1.0,0.0,0.0,0.0,1.0,383,1.6086e-05,1,1
6739,22,3201,D,3,D,1.0,1.0,0.0,0.0,0.0,1.0,383,1.6086e-05,1,1
5216,1,0132,C,2,A,1.0,0.99,1.0,0.0,0.0,0.0,387,1.6254e-05,0,0
5216,2,0213,D,3,A,1.0,0.99,1.0,0.0,0.0,0.0,387,1.6254e-05,0,0
5216,4,0312,B,1,A,1.0,0.99,1.0,0.0,0.0,0.0,387,1.6254e-05,0,0
5216,3,0231,C,2,A,0.99,0.99,0.99,0.0,0.01,0.0,387,1.6254e-05,0,0
5216,5,0321,B,1,A,0.99,0.99,0.99,0.01,0.0,0.0,387,1.6254e-05,0,0
5216,6,1023,D,3,B,0.99,0.99,0.0,0.99,0.0,0.01,387,1.6254e-05,0,0
5216,7,1032,C,2,B,0.99,0.99,0.0,0.99,0.01,0.0,387,1.6254e-05,0,0
5216,8,1203,D,3,C,0.99,0.99,0.0,0.0,0.99,0.01,387,1.6254e-05,0,0
5216,11,1320,B,1,D,0.96,0.9400000000000001,0.0,0.04,0.0,0.96,387,1.6254e-05,0,0
5216,9,1230,C,2,D,0.9500000000000001,0.93,0.0,0.0,0.05,0.9500000000000001,387,1.6254e-05,0,0
5216,12,2013,D,3,B,1.0,0.99,0.0,1.0,0.0,0.0,387,1.6254e-05,0,0
5216,10,1302,B,1,C,0.93,0.9,0.0,0.07,0.93,0.0,387,1.6254e-05,0,0
5216,14,2103,D,3,C,0.99,0.99,0.0,0.0,0.99,0.01,387,1.6254e-05,0,0
5216,13,2031,C,2,B,0.99,0.99,0.0,0.99,0.01,0.0,387,1.6254e-05,0,0
5216,15,2130,C,2,D,0.9500000000000001,0.93,0.0,0.0,0.05,0.9500000000000001,387,1.6254e-05,0,0
5216,16,2301,B,1,C,0.9400000000000001,0.92,0.0,0.06,0.9400000000000001,0.0,387,1.6254e-05,0,0
5216,17,2310,B,1,D,0.9400000000000001,0.92,0.0,0.06,0.0,0.9400000000000001,387,1.6254e-05,0,0
5216,18,3012,A,0,B,0.91,0.88,0.09,0.91,0.0,0.0,387,1.6254e-05,0,0
5216,19,3021,A,0,B,0.91,0.88,0.09,0.91,0.0,0.0,387,1.6254e-05,0,0
5216,20,3102,A,0,C,0.84,0.78,0.16,0.0,0.84,0.0,387,1.6254e-05,0,0
5216,21,3120,A,0,D,0.9,0.87,0.1,0.0,0.0,0.9,387,1.6254e-05,0,0
5216,23,3210,A,0,D,0.91,0.87,0.09,0.0,0.0,0.91,387,1.6254e-05,0,0
5216,22,3201,A,0,C,0.92,0.89,0.08,0.0,0.92,0.0,387,1.6254e-05,0,0
5321,0,0123,D,3,D,0.92,0.89,0.0,0.08,0.0,0.92,379,1.5918000000000002e-05,1,3
5321,3,0231,C,2,C,0.98,0.97,0.0,0.0,0.98,0.02,379,1.5918000000000002e-05,1,3
5321,2,0213,D,3,D,0.97,0.96,0.0,0.0,0.03,0.97,379,1.5918000000000002e-05,1,3
5321,4,0312,B,1,B,0.96,0.9500000000000001,0.0,0.96,0.04,0.0,379,1.5918000000000002e-05,1,3
5321,1,0132,C,2,C,0.93,0.9,0.0,0.07,0.93,0.0,379,1.5918000000000002e-05,1,3
5321,5,0321,B,1,B,0.99,0.98,0.0,0.99,0.0,0.01,379,1.5918000000000002e-05,1,3
5321,6,1023,D,3,D,0.97,0.96,0.03,0.0,0.0,0.97,379,1.5918000000000002e-05,1,3
5321,7,1032,C,2,C,0.97,0.96,0.03,0.0,0.97,0.0,379,1.5918000000000002e-05,1,3
5321,8,1203,D,3,D,0.98,0.97,0.02,0.0,0.0,0.98,379,1.5918000000000002e-05,1,3
5321,9,1230,C,2,C,0.96,0.9500000000000001,0.04,0.0,0.96,0.0,379,1.5918000000000002e-05,1,3
5321,11,1320,B,1,B,0.98,0.97,0.02,0.98,0.0,0.0,379,1.5918000000000002e-05,1,3
5321,12,2013,D,3,D,0.97,0.96,0.0,0.0,0.03,0.97,379,1.5918000000000002e-05,1,3
5321,10,1302,B,1,B,0.98,0.97,0.02,0.98,0.0,0.0,379,1.5918000000000002e-05,1,3
5321,13,2031,C,2,C,0.98,0.97,0.0,0.0,0.98,0.02,379,1.5918000000000002e-05,1,3
5321,14,2103,D,3,D,0.98,0.96,0.0,0.02,0.0,0.98,379,1.5918000000000002e-05,1,3
5321,15,2130,C,2,C,0.96,0.9500000000000001,0.0,0.04,0.96,0.0,379,1.5918000000000002e-05,1,3
5321,19,3021,A,0,A,0.98,0.98,0.98,0.0,0.0,0.02,379,1.5918000000000002e-05,1,3
5321,17,2310,B,1,B,0.99,0.98,0.0,0.99,0.01,0.0,379,1.5918000000000002e-05,1,3
5321,16,2301,B,1,B,0.98,0.97,0.0,0.98,0.0,0.02,379,1.5918000000000002e-05,1,3
5321,21,3120,A,0,A,0.98,0.97,0.98,0.02,0.0,0.0,379,1.5918000000000002e-05,1,3
5321,20,3102,A,0,A,0.97,0.96,0.97,0.03,0.0,0.0,379,1.5918000000000002e-05,1,3
5321,18,3012,A,0,A,0.9500000000000001,0.93,0.9500000000000001,0.0,0.05,0.0,379,1.5918000000000002e-05,1,3
5321,22,3201,A,0,A,0.98,0.98,0.98,0.0,0.0,0.02,379,1.5918000000000002e-05,1,3
6806,1,0132,B,1,B,0.9500000000000001,0.9400000000000001,0.03,0.9500000000000001,0.02,0.0,381,1.6002000000000004e-05,1,1
6806,2,0213,C,2,C,0.93,0.91,0.06,0.0,0.93,0.01,381,1.6002000000000004e-05,1,1
5321,23,3210,A,0,A,0.99,0.98,0.99,0.0,0.01,0.0,379,1.5918000000000002e-05,1,3
6806,5,0321,D,3,D,0.88,0.8300000000000001,0.08,0.04,0.0,0.88,381,1.6002000000000004e-05,1,1
6806,4,0312,C,2,C,0.8200000000000001,0.75,0.12,0.06,0.8200000000000001,0.0,381,1.6002000000000004e-05,1,1
6806,0,0123,B,1,B,0.9500000000000001,0.9400000000000001,0.04,0.9500000000000001,0.0,0.01,381,1.6002000000000004e-05,1,1
6806,3,0231,D,3,D,0.91,0.87,0.08,0.0,0.01,0.91,381,1.6002000000000004e-05,1,1
6806,6,1023,A,0,A,0.81,0.75,0.81,0.18,0.0,0.01,381,1.6002000000000004e-05,1,1
6806,9,1230,A,0,A,0.89,0.86,0.89,0.0,0.02,0.09,381,1.6002000000000004e-05,1,1
6806,12,2013,C,2,C,0.91,0.88,0.0,0.08,0.91,0.01,381,1.6002000000000004e-05,1,1
6806,11,1320,A,0,A,0.87,0.8300000000000001,0.87,0.06,0.0,0.07,381,1.6002000000000004e-05,1,1
6806,13,2031,D,3,D,0.87,0.8200000000000001,0.0,0.11,0.02,0.87,381,1.6002000000000004e-05,1,1
6806,14,2103,B,1,B,0.84,0.78,0.0,0.84,0.15,0.01,381,1.6002000000000004e-05,1,1
6806,7,1032,A,0,A,0.8200000000000001,0.76,0.8200000000000001,0.12,0.06,0.0,381,1.6002000000000004e-05,1,1
6806,10,1302,A,0,A,0.84,0.78,0.84,0.05,0.11,0.0,381,1.6002000000000004e-05,1,1
6806,8,1203,A,0,A,0.81,0.74,0.81,0.0,0.18,0.01,381,1.6002000000000004e-05,1,1
6806,15,2130,B,1,B,0.92,0.9,0.0,0.92,0.01,0.07,381,1.6002000000000004e-05,1,1
6806,16,2301,D,3,D,0.9,0.86,0.0,0.01,0.09,0.9,381,1.6002000000000004e-05,1,1
6806,18,3012,C,2,C,0.87,0.8200000000000001,0.02,0.11,0.87,0.0,381,1.6002000000000004e-05,1,1
6806,20,3102,B,1,B,0.8,0.73,0.02,0.8,0.18,0.0,381,1.6002000000000004e-05,1,1
6806,21,3120,B,1,B,0.79,0.72,0.03,0.79,0.0,0.18,381,1.6002000000000004e-05,1,1
6806,22,3201,D,3,D,0.87,0.84,0.02,0.0,0.11,0.87,381,1.6002000000000004e-05,1,1
6806,17,2310,C,2,C,0.86,0.81,0.0,0.01,0.86,0.13,381,1.6002000000000004e-05,1,1
6806,19,3021,D,3,D,0.91,0.88,0.03,0.06,0.0,0.91,381,1.6002000000000004e-05,1,1
6806,23,3210,C,2,C,0.85,0.79,0.01,0.0,0.85,0.14,381,1.6002000000000004e-05,1,1
3439,3,0231,A,0,A,0.96,0.9400000000000001,0.96,0.0,0.0,0.04,371,1.5582e-05,1,0
3439,1,0132,A,0,A,0.96,0.9500000000000001,0.96,0.03,0.01,0.0,371,1.5582e-05,1,0
3439,0,0123,A,0,A,0.97,0.9500000000000001,0.97,0.03,0.0,0.0,371,1.5582e-05,1,0
3439,4,0312,A,0,A,0.97,0.96,0.97,0.01,0.02,0.0,371,1.5582e-05,1,0
3439,2,0213,A,0,A,0.97,0.96,0.97,0.0,0.03,0.0,371,1.5582e-05,1,0
3439,5,0321,A,0,A,0.97,0.9500000000000001,0.97,0.0,0.0,0.03,371,1.5582e-05,1,0
3439,6,1023,B,1,B,0.98,0.97,0.02,0.98,0.0,0.0,371,1.5582e-05,1,0
3439,7,1032,B,1,B,0.98,0.97,0.02,0.98,0.0,0.0,371,1.5582e-05,1,0
3439,10,1302,C,2,C,0.98,0.97,0.02,0.0,0.98,0.0,371,1.5582e-05,1,0
3439,8,1203,C,2,C,0.99,0.98,0.01,0.0,0.99,0.0,371,1.5582e-05,1,0
3439,12,2013,B,1,B,0.97,0.9500000000000001,0.0,0.97,0.03,0.0,371,1.5582e-05,1,0
3439,11,1320,D,3,D,0.96,0.9400000000000001,0.03,0.01,0.0,0.96,371,1.5582e-05,1,0
3439,9,1230,D,3,D,0.97,0.9500000000000001,0.03,0.0,0.0,0.97,371,1.5582e-05,1,0
3439,13,2031,B,1,B,0.98,0.96,0.0,0.98,0.0,0.02,371,1.5582e-05,1,0
3439,14,2103,C,2,C,0.97,0.96,0.0,0.03,0.97,0.0,371,1.5582e-05,1,0
3439,15,2130,D,3,D,0.97,0.96,0.0,0.03,0.0,0.97,371,1.5582e-05,1,0
3439,17,2310,D,3,D,0.96,0.9400000000000001,0.0,0.0,0.04,0.96,371,1.5582e-05,1,0
3439,18,3012,B,1,B,0.98,0.97,0.0,0.98,0.02,0.0,371,1.5582e-05,1,0
3439,16,2301,C,2,C,0.98,0.97,0.0,0.0,0.98,0.02,371,1.5582e-05,1,0
3439,20,3102,C,2,C,0.97,0.9500000000000001,0.0,0.03,0.97,0.0,371,1.5582e-05,1,0
3439,19,3021,B,1,B,0.98,0.96,0.0,0.98,0.0,0.02,371,1.5582e-05,1,0
3439,21,3120,D,3,D,0.96,0.9500000000000001,0.01,0.03,0.0,0.96,371,1.5582e-05,1,0
3439,22,3201,C,2,C,0.98,0.97,0.0,0.0,0.98,0.02,371,1.5582e-05,1,0
3439,23,3210,D,3,D,0.9500000000000001,0.93,0.0,0.0,0.05,0.9500000000000001,371,1.5582e-05,1,0
2512,0,0123,C,2,C,1.0,1.0,0.0,0.0,1.0,0.0,377,1.5834e-05,1,2
2512,1,0132,D,3,D,1.0,1.0,0.0,0.0,0.0,1.0,377,1.5834e-05,1,2
2512,2,0213,B,1,B,1.0,1.0,0.0,1.0,0.0,0.0,377,1.5834e-05,1,2
2512,3,0231,B,1,B,1.0,1.0,0.0,1.0,0.0,0.0,377,1.5834e-05,1,2
2512,5,0321,C,2,C,1.0,1.0,0.0,0.0,1.0,0.0,377,1.5834e-05,1,2
2512,4,0312,D,3,D,1.0,1.0,0.0,0.0,0.0,1.0,377,1.5834e-05,1,2
2512,6,1023,C,2,C,1.0,1.0,0.0,0.0,1.0,0.0,377,1.5834e-05,1,2
2512,8,1203,B,1,B,1.0,1.0,0.0,1.0,0.0,0.0,377,1.5834e-05,1,2
2512,7,1032,D,3,D,1.0,1.0,0.0,0.0,0.0,1.0,377,1.5834e-05,1,2
2512,10,1302,D,3,D,1.0,1.0,0.0,0.0,0.0,1.0,377,1.5834e-05,1,2
2512,9,1230,B,1,B,1.0,1.0,0.0,1.0,0.0,0.0,377,1.5834e-05,1,2
2512,11,1320,C,2,C,1.0,1.0,0.0,0.0,1.0,0.0,377,1.5834e-05,1,2
2512,14,2103,A,0,A,1.0,1.0,1.0,0.0,0.0,0.0,377,1.5834e-05,1,2
2512,13,2031,A,0,A,1.0,1.0,1.0,0.0,0.0,0.0,377,1.5834e-05,1,2
2512,12,2013,A,0,A,1.0,1.0,1.0,0.0,0.0,0.0,377,1.5834e-05,1,2
2512,15,2130,A,0,A,1.0,1.0,1.0,0.0,0.0,0.0,377,1.5834e-05,1,2
2512,16,2301,A,0,A,1.0,1.0,1.0,0.0,0.0,0.0,377,1.5834e-05,1,2
2512,17,2310,A,0,A,1.0,1.0,1.0,0.0,0.0,0.0,377,1.5834e-05,1,2
2512,20,3102,D,3,D,0.99,0.99,0.01,0.0,0.0,0.99,377,1.5834e-05,1,2
2512,19,3021,C,2,C,0.99,0.99,0.01,0.0,0.99,0.0,377,1.5834e-05,1,2
2512,18,3012,D,3,D,1.0,0.99,0.0,0.0,0.0,1.0,377,1.5834e-05,1,2
2512,21,3120,C,2,C,1.0,0.99,0.0,0.0,1.0,0.0,377,1.5834e-05,1,2
2512,22,3201,B,1,B,0.99,0.99,0.01,0.99,0.0,0.0,377,1.5834e-05,1,2
8212,0,0123,D,3,D,0.56,0.41000000000000003,0.01,0.4,0.03,0.56,374,1.5708e-05,1,3
2512,23,3210,B,1,B,0.99,0.99,0.01,0.99,0.0,0.0,377,1.5834e-05,1,2
8212,1,0132,C,2,C,0.49,0.33,0.02,0.46,0.49,0.03,374,1.5708e-05,1,3
8212,2,0213,D,3,C,0.49,0.32,0.02,0.02,0.49,0.47000000000000003,374,1.5708e-05,0,1
8212,3,0231,C,2,C,0.58,0.45,0.02,0.02,0.58,0.38,374,1.5708e-05,1,3
8212,4,0312,B,1,C,0.51,0.35000000000000003,0.02,0.44,0.51,0.03,374,1.5708e-05,0,1
8212,8,1203,D,3,A,0.64,0.52,0.64,0.01,0.0,0.35000000000000003,374,1.5708e-05,0,1
8212,6,1023,D,3,A,0.65,0.53,0.65,0.0,0.01,0.34,374,1.5708e-05,0,1
8212,7,1032,C,2,A,0.52,0.35000000000000003,0.52,0.0,0.47000000000000003,0.01,374,1.5708e-05,0,1
8212,5,0321,B,1,B,0.55,0.41000000000000003,0.02,0.55,0.03,0.4,374,1.5708e-05,1,3
8212,9,1230,C,2,A,0.8200000000000001,0.75,0.8200000000000001,0.02,0.16,0.0,374,1.5708e-05,0,1
8212,10,1302,B,1,A,0.79,0.72,0.79,0.19,0.0,0.02,374,1.5708e-05,0,1
8212,11,1320,B,1,A,0.78,0.7000000000000001,0.78,0.21,0.01,0.0,374,1.5708e-05,0,1
8212,12,2013,D,3,D,0.51,0.34,0.02,0.01,0.46,0.51,374,1.5708e-05,1,3
8212,13,2031,C,2,C,0.64,0.52,0.02,0.02,0.64,0.32,374,1.5708e-05,1,3
8212,15,2130,C,2,B,0.76,0.6900000000000001,0.02,0.76,0.22,0.0,374,1.5708e-05,0,1
8212,17,2310,B,1,C,0.65,0.54,0.04,0.30000000000000004,0.65,0.01,374,1.5708e-05,0,1
8212,16,2301,B,1,D,0.52,0.36,0.05,0.42,0.01,0.52,374,1.5708e-05,0,1
8212,14,2103,D,3,B,0.6000000000000001,0.47000000000000003,0.01,0.6000000000000001,0.01,0.38,374,1.5708e-05,0,1
8212,18,3012,A,0,C,0.49,0.31,0.48,0.0,0.49,0.03,374,1.5708e-05,0,1
8212,19,3021,A,0,D,0.5700000000000001,0.42,0.38,0.0,0.05,0.5700000000000001,374,1.5708e-05,0,1
8212,20,3102,A,0,B,0.62,0.49,0.35000000000000003,0.62,0.0,0.03,374,1.5708e-05,0,1
8212,21,3120,A,0,B,0.66,0.55,0.30000000000000004,0.66,0.04,0.0,374,1.5708e-05,0,1
8212,22,3201,A,0,D,0.48,0.31,0.48,0.04,0.0,0.48,374,1.5708e-05,0,1
2960,1,0132,B,1,B,0.68,0.5700000000000001,0.0,0.68,0.02,0.30000000000000004,368,1.5456e-05,1,1
8212,23,3210,A,0,C,0.63,0.51,0.34,0.02,0.63,0.01,374,1.5708e-05,0,1
2960,0,0123,B,1,B,0.72,0.63,0.0,0.72,0.25,0.03,368,1.5456e-05,1,1
2960,3,0231,D,3,D,0.8200000000000001,0.76,0.0,0.17,0.01,0.8200000000000001,368,1.5456e-05,1,1
2960,2,0213,C,2,C,0.75,0.66,0.0,0.23,0.75,0.02,368,1.5456e-05,1,1
2960,4,0312,C,2,C,0.67,0.55,0.0,0.02,0.67,0.31,368,1.5456e-05,1,1
2960,5,0321,D,3,D,0.81,0.74,0.0,0.01,0.18,0.81,368,1.5456e-05,1,1
2960,6,1023,A,0,A,0.7000000000000001,0.59,0.7000000000000001,0.0,0.28,0.02,368,1.5456e-05,1,1
2960,8,1203,A,0,A,0.72,0.61,0.72,0.27,0.0,0.01,368,1.5456e-05,1,1
2960,7,1032,A,0,A,0.74,0.65,0.74,0.0,0.01,0.25,368,1.5456e-05,1,1
2960,10,1302,A,0,A,0.76,0.68,0.76,0.01,0.0,0.23,368,1.5456e-05,1,1
2960,11,1320,A,0,A,0.75,0.66,0.75,0.01,0.24,0.0,368,1.5456e-05,1,1
2960,9,1230,A,0,A,0.67,0.55,0.67,0.32,0.01,0.0,368,1.5456e-05,1,1
2960,13,2031,D,3,D,0.81,0.75,0.18,0.0,0.01,0.81,368,1.5456e-05,1,1
2960,12,2013,C,2,C,0.72,0.62,0.26,0.0,0.72,0.02,368,1.5456e-05,1,1
2960,15,2130,B,1,B,0.8,0.73,0.19,0.8,0.01,0.0,368,1.5456e-05,1,1
2960,14,2103,B,1,B,0.81,0.75,0.17,0.81,0.0,0.01,368,1.5456e-05,1,1
2960,16,2301,D,3,D,0.77,0.7000000000000001,0.22,0.01,0.0,0.77,368,1.5456e-05,1,1
2960,18,3012,C,2,C,0.64,0.53,0.02,0.0,0.64,0.34,368,1.5456e-05,1,1
2960,17,2310,C,2,C,0.79,0.72,0.2,0.01,0.79,0.0,368,1.5456e-05,1,1
2960,19,3021,D,3,D,0.81,0.75,0.01,0.0,0.18,0.81,368,1.5456e-05,1,1
2960,20,3102,B,1,B,0.76,0.68,0.02,0.76,0.0,0.22,368,1.5456e-05,1,1
2960,21,3120,B,1,B,0.76,0.6900000000000001,0.02,0.76,0.21,0.01,368,1.5456e-05,1,1
2960,22,3201,D,3,D,0.68,0.5700000000000001,0.02,0.30000000000000004,0.0,0.68,368,1.5456e-05,1,1
2960,23,3210,C,2,C,0.71,0.6000000000000001,0.01,0.28,0.71,0.0,368,1.5456e-05,1,1
6552,0,0123,C,2,C,0.98,0.97,0.0,0.02,0.98,0.0,373,1.5666000000000002e-05,1,2
6552,2,0213,B,1,B,0.98,0.98,0.0,0.98,0.02,0.0,373,1.5666000000000002e-05,1,2
6552,1,0132,D,3,D,0.99,0.98,0.0,0.01,0.0,0.99,373,1.5666000000000002e-05,1,2
6552,3,0231,B,1,B,0.98,0.97,0.0,0.98,0.0,0.02,373,1.5666000000000002e-05,1,2
6552,4,0312,D,3,D,0.98,0.98,0.0,0.0,0.02,0.98,373,1.5666000000000002e-05,1,2
6552,8,1203,B,1,B,0.96,0.9500000000000001,0.04,0.96,0.0,0.0,373,1.5666000000000002e-05,1,2
6552,5,0321,C,2,C,0.97,0.9500000000000001,0.0,0.0,0.97,0.03,373,1.5666000000000002e-05,1,2
6552,6,1023,C,2,C,0.96,0.9400000000000001,0.04,0.0,0.96,0.0,373,1.5666000000000002e-05,1,2
6552,10,1302,D,3,D,0.97,0.96,0.03,0.0,0.0,0.97,373,1.5666000000000002e-05,1,2
6552,9,1230,B,1,B,0.97,0.9500000000000001,0.03,0.97,0.0,0.0,373,1.5666000000000002e-05,1,2
6552,12,2013,A,0,A,0.98,0.97,0.98,0.0,0.02,0.0,373,1.5666000000000002e-05,1,2
6552,11,1320,C,2,C,0.9500000000000001,0.93,0.05,0.0,0.9500000000000001,0.0,373,1.5666000000000002e-05,1,2
6552,14,2103,A,0,A,0.97,0.96,0.97,0.03,0.0,0.0,373,1.5666000000000002e-05,1,2
6552,15,2130,A,0,A,0.96,0.9400000000000001,0.96,0.04,0.0,0.0,373,1.5666000000000002e-05,1,2
6552,13,2031,A,0,A,0.98,0.97,0.98,0.0,0.0,0.02,373,1.5666000000000002e-05,1,2
6552,16,2301,A,0,A,0.98,0.97,0.98,0.0,0.0,0.02,373,1.5666000000000002e-05,1,2
6552,17,2310,A,0,A,0.98,0.97,0.98,0.0,0.02,0.0,373,1.5666000000000002e-05,1,2
6552,18,3012,D,3,D,0.99,0.98,0.0,0.0,0.01,0.99,373,1.5666000000000002e-05,1,2
6552,19,3021,C,2,C,0.97,0.9500000000000001,0.0,0.0,0.97,0.03,373,1.5666000000000002e-05,1,2
6552,20,3102,D,3,D,0.98,0.97,0.0,0.02,0.0,0.98,373,1.5666000000000002e-05,1,2
6552,22,3201,B,1,B,0.98,0.97,0.0,0.98,0.0,0.02,373,1.5666000000000002e-05,1,2
6552,21,3120,C,2,C,0.96,0.9500000000000001,0.01,0.03,0.96,0.0,373,1.5666000000000002e-05,1,2
6552,23,3210,B,1,B,0.97,0.97,0.01,0.97,0.02,0.0,373,1.5666000000000002e-05,1,2
9468,0,0123,C,2,A,0.55,0.4,0.55,0.04,0.34,0.07,378,1.5876000000000002e-05,0,0
9468,1,0132,D,3,A,0.55,0.41000000000000003,0.55,0.04,0.04,0.37,378,1.5876000000000002e-05,0,0
9468,2,0213,B,1,B,0.49,0.32,0.44,0.49,0.03,0.04,378,1.5876000000000002e-05,1,2
9468,3,0231,B,1,A,0.55,0.41000000000000003,0.55,0.38,0.05,0.02,378,1.5876000000000002e-05,0,0
9468,5,0321,C,2,C,0.5700000000000001,0.42,0.35000000000000003,0.06,0.5700000000000001,0.02,378,1.5876000000000002e-05,1,2
9468,4,0312,D,3,A,0.6000000000000001,0.46,0.6000000000000001,0.08,0.03,0.29,378,1.5876000000000002e-05,0,0
9468,7,1032,D,3,D,0.54,0.39,0.1,0.31,0.05,0.54,378,1.5876000000000002e-05,1,2
9468,8,1203,B,1,B,0.61,0.48,0.09,0.61,0.24,0.06,378,1.5876000000000002e-05,1,2
9468,6,1023,C,2,C,0.45,0.27,0.12,0.36,0.45,0.07,378,1.5876000000000002e-05,1,2
9468,9,1230,B,1,B,0.63,0.5,0.11,0.63,0.06,0.2,378,1.5876000000000002e-05,1,2
9468,10,1302,D,3,D,0.53,0.38,0.12,0.08,0.27,0.53,378,1.5876000000000002e-05,1,2
6552,7,1032,D,3,D,0.97,0.96,0.03,0.0,0.0,0.97,373,1.5666000000000002e-05,1,2
9468,11,1320,C,2,C,0.66,0.54,0.08,0.06,0.66,0.2,378,1.5876000000000002e-05,1,2
9468,12,2013,A,0,A,0.8,0.73,0.8,0.16,0.01,0.03,378,1.5876000000000002e-05,1,2
9468,14,2103,A,0,A,0.79,0.71,0.79,0.02,0.15,0.04,378,1.5876000000000002e-05,1,2
9468,13,2031,A,0,A,0.81,0.73,0.81,0.15,0.03,0.01,378,1.5876000000000002e-05,1,2
9468,15,2130,A,0,A,0.8,0.73,0.8,0.02,0.03,0.15,378,1.5876000000000002e-05,1,2
9468,16,2301,A,0,A,0.77,0.6900000000000001,0.77,0.07,0.14,0.02,378,1.5876000000000002e-05,1,2
9468,17,2310,A,0,A,0.75,0.67,0.75,0.07,0.02,0.16,378,1.5876000000000002e-05,1,2
9468,20,3102,D,3,D,0.399999999999999,0.21,0.27,0.04,0.29,0.399999999999999,378,1.5876000000000002e-05,1,2
9468,22,3201,B,1,B,0.74,0.66,0.17,0.74,0.08,0.01,378,1.5876000000000002e-05,1,2
9468,19,3021,C,2,C,0.46,0.28,0.32,0.21,0.46,0.01,378,1.5876000000000002e-05,1,2
9371,0,0123,A,0,A,0.8300000000000001,0.78,0.8300000000000001,0.1,0.0,0.07,386,1.6212e-05,1,0
9468,21,3120,C,2,C,0.54,0.38,0.29,0.03,0.54,0.14,378,1.5876000000000002e-05,1,2
9468,18,3012,D,3,B,0.35000000000000003,0.14,0.30000000000000004,0.35000000000000003,0.02,0.33,378,1.5876000000000002e-05,0,0
9468,23,3210,B,1,B,0.72,0.62,0.2,0.72,0.01,0.07,378,1.5876000000000002e-05,1,2
9371,1,0132,A,0,A,0.84,0.8,0.84,0.11,0.04,0.01,386,1.6212e-05,1,0
9371,2,0213,A,0,A,0.87,0.84,0.87,0.01,0.07,0.05,386,1.6212e-05,1,0
9371,3,0231,A,0,A,0.9,0.87,0.9,0.01,0.05,0.04,386,1.6212e-05,1,0
9371,4,0312,A,0,A,0.87,0.84,0.87,0.04,0.08,0.01,386,1.6212e-05,1,0
9371,7,1032,B,1,B,0.87,0.8200000000000001,0.06,0.87,0.06,0.01,386,1.6212e-05,1,0
9371,8,1203,C,2,C,0.87,0.84,0.06,0.01,0.87,0.06,386,1.6212e-05,1,0
9371,5,0321,A,0,A,0.92,0.89,0.92,0.03,0.01,0.04,386,1.6212e-05,1,0
9371,6,1023,B,1,B,0.8300000000000001,0.77,0.07,0.8300000000000001,0.01,0.09,386,1.6212e-05,1,0
9371,9,1230,D,3,D,0.9,0.86,0.04,0.0,0.06,0.9,386,1.6212e-05,1,0
9371,10,1302,C,2,C,0.88,0.8300000000000001,0.07,0.04,0.88,0.01,386,1.6212e-05,1,0
9371,12,2013,B,1,B,0.85,0.79,0.01,0.85,0.07,0.07,386,1.6212e-05,1,0
9371,11,1320,D,3,D,0.9,0.87,0.06,0.03,0.01,0.9,386,1.6212e-05,1,0
9371,13,2031,B,1,B,0.86,0.8200000000000001,0.01,0.86,0.07,0.06,386,1.6212e-05,1,0
9371,16,2301,C,2,C,0.87,0.8300000000000001,0.01,0.06,0.87,0.06,386,1.6212e-05,1,0
9371,14,2103,C,2,C,0.8300000000000001,0.79,0.02,0.07,0.8300000000000001,0.08,386,1.6212e-05,1,0
9371,15,2130,D,3,D,0.9,0.86,0.01,0.04,0.05,0.9,386,1.6212e-05,1,0
9371,17,2310,D,3,D,0.89,0.85,0.01,0.06,0.04,0.89,386,1.6212e-05,1,0
9371,19,3021,B,1,B,0.87,0.8300000000000001,0.08,0.87,0.01,0.04,386,1.6212e-05,1,0
9371,21,3120,D,3,D,0.86,0.81,0.08,0.05,0.01,0.86,386,1.6212e-05,1,0
9371,23,3210,D,3,D,0.87,0.8300000000000001,0.08,0.01,0.04,0.87,386,1.6212e-05,1,0
9371,22,3201,C,2,C,0.89,0.85,0.06,0.0,0.89,0.05,386,1.6212e-05,1,0
1442,0,0123,B,1,B,1.0,1.0,0.0,1.0,0.0,0.0,371,1.5582e-05,1,1
9371,20,3102,C,2,C,0.85,0.79,0.09,0.05,0.85,0.01,386,1.6212e-05,1,0
1442,1,0132,B,1,B,1.0,1.0,0.0,1.0,0.0,0.0,371,1.5582e-05,1,1
1442,2,0213,C,2,C,1.0,1.0,0.0,0.0,1.0,0.0,371,1.5582e-05,1,1
1442,3,0231,D,3,D,1.0,1.0,0.0,0.0,0.0,1.0,371,1.5582e-05,1,1
9371,18,3012,B,1,B,0.87,0.84,0.06,0.87,0.06,0.01,386,1.6212e-05,1,0
1442,5,0321,D,3,D,1.0,1.0,0.0,0.0,0.0,1.0,371,1.5582e-05,1,1
1442,6,1023,A,0,A,1.0,1.0,1.0,0.0,0.0,0.0,371,1.5582e-05,1,1
1442,4,0312,C,2,C,1.0,1.0,0.0,0.0,1.0,0.0,371,1.5582e-05,1,1
1442,8,1203,A,0,A,1.0,1.0,1.0,0.0,0.0,0.0,371,1.5582e-05,1,1
1442,9,1230,A,0,A,1.0,1.0,1.0,0.0,0.0,0.0,371,1.5582e-05,1,1
1442,7,1032,A,0,A,1.0,1.0,1.0,0.0,0.0,0.0,371,1.5582e-05,1,1
1442,10,1302,A,0,A,1.0,1.0,1.0,0.0,0.0,0.0,371,1.5582e-05,1,1
1442,11,1320,A,0,A,1.0,1.0,1.0,0.0,0.0,0.0,371,1.5582e-05,1,1
1442,12,2013,C,2,C,1.0,1.0,0.0,0.0,1.0,0.0,371,1.5582e-05,1,1
1442,14,2103,B,1,B,1.0,1.0,0.0,1.0,0.0,0.0,371,1.5582e-05,1,1
1442,17,2310,C,2,C,1.0,1.0,0.0,0.0,1.0,0.0,371,1.5582e-05,1,1
1442,16,2301,D,3,D,1.0,1.0,0.0,0.0,0.0,1.0,371,1.5582e-05,1,1
1442,15,2130,B,1,B,1.0,1.0,0.0,1.0,0.0,0.0,371,1.5582e-05,1,1
1442,13,2031,D,3,D,1.0,1.0,0.0,0.0,0.0,1.0,371,1.5582e-05,1,1
1442,19,3021,D,3,D,1.0,1.0,0.0,0.0,0.0,1.0,371,1.5582e-05,1,1
1442,18,3012,C,2,C,1.0,1.0,0.0,0.0,1.0,0.0,371,1.5582e-05,1,1
1442,20,3102,B,1,B,1.0,1.0,0.0,1.0,0.0,0.0,371,1.5582e-05,1,1
10230,1,0132,B,1,B,1.0,1.0,0.0,1.0,0.0,0.0,381,1.6002000000000004e-05,1,1
1442,22,3201,D,3,D,1.0,1.0,0.0,0.0,0.0,1.0,371,1.5582e-05,1,1
1442,21,3120,B,1,B,1.0,1.0,0.0,1.0,0.0,0.0,371,1.5582e-05,1,1
1442,23,3210,C,2,C,1.0,1.0,0.0,0.0,1.0,0.0,371,1.5582e-05,1,1
10230,0,0123,B,1,B,1.0,1.0,0.0,1.0,0.0,0.0,381,1.6002000000000004e-05,1,1
10230,4,0312,C,2,C,1.0,1.0,0.0,0.0,1.0,0.0,381,1.6002000000000004e-05,1,1
10230,2,0213,C,2,C,1.0,1.0,0.0,0.0,1.0,0.0,381,1.6002000000000004e-05,1,1
10230,3,0231,D,3,D,1.0,1.0,0.0,0.0,0.0,1.0,381,1.6002000000000004e-05,1,1
10230,5,0321,D,3,D,1.0,1.0,0.0,0.0,0.0,1.0,381,1.6002000000000004e-05,1,1
10230,8,1203,A,0,A,1.0,1.0,1.0,0.0,0.0,0.0,381,1.6002000000000004e-05,1,1
10230,7,1032,A,0,A,1.0,1.0,1.0,0.0,0.0,0.0,381,1.6002000000000004e-05,1,1
10230,6,1023,A,0,A,1.0,1.0,1.0,0.0,0.0,0.0,381,1.6002000000000004e-05,1,1
10230,9,1230,A,0,A,1.0,1.0,1.0,0.0,0.0,0.0,381,1.6002000000000004e-05,1,1
10230,11,1320,A,0,A,1.0,1.0,1.0,0.0,0.0,0.0,381,1.6002000000000004e-05,1,1
10230,12,2013,C,2,C,1.0,1.0,0.0,0.0,1.0,0.0,381,1.6002000000000004e-05,1,1
10230,10,1302,A,0,A,1.0,1.0,1.0,0.0,0.0,0.0,381,1.6002000000000004e-05,1,1
10230,15,2130,B,1,B,1.0,1.0,0.0,1.0,0.0,0.0,381,1.6002000000000004e-05,1,1
10230,17,2310,C,2,C,1.0,1.0,0.0,0.0,1.0,0.0,381,1.6002000000000004e-05,1,1
10230,16,2301,D,3,D,1.0,1.0,0.0,0.0,0.0,1.0,381,1.6002000000000004e-05,1,1
10230,19,3021,D,3,D,1.0,1.0,0.0,0.0,0.0,1.0,381,1.6002000000000004e-05,1,1
10230,13,2031,D,3,D,1.0,1.0,0.0,0.0,0.0,1.0,381,1.6002000000000004e-05,1,1
10230,20,3102,B,1,B,1.0,1.0,0.0,1.0,0.0,0.0,381,1.6002000000000004e-05,1,1
10230,14,2103,B,1,B,1.0,1.0,0.0,1.0,0.0,0.0,381,1.6002000000000004e-05,1,1
10230,21,3120,B,1,B,1.0,1.0,0.0,1.0,0.0,0.0,381,1.6002000000000004e-05,1,1
10230,18,3012,C,2,C,1.0,1.0,0.0,0.0,1.0,0.0,381,1.6002000000000004e-05,1,1
10230,22,3201,D,3,D,1.0,1.0,0.0,0.0,0.0,1.0,381,1.6002000000000004e-05,1,1
2608,1,0132,A,0,A,1.0,1.0,1.0,0.0,0.0,0.0,373,1.5666000000000002e-05,1,0
2608,2,0213,A,0,A,1.0,1.0,1.0,0.0,0.0,0.0,373,1.5666000000000002e-05,1,0
2608,3,0231,A,0,A,1.0,1.0,1.0,0.0,0.0,0.0,373,1.5666000000000002e-05,1,0
2608,0,0123,A,0,A,1.0,1.0,1.0,0.0,0.0,0.0,373,1.5666000000000002e-05,1,0
10230,23,3210,C,2,C,1.0,1.0,0.0,0.0,1.0,0.0,381,1.6002000000000004e-05,1,1
2608,7,1032,B,1,B,1.0,1.0,0.0,1.0,0.0,0.0,373,1.5666000000000002e-05,1,0
2608,4,0312,A,0,A,1.0,1.0,1.0,0.0,0.0,0.0,373,1.5666000000000002e-05,1,0
2608,6,1023,B,1,B,1.0,1.0,0.0,1.0,0.0,0.0,373,1.5666000000000002e-05,1,0
2608,8,1203,C,2,C,1.0,1.0,0.0,0.0,1.0,0.0,373,1.5666000000000002e-05,1,0
2608,5,0321,A,0,A,1.0,1.0,1.0,0.0,0.0,0.0,373,1.5666000000000002e-05,1,0
2608,11,1320,D,3,D,1.0,1.0,0.0,0.0,0.0,1.0,373,1.5666000000000002e-05,1,0
2608,10,1302,C,2,C,1.0,1.0,0.0,0.0,1.0,0.0,373,1.5666000000000002e-05,1,0
2608,9,1230,D,3,D,1.0,1.0,0.0,0.0,0.0,1.0,373,1.5666000000000002e-05,1,0
2608,12,2013,B,1,B,1.0,1.0,0.0,1.0,0.0,0.0,373,1.5666000000000002e-05,1,0
2608,13,2031,B,1,B,1.0,1.0,0.0,1.0,0.0,0.0,373,1.5666000000000002e-05,1,0
2608,18,3012,B,1,B,1.0,1.0,0.0,1.0,0.0,0.0,373,1.5666000000000002e-05,1,0
2608,15,2130,D,3,D,1.0,1.0,0.0,0.0,0.0,1.0,373,1.5666000000000002e-05,1,0
2608,17,2310,D,3,D,1.0,1.0,0.0,0.0,0.0,1.0,373,1.5666000000000002e-05,1,0
2608,14,2103,C,2,C,1.0,1.0,0.0,0.0,1.0,0.0,373,1.5666000000000002e-05,1,0
2608,19,3021,B,1,B,1.0,1.0,0.0,1.0,0.0,0.0,373,1.5666000000000002e-05,1,0
2608,16,2301,C,2,C,1.0,1.0,0.0,0.0,1.0,0.0,373,1.5666000000000002e-05,1,0
2608,20,3102,C,2,C,1.0,1.0,0.0,0.0,1.0,0.0,373,1.5666000000000002e-05,1,0
2608,22,3201,C,2,C,1.0,1.0,0.0,0.0,1.0,0.0,373,1.5666000000000002e-05,1,0
2608,21,3120,D,3,D,1.0,1.0,0.0,0.0,0.0,1.0,373,1.5666000000000002e-05,1,0
437,0,0123,B,1,B,0.92,0.9,0.01,0.92,0.06,0.01,376,1.5792000000000004e-05,1,1
437,2,0213,C,2,C,0.76,0.67,0.01,0.22,0.76,0.01,376,1.5792000000000004e-05,1,1
437,1,0132,B,1,B,0.89,0.85,0.01,0.89,0.0,0.1,376,1.5792000000000004e-05,1,1
2608,23,3210,D,3,D,1.0,1.0,0.0,0.0,0.0,1.0,373,1.5666000000000002e-05,1,0
437,3,0231,D,3,D,0.8300000000000001,0.78,0.01,0.15,0.01,0.8300000000000001,376,1.5792000000000004e-05,1,1
437,6,1023,A,0,A,0.89,0.87,0.89,0.01,0.09,0.01,376,1.5792000000000004e-05,1,1
437,4,0312,C,2,C,0.91,0.88,0.01,0.0,0.91,0.08,376,1.5792000000000004e-05,1,1
437,8,1203,A,0,A,0.8300000000000001,0.78,0.8300000000000001,0.15,0.01,0.01,376,1.5792000000000004e-05,1,1
437,5,0321,D,3,D,0.76,0.68,0.01,0.0,0.23,0.76,376,1.5792000000000004e-05,1,1
437,9,1230,A,0,A,0.8300000000000001,0.78,0.8300000000000001,0.14,0.02,0.01,376,1.5792000000000004e-05,1,1
437,10,1302,A,0,A,0.87,0.8300000000000001,0.87,0.01,0.01,0.11,376,1.5792000000000004e-05,1,1
437,7,1032,A,0,A,0.89,0.85,0.89,0.01,0.0,0.1,376,1.5792000000000004e-05,1,1
437,11,1320,A,0,A,0.88,0.85,0.88,0.01,0.1,0.01,376,1.5792000000000004e-05,1,1
437,12,2013,C,2,C,0.8300000000000001,0.78,0.14,0.02,0.8300000000000001,0.01,376,1.5792000000000004e-05,1,1
437,13,2031,D,3,D,0.88,0.8300000000000001,0.11,0.01,0.0,0.88,376,1.5792000000000004e-05,1,1
437,14,2103,B,1,B,0.91,0.87,0.09,0.91,0.0,0.0,376,1.5792000000000004e-05,1,1
437,15,2130,B,1,B,0.89,0.84,0.11,0.89,0.0,0.0,376,1.5792000000000004e-05,1,1
437,18,3012,C,2,C,0.9,0.86,0.0,0.01,0.9,0.09,376,1.5792000000000004e-05,1,1
437,17,2310,C,2,C,0.8200000000000001,0.77,0.16,0.01,0.8200000000000001,0.01,376,1.5792000000000004e-05,1,1
437,16,2301,D,3,D,0.8300000000000001,0.78,0.15,0.01,0.01,0.8300000000000001,376,1.5792000000000004e-05,1,1
437,20,3102,B,1,B,0.9,0.87,0.01,0.9,0.0,0.09,376,1.5792000000000004e-05,1,1
437,19,3021,D,3,D,0.79,0.72,0.01,0.01,0.19,0.79,376,1.5792000000000004e-05,1,1
437,21,3120,B,1,B,0.9400000000000001,0.91,0.0,0.9400000000000001,0.06,0.0,376,1.5792000000000004e-05,1,1
437,22,3201,D,3,D,0.84,0.79,0.01,0.14,0.01,0.84,376,1.5792000000000004e-05,1,1
437,23,3210,C,2,C,0.79,0.73,0.01,0.19,0.79,0.01,376,1.5792000000000004e-05,1,1
959,0,0123,C,2,C,1.0,1.0,0.0,0.0,1.0,0.0,366,1.5372e-05,1,2
959,1,0132,D,3,D,1.0,1.0,0.0,0.0,0.0,1.0,366,1.5372e-05,1,2
959,2,0213,B,1,B,1.0,1.0,0.0,1.0,0.0,0.0,366,1.5372e-05,1,2
959,4,0312,D,3,D,1.0,1.0,0.0,0.0,0.0,1.0,366,1.5372e-05,1,2
959,5,0321,C,2,C,1.0,0.99,0.0,0.0,1.0,0.0,366,1.5372e-05,1,2
959,6,1023,C,2,C,1.0,1.0,0.0,0.0,1.0,0.0,366,1.5372e-05,1,2
959,7,1032,D,3,D,1.0,1.0,0.0,0.0,0.0,1.0,366,1.5372e-05,1,2
959,8,1203,B,1,B,1.0,1.0,0.0,1.0,0.0,0.0,366,1.5372e-05,1,2
959,9,1230,B,1,B,1.0,1.0,0.0,1.0,0.0,0.0,366,1.5372e-05,1,2
959,3,0231,B,1,B,1.0,1.0,0.0,1.0,0.0,0.0,366,1.5372e-05,1,2
959,10,1302,D,3,D,1.0,1.0,0.0,0.0,0.0,1.0,366,1.5372e-05,1,2
959,11,1320,C,2,C,1.0,1.0,0.0,0.0,1.0,0.0,366,1.5372e-05,1,2
959,12,2013,A,0,A,1.0,1.0,1.0,0.0,0.0,0.0,366,1.5372e-05,1,2
959,13,2031,A,0,A,1.0,1.0,1.0,0.0,0.0,0.0,366,1.5372e-05,1,2
959,14,2103,A,0,A,1.0,1.0,1.0,0.0,0.0,0.0,366,1.5372e-05,1,2
959,15,2130,A,0,A,1.0,1.0,1.0,0.0,0.0,0.0,366,1.5372e-05,1,2
959,17,2310,A,0,A,1.0,1.0,1.0,0.0,0.0,0.0,366,1.5372e-05,1,2
959,16,2301,A,0,A,1.0,1.0,1.0,0.0,0.0,0.0,366,1.5372e-05,1,2
959,18,3012,D,3,D,1.0,1.0,0.0,0.0,0.0,1.0,366,1.5372e-05,1,2
959,21,3120,C,2,C,1.0,1.0,0.0,0.0,1.0,0.0,366,1.5372e-05,1,2
959,19,3021,C,2,C,1.0,1.0,0.0,0.0,1.0,0.0,366,1.5372e-05,1,2
959,23,3210,B,1,B,1.0,0.99,0.0,1.0,0.0,0.0,366,1.5372e-05,1,2
959,22,3201,B,1,B,1.0,0.99,0.0,1.0,0.0,0.0,366,1.5372e-05,1,2
8243,0,0123,C,2,C,1.0,1.0,0.0,0.0,1.0,0.0,366,1.5372e-05,1,2
8243,1,0132,D,3,D,1.0,1.0,0.0,0.0,0.0,1.0,366,1.5372e-05,1,2
8243,3,0231,B,1,B,1.0,1.0,0.0,1.0,0.0,0.0,366,1.5372e-05,1,2
8243,4,0312,D,3,D,1.0,1.0,0.0,0.0,0.0,1.0,366,1.5372e-05,1,2
8243,2,0213,B,1,B,1.0,1.0,0.0,1.0,0.0,0.0,366,1.5372e-05,1,2
959,20,3102,D,3,D,1.0,1.0,0.0,0.0,0.0,1.0,366,1.5372e-05,1,2
8243,5,0321,C,2,C,1.0,1.0,0.0,0.0,1.0,0.0,366,1.5372e-05,1,2
8243,6,1023,C,2,C,1.0,1.0,0.0,0.0,1.0,0.0,366,1.5372e-05,1,2
8243,7,1032,D,3,D,1.0,1.0,0.0,0.0,0.0,1.0,366,1.5372e-05,1,2
8243,8,1203,B,1,B,1.0,1.0,0.0,1.0,0.0,0.0,366,1.5372e-05,1,2
8243,10,1302,D,3,D,1.0,1.0,0.0,0.0,0.0,1.0,366,1.5372e-05,1,2
8243,11,1320,C,2,C,1.0,1.0,0.0,0.0,1.0,0.0,366,1.5372e-05,1,2
8243,9,1230,B,1,B,1.0,0.99,0.0,1.0,0.0,0.0,366,1.5372e-05,1,2
8243,12,2013,A,0,A,1.0,1.0,1.0,0.0,0.0,0.0,366,1.5372e-05,1,2
8243,13,2031,A,0,A,1.0,1.0,1.0,0.0,0.0,0.0,366,1.5372e-05,1,2
8243,14,2103,A,0,A,1.0,1.0,1.0,0.0,0.0,0.0,366,1.5372e-05,1,2
8243,15,2130,A,0,A,1.0,1.0,1.0,0.0,0.0,0.0,366,1.5372e-05,1,2
8243,16,2301,A,0,A,1.0,1.0,1.0,0.0,0.0,0.0,366,1.5372e-05,1,2
8243,18,3012,D,3,D,1.0,1.0,0.0,0.0,0.0,1.0,366,1.5372e-05,1,2
8243,17,2310,A,0,A,1.0,1.0,1.0,0.0,0.0,0.0,366,1.5372e-05,1,2
8243,20,3102,D,3,D,1.0,1.0,0.0,0.0,0.0,1.0,366,1.5372e-05,1,2
8243,19,3021,C,2,C,1.0,1.0,0.0,0.0,1.0,0.0,366,1.5372e-05,1,2
8243,21,3120,C,2,C,1.0,1.0,0.0,0.0,1.0,0.0,366,1.5372e-05,1,2
8243,22,3201,B,1,B,1.0,1.0,0.0,1.0,0.0,0.0,366,1.5372e-05,1,2
8243,23,3210,B,1,B,1.0,1.0,0.0,1.0,0.0,0.0,366,1.5372e-05,1,2
7598,0,0123,B,1,B,1.0,0.99,0.0,1.0,0.0,0.0,361,1.5162000000000002e-05,1,1
7598,1,0132,B,1,B,0.99,0.99,0.0,0.99,0.01,0.0,361,1.5162000000000002e-05,1,1
7598,2,0213,C,2,C,1.0,0.99,0.0,0.0,1.0,0.0,361,1.5162000000000002e-05,1,1
7598,4,0312,C,2,C,1.0,0.99,0.0,0.0,1.0,0.0,361,1.5162000000000002e-05,1,1
7598,3,0231,D,3,D,0.99,0.99,0.0,0.0,0.01,0.99,361,1.5162000000000002e-05,1,1
7598,6,1023,A,0,A,1.0,1.0,1.0,0.0,0.0,0.0,361,1.5162000000000002e-05,1,1
7598,7,1032,A,0,A,1.0,1.0,1.0,0.0,0.0,0.0,361,1.5162000000000002e-05,1,1
7598,8,1203,A,0,A,1.0,1.0,1.0,0.0,0.0,0.0,361,1.5162000000000002e-05,1,1
7598,5,0321,D,3,D,1.0,1.0,0.0,0.0,0.0,1.0,361,1.5162000000000002e-05,1,1
7598,9,1230,A,0,A,1.0,1.0,1.0,0.0,0.0,0.0,361,1.5162000000000002e-05,1,1
7598,11,1320,A,0,A,1.0,0.99,1.0,0.0,0.0,0.0,361,1.5162000000000002e-05,1,1
7598,10,1302,A,0,A,1.0,0.99,1.0,0.0,0.0,0.0,361,1.5162000000000002e-05,1,1
7598,12,2013,C,2,C,1.0,0.99,0.0,0.0,1.0,0.0,361,1.5162000000000002e-05,1,1
7598,16,2301,D,3,D,1.0,0.99,0.0,0.0,0.0,1.0,361,1.5162000000000002e-05,1,1
7598,13,2031,D,3,D,0.99,0.99,0.0,0.0,0.01,0.99,361,1.5162000000000002e-05,1,1
7598,15,2130,B,1,B,0.99,0.99,0.0,0.99,0.01,0.0,361,1.5162000000000002e-05,1,1
7598,14,2103,B,1,B,1.0,0.99,0.0,1.0,0.0,0.0,361,1.5162000000000002e-05,1,1
7598,18,3012,C,2,C,1.0,0.99,0.0,0.0,1.0,0.0,361,1.5162000000000002e-05,1,1
7598,17,2310,C,2,C,1.0,1.0,0.0,0.0,1.0,0.0,361,1.5162000000000002e-05,1,1
7598,19,3021,D,3,D,1.0,0.99,0.0,0.0,0.0,1.0,361,1.5162000000000002e-05,1,1
7598,20,3102,B,1,B,1.0,0.99,0.0,1.0,0.0,0.0,361,1.5162000000000002e-05,1,1
7598,22,3201,D,3,D,1.0,0.99,0.0,0.0,0.0,1.0,361,1.5162000000000002e-05,1,1
7598,23,3210,C,2,C,0.99,0.99,0.01,0.0,0.99,0.0,361,1.5162000000000002e-05,1,1
7598,21,3120,B,1,B,0.99,0.99,0.01,0.99,0.0,0.0,361,1.5162000000000002e-05,1,1
8629,0,0123,C,2,D,0.99,0.98,0.0,0.0,0.01,0.99,395,1.6590000000000002e-05,0,3
8629,2,0213,B,1,D,1.0,0.99,0.0,0.0,0.0,1.0,395,1.6590000000000002e-05,0,3
8629,3,0231,B,1,C,0.99,0.98,0.0,0.01,0.99,0.0,395,1.6590000000000002e-05,0,3
8629,1,0132,D,3,C,0.96,0.9400000000000001,0.0,0.0,0.96,0.04,395,1.6590000000000002e-05,0,3
8629,4,0312,D,3,B,0.9500000000000001,0.93,0.0,0.9500000000000001,0.0,0.05,395,1.6590000000000002e-05,0,3
8629,5,0321,C,2,B,0.97,0.9500000000000001,0.0,0.97,0.03,0.0,395,1.6590000000000002e-05,0,3
8629,6,1023,C,2,D,0.99,0.99,0.0,0.0,0.01,0.99,395,1.6590000000000002e-05,0,3
8629,8,1203,B,1,D,0.99,0.99,0.0,0.01,0.0,0.99,395,1.6590000000000002e-05,0,3
8629,9,1230,B,1,C,0.99,0.99,0.0,0.01,0.99,0.0,395,1.6590000000000002e-05,0,3
8629,10,1302,D,3,B,0.9500000000000001,0.93,0.0,0.9500000000000001,0.0,0.05,395,1.6590000000000002e-05,0,3
8629,7,1032,D,3,C,0.97,0.96,0.0,0.0,0.97,0.03,395,1.6590000000000002e-05,0,3
8629,11,1320,C,2,B,0.98,0.97,0.0,0.98,0.02,0.0,395,1.6590000000000002e-05,0,3
8629,12,2013,A,0,D,0.99,0.99,0.01,0.0,0.0,0.99,395,1.6590000000000002e-05,0,3
8629,13,2031,A,0,C,0.98,0.98,0.02,0.0,0.98,0.0,395,1.6590000000000002e-05,0,3
8629,15,2130,A,0,C,0.99,0.99,0.01,0.0,0.99,0.0,395,1.6590000000000002e-05,0,3
8629,14,2103,A,0,D,0.99,0.98,0.01,0.0,0.0,0.99,395,1.6590000000000002e-05,0,3
8629,19,3021,C,2,A,0.97,0.96,0.97,0.0,0.03,0.0,395,1.6590000000000002e-05,0,3
8629,16,2301,A,0,B,0.99,0.99,0.01,0.99,0.0,0.0,395,1.6590000000000002e-05,0,3
8629,18,3012,D,3,A,0.97,0.9500000000000001,0.97,0.0,0.0,0.03,395,1.6590000000000002e-05,0,3
8629,17,2310,A,0,B,0.99,0.99,0.01,0.99,0.0,0.0,395,1.6590000000000002e-05,0,3
8629,21,3120,C,2,A,0.9500000000000001,0.93,0.9500000000000001,0.0,0.05,0.0,395,1.6590000000000002e-05,0,3
8629,20,3102,D,3,A,0.96,0.9400000000000001,0.96,0.0,0.0,0.04,395,1.6590000000000002e-05,0,3
8629,23,3210,B,1,A,0.97,0.96,0.97,0.03,0.0,0.0,395,1.6590000000000002e-05,0,3
4289,0,0123,C,2,D,0.6900000000000001,0.58,0.0,0.0,0.31,0.6900000000000001,392,1.6464000000000004e-05,0,3
4289,1,0132,D,3,C,0.79,0.72,0.0,0.0,0.79,0.21,392,1.6464000000000004e-05,0,3
4289,2,0213,B,1,D,0.68,0.56,0.0,0.32,0.0,0.68,392,1.6464000000000004e-05,0,3
4289,3,0231,B,1,B,0.51,0.34,0.0,0.51,0.48,0.01,392,1.6464000000000004e-05,1,2
8629,22,3201,B,1,A,0.96,0.9400000000000001,0.96,0.04,0.0,0.0,395,1.6590000000000002e-05,0,3
4289,4,0312,D,3,B,0.6900000000000001,0.58,0.0,0.6900000000000001,0.0,0.31,392,1.6464000000000004e-05,0,3
4289,5,0321,C,2,B,0.72,0.63,0.0,0.72,0.27,0.01,392,1.6464000000000004e-05,0,3
4289,8,1203,B,1,D,0.71,0.61,0.01,0.28,0.0,0.71,392,1.6464000000000004e-05,0,3
4289,7,1032,D,3,C,0.72,0.62,0.0,0.0,0.72,0.28,392,1.6464000000000004e-05,0,3
4289,6,1023,C,2,D,0.6900000000000001,0.59,0.01,0.0,0.30000000000000004,0.6900000000000001,392,1.6464000000000004e-05,0,3
4289,9,1230,B,1,C,0.61,0.49,0.01,0.38,0.61,0.0,392,1.6464000000000004e-05,0,3
4289,11,1320,C,2,B,0.78,0.7000000000000001,0.0,0.78,0.22,0.0,392,1.6464000000000004e-05,0,3
4289,12,2013,A,0,D,0.64,0.52,0.35000000000000003,0.0,0.01,0.64,392,1.6464000000000004e-05,0,3
4289,10,1302,D,3,B,0.72,0.62,0.0,0.72,0.0,0.28,392,1.6464000000000004e-05,0,3
4289,13,2031,A,0,A,0.5700000000000001,0.43,0.5700000000000001,0.0,0.42,0.01,392,1.6464000000000004e-05,1,2
4289,14,2103,A,0,D,0.63,0.5,0.36,0.01,0.0,0.63,392,1.6464000000000004e-05,0,3
4289,15,2130,A,0,C,0.55,0.4,0.44,0.01,0.55,0.0,392,1.6464000000000004e-05,0,3
4289,16,2301,A,0,A,0.56,0.42,0.56,0.43,0.0,0.01,392,1.6464000000000004e-05,1,2
4289,17,2310,A,0,B,0.56,0.4,0.44,0.56,0.0,0.0,392,1.6464000000000004e-05,0,3
4289,20,3102,D,3,A,0.78,0.71,0.78,0.0,0.0,0.22,392,1.6464000000000004e-05,0,3
4289,19,3021,C,2,A,0.74,0.65,0.74,0.0,0.26,0.0,392,1.6464000000000004e-05,0,3
4289,18,3012,D,3,A,0.77,0.6900000000000001,0.77,0.0,0.0,0.23,392,1.6464000000000004e-05,0,3
4289,21,3120,C,2,A,0.75,0.66,0.75,0.0,0.25,0.0,392,1.6464000000000004e-05,0,3
6666,0,0123,D,3,D,0.51,0.35000000000000003,0.06,0.41000000000000003,0.02,0.51,370,1.554e-05,1,3
4289,22,3201,B,1,A,0.61,0.47000000000000003,0.61,0.39,0.0,0.0,392,1.6464000000000004e-05,0,3
6666,1,0132,C,2,C,0.49,0.31,0.05,0.42,0.49,0.04,370,1.554e-05,1,3
4289,23,3210,B,1,A,0.66,0.55,0.66,0.34,0.0,0.0,392,1.6464000000000004e-05,0,3
6666,2,0213,D,3,D,0.81,0.73,0.06,0.02,0.11,0.81,370,1.554e-05,1,3
6666,5,0321,B,1,B,0.73,0.64,0.08,0.73,0.02,0.17,370,1.554e-05,1,3
6666,3,0231,C,2,C,0.71,0.61,0.08,0.01,0.71,0.2,370,1.554e-05,1,3
6666,8,1203,D,3,D,0.68,0.58,0.24,0.01,0.07,0.68,370,1.554e-05,1,3
6666,4,0312,B,1,B,0.63,0.51,0.07,0.63,0.28,0.02,370,1.554e-05,1,3
6666,6,1023,D,3,D,0.59,0.45,0.34,0.05,0.02,0.59,370,1.554e-05,1,3
6666,7,1032,C,2,C,0.67,0.56,0.26,0.04,0.67,0.03,370,1.554e-05,1,3
6666,9,1230,C,2,C,0.55,0.4,0.37,0.01,0.55,0.07,370,1.554e-05,1,3
6666,10,1302,B,1,B,0.61,0.49,0.30000000000000004,0.61,0.05,0.04,370,1.554e-05,1,3
6666,11,1320,B,1,B,0.52,0.35000000000000003,0.39,0.52,0.02,0.07,370,1.554e-05,1,3
6666,12,2013,D,3,D,0.66,0.55,0.02,0.07,0.25,0.66,370,1.554e-05,1,3
6666,13,2031,C,2,C,0.75,0.67,0.02,0.05,0.75,0.18,370,1.554e-05,1,3
6666,14,2103,D,3,D,0.84,0.79,0.02,0.11,0.03,0.84,370,1.554e-05,1,3
6666,17,2310,B,1,B,0.71,0.6000000000000001,0.03,0.71,0.2,0.06,370,1.554e-05,1,3
6666,15,2130,C,2,C,0.59,0.46,0.04,0.28,0.59,0.09,370,1.554e-05,1,3
6666,19,3021,A,0,A,0.6000000000000001,0.47000000000000003,0.6000000000000001,0.05,0.04,0.31,370,1.554e-05,1,3
6666,18,3012,A,0,A,0.58,0.44,0.58,0.04,0.36,0.02,370,1.554e-05,1,3
6666,16,2301,B,1,B,0.64,0.52,0.02,0.64,0.07,0.27,370,1.554e-05,1,3
6666,20,3102,A,0,A,0.55,0.41000000000000003,0.55,0.36,0.04,0.05,370,1.554e-05,1,3
6666,21,3120,A,0,A,0.53,0.36,0.53,0.4,0.01,0.06,370,1.554e-05,1,3
6666,22,3201,A,0,A,0.53,0.36,0.53,0.02,0.06,0.39,370,1.554e-05,1,3
5891,0,0123,D,3,D,0.9500000000000001,0.9400000000000001,0.0,0.0,0.05,0.9500000000000001,375,1.5750000000000003e-05,1,3
6666,23,3210,A,0,A,0.71,0.61,0.71,0.05,0.18,0.06,370,1.554e-05,1,3
5891,1,0132,C,2,C,0.99,0.98,0.0,0.0,0.99,0.01,375,1.5750000000000003e-05,1,3
5891,4,0312,B,1,B,0.99,0.98,0.0,0.99,0.0,0.01,375,1.5750000000000003e-05,1,3
5891,2,0213,D,3,D,0.98,0.97,0.0,0.02,0.0,0.98,375,1.5750000000000003e-05,1,3
5891,3,0231,C,2,C,0.9400000000000001,0.92,0.0,0.06,0.9400000000000001,0.0,375,1.5750000000000003e-05,1,3
5891,5,0321,B,1,B,0.99,0.98,0.0,0.99,0.01,0.0,375,1.5750000000000003e-05,1,3
5891,7,1032,C,2,C,0.99,0.98,0.0,0.0,0.99,0.01,375,1.5750000000000003e-05,1,3
5891,8,1203,D,3,D,0.97,0.96,0.0,0.03,0.0,0.97,375,1.5750000000000003e-05,1,3
5891,6,1023,D,3,D,0.93,0.9,0.0,0.0,0.07,0.93,375,1.5750000000000003e-05,1,3
5891,9,1230,C,2,C,0.92,0.89,0.01,0.07,0.92,0.0,375,1.5750000000000003e-05,1,3
5891,10,1302,B,1,B,0.98,0.97,0.0,0.98,0.0,0.02,375,1.5750000000000003e-05,1,3
5891,11,1320,B,1,B,0.98,0.97,0.0,0.98,0.02,0.0,375,1.5750000000000003e-05,1,3
5891,12,2013,D,3,D,0.97,0.9500000000000001,0.03,0.0,0.0,0.97,375,1.5750000000000003e-05,1,3
5891,13,2031,C,2,C,0.9400000000000001,0.91,0.06,0.0,0.9400000000000001,0.0,375,1.5750000000000003e-05,1,3
5891,15,2130,C,2,C,0.92,0.89,0.08,0.0,0.92,0.0,375,1.5750000000000003e-05,1,3
5891,16,2301,B,1,B,0.93,0.9,0.07,0.93,0.0,0.0,375,1.5750000000000003e-05,1,3
5891,14,2103,D,3,D,0.97,0.96,0.03,0.0,0.0,0.97,375,1.5750000000000003e-05,1,3
5891,17,2310,B,1,B,0.9400000000000001,0.92,0.06,0.9400000000000001,0.0,0.0,375,1.5750000000000003e-05,1,3
5891,20,3102,A,0,A,0.98,0.97,0.98,0.0,0.0,0.02,375,1.5750000000000003e-05,1,3
5891,19,3021,A,0,A,0.98,0.98,0.98,0.0,0.02,0.0,375,1.5750000000000003e-05,1,3
5891,22,3201,A,0,A,0.99,0.98,0.99,0.01,0.0,0.0,375,1.5750000000000003e-05,1,3
5891,23,3210,A,0,A,0.98,0.97,0.98,0.02,0.0,0.0,375,1.5750000000000003e-05,1,3
5891,21,3120,A,0,A,0.98,0.97,0.98,0.0,0.02,0.0,375,1.5750000000000003e-05,1,3
10357,0,0123,D,3,D,0.99,0.98,0.0,0.01,0.0,0.99,369,1.5498000000000003e-05,1,3
10357,1,0132,C,2,C,0.99,0.99,0.0,0.01,0.99,0.0,369,1.5498000000000003e-05,1,3
10357,2,0213,D,3,D,1.0,0.99,0.0,0.0,0.0,1.0,369,1.5498000000000003e-05,1,3
5891,18,3012,A,0,A,0.98,0.97,0.98,0.0,0.0,0.02,375,1.5750000000000003e-05,1,3
10357,3,0231,C,2,C,1.0,0.99,0.0,0.0,1.0,0.0,369,1.5498000000000003e-05,1,3
10357,4,0312,B,1,B,1.0,0.99,0.0,1.0,0.0,0.0,369,1.5498000000000003e-05,1,3
10357,8,1203,D,3,D,0.98,0.97,0.02,0.0,0.0,0.98,369,1.5498000000000003e-05,1,3
10357,7,1032,C,2,C,0.99,0.98,0.01,0.0,0.99,0.0,369,1.5498000000000003e-05,1,3
10357,6,1023,D,3,D,0.97,0.96,0.03,0.0,0.0,0.97,369,1.5498000000000003e-05,1,3
10357,10,1302,B,1,B,0.98,0.98,0.02,0.98,0.0,0.0,369,1.5498000000000003e-05,1,3
10357,5,0321,B,1,B,1.0,0.99,0.0,1.0,0.0,0.0,369,1.5498000000000003e-05,1,3
10357,9,1230,C,2,C,0.98,0.97,0.02,0.0,0.98,0.0,369,1.5498000000000003e-05,1,3
10357,11,1320,B,1,B,0.99,0.98,0.01,0.99,0.0,0.0,369,1.5498000000000003e-05,1,3
10357,12,2013,D,3,D,0.99,0.98,0.01,0.0,0.0,0.99,369,1.5498000000000003e-05,1,3
10357,14,2103,D,3,D,0.98,0.98,0.01,0.01,0.0,0.98,369,1.5498000000000003e-05,1,3
10357,15,2130,C,2,C,0.99,0.98,0.0,0.01,0.99,0.0,369,1.5498000000000003e-05,1,3
10357,13,2031,C,2,C,0.99,0.99,0.01,0.0,0.99,0.0,369,1.5498000000000003e-05,1,3
10357,17,2310,B,1,B,0.99,0.99,0.01,0.99,0.0,0.0,369,1.5498000000000003e-05,1,3
10357,18,3012,A,0,A,1.0,0.99,1.0,0.0,0.0,0.0,369,1.5498000000000003e-05,1,3
10357,16,2301,B,1,B,0.99,0.99,0.01,0.99,0.0,0.0,369,1.5498000000000003e-05,1,3
10357,19,3021,A,0,A,1.0,0.99,1.0,0.0,0.0,0.0,369,1.5498000000000003e-05,1,3
10357,20,3102,A,0,A,1.0,0.99,1.0,0.0,0.0,0.0,369,1.5498000000000003e-05,1,3
10357,22,3201,A,0,A,0.99,0.99,0.99,0.01,0.0,0.0,369,1.5498000000000003e-05,1,3
10357,21,3120,A,0,A,1.0,0.99,1.0,0.0,0.0,0.0,369,1.5498000000000003e-05,1,3
10357,23,3210,A,0,A,0.99,0.99,0.99,0.01,0.0,0.0,369,1.5498000000000003e-05,1,3
3783,1,0132,B,1,B,0.88,0.84,0.02,0.88,0.08,0.02,371,1.5582e-05,1,1
3783,0,0123,B,1,B,0.87,0.8200000000000001,0.03,0.87,0.04,0.06,371,1.5582e-05,1,1
3783,2,0213,C,2,C,0.9,0.86,0.02,0.02,0.9,0.06,371,1.5582e-05,1,1
3783,3,0231,D,3,D,0.86,0.8200000000000001,0.03,0.03,0.08,0.86,371,1.5582e-05,1,1
3783,4,0312,C,2,C,0.85,0.8,0.02,0.11,0.85,0.02,371,1.5582e-05,1,1
3783,6,1023,A,0,A,0.6900000000000001,0.59,0.6900000000000001,0.18,0.04,0.09,371,1.5582e-05,1,1
3783,5,0321,D,3,D,0.89,0.85,0.02,0.08,0.01,0.89,371,1.5582e-05,1,1
3783,10,1302,A,0,A,0.809999999999999,0.76,0.809999999999999,0.09,0.07,0.03,371,1.5582e-05,1,1
3783,9,1230,A,0,A,0.8,0.73,0.8,0.07,0.05,0.08,371,1.5582e-05,1,1
3783,8,1203,A,0,A,0.78,0.7000000000000001,0.78,0.04,0.08,0.1,371,1.5582e-05,1,1
3783,7,1032,A,0,A,0.76,0.67,0.76,0.15,0.08,0.01,371,1.5582e-05,1,1
3783,11,1320,A,0,A,0.86,0.81,0.86,0.06,0.03,0.05,371,1.5582e-05,1,1
3783,12,2013,C,2,C,0.84,0.79,0.03,0.07,0.84,0.06,371,1.5582e-05,1,1
3783,15,2130,B,1,B,0.88,0.84,0.02,0.88,0.04,0.06,371,1.5582e-05,1,1
3783,14,2103,B,1,B,0.78,0.71,0.02,0.78,0.13,0.07,371,1.5582e-05,1,1
3783,13,2031,D,3,D,0.86,0.81,0.02,0.05,0.07,0.86,371,1.5582e-05,1,1
3783,16,2301,D,3,D,0.86,0.8,0.03,0.05,0.06,0.86,371,1.5582e-05,1,1
3783,18,3012,C,2,C,0.78,0.7000000000000001,0.07,0.1,0.78,0.05,371,1.5582e-05,1,1
3783,19,3021,D,3,D,0.86,0.81,0.04,0.08,0.02,0.86,371,1.5582e-05,1,1
3783,17,2310,C,2,C,0.81,0.75,0.03,0.05,0.81,0.11,371,1.5582e-05,1,1
3783,20,3102,B,1,B,0.8200000000000001,0.76,0.05,0.8200000000000001,0.1,0.03,371,1.5582e-05,1,1
3783,23,3210,C,2,C,0.86,0.8200000000000001,0.04,0.03,0.86,0.07,371,1.5582e-05,1,1
3783,22,3201,D,3,D,0.9,0.86,0.04,0.02,0.04,0.9,371,1.5582e-05,1,1
3783,21,3120,B,1,B,0.87,0.8200000000000001,0.05,0.87,0.03,0.05,371,1.5582e-05,1,1
2259,0,0123,A,0,A,0.99,0.99,0.99,0.01,0.0,0.0,411,1.7262000000000002e-05,1,0
2259,1,0132,A,0,A,1.0,0.99,1.0,0.0,0.0,0.0,411,1.7262000000000002e-05,1,0
2259,2,0213,A,0,A,1.0,1.0,1.0,0.0,0.0,0.0,411,1.7262000000000002e-05,1,0
2259,3,0231,A,0,A,1.0,1.0,1.0,0.0,0.0,0.0,411,1.7262000000000002e-05,1,0
2259,4,0312,A,0,A,1.0,1.0,1.0,0.0,0.0,0.0,411,1.7262000000000002e-05,1,0
2259,6,1023,B,1,B,0.96,0.9400000000000001,0.04,0.96,0.0,0.0,411,1.7262000000000002e-05,1,0
2259,8,1203,C,2,C,0.96,0.9500000000000001,0.04,0.0,0.96,0.0,411,1.7262000000000002e-05,1,0
2259,5,0321,A,0,A,1.0,1.0,1.0,0.0,0.0,0.0,411,1.7262000000000002e-05,1,0
2259,7,1032,B,1,B,0.9500000000000001,0.9400000000000001,0.05,0.9500000000000001,0.0,0.0,411,1.7262000000000002e-05,1,0
2259,9,1230,D,3,D,0.97,0.96,0.03,0.0,0.0,0.97,411,1.7262000000000002e-05,1,0
2259,10,1302,C,2,C,0.97,0.96,0.03,0.0,0.97,0.0,411,1.7262000000000002e-05,1,0
2259,11,1320,D,3,D,0.97,0.96,0.03,0.0,0.0,0.97,411,1.7262000000000002e-05,1,0
2259,12,2013,B,1,B,1.0,0.99,0.0,1.0,0.0,0.0,411,1.7262000000000002e-05,1,0
2259,13,2031,B,1,B,1.0,1.0,0.0,1.0,0.0,0.0,411,1.7262000000000002e-05,1,0
2259,15,2130,D,3,D,0.98,0.98,0.0,0.02,0.0,0.98,411,1.7262000000000002e-05,1,0
2259,14,2103,C,2,C,0.97,0.9500000000000001,0.0,0.03,0.97,0.0,411,1.7262000000000002e-05,1,0
2259,16,2301,C,2,C,1.0,1.0,0.0,0.0,1.0,0.0,411,1.7262000000000002e-05,1,0
2259,18,3012,B,1,B,1.0,1.0,0.0,1.0,0.0,0.0,411,1.7262000000000002e-05,1,0
2259,19,3021,B,1,B,1.0,1.0,0.0,1.0,0.0,0.0,411,1.7262000000000002e-05,1,0
2259,17,2310,D,3,D,0.99,0.99,0.0,0.0,0.01,0.99,411,1.7262000000000002e-05,1,0
2259,20,3102,C,2,C,0.97,0.96,0.0,0.03,0.97,0.0,411,1.7262000000000002e-05,1,0
2259,21,3120,D,3,D,0.98,0.98,0.0,0.02,0.0,0.98,411,1.7262000000000002e-05,1,0
2259,22,3201,C,2,C,1.0,1.0,0.0,0.0,1.0,0.0,411,1.7262000000000002e-05,1,0
2259,23,3210,D,3,D,0.99,0.98,0.0,0.0,0.01,0.99,411,1.7262000000000002e-05,1,0
6411,0,0123,D,3,D,1.0,0.99,0.0,0.0,0.0,1.0,393,1.6506e-05,1,3
6411,1,0132,C,2,C,1.0,1.0,0.0,0.0,1.0,0.0,393,1.6506e-05,1,3
6411,2,0213,D,3,D,1.0,0.99,0.0,0.0,0.0,1.0,393,1.6506e-05,1,3
6411,3,0231,C,2,C,1.0,0.99,0.0,0.0,1.0,0.0,393,1.6506e-05,1,3
6411,5,0321,B,1,B,1.0,0.99,0.0,1.0,0.0,0.0,393,1.6506e-05,1,3
6411,6,1023,D,3,D,1.0,1.0,0.0,0.0,0.0,1.0,393,1.6506e-05,1,3
6411,4,0312,B,1,B,1.0,0.99,0.0,1.0,0.0,0.0,393,1.6506e-05,1,3
6411,8,1203,D,3,D,1.0,1.0,0.0,0.0,0.0,1.0,393,1.6506e-05,1,3
6411,7,1032,C,2,C,1.0,1.0,0.0,0.0,1.0,0.0,393,1.6506e-05,1,3
6411,9,1230,C,2,C,1.0,1.0,0.0,0.0,1.0,0.0,393,1.6506e-05,1,3
6411,11,1320,B,1,B,1.0,1.0,0.0,1.0,0.0,0.0,393,1.6506e-05,1,3
6411,10,1302,B,1,B,1.0,1.0,0.0,1.0,0.0,0.0,393,1.6506e-05,1,3
6411,12,2013,D,3,D,1.0,1.0,0.0,0.0,0.0,1.0,393,1.6506e-05,1,3
6411,14,2103,D,3,D,1.0,0.99,0.0,0.0,0.0,1.0,393,1.6506e-05,1,3
6411,13,2031,C,2,C,1.0,0.99,0.0,0.0,1.0,0.0,393,1.6506e-05,1,3
6411,15,2130,C,2,C,1.0,1.0,0.0,0.0,1.0,0.0,393,1.6506e-05,1,3
6411,16,2301,B,1,B,1.0,0.99,0.0,1.0,0.0,0.0,393,1.6506e-05,1,3
6411,18,3012,A,0,A,1.0,1.0,1.0,0.0,0.0,0.0,393,1.6506e-05,1,3
6411,17,2310,B,1,B,1.0,0.99,0.0,1.0,0.0,0.0,393,1.6506e-05,1,3
6411,21,3120,A,0,A,1.0,1.0,1.0,0.0,0.0,0.0,393,1.6506e-05,1,3
6411,19,3021,A,0,A,1.0,1.0,1.0,0.0,0.0,0.0,393,1.6506e-05,1,3
6411,22,3201,A,0,A,1.0,1.0,1.0,0.0,0.0,0.0,393,1.6506e-05,1,3
6411,20,3102,A,0,A,1.0,1.0,1.0,0.0,0.0,0.0,393,1.6506e-05,1,3
3042,0,0123,A,0,A,1.0,1.0,1.0,0.0,0.0,0.0,376,1.5792000000000004e-05,1,0
6411,23,3210,A,0,A,1.0,1.0,1.0,0.0,0.0,0.0,393,1.6506e-05,1,3
3042,1,0132,A,0,A,1.0,1.0,1.0,0.0,0.0,0.0,376,1.5792000000000004e-05,1,0
3042,4,0312,A,0,A,1.0,1.0,1.0,0.0,0.0,0.0,376,1.5792000000000004e-05,1,0
3042,2,0213,A,0,A,1.0,1.0,1.0,0.0,0.0,0.0,376,1.5792000000000004e-05,1,0
3042,3,0231,A,0,A,1.0,1.0,1.0,0.0,0.0,0.0,376,1.5792000000000004e-05,1,0
3042,5,0321,A,0,A,1.0,1.0,1.0,0.0,0.0,0.0,376,1.5792000000000004e-05,1,0
3042,6,1023,B,1,B,1.0,1.0,0.0,1.0,0.0,0.0,376,1.5792000000000004e-05,1,0
3042,7,1032,B,1,B,1.0,1.0,0.0,1.0,0.0,0.0,376,1.5792000000000004e-05,1,0
3042,9,1230,D,3,D,1.0,1.0,0.0,0.0,0.0,1.0,376,1.5792000000000004e-05,1,0
3042,8,1203,C,2,C,1.0,1.0,0.0,0.0,1.0,0.0,376,1.5792000000000004e-05,1,0
3042,11,1320,D,3,D,1.0,1.0,0.0,0.0,0.0,1.0,376,1.5792000000000004e-05,1,0
3042,12,2013,B,1,B,1.0,1.0,0.0,1.0,0.0,0.0,376,1.5792000000000004e-05,1,0
3042,13,2031,B,1,B,1.0,1.0,0.0,1.0,0.0,0.0,376,1.5792000000000004e-05,1,0
3042,10,1302,C,2,C,1.0,1.0,0.0,0.0,1.0,0.0,376,1.5792000000000004e-05,1,0
3042,14,2103,C,2,C,1.0,1.0,0.0,0.0,1.0,0.0,376,1.5792000000000004e-05,1,0
3042,15,2130,D,3,D,1.0,1.0,0.0,0.0,0.0,1.0,376,1.5792000000000004e-05,1,0
3042,16,2301,C,2,C,1.0,1.0,0.0,0.0,1.0,0.0,376,1.5792000000000004e-05,1,0
3042,17,2310,D,3,D,1.0,1.0,0.0,0.0,0.0,1.0,376,1.5792000000000004e-05,1,0
3042,18,3012,B,1,B,1.0,1.0,0.0,1.0,0.0,0.0,376,1.5792000000000004e-05,1,0
3042,21,3120,D,3,D,1.0,1.0,0.0,0.0,0.0,1.0,376,1.5792000000000004e-05,1,0
3042,22,3201,C,2,C,1.0,1.0,0.0,0.0,1.0,0.0,376,1.5792000000000004e-05,1,0
3042,20,3102,C,2,C,1.0,1.0,0.0,0.0,1.0,0.0,376,1.5792000000000004e-05,1,0
3042,19,3021,B,1,B,1.0,1.0,0.0,1.0,0.0,0.0,376,1.5792000000000004e-05,1,0
3042,23,3210,D,3,D,1.0,1.0,0.0,0.0,0.0,1.0,376,1.5792000000000004e-05,1,0
9415,0,0123,A,0,A,1.0,0.99,1.0,0.0,0.0,0.0,374,1.5708e-05,1,0
9415,2,0213,A,0,A,0.99,0.99,0.99,0.01,0.0,0.0,374,1.5708e-05,1,0
9415,3,0231,A,0,A,0.99,0.99,0.99,0.01,0.0,0.0,374,1.5708e-05,1,0
9415,1,0132,A,0,A,1.0,0.99,1.0,0.0,0.0,0.0,374,1.5708e-05,1,0
9415,5,0321,A,0,A,0.99,0.99,0.99,0.0,0.01,0.0,374,1.5708e-05,1,0
9415,6,1023,B,1,B,1.0,0.99,0.0,1.0,0.0,0.0,374,1.5708e-05,1,0
9415,4,0312,A,0,A,1.0,0.99,1.0,0.0,0.0,0.0,374,1.5708e-05,1,0
9415,7,1032,B,1,B,1.0,0.99,0.0,1.0,0.0,0.0,374,1.5708e-05,1,0
9415,8,1203,C,2,C,1.0,0.99,0.0,0.0,1.0,0.0,374,1.5708e-05,1,0
9415,9,1230,D,3,D,1.0,1.0,0.0,0.0,0.0,1.0,374,1.5708e-05,1,0
9415,10,1302,C,2,C,1.0,1.0,0.0,0.0,1.0,0.0,374,1.5708e-05,1,0
9415,11,1320,D,3,D,1.0,0.99,0.0,0.0,0.0,1.0,374,1.5708e-05,1,0
9415,13,2031,B,1,B,0.99,0.99,0.01,0.99,0.0,0.0,374,1.5708e-05,1,0
9415,15,2130,D,3,D,1.0,1.0,0.0,0.0,0.0,1.0,374,1.5708e-05,1,0
9415,12,2013,B,1,B,1.0,0.99,0.0,1.0,0.0,0.0,374,1.5708e-05,1,0
9415,16,2301,C,2,C,1.0,1.0,0.0,0.0,1.0,0.0,374,1.5708e-05,1,0
9415,17,2310,D,3,D,1.0,1.0,0.0,0.0,0.0,1.0,374,1.5708e-05,1,0
9415,18,3012,B,1,B,1.0,0.99,0.0,1.0,0.0,0.0,374,1.5708e-05,1,0
9415,19,3021,B,1,B,1.0,1.0,0.0,1.0,0.0,0.0,374,1.5708e-05,1,0
9415,14,2103,C,2,C,1.0,0.99,0.0,0.0,1.0,0.0,374,1.5708e-05,1,0
9415,21,3120,D,3,D,1.0,1.0,0.0,0.0,0.0,1.0,374,1.5708e-05,1,0
9415,20,3102,C,2,C,1.0,1.0,0.0,0.0,1.0,0.0,374,1.5708e-05,1,0
9415,22,3201,C,2,C,1.0,1.0,0.0,0.0,1.0,0.0,374,1.5708e-05,1,0
9415,23,3210,D,3,D,1.0,1.0,0.0,0.0,0.0,1.0,374,1.5708e-05,1,0
10013,0,0123,C,2,C,0.99,0.97,0.01,0.0,0.99,0.0,365,1.533e-05,1,2
10013,1,0132,D,3,D,0.97,0.96,0.02,0.01,0.0,0.97,365,1.533e-05,1,2
10013,2,0213,B,1,B,0.98,0.97,0.02,0.98,0.0,0.0,365,1.533e-05,1,2
10013,3,0231,B,1,B,0.97,0.96,0.02,0.97,0.0,0.01,365,1.533e-05,1,2
10013,5,0321,C,2,C,0.9500000000000001,0.9400000000000001,0.02,0.01,0.9500000000000001,0.02,365,1.533e-05,1,2
10013,6,1023,C,2,C,0.96,0.9500000000000001,0.01,0.03,0.96,0.0,365,1.533e-05,1,2
10013,8,1203,B,1,B,0.97,0.96,0.01,0.97,0.02,0.0,365,1.533e-05,1,2
10013,7,1032,D,3,D,0.9500000000000001,0.92,0.01,0.04,0.0,0.9500000000000001,365,1.533e-05,1,2
10013,9,1230,B,1,B,0.97,0.96,0.01,0.97,0.0,0.02,365,1.533e-05,1,2
10013,4,0312,D,3,D,0.96,0.9500000000000001,0.02,0.01,0.01,0.96,365,1.533e-05,1,2
10013,11,1320,C,2,C,0.96,0.9500000000000001,0.01,0.01,0.96,0.02,365,1.533e-05,1,2
10013,12,2013,A,0,A,0.98,0.97,0.98,0.01,0.01,0.0,365,1.533e-05,1,2
10013,10,1302,D,3,D,0.9400000000000001,0.93,0.01,0.01,0.04,0.9400000000000001,365,1.533e-05,1,2
10013,15,2130,A,0,A,0.96,0.9500000000000001,0.96,0.01,0.0,0.03,365,1.533e-05,1,2
10013,13,2031,A,0,A,0.98,0.97,0.98,0.01,0.0,0.01,365,1.533e-05,1,2
10013,14,2103,A,0,A,0.96,0.9500000000000001,0.96,0.01,0.03,0.0,365,1.533e-05,1,2
10013,17,2310,A,0,A,0.99,0.97,0.99,0.0,0.0,0.01,365,1.533e-05,1,2
10013,16,2301,A,0,A,0.98,0.97,0.98,0.0,0.01,0.01,365,1.533e-05,1,2
10013,18,3012,D,3,D,0.96,0.96,0.01,0.02,0.01,0.96,365,1.533e-05,1,2
10013,19,3021,C,2,C,0.97,0.96,0.01,0.01,0.97,0.01,365,1.533e-05,1,2
10013,22,3201,B,1,B,0.97,0.96,0.01,0.97,0.01,0.01,365,1.533e-05,1,2
10013,21,3120,C,2,C,0.96,0.96,0.01,0.01,0.96,0.02,365,1.533e-05,1,2
6104,0,0123,D,3,D,0.74,0.65,0.01,0.25,0.0,0.74,376,1.5792000000000004e-05,1,3
10013,20,3102,D,3,D,0.96,0.9400000000000001,0.01,0.01,0.02,0.96,365,1.533e-05,1,2
10013,23,3210,B,1,B,0.96,0.9500000000000001,0.01,0.96,0.01,0.02,365,1.533e-05,1,2
6104,1,0132,C,2,C,0.68,0.5700000000000001,0.01,0.31,0.68,0.0,376,1.5792000000000004e-05,1,3
6104,2,0213,D,3,D,0.68,0.58,0.01,0.0,0.31,0.68,376,1.5792000000000004e-05,1,3
6104,3,0231,C,2,C,0.74,0.65,0.01,0.0,0.74,0.25,376,1.5792000000000004e-05,1,3
6104,4,0312,B,1,B,0.85,0.79,0.01,0.85,0.14,0.0,376,1.5792000000000004e-05,1,3
6104,5,0321,B,1,B,0.68,0.5700000000000001,0.01,0.68,0.0,0.31,376,1.5792000000000004e-05,1,3
6104,6,1023,D,3,D,0.67,0.56,0.32,0.01,0.0,0.67,376,1.5792000000000004e-05,1,3
6104,8,1203,D,3,D,0.62,0.48,0.38,0.0,0.0,0.62,376,1.5792000000000004e-05,1,3
6104,7,1032,C,2,C,0.61,0.47000000000000003,0.39,0.0,0.61,0.0,376,1.5792000000000004e-05,1,3
6104,9,1230,C,2,C,0.64,0.52,0.36,0.0,0.64,0.0,376,1.5792000000000004e-05,1,3
6104,10,1302,B,1,B,0.72,0.63,0.28,0.72,0.0,0.0,376,1.5792000000000004e-05,1,3
6104,11,1320,B,1,B,0.74,0.65,0.26,0.74,0.0,0.0,376,1.5792000000000004e-05,1,3
6104,12,2013,D,3,D,0.7000000000000001,0.61,0.0,0.01,0.29,0.7000000000000001,376,1.5792000000000004e-05,1,3
6104,13,2031,C,2,C,0.77,0.6900000000000001,0.0,0.01,0.77,0.22,376,1.5792000000000004e-05,1,3
6104,14,2103,D,3,D,0.73,0.63,0.0,0.27,0.0,0.73,376,1.5792000000000004e-05,1,3
6104,17,2310,B,1,B,0.65,0.54,0.0,0.65,0.34,0.01,376,1.5792000000000004e-05,1,3
6104,15,2130,C,2,C,0.67,0.55,0.0,0.33,0.67,0.0,376,1.5792000000000004e-05,1,3
6104,16,2301,B,1,B,0.61,0.47000000000000003,0.0,0.61,0.0,0.39,376,1.5792000000000004e-05,1,3
6104,18,3012,A,0,A,0.73,0.64,0.73,0.0,0.27,0.0,376,1.5792000000000004e-05,1,3
6104,20,3102,A,0,A,0.75,0.66,0.75,0.25,0.0,0.0,376,1.5792000000000004e-05,1,3
6104,21,3120,A,0,A,0.74,0.65,0.74,0.26,0.0,0.0,376,1.5792000000000004e-05,1,3
6104,19,3021,A,0,A,0.68,0.56,0.68,0.0,0.0,0.32,376,1.5792000000000004e-05,1,3
6104,22,3201,A,0,A,0.61,0.47000000000000003,0.61,0.0,0.0,0.39,376,1.5792000000000004e-05,1,3
6948,0,0123,D,3,D,0.52,0.35000000000000003,0.4,0.04,0.04,0.52,384,1.6128000000000002e-05,1,3
6104,23,3210,A,0,A,0.65,0.52,0.65,0.0,0.35000000000000003,0.0,376,1.5792000000000004e-05,1,3
6948,1,0132,C,2,A,0.49,0.32,0.49,0.04,0.44,0.03,384,1.6128000000000002e-05,0,0
6948,2,0213,D,3,A,0.5,0.33,0.5,0.03,0.03,0.44,384,1.6128000000000002e-05,0,0
6948,3,0231,C,2,A,0.49,0.32,0.49,0.03,0.44,0.04,384,1.6128000000000002e-05,0,0
6948,5,0321,B,1,A,0.53,0.39,0.53,0.4,0.03,0.04,384,1.6128000000000002e-05,0,0
6948,4,0312,B,1,A,0.61,0.47000000000000003,0.61,0.36,0.01,0.02,384,1.6128000000000002e-05,0,0
6948,7,1032,C,2,C,0.559999999999999,0.42,0.08,0.33,0.559999999999999,0.03,384,1.6128000000000002e-05,1,3
6948,6,1023,D,3,D,0.63,0.5,0.05,0.27,0.05,0.63,384,1.6128000000000002e-05,1,3
6948,8,1203,D,3,D,0.52,0.36,0.05,0.05,0.38,0.52,384,1.6128000000000002e-05,1,3
6948,9,1230,C,2,C,0.48,0.31,0.03,0.03,0.48,0.46,384,1.6128000000000002e-05,1,3
6948,13,2031,C,2,B,0.8,0.74,0.01,0.8,0.17,0.01,384,1.6128000000000002e-05,0,0
6948,11,1320,B,1,D,0.49,0.32,0.04,0.45,0.02,0.49,384,1.6128000000000002e-05,0,0
6948,12,2013,D,3,B,0.68,0.5700000000000001,0.03,0.68,0.01,0.28,384,1.6128000000000002e-05,0,0
6948,15,2130,C,2,D,0.5,0.35000000000000003,0.03,0.05,0.42,0.5,384,1.6128000000000002e-05,0,0
6948,14,2103,D,3,D,0.52,0.35000000000000003,0.04,0.1,0.34,0.52,384,1.6128000000000002e-05,1,3
6948,16,2301,B,1,C,0.62,0.5,0.02,0.34,0.62,0.02,384,1.6128000000000002e-05,0,0
6948,18,3012,A,0,B,0.76,0.6900000000000001,0.22,0.76,0.01,0.01,384,1.6128000000000002e-05,0,0
6948,17,2310,B,1,B,0.5,0.32,0.02,0.5,0.08,0.4,384,1.6128000000000002e-05,1,3
6948,10,1302,B,1,B,0.5700000000000001,0.42,0.04,0.5700000000000001,0.37,0.02,384,1.6128000000000002e-05,1,3
6948,19,3021,A,0,B,0.75,0.67,0.23,0.75,0.01,0.01,384,1.6128000000000002e-05,0,0
6948,20,3102,A,0,A,0.56,0.42,0.56,0.06,0.35000000000000003,0.03,384,1.6128000000000002e-05,1,3
6948,21,3120,A,0,D,0.46,0.27,0.44,0.07,0.03,0.46,384,1.6128000000000002e-05,0,0
6948,22,3201,A,0,C,0.64,0.52,0.33,0.02,0.64,0.01,384,1.6128000000000002e-05,0,0
6948,23,3210,A,0,D,0.45,0.26,0.44,0.04,0.07,0.45,384,1.6128000000000002e-05,0,0
7780,0,0123,C,2,C,0.98,0.97,0.02,0.0,0.98,0.0,385,1.6170000000000003e-05,1,2
7780,3,0231,B,1,B,0.93,0.91,0.07,0.93,0.0,0.0,385,1.6170000000000003e-05,1,2
7780,1,0132,D,3,D,0.96,0.9400000000000001,0.04,0.0,0.0,0.96,385,1.6170000000000003e-05,1,2
7780,2,0213,B,1,B,0.9500000000000001,0.93,0.05,0.9500000000000001,0.0,0.0,385,1.6170000000000003e-05,1,2
7780,4,0312,D,3,D,0.9500000000000001,0.93,0.05,0.0,0.0,0.9500000000000001,385,1.6170000000000003e-05,1,2
7780,5,0321,C,2,C,0.9500000000000001,0.92,0.05,0.0,0.9500000000000001,0.0,385,1.6170000000000003e-05,1,2
7780,6,1023,C,2,C,0.97,0.96,0.01,0.02,0.97,0.0,385,1.6170000000000003e-05,1,2
7780,8,1203,B,1,B,0.98,0.98,0.0,0.98,0.02,0.0,385,1.6170000000000003e-05,1,2
7780,7,1032,D,3,D,0.98,0.96,0.0,0.02,0.0,0.98,385,1.6170000000000003e-05,1,2
7780,11,1320,C,2,C,0.98,0.97,0.0,0.0,0.98,0.02,385,1.6170000000000003e-05,1,2
7780,9,1230,B,1,B,0.98,0.98,0.0,0.98,0.0,0.02,385,1.6170000000000003e-05,1,2
7780,12,2013,A,0,A,0.98,0.97,0.98,0.02,0.0,0.0,385,1.6170000000000003e-05,1,2
7780,13,2031,A,0,A,0.98,0.97,0.98,0.02,0.0,0.0,385,1.6170000000000003e-05,1,2
7780,10,1302,D,3,D,0.97,0.9500000000000001,0.0,0.0,0.03,0.97,385,1.6170000000000003e-05,1,2
7780,15,2130,A,0,A,0.99,0.99,0.99,0.0,0.0,0.01,385,1.6170000000000003e-05,1,2
7780,16,2301,A,0,A,0.99,0.98,0.99,0.0,0.01,0.0,385,1.6170000000000003e-05,1,2
7780,14,2103,A,0,A,0.98,0.97,0.98,0.0,0.02,0.0,385,1.6170000000000003e-05,1,2
7780,18,3012,D,3,D,0.99,0.98,0.0,0.01,0.0,0.99,385,1.6170000000000003e-05,1,2
7780,17,2310,A,0,A,0.99,0.98,0.99,0.0,0.0,0.01,385,1.6170000000000003e-05,1,2
7780,19,3021,C,2,C,0.96,0.9400000000000001,0.0,0.04,0.96,0.0,385,1.6170000000000003e-05,1,2
7780,20,3102,D,3,D,0.96,0.9400000000000001,0.0,0.0,0.04,0.96,385,1.6170000000000003e-05,1,2
7780,21,3120,C,2,C,0.99,0.98,0.0,0.0,0.99,0.01,385,1.6170000000000003e-05,1,2
7780,22,3201,B,1,B,0.98,0.97,0.0,0.98,0.02,0.0,385,1.6170000000000003e-05,1,2
8414,0,0123,A,0,A,1.0,1.0,1.0,0.0,0.0,0.0,362,1.5204e-05,1,0
7780,23,3210,B,1,B,0.97,0.96,0.0,0.97,0.0,0.03,385,1.6170000000000003e-05,1,2
8414,1,0132,A,0,A,1.0,1.0,1.0,0.0,0.0,0.0,362,1.5204e-05,1,0
8414,3,0231,A,0,A,1.0,1.0,1.0,0.0,0.0,0.0,362,1.5204e-05,1,0
8414,2,0213,A,0,A,1.0,1.0,1.0,0.0,0.0,0.0,362,1.5204e-05,1,0
8414,4,0312,A,0,A,1.0,1.0,1.0,0.0,0.0,0.0,362,1.5204e-05,1,0
8414,5,0321,A,0,A,1.0,1.0,1.0,0.0,0.0,0.0,362,1.5204e-05,1,0
8414,6,1023,B,1,B,1.0,1.0,0.0,1.0,0.0,0.0,362,1.5204e-05,1,0
8414,7,1032,B,1,B,1.0,1.0,0.0,1.0,0.0,0.0,362,1.5204e-05,1,0
8414,8,1203,C,2,C,1.0,1.0,0.0,0.0,1.0,0.0,362,1.5204e-05,1,0
8414,9,1230,D,3,D,1.0,1.0,0.0,0.0,0.0,1.0,362,1.5204e-05,1,0
8414,10,1302,C,2,C,1.0,1.0,0.0,0.0,1.0,0.0,362,1.5204e-05,1,0
8414,11,1320,D,3,D,1.0,1.0,0.0,0.0,0.0,1.0,362,1.5204e-05,1,0
8414,12,2013,B,1,B,1.0,1.0,0.0,1.0,0.0,0.0,362,1.5204e-05,1,0
8414,13,2031,B,1,B,1.0,1.0,0.0,1.0,0.0,0.0,362,1.5204e-05,1,0
8414,15,2130,D,3,D,1.0,1.0,0.0,0.0,0.0,1.0,362,1.5204e-05,1,0
8414,14,2103,C,2,C,1.0,1.0,0.0,0.0,1.0,0.0,362,1.5204e-05,1,0
8414,16,2301,C,2,C,1.0,1.0,0.0,0.0,1.0,0.0,362,1.5204e-05,1,0
8414,17,2310,D,3,D,1.0,1.0,0.0,0.0,0.0,1.0,362,1.5204e-05,1,0
8414,19,3021,B,1,B,1.0,1.0,0.0,1.0,0.0,0.0,362,1.5204e-05,1,0
8414,18,3012,B,1,B,1.0,1.0,0.0,1.0,0.0,0.0,362,1.5204e-05,1,0
8414,20,3102,C,2,C,1.0,1.0,0.0,0.0,1.0,0.0,362,1.5204e-05,1,0
8414,21,3120,D,3,D,1.0,1.0,0.0,0.0,0.0,1.0,362,1.5204e-05,1,0
8414,23,3210,D,3,D,1.0,1.0,0.0,0.0,0.0,1.0,362,1.5204e-05,1,0
8414,22,3201,C,2,C,1.0,1.0,0.0,0.0,1.0,0.0,362,1.5204e-05,1,0
6870,0,0123,C,2,C,0.93,0.91,0.03,0.04,0.93,0.0,381,1.6002000000000004e-05,1,2
6870,3,0231,B,1,B,0.98,0.97,0.02,0.98,0.0,0.0,381,1.6002000000000004e-05,1,2
6870,5,0321,C,2,C,0.96,0.9400000000000001,0.03,0.0,0.96,0.01,381,1.6002000000000004e-05,1,2
6870,2,0213,B,1,B,0.97,0.9500000000000001,0.02,0.97,0.01,0.0,381,1.6002000000000004e-05,1,2
6870,4,0312,D,3,D,0.9500000000000001,0.92,0.02,0.0,0.03,0.9500000000000001,381,1.6002000000000004e-05,1,2
6870,1,0132,D,3,D,0.9400000000000001,0.92,0.03,0.03,0.0,0.9400000000000001,381,1.6002000000000004e-05,1,2
6870,6,1023,C,2,C,0.9500000000000001,0.92,0.04,0.01,0.9500000000000001,0.0,381,1.6002000000000004e-05,1,2
6870,9,1230,B,1,B,0.92,0.88,0.06,0.92,0.0,0.02,381,1.6002000000000004e-05,1,2
6870,12,2013,A,0,A,0.98,0.97,0.98,0.01,0.01,0.0,381,1.6002000000000004e-05,1,2
6870,8,1203,B,1,B,0.93,0.9,0.06,0.93,0.01,0.0,381,1.6002000000000004e-05,1,2
6870,10,1302,D,3,D,0.9400000000000001,0.92,0.05,0.0,0.01,0.9400000000000001,381,1.6002000000000004e-05,1,2
6870,7,1032,D,3,D,0.9400000000000001,0.91,0.05,0.01,0.0,0.9400000000000001,381,1.6002000000000004e-05,1,2
6870,13,2031,A,0,A,0.98,0.98,0.98,0.01,0.0,0.01,381,1.6002000000000004e-05,1,2
6870,14,2103,A,0,A,0.97,0.96,0.97,0.02,0.01,0.0,381,1.6002000000000004e-05,1,2
6870,11,1320,C,2,C,0.92,0.89,0.06,0.0,0.92,0.02,381,1.6002000000000004e-05,1,2
6870,15,2130,A,0,A,0.98,0.96,0.98,0.01,0.0,0.01,381,1.6002000000000004e-05,1,2
6870,16,2301,A,0,A,0.98,0.97,0.98,0.0,0.01,0.01,381,1.6002000000000004e-05,1,2
6870,17,2310,A,0,A,0.98,0.98,0.98,0.0,0.01,0.01,381,1.6002000000000004e-05,1,2
6870,21,3120,C,2,C,0.92,0.9,0.01,0.03,0.92,0.04,381,1.6002000000000004e-05,1,2
6870,18,3012,D,3,D,0.96,0.93,0.0,0.02,0.02,0.96,381,1.6002000000000004e-05,1,2
6870,20,3102,D,3,D,0.97,0.96,0.0,0.02,0.01,0.97,381,1.6002000000000004e-05,1,2
6870,19,3021,C,2,C,0.97,0.9500000000000001,0.0,0.02,0.97,0.01,381,1.6002000000000004e-05,1,2
6870,22,3201,B,1,B,0.9500000000000001,0.9400000000000001,0.01,0.9500000000000001,0.01,0.03,381,1.6002000000000004e-05,1,2
6870,23,3210,B,1,B,0.9400000000000001,0.92,0.01,0.9400000000000001,0.02,0.03,381,1.6002000000000004e-05,1,2
3600,0,0123,A,0,A,0.97,0.9500000000000001,0.97,0.03,0.0,0.0,376,1.5792000000000004e-05,1,0
3600,1,0132,A,0,A,0.96,0.9500000000000001,0.96,0.04,0.0,0.0,376,1.5792000000000004e-05,1,0
3600,2,0213,A,0,A,0.9500000000000001,0.93,0.9500000000000001,0.0,0.05,0.0,376,1.5792000000000004e-05,1,0
3600,5,0321,A,0,A,0.97,0.96,0.97,0.0,0.0,0.03,376,1.5792000000000004e-05,1,0
3600,6,1023,B,1,B,0.96,0.9400000000000001,0.04,0.96,0.0,0.0,376,1.5792000000000004e-05,1,0
3600,3,0231,A,0,A,0.98,0.97,0.98,0.0,0.0,0.02,376,1.5792000000000004e-05,1,0
3600,4,0312,A,0,A,0.97,0.96,0.97,0.0,0.03,0.0,376,1.5792000000000004e-05,1,0
3600,7,1032,B,1,B,0.98,0.97,0.02,0.98,0.0,0.0,376,1.5792000000000004e-05,1,0
3600,8,1203,C,2,C,0.97,0.96,0.03,0.0,0.97,0.0,376,1.5792000000000004e-05,1,0
3600,9,1230,D,3,D,0.99,0.99,0.01,0.0,0.0,0.99,376,1.5792000000000004e-05,1,0
3600,10,1302,C,2,C,0.98,0.97,0.02,0.0,0.98,0.0,376,1.5792000000000004e-05,1,0
3600,11,1320,D,3,D,0.98,0.97,0.02,0.0,0.0,0.98,376,1.5792000000000004e-05,1,0
3600,12,2013,B,1,B,0.97,0.96,0.0,0.97,0.03,0.0,376,1.5792000000000004e-05,1,0
3600,15,2130,D,3,D,0.99,0.99,0.0,0.01,0.0,0.99,376,1.5792000000000004e-05,1,0
3600,13,2031,B,1,B,0.96,0.9400000000000001,0.0,0.96,0.0,0.04,376,1.5792000000000004e-05,1,0
3600,16,2301,C,2,C,0.99,0.98,0.0,0.0,0.99,0.01,376,1.5792000000000004e-05,1,0
3600,17,2310,D,3,D,0.99,0.98,0.0,0.0,0.01,0.99,376,1.5792000000000004e-05,1,0
3600,18,3012,B,1,B,0.98,0.98,0.0,0.98,0.02,0.0,376,1.5792000000000004e-05,1,0
3600,14,2103,C,2,C,0.99,0.98,0.0,0.01,0.99,0.0,376,1.5792000000000004e-05,1,0
3600,19,3021,B,1,B,0.98,0.97,0.0,0.98,0.0,0.02,376,1.5792000000000004e-05,1,0
3600,20,3102,C,2,C,0.99,0.98,0.0,0.01,0.99,0.0,376,1.5792000000000004e-05,1,0
3600,23,3210,D,3,D,0.99,0.99,0.0,0.0,0.01,0.99,376,1.5792000000000004e-05,1,0
3600,22,3201,C,2,C,0.99,0.99,0.0,0.0,0.99,0.01,376,1.5792000000000004e-05,1,0
3600,21,3120,D,3,D,0.99,0.99,0.0,0.01,0.0,0.99,376,1.5792000000000004e-05,1,0
3428,1,0132,D,3,B,0.63,0.51,0.11,0.63,0.19,0.07,383,1.6086e-05,0,1
3428,2,0213,B,1,C,0.8200000000000001,0.77,0.05,0.06,0.8200000000000001,0.07,383,1.6086e-05,0,1
3428,0,0123,C,2,B,0.62,0.5,0.1,0.62,0.1,0.18,383,1.6086e-05,0,1
3428,3,0231,B,1,D,0.72,0.62,0.09,0.09,0.1,0.72,383,1.6086e-05,0,1
3428,4,0312,D,3,C,0.52,0.37,0.15,0.13,0.52,0.2,383,1.6086e-05,0,1
3428,6,1023,C,2,A,0.46,0.27,0.46,0.12,0.12,0.30000000000000004,383,1.6086e-05,0,1
3428,7,1032,D,3,C,0.36,0.15,0.33,0.17,0.36,0.14,383,1.6086e-05,0,3
3428,5,0321,C,2,D,0.71,0.61,0.09,0.1,0.1,0.71,383,1.6086e-05,0,1
3428,9,1230,B,1,C,0.43,0.24,0.41000000000000003,0.1,0.43,0.06,383,1.6086e-05,0,3
3428,8,1203,B,1,A,0.45,0.27,0.45,0.11,0.06,0.38,383,1.6086e-05,0,1
3428,11,1320,C,2,A,0.45,0.27,0.45,0.27,0.19,0.09,383,1.6086e-05,0,1
3428,12,2013,A,0,C,0.81,0.75,0.06,0.02,0.81,0.11,383,1.6086e-05,0,1
3428,13,2031,A,0,D,0.679999999999999,0.58,0.13,0.03,0.16,0.679999999999999,383,1.6086e-05,0,1
3428,10,1302,D,3,A,0.4,0.2,0.4,0.31,0.11,0.18,383,1.6086e-05,0,1
3428,14,2103,A,0,B,0.8300000000000001,0.77,0.06,0.8300000000000001,0.01,0.1,383,1.6086e-05,0,1
3428,15,2130,A,0,B,0.87,0.8300000000000001,0.04,0.87,0.07,0.02,383,1.6086e-05,0,1
3428,16,2301,A,0,D,0.77,0.6900000000000001,0.1,0.11,0.02,0.77,383,1.6086e-05,0,1
3428,17,2310,A,0,C,0.74,0.65,0.1,0.13,0.74,0.03,383,1.6086e-05,0,1
3428,18,3012,D,3,C,0.5,0.34,0.19,0.14,0.5,0.17,383,1.6086e-05,0,1
3428,21,3120,C,2,B,0.63,0.51,0.18,0.63,0.13,0.06,383,1.6086e-05,0,1
3428,19,3021,C,2,D,0.65,0.52,0.16,0.06,0.13,0.65,383,1.6086e-05,0,1
3428,20,3102,D,3,B,0.58,0.44,0.2,0.58,0.11,0.11,383,1.6086e-05,0,1
3428,23,3210,B,1,C,0.71,0.62,0.12,0.14,0.71,0.03,383,1.6086e-05,0,1
3428,22,3201,B,1,D,0.58,0.44,0.15,0.21,0.06,0.58,383,1.6086e-05,0,1
6785,0,0123,D,3,D,1.0,1.0,0.0,0.0,0.0,1.0,385,1.6170000000000003e-05,1,3
6785,1,0132,C,2,C,1.0,1.0,0.0,0.0,1.0,0.0,385,1.6170000000000003e-05,1,3
6785,2,0213,D,3,D,1.0,1.0,0.0,0.0,0.0,1.0,385,1.6170000000000003e-05,1,3
6785,3,0231,C,2,C,1.0,1.0,0.0,0.0,1.0,0.0,385,1.6170000000000003e-05,1,3
6785,5,0321,B,1,B,1.0,1.0,0.0,1.0,0.0,0.0,385,1.6170000000000003e-05,1,3
6785,6,1023,D,3,D,1.0,1.0,0.0,0.0,0.0,1.0,385,1.6170000000000003e-05,1,3
6785,7,1032,C,2,C,1.0,1.0,0.0,0.0,1.0,0.0,385,1.6170000000000003e-05,1,3
6785,4,0312,B,1,B,1.0,1.0,0.0,1.0,0.0,0.0,385,1.6170000000000003e-05,1,3
6785,9,1230,C,2,C,1.0,1.0,0.0,0.0,1.0,0.0,385,1.6170000000000003e-05,1,3
6785,10,1302,B,1,B,1.0,1.0,0.0,1.0,0.0,0.0,385,1.6170000000000003e-05,1,3
6785,8,1203,D,3,D,1.0,1.0,0.0,0.0,0.0,1.0,385,1.6170000000000003e-05,1,3
6785,12,2013,D,3,D,1.0,1.0,0.0,0.0,0.0,1.0,385,1.6170000000000003e-05,1,3
6785,14,2103,D,3,D,1.0,1.0,0.0,0.0,0.0,1.0,385,1.6170000000000003e-05,1,3
6785,11,1320,B,1,B,1.0,1.0,0.0,1.0,0.0,0.0,385,1.6170000000000003e-05,1,3
6785,13,2031,C,2,C,1.0,1.0,0.0,0.0,1.0,0.0,385,1.6170000000000003e-05,1,3
6785,15,2130,C,2,C,1.0,1.0,0.0,0.0,1.0,0.0,385,1.6170000000000003e-05,1,3
6785,16,2301,B,1,B,1.0,1.0,0.0,1.0,0.0,0.0,385,1.6170000000000003e-05,1,3
6785,17,2310,B,1,B,1.0,1.0,0.0,1.0,0.0,0.0,385,1.6170000000000003e-05,1,3
6785,18,3012,A,0,A,1.0,1.0,1.0,0.0,0.0,0.0,385,1.6170000000000003e-05,1,3
6785,22,3201,A,0,A,1.0,1.0,1.0,0.0,0.0,0.0,385,1.6170000000000003e-05,1,3
6785,21,3120,A,0,A,1.0,1.0,1.0,0.0,0.0,0.0,385,1.6170000000000003e-05,1,3
6785,23,3210,A,0,A,1.0,1.0,1.0,0.0,0.0,0.0,385,1.6170000000000003e-05,1,3
6785,20,3102,A,0,A,1.0,1.0,1.0,0.0,0.0,0.0,385,1.6170000000000003e-05,1,3
6785,19,3021,A,0,A,1.0,1.0,1.0,0.0,0.0,0.0,385,1.6170000000000003e-05,1,3
3071,1,0132,B,1,C,0.65,0.52,0.0,0.34,0.65,0.01,369,1.5498000000000003e-05,0,3
3071,0,0123,B,1,D,0.61,0.47000000000000003,0.0,0.38,0.01,0.61,369,1.5498000000000003e-05,0,3
3071,3,0231,D,3,C,0.5,0.33,0.0,0.01,0.5,0.49,369,1.5498000000000003e-05,0,3
3071,4,0312,C,2,B,0.58,0.43,0.0,0.58,0.41000000000000003,0.01,369,1.5498000000000003e-05,0,3
3071,2,0213,C,2,D,0.64,0.52,0.0,0.02,0.34,0.64,369,1.5498000000000003e-05,0,3
3071,5,0321,D,3,B,0.52,0.36,0.0,0.52,0.01,0.47000000000000003,369,1.5498000000000003e-05,0,3
3071,6,1023,A,0,D,0.58,0.44,0.41000000000000003,0.0,0.01,0.58,369,1.5498000000000003e-05,0,3
3071,7,1032,A,0,C,0.64,0.52,0.35000000000000003,0.0,0.64,0.01,369,1.5498000000000003e-05,0,3
3071,8,1203,A,0,D,0.56,0.41000000000000003,0.43,0.01,0.0,0.56,369,1.5498000000000003e-05,0,3
3071,9,1230,A,0,A,0.51,0.34,0.51,0.01,0.48,0.0,369,1.5498000000000003e-05,1,1
3071,11,1320,A,0,B,0.61,0.48,0.38,0.61,0.01,0.0,369,1.5498000000000003e-05,0,3
3071,13,2031,D,3,D,0.5700000000000001,0.42,0.01,0.0,0.42,0.5700000000000001,369,1.5498000000000003e-05,1,1
3071,10,1302,A,0,B,0.7000000000000001,0.6000000000000001,0.29,0.7000000000000001,0.0,0.01,369,1.5498000000000003e-05,0,3
3071,12,2013,C,2,D,0.64,0.52,0.02,0.0,0.34,0.64,369,1.5498000000000003e-05,0,3
3071,15,2130,B,1,C,0.53,0.36,0.01,0.46,0.53,0.0,369,1.5498000000000003e-05,0,3
3071,14,2103,B,1,D,0.61,0.47000000000000003,0.01,0.38,0.0,0.61,369,1.5498000000000003e-05,0,3
3071,16,2301,D,3,B,0.51,0.35000000000000003,0.01,0.51,0.0,0.48,369,1.5498000000000003e-05,0,3
3071,17,2310,C,2,B,0.59,0.44,0.01,0.59,0.4,0.0,369,1.5498000000000003e-05,0,3
3071,22,3201,D,3,D,0.53,0.36,0.46,0.01,0.0,0.53,369,1.5498000000000003e-05,1,1
3071,19,3021,D,3,D,0.55,0.4,0.44,0.0,0.01,0.55,369,1.5498000000000003e-05,1,1
3582,1,0132,A,0,A,0.9500000000000001,0.92,0.9500000000000001,0.02,0.03,0.0,381,1.6002000000000004e-05,1,0
3071,18,3012,C,2,C,0.54,0.38,0.45,0.0,0.54,0.01,369,1.5498000000000003e-05,1,1
3071,23,3210,C,2,C,0.53,0.38,0.45,0.02,0.53,0.0,369,1.5498000000000003e-05,1,1
3071,20,3102,B,1,B,0.62,0.5,0.37,0.62,0.0,0.01,369,1.5498000000000003e-05,1,1
3582,0,0123,A,0,A,0.9400000000000001,0.93,0.9400000000000001,0.02,0.01,0.03,381,1.6002000000000004e-05,1,0
3071,21,3120,B,1,B,0.64,0.51,0.35000000000000003,0.64,0.01,0.0,369,1.5498000000000003e-05,1,1
3582,2,0213,A,0,A,0.9500000000000001,0.9400000000000001,0.9500000000000001,0.01,0.01,0.03,381,1.6002000000000004e-05,1,0
3582,3,0231,A,0,A,0.9500000000000001,0.9400000000000001,0.9500000000000001,0.01,0.03,0.01,381,1.6002000000000004e-05,1,0
3582,6,1023,B,1,B,0.91,0.89,0.05,0.91,0.01,0.03,381,1.6002000000000004e-05,1,0
3582,5,0321,A,0,A,0.929999999999999,0.92,0.929999999999999,0.05,0.01,0.01,381,1.6002000000000004e-05,1,0
3582,7,1032,B,1,B,0.91,0.89,0.03,0.91,0.05,0.01,381,1.6002000000000004e-05,1,0
3582,4,0312,A,0,A,0.9500000000000001,0.92,0.9500000000000001,0.04,0.01,0.0,381,1.6002000000000004e-05,1,0
3582,8,1203,C,2,C,0.9,0.86,0.05,0.01,0.9,0.04,381,1.6002000000000004e-05,1,0
3582,9,1230,D,3,D,0.8200000000000001,0.76,0.06,0.01,0.11,0.8200000000000001,381,1.6002000000000004e-05,1,0
3582,10,1302,C,2,C,0.87,0.8200000000000001,0.05,0.07,0.87,0.01,381,1.6002000000000004e-05,1,0
3582,12,2013,B,1,B,0.89,0.84,0.02,0.89,0.02,0.07,381,1.6002000000000004e-05,1,0
3582,13,2031,B,1,B,0.93,0.89,0.01,0.93,0.05,0.01,381,1.6002000000000004e-05,1,0
3582,14,2103,C,2,C,0.91,0.87,0.01,0.02,0.91,0.06,381,1.6002000000000004e-05,1,0
3582,11,1320,D,3,D,0.8200000000000001,0.77,0.07,0.1,0.01,0.8200000000000001,381,1.6002000000000004e-05,1,0
3582,15,2130,D,3,D,0.88,0.84,0.01,0.02,0.09,0.88,381,1.6002000000000004e-05,1,0
3582,16,2301,C,2,C,0.93,0.9,0.01,0.05,0.93,0.01,381,1.6002000000000004e-05,1,0
3582,17,2310,D,3,D,0.91,0.88,0.01,0.06,0.02,0.91,381,1.6002000000000004e-05,1,0
3582,18,3012,B,1,B,0.91,0.88,0.06,0.91,0.02,0.01,381,1.6002000000000004e-05,1,0
3582,19,3021,B,1,B,0.92,0.9,0.06,0.92,0.01,0.01,381,1.6002000000000004e-05,1,0
3582,21,3120,D,3,D,0.73,0.65,0.16,0.1,0.01,0.73,381,1.6002000000000004e-05,1,0
3582,20,3102,C,2,C,0.8200000000000001,0.76,0.11,0.06,0.8200000000000001,0.01,381,1.6002000000000004e-05,1,0
3582,22,3201,C,2,C,0.86,0.8,0.11,0.01,0.86,0.02,381,1.6002000000000004e-05,1,0
3582,23,3210,D,3,D,0.77,0.7000000000000001,0.18,0.02,0.03,0.77,381,1.6002000000000004e-05,1,0
7804,1,0132,D,3,D,1.0,1.0,0.0,0.0,0.0,1.0,374,1.5708e-05,1,2
7804,0,0123,C,2,C,1.0,1.0,0.0,0.0,1.0,0.0,374,1.5708e-05,1,2
7804,2,0213,B,1,B,1.0,1.0,0.0,1.0,0.0,0.0,374,1.5708e-05,1,2
7804,5,0321,C,2,C,1.0,1.0,0.0,0.0,1.0,0.0,374,1.5708e-05,1,2
7804,6,1023,C,2,C,1.0,1.0,0.0,0.0,1.0,0.0,374,1.5708e-05,1,2
7804,7,1032,D,3,D,1.0,1.0,0.0,0.0,0.0,1.0,374,1.5708e-05,1,2
7804,4,0312,D,3,D,1.0,1.0,0.0,0.0,0.0,1.0,374,1.5708e-05,1,2
7804,8,1203,B,1,B,1.0,1.0,0.0,1.0,0.0,0.0,374,1.5708e-05,1,2
7804,9,1230,B,1,B,1.0,0.99,0.0,1.0,0.0,0.0,374,1.5708e-05,1,2
7804,3,0231,B,1,B,1.0,1.0,0.0,1.0,0.0,0.0,374,1.5708e-05,1,2
7804,11,1320,C,2,C,1.0,1.0,0.0,0.0,1.0,0.0,374,1.5708e-05,1,2
7804,13,2031,A,0,A,1.0,1.0,1.0,0.0,0.0,0.0,374,1.5708e-05,1,2
7804,15,2130,A,0,A,1.0,1.0,1.0,0.0,0.0,0.0,374,1.5708e-05,1,2
7804,14,2103,A,0,A,1.0,1.0,1.0,0.0,0.0,0.0,374,1.5708e-05,1,2
7804,12,2013,A,0,A,1.0,1.0,1.0,0.0,0.0,0.0,374,1.5708e-05,1,2
7804,10,1302,D,3,D,1.0,1.0,0.0,0.0,0.0,1.0,374,1.5708e-05,1,2
7804,17,2310,A,0,A,1.0,1.0,1.0,0.0,0.0,0.0,374,1.5708e-05,1,2
7804,16,2301,A,0,A,1.0,0.99,1.0,0.0,0.0,0.0,374,1.5708e-05,1,2
7804,18,3012,D,3,D,1.0,1.0,0.0,0.0,0.0,1.0,374,1.5708e-05,1,2
7804,22,3201,B,1,B,1.0,1.0,0.0,1.0,0.0,0.0,374,1.5708e-05,1,2
7804,21,3120,C,2,C,1.0,1.0,0.0,0.0,1.0,0.0,374,1.5708e-05,1,2
3617,1,0132,B,1,B,0.87,0.8200000000000001,0.03,0.87,0.1,0.0,365,1.533e-05,1,1
7804,23,3210,B,1,B,1.0,1.0,0.0,1.0,0.0,0.0,374,1.5708e-05,1,2
3617,0,0123,B,1,B,0.86,0.81,0.05,0.86,0.0,0.09,365,1.533e-05,1,1
7804,19,3021,C,2,C,1.0,1.0,0.0,0.0,1.0,0.0,374,1.5708e-05,1,2
7804,20,3102,D,3,D,1.0,1.0,0.0,0.0,0.0,1.0,374,1.5708e-05,1,2
3617,2,0213,C,2,C,0.89,0.85,0.02,0.0,0.89,0.09,365,1.533e-05,1,1
3617,4,0312,C,2,C,0.84,0.79,0.02,0.14,0.84,0.0,365,1.533e-05,1,1
3617,3,0231,D,3,D,0.89,0.85,0.01,0.0,0.1,0.89,365,1.533e-05,1,1
3617,6,1023,A,0,A,0.9500000000000001,0.92,0.9500000000000001,0.01,0.0,0.04,365,1.533e-05,1,1
3617,5,0321,D,3,D,0.85,0.8,0.03,0.12,0.0,0.85,365,1.533e-05,1,1
3617,9,1230,A,0,A,0.93,0.91,0.93,0.0,0.04,0.02,365,1.533e-05,1,1
3617,7,1032,A,0,A,0.89,0.86,0.89,0.04,0.06,0.01,365,1.533e-05,1,1
3617,8,1203,A,0,A,0.9400000000000001,0.92,0.9400000000000001,0.0,0.02,0.04,365,1.533e-05,1,1
3617,10,1302,A,0,A,0.9,0.86,0.9,0.04,0.06,0.0,365,1.533e-05,1,1
3617,11,1320,A,0,A,0.9400000000000001,0.92,0.9400000000000001,0.04,0.01,0.01,365,1.533e-05,1,1
3617,13,2031,D,3,D,0.89,0.85,0.0,0.01,0.1,0.89,365,1.533e-05,1,1
3617,12,2013,C,2,C,0.87,0.8300000000000001,0.01,0.01,0.87,0.11,365,1.533e-05,1,1
3617,14,2103,B,1,B,0.86,0.8200000000000001,0.01,0.86,0.03,0.1,365,1.533e-05,1,1
3617,17,2310,C,2,C,0.85,0.81,0.01,0.12,0.85,0.02,365,1.533e-05,1,1
3617,15,2130,B,1,B,0.91,0.88,0.0,0.91,0.06,0.03,365,1.533e-05,1,1
3617,16,2301,D,3,D,0.86,0.8300000000000001,0.01,0.1,0.03,0.86,365,1.533e-05,1,1
3617,19,3021,D,3,D,0.76,0.6900000000000001,0.19,0.04,0.01,0.76,365,1.533e-05,1,1
3617,18,3012,C,2,C,0.7000000000000001,0.6000000000000001,0.26,0.03,0.7000000000000001,0.01,365,1.533e-05,1,1
3617,20,3102,B,1,B,0.72,0.63,0.22,0.72,0.05,0.01,365,1.533e-05,1,1
3617,21,3120,B,1,B,0.75,0.67,0.22,0.75,0.01,0.02,365,1.533e-05,1,1
3617,22,3201,D,3,D,0.7000000000000001,0.6000000000000001,0.28,0.01,0.01,0.7000000000000001,365,1.533e-05,1,1
1441,1,0132,B,1,B,0.99,0.99,0.0,0.99,0.01,0.0,388,1.6296e-05,1,1
1441,0,0123,B,1,B,0.99,0.98,0.0,0.99,0.0,0.01,388,1.6296e-05,1,1
3617,23,3210,C,2,C,0.7000000000000001,0.59,0.26,0.0,0.7000000000000001,0.04,365,1.533e-05,1,1
1441,2,0213,C,2,C,1.0,0.99,0.0,0.0,1.0,0.0,388,1.6296e-05,1,1
1441,4,0312,C,2,C,0.99,0.99,0.0,0.01,0.99,0.0,388,1.6296e-05,1,1
1441,3,0231,D,3,D,0.99,0.99,0.0,0.0,0.01,0.99,388,1.6296e-05,1,1
1441,5,0321,D,3,D,0.99,0.99,0.0,0.01,0.0,0.99,388,1.6296e-05,1,1
1441,6,1023,A,0,A,1.0,0.99,1.0,0.0,0.0,0.0,388,1.6296e-05,1,1
1441,7,1032,A,0,A,1.0,1.0,1.0,0.0,0.0,0.0,388,1.6296e-05,1,1
1441,10,1302,A,0,A,1.0,1.0,1.0,0.0,0.0,0.0,388,1.6296e-05,1,1
1441,8,1203,A,0,A,1.0,0.99,1.0,0.0,0.0,0.0,388,1.6296e-05,1,1
1441,9,1230,A,0,A,1.0,0.99,1.0,0.0,0.0,0.0,388,1.6296e-05,1,1
1441,14,2103,B,1,B,0.99,0.99,0.0,0.99,0.0,0.01,388,1.6296e-05,1,1
1441,12,2013,C,2,C,1.0,1.0,0.0,0.0,1.0,0.0,388,1.6296e-05,1,1
1441,13,2031,D,3,D,0.99,0.98,0.0,0.0,0.01,0.99,388,1.6296e-05,1,1
1441,11,1320,A,0,A,1.0,1.0,1.0,0.0,0.0,0.0,388,1.6296e-05,1,1
1441,15,2130,B,1,B,0.99,0.99,0.0,0.99,0.01,0.0,388,1.6296e-05,1,1
1441,16,2301,D,3,D,0.98,0.98,0.0,0.02,0.0,0.98,388,1.6296e-05,1,1
1441,17,2310,C,2,C,0.99,0.98,0.0,0.01,0.99,0.0,388,1.6296e-05,1,1
1441,18,3012,C,2,C,0.99,0.99,0.01,0.0,0.99,0.0,388,1.6296e-05,1,1
1441,19,3021,D,3,D,0.99,0.99,0.01,0.0,0.0,0.99,388,1.6296e-05,1,1
1441,21,3120,B,1,B,0.99,0.99,0.01,0.99,0.0,0.0,388,1.6296e-05,1,1
1441,22,3201,D,3,D,0.99,0.99,0.01,0.0,0.0,0.99,388,1.6296e-05,1,1
1441,20,3102,B,1,B,0.99,0.99,0.01,0.99,0.0,0.0,388,1.6296e-05,1,1
1441,23,3210,C,2,C,0.99,0.99,0.01,0.0,0.99,0.0,388,1.6296e-05,1,1
943,1,0132,A,0,A,0.99,0.98,0.99,0.01,0.0,0.0,357,1.4994000000000002e-05,1,0
943,2,0213,A,0,A,1.0,0.99,1.0,0.0,0.0,0.0,357,1.4994000000000002e-05,1,0
943,3,0231,A,0,A,1.0,0.99,1.0,0.0,0.0,0.0,357,1.4994000000000002e-05,1,0
943,0,0123,A,0,A,0.98,0.98,0.98,0.02,0.0,0.0,357,1.4994000000000002e-05,1,0
943,4,0312,A,0,A,1.0,0.99,1.0,0.0,0.0,0.0,357,1.4994000000000002e-05,1,0
943,5,0321,A,0,A,1.0,0.99,1.0,0.0,0.0,0.0,357,1.4994000000000002e-05,1,0
943,6,1023,B,1,B,0.98,0.97,0.02,0.98,0.0,0.0,357,1.4994000000000002e-05,1,0
943,8,1203,C,2,C,0.9500000000000001,0.93,0.05,0.0,0.9500000000000001,0.0,357,1.4994000000000002e-05,1,0
943,9,1230,D,3,D,0.87,0.8200000000000001,0.13,0.0,0.0,0.87,357,1.4994000000000002e-05,1,0
943,11,1320,D,3,D,0.88,0.85,0.1,0.01,0.01,0.88,357,1.4994000000000002e-05,1,0
943,7,1032,B,1,B,0.98,0.97,0.02,0.98,0.0,0.0,357,1.4994000000000002e-05,1,0
943,10,1302,C,2,C,0.98,0.98,0.02,0.0,0.98,0.0,357,1.4994000000000002e-05,1,0
943,12,2013,B,1,B,0.99,0.98,0.0,0.99,0.01,0.0,357,1.4994000000000002e-05,1,0
943,13,2031,B,1,B,0.99,0.98,0.0,0.99,0.0,0.01,357,1.4994000000000002e-05,1,0
943,15,2130,D,3,D,0.98,0.96,0.0,0.02,0.0,0.98,357,1.4994000000000002e-05,1,0
943,14,2103,C,2,C,0.99,0.98,0.0,0.01,0.99,0.0,357,1.4994000000000002e-05,1,0
943,16,2301,C,2,C,0.99,0.98,0.0,0.0,0.99,0.01,357,1.4994000000000002e-05,1,0
943,18,3012,B,1,B,1.0,0.99,0.0,1.0,0.0,0.0,357,1.4994000000000002e-05,1,0
943,19,3021,B,1,B,1.0,0.99,0.0,1.0,0.0,0.0,357,1.4994000000000002e-05,1,0
943,20,3102,C,2,C,0.99,0.98,0.0,0.01,0.99,0.0,357,1.4994000000000002e-05,1,0
943,17,2310,D,3,D,0.98,0.97,0.0,0.0,0.02,0.98,357,1.4994000000000002e-05,1,0
943,21,3120,D,3,D,0.9500000000000001,0.93,0.0,0.05,0.0,0.9500000000000001,357,1.4994000000000002e-05,1,0
943,22,3201,C,2,C,0.99,0.99,0.0,0.0,0.99,0.01,357,1.4994000000000002e-05,1,0
943,23,3210,D,3,D,0.98,0.96,0.0,0.0,0.02,0.98,357,1.4994000000000002e-05,1,0
1849,1,0132,A,0,A,1.0,1.0,1.0,0.0,0.0,0.0,372,1.5624e-05,1,0
1849,4,0312,A,0,A,1.0,1.0,1.0,0.0,0.0,0.0,372,1.5624e-05,1,0
1849,3,0231,A,0,A,1.0,1.0,1.0,0.0,0.0,0.0,372,1.5624e-05,1,0
1849,0,0123,A,0,A,1.0,1.0,1.0,0.0,0.0,0.0,372,1.5624e-05,1,0
1849,2,0213,A,0,A,1.0,1.0,1.0,0.0,0.0,0.0,372,1.5624e-05,1,0
1849,5,0321,A,0,A,1.0,1.0,1.0,0.0,0.0,0.0,372,1.5624e-05,1,0
1849,6,1023,B,1,B,1.0,1.0,0.0,1.0,0.0,0.0,372,1.5624e-05,1,0
1849,7,1032,B,1,B,1.0,1.0,0.0,1.0,0.0,0.0,372,1.5624e-05,1,0
1849,9,1230,D,3,D,1.0,1.0,0.0,0.0,0.0,1.0,372,1.5624e-05,1,0
1849,11,1320,D,3,D,1.0,1.0,0.0,0.0,0.0,1.0,372,1.5624e-05,1,0
1849,8,1203,C,2,C,1.0,1.0,0.0,0.0,1.0,0.0,372,1.5624e-05,1,0
1849,10,1302,C,2,C,1.0,1.0,0.0,0.0,1.0,0.0,372,1.5624e-05,1,0
1849,13,2031,B,1,B,1.0,1.0,0.0,1.0,0.0,0.0,372,1.5624e-05,1,0
1849,12,2013,B,1,B,1.0,1.0,0.0,1.0,0.0,0.0,372,1.5624e-05,1,0
1849,14,2103,C,2,C,1.0,1.0,0.0,0.0,1.0,0.0,372,1.5624e-05,1,0
1849,15,2130,D,3,D,1.0,1.0,0.0,0.0,0.0,1.0,372,1.5624e-05,1,0
1849,16,2301,C,2,C,1.0,1.0,0.0,0.0,1.0,0.0,372,1.5624e-05,1,0
1849,18,3012,B,1,B,1.0,1.0,0.0,1.0,0.0,0.0,372,1.5624e-05,1,0
1849,17,2310,D,3,D,1.0,1.0,0.0,0.0,0.0,1.0,372,1.5624e-05,1,0
1849,20,3102,C,2,C,1.0,1.0,0.0,0.0,1.0,0.0,372,1.5624e-05,1,0
1849,19,3021,B,1,B,1.0,1.0,0.0,1.0,0.0,0.0,372,1.5624e-05,1,0
1849,21,3120,D,3,D,1.0,1.0,0.0,0.0,0.0,1.0,372,1.5624e-05,1,0
1849,22,3201,C,2,C,1.0,1.0,0.0,0.0,1.0,0.0,372,1.5624e-05,1,0
1849,23,3210,D,3,D,1.0,1.0,0.0,0.0,0.0,1.0,372,1.5624e-05,1,0
7999,0,0123,B,1,B,0.7000000000000001,0.6000000000000001,0.0,0.7000000000000001,0.0,0.30000000000000004,376,1.5792000000000004e-05,1,1
7999,1,0132,B,1,B,0.75,0.66,0.0,0.75,0.25,0.0,376,1.5792000000000004e-05,1,1
7999,2,0213,C,2,C,0.73,0.64,0.0,0.0,0.73,0.27,376,1.5792000000000004e-05,1,1
7999,3,0231,D,3,D,0.65,0.53,0.0,0.0,0.35000000000000003,0.65,376,1.5792000000000004e-05,1,1
7999,4,0312,C,2,C,0.5,0.34,0.0,0.5,0.5,0.0,376,1.5792000000000004e-05,1,1
7999,5,0321,D,3,D,0.65,0.53,0.0,0.35000000000000003,0.0,0.65,376,1.5792000000000004e-05,1,1
7999,6,1023,A,0,A,0.92,0.89,0.92,0.0,0.0,0.08,376,1.5792000000000004e-05,1,1
7999,7,1032,A,0,A,0.9,0.86,0.9,0.0,0.1,0.0,376,1.5792000000000004e-05,1,1
7999,8,1203,A,0,A,0.92,0.89,0.92,0.0,0.0,0.08,376,1.5792000000000004e-05,1,1
7999,9,1230,A,0,A,0.84,0.78,0.84,0.0,0.16,0.0,376,1.5792000000000004e-05,1,1
7999,11,1320,A,0,A,0.78,0.71,0.78,0.22,0.0,0.0,376,1.5792000000000004e-05,1,1
7999,10,1302,A,0,A,0.78,0.71,0.78,0.22,0.0,0.0,376,1.5792000000000004e-05,1,1
7999,12,2013,C,2,C,0.72,0.62,0.0,0.0,0.72,0.28,376,1.5792000000000004e-05,1,1
7999,14,2103,B,1,B,0.89,0.85,0.0,0.89,0.0,0.11,376,1.5792000000000004e-05,1,1
7999,13,2031,D,3,D,0.71,0.61,0.0,0.0,0.29,0.71,376,1.5792000000000004e-05,1,1
7999,15,2130,B,1,B,0.81,0.75,0.0,0.81,0.19,0.0,376,1.5792000000000004e-05,1,1
7999,16,2301,D,3,D,0.5700000000000001,0.42,0.0,0.43,0.0,0.5700000000000001,376,1.5792000000000004e-05,1,1
7999,17,2310,C,2,C,0.6900000000000001,0.58,0.0,0.31,0.6900000000000001,0.0,376,1.5792000000000004e-05,1,1
7999,20,3102,B,1,B,0.77,0.6900000000000001,0.23,0.77,0.0,0.0,376,1.5792000000000004e-05,1,1
7999,19,3021,D,3,D,0.52,0.36,0.48,0.0,0.0,0.52,376,1.5792000000000004e-05,1,1
7999,18,3012,C,2,A,0.5700000000000001,0.43,0.5700000000000001,0.0,0.43,0.0,376,1.5792000000000004e-05,0,3
7999,21,3120,B,1,B,0.77,0.6900000000000001,0.23,0.77,0.0,0.0,376,1.5792000000000004e-05,1,1
7999,22,3201,D,3,A,0.5,0.33,0.5,0.0,0.0,0.5,376,1.5792000000000004e-05,0,3
7999,23,3210,C,2,C,0.6900000000000001,0.59,0.31,0.0,0.6900000000000001,0.0,376,1.5792000000000004e-05,1,1
2410,1,0132,D,3,D,0.79,0.72,0.16,0.05,0.0,0.79,361,1.5162000000000002e-05,1,2
2410,0,0123,C,2,C,0.77,0.6900000000000001,0.18,0.05,0.77,0.0,361,1.5162000000000002e-05,1,2
2410,2,0213,B,1,B,0.8200000000000001,0.76,0.14,0.8200000000000001,0.04,0.0,361,1.5162000000000002e-05,1,2
2410,3,0231,B,1,B,0.8300000000000001,0.77,0.14,0.8300000000000001,0.0,0.03,361,1.5162000000000002e-05,1,2
2410,4,0312,D,3,D,0.76,0.67,0.2,0.0,0.04,0.76,361,1.5162000000000002e-05,1,2
2410,5,0321,C,2,C,0.81,0.74,0.15,0.0,0.81,0.04,361,1.5162000000000002e-05,1,2
2410,7,1032,D,3,D,0.65,0.54,0.1,0.25,0.0,0.65,361,1.5162000000000002e-05,1,2
2410,6,1023,C,2,C,0.75,0.66,0.05,0.2,0.75,0.0,361,1.5162000000000002e-05,1,2
2410,8,1203,B,1,B,0.6900000000000001,0.58,0.09,0.6900000000000001,0.22,0.0,361,1.5162000000000002e-05,1,2
2410,9,1230,B,1,B,0.81,0.73,0.08,0.81,0.0,0.11,361,1.5162000000000002e-05,1,2
2410,10,1302,D,3,D,0.64,0.51,0.09,0.0,0.27,0.64,361,1.5162000000000002e-05,1,2
2410,11,1320,C,2,C,0.77,0.68,0.06,0.0,0.77,0.17,361,1.5162000000000002e-05,1,2
2410,13,2031,A,0,A,0.74,0.64,0.74,0.23,0.0,0.03,361,1.5162000000000002e-05,1,2
2410,14,2103,A,0,A,0.78,0.7000000000000001,0.78,0.04,0.18,0.0,361,1.5162000000000002e-05,1,2
2410,15,2130,A,0,A,0.87,0.8300000000000001,0.87,0.03,0.0,0.1,361,1.5162000000000002e-05,1,2
2410,12,2013,A,0,A,0.76,0.68,0.76,0.21,0.03,0.0,361,1.5162000000000002e-05,1,2
2410,16,2301,A,0,A,0.72,0.61,0.72,0.0,0.25,0.03,361,1.5162000000000002e-05,1,2
2410,18,3012,D,3,D,0.71,0.6000000000000001,0.0,0.25,0.04,0.71,361,1.5162000000000002e-05,1,2
2410,17,2310,A,0,A,0.84,0.78,0.84,0.0,0.02,0.14,361,1.5162000000000002e-05,1,2
2410,19,3021,C,2,C,0.75,0.66,0.0,0.22,0.75,0.03,361,1.5162000000000002e-05,1,2
2410,21,3120,C,2,C,0.78,0.71,0.01,0.08,0.78,0.13,361,1.5162000000000002e-05,1,2
2410,23,3210,B,1,B,0.8,0.74,0.01,0.8,0.03,0.16,361,1.5162000000000002e-05,1,2
2410,20,3102,D,3,D,0.59,0.45,0.01,0.07,0.33,0.59,361,1.5162000000000002e-05,1,2
2200,0,0123,B,1,B,0.84,0.78,0.0,0.84,0.16,0.0,377,1.5834e-05,1,1
2200,1,0132,B,1,B,0.8300000000000001,0.78,0.01,0.8300000000000001,0.0,0.16,377,1.5834e-05,1,1
2410,22,3201,B,1,B,0.8300000000000001,0.76,0.0,0.8300000000000001,0.13,0.04,361,1.5162000000000002e-05,1,2
2200,3,0231,D,3,D,0.86,0.81,0.0,0.14,0.0,0.86,377,1.5834e-05,1,1
2200,4,0312,C,2,C,0.86,0.81,0.0,0.0,0.86,0.14,377,1.5834e-05,1,1
2200,6,1023,A,0,A,0.86,0.81,0.86,0.0,0.14,0.0,377,1.5834e-05,1,1
2200,2,0213,C,2,C,0.78,0.7000000000000001,0.0,0.22,0.78,0.0,377,1.5834e-05,1,1
2200,7,1032,A,0,A,0.9,0.86,0.9,0.0,0.0,0.1,377,1.5834e-05,1,1
2200,9,1230,A,0,A,0.92,0.89,0.92,0.08,0.0,0.0,377,1.5834e-05,1,1
2200,10,1302,A,0,A,0.9,0.86,0.9,0.0,0.0,0.1,377,1.5834e-05,1,1
2200,5,0321,D,3,D,0.85,0.79,0.0,0.0,0.15,0.85,377,1.5834e-05,1,1
2200,12,2013,C,2,C,0.8200000000000001,0.75,0.18,0.0,0.8200000000000001,0.0,377,1.5834e-05,1,1
2200,11,1320,A,0,A,0.91,0.88,0.91,0.0,0.09,0.0,377,1.5834e-05,1,1
2200,8,1203,A,0,A,0.93,0.91,0.93,0.07,0.0,0.0,377,1.5834e-05,1,1
2200,13,2031,D,3,D,0.86,0.81,0.14,0.0,0.0,0.86,377,1.5834e-05,1,1
2200,14,2103,B,1,B,0.79,0.72,0.21,0.79,0.0,0.0,377,1.5834e-05,1,1
2200,16,2301,D,3,D,0.8200000000000001,0.76,0.18,0.0,0.0,0.8200000000000001,377,1.5834e-05,1,1
2200,17,2310,C,2,C,0.8300000000000001,0.77,0.17,0.0,0.8300000000000001,0.0,377,1.5834e-05,1,1
2200,15,2130,B,1,B,0.77,0.6900000000000001,0.23,0.77,0.0,0.0,377,1.5834e-05,1,1
2200,18,3012,C,2,C,0.8200000000000001,0.77,0.01,0.0,0.8200000000000001,0.17,377,1.5834e-05,1,1
2200,20,3102,B,1,B,0.8300000000000001,0.78,0.01,0.8300000000000001,0.0,0.16,377,1.5834e-05,1,1
2200,21,3120,B,1,B,0.88,0.84,0.0,0.88,0.12,0.0,377,1.5834e-05,1,1
2200,22,3201,D,3,D,0.89,0.84,0.0,0.11,0.0,0.89,377,1.5834e-05,1,1
2200,23,3210,C,2,C,0.88,0.84,0.0,0.12,0.88,0.0,377,1.5834e-05,1,1
2200,19,3021,D,3,D,0.86,0.81,0.0,0.0,0.14,0.86,377,1.5834e-05,1,1
1433,0,0123,A,0,A,0.92,0.89,0.92,0.08,0.0,0.0,376,1.5792000000000004e-05,1,0
1433,1,0132,A,0,A,0.93,0.9,0.93,0.07,0.0,0.0,376,1.5792000000000004e-05,1,0
1433,3,0231,A,0,A,0.92,0.9,0.92,0.0,0.0,0.08,376,1.5792000000000004e-05,1,0
1433,2,0213,A,0,A,0.9500000000000001,0.93,0.9500000000000001,0.0,0.05,0.0,376,1.5792000000000004e-05,1,0
1433,5,0321,A,0,A,0.9400000000000001,0.92,0.9400000000000001,0.0,0.0,0.06,376,1.5792000000000004e-05,1,0
1433,4,0312,A,0,A,0.9500000000000001,0.93,0.9500000000000001,0.0,0.05,0.0,376,1.5792000000000004e-05,1,0
1433,6,1023,B,1,B,0.9,0.87,0.1,0.9,0.0,0.0,376,1.5792000000000004e-05,1,0
1433,7,1032,B,1,B,0.89,0.85,0.11,0.89,0.0,0.0,376,1.5792000000000004e-05,1,0
1433,8,1203,C,2,C,0.93,0.9,0.07,0.0,0.93,0.0,376,1.5792000000000004e-05,1,0
1433,9,1230,D,3,D,0.9500000000000001,0.93,0.05,0.0,0.0,0.9500000000000001,376,1.5792000000000004e-05,1,0
1433,10,1302,C,2,C,0.9,0.86,0.1,0.0,0.9,0.0,376,1.5792000000000004e-05,1,0
1433,11,1320,D,3,D,0.9400000000000001,0.92,0.06,0.0,0.0,0.9400000000000001,376,1.5792000000000004e-05,1,0
1433,13,2031,B,1,B,0.9500000000000001,0.9400000000000001,0.0,0.9500000000000001,0.0,0.05,376,1.5792000000000004e-05,1,0
1433,12,2013,B,1,B,0.96,0.9500000000000001,0.0,0.96,0.04,0.0,376,1.5792000000000004e-05,1,0
1433,14,2103,C,2,C,0.9400000000000001,0.91,0.0,0.06,0.9400000000000001,0.0,376,1.5792000000000004e-05,1,0
1433,17,2310,D,3,D,0.97,0.9500000000000001,0.0,0.0,0.03,0.97,376,1.5792000000000004e-05,1,0
1433,16,2301,C,2,C,0.98,0.97,0.0,0.0,0.98,0.02,376,1.5792000000000004e-05,1,0
1433,15,2130,D,3,D,0.9500000000000001,0.93,0.0,0.05,0.0,0.9500000000000001,376,1.5792000000000004e-05,1,0
1433,19,3021,B,1,B,0.96,0.9500000000000001,0.01,0.96,0.0,0.03,376,1.5792000000000004e-05,1,0
1433,18,3012,B,1,B,0.97,0.9500000000000001,0.0,0.97,0.03,0.0,376,1.5792000000000004e-05,1,0
1433,22,3201,C,2,C,0.99,0.98,0.0,0.0,0.99,0.01,376,1.5792000000000004e-05,1,0
1433,20,3102,C,2,C,0.92,0.89,0.0,0.08,0.92,0.0,376,1.5792000000000004e-05,1,0
1433,21,3120,D,3,D,0.96,0.9400000000000001,0.0,0.04,0.0,0.96,376,1.5792000000000004e-05,1,0
1716,0,0123,A,0,A,1.0,1.0,1.0,0.0,0.0,0.0,367,1.5414e-05,1,0
1433,23,3210,D,3,D,0.96,0.9400000000000001,0.0,0.0,0.04,0.96,376,1.5792000000000004e-05,1,0
1716,1,0132,A,0,A,1.0,1.0,1.0,0.0,0.0,0.0,367,1.5414e-05,1,0
1716,2,0213,A,0,A,1.0,1.0,1.0,0.0,0.0,0.0,367,1.5414e-05,1,0
1716,3,0231,A,0,A,1.0,1.0,1.0,0.0,0.0,0.0,367,1.5414e-05,1,0
1716,5,0321,A,0,A,1.0,1.0,1.0,0.0,0.0,0.0,367,1.5414e-05,1,0
1716,4,0312,A,0,A,1.0,1.0,1.0,0.0,0.0,0.0,367,1.5414e-05,1,0
1716,6,1023,B,1,B,1.0,1.0,0.0,1.0,0.0,0.0,367,1.5414e-05,1,0
1716,7,1032,B,1,B,1.0,1.0,0.0,1.0,0.0,0.0,367,1.5414e-05,1,0
1716,8,1203,C,2,C,1.0,1.0,0.0,0.0,1.0,0.0,367,1.5414e-05,1,0
1716,9,1230,D,3,D,1.0,1.0,0.0,0.0,0.0,1.0,367,1.5414e-05,1,0
1716,11,1320,D,3,D,1.0,1.0,0.0,0.0,0.0,1.0,367,1.5414e-05,1,0
1716,10,1302,C,2,C,1.0,1.0,0.0,0.0,1.0,0.0,367,1.5414e-05,1,0
1716,12,2013,B,1,B,1.0,1.0,0.0,1.0,0.0,0.0,367,1.5414e-05,1,0
1716,13,2031,B,1,B,1.0,1.0,0.0,1.0,0.0,0.0,367,1.5414e-05,1,0
1716,14,2103,C,2,C,1.0,1.0,0.0,0.0,1.0,0.0,367,1.5414e-05,1,0
1716,15,2130,D,3,D,1.0,1.0,0.0,0.0,0.0,1.0,367,1.5414e-05,1,0
1716,17,2310,D,3,D,1.0,1.0,0.0,0.0,0.0,1.0,367,1.5414e-05,1,0
1716,16,2301,C,2,C,1.0,1.0,0.0,0.0,1.0,0.0,367,1.5414e-05,1,0
1716,19,3021,B,1,B,1.0,1.0,0.0,1.0,0.0,0.0,367,1.5414e-05,1,0
1716,18,3012,B,1,B,1.0,1.0,0.0,1.0,0.0,0.0,367,1.5414e-05,1,0
1716,20,3102,C,2,C,1.0,1.0,0.0,0.0,1.0,0.0,367,1.5414e-05,1,0
1716,21,3120,D,3,D,1.0,1.0,0.0,0.0,0.0,1.0,367,1.5414e-05,1,0
1716,22,3201,C,2,C,1.0,1.0,0.0,0.0,1.0,0.0,367,1.5414e-05,1,0
1716,23,3210,D,3,D,1.0,1.0,0.0,0.0,0.0,1.0,367,1.5414e-05,1,0
5141,3,0231,C,2,C,0.97,0.9500000000000001,0.03,0.0,0.97,0.0,389,1.6338000000000002e-05,1,3
5141,1,0132,C,2,C,0.98,0.97,0.02,0.0,0.98,0.0,389,1.6338000000000002e-05,1,3
5141,2,0213,D,3,D,0.97,0.96,0.03,0.0,0.0,0.97,389,1.6338000000000002e-05,1,3
5141,4,0312,B,1,B,0.98,0.97,0.02,0.98,0.0,0.0,389,1.6338000000000002e-05,1,3
5141,5,0321,B,1,B,0.98,0.96,0.02,0.98,0.0,0.0,389,1.6338000000000002e-05,1,3
5141,6,1023,D,3,D,0.97,0.96,0.01,0.02,0.0,0.97,389,1.6338000000000002e-05,1,3
5141,7,1032,C,2,C,0.97,0.96,0.01,0.02,0.97,0.0,389,1.6338000000000002e-05,1,3
5141,8,1203,D,3,D,0.96,0.9500000000000001,0.02,0.0,0.02,0.96,389,1.6338000000000002e-05,1,3
5141,10,1302,B,1,B,0.96,0.9400000000000001,0.01,0.96,0.03,0.0,389,1.6338000000000002e-05,1,3
5141,9,1230,C,2,C,0.93,0.9,0.01,0.0,0.93,0.06,389,1.6338000000000002e-05,1,3
5141,11,1320,B,1,B,0.93,0.91,0.02,0.93,0.0,0.05,389,1.6338000000000002e-05,1,3
5141,13,2031,C,2,C,0.9,0.87,0.0,0.09,0.9,0.01,389,1.6338000000000002e-05,1,3
5141,12,2013,D,3,D,0.97,0.96,0.0,0.03,0.0,0.97,389,1.6338000000000002e-05,1,3
5141,15,2130,C,2,C,0.9400000000000001,0.92,0.0,0.01,0.9400000000000001,0.05,389,1.6338000000000002e-05,1,3
5141,14,2103,D,3,D,0.97,0.96,0.0,0.01,0.02,0.97,389,1.6338000000000002e-05,1,3
5141,17,2310,B,1,B,0.9400000000000001,0.92,0.0,0.9400000000000001,0.02,0.04,389,1.6338000000000002e-05,1,3
5141,18,3012,A,0,A,0.92,0.89,0.92,0.08,0.0,0.0,389,1.6338000000000002e-05,1,3
5141,20,3102,A,0,A,0.9500000000000001,0.9400000000000001,0.9500000000000001,0.02,0.03,0.0,389,1.6338000000000002e-05,1,3
5141,19,3021,A,0,A,0.93,0.9,0.93,0.07,0.0,0.0,389,1.6338000000000002e-05,1,3
5141,16,2301,B,1,B,0.9400000000000001,0.91,0.0,0.9400000000000001,0.06,0.0,389,1.6338000000000002e-05,1,3
5141,21,3120,A,0,A,0.9400000000000001,0.91,0.9400000000000001,0.02,0.0,0.04,389,1.6338000000000002e-05,1,3
5141,22,3201,A,0,A,0.92,0.89,0.92,0.0,0.08,0.0,389,1.6338000000000002e-05,1,3
5141,23,3210,A,0,A,0.91,0.87,0.91,0.0,0.01,0.08,389,1.6338000000000002e-05,1,3
5141,0,0123,D,3,D,0.97,0.96,0.03,0.0,0.0,0.97,389,1.6338000000000002e-05,1,3
4167,0,0123,B,1,B,0.98,0.97,0.02,0.98,0.0,0.0,368,1.5456e-05,1,1
4167,1,0132,B,1,B,0.96,0.9500000000000001,0.02,0.96,0.0,0.02,368,1.5456e-05,1,1
4167,2,0213,C,2,C,0.99,0.98,0.01,0.0,0.99,0.0,368,1.5456e-05,1,1
4167,4,0312,C,2,C,1.0,0.99,0.0,0.0,1.0,0.0,368,1.5456e-05,1,1
4167,3,0231,D,3,D,0.99,0.98,0.01,0.0,0.0,0.99,368,1.5456e-05,1,1
4167,5,0321,D,3,D,0.97,0.96,0.02,0.01,0.0,0.97,368,1.5456e-05,1,1
4167,7,1032,A,0,A,0.97,0.97,0.97,0.02,0.0,0.01,368,1.5456e-05,1,1
4167,8,1203,A,0,A,1.0,0.99,1.0,0.0,0.0,0.0,368,1.5456e-05,1,1
4167,6,1023,A,0,A,0.99,0.98,0.99,0.01,0.0,0.0,368,1.5456e-05,1,1
4167,10,1302,A,0,A,0.99,0.98,0.99,0.0,0.01,0.0,368,1.5456e-05,1,1
4167,12,2013,C,2,C,1.0,0.99,0.0,0.0,1.0,0.0,368,1.5456e-05,1,1
4167,11,1320,A,0,A,0.98,0.98,0.98,0.0,0.01,0.01,368,1.5456e-05,1,1
4167,9,1230,A,0,A,1.0,0.99,1.0,0.0,0.0,0.0,368,1.5456e-05,1,1
4167,13,2031,D,3,D,1.0,0.99,0.0,0.0,0.0,1.0,368,1.5456e-05,1,1
4167,14,2103,B,1,B,1.0,0.99,0.0,1.0,0.0,0.0,368,1.5456e-05,1,1
4167,16,2301,D,3,D,1.0,0.99,0.0,0.0,0.0,1.0,368,1.5456e-05,1,1
4167,15,2130,B,1,B,1.0,0.99,0.0,1.0,0.0,0.0,368,1.5456e-05,1,1
4167,17,2310,C,2,C,1.0,0.99,0.0,0.0,1.0,0.0,368,1.5456e-05,1,1
4167,19,3021,D,3,D,0.99,0.98,0.0,0.01,0.0,0.99,368,1.5456e-05,1,1
4167,18,3012,C,2,C,0.99,0.99,0.0,0.01,0.99,0.0,368,1.5456e-05,1,1
4167,20,3102,B,1,B,1.0,0.99,0.0,1.0,0.0,0.0,368,1.5456e-05,1,1
4167,21,3120,B,1,B,0.99,0.99,0.0,0.99,0.01,0.0,368,1.5456e-05,1,1
4167,22,3201,D,3,D,0.99,0.98,0.0,0.0,0.01,0.99,368,1.5456e-05,1,1
3359,0,0123,C,2,C,1.0,1.0,0.0,0.0,1.0,0.0,376,1.5792000000000004e-05,1,2
4167,23,3210,C,2,C,1.0,0.99,0.0,0.0,1.0,0.0,368,1.5456e-05,1,1
3359,1,0132,D,3,D,1.0,1.0,0.0,0.0,0.0,1.0,376,1.5792000000000004e-05,1,2
3359,3,0231,B,1,B,1.0,1.0,0.0,1.0,0.0,0.0,376,1.5792000000000004e-05,1,2
3359,4,0312,D,3,D,1.0,1.0,0.0,0.0,0.0,1.0,376,1.5792000000000004e-05,1,2
3359,6,1023,C,2,C,1.0,1.0,0.0,0.0,1.0,0.0,376,1.5792000000000004e-05,1,2
3359,5,0321,C,2,C,1.0,1.0,0.0,0.0,1.0,0.0,376,1.5792000000000004e-05,1,2
3359,8,1203,B,1,B,1.0,1.0,0.0,1.0,0.0,0.0,376,1.5792000000000004e-05,1,2
3359,9,1230,B,1,B,1.0,1.0,0.0,1.0,0.0,0.0,376,1.5792000000000004e-05,1,2
3359,10,1302,D,3,D,1.0,1.0,0.0,0.0,0.0,1.0,376,1.5792000000000004e-05,1,2
3359,7,1032,D,3,D,1.0,1.0,0.0,0.0,0.0,1.0,376,1.5792000000000004e-05,1,2
3359,11,1320,C,2,C,1.0,1.0,0.0,0.0,1.0,0.0,376,1.5792000000000004e-05,1,2
3359,13,2031,A,0,A,1.0,1.0,1.0,0.0,0.0,0.0,376,1.5792000000000004e-05,1,2
3359,12,2013,A,0,A,1.0,1.0,1.0,0.0,0.0,0.0,376,1.5792000000000004e-05,1,2
3359,14,2103,A,0,A,1.0,1.0,1.0,0.0,0.0,0.0,376,1.5792000000000004e-05,1,2
3359,17,2310,A,0,A,1.0,1.0,1.0,0.0,0.0,0.0,376,1.5792000000000004e-05,1,2
3359,15,2130,A,0,A,1.0,1.0,1.0,0.0,0.0,0.0,376,1.5792000000000004e-05,1,2
3359,18,3012,D,3,D,1.0,1.0,0.0,0.0,0.0,1.0,376,1.5792000000000004e-05,1,2
3359,16,2301,A,0,A,1.0,1.0,1.0,0.0,0.0,0.0,376,1.5792000000000004e-05,1,2
3359,19,3021,C,2,C,1.0,1.0,0.0,0.0,1.0,0.0,376,1.5792000000000004e-05,1,2
3359,20,3102,D,3,D,1.0,1.0,0.0,0.0,0.0,1.0,376,1.5792000000000004e-05,1,2
3359,22,3201,B,1,B,1.0,1.0,0.0,1.0,0.0,0.0,376,1.5792000000000004e-05,1,2
9720,0,0123,D,3,D,1.0,1.0,0.0,0.0,0.0,1.0,380,1.5960000000000003e-05,1,3
3359,23,3210,B,1,B,1.0,1.0,0.0,1.0,0.0,0.0,376,1.5792000000000004e-05,1,2
9720,1,0132,C,2,C,0.99,0.99,0.01,0.0,0.99,0.0,380,1.5960000000000003e-05,1,3
3359,21,3120,C,2,C,1.0,1.0,0.0,0.0,1.0,0.0,376,1.5792000000000004e-05,1,2
9720,3,0231,C,2,C,1.0,0.99,0.0,0.0,1.0,0.0,380,1.5960000000000003e-05,1,3
9720,2,0213,D,3,D,0.99,0.99,0.01,0.0,0.0,0.99,380,1.5960000000000003e-05,1,3
9720,4,0312,B,1,B,1.0,0.99,0.0,1.0,0.0,0.0,380,1.5960000000000003e-05,1,3
9720,7,1032,C,2,C,1.0,0.99,0.0,0.0,1.0,0.0,380,1.5960000000000003e-05,1,3
9720,6,1023,D,3,D,1.0,1.0,0.0,0.0,0.0,1.0,380,1.5960000000000003e-05,1,3
9720,5,0321,B,1,B,0.98,0.98,0.01,0.98,0.0,0.01,380,1.5960000000000003e-05,1,3
9720,8,1203,D,3,D,1.0,0.99,0.0,0.0,0.0,1.0,380,1.5960000000000003e-05,1,3
9720,9,1230,C,2,C,1.0,1.0,0.0,0.0,1.0,0.0,380,1.5960000000000003e-05,1,3
9720,10,1302,B,1,B,1.0,1.0,0.0,1.0,0.0,0.0,380,1.5960000000000003e-05,1,3
9720,12,2013,D,3,D,0.99,0.99,0.0,0.01,0.0,0.99,380,1.5960000000000003e-05,1,3
9720,11,1320,B,1,B,1.0,0.99,0.0,1.0,0.0,0.0,380,1.5960000000000003e-05,1,3
9720,13,2031,C,2,C,0.99,0.98,0.0,0.01,0.99,0.0,380,1.5960000000000003e-05,1,3
9720,14,2103,D,3,D,1.0,0.99,0.0,0.0,0.0,1.0,380,1.5960000000000003e-05,1,3
9720,15,2130,C,2,C,0.99,0.99,0.0,0.01,0.99,0.0,380,1.5960000000000003e-05,1,3
9720,16,2301,B,1,B,1.0,0.99,0.0,1.0,0.0,0.0,380,1.5960000000000003e-05,1,3
9720,17,2310,B,1,B,0.99,0.99,0.0,0.99,0.01,0.0,380,1.5960000000000003e-05,1,3
9720,18,3012,A,0,A,1.0,1.0,1.0,0.0,0.0,0.0,380,1.5960000000000003e-05,1,3
9720,20,3102,A,0,A,0.99,0.99,0.99,0.01,0.0,0.0,380,1.5960000000000003e-05,1,3
9720,19,3021,A,0,A,1.0,1.0,1.0,0.0,0.0,0.0,380,1.5960000000000003e-05,1,3
9720,21,3120,A,0,A,1.0,0.99,1.0,0.0,0.0,0.0,380,1.5960000000000003e-05,1,3
9720,22,3201,A,0,A,1.0,0.99,1.0,0.0,0.0,0.0,380,1.5960000000000003e-05,1,3
3359,2,0213,B,1,B,1.0,1.0,0.0,1.0,0.0,0.0,376,1.5792000000000004e-05,1,2
9720,23,3210,A,0,A,0.99,0.98,0.99,0.0,0.01,0.0,380,1.5960000000000003e-05,1,3
5774,1,0132,C,2,C,0.85,0.8,0.0,0.0,0.85,0.15,367,1.5414e-05,1,3
5774,4,0312,B,1,B,0.73,0.64,0.0,0.73,0.0,0.27,367,1.5414e-05,1,3
5774,2,0213,D,3,D,0.68,0.56,0.0,0.32,0.0,0.68,367,1.5414e-05,1,3
5774,3,0231,C,2,C,0.78,0.7000000000000001,0.0,0.22,0.78,0.0,367,1.5414e-05,1,3
5774,6,1023,D,3,D,0.72,0.62,0.0,0.0,0.28,0.72,367,1.5414e-05,1,3
5774,7,1032,C,2,C,0.88,0.84,0.0,0.0,0.88,0.12,367,1.5414e-05,1,3
5774,9,1230,C,2,C,0.68,0.5700000000000001,0.0,0.32,0.68,0.0,367,1.5414e-05,1,3
5774,8,1203,D,3,D,0.66,0.54,0.0,0.34,0.0,0.66,367,1.5414e-05,1,3
5774,10,1302,B,1,B,0.73,0.63,0.0,0.73,0.0,0.27,367,1.5414e-05,1,3
5774,11,1320,B,1,B,0.67,0.55,0.0,0.67,0.33,0.0,367,1.5414e-05,1,3
5774,13,2031,C,2,C,0.56,0.41000000000000003,0.44,0.0,0.56,0.0,367,1.5414e-05,1,3
5774,12,2013,D,3,D,0.51,0.34,0.49,0.0,0.0,0.51,367,1.5414e-05,1,3
5774,14,2103,D,3,D,0.56,0.41000000000000003,0.44,0.0,0.0,0.56,367,1.5414e-05,1,3
5774,15,2130,C,2,A,0.51,0.34,0.51,0.0,0.49,0.0,367,1.5414e-05,0,2
5774,16,2301,B,1,B,0.6000000000000001,0.47000000000000003,0.4,0.6000000000000001,0.0,0.0,367,1.5414e-05,1,3
5774,17,2310,B,1,B,0.61,0.48,0.39,0.61,0.0,0.0,367,1.5414e-05,1,3
5774,18,3012,A,0,A,0.73,0.64,0.73,0.0,0.0,0.27,367,1.5414e-05,1,3
5774,19,3021,A,0,A,0.71,0.6000000000000001,0.71,0.0,0.29,0.0,367,1.5414e-05,1,3
5774,20,3102,A,0,A,0.73,0.64,0.73,0.0,0.0,0.27,367,1.5414e-05,1,3
5774,21,3120,A,0,A,0.67,0.56,0.67,0.0,0.33,0.0,367,1.5414e-05,1,3
5774,23,3210,A,0,A,0.61,0.47000000000000003,0.61,0.39,0.0,0.0,367,1.5414e-05,1,3
5774,22,3201,A,0,A,0.67,0.55,0.67,0.33,0.0,0.0,367,1.5414e-05,1,3
6467,0,0123,A,0,B,0.45,0.26,0.38,0.45,0.09,0.08,367,1.5414e-05,0,1
6467,1,0132,A,0,B,0.49,0.31,0.35000000000000003,0.49,0.09,0.07,367,1.5414e-05,0,1
5774,0,0123,D,3,D,0.6900000000000001,0.59,0.0,0.0,0.31,0.6900000000000001,367,1.5414e-05,1,3
5774,5,0321,B,1,B,0.74,0.65,0.0,0.74,0.26,0.0,367,1.5414e-05,1,3
6467,4,0312,A,0,B,0.4,0.19,0.35000000000000003,0.4,0.18,0.07,367,1.5414e-05,0,3
6467,3,0231,A,0,C,0.48,0.30000000000000004,0.26,0.06,0.48,0.2,367,1.5414e-05,0,3
6467,5,0321,A,0,A,0.34,0.12,0.34,0.28,0.1,0.28,367,1.5414e-05,1,0
6467,6,1023,B,1,B,0.49,0.31,0.28,0.49,0.13,0.1,367,1.5414e-05,1,0
6467,7,1032,B,1,B,0.54,0.38,0.25,0.54,0.1,0.11,367,1.5414e-05,1,0
6467,10,1302,C,2,C,0.61,0.47000000000000003,0.22,0.09,0.61,0.08,367,1.5414e-05,1,0
6467,9,1230,D,3,D,0.49,0.32,0.25,0.17,0.09,0.49,367,1.5414e-05,1,0
6467,12,2013,B,1,B,0.52,0.36,0.11,0.52,0.33,0.04,367,1.5414e-05,1,0
6467,11,1320,D,3,D,0.6000000000000001,0.48,0.2,0.09,0.11,0.6000000000000001,367,1.5414e-05,1,0
6467,8,1203,C,2,C,0.52,0.35000000000000003,0.21,0.17,0.52,0.1,367,1.5414e-05,1,0
6467,2,0213,A,0,C,0.61,0.48,0.27,0.06,0.61,0.06,367,1.5414e-05,0,1
6467,13,2031,B,1,B,0.44,0.25,0.12,0.44,0.23,0.21,367,1.5414e-05,1,0
6467,15,2130,D,3,D,0.41000000000000003,0.21,0.13,0.38,0.08,0.41000000000000003,367,1.5414e-05,1,0
6467,16,2301,C,2,C,0.4,0.19,0.11,0.25,0.4,0.24,367,1.5414e-05,1,0
6467,18,3012,B,1,B,0.61,0.48,0.2,0.61,0.11,0.08,367,1.5414e-05,1,0
6467,19,3021,B,1,B,0.5700000000000001,0.43,0.13,0.5700000000000001,0.1,0.2,367,1.5414e-05,1,0
6467,14,2103,C,2,B,0.47000000000000003,0.29,0.1,0.47000000000000003,0.38,0.05,367,1.5414e-05,0,1
6467,17,2310,D,3,D,0.39,0.18,0.13,0.30000000000000004,0.18,0.39,367,1.5414e-05,1,0
6467,20,3102,C,2,C,0.55,0.4,0.23,0.14,0.55,0.08,367,1.5414e-05,1,0
6467,21,3120,D,3,D,0.55,0.41000000000000003,0.16,0.14,0.15,0.55,367,1.5414e-05,1,0
6467,22,3201,C,2,C,0.64,0.51,0.11,0.05,0.64,0.2,367,1.5414e-05,1,0
6467,23,3210,D,3,D,0.52,0.36,0.21,0.09,0.18,0.52,367,1.5414e-05,1,0
3043,2,0213,D,3,A,0.87,0.8300000000000001,0.87,0.08,0.0,0.05,387,1.6254e-05,0,0
3043,1,0132,C,2,A,0.81,0.75,0.81,0.0,0.06,0.13,387,1.6254e-05,0,0
3043,0,0123,D,3,A,0.87,0.8300000000000001,0.87,0.0,0.06,0.07,387,1.6254e-05,0,0
3043,3,0231,C,2,A,0.81,0.75,0.81,0.1,0.09,0.0,387,1.6254e-05,0,0
3043,5,0321,B,1,A,0.79,0.72,0.79,0.08,0.13,0.0,387,1.6254e-05,0,0
3043,4,0312,B,1,A,0.8300000000000001,0.76,0.8300000000000001,0.07,0.0,0.1,387,1.6254e-05,0,0
3043,6,1023,D,3,B,0.6000000000000001,0.46,0.01,0.6000000000000001,0.25,0.14,387,1.6254e-05,0,0
3043,7,1032,C,2,B,0.65,0.54,0.01,0.65,0.1,0.24,387,1.6254e-05,0,0
3043,10,1302,B,1,D,0.55,0.4,0.01,0.35000000000000003,0.09,0.55,387,1.6254e-05,0,2
3043,8,1203,D,3,C,0.74,0.66,0.01,0.16,0.74,0.09,387,1.6254e-05,0,0
3043,11,1320,B,1,C,0.53,0.38,0.02,0.32,0.53,0.13,387,1.6254e-05,0,2
3043,9,1230,C,2,B,0.6000000000000001,0.46,0.02,0.6000000000000001,0.29,0.09,387,1.6254e-05,0,2
3043,13,2031,C,2,B,0.77,0.7000000000000001,0.16,0.77,0.07,0.0,387,1.6254e-05,0,0
3043,12,2013,D,3,B,0.72,0.62,0.23,0.72,0.0,0.05,387,1.6254e-05,0,0
3043,14,2103,D,3,C,0.61,0.47000000000000003,0.30000000000000004,0.0,0.61,0.09,387,1.6254e-05,0,0
3043,15,2130,C,2,A,0.68,0.5700000000000001,0.68,0.01,0.26,0.05,387,1.6254e-05,0,2
3043,16,2301,B,1,A,0.49,0.33,0.49,0.4,0.1,0.01,387,1.6254e-05,0,2
3043,19,3021,A,0,C,0.58,0.43,0.27,0.14,0.58,0.01,387,1.6254e-05,0,2
3043,17,2310,B,1,A,0.6000000000000001,0.45,0.6000000000000001,0.33,0.01,0.06,387,1.6254e-05,0,2
3043,18,3012,A,0,D,0.52,0.36,0.27,0.2,0.01,0.52,387,1.6254e-05,0,2
3043,20,3102,A,0,D,0.52,0.36,0.29,0.01,0.18,0.52,387,1.6254e-05,0,2
3043,21,3120,A,0,C,0.56,0.42,0.27,0.01,0.56,0.15,387,1.6254e-05,0,2
3043,22,3201,A,0,B,0.67,0.5700000000000001,0.22,0.67,0.1,0.01,387,1.6254e-05,0,2
3043,23,3210,A,0,B,0.71,0.62,0.18,0.71,0.01,0.1,387,1.6254e-05,0,2
6593,0,0123,A,0,A,1.0,0.99,1.0,0.0,0.0,0.0,366,1.5372e-05,1,0
6593,4,0312,A,0,A,0.99,0.99,0.99,0.01,0.0,0.0,366,1.5372e-05,1,0
6593,1,0132,A,0,A,0.99,0.99,0.99,0.0,0.01,0.0,366,1.5372e-05,1,0
6593,3,0231,A,0,A,1.0,1.0,1.0,0.0,0.0,0.0,366,1.5372e-05,1,0
6593,2,0213,A,0,A,1.0,1.0,1.0,0.0,0.0,0.0,366,1.5372e-05,1,0
6593,5,0321,A,0,A,1.0,0.99,1.0,0.0,0.0,0.0,366,1.5372e-05,1,0
6593,6,1023,B,1,B,1.0,0.99,0.0,1.0,0.0,0.0,366,1.5372e-05,1,0
6593,8,1203,C,2,C,0.99,0.98,0.0,0.0,0.99,0.01,366,1.5372e-05,1,0
6593,9,1230,D,3,D,0.99,0.99,0.0,0.0,0.01,0.99,366,1.5372e-05,1,0
6593,11,1320,D,3,D,0.99,0.98,0.0,0.01,0.0,0.99,366,1.5372e-05,1,0
6593,12,2013,B,1,B,0.99,0.99,0.0,0.99,0.0,0.01,366,1.5372e-05,1,0
6593,10,1302,C,2,C,0.99,0.99,0.0,0.01,0.99,0.0,366,1.5372e-05,1,0
6593,13,2031,B,1,B,0.99,0.99,0.0,0.99,0.01,0.0,366,1.5372e-05,1,0
6593,7,1032,B,1,B,0.99,0.99,0.0,0.99,0.01,0.0,366,1.5372e-05,1,0
6593,14,2103,C,2,C,0.99,0.99,0.0,0.0,0.99,0.01,366,1.5372e-05,1,0
6593,15,2130,D,3,D,0.99,0.99,0.0,0.0,0.01,0.99,366,1.5372e-05,1,0
6593,18,3012,B,1,B,0.99,0.99,0.01,0.99,0.0,0.0,366,1.5372e-05,1,0
6593,16,2301,C,2,C,1.0,0.99,0.0,0.0,1.0,0.0,366,1.5372e-05,1,0
6593,17,2310,D,3,D,1.0,1.0,0.0,0.0,0.0,1.0,366,1.5372e-05,1,0
6593,21,3120,D,3,D,0.99,0.99,0.01,0.0,0.0,0.99,366,1.5372e-05,1,0
6593,20,3102,C,2,C,0.99,0.99,0.01,0.0,0.99,0.0,366,1.5372e-05,1,0
6593,19,3021,B,1,B,0.99,0.99,0.01,0.99,0.0,0.0,366,1.5372e-05,1,0
6593,23,3210,D,3,D,0.99,0.99,0.01,0.0,0.0,0.99,366,1.5372e-05,1,0
6593,22,3201,C,2,C,0.99,0.99,0.01,0.0,0.99,0.0,366,1.5372e-05,1,0
8713,2,0213,C,2,C,0.93,0.9,0.06,0.01,0.93,0.0,364,1.5288e-05,1,1
8713,0,0123,B,1,B,0.96,0.9400000000000001,0.04,0.96,0.0,0.0,364,1.5288e-05,1,1
8713,4,0312,C,2,C,0.9500000000000001,0.92,0.05,0.0,0.9500000000000001,0.0,364,1.5288e-05,1,1
8713,5,0321,D,3,D,0.91,0.88,0.08,0.0,0.01,0.91,364,1.5288e-05,1,1
8713,1,0132,B,1,B,0.9500000000000001,0.93,0.05,0.9500000000000001,0.0,0.0,364,1.5288e-05,1,1
8713,3,0231,D,3,D,0.89,0.86,0.09,0.02,0.0,0.89,364,1.5288e-05,1,1
8713,6,1023,A,0,A,0.98,0.97,0.98,0.01,0.01,0.0,364,1.5288e-05,1,1
8713,7,1032,A,0,A,0.98,0.97,0.98,0.01,0.0,0.01,364,1.5288e-05,1,1
8713,8,1203,A,0,A,0.99,0.98,0.99,0.01,0.0,0.0,364,1.5288e-05,1,1
8713,9,1230,A,0,A,0.99,0.98,0.99,0.01,0.0,0.0,364,1.5288e-05,1,1
8713,11,1320,A,0,A,1.0,0.99,1.0,0.0,0.0,0.0,364,1.5288e-05,1,1
8713,14,2103,B,1,B,0.97,0.96,0.02,0.97,0.01,0.0,364,1.5288e-05,1,1
8713,10,1302,A,0,A,0.98,0.98,0.98,0.0,0.01,0.01,364,1.5288e-05,1,1
8713,12,2013,C,2,C,0.97,0.96,0.01,0.02,0.97,0.0,364,1.5288e-05,1,1
8713,13,2031,D,3,D,0.97,0.9500000000000001,0.01,0.02,0.0,0.97,364,1.5288e-05,1,1
8713,15,2130,B,1,B,0.9500000000000001,0.9400000000000001,0.03,0.9500000000000001,0.0,0.02,364,1.5288e-05,1,1
8713,16,2301,D,3,D,0.9500000000000001,0.9400000000000001,0.01,0.0,0.04,0.9500000000000001,364,1.5288e-05,1,1
8713,18,3012,C,2,C,0.98,0.97,0.0,0.02,0.98,0.0,364,1.5288e-05,1,1
8713,20,3102,B,1,B,0.98,0.97,0.0,0.98,0.01,0.01,364,1.5288e-05,1,1
8713,21,3120,B,1,B,0.98,0.98,0.0,0.98,0.01,0.01,364,1.5288e-05,1,1
8713,17,2310,C,2,C,0.99,0.98,0.01,0.0,0.99,0.0,364,1.5288e-05,1,1
8713,19,3021,D,3,D,0.9500000000000001,0.93,0.0,0.04,0.01,0.9500000000000001,364,1.5288e-05,1,1
8713,22,3201,D,3,D,0.98,0.97,0.0,0.0,0.02,0.98,364,1.5288e-05,1,1
9344,0,0123,D,3,D,1.0,1.0,0.0,0.0,0.0,1.0,386,1.6212e-05,1,3
8713,23,3210,C,2,C,0.99,0.98,0.0,0.01,0.99,0.0,364,1.5288e-05,1,1
9344,5,0321,B,1,B,1.0,1.0,0.0,1.0,0.0,0.0,386,1.6212e-05,1,3
9344,1,0132,C,2,C,1.0,1.0,0.0,0.0,1.0,0.0,386,1.6212e-05,1,3
9344,2,0213,D,3,D,1.0,1.0,0.0,0.0,0.0,1.0,386,1.6212e-05,1,3
9344,4,0312,B,1,B,1.0,1.0,0.0,1.0,0.0,0.0,386,1.6212e-05,1,3
9344,3,0231,C,2,C,1.0,1.0,0.0,0.0,1.0,0.0,386,1.6212e-05,1,3
9344,6,1023,D,3,D,1.0,1.0,0.0,0.0,0.0,1.0,386,1.6212e-05,1,3
9344,8,1203,D,3,D,1.0,1.0,0.0,0.0,0.0,1.0,386,1.6212e-05,1,3
9344,7,1032,C,2,C,1.0,1.0,0.0,0.0,1.0,0.0,386,1.6212e-05,1,3
9344,10,1302,B,1,B,1.0,1.0,0.0,1.0,0.0,0.0,386,1.6212e-05,1,3
9344,9,1230,C,2,C,1.0,1.0,0.0,0.0,1.0,0.0,386,1.6212e-05,1,3
9344,11,1320,B,1,B,1.0,1.0,0.0,1.0,0.0,0.0,386,1.6212e-05,1,3
9344,12,2013,D,3,D,1.0,1.0,0.0,0.0,0.0,1.0,386,1.6212e-05,1,3
9344,13,2031,C,2,C,1.0,1.0,0.0,0.0,1.0,0.0,386,1.6212e-05,1,3
9344,14,2103,D,3,D,1.0,1.0,0.0,0.0,0.0,1.0,386,1.6212e-05,1,3
9344,18,3012,A,0,A,1.0,1.0,1.0,0.0,0.0,0.0,386,1.6212e-05,1,3
9344,17,2310,B,1,B,1.0,1.0,0.0,1.0,0.0,0.0,386,1.6212e-05,1,3
9344,19,3021,A,0,A,1.0,1.0,1.0,0.0,0.0,0.0,386,1.6212e-05,1,3
9344,16,2301,B,1,B,1.0,1.0,0.0,1.0,0.0,0.0,386,1.6212e-05,1,3
9344,15,2130,C,2,C,1.0,1.0,0.0,0.0,1.0,0.0,386,1.6212e-05,1,3
9344,20,3102,A,0,A,1.0,1.0,1.0,0.0,0.0,0.0,386,1.6212e-05,1,3
9344,21,3120,A,0,A,1.0,1.0,1.0,0.0,0.0,0.0,386,1.6212e-05,1,3
9344,22,3201,A,0,A,1.0,1.0,1.0,0.0,0.0,0.0,386,1.6212e-05,1,3
5841,0,0123,C,2,C,1.0,1.0,0.0,0.0,1.0,0.0,379,1.5918000000000002e-05,1,2
5841,3,0231,B,1,B,1.0,1.0,0.0,1.0,0.0,0.0,379,1.5918000000000002e-05,1,2
5841,2,0213,B,1,B,1.0,1.0,0.0,1.0,0.0,0.0,379,1.5918000000000002e-05,1,2
5841,4,0312,D,3,D,1.0,1.0,0.0,0.0,0.0,1.0,379,1.5918000000000002e-05,1,2
5841,1,0132,D,3,D,1.0,1.0,0.0,0.0,0.0,1.0,379,1.5918000000000002e-05,1,2
9344,23,3210,A,0,A,1.0,1.0,1.0,0.0,0.0,0.0,386,1.6212e-05,1,3
5841,5,0321,C,2,C,1.0,1.0,0.0,0.0,1.0,0.0,379,1.5918000000000002e-05,1,2
5841,6,1023,C,2,C,1.0,1.0,0.0,0.0,1.0,0.0,379,1.5918000000000002e-05,1,2
5841,7,1032,D,3,D,1.0,1.0,0.0,0.0,0.0,1.0,379,1.5918000000000002e-05,1,2
5841,8,1203,B,1,B,1.0,1.0,0.0,1.0,0.0,0.0,379,1.5918000000000002e-05,1,2
5841,9,1230,B,1,B,1.0,1.0,0.0,1.0,0.0,0.0,379,1.5918000000000002e-05,1,2
5841,10,1302,D,3,D,1.0,1.0,0.0,0.0,0.0,1.0,379,1.5918000000000002e-05,1,2
5841,12,2013,A,0,A,1.0,1.0,1.0,0.0,0.0,0.0,379,1.5918000000000002e-05,1,2
5841,11,1320,C,2,C,1.0,1.0,0.0,0.0,1.0,0.0,379,1.5918000000000002e-05,1,2
5841,13,2031,A,0,A,1.0,1.0,1.0,0.0,0.0,0.0,379,1.5918000000000002e-05,1,2
5841,14,2103,A,0,A,1.0,1.0,1.0,0.0,0.0,0.0,379,1.5918000000000002e-05,1,2
5841,15,2130,A,0,A,1.0,1.0,1.0,0.0,0.0,0.0,379,1.5918000000000002e-05,1,2
5841,17,2310,A,0,A,1.0,1.0,1.0,0.0,0.0,0.0,379,1.5918000000000002e-05,1,2
5841,16,2301,A,0,A,1.0,1.0,1.0,0.0,0.0,0.0,379,1.5918000000000002e-05,1,2
5841,18,3012,D,3,D,1.0,1.0,0.0,0.0,0.0,1.0,379,1.5918000000000002e-05,1,2
5841,21,3120,C,2,C,1.0,1.0,0.0,0.0,1.0,0.0,379,1.5918000000000002e-05,1,2
5841,20,3102,D,3,D,1.0,1.0,0.0,0.0,0.0,1.0,379,1.5918000000000002e-05,1,2
5841,19,3021,C,2,C,1.0,1.0,0.0,0.0,1.0,0.0,379,1.5918000000000002e-05,1,2
5841,22,3201,B,1,B,1.0,1.0,0.0,1.0,0.0,0.0,379,1.5918000000000002e-05,1,2
5841,23,3210,B,1,B,1.0,1.0,0.0,1.0,0.0,0.0,379,1.5918000000000002e-05,1,2
3167,1,0132,A,0,A,1.0,1.0,1.0,0.0,0.0,0.0,388,1.6296e-05,1,0
3167,3,0231,A,0,A,1.0,1.0,1.0,0.0,0.0,0.0,388,1.6296e-05,1,0
3167,0,0123,A,0,A,1.0,1.0,1.0,0.0,0.0,0.0,388,1.6296e-05,1,0
3167,2,0213,A,0,A,1.0,1.0,1.0,0.0,0.0,0.0,388,1.6296e-05,1,0
3167,4,0312,A,0,A,1.0,1.0,1.0,0.0,0.0,0.0,388,1.6296e-05,1,0
3167,5,0321,A,0,A,1.0,1.0,1.0,0.0,0.0,0.0,388,1.6296e-05,1,0
3167,6,1023,B,1,B,1.0,1.0,0.0,1.0,0.0,0.0,388,1.6296e-05,1,0
3167,7,1032,B,1,B,1.0,1.0,0.0,1.0,0.0,0.0,388,1.6296e-05,1,0
3167,8,1203,C,2,C,1.0,1.0,0.0,0.0,1.0,0.0,388,1.6296e-05,1,0
3167,10,1302,C,2,C,1.0,1.0,0.0,0.0,1.0,0.0,388,1.6296e-05,1,0
3167,12,2013,B,1,B,1.0,1.0,0.0,1.0,0.0,0.0,388,1.6296e-05,1,0
3167,11,1320,D,3,D,1.0,1.0,0.0,0.0,0.0,1.0,388,1.6296e-05,1,0
3167,9,1230,D,3,D,1.0,1.0,0.0,0.0,0.0,1.0,388,1.6296e-05,1,0
3167,13,2031,B,1,B,1.0,1.0,0.0,1.0,0.0,0.0,388,1.6296e-05,1,0
3167,14,2103,C,2,C,1.0,1.0,0.0,0.0,1.0,0.0,388,1.6296e-05,1,0
3167,15,2130,D,3,D,1.0,1.0,0.0,0.0,0.0,1.0,388,1.6296e-05,1,0
3167,21,3120,D,3,D,1.0,1.0,0.0,0.0,0.0,1.0,388,1.6296e-05,1,0
3167,17,2310,D,3,D,1.0,1.0,0.0,0.0,0.0,1.0,388,1.6296e-05,1,0
3167,16,2301,C,2,C,1.0,1.0,0.0,0.0,1.0,0.0,388,1.6296e-05,1,0
3167,20,3102,C,2,C,1.0,1.0,0.0,0.0,1.0,0.0,388,1.6296e-05,1,0
3167,19,3021,B,1,B,1.0,1.0,0.0,1.0,0.0,0.0,388,1.6296e-05,1,0
3167,18,3012,B,1,B,1.0,1.0,0.0,1.0,0.0,0.0,388,1.6296e-05,1,0
3167,22,3201,C,2,C,1.0,1.0,0.0,0.0,1.0,0.0,388,1.6296e-05,1,0
3167,23,3210,D,3,D,1.0,1.0,0.0,0.0,0.0,1.0,388,1.6296e-05,1,0
4753,1,0132,A,0,A,0.97,0.96,0.97,0.01,0.02,0.0,380,1.5960000000000003e-05,1,0
4753,2,0213,A,0,A,0.93,0.9,0.93,0.0,0.02,0.05,380,1.5960000000000003e-05,1,0
4753,0,0123,A,0,A,0.93,0.9,0.93,0.02,0.0,0.05,380,1.5960000000000003e-05,1,0
4753,6,1023,B,1,B,0.9400000000000001,0.92,0.01,0.9400000000000001,0.0,0.05,380,1.5960000000000003e-05,1,0
4753,7,1032,B,1,B,0.97,0.96,0.01,0.97,0.02,0.0,380,1.5960000000000003e-05,1,0
4753,4,0312,A,0,A,0.97,0.9500000000000001,0.97,0.03,0.0,0.0,380,1.5960000000000003e-05,1,0
4753,3,0231,A,0,A,0.9400000000000001,0.92,0.9400000000000001,0.0,0.05,0.01,380,1.5960000000000003e-05,1,0
4753,5,0321,A,0,A,0.96,0.96,0.96,0.03,0.0,0.01,380,1.5960000000000003e-05,1,0
4753,10,1302,C,2,C,0.85,0.81,0.01,0.14,0.85,0.0,380,1.5960000000000003e-05,1,0
4753,8,1203,C,2,C,0.93,0.91,0.01,0.0,0.93,0.06,380,1.5960000000000003e-05,1,0
4753,9,1230,D,3,D,0.84,0.78,0.02,0.0,0.14,0.84,380,1.5960000000000003e-05,1,0
4753,12,2013,B,1,B,0.8300000000000001,0.77,0.0,0.8300000000000001,0.08,0.09,380,1.5960000000000003e-05,1,0
4753,11,1320,D,3,D,0.81,0.75,0.01,0.18,0.0,0.81,380,1.5960000000000003e-05,1,0
4753,14,2103,C,2,C,0.87,0.8200000000000001,0.0,0.04,0.87,0.09,380,1.5960000000000003e-05,1,0
4753,13,2031,B,1,B,0.9,0.86,0.0,0.9,0.07,0.03,380,1.5960000000000003e-05,1,0
4753,15,2130,D,3,D,0.87,0.8200000000000001,0.0,0.02,0.11,0.87,380,1.5960000000000003e-05,1,0
4753,16,2301,C,2,C,0.7000000000000001,0.61,0.0,0.27,0.7000000000000001,0.03,380,1.5960000000000003e-05,1,0
4753,17,2310,D,3,D,0.77,0.68,0.0,0.23,0.0,0.77,380,1.5960000000000003e-05,1,0
4753,18,3012,B,1,B,0.96,0.9400000000000001,0.04,0.96,0.0,0.0,380,1.5960000000000003e-05,1,0
4753,19,3021,B,1,B,0.9500000000000001,0.93,0.04,0.9500000000000001,0.0,0.01,380,1.5960000000000003e-05,1,0
4753,20,3102,C,2,C,0.96,0.9500000000000001,0.04,0.0,0.96,0.0,380,1.5960000000000003e-05,1,0
4753,21,3120,D,3,D,0.93,0.9,0.07,0.0,0.0,0.93,380,1.5960000000000003e-05,1,0
4753,22,3201,C,2,C,0.88,0.8300000000000001,0.1,0.0,0.88,0.02,380,1.5960000000000003e-05,1,0
7279,0,0123,A,0,B,0.59,0.45,0.39,0.59,0.0,0.02,362,1.5204e-05,0,1
4753,23,3210,D,3,D,0.93,0.91,0.06,0.0,0.01,0.93,380,1.5960000000000003e-05,1,0
7279,3,0231,A,0,A,0.56,0.41000000000000003,0.56,0.0,0.02,0.42,362,1.5204e-05,1,0
7279,1,0132,A,0,B,0.64,0.52,0.34,0.64,0.02,0.0,362,1.5204e-05,0,1
7279,2,0213,A,0,A,0.6000000000000001,0.47000000000000003,0.6000000000000001,0.0,0.34,0.06,362,1.5204e-05,1,0
7279,4,0312,A,0,A,0.51,0.35000000000000003,0.51,0.02,0.47000000000000003,0.0,362,1.5204e-05,1,0
7279,6,1023,B,1,A,0.52,0.36,0.52,0.45,0.0,0.03,362,1.5204e-05,0,1
7279,5,0321,A,0,A,0.61,0.48,0.61,0.04,0.0,0.35000000000000003,362,1.5204e-05,1,0
7279,7,1032,B,1,A,0.5,0.33,0.5,0.46,0.04,0.0,362,1.5204e-05,0,1
7279,8,1203,C,2,A,0.5700000000000001,0.43,0.5700000000000001,0.0,0.38,0.05,362,1.5204e-05,0,1
7279,9,1230,D,3,A,0.56,0.41000000000000003,0.56,0.0,0.04,0.4,362,1.5204e-05,0,1
7279,10,1302,C,2,A,0.52,0.37,0.52,0.04,0.44,0.0,362,1.5204e-05,0,1
7279,11,1320,D,3,A,0.64,0.51,0.64,0.07,0.0,0.29,362,1.5204e-05,0,1
7279,12,2013,B,1,C,0.62,0.49,0.0,0.34,0.62,0.04,362,1.5204e-05,0,1
7279,13,2031,B,1,D,0.5700000000000001,0.42,0.0,0.39,0.04,0.5700000000000001,362,1.5204e-05,0,1
7279,15,2130,D,3,B,0.52,0.36,0.0,0.52,0.04,0.44,362,1.5204e-05,0,1
7279,16,2301,C,2,D,0.62,0.48,0.0,0.01,0.37,0.62,362,1.5204e-05,0,1
7279,14,2103,C,2,B,0.53,0.37,0.0,0.53,0.43,0.04,362,1.5204e-05,0,1
7279,17,2310,D,3,C,0.58,0.43,0.0,0.02,0.58,0.4,362,1.5204e-05,0,1
7279,18,3012,B,1,C,0.52,0.36,0.01,0.47000000000000003,0.52,0.0,362,1.5204e-05,0,1
7279,19,3021,B,1,B,0.54,0.38,0.04,0.54,0.0,0.42,362,1.5204e-05,1,0
7279,20,3102,C,2,B,0.6000000000000001,0.46,0.02,0.6000000000000001,0.38,0.0,362,1.5204e-05,0,1
7279,21,3120,D,3,B,0.53,0.38,0.07,0.53,0.0,0.4,362,1.5204e-05,0,1
9444,1,0132,C,2,B,0.98,0.97,0.01,0.98,0.0,0.01,379,1.5918000000000002e-05,0,1
7279,23,3210,D,3,D,0.51,0.34,0.02,0.0,0.47000000000000003,0.51,362,1.5204e-05,1,0
9444,0,0123,D,3,B,0.97,0.96,0.01,0.97,0.02,0.0,379,1.5918000000000002e-05,0,1
7279,22,3201,C,2,D,0.61,0.47000000000000003,0.02,0.0,0.37,0.61,362,1.5204e-05,0,1
9444,3,0231,C,2,D,0.98,0.97,0.0,0.02,0.0,0.98,379,1.5918000000000002e-05,0,1
9444,4,0312,B,1,C,0.99,0.97,0.0,0.0,0.99,0.01,379,1.5918000000000002e-05,0,1
9444,5,0321,B,1,D,0.97,0.97,0.0,0.01,0.02,0.97,379,1.5918000000000002e-05,0,1
9444,2,0213,D,3,C,0.98,0.96,0.0,0.02,0.98,0.0,379,1.5918000000000002e-05,0,1
9444,6,1023,D,3,A,0.98,0.96,0.98,0.0,0.02,0.0,379,1.5918000000000002e-05,0,1
9444,7,1032,C,2,A,0.99,0.98,0.99,0.0,0.0,0.01,379,1.5918000000000002e-05,0,1
9444,9,1230,C,2,A,0.98,0.97,0.98,0.02,0.0,0.0,379,1.5918000000000002e-05,0,1
9444,8,1203,D,3,A,0.97,0.9500000000000001,0.97,0.03,0.0,0.0,379,1.5918000000000002e-05,0,1
9444,11,1320,B,1,A,0.97,0.97,0.97,0.01,0.02,0.0,379,1.5918000000000002e-05,0,1
9444,10,1302,B,1,A,0.99,0.98,0.99,0.0,0.0,0.01,379,1.5918000000000002e-05,0,1
9444,12,2013,D,3,C,0.97,0.9500000000000001,0.03,0.0,0.97,0.0,379,1.5918000000000002e-05,0,1
9444,13,2031,C,2,D,0.99,0.98,0.01,0.0,0.0,0.99,379,1.5918000000000002e-05,0,1
9444,15,2130,C,2,B,0.98,0.96,0.02,0.98,0.0,0.0,379,1.5918000000000002e-05,0,1
9444,14,2103,D,3,B,0.98,0.96,0.02,0.98,0.0,0.0,379,1.5918000000000002e-05,0,1
9444,16,2301,B,1,D,0.98,0.96,0.02,0.0,0.0,0.98,379,1.5918000000000002e-05,0,1
9444,17,2310,B,1,C,0.98,0.97,0.02,0.0,0.98,0.0,379,1.5918000000000002e-05,0,1
9444,18,3012,A,0,C,0.98,0.97,0.01,0.0,0.98,0.01,379,1.5918000000000002e-05,0,1
9444,19,3021,A,0,D,0.98,0.97,0.01,0.0,0.01,0.98,379,1.5918000000000002e-05,0,1
9444,21,3120,A,0,B,0.98,0.97,0.01,0.98,0.01,0.0,379,1.5918000000000002e-05,0,1
9444,20,3102,A,0,B,0.98,0.97,0.01,0.98,0.0,0.01,379,1.5918000000000002e-05,0,1
9444,23,3210,A,0,C,0.98,0.97,0.01,0.01,0.98,0.0,379,1.5918000000000002e-05,0,1
9444,22,3201,A,0,D,0.98,0.97,0.01,0.01,0.0,0.98,379,1.5918000000000002e-05,0,1
6604,0,0123,B,1,B,0.91,0.88,0.01,0.91,0.06,0.02,371,1.5582e-05,1,1
6604,1,0132,B,1,B,0.93,0.89,0.01,0.93,0.03,0.03,371,1.5582e-05,1,1
6604,3,0231,D,3,D,0.96,0.9500000000000001,0.01,0.01,0.02,0.96,371,1.5582e-05,1,1
6604,4,0312,C,2,C,0.93,0.9,0.01,0.04,0.93,0.02,371,1.5582e-05,1,1
6604,2,0213,C,2,C,0.9500000000000001,0.93,0.01,0.02,0.9500000000000001,0.02,371,1.5582e-05,1,1
6604,7,1032,A,0,A,0.93,0.9,0.93,0.0,0.04,0.03,371,1.5582e-05,1,1
6604,6,1023,A,0,A,0.92,0.88,0.92,0.0,0.05,0.03,371,1.5582e-05,1,1
6604,5,0321,D,3,D,0.9400000000000001,0.92,0.01,0.03,0.02,0.9400000000000001,371,1.5582e-05,1,1
6604,8,1203,A,0,A,0.91,0.88,0.91,0.07,0.0,0.02,371,1.5582e-05,1,1
6604,11,1320,A,0,A,0.93,0.89,0.93,0.03,0.04,0.0,371,1.5582e-05,1,1
6604,10,1302,A,0,A,0.9400000000000001,0.93,0.9400000000000001,0.03,0.01,0.02,371,1.5582e-05,1,1
6604,13,2031,D,3,D,0.9400000000000001,0.93,0.02,0.01,0.03,0.9400000000000001,371,1.5582e-05,1,1
6604,12,2013,C,2,C,0.96,0.9400000000000001,0.01,0.01,0.96,0.02,371,1.5582e-05,1,1
6604,9,1230,A,0,A,0.9400000000000001,0.92,0.9400000000000001,0.04,0.02,0.0,371,1.5582e-05,1,1
6604,14,2103,B,1,B,0.93,0.91,0.02,0.93,0.0,0.04,371,1.5582e-05,1,1
6604,15,2130,B,1,B,0.93,0.91,0.02,0.93,0.05,0.0,371,1.5582e-05,1,1
6604,16,2301,D,3,D,0.9500000000000001,0.93,0.01,0.03,0.01,0.9500000000000001,371,1.5582e-05,1,1
6604,18,3012,C,2,C,0.93,0.91,0.03,0.01,0.93,0.03,371,1.5582e-05,1,1
6604,17,2310,C,2,C,0.9400000000000001,0.92,0.03,0.03,0.9400000000000001,0.0,371,1.5582e-05,1,1
6604,19,3021,D,3,D,0.92,0.89,0.05,0.01,0.02,0.92,371,1.5582e-05,1,1
6604,21,3120,B,1,B,0.9400000000000001,0.91,0.03,0.9400000000000001,0.03,0.0,371,1.5582e-05,1,1
6604,20,3102,B,1,B,0.93,0.91,0.04,0.93,0.01,0.02,371,1.5582e-05,1,1
6604,22,3201,D,3,D,0.93,0.9,0.03,0.03,0.01,0.93,371,1.5582e-05,1,1
6604,23,3210,C,2,C,0.91,0.87,0.05,0.04,0.91,0.0,371,1.5582e-05,1,1
641,0,0123,B,1,B,0.81,0.74,0.0,0.81,0.0,0.19,392,1.6464000000000004e-05,1,1
641,1,0132,B,1,B,0.9,0.86,0.0,0.9,0.1,0.0,392,1.6464000000000004e-05,1,1
641,2,0213,C,2,C,0.84,0.78,0.0,0.0,0.84,0.16,392,1.6464000000000004e-05,1,1
641,3,0231,D,3,D,0.9400000000000001,0.92,0.0,0.0,0.06,0.9400000000000001,392,1.6464000000000004e-05,1,1
641,5,0321,D,3,D,0.98,0.97,0.0,0.02,0.0,0.98,392,1.6464000000000004e-05,1,1
641,6,1023,A,0,A,0.9,0.86,0.9,0.0,0.0,0.1,392,1.6464000000000004e-05,1,1
641,4,0312,C,2,C,0.98,0.97,0.0,0.02,0.98,0.0,392,1.6464000000000004e-05,1,1
641,8,1203,A,0,A,0.91,0.88,0.91,0.0,0.0,0.09,392,1.6464000000000004e-05,1,1
641,9,1230,A,0,A,0.93,0.91,0.93,0.0,0.07,0.0,392,1.6464000000000004e-05,1,1
641,10,1302,A,0,A,0.81,0.75,0.81,0.19,0.0,0.0,392,1.6464000000000004e-05,1,1
641,7,1032,A,0,A,0.9500000000000001,0.9400000000000001,0.9500000000000001,0.0,0.05,0.0,392,1.6464000000000004e-05,1,1
641,11,1320,A,0,A,0.85,0.79,0.85,0.15,0.0,0.0,392,1.6464000000000004e-05,1,1
641,12,2013,C,2,C,0.85,0.79,0.0,0.0,0.85,0.15,392,1.6464000000000004e-05,1,1
641,14,2103,B,1,B,0.91,0.87,0.0,0.91,0.0,0.09,392,1.6464000000000004e-05,1,1
641,13,2031,D,3,D,0.98,0.97,0.0,0.0,0.02,0.98,392,1.6464000000000004e-05,1,1
641,18,3012,C,2,C,0.9400000000000001,0.92,0.06,0.0,0.9400000000000001,0.0,392,1.6464000000000004e-05,1,1
641,16,2301,D,3,D,0.92,0.89,0.0,0.08,0.0,0.92,392,1.6464000000000004e-05,1,1
641,15,2130,B,1,B,0.9,0.87,0.0,0.9,0.1,0.0,392,1.6464000000000004e-05,1,1
641,17,2310,C,2,C,0.9500000000000001,0.9400000000000001,0.0,0.05,0.9500000000000001,0.0,392,1.6464000000000004e-05,1,1
641,19,3021,D,3,D,0.9,0.86,0.1,0.0,0.0,0.9,392,1.6464000000000004e-05,1,1
641,20,3102,B,1,B,0.97,0.96,0.03,0.97,0.0,0.0,392,1.6464000000000004e-05,1,1
641,23,3210,C,2,C,0.92,0.9,0.08,0.0,0.92,0.0,392,1.6464000000000004e-05,1,1
641,21,3120,B,1,B,0.96,0.9400000000000001,0.04,0.96,0.0,0.0,392,1.6464000000000004e-05,1,1
6941,1,0132,D,3,D,0.62,0.49,0.03,0.34,0.01,0.62,374,1.5708e-05,1,2
641,22,3201,D,3,D,0.91,0.87,0.09,0.0,0.0,0.91,392,1.6464000000000004e-05,1,1
6941,0,0123,C,2,C,0.59,0.47000000000000003,0.04,0.36,0.59,0.01,374,1.5708e-05,1,2
6941,2,0213,B,1,B,0.54,0.39,0.04,0.54,0.4,0.01,374,1.5708e-05,1,2
6941,3,0231,B,1,B,0.58,0.45,0.05,0.58,0.01,0.36,374,1.5708e-05,1,2
6941,6,1023,C,2,A,0.63,0.5,0.63,0.01,0.36,0.0,374,1.5708e-05,0,1
6941,4,0312,D,3,D,0.54,0.39,0.02,0.01,0.43,0.54,374,1.5708e-05,1,2
6941,8,1203,B,1,A,0.54,0.38,0.54,0.45,0.01,0.0,374,1.5708e-05,0,1
6941,5,0321,C,2,C,0.62,0.49,0.04,0.01,0.62,0.33,374,1.5708e-05,1,2
6941,9,1230,B,1,A,0.56,0.41000000000000003,0.56,0.43,0.0,0.01,374,1.5708e-05,0,1
6941,7,1032,D,3,A,0.65,0.52,0.65,0.01,0.0,0.34,374,1.5708e-05,0,1
6941,10,1302,D,3,A,0.66,0.54,0.66,0.0,0.01,0.33,374,1.5708e-05,0,1
6941,11,1320,C,2,A,0.63,0.5,0.63,0.0,0.36,0.01,374,1.5708e-05,0,1
6941,12,2013,A,0,A,0.61,0.49,0.61,0.02,0.36,0.01,374,1.5708e-05,1,2
6941,16,2301,A,0,A,0.65,0.55,0.65,0.01,0.02,0.32,374,1.5708e-05,1,2
6941,18,3012,D,3,D,0.5,0.34,0.02,0.01,0.47000000000000003,0.5,374,1.5708e-05,1,2
6941,15,2130,A,0,B,0.52,0.36,0.46,0.52,0.01,0.01,374,1.5708e-05,0,1
6941,14,2103,A,0,B,0.59,0.47000000000000003,0.38,0.59,0.02,0.01,374,1.5708e-05,0,1
6941,13,2031,A,0,A,0.6900000000000001,0.59,0.6900000000000001,0.02,0.01,0.28,374,1.5708e-05,1,2
6941,19,3021,C,2,C,0.64,0.52,0.02,0.03,0.64,0.31,374,1.5708e-05,1,2
6941,17,2310,A,0,C,0.51,0.34,0.47000000000000003,0.0,0.51,0.02,374,1.5708e-05,0,1
6941,21,3120,C,2,B,0.52,0.36,0.01,0.52,0.46,0.01,374,1.5708e-05,0,1
6941,22,3201,B,1,B,0.64,0.52,0.02,0.64,0.02,0.32,374,1.5708e-05,1,2
6941,20,3102,D,3,B,0.59,0.45,0.01,0.59,0.01,0.39,374,1.5708e-05,0,1
10330,0,0123,A,0,A,0.98,0.96,0.98,0.0,0.01,0.01,376,1.5792000000000004e-05,1,0
10330,1,0132,A,0,A,0.98,0.97,0.98,0.0,0.01,0.01,376,1.5792000000000004e-05,1,0
6941,23,3210,B,1,B,0.49,0.33,0.02,0.49,0.47000000000000003,0.02,374,1.5708e-05,1,2
10330,3,0231,A,0,A,0.9400000000000001,0.92,0.9400000000000001,0.04,0.02,0.0,376,1.5792000000000004e-05,1,0
10330,2,0213,A,0,A,0.9500000000000001,0.93,0.9500000000000001,0.03,0.0,0.02,376,1.5792000000000004e-05,1,0
10330,4,0312,A,0,A,0.98,0.97,0.98,0.01,0.0,0.01,376,1.5792000000000004e-05,1,0
10330,7,1032,B,1,B,0.97,0.96,0.01,0.97,0.01,0.01,376,1.5792000000000004e-05,1,0
10330,6,1023,B,1,B,0.96,0.9500000000000001,0.01,0.96,0.02,0.01,376,1.5792000000000004e-05,1,0
10330,9,1230,D,3,D,0.9500000000000001,0.93,0.0,0.03,0.02,0.9500000000000001,376,1.5792000000000004e-05,1,0
10330,5,0321,A,0,A,0.98,0.98,0.98,0.01,0.01,0.0,376,1.5792000000000004e-05,1,0
10330,8,1203,C,2,C,0.97,0.9500000000000001,0.0,0.02,0.97,0.01,376,1.5792000000000004e-05,1,0
10330,10,1302,C,2,C,0.97,0.9400000000000001,0.0,0.02,0.97,0.01,376,1.5792000000000004e-05,1,0
10330,11,1320,D,3,D,0.93,0.91,0.01,0.05,0.01,0.93,376,1.5792000000000004e-05,1,0
10330,12,2013,B,1,B,0.91,0.88,0.07,0.91,0.0,0.02,376,1.5792000000000004e-05,1,0
10330,13,2031,B,1,B,0.93,0.9,0.05,0.93,0.02,0.0,376,1.5792000000000004e-05,1,0
10330,14,2103,C,2,C,0.93,0.91,0.06,0.0,0.93,0.01,376,1.5792000000000004e-05,1,0
10330,16,2301,C,2,C,0.93,0.91,0.04,0.02,0.93,0.0,376,1.5792000000000004e-05,1,0
10330,18,3012,B,1,B,0.96,0.9500000000000001,0.02,0.96,0.0,0.02,376,1.5792000000000004e-05,1,0
10330,17,2310,D,3,D,0.88,0.8300000000000001,0.08,0.04,0.0,0.88,376,1.5792000000000004e-05,1,0
10330,15,2130,D,3,D,0.91,0.88,0.07,0.0,0.02,0.91,376,1.5792000000000004e-05,1,0
10330,20,3102,C,2,C,0.96,0.9500000000000001,0.02,0.0,0.96,0.02,376,1.5792000000000004e-05,1,0
10330,19,3021,B,1,B,0.97,0.96,0.02,0.97,0.01,0.0,376,1.5792000000000004e-05,1,0
10330,21,3120,D,3,D,0.9500000000000001,0.93,0.03,0.0,0.02,0.9500000000000001,376,1.5792000000000004e-05,1,0
10330,23,3210,D,3,D,0.9400000000000001,0.91,0.04,0.02,0.0,0.9400000000000001,376,1.5792000000000004e-05,1,0
10330,22,3201,C,2,C,0.9500000000000001,0.9400000000000001,0.03,0.02,0.9500000000000001,0.0,376,1.5792000000000004e-05,1,0
2452,3,0231,A,0,A,0.7000000000000001,0.59,0.7000000000000001,0.29,0.0,0.01,380,1.5960000000000003e-05,1,0
2452,0,0123,A,0,A,0.84,0.79,0.84,0.04,0.12,0.0,380,1.5960000000000003e-05,1,0
2452,1,0132,A,0,A,0.91,0.88,0.91,0.03,0.0,0.06,380,1.5960000000000003e-05,1,0
2452,2,0213,A,0,A,0.72,0.62,0.72,0.26,0.02,0.0,380,1.5960000000000003e-05,1,0
2452,4,0312,A,0,A,0.9,0.86,0.9,0.0,0.03,0.07,380,1.5960000000000003e-05,1,0
2452,6,1023,B,1,B,0.89,0.84,0.03,0.89,0.08,0.0,380,1.5960000000000003e-05,1,0
2452,7,1032,B,1,B,0.91,0.88,0.03,0.91,0.0,0.06,380,1.5960000000000003e-05,1,0
2452,5,0321,A,0,A,0.78,0.71,0.78,0.0,0.2,0.02,380,1.5960000000000003e-05,1,0
2452,9,1230,D,3,D,0.93,0.91,0.04,0.03,0.0,0.93,380,1.5960000000000003e-05,1,0
2452,10,1302,C,2,C,0.93,0.91,0.03,0.0,0.93,0.04,380,1.5960000000000003e-05,1,0
2452,8,1203,C,2,C,0.93,0.89,0.04,0.03,0.93,0.0,380,1.5960000000000003e-05,1,0
2452,13,2031,B,1,B,0.9,0.88,0.06,0.9,0.0,0.04,380,1.5960000000000003e-05,1,0
2452,14,2103,C,2,C,0.96,0.9400000000000001,0.02,0.02,0.96,0.0,380,1.5960000000000003e-05,1,0
2452,15,2130,D,3,D,0.93,0.91,0.04,0.03,0.0,0.93,380,1.5960000000000003e-05,1,0
2452,11,1320,D,3,D,0.9400000000000001,0.91,0.03,0.0,0.03,0.9400000000000001,380,1.5960000000000003e-05,1,0
2452,17,2310,D,3,D,0.9400000000000001,0.93,0.03,0.0,0.03,0.9400000000000001,380,1.5960000000000003e-05,1,0
2452,16,2301,C,2,C,0.93,0.91,0.04,0.0,0.93,0.03,380,1.5960000000000003e-05,1,0
2452,12,2013,B,1,B,0.92,0.89,0.04,0.92,0.04,0.0,380,1.5960000000000003e-05,1,0
2452,19,3021,B,1,B,0.86,0.8200000000000001,0.0,0.86,0.12,0.02,380,1.5960000000000003e-05,1,0
2452,18,3012,B,1,B,0.92,0.89,0.0,0.92,0.02,0.06,380,1.5960000000000003e-05,1,0
2452,20,3102,C,2,C,0.9400000000000001,0.93,0.0,0.02,0.9400000000000001,0.04,380,1.5960000000000003e-05,1,0
2452,23,3210,D,3,D,0.96,0.9500000000000001,0.0,0.02,0.02,0.96,380,1.5960000000000003e-05,1,0
2452,22,3201,C,2,C,0.97,0.96,0.0,0.02,0.97,0.01,380,1.5960000000000003e-05,1,0
2452,21,3120,D,3,D,0.9500000000000001,0.93,0.0,0.03,0.02,0.9500000000000001,380,1.5960000000000003e-05,1,0
9815,0,0123,A,0,C,0.93,0.91,0.07,0.0,0.93,0.0,386,1.6212e-05,0,2
9815,3,0231,A,0,B,0.9400000000000001,0.91,0.06,0.9400000000000001,0.0,0.0,386,1.6212e-05,0,2
9815,2,0213,A,0,B,0.9400000000000001,0.92,0.06,0.9400000000000001,0.0,0.0,386,1.6212e-05,0,2
9815,1,0132,A,0,D,0.92,0.9,0.08,0.0,0.0,0.92,386,1.6212e-05,0,2
9815,5,0321,A,0,C,0.9500000000000001,0.93,0.05,0.0,0.9500000000000001,0.0,386,1.6212e-05,0,2
9815,4,0312,A,0,D,0.9400000000000001,0.92,0.06,0.0,0.0,0.9400000000000001,386,1.6212e-05,0,2
9815,7,1032,B,1,D,0.96,0.9500000000000001,0.0,0.04,0.0,0.96,386,1.6212e-05,0,2
9815,6,1023,B,1,C,0.9500000000000001,0.93,0.0,0.05,0.9500000000000001,0.0,386,1.6212e-05,0,2
9815,10,1302,C,2,D,0.9400000000000001,0.92,0.0,0.0,0.06,0.9400000000000001,386,1.6212e-05,0,2
9815,8,1203,C,2,B,0.9500000000000001,0.93,0.0,0.9500000000000001,0.05,0.0,386,1.6212e-05,0,2
9815,11,1320,D,3,C,0.9500000000000001,0.93,0.0,0.0,0.9500000000000001,0.05,386,1.6212e-05,0,2
9815,9,1230,D,3,B,0.96,0.9500000000000001,0.0,0.96,0.0,0.04,386,1.6212e-05,0,2
9815,12,2013,B,1,A,0.91,0.87,0.91,0.09,0.0,0.0,386,1.6212e-05,0,2
9815,14,2103,C,2,A,0.97,0.96,0.97,0.0,0.03,0.0,386,1.6212e-05,0,2
9815,15,2130,D,3,A,0.96,0.9500000000000001,0.96,0.0,0.0,0.04,386,1.6212e-05,0,2
9815,13,2031,B,1,A,0.89,0.85,0.89,0.11,0.0,0.0,386,1.6212e-05,0,2
9815,17,2310,D,3,A,0.97,0.9500000000000001,0.97,0.0,0.0,0.03,386,1.6212e-05,0,2
9815,16,2301,C,2,A,0.97,0.9500000000000001,0.97,0.0,0.03,0.0,386,1.6212e-05,0,2
9815,18,3012,B,1,D,0.96,0.9500000000000001,0.0,0.04,0.0,0.96,386,1.6212e-05,0,2
9815,19,3021,B,1,C,0.9500000000000001,0.93,0.0,0.05,0.9500000000000001,0.0,386,1.6212e-05,0,2
9815,20,3102,C,2,D,0.96,0.9500000000000001,0.0,0.0,0.04,0.96,386,1.6212e-05,0,2
9815,22,3201,C,2,B,0.96,0.9500000000000001,0.0,0.96,0.04,0.0,386,1.6212e-05,0,2
9815,23,3210,D,3,B,0.9500000000000001,0.93,0.0,0.9500000000000001,0.0,0.05,386,1.6212e-05,0,2
9815,21,3120,D,3,C,0.96,0.9500000000000001,0.0,0.0,0.96,0.04,386,1.6212e-05,0,2
10146,1,0132,B,1,B,1.0,1.0,0.0,1.0,0.0,0.0,374,1.5708e-05,1,1
10146,0,0123,B,1,B,1.0,1.0,0.0,1.0,0.0,0.0,374,1.5708e-05,1,1
10146,2,0213,C,2,C,1.0,1.0,0.0,0.0,1.0,0.0,374,1.5708e-05,1,1
10146,3,0231,D,3,D,1.0,1.0,0.0,0.0,0.0,1.0,374,1.5708e-05,1,1
10146,7,1032,A,0,A,1.0,1.0,1.0,0.0,0.0,0.0,374,1.5708e-05,1,1
10146,5,0321,D,3,D,1.0,1.0,0.0,0.0,0.0,1.0,374,1.5708e-05,1,1
10146,6,1023,A,0,A,1.0,1.0,1.0,0.0,0.0,0.0,374,1.5708e-05,1,1
10146,4,0312,C,2,C,1.0,1.0,0.0,0.0,1.0,0.0,374,1.5708e-05,1,1
10146,9,1230,A,0,A,1.0,1.0,1.0,0.0,0.0,0.0,374,1.5708e-05,1,1
10146,8,1203,A,0,A,1.0,1.0,1.0,0.0,0.0,0.0,374,1.5708e-05,1,1
10146,10,1302,A,0,A,1.0,1.0,1.0,0.0,0.0,0.0,374,1.5708e-05,1,1
10146,13,2031,D,3,D,1.0,1.0,0.0,0.0,0.0,1.0,374,1.5708e-05,1,1
10146,11,1320,A,0,A,1.0,1.0,1.0,0.0,0.0,0.0,374,1.5708e-05,1,1
10146,12,2013,C,2,C,1.0,1.0,0.0,0.0,1.0,0.0,374,1.5708e-05,1,1
10146,14,2103,B,1,B,1.0,1.0,0.0,1.0,0.0,0.0,374,1.5708e-05,1,1
10146,17,2310,C,2,C,1.0,1.0,0.0,0.0,1.0,0.0,374,1.5708e-05,1,1
10146,16,2301,D,3,D,1.0,1.0,0.0,0.0,0.0,1.0,374,1.5708e-05,1,1
10146,18,3012,C,2,C,1.0,1.0,0.0,0.0,1.0,0.0,374,1.5708e-05,1,1
10146,15,2130,B,1,B,1.0,1.0,0.0,1.0,0.0,0.0,374,1.5708e-05,1,1
10146,20,3102,B,1,B,1.0,1.0,0.0,1.0,0.0,0.0,374,1.5708e-05,1,1
10146,19,3021,D,3,D,1.0,1.0,0.0,0.0,0.0,1.0,374,1.5708e-05,1,1
10146,21,3120,B,1,B,1.0,1.0,0.0,1.0,0.0,0.0,374,1.5708e-05,1,1
10146,22,3201,D,3,D,1.0,1.0,0.0,0.0,0.0,1.0,374,1.5708e-05,1,1
10146,23,3210,C,2,C,1.0,1.0,0.0,0.0,1.0,0.0,374,1.5708e-05,1,1
4885,2,0213,C,2,C,1.0,1.0,0.0,0.0,1.0,0.0,391,1.6422e-05,1,1
4885,0,0123,B,1,B,1.0,1.0,0.0,1.0,0.0,0.0,391,1.6422e-05,1,1
4885,1,0132,B,1,B,1.0,1.0,0.0,1.0,0.0,0.0,391,1.6422e-05,1,1
4885,3,0231,D,3,D,1.0,1.0,0.0,0.0,0.0,1.0,391,1.6422e-05,1,1
4885,5,0321,D,3,D,1.0,1.0,0.0,0.0,0.0,1.0,391,1.6422e-05,1,1
4885,4,0312,C,2,C,1.0,1.0,0.0,0.0,1.0,0.0,391,1.6422e-05,1,1
4885,8,1203,A,0,A,1.0,1.0,1.0,0.0,0.0,0.0,391,1.6422e-05,1,1
4885,7,1032,A,0,A,1.0,1.0,1.0,0.0,0.0,0.0,391,1.6422e-05,1,1
4885,6,1023,A,0,A,1.0,1.0,1.0,0.0,0.0,0.0,391,1.6422e-05,1,1
4885,9,1230,A,0,A,1.0,1.0,1.0,0.0,0.0,0.0,391,1.6422e-05,1,1
4885,11,1320,A,0,A,1.0,1.0,1.0,0.0,0.0,0.0,391,1.6422e-05,1,1
4885,10,1302,A,0,A,1.0,1.0,1.0,0.0,0.0,0.0,391,1.6422e-05,1,1
4885,12,2013,C,2,C,1.0,1.0,0.0,0.0,1.0,0.0,391,1.6422e-05,1,1
4885,13,2031,D,3,D,1.0,1.0,0.0,0.0,0.0,1.0,391,1.6422e-05,1,1
4885,14,2103,B,1,B,1.0,1.0,0.0,1.0,0.0,0.0,391,1.6422e-05,1,1
4885,15,2130,B,1,B,1.0,1.0,0.0,1.0,0.0,0.0,391,1.6422e-05,1,1
4885,18,3012,C,2,C,1.0,1.0,0.0,0.0,1.0,0.0,391,1.6422e-05,1,1
4885,17,2310,C,2,C,1.0,1.0,0.0,0.0,1.0,0.0,391,1.6422e-05,1,1
4885,16,2301,D,3,D,1.0,1.0,0.0,0.0,0.0,1.0,391,1.6422e-05,1,1
4885,19,3021,D,3,D,1.0,1.0,0.0,0.0,0.0,1.0,391,1.6422e-05,1,1
4885,20,3102,B,1,B,1.0,1.0,0.0,1.0,0.0,0.0,391,1.6422e-05,1,1
4885,21,3120,B,1,B,1.0,1.0,0.0,1.0,0.0,0.0,391,1.6422e-05,1,1
3447,0,0123,A,0,A,0.99,0.98,0.99,0.0,0.01,0.0,375,1.5750000000000003e-05,1,0
4885,22,3201,D,3,D,1.0,1.0,0.0,0.0,0.0,1.0,391,1.6422e-05,1,1
4885,23,3210,C,2,C,1.0,1.0,0.0,0.0,1.0,0.0,391,1.6422e-05,1,1
3447,1,0132,A,0,A,0.99,0.99,0.99,0.0,0.0,0.01,375,1.5750000000000003e-05,1,0
3447,3,0231,A,0,A,0.97,0.96,0.97,0.03,0.0,0.0,375,1.5750000000000003e-05,1,0
3447,2,0213,A,0,A,0.97,0.96,0.97,0.03,0.0,0.0,375,1.5750000000000003e-05,1,0
3447,5,0321,A,0,A,0.99,0.98,0.99,0.0,0.01,0.0,375,1.5750000000000003e-05,1,0
3447,4,0312,A,0,A,0.99,0.98,0.99,0.0,0.0,0.01,375,1.5750000000000003e-05,1,0
3447,6,1023,B,1,B,0.99,0.97,0.0,0.99,0.01,0.0,375,1.5750000000000003e-05,1,0
3447,7,1032,B,1,B,0.99,0.98,0.0,0.99,0.0,0.01,375,1.5750000000000003e-05,1,0
3447,9,1230,D,3,D,0.97,0.9500000000000001,0.0,0.03,0.0,0.97,375,1.5750000000000003e-05,1,0
3447,8,1203,C,2,C,0.98,0.97,0.0,0.02,0.98,0.0,375,1.5750000000000003e-05,1,0
3447,10,1302,C,2,C,0.99,0.98,0.0,0.0,0.99,0.01,375,1.5750000000000003e-05,1,0
3447,12,2013,B,1,B,0.98,0.97,0.02,0.98,0.0,0.0,375,1.5750000000000003e-05,1,0
3447,11,1320,D,3,D,0.98,0.97,0.0,0.0,0.02,0.98,375,1.5750000000000003e-05,1,0
3447,14,2103,C,2,C,0.97,0.96,0.03,0.0,0.97,0.0,375,1.5750000000000003e-05,1,0
3447,15,2130,D,3,D,0.96,0.9500000000000001,0.04,0.0,0.0,0.96,375,1.5750000000000003e-05,1,0
3447,16,2301,C,2,C,0.97,0.96,0.03,0.0,0.97,0.0,375,1.5750000000000003e-05,1,0
3447,13,2031,B,1,B,0.98,0.97,0.02,0.98,0.0,0.0,375,1.5750000000000003e-05,1,0
3447,18,3012,B,1,B,0.99,0.98,0.0,0.99,0.0,0.01,375,1.5750000000000003e-05,1,0
3447,19,3021,B,1,B,0.99,0.98,0.0,0.99,0.01,0.0,375,1.5750000000000003e-05,1,0
3447,17,2310,D,3,D,0.97,0.9500000000000001,0.03,0.0,0.0,0.97,375,1.5750000000000003e-05,1,0
3447,21,3120,D,3,D,0.98,0.96,0.0,0.0,0.02,0.98,375,1.5750000000000003e-05,1,0
3447,20,3102,C,2,C,0.99,0.98,0.0,0.0,0.99,0.01,375,1.5750000000000003e-05,1,0
3447,23,3210,D,3,D,0.97,0.96,0.0,0.03,0.0,0.97,375,1.5750000000000003e-05,1,0
907,0,0123,D,3,D,0.98,0.98,0.02,0.0,0.0,0.98,378,1.5876000000000002e-05,1,3
3447,22,3201,C,2,C,0.98,0.97,0.0,0.02,0.98,0.0,375,1.5750000000000003e-05,1,0
907,4,0312,B,1,B,0.99,0.98,0.01,0.99,0.0,0.0,378,1.5876000000000002e-05,1,3
907,5,0321,B,1,B,0.99,0.99,0.01,0.99,0.0,0.0,378,1.5876000000000002e-05,1,3
907,1,0132,C,2,C,0.96,0.9400000000000001,0.04,0.0,0.96,0.0,378,1.5876000000000002e-05,1,3
907,2,0213,D,3,D,0.98,0.98,0.02,0.0,0.0,0.98,378,1.5876000000000002e-05,1,3
907,6,1023,D,3,D,0.99,0.99,0.0,0.01,0.0,0.99,378,1.5876000000000002e-05,1,3
907,7,1032,C,2,C,0.98,0.98,0.0,0.02,0.98,0.0,378,1.5876000000000002e-05,1,3
907,3,0231,C,2,C,0.99,0.99,0.01,0.0,0.99,0.0,378,1.5876000000000002e-05,1,3
907,8,1203,D,3,D,0.99,0.98,0.0,0.0,0.01,0.99,378,1.5876000000000002e-05,1,3
907,9,1230,C,2,C,0.99,0.98,0.0,0.0,0.99,0.01,378,1.5876000000000002e-05,1,3
907,10,1302,B,1,B,0.99,0.98,0.0,0.99,0.01,0.0,378,1.5876000000000002e-05,1,3
907,11,1320,B,1,B,0.99,0.98,0.0,0.99,0.0,0.01,378,1.5876000000000002e-05,1,3
907,12,2013,D,3,D,0.99,0.99,0.0,0.01,0.0,0.99,378,1.5876000000000002e-05,1,3
907,13,2031,C,2,C,0.99,0.99,0.0,0.01,0.99,0.0,378,1.5876000000000002e-05,1,3
907,15,2130,C,2,C,0.99,0.98,0.0,0.0,0.99,0.01,378,1.5876000000000002e-05,1,3
907,16,2301,B,1,B,0.99,0.99,0.0,0.99,0.01,0.0,378,1.5876000000000002e-05,1,3
907,14,2103,D,3,D,0.99,0.99,0.0,0.0,0.01,0.99,378,1.5876000000000002e-05,1,3
907,18,3012,A,0,A,1.0,0.99,1.0,0.0,0.0,0.0,378,1.5876000000000002e-05,1,3
907,20,3102,A,0,A,1.0,0.99,1.0,0.0,0.0,0.0,378,1.5876000000000002e-05,1,3
907,17,2310,B,1,B,1.0,0.99,0.0,1.0,0.0,0.0,378,1.5876000000000002e-05,1,3
907,19,3021,A,0,A,0.99,0.99,0.99,0.01,0.0,0.0,378,1.5876000000000002e-05,1,3
907,22,3201,A,0,A,1.0,0.99,1.0,0.0,0.0,0.0,378,1.5876000000000002e-05,1,3
907,23,3210,A,0,A,1.0,1.0,1.0,0.0,0.0,0.0,378,1.5876000000000002e-05,1,3
907,21,3120,A,0,A,1.0,1.0,1.0,0.0,0.0,0.0,378,1.5876000000000002e-05,1,3
3543,0,0123,B,1,B,0.9,0.86,0.1,0.9,0.0,0.0,398,1.6716000000000004e-05,1,1
3543,1,0132,B,1,B,0.91,0.88,0.09,0.91,0.0,0.0,398,1.6716000000000004e-05,1,1
3543,2,0213,C,2,C,0.93,0.91,0.07,0.0,0.93,0.0,398,1.6716000000000004e-05,1,1
3543,4,0312,C,2,C,0.91,0.88,0.09,0.0,0.91,0.0,398,1.6716000000000004e-05,1,1
3543,3,0231,D,3,D,0.9500000000000001,0.93,0.05,0.0,0.0,0.9500000000000001,398,1.6716000000000004e-05,1,1
3543,7,1032,A,0,A,0.73,0.64,0.73,0.27,0.0,0.0,398,1.6716000000000004e-05,1,1
3543,5,0321,D,3,D,0.93,0.9,0.07,0.0,0.0,0.93,398,1.6716000000000004e-05,1,1
3543,8,1203,A,0,A,0.8300000000000001,0.76,0.8300000000000001,0.0,0.17,0.0,398,1.6716000000000004e-05,1,1
3543,6,1023,A,0,A,0.6900000000000001,0.5700000000000001,0.6900000000000001,0.31,0.0,0.0,398,1.6716000000000004e-05,1,1
3543,12,2013,C,2,C,0.88,0.8300000000000001,0.0,0.12,0.88,0.0,398,1.6716000000000004e-05,1,1
3543,9,1230,A,0,A,0.96,0.9400000000000001,0.96,0.0,0.0,0.04,398,1.6716000000000004e-05,1,1
3543,10,1302,A,0,A,0.93,0.91,0.93,0.01,0.06,0.0,398,1.6716000000000004e-05,1,1
3543,11,1320,A,0,A,0.9400000000000001,0.93,0.9400000000000001,0.01,0.0,0.05,398,1.6716000000000004e-05,1,1
3543,13,2031,D,3,D,0.89,0.84,0.0,0.11,0.0,0.89,398,1.6716000000000004e-05,1,1
3543,14,2103,B,1,B,0.87,0.8200000000000001,0.0,0.87,0.13,0.0,398,1.6716000000000004e-05,1,1
3543,15,2130,B,1,B,0.96,0.9400000000000001,0.0,0.96,0.0,0.04,398,1.6716000000000004e-05,1,1
3543,16,2301,D,3,D,0.96,0.9400000000000001,0.0,0.0,0.04,0.96,398,1.6716000000000004e-05,1,1
3543,17,2310,C,2,C,0.93,0.9,0.0,0.0,0.93,0.07,398,1.6716000000000004e-05,1,1
3543,20,3102,B,1,B,0.9,0.87,0.01,0.9,0.09,0.0,398,1.6716000000000004e-05,1,1
3543,18,3012,C,2,C,0.96,0.9400000000000001,0.0,0.04,0.96,0.0,398,1.6716000000000004e-05,1,1
3543,19,3021,D,3,D,0.96,0.9400000000000001,0.0,0.04,0.0,0.96,398,1.6716000000000004e-05,1,1
3543,23,3210,C,2,C,0.93,0.9,0.0,0.0,0.93,0.07,398,1.6716000000000004e-05,1,1
3543,22,3201,D,3,D,0.9500000000000001,0.93,0.0,0.0,0.05,0.9500000000000001,398,1.6716000000000004e-05,1,1
3543,21,3120,B,1,B,0.92,0.89,0.01,0.92,0.0,0.07,398,1.6716000000000004e-05,1,1
7242,0,0123,B,1,D,0.87,0.8300000000000001,0.0,0.13,0.0,0.87,378,1.5876000000000002e-05,0,3
7242,2,0213,C,2,D,0.74,0.66,0.0,0.01,0.25,0.74,378,1.5876000000000002e-05,0,3
7242,1,0132,B,1,C,0.77,0.68,0.0,0.23,0.77,0.0,378,1.5876000000000002e-05,0,3
7242,3,0231,D,3,C,0.79,0.73,0.0,0.01,0.79,0.2,378,1.5876000000000002e-05,0,3
7242,5,0321,D,3,B,0.65,0.53,0.0,0.65,0.0,0.35000000000000003,378,1.5876000000000002e-05,0,3
7242,4,0312,C,2,B,0.73,0.64,0.0,0.73,0.26,0.01,378,1.5876000000000002e-05,0,3
7242,6,1023,A,0,D,0.8200000000000001,0.75,0.18,0.0,0.0,0.8200000000000001,378,1.5876000000000002e-05,0,3
7242,8,1203,A,0,D,0.8300000000000001,0.77,0.17,0.0,0.0,0.8300000000000001,378,1.5876000000000002e-05,0,3
7242,9,1230,A,0,C,0.8200000000000001,0.75,0.18,0.0,0.8200000000000001,0.0,378,1.5876000000000002e-05,0,3
7242,11,1320,A,0,B,0.8200000000000001,0.75,0.18,0.8200000000000001,0.0,0.0,378,1.5876000000000002e-05,0,3
7242,7,1032,A,0,C,0.77,0.6900000000000001,0.23,0.0,0.77,0.0,378,1.5876000000000002e-05,0,3
7242,10,1302,A,0,B,0.78,0.7000000000000001,0.22,0.78,0.0,0.0,378,1.5876000000000002e-05,0,3
7242,13,2031,D,3,C,0.74,0.65,0.01,0.0,0.74,0.25,378,1.5876000000000002e-05,0,3
7242,12,2013,C,2,D,0.78,0.71,0.01,0.0,0.21,0.78,378,1.5876000000000002e-05,0,3
7242,14,2103,B,1,D,0.8,0.73,0.01,0.19,0.0,0.8,378,1.5876000000000002e-05,0,3
7242,19,3021,D,3,A,0.71,0.61,0.71,0.0,0.0,0.29,378,1.5876000000000002e-05,0,3
7242,16,2301,D,3,B,0.75,0.66,0.01,0.75,0.0,0.24,378,1.5876000000000002e-05,0,3
7242,17,2310,C,2,B,0.8300000000000001,0.77,0.01,0.8300000000000001,0.16,0.0,378,1.5876000000000002e-05,0,3
7242,20,3102,B,1,A,0.76,0.68,0.76,0.24,0.0,0.0,378,1.5876000000000002e-05,0,3
7242,21,3120,B,1,A,0.71,0.61,0.71,0.29,0.0,0.0,378,1.5876000000000002e-05,0,3
7242,15,2130,B,1,C,0.79,0.72,0.01,0.2,0.79,0.0,378,1.5876000000000002e-05,0,3
7242,22,3201,D,3,A,0.64,0.53,0.64,0.01,0.0,0.35000000000000003,378,1.5876000000000002e-05,0,3
7242,18,3012,C,2,A,0.6900000000000001,0.59,0.6900000000000001,0.0,0.30000000000000004,0.01,378,1.5876000000000002e-05,0,3
5944,0,0123,B,1,B,0.51,0.35000000000000003,0.01,0.51,0.0,0.48,363,1.5246000000000001e-05,1,1
7242,23,3210,C,2,A,0.76,0.68,0.76,0.01,0.23,0.0,378,1.5876000000000002e-05,0,3
5944,2,0213,C,2,C,0.5,0.33,0.0,0.0,0.5,0.5,363,1.5246000000000001e-05,1,1
5944,6,1023,A,0,A,0.66,0.54,0.66,0.0,0.0,0.34,363,1.5246000000000001e-05,1,1
5944,3,0231,D,3,C,0.58,0.44,0.0,0.0,0.58,0.42,363,1.5246000000000001e-05,0,3
5944,1,0132,B,1,B,0.56,0.41000000000000003,0.0,0.56,0.44,0.0,363,1.5246000000000001e-05,1,1
5944,5,0321,D,3,B,0.58,0.43,0.0,0.58,0.0,0.42,363,1.5246000000000001e-05,0,3
5944,4,0312,C,2,B,0.54,0.38,0.0,0.54,0.46,0.0,363,1.5246000000000001e-05,0,3
5944,7,1032,A,0,A,0.64,0.51,0.64,0.0,0.36,0.0,363,1.5246000000000001e-05,1,1
5944,8,1203,A,0,A,0.64,0.52,0.64,0.0,0.0,0.36,363,1.5246000000000001e-05,1,1
5944,9,1230,A,0,A,0.67,0.55,0.67,0.0,0.33,0.0,363,1.5246000000000001e-05,1,1
5944,13,2031,D,3,C,0.54,0.39,0.0,0.0,0.54,0.46,363,1.5246000000000001e-05,0,3
5944,12,2013,C,2,C,0.53,0.36,0.0,0.0,0.53,0.47000000000000003,363,1.5246000000000001e-05,1,1
5944,14,2103,B,1,B,0.68,0.5700000000000001,0.0,0.68,0.0,0.32,363,1.5246000000000001e-05,1,1
5944,11,1320,A,0,A,0.53,0.37,0.53,0.47000000000000003,0.0,0.0,363,1.5246000000000001e-05,1,1
5944,10,1302,A,0,A,0.54,0.39,0.54,0.46,0.0,0.0,363,1.5246000000000001e-05,1,1
5944,15,2130,B,1,B,0.66,0.55,0.0,0.66,0.34,0.0,363,1.5246000000000001e-05,1,1
5944,16,2301,D,3,B,0.64,0.51,0.0,0.64,0.0,0.36,363,1.5246000000000001e-05,0,3
5944,17,2310,C,2,B,0.55,0.39,0.0,0.55,0.45,0.0,363,1.5246000000000001e-05,0,3
5944,18,3012,C,2,A,0.68,0.5700000000000001,0.68,0.0,0.32,0.0,363,1.5246000000000001e-05,0,3
5944,21,3120,B,1,A,0.5,0.33,0.5,0.5,0.0,0.0,363,1.5246000000000001e-05,0,3
5944,20,3102,B,1,A,0.51,0.34,0.51,0.49,0.0,0.0,363,1.5246000000000001e-05,0,3
5944,19,3021,D,3,A,0.74,0.65,0.74,0.0,0.0,0.26,363,1.5246000000000001e-05,0,3
5944,22,3201,D,3,A,0.63,0.51,0.63,0.0,0.0,0.37,363,1.5246000000000001e-05,0,3
5458,0,0123,C,2,C,0.92,0.89,0.0,0.08,0.92,0.0,370,1.554e-05,1,2
5944,23,3210,C,2,A,0.59,0.44,0.59,0.0,0.41000000000000003,0.0,363,1.5246000000000001e-05,0,3
5458,3,0231,B,1,B,0.91,0.88,0.0,0.91,0.0,0.09,370,1.554e-05,1,2
5458,1,0132,D,3,D,0.97,0.9500000000000001,0.0,0.03,0.0,0.97,370,1.554e-05,1,2
5458,2,0213,B,1,B,0.93,0.91,0.0,0.93,0.07,0.0,370,1.554e-05,1,2
5458,4,0312,D,3,D,0.97,0.96,0.0,0.0,0.03,0.97,370,1.554e-05,1,2
5458,5,0321,C,2,C,0.97,0.96,0.0,0.0,0.97,0.03,370,1.554e-05,1,2
5458,7,1032,D,3,D,0.9400000000000001,0.92,0.06,0.0,0.0,0.9400000000000001,370,1.554e-05,1,2
5458,6,1023,C,2,C,0.88,0.84,0.12,0.0,0.88,0.0,370,1.554e-05,1,2
5458,8,1203,B,1,B,0.93,0.91,0.07,0.93,0.0,0.0,370,1.554e-05,1,2
5458,10,1302,D,3,D,0.9400000000000001,0.92,0.06,0.0,0.0,0.9400000000000001,370,1.554e-05,1,2
5458,9,1230,B,1,B,0.92,0.9,0.08,0.92,0.0,0.0,370,1.554e-05,1,2
5458,13,2031,A,0,A,0.98,0.97,0.98,0.0,0.0,0.02,370,1.554e-05,1,2
5458,12,2013,A,0,A,0.97,0.96,0.97,0.0,0.03,0.0,370,1.554e-05,1,2
5458,11,1320,C,2,C,0.9400000000000001,0.91,0.06,0.0,0.9400000000000001,0.0,370,1.554e-05,1,2
5458,14,2103,A,0,A,0.9500000000000001,0.93,0.9500000000000001,0.05,0.0,0.0,370,1.554e-05,1,2
5458,16,2301,A,0,A,0.97,0.96,0.97,0.0,0.0,0.03,370,1.554e-05,1,2
5458,15,2130,A,0,A,0.9500000000000001,0.93,0.9500000000000001,0.05,0.0,0.0,370,1.554e-05,1,2
5458,17,2310,A,0,A,0.9500000000000001,0.93,0.9500000000000001,0.0,0.05,0.0,370,1.554e-05,1,2
5458,18,3012,D,3,D,0.93,0.91,0.0,0.0,0.07,0.93,370,1.554e-05,1,2
5458,21,3120,C,2,C,0.9400000000000001,0.92,0.0,0.06,0.9400000000000001,0.0,370,1.554e-05,1,2
5458,19,3021,C,2,C,0.97,0.96,0.0,0.0,0.97,0.03,370,1.554e-05,1,2
5458,20,3102,D,3,D,0.93,0.91,0.0,0.07,0.0,0.93,370,1.554e-05,1,2
5458,23,3210,B,1,B,0.96,0.9500000000000001,0.0,0.96,0.04,0.0,370,1.554e-05,1,2
5458,22,3201,B,1,B,0.97,0.96,0.0,0.97,0.0,0.03,370,1.554e-05,1,2
8853,0,0123,C,2,C,1.0,1.0,0.0,0.0,1.0,0.0,355,1.4910000000000003e-05,1,2
8853,1,0132,D,3,D,1.0,1.0,0.0,0.0,0.0,1.0,355,1.4910000000000003e-05,1,2
8853,2,0213,B,1,B,1.0,1.0,0.0,1.0,0.0,0.0,355,1.4910000000000003e-05,1,2
8853,3,0231,B,1,B,1.0,1.0,0.0,1.0,0.0,0.0,355,1.4910000000000003e-05,1,2
8853,4,0312,D,3,D,1.0,1.0,0.0,0.0,0.0,1.0,355,1.4910000000000003e-05,1,2
8853,5,0321,C,2,C,1.0,1.0,0.0,0.0,1.0,0.0,355,1.4910000000000003e-05,1,2
8853,7,1032,D,3,D,1.0,1.0,0.0,0.0,0.0,1.0,355,1.4910000000000003e-05,1,2
8853,8,1203,B,1,B,1.0,1.0,0.0,1.0,0.0,0.0,355,1.4910000000000003e-05,1,2
8853,6,1023,C,2,C,1.0,1.0,0.0,0.0,1.0,0.0,355,1.4910000000000003e-05,1,2
8853,9,1230,B,1,B,1.0,1.0,0.0,1.0,0.0,0.0,355,1.4910000000000003e-05,1,2
8853,11,1320,C,2,C,1.0,1.0,0.0,0.0,1.0,0.0,355,1.4910000000000003e-05,1,2
8853,10,1302,D,3,D,1.0,0.99,0.0,0.0,0.0,1.0,355,1.4910000000000003e-05,1,2
8853,13,2031,A,0,A,1.0,1.0,1.0,0.0,0.0,0.0,355,1.4910000000000003e-05,1,2
8853,12,2013,A,0,A,1.0,1.0,1.0,0.0,0.0,0.0,355,1.4910000000000003e-05,1,2
8853,17,2310,A,0,A,1.0,1.0,1.0,0.0,0.0,0.0,355,1.4910000000000003e-05,1,2
8853,15,2130,A,0,A,1.0,1.0,1.0,0.0,0.0,0.0,355,1.4910000000000003e-05,1,2
8853,14,2103,A,0,A,1.0,1.0,1.0,0.0,0.0,0.0,355,1.4910000000000003e-05,1,2
8853,16,2301,A,0,A,1.0,1.0,1.0,0.0,0.0,0.0,355,1.4910000000000003e-05,1,2
8853,19,3021,C,2,C,1.0,1.0,0.0,0.0,1.0,0.0,355,1.4910000000000003e-05,1,2
8853,18,3012,D,3,D,1.0,1.0,0.0,0.0,0.0,1.0,355,1.4910000000000003e-05,1,2
8853,20,3102,D,3,D,1.0,0.99,0.0,0.0,0.0,1.0,355,1.4910000000000003e-05,1,2
8853,21,3120,C,2,C,1.0,1.0,0.0,0.0,1.0,0.0,355,1.4910000000000003e-05,1,2
8853,22,3201,B,1,B,1.0,1.0,0.0,1.0,0.0,0.0,355,1.4910000000000003e-05,1,2
8853,23,3210,B,1,B,1.0,1.0,0.0,1.0,0.0,0.0,355,1.4910000000000003e-05,1,2
6029,1,0132,B,1,B,1.0,1.0,0.0,1.0,0.0,0.0,368,1.5456e-05,1,1
6029,2,0213,C,2,C,0.99,0.99,0.0,0.01,0.99,0.0,368,1.5456e-05,1,1
6029,3,0231,D,3,D,1.0,0.99,0.0,0.0,0.0,1.0,368,1.5456e-05,1,1
6029,0,0123,B,1,B,1.0,1.0,0.0,1.0,0.0,0.0,368,1.5456e-05,1,1
6029,4,0312,C,2,C,1.0,1.0,0.0,0.0,1.0,0.0,368,1.5456e-05,1,1
6029,5,0321,D,3,D,1.0,0.99,0.0,0.0,0.0,1.0,368,1.5456e-05,1,1
6029,6,1023,A,0,A,1.0,1.0,1.0,0.0,0.0,0.0,368,1.5456e-05,1,1
6029,10,1302,A,0,A,1.0,1.0,1.0,0.0,0.0,0.0,368,1.5456e-05,1,1
6029,9,1230,A,0,A,1.0,1.0,1.0,0.0,0.0,0.0,368,1.5456e-05,1,1
6029,8,1203,A,0,A,1.0,1.0,1.0,0.0,0.0,0.0,368,1.5456e-05,1,1
6029,11,1320,A,0,A,1.0,1.0,1.0,0.0,0.0,0.0,368,1.5456e-05,1,1
6029,7,1032,A,0,A,1.0,1.0,1.0,0.0,0.0,0.0,368,1.5456e-05,1,1
6029,12,2013,C,2,C,0.99,0.98,0.01,0.0,0.99,0.0,368,1.5456e-05,1,1
6029,14,2103,B,1,B,0.98,0.98,0.02,0.98,0.0,0.0,368,1.5456e-05,1,1
6029,13,2031,D,3,D,0.98,0.97,0.02,0.0,0.0,0.98,368,1.5456e-05,1,1
6029,18,3012,C,2,C,1.0,1.0,0.0,0.0,1.0,0.0,368,1.5456e-05,1,1
6029,15,2130,B,1,B,0.99,0.98,0.01,0.99,0.0,0.0,368,1.5456e-05,1,1
6029,16,2301,D,3,D,0.98,0.98,0.02,0.0,0.0,0.98,368,1.5456e-05,1,1
6029,19,3021,D,3,D,1.0,1.0,0.0,0.0,0.0,1.0,368,1.5456e-05,1,1
6029,20,3102,B,1,B,1.0,1.0,0.0,1.0,0.0,0.0,368,1.5456e-05,1,1
6029,17,2310,C,2,C,0.98,0.97,0.02,0.0,0.98,0.0,368,1.5456e-05,1,1
6029,21,3120,B,1,B,1.0,1.0,0.0,1.0,0.0,0.0,368,1.5456e-05,1,1
6029,22,3201,D,3,D,1.0,0.99,0.0,0.0,0.0,1.0,368,1.5456e-05,1,1
6029,23,3210,C,2,C,0.99,0.99,0.0,0.01,0.99,0.0,368,1.5456e-05,1,1
7294,2,0213,B,1,A,0.6000000000000001,0.47000000000000003,0.6000000000000001,0.35000000000000003,0.02,0.03,382,1.6044e-05,0,0
7294,0,0123,C,2,A,0.54,0.38,0.54,0.02,0.41000000000000003,0.03,382,1.6044e-05,0,0
7294,1,0132,D,3,D,0.55,0.4,0.41000000000000003,0.02,0.02,0.55,382,1.6044e-05,1,2
7294,3,0231,B,1,A,0.55,0.41000000000000003,0.55,0.38,0.04,0.03,382,1.6044e-05,0,0
7294,4,0312,D,3,D,0.54,0.37,0.41000000000000003,0.03,0.02,0.54,382,1.6044e-05,1,2
7294,5,0321,C,2,A,0.56,0.42,0.56,0.04,0.36,0.04,382,1.6044e-05,0,0
7294,7,1032,D,3,B,0.52,0.36,0.03,0.52,0.03,0.42,382,1.6044e-05,0,0
7294,6,1023,C,2,B,0.66,0.55,0.03,0.66,0.28,0.02,382,1.6044e-05,0,0
7294,8,1203,B,1,C,0.49,0.33,0.02,0.47000000000000003,0.49,0.02,382,1.6044e-05,0,0
7294,9,1230,B,1,B,0.51,0.35000000000000003,0.03,0.51,0.03,0.43,382,1.6044e-05,1,2
7294,10,1302,D,3,D,0.44,0.26,0.04,0.09,0.43,0.44,382,1.6044e-05,1,2
7294,11,1320,C,2,D,0.6000000000000001,0.46,0.02,0.03,0.35000000000000003,0.6000000000000001,382,1.6044e-05,0,0
7294,13,2031,A,0,B,0.63,0.51,0.32,0.63,0.02,0.03,382,1.6044e-05,0,0
7294,12,2013,A,0,B,0.68,0.56,0.30000000000000004,0.68,0.01,0.01,382,1.6044e-05,0,0
7294,14,2103,A,0,A,0.49,0.32,0.49,0.03,0.45,0.03,382,1.6044e-05,1,2
7294,15,2130,A,0,A,0.52,0.36,0.52,0.03,0.03,0.42,382,1.6044e-05,1,2
7294,16,2301,A,0,A,0.49,0.32,0.49,0.08,0.4,0.03,382,1.6044e-05,1,2
7294,18,3012,D,3,D,0.459999999999999,0.29,0.05,0.46,0.03,0.459999999999999,382,1.6044e-05,1,2
7294,17,2310,A,0,D,0.47000000000000003,0.29,0.45,0.06,0.02,0.47000000000000003,382,1.6044e-05,0,0
7294,19,3021,C,2,B,0.47000000000000003,0.30000000000000004,0.05,0.47000000000000003,0.43,0.05,382,1.6044e-05,0,0
7294,21,3120,C,2,D,0.559999999999999,0.42,0.04,0.02,0.38,0.559999999999999,382,1.6044e-05,0,0
7294,20,3102,D,3,D,0.48,0.31,0.05,0.03,0.44,0.48,382,1.6044e-05,1,2
7294,22,3201,B,1,C,0.51,0.35000000000000003,0.03,0.44,0.51,0.02,382,1.6044e-05,0,0
7294,23,3210,B,1,D,0.6000000000000001,0.48,0.04,0.33,0.03,0.6000000000000001,382,1.6044e-05,0,0
3394,0,0123,D,3,D,1.0,1.0,0.0,0.0,0.0,1.0,380,1.5960000000000003e-05,1,3
3394,1,0132,C,2,C,1.0,1.0,0.0,0.0,1.0,0.0,380,1.5960000000000003e-05,1,3
3394,2,0213,D,3,D,1.0,1.0,0.0,0.0,0.0,1.0,380,1.5960000000000003e-05,1,3
3394,4,0312,B,1,B,1.0,1.0,0.0,1.0,0.0,0.0,380,1.5960000000000003e-05,1,3
3394,6,1023,D,3,D,1.0,1.0,0.0,0.0,0.0,1.0,380,1.5960000000000003e-05,1,3
3394,3,0231,C,2,C,1.0,1.0,0.0,0.0,1.0,0.0,380,1.5960000000000003e-05,1,3
3394,5,0321,B,1,B,1.0,1.0,0.0,1.0,0.0,0.0,380,1.5960000000000003e-05,1,3
3394,7,1032,C,2,C,1.0,1.0,0.0,0.0,1.0,0.0,380,1.5960000000000003e-05,1,3
3394,8,1203,D,3,D,1.0,1.0,0.0,0.0,0.0,1.0,380,1.5960000000000003e-05,1,3
3394,9,1230,C,2,C,1.0,1.0,0.0,0.0,1.0,0.0,380,1.5960000000000003e-05,1,3
3394,12,2013,D,3,D,1.0,1.0,0.0,0.0,0.0,1.0,380,1.5960000000000003e-05,1,3
3394,10,1302,B,1,B,1.0,1.0,0.0,1.0,0.0,0.0,380,1.5960000000000003e-05,1,3
3394,13,2031,C,2,C,1.0,1.0,0.0,0.0,1.0,0.0,380,1.5960000000000003e-05,1,3
3394,14,2103,D,3,D,1.0,1.0,0.0,0.0,0.0,1.0,380,1.5960000000000003e-05,1,3
3394,11,1320,B,1,B,1.0,1.0,0.0,1.0,0.0,0.0,380,1.5960000000000003e-05,1,3
3394,15,2130,C,2,C,1.0,1.0,0.0,0.0,1.0,0.0,380,1.5960000000000003e-05,1,3
3394,17,2310,B,1,B,1.0,1.0,0.0,1.0,0.0,0.0,380,1.5960000000000003e-05,1,3
3394,16,2301,B,1,B,1.0,1.0,0.0,1.0,0.0,0.0,380,1.5960000000000003e-05,1,3
3394,19,3021,A,0,A,1.0,1.0,1.0,0.0,0.0,0.0,380,1.5960000000000003e-05,1,3
3394,20,3102,A,0,A,1.0,1.0,1.0,0.0,0.0,0.0,380,1.5960000000000003e-05,1,3
3394,18,3012,A,0,A,1.0,1.0,1.0,0.0,0.0,0.0,380,1.5960000000000003e-05,1,3
3394,21,3120,A,0,A,1.0,1.0,1.0,0.0,0.0,0.0,380,1.5960000000000003e-05,1,3
3394,22,3201,A,0,A,1.0,1.0,1.0,0.0,0.0,0.0,380,1.5960000000000003e-05,1,3
3394,23,3210,A,0,A,1.0,1.0,1.0,0.0,0.0,0.0,380,1.5960000000000003e-05,1,3
7220,0,0123,D,3,D,0.96,0.9500000000000001,0.0,0.04,0.0,0.96,390,1.638e-05,1,3
7220,1,0132,C,2,C,0.96,0.9400000000000001,0.0,0.04,0.96,0.0,390,1.638e-05,1,3
7220,2,0213,D,3,D,0.9500000000000001,0.93,0.0,0.0,0.05,0.9500000000000001,390,1.638e-05,1,3
7220,3,0231,C,2,C,0.97,0.96,0.0,0.0,0.97,0.03,390,1.638e-05,1,3
7220,4,0312,B,1,B,0.99,0.98,0.0,0.99,0.01,0.0,390,1.638e-05,1,3
7220,6,1023,D,3,D,0.9400000000000001,0.92,0.06,0.0,0.0,0.9400000000000001,390,1.638e-05,1,3
7220,7,1032,C,2,C,0.93,0.9,0.07,0.0,0.93,0.0,390,1.638e-05,1,3
7220,5,0321,B,1,B,0.99,0.98,0.0,0.99,0.0,0.01,390,1.638e-05,1,3
7220,8,1203,D,3,D,0.9,0.86,0.09,0.01,0.0,0.9,390,1.638e-05,1,3
7220,10,1302,B,1,B,0.97,0.96,0.03,0.97,0.0,0.0,390,1.638e-05,1,3
7220,9,1230,C,2,C,0.81,0.75,0.17,0.01,0.81,0.0,390,1.638e-05,1,3
7220,13,2031,C,2,C,0.9400000000000001,0.92,0.01,0.0,0.9400000000000001,0.05,390,1.638e-05,1,3
7220,15,2130,C,2,C,0.9,0.87,0.02,0.08,0.9,0.0,390,1.638e-05,1,3
7220,12,2013,D,3,D,0.9400000000000001,0.92,0.01,0.0,0.05,0.9400000000000001,390,1.638e-05,1,3
7220,14,2103,D,3,D,0.93,0.91,0.01,0.05,0.0,0.93,390,1.638e-05,1,3
7220,11,1320,B,1,B,0.97,0.9500000000000001,0.03,0.97,0.0,0.0,390,1.638e-05,1,3
7220,16,2301,B,1,B,0.96,0.9400000000000001,0.02,0.96,0.0,0.02,390,1.638e-05,1,3
7220,17,2310,B,1,B,0.9400000000000001,0.92,0.03,0.9400000000000001,0.03,0.0,390,1.638e-05,1,3
7220,18,3012,A,0,A,0.99,0.98,0.99,0.0,0.01,0.0,390,1.638e-05,1,3
7220,21,3120,A,0,A,0.98,0.97,0.98,0.02,0.0,0.0,390,1.638e-05,1,3
7220,19,3021,A,0,A,0.99,0.98,0.99,0.0,0.0,0.01,390,1.638e-05,1,3
7220,22,3201,A,0,A,0.98,0.97,0.98,0.0,0.0,0.02,390,1.638e-05,1,3
7220,20,3102,A,0,A,0.98,0.97,0.98,0.02,0.0,0.0,390,1.638e-05,1,3
7220,23,3210,A,0,A,0.99,0.98,0.99,0.0,0.01,0.0,390,1.638e-05,1,3
3878,0,0123,B,1,D,0.9400000000000001,0.92,0.01,0.05,0.0,0.9400000000000001,407,1.7094000000000003e-05,0,3
3878,1,0132,B,1,C,0.93,0.9,0.01,0.06,0.93,0.0,407,1.7094000000000003e-05,0,3
3878,3,0231,D,3,C,0.97,0.97,0.01,0.0,0.97,0.02,407,1.7094000000000003e-05,0,3
3878,2,0213,C,2,D,0.93,0.91,0.01,0.0,0.06,0.93,407,1.7094000000000003e-05,0,3
3878,6,1023,A,0,D,0.88,0.85,0.1,0.02,0.0,0.88,407,1.7094000000000003e-05,0,3
3878,4,0312,C,2,B,0.9500000000000001,0.93,0.01,0.9500000000000001,0.04,0.0,407,1.7094000000000003e-05,0,3
3878,7,1032,A,0,C,0.92,0.9,0.06,0.02,0.92,0.0,407,1.7094000000000003e-05,0,3
3878,5,0321,D,3,B,0.96,0.9500000000000001,0.01,0.96,0.0,0.03,407,1.7094000000000003e-05,0,3
3878,8,1203,A,0,D,0.9500000000000001,0.93,0.05,0.0,0.0,0.9500000000000001,407,1.7094000000000003e-05,0,3
3878,9,1230,A,0,C,0.93,0.91,0.07,0.0,0.93,0.0,407,1.7094000000000003e-05,0,3
3878,10,1302,A,0,B,0.9500000000000001,0.93,0.04,0.9500000000000001,0.01,0.0,407,1.7094000000000003e-05,0,3
3878,11,1320,A,0,B,0.9500000000000001,0.93,0.05,0.9500000000000001,0.0,0.0,407,1.7094000000000003e-05,0,3
3878,12,2013,C,2,D,0.96,0.9400000000000001,0.0,0.0,0.04,0.96,407,1.7094000000000003e-05,0,3
3878,15,2130,B,1,C,0.97,0.96,0.0,0.03,0.97,0.0,407,1.7094000000000003e-05,0,3
3878,14,2103,B,1,D,0.96,0.9400000000000001,0.0,0.04,0.0,0.96,407,1.7094000000000003e-05,0,3
3878,16,2301,D,3,B,0.98,0.97,0.0,0.98,0.0,0.02,407,1.7094000000000003e-05,0,3
3878,13,2031,D,3,C,0.98,0.97,0.0,0.0,0.98,0.02,407,1.7094000000000003e-05,0,3
3878,18,3012,C,2,A,0.98,0.97,0.98,0.01,0.01,0.0,407,1.7094000000000003e-05,0,3
3878,17,2310,C,2,B,0.99,0.98,0.0,0.99,0.01,0.0,407,1.7094000000000003e-05,0,3
3878,20,3102,B,1,A,0.97,0.96,0.97,0.02,0.01,0.0,407,1.7094000000000003e-05,0,3
3878,19,3021,D,3,A,0.97,0.9500000000000001,0.97,0.01,0.0,0.02,407,1.7094000000000003e-05,0,3
3878,23,3210,C,2,A,0.99,0.98,0.99,0.0,0.01,0.0,407,1.7094000000000003e-05,0,3
6923,2,0213,D,3,D,0.98,0.98,0.0,0.0,0.02,0.98,401,1.6842000000000002e-05,1,3
6923,1,0132,C,2,C,0.9400000000000001,0.92,0.0,0.06,0.9400000000000001,0.0,401,1.6842000000000002e-05,1,3
3878,22,3201,D,3,A,0.98,0.97,0.98,0.0,0.0,0.02,407,1.7094000000000003e-05,0,3
6923,0,0123,D,3,D,0.98,0.97,0.0,0.02,0.0,0.98,401,1.6842000000000002e-05,1,3
6923,3,0231,C,2,C,0.98,0.97,0.0,0.0,0.98,0.02,401,1.6842000000000002e-05,1,3
6923,4,0312,B,1,B,0.97,0.9500000000000001,0.0,0.97,0.03,0.0,401,1.6842000000000002e-05,1,3
6923,5,0321,B,1,B,0.96,0.9500000000000001,0.0,0.96,0.0,0.04,401,1.6842000000000002e-05,1,3
6923,6,1023,D,3,D,0.97,0.9500000000000001,0.03,0.0,0.0,0.97,401,1.6842000000000002e-05,1,3
6923,8,1203,D,3,D,0.96,0.9500000000000001,0.04,0.0,0.0,0.96,401,1.6842000000000002e-05,1,3
6923,7,1032,C,2,C,0.9500000000000001,0.93,0.05,0.0,0.9500000000000001,0.0,401,1.6842000000000002e-05,1,3
6923,9,1230,C,2,C,0.9500000000000001,0.93,0.05,0.0,0.9500000000000001,0.0,401,1.6842000000000002e-05,1,3
6923,10,1302,B,1,B,0.9500000000000001,0.92,0.05,0.9500000000000001,0.0,0.0,401,1.6842000000000002e-05,1,3
6923,11,1320,B,1,B,0.9500000000000001,0.93,0.05,0.9500000000000001,0.0,0.0,401,1.6842000000000002e-05,1,3
6923,13,2031,C,2,C,0.97,0.96,0.0,0.0,0.97,0.03,401,1.6842000000000002e-05,1,3
6923,14,2103,D,3,D,0.99,0.98,0.0,0.01,0.0,0.99,401,1.6842000000000002e-05,1,3
6923,15,2130,C,2,C,0.98,0.97,0.0,0.02,0.98,0.0,401,1.6842000000000002e-05,1,3
6923,16,2301,B,1,B,0.97,0.96,0.0,0.97,0.0,0.03,401,1.6842000000000002e-05,1,3
6923,12,2013,D,3,D,0.98,0.97,0.0,0.0,0.02,0.98,401,1.6842000000000002e-05,1,3
6923,17,2310,B,1,B,0.97,0.9500000000000001,0.0,0.97,0.03,0.0,401,1.6842000000000002e-05,1,3
6923,18,3012,A,0,A,0.9500000000000001,0.93,0.9500000000000001,0.0,0.05,0.0,401,1.6842000000000002e-05,1,3
6923,19,3021,A,0,A,0.9500000000000001,0.93,0.9500000000000001,0.0,0.0,0.05,401,1.6842000000000002e-05,1,3
6923,20,3102,A,0,A,0.92,0.9,0.92,0.08,0.0,0.0,401,1.6842000000000002e-05,1,3
6923,22,3201,A,0,A,0.96,0.9400000000000001,0.96,0.0,0.0,0.04,401,1.6842000000000002e-05,1,3
6923,23,3210,A,0,A,0.9400000000000001,0.92,0.9400000000000001,0.0,0.06,0.0,401,1.6842000000000002e-05,1,3
7124,0,0123,B,1,B,1.0,1.0,0.0,1.0,0.0,0.0,368,1.5456e-05,1,1
6923,21,3120,A,0,A,0.92,0.89,0.92,0.08,0.0,0.0,401,1.6842000000000002e-05,1,3
7124,1,0132,B,1,B,1.0,1.0,0.0,1.0,0.0,0.0,368,1.5456e-05,1,1
3878,21,3120,B,1,A,0.98,0.97,0.98,0.02,0.0,0.0,407,1.7094000000000003e-05,0,3
7124,2,0213,C,2,C,1.0,1.0,0.0,0.0,1.0,0.0,368,1.5456e-05,1,1
7124,3,0231,D,3,D,1.0,1.0,0.0,0.0,0.0,1.0,368,1.5456e-05,1,1
7124,4,0312,C,2,C,1.0,1.0,0.0,0.0,1.0,0.0,368,1.5456e-05,1,1
7124,5,0321,D,3,D,1.0,1.0,0.0,0.0,0.0,1.0,368,1.5456e-05,1,1
7124,7,1032,A,0,A,1.0,1.0,1.0,0.0,0.0,0.0,368,1.5456e-05,1,1
7124,9,1230,A,0,A,1.0,1.0,1.0,0.0,0.0,0.0,368,1.5456e-05,1,1
7124,6,1023,A,0,A,1.0,1.0,1.0,0.0,0.0,0.0,368,1.5456e-05,1,1
7124,8,1203,A,0,A,1.0,1.0,1.0,0.0,0.0,0.0,368,1.5456e-05,1,1
7124,10,1302,A,0,A,1.0,1.0,1.0,0.0,0.0,0.0,368,1.5456e-05,1,1
7124,11,1320,A,0,A,1.0,1.0,1.0,0.0,0.0,0.0,368,1.5456e-05,1,1
7124,12,2013,C,2,C,1.0,1.0,0.0,0.0,1.0,0.0,368,1.5456e-05,1,1
7124,15,2130,B,1,B,1.0,1.0,0.0,1.0,0.0,0.0,368,1.5456e-05,1,1
7124,13,2031,D,3,D,1.0,1.0,0.0,0.0,0.0,1.0,368,1.5456e-05,1,1
7124,14,2103,B,1,B,1.0,1.0,0.0,1.0,0.0,0.0,368,1.5456e-05,1,1
7124,16,2301,D,3,D,1.0,1.0,0.0,0.0,0.0,1.0,368,1.5456e-05,1,1
7124,17,2310,C,2,C,1.0,1.0,0.0,0.0,1.0,0.0,368,1.5456e-05,1,1
7124,19,3021,D,3,D,1.0,1.0,0.0,0.0,0.0,1.0,368,1.5456e-05,1,1
7124,18,3012,C,2,C,1.0,1.0,0.0,0.0,1.0,0.0,368,1.5456e-05,1,1
7124,22,3201,D,3,D,1.0,1.0,0.0,0.0,0.0,1.0,368,1.5456e-05,1,1
7124,21,3120,B,1,B,1.0,1.0,0.0,1.0,0.0,0.0,368,1.5456e-05,1,1
7124,23,3210,C,2,C,1.0,1.0,0.0,0.0,1.0,0.0,368,1.5456e-05,1,1
6111,1,0132,C,2,C,0.99,0.99,0.0,0.01,0.99,0.0,370,1.554e-05,1,3
7124,20,3102,B,1,B,1.0,1.0,0.0,1.0,0.0,0.0,368,1.5456e-05,1,1
6111,0,0123,D,3,D,1.0,0.99,0.0,0.0,0.0,1.0,370,1.554e-05,1,3
6111,2,0213,D,3,D,1.0,0.99,0.0,0.0,0.0,1.0,370,1.554e-05,1,3
6111,3,0231,C,2,C,1.0,0.99,0.0,0.0,1.0,0.0,370,1.554e-05,1,3
6111,4,0312,B,1,B,0.99,0.99,0.0,0.99,0.01,0.0,370,1.554e-05,1,3
6111,7,1032,C,2,C,0.99,0.98,0.01,0.0,0.99,0.0,370,1.554e-05,1,3
6111,5,0321,B,1,B,1.0,0.99,0.0,1.0,0.0,0.0,370,1.554e-05,1,3
6111,8,1203,D,3,D,1.0,1.0,0.0,0.0,0.0,1.0,370,1.554e-05,1,3
6111,9,1230,C,2,C,1.0,1.0,0.0,0.0,1.0,0.0,370,1.554e-05,1,3
6111,6,1023,D,3,D,1.0,0.99,0.0,0.0,0.0,1.0,370,1.554e-05,1,3
6111,10,1302,B,1,B,0.99,0.99,0.01,0.99,0.0,0.0,370,1.554e-05,1,3
6111,11,1320,B,1,B,1.0,0.99,0.0,1.0,0.0,0.0,370,1.554e-05,1,3
6111,12,2013,D,3,D,0.99,0.99,0.0,0.0,0.01,0.99,370,1.554e-05,1,3
6111,14,2103,D,3,D,1.0,1.0,0.0,0.0,0.0,1.0,370,1.554e-05,1,3
6111,13,2031,C,2,C,1.0,0.99,0.0,0.0,1.0,0.0,370,1.554e-05,1,3
6111,15,2130,C,2,C,1.0,1.0,0.0,0.0,1.0,0.0,370,1.554e-05,1,3
6111,17,2310,B,1,B,1.0,0.99,0.0,1.0,0.0,0.0,370,1.554e-05,1,3
6111,16,2301,B,1,B,1.0,0.99,0.0,1.0,0.0,0.0,370,1.554e-05,1,3
6111,18,3012,A,0,A,0.99,0.99,0.99,0.0,0.01,0.0,370,1.554e-05,1,3
6111,19,3021,A,0,A,1.0,0.99,1.0,0.0,0.0,0.0,370,1.554e-05,1,3
6111,21,3120,A,0,A,0.99,0.98,0.99,0.01,0.0,0.0,370,1.554e-05,1,3
6111,20,3102,A,0,A,1.0,0.99,1.0,0.0,0.0,0.0,370,1.554e-05,1,3
6111,23,3210,A,0,A,0.99,0.99,0.99,0.0,0.01,0.0,370,1.554e-05,1,3
6111,22,3201,A,0,A,0.99,0.99,0.99,0.0,0.0,0.01,370,1.554e-05,1,3
6036,1,0132,C,2,C,0.97,0.96,0.0,0.0,0.97,0.03,394,1.6548e-05,1,3
6036,0,0123,D,3,D,0.9500000000000001,0.9400000000000001,0.0,0.0,0.05,0.9500000000000001,394,1.6548e-05,1,3
6036,2,0213,D,3,D,0.91,0.88,0.0,0.09,0.0,0.91,394,1.6548e-05,1,3
6036,3,0231,C,2,C,0.68,0.5700000000000001,0.0,0.32,0.68,0.0,394,1.6548e-05,1,3
6036,4,0312,B,1,B,0.98,0.97,0.0,0.98,0.0,0.02,394,1.6548e-05,1,3
6036,5,0321,B,1,B,0.89,0.85,0.0,0.89,0.11,0.0,394,1.6548e-05,1,3
6036,6,1023,D,3,D,0.98,0.97,0.0,0.0,0.02,0.98,394,1.6548e-05,1,3
6036,9,1230,C,2,C,0.97,0.96,0.0,0.03,0.97,0.0,394,1.6548e-05,1,3
6036,8,1203,D,3,D,0.98,0.97,0.0,0.02,0.0,0.98,394,1.6548e-05,1,3
6036,7,1032,C,2,C,0.98,0.97,0.0,0.0,0.98,0.02,394,1.6548e-05,1,3
6036,10,1302,B,1,B,0.99,0.99,0.0,0.99,0.0,0.01,394,1.6548e-05,1,3
6036,11,1320,B,1,B,0.97,0.96,0.0,0.97,0.03,0.0,394,1.6548e-05,1,3
6036,12,2013,D,3,D,0.9500000000000001,0.93,0.05,0.0,0.0,0.9500000000000001,394,1.6548e-05,1,3
6036,13,2031,C,2,C,0.9,0.87,0.1,0.0,0.9,0.0,394,1.6548e-05,1,3
6036,15,2130,C,2,C,0.92,0.9,0.08,0.0,0.92,0.0,394,1.6548e-05,1,3
6036,14,2103,D,3,D,0.9400000000000001,0.92,0.06,0.0,0.0,0.9400000000000001,394,1.6548e-05,1,3
6036,16,2301,B,1,B,0.91,0.87,0.09,0.91,0.0,0.0,394,1.6548e-05,1,3
6036,18,3012,A,0,A,0.99,0.99,0.99,0.0,0.0,0.01,394,1.6548e-05,1,3
6036,17,2310,B,1,B,0.92,0.89,0.08,0.92,0.0,0.0,394,1.6548e-05,1,3
6036,20,3102,A,0,A,0.99,0.99,0.99,0.0,0.0,0.01,394,1.6548e-05,1,3
6036,19,3021,A,0,A,0.97,0.96,0.97,0.0,0.03,0.0,394,1.6548e-05,1,3
6036,23,3210,A,0,A,0.93,0.9,0.93,0.07,0.0,0.0,394,1.6548e-05,1,3
8211,0,0123,D,3,D,1.0,1.0,0.0,0.0,0.0,1.0,369,1.5498000000000003e-05,1,3
6036,22,3201,A,0,A,0.9400000000000001,0.92,0.9400000000000001,0.06,0.0,0.0,394,1.6548e-05,1,3
8211,1,0132,C,2,C,1.0,1.0,0.0,0.0,1.0,0.0,369,1.5498000000000003e-05,1,3
8211,2,0213,D,3,D,1.0,1.0,0.0,0.0,0.0,1.0,369,1.5498000000000003e-05,1,3
6036,21,3120,A,0,A,0.99,0.99,0.99,0.0,0.01,0.0,394,1.6548e-05,1,3
8211,3,0231,C,2,C,1.0,1.0,0.0,0.0,1.0,0.0,369,1.5498000000000003e-05,1,3
8211,5,0321,B,1,B,1.0,1.0,0.0,1.0,0.0,0.0,369,1.5498000000000003e-05,1,3
8211,6,1023,D,3,D,1.0,1.0,0.0,0.0,0.0,1.0,369,1.5498000000000003e-05,1,3
8211,7,1032,C,2,C,1.0,1.0,0.0,0.0,1.0,0.0,369,1.5498000000000003e-05,1,3
8211,4,0312,B,1,B,1.0,1.0,0.0,1.0,0.0,0.0,369,1.5498000000000003e-05,1,3
8211,8,1203,D,3,D,1.0,1.0,0.0,0.0,0.0,1.0,369,1.5498000000000003e-05,1,3
8211,9,1230,C,2,C,1.0,1.0,0.0,0.0,1.0,0.0,369,1.5498000000000003e-05,1,3
8211,10,1302,B,1,B,1.0,1.0,0.0,1.0,0.0,0.0,369,1.5498000000000003e-05,1,3
8211,12,2013,D,3,D,1.0,1.0,0.0,0.0,0.0,1.0,369,1.5498000000000003e-05,1,3
8211,16,2301,B,1,B,1.0,1.0,0.0,1.0,0.0,0.0,369,1.5498000000000003e-05,1,3
8211,14,2103,D,3,D,1.0,1.0,0.0,0.0,0.0,1.0,369,1.5498000000000003e-05,1,3
8211,13,2031,C,2,C,1.0,1.0,0.0,0.0,1.0,0.0,369,1.5498000000000003e-05,1,3
8211,15,2130,C,2,C,1.0,1.0,0.0,0.0,1.0,0.0,369,1.5498000000000003e-05,1,3
8211,11,1320,B,1,B,1.0,1.0,0.0,1.0,0.0,0.0,369,1.5498000000000003e-05,1,3
8211,17,2310,B,1,B,1.0,1.0,0.0,1.0,0.0,0.0,369,1.5498000000000003e-05,1,3
8211,18,3012,A,0,A,1.0,1.0,1.0,0.0,0.0,0.0,369,1.5498000000000003e-05,1,3
8211,19,3021,A,0,A,1.0,1.0,1.0,0.0,0.0,0.0,369,1.5498000000000003e-05,1,3
8211,21,3120,A,0,A,1.0,1.0,1.0,0.0,0.0,0.0,369,1.5498000000000003e-05,1,3
8211,20,3102,A,0,A,1.0,1.0,1.0,0.0,0.0,0.0,369,1.5498000000000003e-05,1,3
8211,23,3210,A,0,A,1.0,1.0,1.0,0.0,0.0,0.0,369,1.5498000000000003e-05,1,3
999,0,0123,A,0,A,0.73,0.63,0.73,0.02,0.07,0.18,358,1.5036000000000001e-05,1,0
8211,22,3201,A,0,A,1.0,1.0,1.0,0.0,0.0,0.0,369,1.5498000000000003e-05,1,3
999,1,0132,A,0,A,0.74,0.64,0.74,0.03,0.15,0.08,358,1.5036000000000001e-05,1,0
999,3,0231,A,0,A,0.809999999999999,0.76,0.809999999999999,0.09,0.06,0.04,358,1.5036000000000001e-05,1,0
999,4,0312,A,0,A,0.77,0.7000000000000001,0.77,0.06,0.07,0.1,358,1.5036000000000001e-05,1,0
999,2,0213,A,0,A,0.81,0.75,0.81,0.07,0.02,0.1,358,1.5036000000000001e-05,1,0
999,5,0321,A,0,A,0.86,0.81,0.86,0.05,0.05,0.04,358,1.5036000000000001e-05,1,0
999,8,1203,C,2,C,0.79,0.73,0.01,0.11,0.79,0.09,358,1.5036000000000001e-05,1,0
999,6,1023,B,1,B,0.74,0.65,0.01,0.74,0.11,0.14,358,1.5036000000000001e-05,1,0
999,7,1032,B,1,B,0.78,0.71,0.02,0.78,0.09,0.11,358,1.5036000000000001e-05,1,0
999,9,1230,D,3,D,0.87,0.8200000000000001,0.01,0.07,0.05,0.87,358,1.5036000000000001e-05,1,0
999,13,2031,B,1,B,0.89,0.86,0.05,0.89,0.03,0.03,358,1.5036000000000001e-05,1,0
999,11,1320,D,3,D,0.88,0.84,0.01,0.02,0.09,0.88,358,1.5036000000000001e-05,1,0
999,12,2013,B,1,B,0.88,0.84,0.05,0.88,0.01,0.06,358,1.5036000000000001e-05,1,0
999,10,1302,C,2,C,0.8,0.74,0.02,0.05,0.8,0.13,358,1.5036000000000001e-05,1,0
999,14,2103,C,2,C,0.8,0.74,0.07,0.01,0.8,0.11,358,1.5036000000000001e-05,1,0
999,16,2301,C,2,C,0.85,0.79,0.07,0.02,0.85,0.06,358,1.5036000000000001e-05,1,0
999,15,2130,D,3,D,0.88,0.86,0.05,0.02,0.05,0.88,358,1.5036000000000001e-05,1,0
999,19,3021,B,1,B,0.8,0.73,0.02,0.8,0.14,0.04,358,1.5036000000000001e-05,1,0
999,17,2310,D,3,D,0.9,0.87,0.04,0.03,0.03,0.9,358,1.5036000000000001e-05,1,0
999,20,3102,C,2,C,0.79,0.72,0.02,0.03,0.79,0.16,358,1.5036000000000001e-05,1,0
999,22,3201,C,2,C,0.86,0.8,0.02,0.09,0.86,0.03,358,1.5036000000000001e-05,1,0
999,18,3012,B,1,B,0.77,0.6900000000000001,0.05,0.77,0.04,0.14,358,1.5036000000000001e-05,1,0
999,21,3120,D,3,D,0.89,0.86,0.01,0.02,0.08,0.89,358,1.5036000000000001e-05,1,0
1907,0,0123,B,1,B,0.74,0.66,0.12,0.74,0.0,0.14,382,1.6044e-05,1,1
1907,1,0132,B,1,B,0.6900000000000001,0.59,0.13,0.6900000000000001,0.18,0.0,382,1.6044e-05,1,1
1907,6,1023,A,0,A,0.67,0.56,0.67,0.14,0.0,0.19,382,1.6044e-05,1,1
1907,3,0231,D,3,D,0.84,0.79,0.08,0.0,0.08,0.84,382,1.6044e-05,1,1
1907,5,0321,D,3,D,0.8200000000000001,0.76,0.09,0.09,0.0,0.8200000000000001,382,1.6044e-05,1,1
1907,4,0312,C,2,C,0.84,0.78,0.06,0.1,0.84,0.0,382,1.6044e-05,1,1
999,23,3210,D,3,D,0.89,0.85,0.02,0.07,0.02,0.89,358,1.5036000000000001e-05,1,0
1907,2,0213,C,2,C,0.68,0.58,0.14,0.0,0.68,0.18,382,1.6044e-05,1,1
1907,7,1032,A,0,A,0.68,0.5700000000000001,0.68,0.19,0.13,0.0,382,1.6044e-05,1,1
1907,8,1203,A,0,A,0.66,0.55,0.66,0.0,0.16,0.18,382,1.6044e-05,1,1
1907,9,1230,A,0,A,0.59,0.45,0.59,0.0,0.23,0.18,382,1.6044e-05,1,1
1907,11,1320,A,0,A,0.66,0.55,0.66,0.21,0.0,0.13,382,1.6044e-05,1,1
1907,12,2013,C,2,C,0.74,0.64,0.0,0.12,0.74,0.14,382,1.6044e-05,1,1
1907,10,1302,A,0,A,0.5700000000000001,0.43,0.5700000000000001,0.26,0.17,0.0,382,1.6044e-05,1,1
1907,14,2103,B,1,B,0.62,0.49,0.0,0.62,0.17,0.21,382,1.6044e-05,1,1
1907,13,2031,D,3,D,0.85,0.8,0.0,0.05,0.1,0.85,382,1.6044e-05,1,1
1907,18,3012,C,2,C,0.65,0.52,0.25,0.1,0.65,0.0,382,1.6044e-05,1,1
1907,17,2310,C,2,C,0.71,0.6000000000000001,0.0,0.15,0.71,0.14,382,1.6044e-05,1,1
1907,15,2130,B,1,B,0.61,0.47000000000000003,0.0,0.61,0.22,0.17,382,1.6044e-05,1,1
1907,16,2301,D,3,D,0.8300000000000001,0.77,0.0,0.09,0.08,0.8300000000000001,382,1.6044e-05,1,1
1907,19,3021,D,3,D,0.66,0.54,0.23,0.11,0.0,0.66,382,1.6044e-05,1,1
1907,21,3120,B,1,B,0.77,0.68,0.16,0.77,0.0,0.07,382,1.6044e-05,1,1
1907,20,3102,B,1,B,0.74,0.66,0.18,0.74,0.08,0.0,382,1.6044e-05,1,1
1907,22,3201,D,3,D,0.72,0.63,0.2,0.0,0.08,0.72,382,1.6044e-05,1,1
8870,0,0123,B,1,B,1.0,1.0,0.0,1.0,0.0,0.0,354,1.4868000000000002e-05,1,1
1907,23,3210,C,2,C,0.75,0.66,0.18,0.0,0.75,0.07,382,1.6044e-05,1,1
8870,1,0132,B,1,B,1.0,1.0,0.0,1.0,0.0,0.0,354,1.4868000000000002e-05,1,1
8870,2,0213,C,2,C,1.0,1.0,0.0,0.0,1.0,0.0,354,1.4868000000000002e-05,1,1
8870,3,0231,D,3,D,1.0,0.99,0.0,0.0,0.0,1.0,354,1.4868000000000002e-05,1,1
8870,5,0321,D,3,D,1.0,1.0,0.0,0.0,0.0,1.0,354,1.4868000000000002e-05,1,1
8870,4,0312,C,2,C,0.99,0.99,0.0,0.01,0.99,0.0,354,1.4868000000000002e-05,1,1
8870,6,1023,A,0,A,1.0,1.0,1.0,0.0,0.0,0.0,354,1.4868000000000002e-05,1,1
8870,8,1203,A,0,A,1.0,0.99,1.0,0.0,0.0,0.0,354,1.4868000000000002e-05,1,1
8870,7,1032,A,0,A,1.0,1.0,1.0,0.0,0.0,0.0,354,1.4868000000000002e-05,1,1
8870,9,1230,A,0,A,1.0,1.0,1.0,0.0,0.0,0.0,354,1.4868000000000002e-05,1,1
8870,11,1320,A,0,A,1.0,0.99,1.0,0.0,0.0,0.0,354,1.4868000000000002e-05,1,1
8870,14,2103,B,1,B,1.0,0.99,0.0,1.0,0.0,0.0,354,1.4868000000000002e-05,1,1
8870,10,1302,A,0,A,1.0,0.99,1.0,0.0,0.0,0.0,354,1.4868000000000002e-05,1,1
8870,12,2013,C,2,C,1.0,0.99,0.0,0.0,1.0,0.0,354,1.4868000000000002e-05,1,1
8870,13,2031,D,3,D,1.0,0.99,0.0,0.0,0.0,1.0,354,1.4868000000000002e-05,1,1
8870,15,2130,B,1,B,1.0,1.0,0.0,1.0,0.0,0.0,354,1.4868000000000002e-05,1,1
8870,16,2301,D,3,D,1.0,0.99,0.0,0.0,0.0,1.0,354,1.4868000000000002e-05,1,1
8870,18,3012,C,2,C,0.99,0.99,0.01,0.0,0.99,0.0,354,1.4868000000000002e-05,1,1
8870,17,2310,C,2,C,0.99,0.99,0.0,0.01,0.99,0.0,354,1.4868000000000002e-05,1,1
8870,20,3102,B,1,B,0.99,0.99,0.01,0.99,0.0,0.0,354,1.4868000000000002e-05,1,1
8870,21,3120,B,1,B,0.99,0.99,0.01,0.99,0.0,0.0,354,1.4868000000000002e-05,1,1
8870,19,3021,D,3,D,0.99,0.99,0.01,0.0,0.0,0.99,354,1.4868000000000002e-05,1,1
8870,22,3201,D,3,D,0.99,0.98,0.01,0.0,0.0,0.99,354,1.4868000000000002e-05,1,1
8870,23,3210,C,2,C,0.99,0.99,0.01,0.0,0.99,0.0,354,1.4868000000000002e-05,1,1
9570,0,0123,D,3,B,0.79,0.71,0.0,0.79,0.18,0.03,388,1.6296e-05,0,1
9570,1,0132,C,2,B,0.8200000000000001,0.75,0.0,0.8200000000000001,0.03,0.15,388,1.6296e-05,0,1
9570,2,0213,D,3,C,0.6000000000000001,0.46,0.0,0.32,0.6000000000000001,0.08,388,1.6296e-05,0,1
9570,4,0312,B,1,C,0.76,0.68,0.0,0.08,0.76,0.16,388,1.6296e-05,0,1
9570,3,0231,C,2,D,0.67,0.55,0.0,0.23,0.1,0.67,388,1.6296e-05,0,1
9570,6,1023,D,3,A,0.8200000000000001,0.75,0.8200000000000001,0.0,0.12,0.06,388,1.6296e-05,0,1
9570,5,0321,B,1,D,0.68,0.56,0.0,0.09,0.23,0.68,388,1.6296e-05,0,1
9570,7,1032,C,2,A,0.86,0.8,0.86,0.0,0.04,0.1,388,1.6296e-05,0,1
9570,8,1203,D,3,A,0.71,0.62,0.71,0.23,0.0,0.06,388,1.6296e-05,0,1
9570,9,1230,C,2,A,0.78,0.7000000000000001,0.78,0.17,0.05,0.0,388,1.6296e-05,0,1
9570,10,1302,B,1,A,0.92,0.89,0.92,0.03,0.0,0.05,388,1.6296e-05,0,1
9570,11,1320,B,1,A,0.87,0.8300000000000001,0.87,0.05,0.08,0.0,388,1.6296e-05,0,1
9570,12,2013,D,3,C,0.62,0.49,0.31,0.0,0.62,0.07,388,1.6296e-05,0,1
9570,14,2103,D,3,B,0.66,0.55,0.29,0.66,0.0,0.05,388,1.6296e-05,0,1
9570,13,2031,C,2,D,0.66,0.54,0.25,0.0,0.09,0.66,388,1.6296e-05,0,1
9570,15,2130,C,2,B,0.65,0.53,0.28,0.65,0.07,0.0,388,1.6296e-05,0,1
9570,16,2301,B,1,D,0.67,0.55,0.26,0.07,0.0,0.67,388,1.6296e-05,0,1
9570,17,2310,B,1,C,0.55,0.39,0.29,0.16,0.55,0.0,388,1.6296e-05,0,1
9570,19,3021,A,0,D,0.74,0.65,0.05,0.0,0.21,0.74,388,1.6296e-05,0,1
9570,18,3012,A,0,C,0.8300000000000001,0.76,0.07,0.0,0.8300000000000001,0.1,388,1.6296e-05,0,1
9570,20,3102,A,0,B,0.84,0.79,0.05,0.84,0.0,0.11,388,1.6296e-05,0,1
9570,21,3120,A,0,B,0.88,0.84,0.05,0.88,0.07,0.0,388,1.6296e-05,0,1
9570,23,3210,A,0,C,0.65,0.53,0.08,0.27,0.65,0.0,388,1.6296e-05,0,1
3230,0,0123,C,2,C,1.0,1.0,0.0,0.0,1.0,0.0,385,1.6170000000000003e-05,1,2
3230,2,0213,B,1,B,1.0,1.0,0.0,1.0,0.0,0.0,385,1.6170000000000003e-05,1,2
9570,22,3201,A,0,D,0.74,0.66,0.06,0.2,0.0,0.74,388,1.6296e-05,0,1
3230,1,0132,D,3,D,1.0,1.0,0.0,0.0,0.0,1.0,385,1.6170000000000003e-05,1,2
3230,3,0231,B,1,B,1.0,1.0,0.0,1.0,0.0,0.0,385,1.6170000000000003e-05,1,2
3230,4,0312,D,3,D,1.0,1.0,0.0,0.0,0.0,1.0,385,1.6170000000000003e-05,1,2
3230,6,1023,C,2,C,1.0,1.0,0.0,0.0,1.0,0.0,385,1.6170000000000003e-05,1,2
3230,5,0321,C,2,C,1.0,1.0,0.0,0.0,1.0,0.0,385,1.6170000000000003e-05,1,2
3230,7,1032,D,3,D,1.0,1.0,0.0,0.0,0.0,1.0,385,1.6170000000000003e-05,1,2
3230,9,1230,B,1,B,1.0,1.0,0.0,1.0,0.0,0.0,385,1.6170000000000003e-05,1,2
3230,8,1203,B,1,B,1.0,1.0,0.0,1.0,0.0,0.0,385,1.6170000000000003e-05,1,2
3230,11,1320,C,2,C,1.0,1.0,0.0,0.0,1.0,0.0,385,1.6170000000000003e-05,1,2
3230,14,2103,A,0,A,1.0,1.0,1.0,0.0,0.0,0.0,385,1.6170000000000003e-05,1,2
3230,10,1302,D,3,D,1.0,1.0,0.0,0.0,0.0,1.0,385,1.6170000000000003e-05,1,2
3230,13,2031,A,0,A,1.0,1.0,1.0,0.0,0.0,0.0,385,1.6170000000000003e-05,1,2
3230,15,2130,A,0,A,1.0,1.0,1.0,0.0,0.0,0.0,385,1.6170000000000003e-05,1,2
3230,12,2013,A,0,A,1.0,1.0,1.0,0.0,0.0,0.0,385,1.6170000000000003e-05,1,2
3230,17,2310,A,0,A,1.0,1.0,1.0,0.0,0.0,0.0,385,1.6170000000000003e-05,1,2
3230,16,2301,A,0,A,1.0,1.0,1.0,0.0,0.0,0.0,385,1.6170000000000003e-05,1,2
3230,18,3012,D,3,D,1.0,1.0,0.0,0.0,0.0,1.0,385,1.6170000000000003e-05,1,2
3230,19,3021,C,2,C,1.0,1.0,0.0,0.0,1.0,0.0,385,1.6170000000000003e-05,1,2
3230,20,3102,D,3,D,1.0,1.0,0.0,0.0,0.0,1.0,385,1.6170000000000003e-05,1,2
3230,21,3120,C,2,C,1.0,1.0,0.0,0.0,1.0,0.0,385,1.6170000000000003e-05,1,2
3230,23,3210,B,1,B,1.0,1.0,0.0,1.0,0.0,0.0,385,1.6170000000000003e-05,1,2
10193,0,0123,C,2,A,0.61,0.48,0.61,0.03,0.33,0.03,380,1.5960000000000003e-05,0,0
10193,1,0132,D,3,A,0.59,0.47000000000000003,0.59,0.02,0.04,0.35000000000000003,380,1.5960000000000003e-05,0,0
10193,2,0213,B,1,A,0.58,0.42,0.58,0.39,0.01,0.02,380,1.5960000000000003e-05,0,0
3230,22,3201,B,1,B,1.0,1.0,0.0,1.0,0.0,0.0,385,1.6170000000000003e-05,1,2
10193,3,0231,B,1,A,0.55,0.4,0.55,0.39,0.05,0.01,380,1.5960000000000003e-05,0,0
10193,4,0312,D,3,A,0.67,0.56,0.67,0.03,0.01,0.29,380,1.5960000000000003e-05,0,0
10193,5,0321,C,2,A,0.63,0.5,0.63,0.03,0.32,0.02,380,1.5960000000000003e-05,0,0
10193,8,1203,B,1,C,0.5,0.33,0.02,0.44,0.5,0.04,380,1.5960000000000003e-05,0,0
10193,7,1032,D,3,B,0.56,0.42,0.02,0.56,0.08,0.33,380,1.5960000000000003e-05,0,0
10193,6,1023,C,2,C,0.48,0.31,0.02,0.46,0.48,0.04,380,1.5960000000000003e-05,1,2
10193,9,1230,B,1,B,0.459999999999999,0.29,0.03,0.459999999999999,0.08,0.43,380,1.5960000000000003e-05,1,2
10193,10,1302,D,3,C,0.48,0.31,0.02,0.02,0.48,0.48,380,1.5960000000000003e-05,0,0
10193,11,1320,C,2,C,0.49,0.32,0.02,0.03,0.49,0.46,380,1.5960000000000003e-05,1,2
10193,12,2013,A,0,B,0.7000000000000001,0.6000000000000001,0.26,0.7000000000000001,0.02,0.02,380,1.5960000000000003e-05,0,0
10193,14,2103,A,0,C,0.54,0.39,0.39,0.03,0.54,0.04,380,1.5960000000000003e-05,0,0
10193,13,2031,A,0,B,0.66,0.55,0.28,0.66,0.04,0.02,380,1.5960000000000003e-05,0,0
10193,15,2130,A,0,D,0.55,0.4,0.36,0.04,0.05,0.55,380,1.5960000000000003e-05,0,0
10193,16,2301,A,0,A,0.48,0.31,0.48,0.06,0.45,0.01,380,1.5960000000000003e-05,1,2
10193,19,3021,C,2,B,0.65,0.54,0.07,0.65,0.27,0.01,380,1.5960000000000003e-05,0,0
10193,17,2310,A,0,A,0.47000000000000003,0.30000000000000004,0.47000000000000003,0.07,0.03,0.43,380,1.5960000000000003e-05,1,2
10193,18,3012,D,3,B,0.66,0.55,0.09,0.66,0.01,0.24,380,1.5960000000000003e-05,0,0
10193,20,3102,D,3,C,0.52,0.36,0.12,0.01,0.52,0.35000000000000003,380,1.5960000000000003e-05,0,0
10193,21,3120,C,2,C,0.48,0.31,0.07,0.03,0.48,0.42,380,1.5960000000000003e-05,1,2
10193,23,3210,B,1,B,0.54,0.38,0.08,0.54,0.01,0.37,380,1.5960000000000003e-05,1,2
6835,1,0132,A,0,A,0.99,0.98,0.99,0.0,0.01,0.0,398,1.6716000000000004e-05,1,0
6835,0,0123,A,0,A,0.99,0.99,0.99,0.0,0.0,0.01,398,1.6716000000000004e-05,1,0
6835,3,0231,A,0,A,0.98,0.98,0.98,0.0,0.02,0.0,398,1.6716000000000004e-05,1,0
6835,2,0213,A,0,A,0.99,0.98,0.99,0.0,0.0,0.01,398,1.6716000000000004e-05,1,0
10193,22,3201,B,1,B,0.48,0.31,0.05,0.48,0.46,0.01,380,1.5960000000000003e-05,1,2
6835,4,0312,A,0,A,0.99,0.99,0.99,0.01,0.0,0.0,398,1.6716000000000004e-05,1,0
6835,5,0321,A,0,A,0.99,0.99,0.99,0.01,0.0,0.0,398,1.6716000000000004e-05,1,0
6835,6,1023,B,1,B,0.99,0.99,0.0,0.99,0.0,0.01,398,1.6716000000000004e-05,1,0
6835,9,1230,D,3,D,1.0,0.99,0.0,0.0,0.0,1.0,398,1.6716000000000004e-05,1,0
6835,11,1320,D,3,D,1.0,1.0,0.0,0.0,0.0,1.0,398,1.6716000000000004e-05,1,0
6835,8,1203,C,2,C,0.99,0.99,0.0,0.0,0.99,0.01,398,1.6716000000000004e-05,1,0
6835,10,1302,C,2,C,1.0,1.0,0.0,0.0,1.0,0.0,398,1.6716000000000004e-05,1,0
6835,7,1032,B,1,B,0.99,0.99,0.0,0.99,0.01,0.0,398,1.6716000000000004e-05,1,0
6835,12,2013,B,1,B,0.99,0.98,0.0,0.99,0.0,0.01,398,1.6716000000000004e-05,1,0
6835,13,2031,B,1,B,1.0,0.99,0.0,1.0,0.0,0.0,398,1.6716000000000004e-05,1,0
6835,14,2103,C,2,C,0.99,0.99,0.0,0.0,0.99,0.01,398,1.6716000000000004e-05,1,0
6835,16,2301,C,2,C,1.0,1.0,0.0,0.0,1.0,0.0,398,1.6716000000000004e-05,1,0
6835,17,2310,D,3,D,1.0,1.0,0.0,0.0,0.0,1.0,398,1.6716000000000004e-05,1,0
6835,18,3012,B,1,B,1.0,1.0,0.0,1.0,0.0,0.0,398,1.6716000000000004e-05,1,0
6835,15,2130,D,3,D,1.0,0.99,0.0,0.0,0.0,1.0,398,1.6716000000000004e-05,1,0
6835,19,3021,B,1,B,1.0,1.0,0.0,1.0,0.0,0.0,398,1.6716000000000004e-05,1,0
6835,21,3120,D,3,D,1.0,1.0,0.0,0.0,0.0,1.0,398,1.6716000000000004e-05,1,0
6835,20,3102,C,2,C,1.0,1.0,0.0,0.0,1.0,0.0,398,1.6716000000000004e-05,1,0
4523,1,0132,B,1,B,0.96,0.9400000000000001,0.03,0.96,0.0,0.01,376,1.5792000000000004e-05,1,1
4523,2,0213,C,2,C,0.85,0.79,0.1,0.04,0.85,0.01,376,1.5792000000000004e-05,1,1
4523,0,0123,B,1,B,0.96,0.9500000000000001,0.03,0.96,0.01,0.0,376,1.5792000000000004e-05,1,1
6835,23,3210,D,3,D,1.0,1.0,0.0,0.0,0.0,1.0,398,1.6716000000000004e-05,1,0
6835,22,3201,C,2,C,1.0,1.0,0.0,0.0,1.0,0.0,398,1.6716000000000004e-05,1,0
4523,3,0231,D,3,D,0.78,0.71,0.14,0.07,0.01,0.78,376,1.5792000000000004e-05,1,1
4523,4,0312,C,2,C,0.85,0.79,0.12,0.01,0.85,0.02,376,1.5792000000000004e-05,1,1
4523,5,0321,D,3,D,0.78,0.7000000000000001,0.16,0.02,0.04,0.78,376,1.5792000000000004e-05,1,1
4523,8,1203,A,0,A,0.99,0.98,0.99,0.01,0.0,0.0,376,1.5792000000000004e-05,1,1
4523,7,1032,A,0,A,0.98,0.98,0.98,0.01,0.0,0.01,376,1.5792000000000004e-05,1,1
4523,12,2013,C,2,C,0.93,0.91,0.04,0.02,0.93,0.0,376,1.5792000000000004e-05,1,1
4523,10,1302,A,0,A,0.98,0.98,0.98,0.0,0.01,0.01,376,1.5792000000000004e-05,1,1
4523,9,1230,A,0,A,0.99,0.98,0.99,0.01,0.0,0.0,376,1.5792000000000004e-05,1,1
4523,11,1320,A,0,A,0.98,0.97,0.98,0.0,0.01,0.01,376,1.5792000000000004e-05,1,1
4523,13,2031,D,3,D,0.84,0.79,0.1,0.05,0.01,0.84,376,1.5792000000000004e-05,1,1
4523,14,2103,B,1,B,0.9500000000000001,0.93,0.04,0.9500000000000001,0.01,0.0,376,1.5792000000000004e-05,1,1
4523,6,1023,A,0,A,0.98,0.98,0.98,0.01,0.01,0.0,376,1.5792000000000004e-05,1,1
4523,16,2301,D,3,D,0.88,0.84,0.08,0.01,0.03,0.88,376,1.5792000000000004e-05,1,1
4523,17,2310,C,2,C,0.89,0.86,0.08,0.01,0.89,0.02,376,1.5792000000000004e-05,1,1
4523,15,2130,B,1,B,0.9500000000000001,0.93,0.04,0.9500000000000001,0.0,0.01,376,1.5792000000000004e-05,1,1
4523,19,3021,D,3,D,0.9,0.86,0.03,0.04,0.03,0.9,376,1.5792000000000004e-05,1,1
4523,20,3102,B,1,B,0.91,0.88,0.04,0.91,0.03,0.02,376,1.5792000000000004e-05,1,1
4523,21,3120,B,1,B,0.91,0.89,0.04,0.91,0.03,0.02,376,1.5792000000000004e-05,1,1
4523,22,3201,D,3,D,0.92,0.89,0.02,0.04,0.02,0.92,376,1.5792000000000004e-05,1,1
3308,0,0123,A,0,A,1.0,1.0,1.0,0.0,0.0,0.0,364,1.5288e-05,1,0
4523,18,3012,C,2,C,0.9500000000000001,0.92,0.02,0.02,0.9500000000000001,0.01,376,1.5792000000000004e-05,1,1
3308,2,0213,A,0,A,1.0,1.0,1.0,0.0,0.0,0.0,364,1.5288e-05,1,0
4523,23,3210,C,2,C,0.91,0.88,0.03,0.04,0.91,0.02,376,1.5792000000000004e-05,1,1
3308,1,0132,A,0,A,1.0,1.0,1.0,0.0,0.0,0.0,364,1.5288e-05,1,0
3308,3,0231,A,0,A,1.0,1.0,1.0,0.0,0.0,0.0,364,1.5288e-05,1,0
3308,7,1032,B,1,B,1.0,1.0,0.0,1.0,0.0,0.0,364,1.5288e-05,1,0
3308,4,0312,A,0,A,1.0,1.0,1.0,0.0,0.0,0.0,364,1.5288e-05,1,0
3308,6,1023,B,1,B,1.0,1.0,0.0,1.0,0.0,0.0,364,1.5288e-05,1,0
3308,5,0321,A,0,A,1.0,1.0,1.0,0.0,0.0,0.0,364,1.5288e-05,1,0
3308,8,1203,C,2,C,1.0,1.0,0.0,0.0,1.0,0.0,364,1.5288e-05,1,0
3308,9,1230,D,3,D,1.0,1.0,0.0,0.0,0.0,1.0,364,1.5288e-05,1,0
3308,11,1320,D,3,D,1.0,1.0,0.0,0.0,0.0,1.0,364,1.5288e-05,1,0
3308,10,1302,C,2,C,1.0,1.0,0.0,0.0,1.0,0.0,364,1.5288e-05,1,0
3308,12,2013,B,1,B,1.0,1.0,0.0,1.0,0.0,0.0,364,1.5288e-05,1,0
3308,14,2103,C,2,C,1.0,1.0,0.0,0.0,1.0,0.0,364,1.5288e-05,1,0
3308,13,2031,B,1,B,1.0,1.0,0.0,1.0,0.0,0.0,364,1.5288e-05,1,0
3308,15,2130,D,3,D,1.0,1.0,0.0,0.0,0.0,1.0,364,1.5288e-05,1,0
3308,17,2310,D,3,D,1.0,1.0,0.0,0.0,0.0,1.0,364,1.5288e-05,1,0
3308,18,3012,B,1,B,1.0,1.0,0.0,1.0,0.0,0.0,364,1.5288e-05,1,0
3308,16,2301,C,2,C,1.0,1.0,0.0,0.0,1.0,0.0,364,1.5288e-05,1,0
3308,20,3102,C,2,C,1.0,1.0,0.0,0.0,1.0,0.0,364,1.5288e-05,1,0
3308,21,3120,D,3,D,1.0,1.0,0.0,0.0,0.0,1.0,364,1.5288e-05,1,0
3308,22,3201,C,2,C,1.0,1.0,0.0,0.0,1.0,0.0,364,1.5288e-05,1,0
1073,0,0123,C,2,C,0.5,0.32,0.49,0.01,0.5,0.0,383,1.6086e-05,1,2
3308,23,3210,D,3,D,1.0,1.0,0.0,0.0,0.0,1.0,364,1.5288e-05,1,0
1073,1,0132,D,3,D,0.55,0.4,0.44,0.01,0.0,0.55,383,1.6086e-05,1,2
1073,2,0213,B,1,B,0.53,0.38,0.45,0.53,0.01,0.01,383,1.6086e-05,1,2
1073,4,0312,D,3,D,0.59,0.46,0.4,0.0,0.01,0.59,383,1.6086e-05,1,2
1073,5,0321,C,2,C,0.59,0.44,0.4,0.0,0.59,0.01,383,1.6086e-05,1,2
1073,6,1023,C,2,B,0.67,0.56,0.03,0.67,0.30000000000000004,0.0,383,1.6086e-05,0,0
1073,3,0231,B,1,B,0.56,0.4,0.43,0.56,0.0,0.01,383,1.6086e-05,1,2
1073,7,1032,D,3,B,0.64,0.51,0.02,0.64,0.0,0.34,383,1.6086e-05,0,0
1073,8,1203,B,1,B,0.6900000000000001,0.59,0.03,0.6900000000000001,0.28,0.0,383,1.6086e-05,1,2
1073,9,1230,B,1,B,0.73,0.63,0.02,0.73,0.0,0.25,383,1.6086e-05,1,2
1073,10,1302,D,3,C,0.75,0.67,0.03,0.01,0.75,0.21,383,1.6086e-05,0,0
1073,11,1320,C,2,C,0.6000000000000001,0.47000000000000003,0.02,0.01,0.6000000000000001,0.37,383,1.6086e-05,1,2
1073,13,2031,A,0,A,0.65,0.54,0.65,0.34,0.0,0.01,383,1.6086e-05,1,2
1073,15,2130,A,0,A,0.72,0.62,0.72,0.02,0.0,0.26,383,1.6086e-05,1,2
1073,14,2103,A,0,A,0.76,0.68,0.76,0.02,0.22,0.0,383,1.6086e-05,1,2
1073,12,2013,A,0,A,0.63,0.5,0.63,0.36,0.01,0.0,383,1.6086e-05,1,2
1073,16,2301,A,0,A,0.68,0.5700000000000001,0.68,0.0,0.31,0.01,383,1.6086e-05,1,2
1073,17,2310,A,0,A,0.66,0.54,0.66,0.0,0.02,0.32,383,1.6086e-05,1,2
1073,21,3120,C,2,C,0.6000000000000001,0.47000000000000003,0.01,0.01,0.6000000000000001,0.38,383,1.6086e-05,1,2
1073,19,3021,C,2,C,0.5,0.33,0.02,0.46,0.5,0.02,383,1.6086e-05,1,2
1073,20,3102,D,3,C,0.7000000000000001,0.6000000000000001,0.01,0.02,0.7000000000000001,0.27,383,1.6086e-05,0,0
1073,18,3012,D,3,B,0.5,0.33,0.01,0.5,0.01,0.48,383,1.6086e-05,0,0
1073,22,3201,B,1,B,0.68,0.56,0.02,0.68,0.30000000000000004,0.0,383,1.6086e-05,1,2
1073,23,3210,B,1,B,0.72,0.63,0.02,0.72,0.01,0.25,383,1.6086e-05,1,2
5190,0,0123,D,3,D,1.0,1.0,0.0,0.0,0.0,1.0,366,1.5372e-05,1,3
5190,1,0132,C,2,C,1.0,1.0,0.0,0.0,1.0,0.0,366,1.5372e-05,1,3
5190,3,0231,C,2,C,1.0,1.0,0.0,0.0,1.0,0.0,366,1.5372e-05,1,3
3308,19,3021,B,1,B,1.0,1.0,0.0,1.0,0.0,0.0,364,1.5288e-05,1,0
5190,4,0312,B,1,B,1.0,1.0,0.0,1.0,0.0,0.0,366,1.5372e-05,1,3
5190,5,0321,B,1,B,1.0,1.0,0.0,1.0,0.0,0.0,366,1.5372e-05,1,3
5190,2,0213,D,3,D,1.0,1.0,0.0,0.0,0.0,1.0,366,1.5372e-05,1,3
5190,6,1023,D,3,D,1.0,1.0,0.0,0.0,0.0,1.0,366,1.5372e-05,1,3
5190,7,1032,C,2,C,1.0,1.0,0.0,0.0,1.0,0.0,366,1.5372e-05,1,3
5190,9,1230,C,2,C,1.0,1.0,0.0,0.0,1.0,0.0,366,1.5372e-05,1,3
5190,10,1302,B,1,B,1.0,1.0,0.0,1.0,0.0,0.0,366,1.5372e-05,1,3
5190,8,1203,D,3,D,1.0,1.0,0.0,0.0,0.0,1.0,366,1.5372e-05,1,3
5190,12,2013,D,3,D,1.0,1.0,0.0,0.0,0.0,1.0,366,1.5372e-05,1,3
5190,11,1320,B,1,B,1.0,1.0,0.0,1.0,0.0,0.0,366,1.5372e-05,1,3
5190,13,2031,C,2,C,1.0,1.0,0.0,0.0,1.0,0.0,366,1.5372e-05,1,3
5190,14,2103,D,3,D,1.0,0.99,0.0,0.0,0.0,1.0,366,1.5372e-05,1,3
5190,15,2130,C,2,C,1.0,1.0,0.0,0.0,1.0,0.0,366,1.5372e-05,1,3
5190,17,2310,B,1,B,1.0,1.0,0.0,1.0,0.0,0.0,366,1.5372e-05,1,3
5190,16,2301,B,1,B,1.0,0.99,0.0,1.0,0.0,0.0,366,1.5372e-05,1,3
5190,18,3012,A,0,A,1.0,1.0,1.0,0.0,0.0,0.0,366,1.5372e-05,1,3
5190,20,3102,A,0,A,1.0,1.0,1.0,0.0,0.0,0.0,366,1.5372e-05,1,3
5190,19,3021,A,0,A,1.0,1.0,1.0,0.0,0.0,0.0,366,1.5372e-05,1,3
5190,21,3120,A,0,A,1.0,1.0,1.0,0.0,0.0,0.0,366,1.5372e-05,1,3
5190,22,3201,A,0,A,1.0,1.0,1.0,0.0,0.0,0.0,366,1.5372e-05,1,3
5190,23,3210,A,0,A,1.0,1.0,1.0,0.0,0.0,0.0,366,1.5372e-05,1,3
4589,1,0132,A,0,A,1.0,1.0,1.0,0.0,0.0,0.0,388,1.6296e-05,1,0
4589,2,0213,A,0,A,1.0,1.0,1.0,0.0,0.0,0.0,388,1.6296e-05,1,0
4589,4,0312,A,0,A,1.0,1.0,1.0,0.0,0.0,0.0,388,1.6296e-05,1,0
4589,6,1023,B,1,B,1.0,1.0,0.0,1.0,0.0,0.0,388,1.6296e-05,1,0
4589,3,0231,A,0,A,1.0,1.0,1.0,0.0,0.0,0.0,388,1.6296e-05,1,0
4589,5,0321,A,0,A,1.0,1.0,1.0,0.0,0.0,0.0,388,1.6296e-05,1,0
4589,7,1032,B,1,B,1.0,1.0,0.0,1.0,0.0,0.0,388,1.6296e-05,1,0
4589,0,0123,A,0,A,1.0,1.0,1.0,0.0,0.0,0.0,388,1.6296e-05,1,0
4589,8,1203,C,2,C,1.0,1.0,0.0,0.0,1.0,0.0,388,1.6296e-05,1,0
4589,9,1230,D,3,D,1.0,1.0,0.0,0.0,0.0,1.0,388,1.6296e-05,1,0
4589,12,2013,B,1,B,1.0,1.0,0.0,1.0,0.0,0.0,388,1.6296e-05,1,0
4589,11,1320,D,3,D,1.0,1.0,0.0,0.0,0.0,1.0,388,1.6296e-05,1,0
4589,13,2031,B,1,B,1.0,1.0,0.0,1.0,0.0,0.0,388,1.6296e-05,1,0
4589,10,1302,C,2,C,1.0,1.0,0.0,0.0,1.0,0.0,388,1.6296e-05,1,0
4589,15,2130,D,3,D,1.0,1.0,0.0,0.0,0.0,1.0,388,1.6296e-05,1,0
4589,14,2103,C,2,C,1.0,1.0,0.0,0.0,1.0,0.0,388,1.6296e-05,1,0
4589,16,2301,C,2,C,1.0,1.0,0.0,0.0,1.0,0.0,388,1.6296e-05,1,0
4589,17,2310,D,3,D,1.0,1.0,0.0,0.0,0.0,1.0,388,1.6296e-05,1,0
4589,18,3012,B,1,B,1.0,1.0,0.0,1.0,0.0,0.0,388,1.6296e-05,1,0
4589,19,3021,B,1,B,1.0,1.0,0.0,1.0,0.0,0.0,388,1.6296e-05,1,0
4589,20,3102,C,2,C,1.0,1.0,0.0,0.0,1.0,0.0,388,1.6296e-05,1,0
4589,23,3210,D,3,D,1.0,1.0,0.0,0.0,0.0,1.0,388,1.6296e-05,1,0
57,0,0123,B,1,B,1.0,1.0,0.0,1.0,0.0,0.0,378,1.5876000000000002e-05,1,1
4589,22,3201,C,2,C,1.0,1.0,0.0,0.0,1.0,0.0,388,1.6296e-05,1,0
4589,21,3120,D,3,D,1.0,1.0,0.0,0.0,0.0,1.0,388,1.6296e-05,1,0
57,3,0231,D,3,D,1.0,1.0,0.0,0.0,0.0,1.0,378,1.5876000000000002e-05,1,1
57,1,0132,B,1,B,1.0,1.0,0.0,1.0,0.0,0.0,378,1.5876000000000002e-05,1,1
57,6,1023,A,0,A,1.0,1.0,1.0,0.0,0.0,0.0,378,1.5876000000000002e-05,1,1
57,4,0312,C,2,C,1.0,1.0,0.0,0.0,1.0,0.0,378,1.5876000000000002e-05,1,1
57,7,1032,A,0,A,1.0,1.0,1.0,0.0,0.0,0.0,378,1.5876000000000002e-05,1,1
57,2,0213,C,2,C,1.0,1.0,0.0,0.0,1.0,0.0,378,1.5876000000000002e-05,1,1
57,5,0321,D,3,D,1.0,1.0,0.0,0.0,0.0,1.0,378,1.5876000000000002e-05,1,1
57,8,1203,A,0,A,1.0,1.0,1.0,0.0,0.0,0.0,378,1.5876000000000002e-05,1,1
57,9,1230,A,0,A,1.0,1.0,1.0,0.0,0.0,0.0,378,1.5876000000000002e-05,1,1
57,11,1320,A,0,A,1.0,1.0,1.0,0.0,0.0,0.0,378,1.5876000000000002e-05,1,1
57,10,1302,A,0,A,1.0,1.0,1.0,0.0,0.0,0.0,378,1.5876000000000002e-05,1,1
57,14,2103,B,1,B,1.0,1.0,0.0,1.0,0.0,0.0,378,1.5876000000000002e-05,1,1
57,15,2130,B,1,B,1.0,1.0,0.0,1.0,0.0,0.0,378,1.5876000000000002e-05,1,1
57,12,2013,C,2,C,1.0,1.0,0.0,0.0,1.0,0.0,378,1.5876000000000002e-05,1,1
57,17,2310,C,2,C,1.0,1.0,0.0,0.0,1.0,0.0,378,1.5876000000000002e-05,1,1
57,16,2301,D,3,D,1.0,1.0,0.0,0.0,0.0,1.0,378,1.5876000000000002e-05,1,1
57,18,3012,C,2,C,1.0,1.0,0.0,0.0,1.0,0.0,378,1.5876000000000002e-05,1,1
57,13,2031,D,3,D,1.0,1.0,0.0,0.0,0.0,1.0,378,1.5876000000000002e-05,1,1
57,20,3102,B,1,B,1.0,1.0,0.0,1.0,0.0,0.0,378,1.5876000000000002e-05,1,1
57,19,3021,D,3,D,1.0,1.0,0.0,0.0,0.0,1.0,378,1.5876000000000002e-05,1,1
57,22,3201,D,3,D,1.0,1.0,0.0,0.0,0.0,1.0,378,1.5876000000000002e-05,1,1
57,21,3120,B,1,B,1.0,1.0,0.0,1.0,0.0,0.0,378,1.5876000000000002e-05,1,1
57,23,3210,C,2,C,1.0,1.0,0.0,0.0,1.0,0.0,378,1.5876000000000002e-05,1,1
8442,0,0123,B,1,B,1.0,1.0,0.0,1.0,0.0,0.0,388,1.6296e-05,1,1
8442,1,0132,B,1,B,1.0,1.0,0.0,1.0,0.0,0.0,388,1.6296e-05,1,1
8442,3,0231,D,3,D,1.0,1.0,0.0,0.0,0.0,1.0,388,1.6296e-05,1,1
8442,5,0321,D,3,D,1.0,1.0,0.0,0.0,0.0,1.0,388,1.6296e-05,1,1
8442,2,0213,C,2,C,1.0,1.0,0.0,0.0,1.0,0.0,388,1.6296e-05,1,1
8442,4,0312,C,2,C,1.0,1.0,0.0,0.0,1.0,0.0,388,1.6296e-05,1,1
8442,8,1203,A,0,A,1.0,1.0,1.0,0.0,0.0,0.0,388,1.6296e-05,1,1
8442,7,1032,A,0,A,1.0,1.0,1.0,0.0,0.0,0.0,388,1.6296e-05,1,1
8442,6,1023,A,0,A,1.0,1.0,1.0,0.0,0.0,0.0,388,1.6296e-05,1,1
8442,9,1230,A,0,A,1.0,1.0,1.0,0.0,0.0,0.0,388,1.6296e-05,1,1
8442,11,1320,A,0,A,1.0,1.0,1.0,0.0,0.0,0.0,388,1.6296e-05,1,1
8442,12,2013,C,2,C,1.0,1.0,0.0,0.0,1.0,0.0,388,1.6296e-05,1,1
8442,14,2103,B,1,B,1.0,1.0,0.0,1.0,0.0,0.0,388,1.6296e-05,1,1
8442,10,1302,A,0,A,1.0,1.0,1.0,0.0,0.0,0.0,388,1.6296e-05,1,1
8442,15,2130,B,1,B,1.0,1.0,0.0,1.0,0.0,0.0,388,1.6296e-05,1,1
8442,16,2301,D,3,D,1.0,1.0,0.0,0.0,0.0,1.0,388,1.6296e-05,1,1
8442,13,2031,D,3,D,1.0,1.0,0.0,0.0,0.0,1.0,388,1.6296e-05,1,1
8442,17,2310,C,2,C,1.0,1.0,0.0,0.0,1.0,0.0,388,1.6296e-05,1,1
8442,18,3012,C,2,C,1.0,1.0,0.0,0.0,1.0,0.0,388,1.6296e-05,1,1
8442,20,3102,B,1,B,1.0,1.0,0.0,1.0,0.0,0.0,388,1.6296e-05,1,1
8442,22,3201,D,3,D,1.0,1.0,0.0,0.0,0.0,1.0,388,1.6296e-05,1,1
8442,23,3210,C,2,C,1.0,1.0,0.0,0.0,1.0,0.0,388,1.6296e-05,1,1
8442,19,3021,D,3,D,1.0,1.0,0.0,0.0,0.0,1.0,388,1.6296e-05,1,1
8442,21,3120,B,1,B,1.0,1.0,0.0,1.0,0.0,0.0,388,1.6296e-05,1,1
4651,0,0123,C,2,A,0.86,0.8,0.86,0.0,0.14,0.0,376,1.5792000000000004e-05,0,0
4651,1,0132,D,3,A,0.87,0.8200000000000001,0.87,0.0,0.0,0.13,376,1.5792000000000004e-05,0,0
4651,2,0213,B,1,A,0.8200000000000001,0.76,0.8200000000000001,0.18,0.0,0.0,376,1.5792000000000004e-05,0,0
4651,3,0231,B,1,A,0.8,0.73,0.8,0.2,0.0,0.0,376,1.5792000000000004e-05,0,0
4651,6,1023,C,2,B,0.9,0.87,0.0,0.9,0.1,0.0,376,1.5792000000000004e-05,0,0
4651,5,0321,C,2,A,0.85,0.8,0.85,0.0,0.15,0.0,376,1.5792000000000004e-05,0,0
4651,9,1230,B,1,D,0.6000000000000001,0.47000000000000003,0.0,0.4,0.0,0.6000000000000001,376,1.5792000000000004e-05,0,0
4651,4,0312,D,3,A,0.8300000000000001,0.77,0.8300000000000001,0.0,0.0,0.17,376,1.5792000000000004e-05,0,0
4651,7,1032,D,3,B,0.85,0.8,0.0,0.85,0.0,0.15,376,1.5792000000000004e-05,0,0
4651,8,1203,B,1,C,0.58,0.43,0.0,0.42,0.58,0.0,376,1.5792000000000004e-05,0,0
4651,11,1320,C,2,D,0.65,0.54,0.0,0.0,0.35000000000000003,0.65,376,1.5792000000000004e-05,0,0
4651,10,1302,D,3,C,0.87,0.8200000000000001,0.0,0.0,0.87,0.13,376,1.5792000000000004e-05,0,0
4651,12,2013,A,0,B,0.64,0.52,0.36,0.64,0.0,0.0,376,1.5792000000000004e-05,0,0
4651,13,2031,A,0,B,0.66,0.55,0.34,0.66,0.0,0.0,376,1.5792000000000004e-05,0,0
4651,14,2103,A,0,C,0.67,0.55,0.33,0.0,0.67,0.0,376,1.5792000000000004e-05,0,0
4651,17,2310,A,0,D,0.7000000000000001,0.6000000000000001,0.30000000000000004,0.0,0.0,0.7000000000000001,376,1.5792000000000004e-05,0,0
4651,16,2301,A,0,C,0.62,0.49,0.38,0.0,0.62,0.0,376,1.5792000000000004e-05,0,0
4651,15,2130,A,0,D,0.68,0.5700000000000001,0.32,0.0,0.0,0.68,376,1.5792000000000004e-05,0,0
4651,20,3102,D,3,C,0.86,0.8200000000000001,0.0,0.0,0.86,0.14,376,1.5792000000000004e-05,0,0
4651,19,3021,C,2,B,0.8200000000000001,0.76,0.0,0.8200000000000001,0.18,0.0,376,1.5792000000000004e-05,0,0
4651,18,3012,D,3,B,0.8,0.73,0.0,0.8,0.0,0.2,376,1.5792000000000004e-05,0,0
4651,21,3120,C,2,D,0.64,0.52,0.0,0.0,0.36,0.64,376,1.5792000000000004e-05,0,0
4651,22,3201,B,1,C,0.66,0.55,0.0,0.34,0.66,0.0,376,1.5792000000000004e-05,0,0
5152,0,0123,D,3,D,0.5700000000000001,0.42,0.0,0.0,0.43,0.5700000000000001,372,1.5624e-05,1,3
4651,23,3210,B,1,D,0.79,0.71,0.0,0.21,0.0,0.79,376,1.5792000000000004e-05,0,0
5152,2,0213,D,3,D,0.5700000000000001,0.42,0.0,0.43,0.0,0.5700000000000001,372,1.5624e-05,1,3
5152,1,0132,C,2,C,0.68,0.58,0.0,0.0,0.68,0.32,372,1.5624e-05,1,3
5152,4,0312,B,1,B,0.68,0.5700000000000001,0.0,0.68,0.0,0.32,372,1.5624e-05,1,3
5152,3,0231,C,2,C,0.5700000000000001,0.42,0.0,0.43,0.5700000000000001,0.0,372,1.5624e-05,1,3
5152,5,0321,B,1,B,0.72,0.63,0.0,0.72,0.28,0.0,372,1.5624e-05,1,3
5152,6,1023,D,3,D,0.55,0.4,0.0,0.0,0.45,0.55,372,1.5624e-05,1,3
5152,8,1203,D,3,D,0.6000000000000001,0.46,0.0,0.4,0.0,0.6000000000000001,372,1.5624e-05,1,3
5152,10,1302,B,1,B,0.6900000000000001,0.58,0.0,0.6900000000000001,0.0,0.31,372,1.5624e-05,1,3
5152,7,1032,C,2,C,0.66,0.54,0.0,0.0,0.66,0.34,372,1.5624e-05,1,3
5152,13,2031,C,2,C,0.58,0.43,0.42,0.0,0.58,0.0,372,1.5624e-05,1,3
5152,11,1320,B,1,B,0.8200000000000001,0.75,0.0,0.8200000000000001,0.18,0.0,372,1.5624e-05,1,3
5152,12,2013,D,3,D,0.56,0.41000000000000003,0.44,0.0,0.0,0.56,372,1.5624e-05,1,3
5152,14,2103,D,3,D,0.55,0.4,0.45,0.0,0.0,0.55,372,1.5624e-05,1,3
5152,9,1230,C,2,C,0.6900000000000001,0.59,0.0,0.31,0.6900000000000001,0.0,372,1.5624e-05,1,3
5152,15,2130,C,2,C,0.61,0.48,0.39,0.0,0.61,0.0,372,1.5624e-05,1,3
5152,16,2301,B,1,B,0.78,0.7000000000000001,0.22,0.78,0.0,0.0,372,1.5624e-05,1,3
5152,19,3021,A,0,A,0.68,0.5700000000000001,0.68,0.0,0.32,0.0,372,1.5624e-05,1,3
5152,20,3102,A,0,A,0.74,0.65,0.74,0.0,0.0,0.26,372,1.5624e-05,1,3
5152,17,2310,B,1,B,0.75,0.67,0.25,0.75,0.0,0.0,372,1.5624e-05,1,3
5152,18,3012,A,0,A,0.7000000000000001,0.6000000000000001,0.7000000000000001,0.0,0.0,0.30000000000000004,372,1.5624e-05,1,3
5152,21,3120,A,0,A,0.78,0.7000000000000001,0.78,0.0,0.22,0.0,372,1.5624e-05,1,3
5152,22,3201,A,0,A,0.74,0.65,0.74,0.26,0.0,0.0,372,1.5624e-05,1,3
6646,2,0213,A,0,C,0.59,0.46,0.41000000000000003,0.0,0.59,0.0,373,1.5666000000000002e-05,0,1
6646,3,0231,A,0,D,0.75,0.67,0.25,0.0,0.0,0.75,373,1.5666000000000002e-05,0,1
6646,0,0123,A,0,B,0.65,0.53,0.35000000000000003,0.65,0.0,0.0,373,1.5666000000000002e-05,0,1
6646,1,0132,A,0,B,0.68,0.5700000000000001,0.32,0.68,0.0,0.0,373,1.5666000000000002e-05,0,1
6646,5,0321,A,0,D,0.81,0.74,0.19,0.0,0.0,0.81,373,1.5666000000000002e-05,0,1
6646,6,1023,B,1,A,0.79,0.71,0.79,0.21,0.0,0.0,373,1.5666000000000002e-05,0,1
6646,4,0312,A,0,C,0.6900000000000001,0.59,0.31,0.0,0.6900000000000001,0.0,373,1.5666000000000002e-05,0,1
5152,23,3210,A,0,A,0.77,0.6900000000000001,0.77,0.23,0.0,0.0,372,1.5624e-05,1,3
6646,7,1032,B,1,A,0.84,0.78,0.84,0.16,0.0,0.0,373,1.5666000000000002e-05,0,1
6646,9,1230,D,3,A,0.9500000000000001,0.93,0.9500000000000001,0.0,0.0,0.05,373,1.5666000000000002e-05,0,1
6646,8,1203,C,2,A,0.98,0.97,0.98,0.0,0.02,0.0,373,1.5666000000000002e-05,0,1
6646,10,1302,C,2,A,0.9400000000000001,0.92,0.9400000000000001,0.0,0.06,0.0,373,1.5666000000000002e-05,0,1
6646,11,1320,D,3,A,0.97,0.96,0.97,0.0,0.0,0.03,373,1.5666000000000002e-05,0,1
6646,12,2013,B,1,C,0.87,0.8200000000000001,0.0,0.13,0.87,0.0,373,1.5666000000000002e-05,0,1
6646,13,2031,B,1,D,0.9400000000000001,0.91,0.0,0.06,0.0,0.9400000000000001,373,1.5666000000000002e-05,0,1
6646,14,2103,C,2,B,0.96,0.9400000000000001,0.0,0.96,0.04,0.0,373,1.5666000000000002e-05,0,1
6646,15,2130,D,3,B,0.9400000000000001,0.92,0.0,0.9400000000000001,0.0,0.06,373,1.5666000000000002e-05,0,1
6646,18,3012,B,1,C,0.89,0.85,0.0,0.11,0.89,0.0,373,1.5666000000000002e-05,0,1
6646,16,2301,C,2,D,0.92,0.9,0.0,0.0,0.08,0.92,373,1.5666000000000002e-05,0,1
6646,17,2310,D,3,C,0.97,0.96,0.0,0.0,0.97,0.03,373,1.5666000000000002e-05,0,1
6646,20,3102,C,2,B,0.9500000000000001,0.9400000000000001,0.0,0.9500000000000001,0.05,0.0,373,1.5666000000000002e-05,0,1
6646,21,3120,D,3,B,0.96,0.9500000000000001,0.0,0.96,0.0,0.04,373,1.5666000000000002e-05,0,1
6646,22,3201,C,2,D,0.9400000000000001,0.92,0.0,0.0,0.06,0.9400000000000001,373,1.5666000000000002e-05,0,1
6646,19,3021,B,1,D,0.96,0.9400000000000001,0.0,0.04,0.0,0.96,373,1.5666000000000002e-05,0,1
4108,0,0123,B,1,B,1.0,1.0,0.0,1.0,0.0,0.0,369,1.5498000000000003e-05,1,1
4108,3,0231,D,3,D,1.0,1.0,0.0,0.0,0.0,1.0,369,1.5498000000000003e-05,1,1
6646,23,3210,D,3,C,0.98,0.97,0.0,0.0,0.98,0.02,373,1.5666000000000002e-05,0,1
4108,1,0132,B,1,B,1.0,1.0,0.0,1.0,0.0,0.0,369,1.5498000000000003e-05,1,1
4108,5,0321,D,3,D,1.0,1.0,0.0,0.0,0.0,1.0,369,1.5498000000000003e-05,1,1
4108,2,0213,C,2,C,1.0,1.0,0.0,0.0,1.0,0.0,369,1.5498000000000003e-05,1,1
4108,4,0312,C,2,C,1.0,1.0,0.0,0.0,1.0,0.0,369,1.5498000000000003e-05,1,1
4108,6,1023,A,0,A,1.0,1.0,1.0,0.0,0.0,0.0,369,1.5498000000000003e-05,1,1
4108,7,1032,A,0,A,1.0,1.0,1.0,0.0,0.0,0.0,369,1.5498000000000003e-05,1,1
4108,8,1203,A,0,A,1.0,1.0,1.0,0.0,0.0,0.0,369,1.5498000000000003e-05,1,1
4108,10,1302,A,0,A,1.0,1.0,1.0,0.0,0.0,0.0,369,1.5498000000000003e-05,1,1
4108,13,2031,D,3,D,1.0,1.0,0.0,0.0,0.0,1.0,369,1.5498000000000003e-05,1,1
4108,12,2013,C,2,C,1.0,1.0,0.0,0.0,1.0,0.0,369,1.5498000000000003e-05,1,1
4108,9,1230,A,0,A,1.0,1.0,1.0,0.0,0.0,0.0,369,1.5498000000000003e-05,1,1
4108,14,2103,B,1,B,1.0,1.0,0.0,1.0,0.0,0.0,369,1.5498000000000003e-05,1,1
4108,11,1320,A,0,A,1.0,1.0,1.0,0.0,0.0,0.0,369,1.5498000000000003e-05,1,1
4108,15,2130,B,1,B,1.0,1.0,0.0,1.0,0.0,0.0,369,1.5498000000000003e-05,1,1
4108,17,2310,C,2,C,1.0,1.0,0.0,0.0,1.0,0.0,369,1.5498000000000003e-05,1,1
4108,16,2301,D,3,D,1.0,1.0,0.0,0.0,0.0,1.0,369,1.5498000000000003e-05,1,1
4108,20,3102,B,1,B,1.0,1.0,0.0,1.0,0.0,0.0,369,1.5498000000000003e-05,1,1
4108,18,3012,C,2,C,1.0,1.0,0.0,0.0,1.0,0.0,369,1.5498000000000003e-05,1,1
4108,19,3021,D,3,D,1.0,1.0,0.0,0.0,0.0,1.0,369,1.5498000000000003e-05,1,1
4108,21,3120,B,1,B,1.0,1.0,0.0,1.0,0.0,0.0,369,1.5498000000000003e-05,1,1
1294,1,0132,D,3,D,0.79,0.72,0.0,0.2,0.01,0.79,392,1.6464000000000004e-05,1,2
4108,22,3201,D,3,D,1.0,1.0,0.0,0.0,0.0,1.0,369,1.5498000000000003e-05,1,1
4108,23,3210,C,2,C,1.0,1.0,0.0,0.0,1.0,0.0,369,1.5498000000000003e-05,1,1
1294,0,0123,C,2,C,0.76,0.68,0.0,0.21,0.76,0.03,392,1.6464000000000004e-05,1,2
1294,2,0213,B,1,B,0.75,0.66,0.0,0.75,0.23,0.02,392,1.6464000000000004e-05,1,2
1294,3,0231,B,1,B,0.78,0.72,0.01,0.78,0.01,0.2,392,1.6464000000000004e-05,1,2
1294,4,0312,D,3,D,0.85,0.8,0.0,0.01,0.14,0.85,392,1.6464000000000004e-05,1,2
1294,5,0321,C,2,C,0.71,0.61,0.0,0.01,0.71,0.28,392,1.6464000000000004e-05,1,2
1294,6,1023,C,2,C,0.67,0.56,0.31,0.0,0.67,0.02,392,1.6464000000000004e-05,1,2
1294,9,1230,B,1,B,0.75,0.66,0.24,0.75,0.01,0.0,392,1.6464000000000004e-05,1,2
1294,8,1203,B,1,B,0.72,0.62,0.27,0.72,0.0,0.01,392,1.6464000000000004e-05,1,2
1294,10,1302,D,3,D,0.56,0.42,0.4,0.03,0.0,0.56,392,1.6464000000000004e-05,1,2
1294,11,1320,C,2,C,0.6900000000000001,0.58,0.29,0.02,0.6900000000000001,0.0,392,1.6464000000000004e-05,1,2
1294,7,1032,D,3,D,0.73,0.64,0.26,0.0,0.01,0.73,392,1.6464000000000004e-05,1,2
1294,13,2031,A,0,A,0.73,0.64,0.73,0.01,0.01,0.25,392,1.6464000000000004e-05,1,2
1294,14,2103,A,0,B,0.6000000000000001,0.46,0.39,0.6000000000000001,0.0,0.01,392,1.6464000000000004e-05,0,1
1294,12,2013,A,0,A,0.63,0.51,0.63,0.01,0.34,0.02,392,1.6464000000000004e-05,1,2
1294,16,2301,A,0,A,0.5,0.34,0.5,0.03,0.01,0.46,392,1.6464000000000004e-05,1,2
1294,15,2130,A,0,B,0.63,0.51,0.36,0.63,0.01,0.0,392,1.6464000000000004e-05,0,1
1294,17,2310,A,0,A,0.51,0.34,0.51,0.01,0.48,0.0,392,1.6464000000000004e-05,1,2
1294,18,3012,D,3,D,0.87,0.8200000000000001,0.02,0.0,0.11,0.87,392,1.6464000000000004e-05,1,2
1294,20,3102,D,3,D,0.78,0.71,0.03,0.19,0.0,0.78,392,1.6464000000000004e-05,1,2
1294,19,3021,C,2,C,0.75,0.67,0.02,0.0,0.75,0.23,392,1.6464000000000004e-05,1,2
1294,21,3120,C,2,C,0.77,0.6900000000000001,0.02,0.21,0.77,0.0,392,1.6464000000000004e-05,1,2
1294,23,3210,B,1,B,0.62,0.5,0.02,0.62,0.36,0.0,392,1.6464000000000004e-05,1,2
1294,22,3201,B,1,B,0.72,0.63,0.03,0.72,0.01,0.24,392,1.6464000000000004e-05,1,2
7563,0,0123,C,2,C,1.0,1.0,0.0,0.0,1.0,0.0,389,1.6338000000000002e-05,1,2
7563,1,0132,D,3,D,1.0,1.0,0.0,0.0,0.0,1.0,389,1.6338000000000002e-05,1,2
7563,2,0213,B,1,B,1.0,1.0,0.0,1.0,0.0,0.0,389,1.6338000000000002e-05,1,2
7563,3,0231,B,1,B,1.0,1.0,0.0,1.0,0.0,0.0,389,1.6338000000000002e-05,1,2
7563,4,0312,D,3,D,1.0,1.0,0.0,0.0,0.0,1.0,389,1.6338000000000002e-05,1,2
7563,5,0321,C,2,C,1.0,1.0,0.0,0.0,1.0,0.0,389,1.6338000000000002e-05,1,2
7563,6,1023,C,2,C,1.0,1.0,0.0,0.0,1.0,0.0,389,1.6338000000000002e-05,1,2
7563,7,1032,D,3,D,1.0,1.0,0.0,0.0,0.0,1.0,389,1.6338000000000002e-05,1,2
7563,8,1203,B,1,B,1.0,1.0,0.0,1.0,0.0,0.0,389,1.6338000000000002e-05,1,2
7563,9,1230,B,1,B,1.0,1.0,0.0,1.0,0.0,0.0,389,1.6338000000000002e-05,1,2
7563,10,1302,D,3,D,1.0,1.0,0.0,0.0,0.0,1.0,389,1.6338000000000002e-05,1,2
7563,11,1320,C,2,C,1.0,1.0,0.0,0.0,1.0,0.0,389,1.6338000000000002e-05,1,2
7563,12,2013,A,0,A,1.0,1.0,1.0,0.0,0.0,0.0,389,1.6338000000000002e-05,1,2
7563,14,2103,A,0,A,1.0,1.0,1.0,0.0,0.0,0.0,389,1.6338000000000002e-05,1,2
7563,15,2130,A,0,A,1.0,1.0,1.0,0.0,0.0,0.0,389,1.6338000000000002e-05,1,2
7563,16,2301,A,0,A,1.0,1.0,1.0,0.0,0.0,0.0,389,1.6338000000000002e-05,1,2
7563,13,2031,A,0,A,1.0,1.0,1.0,0.0,0.0,0.0,389,1.6338000000000002e-05,1,2
7563,17,2310,A,0,A,1.0,1.0,1.0,0.0,0.0,0.0,389,1.6338000000000002e-05,1,2
7563,18,3012,D,3,D,1.0,1.0,0.0,0.0,0.0,1.0,389,1.6338000000000002e-05,1,2
7563,19,3021,C,2,C,1.0,1.0,0.0,0.0,1.0,0.0,389,1.6338000000000002e-05,1,2
7563,22,3201,B,1,B,1.0,1.0,0.0,1.0,0.0,0.0,389,1.6338000000000002e-05,1,2
7563,20,3102,D,3,D,1.0,1.0,0.0,0.0,0.0,1.0,389,1.6338000000000002e-05,1,2
7563,23,3210,B,1,B,1.0,1.0,0.0,1.0,0.0,0.0,389,1.6338000000000002e-05,1,2
7563,21,3120,C,2,C,1.0,1.0,0.0,0.0,1.0,0.0,389,1.6338000000000002e-05,1,2
660,1,0132,A,0,A,1.0,1.0,1.0,0.0,0.0,0.0,378,1.5876000000000002e-05,1,0
660,0,0123,A,0,A,1.0,1.0,1.0,0.0,0.0,0.0,378,1.5876000000000002e-05,1,0
660,2,0213,A,0,A,1.0,1.0,1.0,0.0,0.0,0.0,378,1.5876000000000002e-05,1,0
660,3,0231,A,0,A,1.0,1.0,1.0,0.0,0.0,0.0,378,1.5876000000000002e-05,1,0
660,4,0312,A,0,A,1.0,1.0,1.0,0.0,0.0,0.0,378,1.5876000000000002e-05,1,0
660,5,0321,A,0,A,1.0,1.0,1.0,0.0,0.0,0.0,378,1.5876000000000002e-05,1,0
660,6,1023,B,1,B,1.0,1.0,0.0,1.0,0.0,0.0,378,1.5876000000000002e-05,1,0
660,7,1032,B,1,B,1.0,1.0,0.0,1.0,0.0,0.0,378,1.5876000000000002e-05,1,0
660,8,1203,C,2,C,1.0,1.0,0.0,0.0,1.0,0.0,378,1.5876000000000002e-05,1,0
660,9,1230,D,3,D,1.0,1.0,0.0,0.0,0.0,1.0,378,1.5876000000000002e-05,1,0
660,10,1302,C,2,C,1.0,1.0,0.0,0.0,1.0,0.0,378,1.5876000000000002e-05,1,0
660,12,2013,B,1,B,1.0,1.0,0.0,1.0,0.0,0.0,378,1.5876000000000002e-05,1,0
660,11,1320,D,3,D,1.0,1.0,0.0,0.0,0.0,1.0,378,1.5876000000000002e-05,1,0
660,13,2031,B,1,B,1.0,1.0,0.0,1.0,0.0,0.0,378,1.5876000000000002e-05,1,0
660,14,2103,C,2,C,1.0,1.0,0.0,0.0,1.0,0.0,378,1.5876000000000002e-05,1,0
660,15,2130,D,3,D,1.0,1.0,0.0,0.0,0.0,1.0,378,1.5876000000000002e-05,1,0
660,16,2301,C,2,C,1.0,1.0,0.0,0.0,1.0,0.0,378,1.5876000000000002e-05,1,0
660,17,2310,D,3,D,1.0,1.0,0.0,0.0,0.0,1.0,378,1.5876000000000002e-05,1,0
660,18,3012,B,1,B,1.0,1.0,0.0,1.0,0.0,0.0,378,1.5876000000000002e-05,1,0
660,20,3102,C,2,C,1.0,1.0,0.0,0.0,1.0,0.0,378,1.5876000000000002e-05,1,0
660,19,3021,B,1,B,1.0,1.0,0.0,1.0,0.0,0.0,378,1.5876000000000002e-05,1,0
660,21,3120,D,3,D,1.0,1.0,0.0,0.0,0.0,1.0,378,1.5876000000000002e-05,1,0
660,23,3210,D,3,D,1.0,1.0,0.0,0.0,0.0,1.0,378,1.5876000000000002e-05,1,0
6535,1,0132,A,0,A,1.0,1.0,1.0,0.0,0.0,0.0,387,1.6254e-05,1,0
6535,0,0123,A,0,A,1.0,1.0,1.0,0.0,0.0,0.0,387,1.6254e-05,1,0
660,22,3201,C,2,C,1.0,1.0,0.0,0.0,1.0,0.0,378,1.5876000000000002e-05,1,0
6535,2,0213,A,0,A,1.0,1.0,1.0,0.0,0.0,0.0,387,1.6254e-05,1,0
6535,4,0312,A,0,A,1.0,1.0,1.0,0.0,0.0,0.0,387,1.6254e-05,1,0
6535,3,0231,A,0,A,1.0,1.0,1.0,0.0,0.0,0.0,387,1.6254e-05,1,0
6535,5,0321,A,0,A,1.0,1.0,1.0,0.0,0.0,0.0,387,1.6254e-05,1,0
6535,6,1023,B,1,B,1.0,0.99,0.0,1.0,0.0,0.0,387,1.6254e-05,1,0
6535,7,1032,B,1,B,1.0,0.99,0.0,1.0,0.0,0.0,387,1.6254e-05,1,0
6535,9,1230,D,3,D,1.0,1.0,0.0,0.0,0.0,1.0,387,1.6254e-05,1,0
6535,8,1203,C,2,C,0.99,0.99,0.0,0.01,0.99,0.0,387,1.6254e-05,1,0
6535,10,1302,C,2,C,1.0,1.0,0.0,0.0,1.0,0.0,387,1.6254e-05,1,0
6535,11,1320,D,3,D,1.0,0.99,0.0,0.0,0.0,1.0,387,1.6254e-05,1,0
6535,12,2013,B,1,B,0.99,0.98,0.01,0.99,0.0,0.0,387,1.6254e-05,1,0
6535,14,2103,C,2,C,0.99,0.98,0.01,0.0,0.99,0.0,387,1.6254e-05,1,0
6535,13,2031,B,1,B,0.99,0.98,0.01,0.99,0.0,0.0,387,1.6254e-05,1,0
6535,15,2130,D,3,D,0.99,0.98,0.01,0.0,0.0,0.99,387,1.6254e-05,1,0
6535,16,2301,C,2,C,0.99,0.99,0.01,0.0,0.99,0.0,387,1.6254e-05,1,0
6535,17,2310,D,3,D,0.99,0.99,0.01,0.0,0.0,0.99,387,1.6254e-05,1,0
6535,18,3012,B,1,B,1.0,1.0,0.0,1.0,0.0,0.0,387,1.6254e-05,1,0
6535,20,3102,C,2,C,1.0,1.0,0.0,0.0,1.0,0.0,387,1.6254e-05,1,0
6535,19,3021,B,1,B,1.0,1.0,0.0,1.0,0.0,0.0,387,1.6254e-05,1,0
6535,21,3120,D,3,D,1.0,0.99,0.0,0.0,0.0,1.0,387,1.6254e-05,1,0
6535,22,3201,C,2,C,1.0,1.0,0.0,0.0,1.0,0.0,387,1.6254e-05,1,0
6535,23,3210,D,3,D,1.0,1.0,0.0,0.0,0.0,1.0,387,1.6254e-05,1,0
9023,0,0123,B,1,B,0.97,0.96,0.03,0.97,0.0,0.0,386,1.6212e-05,1,1
9023,1,0132,B,1,B,0.96,0.9500000000000001,0.04,0.96,0.0,0.0,386,1.6212e-05,1,1
9023,2,0213,C,2,C,0.93,0.91,0.07,0.0,0.93,0.0,386,1.6212e-05,1,1
9023,4,0312,C,2,C,0.9400000000000001,0.92,0.06,0.0,0.9400000000000001,0.0,386,1.6212e-05,1,1
9023,6,1023,A,0,A,0.97,0.96,0.97,0.03,0.0,0.0,386,1.6212e-05,1,1
9023,3,0231,D,3,D,0.9,0.87,0.1,0.0,0.0,0.9,386,1.6212e-05,1,1
9023,7,1032,A,0,A,0.96,0.9500000000000001,0.96,0.04,0.0,0.0,386,1.6212e-05,1,1
9023,8,1203,A,0,A,0.97,0.97,0.97,0.0,0.03,0.0,386,1.6212e-05,1,1
9023,5,0321,D,3,D,0.9500000000000001,0.9400000000000001,0.05,0.0,0.0,0.9500000000000001,386,1.6212e-05,1,1
9023,9,1230,A,0,A,0.98,0.97,0.98,0.0,0.0,0.02,386,1.6212e-05,1,1
9023,10,1302,A,0,A,0.96,0.9400000000000001,0.96,0.0,0.04,0.0,386,1.6212e-05,1,1
9023,11,1320,A,0,A,0.96,0.9500000000000001,0.96,0.0,0.0,0.04,386,1.6212e-05,1,1
9023,12,2013,C,2,C,0.98,0.97,0.0,0.02,0.98,0.0,386,1.6212e-05,1,1
9023,14,2103,B,1,B,0.96,0.9500000000000001,0.0,0.96,0.04,0.0,386,1.6212e-05,1,1
9023,13,2031,D,3,D,0.97,0.96,0.0,0.03,0.0,0.97,386,1.6212e-05,1,1
9023,15,2130,B,1,B,0.9500000000000001,0.93,0.0,0.9500000000000001,0.0,0.05,386,1.6212e-05,1,1
9023,16,2301,D,3,D,0.97,0.96,0.0,0.0,0.03,0.97,386,1.6212e-05,1,1
9023,17,2310,C,2,C,0.96,0.9500000000000001,0.0,0.0,0.96,0.04,386,1.6212e-05,1,1
9023,18,3012,C,2,C,0.97,0.9500000000000001,0.0,0.03,0.97,0.0,386,1.6212e-05,1,1
9023,22,3201,D,3,D,0.98,0.97,0.0,0.0,0.02,0.98,386,1.6212e-05,1,1
9023,19,3021,D,3,D,0.98,0.98,0.0,0.02,0.0,0.98,386,1.6212e-05,1,1
9023,23,3210,C,2,C,0.9500000000000001,0.9400000000000001,0.0,0.0,0.9500000000000001,0.05,386,1.6212e-05,1,1
9023,21,3120,B,1,B,0.96,0.9400000000000001,0.0,0.96,0.0,0.04,386,1.6212e-05,1,1
9023,20,3102,B,1,B,0.9400000000000001,0.92,0.0,0.9400000000000001,0.06,0.0,386,1.6212e-05,1,1
7312,0,0123,C,2,C,0.92,0.88,0.05,0.01,0.92,0.02,367,1.5414e-05,1,2
7312,2,0213,B,1,B,0.84,0.78,0.11,0.84,0.02,0.03,367,1.5414e-05,1,2
7312,3,0231,B,1,B,0.87,0.8200000000000001,0.1,0.87,0.02,0.01,367,1.5414e-05,1,2
7312,4,0312,D,3,D,0.88,0.84,0.09,0.02,0.01,0.88,367,1.5414e-05,1,2
7312,8,1203,B,1,B,0.929999999999999,0.92,0.02,0.929999999999999,0.03,0.02,367,1.5414e-05,1,2
7312,6,1023,C,2,C,0.91,0.88,0.02,0.04,0.91,0.03,367,1.5414e-05,1,2
7312,1,0132,D,3,D,0.85,0.8,0.07,0.02,0.06,0.85,367,1.5414e-05,1,2
7312,5,0321,C,2,C,0.87,0.8300000000000001,0.09,0.02,0.87,0.02,367,1.5414e-05,1,2
7312,7,1032,D,3,D,0.87,0.8300000000000001,0.03,0.05,0.05,0.87,367,1.5414e-05,1,2
7312,9,1230,B,1,B,0.91,0.89,0.02,0.91,0.02,0.05,367,1.5414e-05,1,2
7312,10,1302,D,3,D,0.81,0.74,0.06,0.05,0.08,0.81,367,1.5414e-05,1,2
7312,11,1320,C,2,C,0.86,0.8300000000000001,0.03,0.04,0.86,0.07,367,1.5414e-05,1,2
7312,12,2013,A,0,A,0.8200000000000001,0.75,0.8200000000000001,0.12,0.04,0.02,367,1.5414e-05,1,2
7312,13,2031,A,0,A,0.79,0.71,0.79,0.18,0.01,0.02,367,1.5414e-05,1,2
7312,14,2103,A,0,A,0.8300000000000001,0.77,0.8300000000000001,0.04,0.1,0.03,367,1.5414e-05,1,2
7312,15,2130,A,0,A,0.81,0.75,0.81,0.04,0.02,0.12,367,1.5414e-05,1,2
7312,16,2301,A,0,A,0.77,0.6900000000000001,0.77,0.01,0.19,0.03,367,1.5414e-05,1,2
7312,17,2310,A,0,A,0.84,0.79,0.84,0.01,0.04,0.11,367,1.5414e-05,1,2
7312,19,3021,C,2,C,0.79,0.71,0.02,0.17,0.79,0.02,367,1.5414e-05,1,2
7312,18,3012,D,3,D,0.88,0.85,0.02,0.08,0.02,0.88,367,1.5414e-05,1,2
7312,20,3102,D,3,D,0.91,0.88,0.02,0.02,0.05,0.91,367,1.5414e-05,1,2
7312,21,3120,C,2,C,0.92,0.89,0.02,0.01,0.92,0.05,367,1.5414e-05,1,2
7312,22,3201,B,1,B,0.81,0.75,0.03,0.81,0.12,0.04,367,1.5414e-05,1,2
4743,0,0123,C,2,C,1.0,1.0,0.0,0.0,1.0,0.0,384,1.6128000000000002e-05,1,2
7312,23,3210,B,1,B,0.85,0.81,0.03,0.85,0.04,0.08,367,1.5414e-05,1,2
4743,3,0231,B,1,B,1.0,0.99,0.0,1.0,0.0,0.0,384,1.6128000000000002e-05,1,2
4743,2,0213,B,1,B,1.0,0.99,0.0,1.0,0.0,0.0,384,1.6128000000000002e-05,1,2
4743,1,0132,D,3,D,1.0,0.99,0.0,0.0,0.0,1.0,384,1.6128000000000002e-05,1,2
4743,4,0312,D,3,D,1.0,0.99,0.0,0.0,0.0,1.0,384,1.6128000000000002e-05,1,2
4743,7,1032,D,3,D,1.0,1.0,0.0,0.0,0.0,1.0,384,1.6128000000000002e-05,1,2
4743,6,1023,C,2,C,1.0,1.0,0.0,0.0,1.0,0.0,384,1.6128000000000002e-05,1,2
4743,5,0321,C,2,C,1.0,0.99,0.0,0.0,1.0,0.0,384,1.6128000000000002e-05,1,2
4743,8,1203,B,1,B,1.0,0.99,0.0,1.0,0.0,0.0,384,1.6128000000000002e-05,1,2
4743,11,1320,C,2,C,1.0,1.0,0.0,0.0,1.0,0.0,384,1.6128000000000002e-05,1,2
4743,9,1230,B,1,B,1.0,1.0,0.0,1.0,0.0,0.0,384,1.6128000000000002e-05,1,2
4743,12,2013,A,0,A,1.0,1.0,1.0,0.0,0.0,0.0,384,1.6128000000000002e-05,1,2
4743,14,2103,A,0,A,1.0,1.0,1.0,0.0,0.0,0.0,384,1.6128000000000002e-05,1,2
4743,10,1302,D,3,D,1.0,1.0,0.0,0.0,0.0,1.0,384,1.6128000000000002e-05,1,2
4743,13,2031,A,0,A,1.0,1.0,1.0,0.0,0.0,0.0,384,1.6128000000000002e-05,1,2
4743,16,2301,A,0,A,1.0,1.0,1.0,0.0,0.0,0.0,384,1.6128000000000002e-05,1,2
4743,17,2310,A,0,A,1.0,1.0,1.0,0.0,0.0,0.0,384,1.6128000000000002e-05,1,2
4743,18,3012,D,3,D,1.0,1.0,0.0,0.0,0.0,1.0,384,1.6128000000000002e-05,1,2
4743,15,2130,A,0,A,1.0,1.0,1.0,0.0,0.0,0.0,384,1.6128000000000002e-05,1,2
4743,23,3210,B,1,B,1.0,0.99,0.0,1.0,0.0,0.0,384,1.6128000000000002e-05,1,2
4743,21,3120,C,2,C,1.0,1.0,0.0,0.0,1.0,0.0,384,1.6128000000000002e-05,1,2
4743,20,3102,D,3,D,1.0,0.99,0.0,0.0,0.0,1.0,384,1.6128000000000002e-05,1,2
4743,19,3021,C,2,C,1.0,0.99,0.0,0.0,1.0,0.0,384,1.6128000000000002e-05,1,2
4743,22,3201,B,1,B,1.0,1.0,0.0,1.0,0.0,0.0,384,1.6128000000000002e-05,1,2
3392,1,0132,A,0,D,0.99,0.99,0.01,0.0,0.0,0.99,381,1.6002000000000004e-05,0,2
3392,0,0123,A,0,C,0.99,0.99,0.01,0.0,0.99,0.0,381,1.6002000000000004e-05,0,2
3392,3,0231,A,0,B,1.0,0.99,0.0,1.0,0.0,0.0,381,1.6002000000000004e-05,0,2
3392,2,0213,A,0,B,1.0,0.99,0.0,1.0,0.0,0.0,381,1.6002000000000004e-05,0,2
3392,4,0312,A,0,D,1.0,0.99,0.0,0.0,0.0,1.0,381,1.6002000000000004e-05,0,2
3392,5,0321,A,0,C,0.99,0.99,0.01,0.0,0.99,0.0,381,1.6002000000000004e-05,0,2
3392,6,1023,B,1,C,0.99,0.98,0.0,0.01,0.99,0.0,381,1.6002000000000004e-05,0,2
3392,7,1032,B,1,D,0.99,0.98,0.0,0.01,0.0,0.99,381,1.6002000000000004e-05,0,2
3392,8,1203,C,2,B,0.99,0.99,0.0,0.99,0.01,0.0,381,1.6002000000000004e-05,0,2
3392,10,1302,C,2,D,0.99,0.98,0.0,0.0,0.01,0.99,381,1.6002000000000004e-05,0,2
3392,9,1230,D,3,B,0.99,0.98,0.0,0.99,0.0,0.01,381,1.6002000000000004e-05,0,2
3392,12,2013,B,1,A,1.0,0.99,1.0,0.0,0.0,0.0,381,1.6002000000000004e-05,0,2
3392,11,1320,D,3,C,0.99,0.98,0.0,0.0,0.99,0.01,381,1.6002000000000004e-05,0,2
3392,13,2031,B,1,A,0.99,0.99,0.99,0.01,0.0,0.0,381,1.6002000000000004e-05,0,2
3392,14,2103,C,2,A,0.99,0.98,0.99,0.0,0.01,0.0,381,1.6002000000000004e-05,0,2
3392,15,2130,D,3,A,0.99,0.98,0.99,0.0,0.0,0.01,381,1.6002000000000004e-05,0,2
3392,16,2301,C,2,A,1.0,0.99,1.0,0.0,0.0,0.0,381,1.6002000000000004e-05,0,2
3392,17,2310,D,3,A,0.99,0.99,0.99,0.0,0.0,0.01,381,1.6002000000000004e-05,0,2
3392,19,3021,B,1,C,0.99,0.98,0.0,0.01,0.99,0.0,381,1.6002000000000004e-05,0,2
3392,21,3120,D,3,C,0.99,0.99,0.0,0.0,0.99,0.01,381,1.6002000000000004e-05,0,2
3392,22,3201,C,2,B,1.0,0.99,0.0,1.0,0.0,0.0,381,1.6002000000000004e-05,0,2
3392,20,3102,C,2,D,0.98,0.97,0.0,0.0,0.02,0.98,381,1.6002000000000004e-05,0,2
3392,18,3012,B,1,D,0.99,0.99,0.0,0.01,0.0,0.99,381,1.6002000000000004e-05,0,2
3392,23,3210,D,3,B,0.98,0.98,0.01,0.98,0.0,0.01,381,1.6002000000000004e-05,0,2
10054,0,0123,A,0,A,1.0,1.0,1.0,0.0,0.0,0.0,370,1.554e-05,1,0
10054,1,0132,A,0,A,1.0,1.0,1.0,0.0,0.0,0.0,370,1.554e-05,1,0
10054,2,0213,A,0,A,1.0,1.0,1.0,0.0,0.0,0.0,370,1.554e-05,1,0
10054,6,1023,B,1,B,1.0,1.0,0.0,1.0,0.0,0.0,370,1.554e-05,1,0
10054,4,0312,A,0,A,1.0,1.0,1.0,0.0,0.0,0.0,370,1.554e-05,1,0
10054,3,0231,A,0,A,1.0,1.0,1.0,0.0,0.0,0.0,370,1.554e-05,1,0
10054,7,1032,B,1,B,1.0,1.0,0.0,1.0,0.0,0.0,370,1.554e-05,1,0
10054,8,1203,C,2,C,1.0,1.0,0.0,0.0,1.0,0.0,370,1.554e-05,1,0
10054,5,0321,A,0,A,1.0,1.0,1.0,0.0,0.0,0.0,370,1.554e-05,1,0
10054,11,1320,D,3,D,1.0,1.0,0.0,0.0,0.0,1.0,370,1.554e-05,1,0
10054,10,1302,C,2,C,1.0,1.0,0.0,0.0,1.0,0.0,370,1.554e-05,1,0
10054,13,2031,B,1,B,1.0,1.0,0.0,1.0,0.0,0.0,370,1.554e-05,1,0
10054,9,1230,D,3,D,1.0,1.0,0.0,0.0,0.0,1.0,370,1.554e-05,1,0
10054,12,2013,B,1,B,1.0,1.0,0.0,1.0,0.0,0.0,370,1.554e-05,1,0
10054,15,2130,D,3,D,1.0,1.0,0.0,0.0,0.0,1.0,370,1.554e-05,1,0
10054,14,2103,C,2,C,1.0,1.0,0.0,0.0,1.0,0.0,370,1.554e-05,1,0
10054,18,3012,B,1,B,1.0,1.0,0.0,1.0,0.0,0.0,370,1.554e-05,1,0
10054,16,2301,C,2,C,1.0,1.0,0.0,0.0,1.0,0.0,370,1.554e-05,1,0
10054,19,3021,B,1,B,1.0,1.0,0.0,1.0,0.0,0.0,370,1.554e-05,1,0
10054,17,2310,D,3,D,1.0,1.0,0.0,0.0,0.0,1.0,370,1.554e-05,1,0
10054,20,3102,C,2,C,1.0,1.0,0.0,0.0,1.0,0.0,370,1.554e-05,1,0
10054,21,3120,D,3,D,1.0,1.0,0.0,0.0,0.0,1.0,370,1.554e-05,1,0
10054,22,3201,C,2,C,1.0,1.0,0.0,0.0,1.0,0.0,370,1.554e-05,1,0
10054,23,3210,D,3,D,1.0,1.0,0.0,0.0,0.0,1.0,370,1.554e-05,1,0
9873,1,0132,C,2,D,0.42,0.22,0.0,0.21,0.37,0.42,367,1.5414e-05,0,2
9873,2,0213,D,3,B,0.35000000000000003,0.13,0.0,0.35000000000000003,0.32,0.33,367,1.5414e-05,0,2
9873,4,0312,B,1,B,0.44,0.25,0.0,0.44,0.16,0.4,367,1.5414e-05,1,3
9873,3,0231,C,2,B,0.36,0.14,0.0,0.36,0.33,0.31,367,1.5414e-05,0,2
9873,0,0123,D,3,C,0.43,0.23,0.0,0.24,0.43,0.33,367,1.5414e-05,0,2
9873,5,0321,B,1,C,0.44,0.25,0.0,0.30000000000000004,0.44,0.26,367,1.5414e-05,0,2
9873,9,1230,C,2,B,0.56,0.41000000000000003,0.19,0.56,0.25,0.0,367,1.5414e-05,0,2
9873,10,1302,B,1,B,0.42,0.21,0.30000000000000004,0.42,0.0,0.28,367,1.5414e-05,1,3
9873,8,1203,D,3,B,0.42,0.22,0.37,0.42,0.0,0.21,367,1.5414e-05,0,2
9873,11,1320,B,1,B,0.46,0.28,0.19,0.46,0.35000000000000003,0.0,367,1.5414e-05,1,3
9873,6,1023,D,3,A,0.38,0.17,0.38,0.0,0.29,0.33,367,1.5414e-05,0,1
9873,12,2013,D,3,A,0.36,0.15,0.36,0.0,0.31,0.33,367,1.5414e-05,0,2
9873,7,1032,C,2,D,0.42,0.22,0.28,0.0,0.30000000000000004,0.42,367,1.5414e-05,0,2
9873,13,2031,C,2,A,0.46,0.28,0.46,0.0,0.28,0.26,367,1.5414e-05,0,2
9873,14,2103,D,3,A,0.48,0.30000000000000004,0.48,0.27,0.0,0.25,367,1.5414e-05,0,2
9873,15,2130,C,2,C,0.36,0.15,0.33,0.31,0.36,0.0,367,1.5414e-05,1,3
9873,16,2301,B,1,B,0.44,0.26,0.42,0.44,0.0,0.14,367,1.5414e-05,1,3
9873,17,2310,B,1,B,0.38,0.18,0.37,0.38,0.25,0.0,367,1.5414e-05,1,3
9873,20,3102,A,0,A,0.51,0.34,0.51,0.19,0.0,0.30000000000000004,367,1.5414e-05,1,3
9873,19,3021,A,0,A,0.53,0.38,0.53,0.0,0.33,0.14,367,1.5414e-05,1,3
9873,18,3012,A,0,A,0.55,0.39,0.55,0.0,0.1,0.35000000000000003,367,1.5414e-05,1,3
9873,21,3120,A,0,A,0.48,0.31,0.48,0.15,0.37,0.0,367,1.5414e-05,1,3
9873,22,3201,A,0,B,0.53,0.37,0.4,0.53,0.0,0.07,367,1.5414e-05,0,2
5328,0,0123,C,2,C,0.93,0.9,0.0,0.07,0.93,0.0,378,1.5876000000000002e-05,1,2
9873,23,3210,A,0,B,0.49,0.32,0.38,0.49,0.13,0.0,367,1.5414e-05,0,2
5328,1,0132,D,3,D,0.97,0.96,0.0,0.02,0.01,0.97,378,1.5876000000000002e-05,1,2
5328,2,0213,B,1,B,0.9500000000000001,0.93,0.0,0.9500000000000001,0.04,0.01,378,1.5876000000000002e-05,1,2
5328,3,0231,B,1,B,0.9500000000000001,0.93,0.0,0.9500000000000001,0.0,0.05,378,1.5876000000000002e-05,1,2
5328,5,0321,C,2,C,0.97,0.97,0.0,0.01,0.97,0.02,378,1.5876000000000002e-05,1,2
5328,4,0312,D,3,D,0.9500000000000001,0.93,0.0,0.01,0.04,0.9500000000000001,378,1.5876000000000002e-05,1,2
5328,7,1032,D,3,D,0.9400000000000001,0.93,0.05,0.0,0.01,0.9400000000000001,378,1.5876000000000002e-05,1,2
5328,6,1023,C,2,C,0.87,0.81,0.13,0.0,0.87,0.0,378,1.5876000000000002e-05,1,2
5328,8,1203,B,1,B,0.9,0.86,0.1,0.9,0.0,0.0,378,1.5876000000000002e-05,1,2
5328,10,1302,D,3,D,0.9400000000000001,0.92,0.05,0.01,0.0,0.9400000000000001,378,1.5876000000000002e-05,1,2
5328,11,1320,C,2,C,0.91,0.88,0.08,0.01,0.91,0.0,378,1.5876000000000002e-05,1,2
5328,9,1230,B,1,B,0.9,0.86,0.1,0.9,0.0,0.0,378,1.5876000000000002e-05,1,2
5328,12,2013,A,0,A,0.96,0.9500000000000001,0.96,0.0,0.03,0.01,378,1.5876000000000002e-05,1,2
5328,13,2031,A,0,A,0.9500000000000001,0.93,0.9500000000000001,0.0,0.01,0.04,378,1.5876000000000002e-05,1,2
5328,16,2301,A,0,A,0.97,0.96,0.97,0.0,0.0,0.03,378,1.5876000000000002e-05,1,2
5328,14,2103,A,0,A,0.96,0.9400000000000001,0.96,0.04,0.0,0.0,378,1.5876000000000002e-05,1,2
5328,15,2130,A,0,A,0.96,0.9500000000000001,0.96,0.04,0.0,0.0,378,1.5876000000000002e-05,1,2
5328,18,3012,D,3,D,0.9500000000000001,0.9400000000000001,0.01,0.0,0.04,0.9500000000000001,378,1.5876000000000002e-05,1,2
5328,19,3021,C,2,C,0.97,0.9500000000000001,0.01,0.0,0.97,0.02,378,1.5876000000000002e-05,1,2
5328,17,2310,A,0,A,0.97,0.96,0.97,0.0,0.03,0.0,378,1.5876000000000002e-05,1,2
5328,20,3102,D,3,D,0.9500000000000001,0.93,0.01,0.04,0.0,0.9500000000000001,378,1.5876000000000002e-05,1,2
5328,21,3120,C,2,C,0.89,0.85,0.02,0.09,0.89,0.0,378,1.5876000000000002e-05,1,2
5328,22,3201,B,1,B,0.97,0.9500000000000001,0.01,0.97,0.0,0.02,378,1.5876000000000002e-05,1,2
5328,23,3210,B,1,B,0.97,0.96,0.01,0.97,0.02,0.0,378,1.5876000000000002e-05,1,2
1662,1,0132,C,2,C,0.74,0.65,0.03,0.22,0.74,0.01,374,1.5708e-05,1,3
1662,0,0123,D,3,D,0.75,0.67,0.03,0.2,0.02,0.75,374,1.5708e-05,1,3
1662,3,0231,C,2,C,0.84,0.78,0.02,0.03,0.84,0.11,374,1.5708e-05,1,3
1662,2,0213,D,3,D,0.81,0.75,0.02,0.03,0.14,0.81,374,1.5708e-05,1,3
1662,5,0321,B,1,B,0.84,0.8,0.03,0.84,0.02,0.11,374,1.5708e-05,1,3
1662,6,1023,D,3,D,0.86,0.8200000000000001,0.09,0.03,0.02,0.86,374,1.5708e-05,1,3
1662,7,1032,C,2,C,0.86,0.81,0.09,0.03,0.86,0.02,374,1.5708e-05,1,3
1662,4,0312,B,1,B,0.89,0.85,0.02,0.89,0.08,0.01,374,1.5708e-05,1,3
1662,8,1203,D,3,D,0.87,0.8300000000000001,0.09,0.02,0.02,0.87,374,1.5708e-05,1,3
1662,9,1230,C,2,C,0.93,0.9,0.05,0.01,0.93,0.01,374,1.5708e-05,1,3
1662,10,1302,B,1,B,0.9,0.86,0.09,0.9,0.0,0.01,374,1.5708e-05,1,3
1662,11,1320,B,1,B,0.9,0.86,0.08,0.9,0.01,0.01,374,1.5708e-05,1,3
1662,15,2130,C,2,C,0.86,0.8200000000000001,0.04,0.09,0.86,0.01,374,1.5708e-05,1,3
1662,12,2013,D,3,D,0.84,0.79,0.03,0.02,0.11,0.84,374,1.5708e-05,1,3
1662,14,2103,D,3,D,0.78,0.71,0.05,0.15,0.02,0.78,374,1.5708e-05,1,3
1662,13,2031,C,2,C,0.8300000000000001,0.78,0.04,0.02,0.8300000000000001,0.11,374,1.5708e-05,1,3
1662,16,2301,B,1,B,0.89,0.86,0.03,0.89,0.01,0.07,374,1.5708e-05,1,3
1662,17,2310,B,1,B,0.91,0.87,0.03,0.91,0.05,0.01,374,1.5708e-05,1,3
1662,18,3012,A,0,A,0.89,0.86,0.89,0.01,0.09,0.01,374,1.5708e-05,1,3
1662,19,3021,A,0,A,0.929999999999999,0.91,0.929999999999999,0.01,0.01,0.05,374,1.5708e-05,1,3
1662,21,3120,A,0,A,0.92,0.89,0.92,0.07,0.0,0.01,374,1.5708e-05,1,3
1662,20,3102,A,0,A,0.9,0.85,0.9,0.1,0.0,0.0,374,1.5708e-05,1,3
1662,23,3210,A,0,A,0.92,0.88,0.92,0.01,0.06,0.01,374,1.5708e-05,1,3
8579,0,0123,D,3,D,0.99,0.99,0.0,0.0,0.01,0.99,364,1.5288e-05,1,3
8579,1,0132,C,2,C,1.0,1.0,0.0,0.0,1.0,0.0,364,1.5288e-05,1,3
1662,22,3201,A,0,A,0.93,0.91,0.93,0.01,0.0,0.05,374,1.5708e-05,1,3
8579,2,0213,D,3,D,0.99,0.99,0.0,0.01,0.0,0.99,364,1.5288e-05,1,3
8579,5,0321,B,1,B,1.0,1.0,0.0,1.0,0.0,0.0,364,1.5288e-05,1,3
8579,3,0231,C,2,C,0.99,0.98,0.0,0.01,0.99,0.0,364,1.5288e-05,1,3
8579,8,1203,D,3,D,1.0,0.99,0.0,0.0,0.0,1.0,364,1.5288e-05,1,3
8579,9,1230,C,2,C,1.0,1.0,0.0,0.0,1.0,0.0,364,1.5288e-05,1,3
8579,7,1032,C,2,C,1.0,0.99,0.0,0.0,1.0,0.0,364,1.5288e-05,1,3
8579,4,0312,B,1,B,1.0,1.0,0.0,1.0,0.0,0.0,364,1.5288e-05,1,3
8579,6,1023,D,3,D,0.99,0.99,0.0,0.0,0.01,0.99,364,1.5288e-05,1,3
8579,10,1302,B,1,B,1.0,1.0,0.0,1.0,0.0,0.0,364,1.5288e-05,1,3
8579,11,1320,B,1,B,1.0,1.0,0.0,1.0,0.0,0.0,364,1.5288e-05,1,3
8579,12,2013,D,3,D,0.99,0.98,0.01,0.0,0.0,0.99,364,1.5288e-05,1,3
8579,14,2103,D,3,D,0.98,0.98,0.02,0.0,0.0,0.98,364,1.5288e-05,1,3
8579,16,2301,B,1,B,0.99,0.99,0.01,0.99,0.0,0.0,364,1.5288e-05,1,3
8579,13,2031,C,2,C,0.99,0.99,0.01,0.0,0.99,0.0,364,1.5288e-05,1,3
8579,18,3012,A,0,A,1.0,1.0,1.0,0.0,0.0,0.0,364,1.5288e-05,1,3
8579,17,2310,B,1,B,0.99,0.99,0.01,0.99,0.0,0.0,364,1.5288e-05,1,3
8579,19,3021,A,0,A,1.0,1.0,1.0,0.0,0.0,0.0,364,1.5288e-05,1,3
8579,15,2130,C,2,C,0.99,0.99,0.01,0.0,0.99,0.0,364,1.5288e-05,1,3
8579,21,3120,A,0,A,1.0,1.0,1.0,0.0,0.0,0.0,364,1.5288e-05,1,3
8579,22,3201,A,0,A,1.0,1.0,1.0,0.0,0.0,0.0,364,1.5288e-05,1,3
8579,20,3102,A,0,A,1.0,1.0,1.0,0.0,0.0,0.0,364,1.5288e-05,1,3
4653,0,0123,B,1,B,0.7000000000000001,0.59,0.0,0.7000000000000001,0.0,0.30000000000000004,367,1.5414e-05,1,1
8579,23,3210,A,0,A,1.0,1.0,1.0,0.0,0.0,0.0,364,1.5288e-05,1,3
4653,1,0132,B,1,B,0.62,0.5,0.0,0.62,0.38,0.0,367,1.5414e-05,1,1
4653,2,0213,C,2,C,0.59,0.45,0.0,0.0,0.59,0.41000000000000003,367,1.5414e-05,1,1
4653,3,0231,D,3,D,0.8,0.74,0.0,0.0,0.2,0.8,367,1.5414e-05,1,1
4653,6,1023,A,0,A,0.78,0.7000000000000001,0.78,0.0,0.0,0.22,367,1.5414e-05,1,1
4653,4,0312,C,2,C,0.77,0.7000000000000001,0.0,0.23,0.77,0.0,367,1.5414e-05,1,1
4653,7,1032,A,0,A,0.75,0.67,0.75,0.0,0.25,0.0,367,1.5414e-05,1,1
4653,9,1230,A,0,A,0.58,0.43,0.58,0.0,0.42,0.0,367,1.5414e-05,1,1
4653,5,0321,D,3,D,0.8,0.73,0.0,0.2,0.0,0.8,367,1.5414e-05,1,1
4653,8,1203,A,0,A,0.74,0.66,0.74,0.0,0.0,0.26,367,1.5414e-05,1,1
4653,10,1302,A,0,B,0.54,0.39,0.46,0.54,0.0,0.0,367,1.5414e-05,0,3
4653,11,1320,A,0,B,0.51,0.35000000000000003,0.49,0.51,0.0,0.0,367,1.5414e-05,0,3
4653,12,2013,C,2,C,0.55,0.39,0.0,0.0,0.55,0.45,367,1.5414e-05,1,1
4653,14,2103,B,1,B,0.66,0.54,0.0,0.66,0.0,0.34,367,1.5414e-05,1,1
4653,15,2130,B,1,B,0.5700000000000001,0.42,0.0,0.5700000000000001,0.43,0.0,367,1.5414e-05,1,1
4653,13,2031,D,3,D,0.76,0.67,0.0,0.0,0.24,0.76,367,1.5414e-05,1,1
4653,17,2310,C,2,C,0.61,0.48,0.0,0.39,0.61,0.0,367,1.5414e-05,1,1
4653,16,2301,D,3,D,0.67,0.56,0.0,0.33,0.0,0.67,367,1.5414e-05,1,1
4653,18,3012,C,2,A,0.53,0.37,0.53,0.0,0.47000000000000003,0.0,367,1.5414e-05,0,3
4653,20,3102,B,1,B,0.67,0.55,0.33,0.67,0.0,0.0,367,1.5414e-05,1,1
4653,21,3120,B,1,B,0.61,0.48,0.39,0.61,0.0,0.0,367,1.5414e-05,1,1
4653,22,3201,D,3,D,0.55,0.4,0.45,0.0,0.0,0.55,367,1.5414e-05,1,1
4653,23,3210,C,2,C,0.53,0.38,0.47000000000000003,0.0,0.53,0.0,367,1.5414e-05,1,1
4653,19,3021,D,3,D,0.56,0.41000000000000003,0.44,0.0,0.0,0.56,367,1.5414e-05,1,1
9718,0,0123,D,3,D,0.93,0.9,0.03,0.04,0.0,0.93,376,1.5792000000000004e-05,1,3
9718,2,0213,D,3,D,0.93,0.9,0.03,0.0,0.04,0.93,376,1.5792000000000004e-05,1,3
9718,4,0312,B,1,B,0.99,0.99,0.01,0.99,0.0,0.0,376,1.5792000000000004e-05,1,3
9718,1,0132,C,2,C,0.93,0.91,0.02,0.04,0.93,0.0,376,1.5792000000000004e-05,1,3
9718,3,0231,C,2,C,0.99,0.98,0.01,0.0,0.99,0.0,376,1.5792000000000004e-05,1,3
9718,5,0321,B,1,B,0.99,0.98,0.01,0.99,0.0,0.0,376,1.5792000000000004e-05,1,3
9718,6,1023,D,3,D,0.86,0.8,0.04,0.1,0.0,0.86,376,1.5792000000000004e-05,1,3
9718,8,1203,D,3,D,0.9,0.87,0.03,0.0,0.07,0.9,376,1.5792000000000004e-05,1,3
9718,9,1230,C,2,C,0.8300000000000001,0.77,0.05,0.0,0.8300000000000001,0.12,376,1.5792000000000004e-05,1,3
9718,11,1320,B,1,B,0.84,0.78,0.04,0.84,0.0,0.12,376,1.5792000000000004e-05,1,3
9718,7,1032,C,2,C,0.86,0.81,0.04,0.1,0.86,0.0,376,1.5792000000000004e-05,1,3
9718,12,2013,D,3,D,0.92,0.9,0.0,0.04,0.04,0.92,376,1.5792000000000004e-05,1,3
9718,13,2031,C,2,C,0.99,0.98,0.0,0.01,0.99,0.0,376,1.5792000000000004e-05,1,3
9718,10,1302,B,1,B,0.87,0.8200000000000001,0.04,0.87,0.09,0.0,376,1.5792000000000004e-05,1,3
9718,14,2103,D,3,D,0.91,0.88,0.0,0.04,0.05,0.91,376,1.5792000000000004e-05,1,3
9718,15,2130,C,2,C,0.88,0.84,0.0,0.05,0.88,0.07,376,1.5792000000000004e-05,1,3
9718,18,3012,A,0,A,0.96,0.9500000000000001,0.96,0.04,0.0,0.0,376,1.5792000000000004e-05,1,3
9718,17,2310,B,1,B,0.97,0.96,0.0,0.97,0.0,0.03,376,1.5792000000000004e-05,1,3
9718,16,2301,B,1,B,0.98,0.97,0.0,0.98,0.02,0.0,376,1.5792000000000004e-05,1,3
9718,19,3021,A,0,A,0.9500000000000001,0.93,0.9500000000000001,0.04,0.0,0.01,376,1.5792000000000004e-05,1,3
9718,20,3102,A,0,A,0.9400000000000001,0.92,0.9400000000000001,0.01,0.05,0.0,376,1.5792000000000004e-05,1,3
9718,21,3120,A,0,A,0.9500000000000001,0.93,0.9500000000000001,0.01,0.0,0.04,376,1.5792000000000004e-05,1,3
9718,23,3210,A,0,A,0.9400000000000001,0.92,0.9400000000000001,0.0,0.01,0.05,376,1.5792000000000004e-05,1,3
9718,22,3201,A,0,A,0.96,0.9500000000000001,0.96,0.0,0.03,0.01,376,1.5792000000000004e-05,1,3
3605,0,0123,D,3,A,0.74,0.65,0.74,0.0,0.0,0.26,372,1.5624e-05,0,0
3605,1,0132,C,2,A,0.77,0.6900000000000001,0.77,0.0,0.23,0.0,372,1.5624e-05,0,0
3605,2,0213,D,3,A,0.75,0.66,0.75,0.0,0.0,0.25,372,1.5624e-05,0,0
3605,4,0312,B,1,A,0.7000000000000001,0.58,0.7000000000000001,0.30000000000000004,0.0,0.0,372,1.5624e-05,0,0
3605,3,0231,C,2,A,0.79,0.71,0.79,0.0,0.21,0.0,372,1.5624e-05,0,0
3605,5,0321,B,1,A,0.68,0.56,0.68,0.32,0.0,0.0,372,1.5624e-05,0,0
3605,6,1023,D,3,B,0.63,0.51,0.01,0.63,0.0,0.36,372,1.5624e-05,0,0
3605,7,1032,C,2,B,0.7000000000000001,0.6000000000000001,0.01,0.7000000000000001,0.29,0.0,372,1.5624e-05,0,0
3605,8,1203,D,3,C,0.63,0.5,0.0,0.0,0.63,0.37,372,1.5624e-05,0,0
3605,9,1230,C,2,D,0.5700000000000001,0.42,0.01,0.0,0.42,0.5700000000000001,372,1.5624e-05,0,0
3605,11,1320,B,1,D,0.53,0.37,0.01,0.46,0.0,0.53,372,1.5624e-05,0,0
3605,10,1302,B,1,B,0.51,0.35000000000000003,0.01,0.51,0.47000000000000003,0.01,372,1.5624e-05,1,3
3605,13,2031,C,2,B,0.6900000000000001,0.59,0.01,0.6900000000000001,0.30000000000000004,0.0,372,1.5624e-05,0,0
3605,14,2103,D,3,C,0.62,0.48,0.0,0.0,0.62,0.38,372,1.5624e-05,0,0
3605,12,2013,D,3,B,0.63,0.5,0.0,0.63,0.0,0.37,372,1.5624e-05,0,0
3605,15,2130,C,2,D,0.6000000000000001,0.46,0.01,0.0,0.39,0.6000000000000001,372,1.5624e-05,0,0
3605,16,2301,B,1,C,0.52,0.36,0.01,0.47000000000000003,0.52,0.0,372,1.5624e-05,0,0
3605,17,2310,B,1,D,0.59,0.45,0.01,0.4,0.0,0.59,372,1.5624e-05,0,0
3605,19,3021,A,0,A,0.54,0.39,0.54,0.44,0.01,0.01,372,1.5624e-05,1,3
3605,18,3012,A,0,A,0.62,0.51,0.62,0.36,0.01,0.01,372,1.5624e-05,1,3
3605,22,3201,A,0,A,0.62,0.5,0.62,0.0,0.37,0.01,372,1.5624e-05,1,3
3605,20,3102,A,0,A,0.53,0.38,0.53,0.0,0.46,0.01,372,1.5624e-05,1,3
3605,21,3120,A,0,A,0.51,0.34,0.51,0.0,0.0,0.49,372,1.5624e-05,1,3
3605,23,3210,A,0,A,0.53,0.37,0.53,0.0,0.0,0.47000000000000003,372,1.5624e-05,1,3
7978,1,0132,B,1,B,1.0,1.0,0.0,1.0,0.0,0.0,371,1.5582e-05,1,1
7978,0,0123,B,1,B,1.0,1.0,0.0,1.0,0.0,0.0,371,1.5582e-05,1,1
7978,3,0231,D,3,D,1.0,1.0,0.0,0.0,0.0,1.0,371,1.5582e-05,1,1
7978,2,0213,C,2,C,1.0,0.99,0.0,0.0,1.0,0.0,371,1.5582e-05,1,1
7978,4,0312,C,2,C,1.0,1.0,0.0,0.0,1.0,0.0,371,1.5582e-05,1,1
7978,5,0321,D,3,D,1.0,1.0,0.0,0.0,0.0,1.0,371,1.5582e-05,1,1
7978,6,1023,A,0,A,1.0,0.99,1.0,0.0,0.0,0.0,371,1.5582e-05,1,1
7978,7,1032,A,0,A,1.0,1.0,1.0,0.0,0.0,0.0,371,1.5582e-05,1,1
7978,8,1203,A,0,A,1.0,0.99,1.0,0.0,0.0,0.0,371,1.5582e-05,1,1
7978,11,1320,A,0,A,1.0,0.99,1.0,0.0,0.0,0.0,371,1.5582e-05,1,1
7978,10,1302,A,0,A,0.99,0.99,0.99,0.0,0.01,0.0,371,1.5582e-05,1,1
7978,13,2031,D,3,D,1.0,1.0,0.0,0.0,0.0,1.0,371,1.5582e-05,1,1
7978,9,1230,A,0,A,0.99,0.99,0.99,0.0,0.0,0.01,371,1.5582e-05,1,1
7978,15,2130,B,1,B,1.0,1.0,0.0,1.0,0.0,0.0,371,1.5582e-05,1,1
7978,14,2103,B,1,B,1.0,1.0,0.0,1.0,0.0,0.0,371,1.5582e-05,1,1
7978,12,2013,C,2,C,1.0,0.99,0.0,0.0,1.0,0.0,371,1.5582e-05,1,1
7978,16,2301,D,3,D,0.99,0.99,0.0,0.0,0.01,0.99,371,1.5582e-05,1,1
7978,19,3021,D,3,D,1.0,1.0,0.0,0.0,0.0,1.0,371,1.5582e-05,1,1
7978,17,2310,C,2,C,1.0,1.0,0.0,0.0,1.0,0.0,371,1.5582e-05,1,1
7978,18,3012,C,2,C,1.0,1.0,0.0,0.0,1.0,0.0,371,1.5582e-05,1,1
7978,21,3120,B,1,B,1.0,0.99,0.0,1.0,0.0,0.0,371,1.5582e-05,1,1
7978,22,3201,D,3,D,1.0,0.99,0.0,0.0,0.0,1.0,371,1.5582e-05,1,1
7978,20,3102,B,1,B,1.0,1.0,0.0,1.0,0.0,0.0,371,1.5582e-05,1,1
7978,23,3210,C,2,C,1.0,1.0,0.0,0.0,1.0,0.0,371,1.5582e-05,1,1
2957,0,0123,A,0,A,0.89,0.85,0.89,0.0,0.11,0.0,353,1.4826000000000003e-05,1,0
2957,1,0132,A,0,A,0.8,0.74,0.8,0.0,0.01,0.19,353,1.4826000000000003e-05,1,0
2957,3,0231,A,0,A,0.7000000000000001,0.6000000000000001,0.7000000000000001,0.30000000000000004,0.0,0.0,353,1.4826000000000003e-05,1,0
2957,2,0213,A,0,A,0.68,0.5700000000000001,0.68,0.32,0.0,0.0,353,1.4826000000000003e-05,1,0
2957,5,0321,A,0,A,0.85,0.81,0.85,0.01,0.14,0.0,353,1.4826000000000003e-05,1,0
2957,4,0312,A,0,A,0.87,0.8300000000000001,0.87,0.01,0.0,0.12,353,1.4826000000000003e-05,1,0
2957,6,1023,B,1,B,0.8200000000000001,0.76,0.0,0.8200000000000001,0.18,0.0,353,1.4826000000000003e-05,1,0
2957,7,1032,B,1,B,0.85,0.81,0.0,0.85,0.01,0.14,353,1.4826000000000003e-05,1,0
2957,8,1203,C,2,C,0.87,0.8200000000000001,0.0,0.13,0.87,0.0,353,1.4826000000000003e-05,1,0
2957,9,1230,D,3,D,0.91,0.87,0.0,0.09,0.0,0.91,353,1.4826000000000003e-05,1,0
2957,10,1302,C,2,C,0.8,0.74,0.0,0.01,0.8,0.19,353,1.4826000000000003e-05,1,0
2957,15,2130,D,3,D,0.8300000000000001,0.77,0.17,0.0,0.0,0.8300000000000001,353,1.4826000000000003e-05,1,0
2957,11,1320,D,3,D,0.76,0.6900000000000001,0.0,0.01,0.23,0.76,353,1.4826000000000003e-05,1,0
2957,13,2031,B,1,B,0.87,0.8300000000000001,0.13,0.87,0.0,0.0,353,1.4826000000000003e-05,1,0
2957,14,2103,C,2,C,0.85,0.79,0.15,0.0,0.85,0.0,353,1.4826000000000003e-05,1,0
2957,12,2013,B,1,B,0.76,0.68,0.24,0.76,0.0,0.0,353,1.4826000000000003e-05,1,0
2957,16,2301,C,2,C,0.8200000000000001,0.77,0.17,0.01,0.8200000000000001,0.0,353,1.4826000000000003e-05,1,0
2957,18,3012,B,1,B,0.87,0.8300000000000001,0.02,0.87,0.0,0.11,353,1.4826000000000003e-05,1,0
2957,17,2310,D,3,D,0.8200000000000001,0.75,0.18,0.0,0.0,0.8200000000000001,353,1.4826000000000003e-05,1,0
2957,22,3201,C,2,C,0.79,0.72,0.01,0.2,0.79,0.0,353,1.4826000000000003e-05,1,0
2957,20,3102,C,2,C,0.86,0.81,0.01,0.0,0.86,0.13,353,1.4826000000000003e-05,1,0
2957,19,3021,B,1,B,0.81,0.74,0.01,0.81,0.18,0.0,353,1.4826000000000003e-05,1,0
2957,23,3210,D,3,D,0.85,0.8,0.01,0.14,0.0,0.85,353,1.4826000000000003e-05,1,0
2993,0,0123,B,1,B,0.98,0.97,0.02,0.98,0.0,0.0,380,1.5960000000000003e-05,1,1
2957,21,3120,D,3,D,0.85,0.79,0.01,0.0,0.14,0.85,353,1.4826000000000003e-05,1,0
2993,2,0213,C,2,C,0.96,0.9500000000000001,0.04,0.0,0.96,0.0,380,1.5960000000000003e-05,1,1
2993,1,0132,B,1,B,0.98,0.97,0.02,0.98,0.0,0.0,380,1.5960000000000003e-05,1,1
2993,3,0231,D,3,D,0.98,0.97,0.02,0.0,0.0,0.98,380,1.5960000000000003e-05,1,1
2993,4,0312,C,2,C,0.98,0.97,0.02,0.0,0.98,0.0,380,1.5960000000000003e-05,1,1
2993,5,0321,D,3,D,0.96,0.9500000000000001,0.04,0.0,0.0,0.96,380,1.5960000000000003e-05,1,1
2993,6,1023,A,0,A,1.0,0.99,1.0,0.0,0.0,0.0,380,1.5960000000000003e-05,1,1
2993,7,1032,A,0,A,0.99,0.99,0.99,0.01,0.0,0.0,380,1.5960000000000003e-05,1,1
2993,8,1203,A,0,A,0.99,0.99,0.99,0.0,0.01,0.0,380,1.5960000000000003e-05,1,1
2993,10,1302,A,0,A,1.0,0.99,1.0,0.0,0.0,0.0,380,1.5960000000000003e-05,1,1
2993,9,1230,A,0,A,1.0,0.99,1.0,0.0,0.0,0.0,380,1.5960000000000003e-05,1,1
2993,12,2013,C,2,C,0.98,0.97,0.0,0.02,0.98,0.0,380,1.5960000000000003e-05,1,1
2993,11,1320,A,0,A,1.0,0.99,1.0,0.0,0.0,0.0,380,1.5960000000000003e-05,1,1
2993,16,2301,D,3,D,0.97,0.96,0.0,0.0,0.03,0.97,380,1.5960000000000003e-05,1,1
2993,14,2103,B,1,B,0.97,0.96,0.0,0.97,0.03,0.0,380,1.5960000000000003e-05,1,1
2993,13,2031,D,3,D,0.98,0.97,0.0,0.02,0.0,0.98,380,1.5960000000000003e-05,1,1
2993,15,2130,B,1,B,0.99,0.98,0.0,0.99,0.0,0.01,380,1.5960000000000003e-05,1,1
2993,17,2310,C,2,C,0.99,0.99,0.0,0.0,0.99,0.01,380,1.5960000000000003e-05,1,1
2993,18,3012,C,2,C,0.98,0.98,0.0,0.02,0.98,0.0,380,1.5960000000000003e-05,1,1
2993,19,3021,D,3,D,0.98,0.97,0.0,0.02,0.0,0.98,380,1.5960000000000003e-05,1,1
2993,20,3102,B,1,B,0.99,0.98,0.0,0.99,0.01,0.0,380,1.5960000000000003e-05,1,1
2993,21,3120,B,1,B,0.99,0.98,0.0,0.99,0.0,0.01,380,1.5960000000000003e-05,1,1
2993,22,3201,D,3,D,0.97,0.96,0.0,0.0,0.03,0.97,380,1.5960000000000003e-05,1,1
879,0,0123,C,2,C,0.41000000000000003,0.22,0.0,0.37,0.41000000000000003,0.22,355,1.4910000000000003e-05,1,2
2993,23,3210,C,2,C,0.99,0.99,0.0,0.0,0.99,0.01,380,1.5960000000000003e-05,1,1
879,2,0213,B,1,B,0.48,0.30000000000000004,0.0,0.48,0.31,0.21,355,1.4910000000000003e-05,1,2
879,1,0132,D,3,B,0.41000000000000003,0.21,0.0,0.41000000000000003,0.27,0.32,355,1.4910000000000003e-05,0,1
879,5,0321,C,2,D,0.44,0.25,0.0,0.26,0.30000000000000004,0.44,355,1.4910000000000003e-05,0,1
879,4,0312,D,3,C,0.45,0.27,0.0,0.31,0.45,0.24,355,1.4910000000000003e-05,0,1
879,3,0231,B,1,C,0.35000000000000003,0.13,0.0,0.30000000000000004,0.35000000000000003,0.35000000000000003,355,1.4910000000000003e-05,0,3
879,7,1032,D,3,A,0.42,0.23,0.42,0.0,0.23,0.35000000000000003,355,1.4910000000000003e-05,0,1
879,6,1023,C,2,C,0.47000000000000003,0.29,0.34,0.0,0.47000000000000003,0.19,355,1.4910000000000003e-05,1,2
879,8,1203,B,1,A,0.46,0.28,0.46,0.45,0.0,0.09,355,1.4910000000000003e-05,0,1
879,10,1302,D,3,A,0.52,0.36,0.52,0.18,0.0,0.30000000000000004,355,1.4910000000000003e-05,0,1
879,13,2031,A,0,D,0.49,0.32,0.30000000000000004,0.0,0.21,0.49,355,1.4910000000000003e-05,0,1
879,9,1230,B,1,A,0.46,0.27,0.46,0.39,0.15,0.0,355,1.4910000000000003e-05,0,1
879,11,1320,C,2,A,0.56,0.42,0.56,0.18,0.26,0.0,355,1.4910000000000003e-05,0,1
879,14,2103,A,0,B,0.65,0.53,0.27,0.65,0.0,0.08,355,1.4910000000000003e-05,0,1
879,12,2013,A,0,A,0.48,0.32,0.48,0.0,0.34,0.18,355,1.4910000000000003e-05,1,2
879,15,2130,A,0,B,0.55,0.38,0.33,0.55,0.12,0.0,355,1.4910000000000003e-05,0,1
879,16,2301,A,0,B,0.39,0.17,0.32,0.39,0.0,0.29,355,1.4910000000000003e-05,0,3
879,17,2310,A,0,C,0.4,0.2,0.25,0.35000000000000003,0.4,0.0,355,1.4910000000000003e-05,0,1
879,18,3012,D,3,C,0.5,0.32,0.23,0.0,0.5,0.27,355,1.4910000000000003e-05,0,1
879,20,3102,D,3,B,0.71,0.61,0.19,0.71,0.0,0.1,355,1.4910000000000003e-05,0,1
879,23,3210,B,1,C,0.72,0.62,0.16,0.12,0.72,0.0,355,1.4910000000000003e-05,0,1
879,22,3201,B,1,D,0.53,0.37,0.29,0.18,0.0,0.53,355,1.4910000000000003e-05,0,1
6952,0,0123,A,0,A,0.99,0.99,0.99,0.0,0.0,0.01,407,1.7094000000000003e-05,1,0
879,19,3021,C,2,D,0.48,0.30000000000000004,0.27,0.0,0.25,0.48,355,1.4910000000000003e-05,0,1
879,21,3120,C,2,B,0.77,0.6900000000000001,0.15,0.77,0.08,0.0,355,1.4910000000000003e-05,0,1
6952,1,0132,A,0,A,0.99,0.99,0.99,0.0,0.01,0.0,407,1.7094000000000003e-05,1,0
6952,4,0312,A,0,A,0.99,0.99,0.99,0.01,0.0,0.0,407,1.7094000000000003e-05,1,0
6952,6,1023,B,1,B,0.99,0.99,0.0,0.99,0.0,0.01,407,1.7094000000000003e-05,1,0
6952,2,0213,A,0,A,1.0,0.99,1.0,0.0,0.0,0.0,407,1.7094000000000003e-05,1,0
6952,7,1032,B,1,B,0.98,0.98,0.0,0.98,0.02,0.0,407,1.7094000000000003e-05,1,0
6952,8,1203,C,2,C,0.99,0.98,0.0,0.0,0.99,0.01,407,1.7094000000000003e-05,1,0
6952,5,0321,A,0,A,0.99,0.99,0.99,0.01,0.0,0.0,407,1.7094000000000003e-05,1,0
6952,3,0231,A,0,A,1.0,0.99,1.0,0.0,0.0,0.0,407,1.7094000000000003e-05,1,0
6952,9,1230,D,3,D,0.99,0.99,0.0,0.0,0.01,0.99,407,1.7094000000000003e-05,1,0
6952,10,1302,C,2,C,0.99,0.99,0.0,0.01,0.99,0.0,407,1.7094000000000003e-05,1,0
6952,11,1320,D,3,D,1.0,0.99,0.0,0.0,0.0,1.0,407,1.7094000000000003e-05,1,0
6952,13,2031,B,1,B,0.99,0.99,0.0,0.99,0.01,0.0,407,1.7094000000000003e-05,1,0
6952,12,2013,B,1,B,0.99,0.98,0.0,0.99,0.0,0.01,407,1.7094000000000003e-05,1,0
6952,16,2301,C,2,C,1.0,1.0,0.0,0.0,1.0,0.0,407,1.7094000000000003e-05,1,0
6952,15,2130,D,3,D,0.99,0.98,0.0,0.0,0.01,0.99,407,1.7094000000000003e-05,1,0
6952,14,2103,C,2,C,0.99,0.99,0.0,0.0,0.99,0.01,407,1.7094000000000003e-05,1,0
6952,17,2310,D,3,D,1.0,0.99,0.0,0.0,0.0,1.0,407,1.7094000000000003e-05,1,0
6952,18,3012,B,1,B,0.99,0.99,0.01,0.99,0.0,0.0,407,1.7094000000000003e-05,1,0
6952,19,3021,B,1,B,0.99,0.99,0.01,0.99,0.0,0.0,407,1.7094000000000003e-05,1,0
6952,20,3102,C,2,C,0.99,0.99,0.01,0.0,0.99,0.0,407,1.7094000000000003e-05,1,0
6952,21,3120,D,3,D,0.99,0.99,0.01,0.0,0.0,0.99,407,1.7094000000000003e-05,1,0
8126,0,0123,A,0,A,0.9400000000000001,0.93,0.9400000000000001,0.01,0.02,0.03,378,1.5876000000000002e-05,1,0
6952,22,3201,C,2,C,1.0,0.99,0.0,0.0,1.0,0.0,407,1.7094000000000003e-05,1,0
6952,23,3210,D,3,D,0.99,0.99,0.01,0.0,0.0,0.99,407,1.7094000000000003e-05,1,0
8126,4,0312,A,0,A,0.9500000000000001,0.93,0.9500000000000001,0.01,0.02,0.02,378,1.5876000000000002e-05,1,0
8126,1,0132,A,0,A,0.93,0.91,0.93,0.01,0.04,0.02,378,1.5876000000000002e-05,1,0
8126,3,0231,A,0,A,0.92,0.88,0.92,0.06,0.01,0.01,378,1.5876000000000002e-05,1,0
8126,8,1203,C,2,C,0.93,0.91,0.01,0.02,0.93,0.03,378,1.5876000000000002e-05,1,0
8126,7,1032,B,1,B,0.9500000000000001,0.93,0.01,0.9500000000000001,0.03,0.01,378,1.5876000000000002e-05,1,0
8126,6,1023,B,1,B,0.929999999999999,0.92,0.02,0.929999999999999,0.01,0.04,378,1.5876000000000002e-05,1,0
8126,2,0213,A,0,A,0.85,0.81,0.85,0.09,0.02,0.04,378,1.5876000000000002e-05,1,0
8126,5,0321,A,0,A,0.87,0.8300000000000001,0.87,0.01,0.11,0.01,378,1.5876000000000002e-05,1,0
8126,9,1230,D,3,D,0.87,0.8300000000000001,0.02,0.03,0.08,0.87,378,1.5876000000000002e-05,1,0
8126,11,1320,D,3,D,0.89,0.86,0.02,0.04,0.05,0.89,378,1.5876000000000002e-05,1,0
8126,10,1302,C,2,C,0.92,0.89,0.02,0.04,0.92,0.02,378,1.5876000000000002e-05,1,0
8126,13,2031,B,1,B,0.87,0.84,0.09,0.87,0.02,0.02,378,1.5876000000000002e-05,1,0
8126,12,2013,B,1,B,0.86,0.81,0.06,0.86,0.02,0.06,378,1.5876000000000002e-05,1,0
8126,14,2103,C,2,C,0.88,0.8300000000000001,0.08,0.01,0.88,0.03,378,1.5876000000000002e-05,1,0
8126,16,2301,C,2,C,0.89,0.85,0.08,0.02,0.89,0.01,378,1.5876000000000002e-05,1,0
8126,17,2310,D,3,D,0.84,0.79,0.09,0.04,0.03,0.84,378,1.5876000000000002e-05,1,0
8126,18,3012,B,1,B,0.9400000000000001,0.93,0.02,0.9400000000000001,0.02,0.02,378,1.5876000000000002e-05,1,0
8126,19,3021,B,1,B,0.88,0.84,0.01,0.88,0.1,0.01,378,1.5876000000000002e-05,1,0
8126,20,3102,C,2,C,0.93,0.91,0.01,0.03,0.93,0.02,378,1.5876000000000002e-05,1,0
8126,21,3120,D,3,D,0.9,0.87,0.02,0.03,0.05,0.9,378,1.5876000000000002e-05,1,0
8126,22,3201,C,2,C,0.87,0.8200000000000001,0.01,0.11,0.87,0.01,378,1.5876000000000002e-05,1,0
8126,23,3210,D,3,D,0.84,0.78,0.02,0.13,0.01,0.84,378,1.5876000000000002e-05,1,0
9568,0,0123,B,1,B,0.86,0.8,0.0,0.86,0.14,0.0,391,1.6422e-05,1,1
8126,15,2130,D,3,D,0.84,0.8,0.06,0.02,0.08,0.84,378,1.5876000000000002e-05,1,0
9568,1,0132,B,1,B,0.81,0.74,0.0,0.81,0.01,0.18,391,1.6422e-05,1,1
9568,2,0213,C,2,B,0.53,0.37,0.01,0.53,0.45,0.01,391,1.6422e-05,0,2
9568,4,0312,C,2,C,0.79,0.72,0.0,0.03,0.79,0.18,391,1.6422e-05,1,1
9568,3,0231,D,3,D,0.5,0.34,0.01,0.48,0.01,0.5,391,1.6422e-05,1,1
9568,7,1032,A,0,A,0.87,0.8200000000000001,0.87,0.0,0.01,0.12,391,1.6422e-05,1,1
9568,8,1203,A,0,A,0.87,0.8200000000000001,0.87,0.13,0.0,0.0,391,1.6422e-05,1,1
9568,6,1023,A,0,A,0.88,0.85,0.88,0.0,0.11,0.01,391,1.6422e-05,1,1
9568,5,0321,D,3,D,0.5,0.33,0.01,0.04,0.45,0.5,391,1.6422e-05,1,1
9568,9,1230,A,0,A,0.87,0.8200000000000001,0.87,0.13,0.0,0.0,391,1.6422e-05,1,1
9568,11,1320,A,0,A,0.85,0.8,0.85,0.02,0.13,0.0,391,1.6422e-05,1,1
9568,10,1302,A,0,A,0.8300000000000001,0.76,0.8300000000000001,0.01,0.0,0.16,391,1.6422e-05,1,1
9568,12,2013,C,2,A,0.5700000000000001,0.42,0.5700000000000001,0.0,0.42,0.01,391,1.6422e-05,0,2
9568,16,2301,D,3,D,0.54,0.4,0.45,0.01,0.0,0.54,391,1.6422e-05,1,1
9568,15,2130,B,1,A,0.52,0.35000000000000003,0.52,0.47000000000000003,0.01,0.0,391,1.6422e-05,0,2
9568,14,2103,B,1,A,0.58,0.44,0.58,0.41000000000000003,0.0,0.01,391,1.6422e-05,0,2
9568,17,2310,C,2,A,0.53,0.38,0.53,0.01,0.46,0.0,391,1.6422e-05,0,2
9568,13,2031,D,3,D,0.5,0.33,0.49,0.0,0.01,0.5,391,1.6422e-05,1,1
9568,18,3012,C,2,C,0.73,0.64,0.06,0.0,0.73,0.21,391,1.6422e-05,1,1
9568,19,3021,D,3,D,0.459999999999999,0.29,0.11,0.0,0.43,0.459999999999999,391,1.6422e-05,1,1
9568,20,3102,B,1,B,0.71,0.62,0.08,0.71,0.0,0.21,391,1.6422e-05,1,1
9568,21,3120,B,1,B,0.68,0.58,0.08,0.68,0.23,0.0,391,1.6422e-05,1,1
9568,22,3201,D,3,D,0.54,0.38,0.13,0.33,0.0,0.54,391,1.6422e-05,1,1
2748,0,0123,C,2,C,1.0,0.99,0.0,0.0,1.0,0.0,365,1.533e-05,1,2
9568,23,3210,C,2,B,0.48,0.31,0.13,0.48,0.39,0.0,391,1.6422e-05,0,2
2748,1,0132,D,3,D,0.99,0.99,0.0,0.0,0.01,0.99,365,1.533e-05,1,2
2748,2,0213,B,1,B,1.0,0.99,0.0,1.0,0.0,0.0,365,1.533e-05,1,2
2748,3,0231,B,1,B,0.99,0.99,0.0,0.99,0.01,0.0,365,1.533e-05,1,2
2748,6,1023,C,2,C,1.0,1.0,0.0,0.0,1.0,0.0,365,1.533e-05,1,2
2748,5,0321,C,2,C,1.0,0.99,0.0,0.0,1.0,0.0,365,1.533e-05,1,2
2748,4,0312,D,3,D,0.99,0.99,0.0,0.01,0.0,0.99,365,1.533e-05,1,2
2748,7,1032,D,3,D,0.99,0.99,0.0,0.0,0.01,0.99,365,1.533e-05,1,2
2748,9,1230,B,1,B,1.0,1.0,0.0,1.0,0.0,0.0,365,1.533e-05,1,2
2748,8,1203,B,1,B,1.0,1.0,0.0,1.0,0.0,0.0,365,1.533e-05,1,2
2748,10,1302,D,3,D,1.0,1.0,0.0,0.0,0.0,1.0,365,1.533e-05,1,2
2748,11,1320,C,2,C,1.0,0.99,0.0,0.0,1.0,0.0,365,1.533e-05,1,2
2748,14,2103,A,0,A,1.0,1.0,1.0,0.0,0.0,0.0,365,1.533e-05,1,2
2748,12,2013,A,0,A,1.0,1.0,1.0,0.0,0.0,0.0,365,1.533e-05,1,2
2748,15,2130,A,0,A,1.0,1.0,1.0,0.0,0.0,0.0,365,1.533e-05,1,2
2748,18,3012,D,3,D,0.99,0.99,0.01,0.0,0.0,0.99,365,1.533e-05,1,2
2748,16,2301,A,0,A,1.0,1.0,1.0,0.0,0.0,0.0,365,1.533e-05,1,2
2748,19,3021,C,2,C,0.99,0.99,0.01,0.0,0.99,0.0,365,1.533e-05,1,2
2748,13,2031,A,0,A,1.0,1.0,1.0,0.0,0.0,0.0,365,1.533e-05,1,2
2748,17,2310,A,0,A,1.0,1.0,1.0,0.0,0.0,0.0,365,1.533e-05,1,2
2748,20,3102,D,3,D,0.99,0.98,0.01,0.0,0.0,0.99,365,1.533e-05,1,2
2748,22,3201,B,1,B,0.99,0.98,0.01,0.99,0.0,0.0,365,1.533e-05,1,2
2748,21,3120,C,2,C,0.99,0.98,0.01,0.0,0.99,0.0,365,1.533e-05,1,2
7253,1,0132,C,2,C,0.97,0.96,0.0,0.0,0.97,0.03,372,1.5624e-05,1,3
7253,0,0123,D,3,D,0.8300000000000001,0.78,0.0,0.0,0.17,0.8300000000000001,372,1.5624e-05,1,3
2748,23,3210,B,1,B,0.98,0.98,0.02,0.98,0.0,0.0,365,1.533e-05,1,2
7253,3,0231,C,2,C,0.93,0.9,0.0,0.07,0.93,0.0,372,1.5624e-05,1,3
7253,2,0213,D,3,D,0.9,0.87,0.0,0.1,0.0,0.9,372,1.5624e-05,1,3
7253,4,0312,B,1,B,0.97,0.96,0.0,0.97,0.0,0.03,372,1.5624e-05,1,3
7253,5,0321,B,1,B,0.97,0.96,0.0,0.97,0.03,0.0,372,1.5624e-05,1,3
7253,6,1023,D,3,D,0.84,0.78,0.0,0.0,0.16,0.84,372,1.5624e-05,1,3
7253,7,1032,C,2,C,0.96,0.9500000000000001,0.0,0.0,0.96,0.04,372,1.5624e-05,1,3
7253,8,1203,D,3,D,0.84,0.78,0.0,0.16,0.0,0.84,372,1.5624e-05,1,3
7253,9,1230,C,2,C,0.8200000000000001,0.75,0.0,0.18,0.8200000000000001,0.0,372,1.5624e-05,1,3
7253,10,1302,B,1,B,0.97,0.96,0.0,0.97,0.0,0.03,372,1.5624e-05,1,3
7253,11,1320,B,1,B,0.91,0.88,0.0,0.91,0.09,0.0,372,1.5624e-05,1,3
7253,12,2013,D,3,D,0.81,0.74,0.19,0.0,0.0,0.81,372,1.5624e-05,1,3
7253,13,2031,C,2,C,0.86,0.81,0.14,0.0,0.86,0.0,372,1.5624e-05,1,3
7253,14,2103,D,3,D,0.78,0.71,0.22,0.0,0.0,0.78,372,1.5624e-05,1,3
7253,15,2130,C,2,C,0.85,0.79,0.15,0.0,0.85,0.0,372,1.5624e-05,1,3
7253,16,2301,B,1,B,0.87,0.8200000000000001,0.13,0.87,0.0,0.0,372,1.5624e-05,1,3
7253,18,3012,A,0,A,0.96,0.9500000000000001,0.96,0.0,0.0,0.04,372,1.5624e-05,1,3
7253,17,2310,B,1,B,0.87,0.8200000000000001,0.13,0.87,0.0,0.0,372,1.5624e-05,1,3
7253,19,3021,A,0,A,0.98,0.97,0.98,0.0,0.02,0.0,372,1.5624e-05,1,3
7253,20,3102,A,0,A,0.97,0.97,0.97,0.0,0.0,0.03,372,1.5624e-05,1,3
7253,21,3120,A,0,A,0.9400000000000001,0.92,0.9400000000000001,0.0,0.06,0.0,372,1.5624e-05,1,3
4239,0,0123,A,0,A,0.56,0.41000000000000003,0.56,0.01,0.0,0.43,407,1.7094000000000003e-05,1,0
4239,2,0213,A,0,A,0.56,0.41000000000000003,0.56,0.0,0.0,0.44,407,1.7094000000000003e-05,1,0
7253,23,3210,A,0,A,0.88,0.84,0.88,0.12,0.0,0.0,372,1.5624e-05,1,3
4239,1,0132,A,0,A,0.63,0.5,0.63,0.0,0.37,0.0,407,1.7094000000000003e-05,1,0
7253,22,3201,A,0,A,0.8200000000000001,0.76,0.8200000000000001,0.18,0.0,0.0,372,1.5624e-05,1,3
4239,4,0312,A,0,A,0.58,0.43,0.58,0.42,0.0,0.0,407,1.7094000000000003e-05,1,0
4239,3,0231,A,0,A,0.65,0.54,0.65,0.0,0.34,0.01,407,1.7094000000000003e-05,1,0
4239,7,1032,B,1,B,0.6900000000000001,0.58,0.01,0.6900000000000001,0.30000000000000004,0.0,407,1.7094000000000003e-05,1,0
4239,6,1023,B,1,B,0.6000000000000001,0.46,0.01,0.6000000000000001,0.0,0.39,407,1.7094000000000003e-05,1,0
4239,8,1203,C,2,C,0.56,0.41000000000000003,0.01,0.0,0.56,0.43,407,1.7094000000000003e-05,1,0
4239,9,1230,D,3,C,0.5,0.33,0.01,0.0,0.5,0.49,407,1.7094000000000003e-05,0,3
4239,5,0321,A,0,A,0.5700000000000001,0.42,0.5700000000000001,0.43,0.0,0.0,407,1.7094000000000003e-05,1,0
4239,11,1320,D,3,B,0.66,0.54,0.01,0.66,0.0,0.33,407,1.7094000000000003e-05,0,3
4239,10,1302,C,2,B,0.71,0.62,0.01,0.71,0.28,0.0,407,1.7094000000000003e-05,0,3
4239,12,2013,B,1,B,0.5700000000000001,0.41000000000000003,0.0,0.5700000000000001,0.0,0.43,407,1.7094000000000003e-05,1,0
4239,14,2103,C,2,C,0.61,0.48,0.0,0.0,0.61,0.39,407,1.7094000000000003e-05,1,0
4239,16,2301,C,2,C,0.52,0.37,0.0,0.47000000000000003,0.52,0.01,407,1.7094000000000003e-05,1,0
4239,17,2310,D,3,D,0.62,0.48,0.0,0.38,0.0,0.62,407,1.7094000000000003e-05,1,0
4239,13,2031,B,1,B,0.64,0.52,0.0,0.64,0.35000000000000003,0.01,407,1.7094000000000003e-05,1,0
4239,15,2130,D,3,D,0.5,0.33,0.0,0.0,0.5,0.5,407,1.7094000000000003e-05,1,0
4239,20,3102,C,2,A,0.63,0.51,0.63,0.01,0.36,0.0,407,1.7094000000000003e-05,0,3
4239,19,3021,B,1,A,0.76,0.67,0.76,0.24,0.0,0.0,407,1.7094000000000003e-05,0,3
4239,18,3012,B,1,A,0.72,0.62,0.72,0.28,0.0,0.0,407,1.7094000000000003e-05,0,3
4239,22,3201,C,2,A,0.73,0.65,0.73,0.0,0.26,0.01,407,1.7094000000000003e-05,0,3
4239,21,3120,D,3,A,0.68,0.58,0.68,0.01,0.0,0.31,407,1.7094000000000003e-05,0,3
4239,23,3210,D,3,A,0.58,0.43,0.58,0.0,0.0,0.42,407,1.7094000000000003e-05,0,3
4728,0,0123,D,3,D,0.71,0.62,0.28,0.0,0.01,0.71,392,1.6464000000000004e-05,1,3
4728,3,0231,C,2,C,0.6000000000000001,0.47000000000000003,0.38,0.02,0.6000000000000001,0.0,392,1.6464000000000004e-05,1,3
4728,2,0213,D,3,D,0.6900000000000001,0.59,0.30000000000000004,0.01,0.0,0.6900000000000001,392,1.6464000000000004e-05,1,3
4728,4,0312,B,1,B,0.6900000000000001,0.5700000000000001,0.30000000000000004,0.6900000000000001,0.0,0.01,392,1.6464000000000004e-05,1,3
4728,1,0132,C,2,C,0.63,0.51,0.35000000000000003,0.0,0.63,0.02,392,1.6464000000000004e-05,1,3
4728,5,0321,B,1,B,0.71,0.61,0.27,0.71,0.02,0.0,392,1.6464000000000004e-05,1,3
4728,6,1023,D,3,D,0.76,0.6900000000000001,0.0,0.23,0.01,0.76,392,1.6464000000000004e-05,1,3
4728,7,1032,C,2,C,0.67,0.56,0.0,0.31,0.67,0.02,392,1.6464000000000004e-05,1,3
4728,8,1203,D,3,D,0.49,0.33,0.0,0.01,0.5,0.49,392,1.6464000000000004e-05,1,3
4728,10,1302,B,1,B,0.79,0.72,0.0,0.79,0.2,0.01,392,1.6464000000000004e-05,1,3
4728,9,1230,C,2,C,0.65,0.53,0.0,0.01,0.65,0.34,392,1.6464000000000004e-05,1,3
4728,11,1320,B,1,B,0.53,0.36,0.0,0.53,0.01,0.46,392,1.6464000000000004e-05,1,3
4728,12,2013,D,3,D,0.61,0.48,0.02,0.37,0.0,0.61,392,1.6464000000000004e-05,1,3
4728,14,2103,D,3,D,0.62,0.5,0.01,0.0,0.37,0.62,392,1.6464000000000004e-05,1,3
4728,13,2031,C,2,B,0.52,0.37,0.02,0.52,0.46,0.0,392,1.6464000000000004e-05,0,0
4728,16,2301,B,1,B,0.65,0.54,0.01,0.65,0.34,0.0,392,1.6464000000000004e-05,1,3
4728,19,3021,A,0,A,0.8300000000000001,0.77,0.8300000000000001,0.16,0.01,0.0,392,1.6464000000000004e-05,1,3
4728,15,2130,C,2,C,0.65,0.53,0.01,0.0,0.65,0.34,392,1.6464000000000004e-05,1,3
4728,18,3012,A,0,A,0.88,0.8300000000000001,0.88,0.12,0.0,0.0,392,1.6464000000000004e-05,1,3
4728,17,2310,B,1,B,0.61,0.47000000000000003,0.01,0.61,0.0,0.38,392,1.6464000000000004e-05,1,3
4728,20,3102,A,0,A,0.86,0.8200000000000001,0.86,0.0,0.13,0.01,392,1.6464000000000004e-05,1,3
4728,21,3120,A,0,A,0.66,0.55,0.66,0.0,0.02,0.32,392,1.6464000000000004e-05,1,3
4728,22,3201,A,0,A,0.75,0.67,0.75,0.02,0.23,0.0,392,1.6464000000000004e-05,1,3
6881,0,0123,A,0,A,1.0,1.0,1.0,0.0,0.0,0.0,379,1.5918000000000002e-05,1,0
4728,23,3210,A,0,A,0.74,0.65,0.74,0.02,0.0,0.24,392,1.6464000000000004e-05,1,3
6881,3,0231,A,0,A,1.0,1.0,1.0,0.0,0.0,0.0,379,1.5918000000000002e-05,1,0
6881,1,0132,A,0,A,1.0,1.0,1.0,0.0,0.0,0.0,379,1.5918000000000002e-05,1,0
6881,2,0213,A,0,A,1.0,1.0,1.0,0.0,0.0,0.0,379,1.5918000000000002e-05,1,0
6881,4,0312,A,0,A,1.0,1.0,1.0,0.0,0.0,0.0,379,1.5918000000000002e-05,1,0
6881,5,0321,A,0,A,1.0,1.0,1.0,0.0,0.0,0.0,379,1.5918000000000002e-05,1,0
6881,6,1023,B,1,B,1.0,1.0,0.0,1.0,0.0,0.0,379,1.5918000000000002e-05,1,0
6881,7,1032,B,1,B,1.0,1.0,0.0,1.0,0.0,0.0,379,1.5918000000000002e-05,1,0
6881,8,1203,C,2,C,1.0,1.0,0.0,0.0,1.0,0.0,379,1.5918000000000002e-05,1,0
6881,10,1302,C,2,C,1.0,1.0,0.0,0.0,1.0,0.0,379,1.5918000000000002e-05,1,0
6881,9,1230,D,3,D,1.0,1.0,0.0,0.0,0.0,1.0,379,1.5918000000000002e-05,1,0
6881,11,1320,D,3,D,1.0,1.0,0.0,0.0,0.0,1.0,379,1.5918000000000002e-05,1,0
6881,12,2013,B,1,B,1.0,1.0,0.0,1.0,0.0,0.0,379,1.5918000000000002e-05,1,0
6881,13,2031,B,1,B,1.0,1.0,0.0,1.0,0.0,0.0,379,1.5918000000000002e-05,1,0
6881,14,2103,C,2,C,1.0,1.0,0.0,0.0,1.0,0.0,379,1.5918000000000002e-05,1,0
6881,15,2130,D,3,D,1.0,1.0,0.0,0.0,0.0,1.0,379,1.5918000000000002e-05,1,0
6881,17,2310,D,3,D,1.0,1.0,0.0,0.0,0.0,1.0,379,1.5918000000000002e-05,1,0
6881,16,2301,C,2,C,1.0,1.0,0.0,0.0,1.0,0.0,379,1.5918000000000002e-05,1,0
6881,18,3012,B,1,B,1.0,1.0,0.0,1.0,0.0,0.0,379,1.5918000000000002e-05,1,0
6881,19,3021,B,1,B,1.0,1.0,0.0,1.0,0.0,0.0,379,1.5918000000000002e-05,1,0
6881,20,3102,C,2,C,1.0,1.0,0.0,0.0,1.0,0.0,379,1.5918000000000002e-05,1,0
6881,21,3120,D,3,D,1.0,1.0,0.0,0.0,0.0,1.0,379,1.5918000000000002e-05,1,0
6881,22,3201,C,2,C,1.0,1.0,0.0,0.0,1.0,0.0,379,1.5918000000000002e-05,1,0
6881,23,3210,D,3,D,1.0,1.0,0.0,0.0,0.0,1.0,379,1.5918000000000002e-05,1,0
4041,2,0213,B,1,B,0.99,0.99,0.01,0.99,0.0,0.0,380,1.5960000000000003e-05,1,2
4041,3,0231,B,1,B,0.99,0.98,0.01,0.99,0.0,0.0,380,1.5960000000000003e-05,1,2
4041,0,0123,C,2,C,0.98,0.98,0.01,0.01,0.98,0.0,380,1.5960000000000003e-05,1,2
4041,5,0321,C,2,C,1.0,0.99,0.0,0.0,1.0,0.0,380,1.5960000000000003e-05,1,2
4041,6,1023,C,2,C,0.99,0.98,0.01,0.0,0.99,0.0,380,1.5960000000000003e-05,1,2
4041,8,1203,B,1,B,0.99,0.99,0.01,0.99,0.0,0.0,380,1.5960000000000003e-05,1,2
4041,9,1230,B,1,B,0.99,0.99,0.01,0.99,0.0,0.0,380,1.5960000000000003e-05,1,2
4041,4,0312,D,3,D,1.0,0.99,0.0,0.0,0.0,1.0,380,1.5960000000000003e-05,1,2
4041,7,1032,D,3,D,0.99,0.98,0.01,0.0,0.0,0.99,380,1.5960000000000003e-05,1,2
4041,10,1302,D,3,D,0.99,0.98,0.01,0.0,0.0,0.99,380,1.5960000000000003e-05,1,2
4041,11,1320,C,2,C,0.99,0.99,0.01,0.0,0.99,0.0,380,1.5960000000000003e-05,1,2
4041,12,2013,A,0,A,0.99,0.99,0.99,0.0,0.01,0.0,380,1.5960000000000003e-05,1,2
4041,13,2031,A,0,A,1.0,1.0,1.0,0.0,0.0,0.0,380,1.5960000000000003e-05,1,2
4041,15,2130,A,0,A,0.99,0.99,0.99,0.01,0.0,0.0,380,1.5960000000000003e-05,1,2
4041,14,2103,A,0,A,1.0,0.99,1.0,0.0,0.0,0.0,380,1.5960000000000003e-05,1,2
4041,16,2301,A,0,A,1.0,0.99,1.0,0.0,0.0,0.0,380,1.5960000000000003e-05,1,2
4041,18,3012,D,3,D,0.99,0.99,0.0,0.0,0.01,0.99,380,1.5960000000000003e-05,1,2
4041,19,3021,C,2,C,1.0,0.99,0.0,0.0,1.0,0.0,380,1.5960000000000003e-05,1,2
4041,17,2310,A,0,A,1.0,0.99,1.0,0.0,0.0,0.0,380,1.5960000000000003e-05,1,2
4041,21,3120,C,2,C,0.99,0.99,0.0,0.01,0.99,0.0,380,1.5960000000000003e-05,1,2
4041,20,3102,D,3,D,1.0,0.99,0.0,0.0,0.0,1.0,380,1.5960000000000003e-05,1,2
4041,22,3201,B,1,B,1.0,0.99,0.0,1.0,0.0,0.0,380,1.5960000000000003e-05,1,2
2255,0,0123,D,3,D,0.71,0.6000000000000001,0.25,0.04,0.0,0.71,375,1.5750000000000003e-05,1,3
4041,23,3210,B,1,B,1.0,0.99,0.0,1.0,0.0,0.0,380,1.5960000000000003e-05,1,2
2255,1,0132,C,2,C,0.79,0.72,0.19,0.02,0.79,0.0,375,1.5750000000000003e-05,1,3
2255,3,0231,C,2,C,0.89,0.84,0.11,0.0,0.89,0.0,375,1.5750000000000003e-05,1,3
2255,7,1032,C,2,C,0.87,0.8200000000000001,0.06,0.07,0.87,0.0,375,1.5750000000000003e-05,1,3
2255,6,1023,D,3,D,0.8300000000000001,0.77,0.09,0.08,0.0,0.8300000000000001,375,1.5750000000000003e-05,1,3
2255,4,0312,B,1,B,0.89,0.86,0.1,0.89,0.01,0.0,375,1.5750000000000003e-05,1,3
2255,5,0321,B,1,B,0.84,0.79,0.15,0.84,0.0,0.01,375,1.5750000000000003e-05,1,3
2255,9,1230,C,2,C,0.92,0.88,0.08,0.0,0.92,0.0,375,1.5750000000000003e-05,1,3
2255,8,1203,D,3,D,0.87,0.8200000000000001,0.1,0.0,0.03,0.87,375,1.5750000000000003e-05,1,3
2255,2,0213,D,3,D,0.81,0.75,0.17,0.0,0.02,0.81,375,1.5750000000000003e-05,1,3
4041,1,0132,D,3,D,0.99,0.98,0.0,0.01,0.0,0.99,380,1.5960000000000003e-05,1,2
2255,13,2031,C,2,C,0.98,0.97,0.0,0.01,0.98,0.01,375,1.5750000000000003e-05,1,3
2255,12,2013,D,3,D,0.929999999999999,0.92,0.01,0.03,0.03,0.929999999999999,375,1.5750000000000003e-05,1,3
2255,14,2103,D,3,D,0.91,0.88,0.01,0.05,0.03,0.91,375,1.5750000000000003e-05,1,3
2255,15,2130,C,2,C,0.91,0.89,0.01,0.07,0.91,0.01,375,1.5750000000000003e-05,1,3
2255,10,1302,B,1,B,0.9,0.85,0.1,0.9,0.0,0.0,375,1.5750000000000003e-05,1,3
2255,17,2310,B,1,B,0.99,0.97,0.0,0.99,0.01,0.0,375,1.5750000000000003e-05,1,3
2255,16,2301,B,1,B,0.97,0.96,0.01,0.97,0.0,0.02,375,1.5750000000000003e-05,1,3
2255,18,3012,A,0,A,0.97,0.9400000000000001,0.97,0.0,0.03,0.0,375,1.5750000000000003e-05,1,3
2255,11,1320,B,1,B,0.9,0.86,0.09,0.9,0.0,0.01,375,1.5750000000000003e-05,1,3
2255,19,3021,A,0,A,0.98,0.98,0.98,0.01,0.0,0.01,375,1.5750000000000003e-05,1,3
2255,20,3102,A,0,A,0.97,0.96,0.97,0.03,0.0,0.0,375,1.5750000000000003e-05,1,3
2255,21,3120,A,0,A,0.98,0.96,0.98,0.02,0.0,0.0,375,1.5750000000000003e-05,1,3
9505,0,0123,B,1,D,0.6000000000000001,0.47000000000000003,0.0,0.02,0.38,0.6000000000000001,359,1.5078000000000002e-05,0,3
2255,22,3201,A,0,A,0.99,0.98,0.99,0.0,0.0,0.01,375,1.5750000000000003e-05,1,3
9505,1,0132,B,1,C,0.89,0.85,0.0,0.01,0.89,0.1,359,1.5078000000000002e-05,0,3
9505,2,0213,C,2,D,0.66,0.55,0.0,0.33,0.01,0.66,359,1.5078000000000002e-05,0,3
2255,23,3210,A,0,A,0.97,0.97,0.97,0.0,0.02,0.01,375,1.5750000000000003e-05,1,3
9505,3,0231,D,3,C,0.58,0.43,0.0,0.41000000000000003,0.58,0.01,359,1.5078000000000002e-05,0,3
9505,4,0312,C,2,B,0.89,0.85,0.0,0.89,0.01,0.1,359,1.5078000000000002e-05,0,3
9505,5,0321,D,3,B,0.87,0.8300000000000001,0.0,0.87,0.12,0.01,359,1.5078000000000002e-05,0,3
9505,6,1023,A,0,D,0.68,0.5700000000000001,0.02,0.0,0.30000000000000004,0.68,359,1.5078000000000002e-05,0,3
9505,7,1032,A,0,C,0.89,0.86,0.01,0.0,0.89,0.1,359,1.5078000000000002e-05,0,3
9505,12,2013,C,2,D,0.54,0.38,0.45,0.0,0.01,0.54,359,1.5078000000000002e-05,0,3
9505,11,1320,A,0,B,0.91,0.89,0.01,0.91,0.08,0.0,359,1.5078000000000002e-05,0,3
9505,8,1203,A,0,D,0.74,0.64,0.02,0.24,0.0,0.74,359,1.5078000000000002e-05,0,3
9505,9,1230,A,0,C,0.75,0.67,0.02,0.23,0.75,0.0,359,1.5078000000000002e-05,0,3
9505,10,1302,A,0,B,0.92,0.9,0.01,0.92,0.0,0.07,359,1.5078000000000002e-05,0,3
9505,13,2031,D,3,A,0.55,0.39,0.55,0.0,0.43,0.02,359,1.5078000000000002e-05,0,2
9505,16,2301,D,3,A,0.58,0.43,0.58,0.41000000000000003,0.0,0.01,359,1.5078000000000002e-05,0,2
9505,14,2103,B,1,A,0.51,0.34,0.51,0.01,0.0,0.48,359,1.5078000000000002e-05,0,2
9505,15,2130,B,1,A,0.5700000000000001,0.42,0.5700000000000001,0.01,0.42,0.0,359,1.5078000000000002e-05,0,2
9505,18,3012,C,2,A,0.91,0.87,0.91,0.0,0.01,0.08,359,1.5078000000000002e-05,0,3
9505,17,2310,C,2,B,0.53,0.37,0.46,0.53,0.01,0.0,359,1.5078000000000002e-05,0,3
9505,20,3102,B,1,A,0.929999999999999,0.92,0.929999999999999,0.01,0.0,0.06,359,1.5078000000000002e-05,0,3
9505,19,3021,D,3,A,0.88,0.84,0.88,0.0,0.11,0.01,359,1.5078000000000002e-05,0,3
9505,21,3120,B,1,A,0.93,0.91,0.93,0.01,0.06,0.0,359,1.5078000000000002e-05,0,3
9505,22,3201,D,3,A,0.9,0.87,0.9,0.09,0.0,0.01,359,1.5078000000000002e-05,0,3
9505,23,3210,C,2,A,0.85,0.81,0.85,0.14,0.01,0.0,359,1.5078000000000002e-05,0,3
2659,0,0123,A,0,A,1.0,1.0,1.0,0.0,0.0,0.0,376,1.5792000000000004e-05,1,0
2659,1,0132,A,0,A,1.0,1.0,1.0,0.0,0.0,0.0,376,1.5792000000000004e-05,1,0
2659,4,0312,A,0,A,1.0,1.0,1.0,0.0,0.0,0.0,376,1.5792000000000004e-05,1,0
2659,2,0213,A,0,A,1.0,1.0,1.0,0.0,0.0,0.0,376,1.5792000000000004e-05,1,0
2659,3,0231,A,0,A,1.0,1.0,1.0,0.0,0.0,0.0,376,1.5792000000000004e-05,1,0
2659,5,0321,A,0,A,1.0,1.0,1.0,0.0,0.0,0.0,376,1.5792000000000004e-05,1,0
2659,7,1032,B,1,B,0.99,0.98,0.01,0.99,0.0,0.0,376,1.5792000000000004e-05,1,0
2659,8,1203,C,2,C,0.99,0.98,0.01,0.0,0.99,0.0,376,1.5792000000000004e-05,1,0
2659,9,1230,D,3,D,0.99,0.99,0.01,0.0,0.0,0.99,376,1.5792000000000004e-05,1,0
2659,11,1320,D,3,D,0.99,0.99,0.01,0.0,0.0,0.99,376,1.5792000000000004e-05,1,0
2659,13,2031,B,1,B,1.0,1.0,0.0,1.0,0.0,0.0,376,1.5792000000000004e-05,1,0
2659,10,1302,C,2,C,0.98,0.98,0.02,0.0,0.98,0.0,376,1.5792000000000004e-05,1,0
2659,14,2103,C,2,C,1.0,1.0,0.0,0.0,1.0,0.0,376,1.5792000000000004e-05,1,0
2659,6,1023,B,1,B,0.99,0.99,0.01,0.99,0.0,0.0,376,1.5792000000000004e-05,1,0
2659,12,2013,B,1,B,1.0,1.0,0.0,1.0,0.0,0.0,376,1.5792000000000004e-05,1,0
2659,15,2130,D,3,D,1.0,1.0,0.0,0.0,0.0,1.0,376,1.5792000000000004e-05,1,0
2659,16,2301,C,2,C,1.0,1.0,0.0,0.0,1.0,0.0,376,1.5792000000000004e-05,1,0
2659,17,2310,D,3,D,1.0,1.0,0.0,0.0,0.0,1.0,376,1.5792000000000004e-05,1,0
2659,18,3012,B,1,B,1.0,1.0,0.0,1.0,0.0,0.0,376,1.5792000000000004e-05,1,0
2659,19,3021,B,1,B,1.0,0.99,0.0,1.0,0.0,0.0,376,1.5792000000000004e-05,1,0
2659,20,3102,C,2,C,0.99,0.99,0.0,0.01,0.99,0.0,376,1.5792000000000004e-05,1,0
2659,21,3120,D,3,D,1.0,0.99,0.0,0.0,0.0,1.0,376,1.5792000000000004e-05,1,0
6980,0,0123,A,0,A,0.91,0.87,0.91,0.09,0.0,0.0,369,1.5498000000000003e-05,1,0
2659,23,3210,D,3,D,1.0,1.0,0.0,0.0,0.0,1.0,376,1.5792000000000004e-05,1,0
6980,3,0231,A,0,A,0.91,0.88,0.91,0.0,0.0,0.09,369,1.5498000000000003e-05,1,0
2659,22,3201,C,2,C,1.0,1.0,0.0,0.0,1.0,0.0,376,1.5792000000000004e-05,1,0
6980,1,0132,A,0,A,0.93,0.9,0.93,0.07,0.0,0.0,369,1.5498000000000003e-05,1,0
6980,2,0213,A,0,A,0.96,0.93,0.96,0.0,0.04,0.0,369,1.5498000000000003e-05,1,0
6980,4,0312,A,0,A,0.9,0.87,0.9,0.0,0.09,0.01,369,1.5498000000000003e-05,1,0
6980,5,0321,A,0,A,0.93,0.9,0.93,0.0,0.0,0.07,369,1.5498000000000003e-05,1,0
6980,6,1023,B,1,B,0.9,0.86,0.1,0.9,0.0,0.0,369,1.5498000000000003e-05,1,0
6980,7,1032,B,1,B,0.91,0.87,0.09,0.91,0.0,0.0,369,1.5498000000000003e-05,1,0
6980,9,1230,D,3,D,0.9,0.86,0.1,0.0,0.0,0.9,369,1.5498000000000003e-05,1,0
6980,12,2013,B,1,B,0.96,0.9400000000000001,0.0,0.96,0.04,0.0,369,1.5498000000000003e-05,1,0
6980,10,1302,C,2,C,0.87,0.8300000000000001,0.12,0.0,0.87,0.01,369,1.5498000000000003e-05,1,0
6980,11,1320,D,3,D,0.92,0.9,0.07,0.0,0.01,0.92,369,1.5498000000000003e-05,1,0
6980,8,1203,C,2,C,0.9,0.86,0.1,0.0,0.9,0.0,369,1.5498000000000003e-05,1,0
6980,13,2031,B,1,B,0.92,0.89,0.0,0.92,0.0,0.08,369,1.5498000000000003e-05,1,0
6980,14,2103,C,2,C,0.9400000000000001,0.92,0.0,0.06,0.9400000000000001,0.0,369,1.5498000000000003e-05,1,0
6980,15,2130,D,3,D,0.9500000000000001,0.93,0.0,0.05,0.0,0.9500000000000001,369,1.5498000000000003e-05,1,0
6980,16,2301,C,2,C,0.9400000000000001,0.91,0.0,0.0,0.9400000000000001,0.06,369,1.5498000000000003e-05,1,0
6980,18,3012,B,1,B,0.9400000000000001,0.91,0.0,0.9400000000000001,0.06,0.0,369,1.5498000000000003e-05,1,0
6980,21,3120,D,3,D,0.92,0.88,0.0,0.08,0.0,0.92,369,1.5498000000000003e-05,1,0
6980,17,2310,D,3,D,0.9400000000000001,0.92,0.0,0.0,0.06,0.9400000000000001,369,1.5498000000000003e-05,1,0
6980,22,3201,C,2,C,0.92,0.89,0.0,0.0,0.92,0.08,369,1.5498000000000003e-05,1,0
6980,19,3021,B,1,B,0.93,0.91,0.01,0.93,0.0,0.06,369,1.5498000000000003e-05,1,0
6980,20,3102,C,2,C,0.88,0.84,0.0,0.12,0.88,0.0,369,1.5498000000000003e-05,1,0
6980,23,3210,D,3,D,0.9500000000000001,0.93,0.0,0.0,0.05,0.9500000000000001,369,1.5498000000000003e-05,1,0
1735,0,0123,B,1,B,1.0,1.0,0.0,1.0,0.0,0.0,379,1.5918000000000002e-05,1,1
1735,1,0132,B,1,B,1.0,1.0,0.0,1.0,0.0,0.0,379,1.5918000000000002e-05,1,1
1735,4,0312,C,2,C,1.0,1.0,0.0,0.0,1.0,0.0,379,1.5918000000000002e-05,1,1
1735,2,0213,C,2,C,1.0,1.0,0.0,0.0,1.0,0.0,379,1.5918000000000002e-05,1,1
1735,3,0231,D,3,D,1.0,0.99,0.0,0.0,0.0,1.0,379,1.5918000000000002e-05,1,1
1735,6,1023,A,0,A,1.0,1.0,1.0,0.0,0.0,0.0,379,1.5918000000000002e-05,1,1
1735,5,0321,D,3,D,1.0,0.99,0.0,0.0,0.0,1.0,379,1.5918000000000002e-05,1,1
1735,8,1203,A,0,A,1.0,1.0,1.0,0.0,0.0,0.0,379,1.5918000000000002e-05,1,1
1735,7,1032,A,0,A,1.0,1.0,1.0,0.0,0.0,0.0,379,1.5918000000000002e-05,1,1
1735,9,1230,A,0,A,1.0,1.0,1.0,0.0,0.0,0.0,379,1.5918000000000002e-05,1,1
1735,10,1302,A,0,A,1.0,1.0,1.0,0.0,0.0,0.0,379,1.5918000000000002e-05,1,1
1735,12,2013,C,2,C,1.0,1.0,0.0,0.0,1.0,0.0,379,1.5918000000000002e-05,1,1
1735,11,1320,A,0,A,1.0,1.0,1.0,0.0,0.0,0.0,379,1.5918000000000002e-05,1,1
1735,13,2031,D,3,D,1.0,1.0,0.0,0.0,0.0,1.0,379,1.5918000000000002e-05,1,1
1735,14,2103,B,1,B,1.0,1.0,0.0,1.0,0.0,0.0,379,1.5918000000000002e-05,1,1
1735,16,2301,D,3,D,1.0,1.0,0.0,0.0,0.0,1.0,379,1.5918000000000002e-05,1,1
1735,15,2130,B,1,B,1.0,1.0,0.0,1.0,0.0,0.0,379,1.5918000000000002e-05,1,1
1735,18,3012,C,2,C,0.99,0.99,0.01,0.0,0.99,0.0,379,1.5918000000000002e-05,1,1
1735,17,2310,C,2,C,1.0,1.0,0.0,0.0,1.0,0.0,379,1.5918000000000002e-05,1,1
1735,19,3021,D,3,D,0.99,0.99,0.01,0.0,0.0,0.99,379,1.5918000000000002e-05,1,1
1735,20,3102,B,1,B,0.99,0.99,0.01,0.99,0.0,0.0,379,1.5918000000000002e-05,1,1
1735,21,3120,B,1,B,0.99,0.99,0.01,0.99,0.0,0.0,379,1.5918000000000002e-05,1,1
1735,22,3201,D,3,D,0.99,0.99,0.01,0.0,0.0,0.99,379,1.5918000000000002e-05,1,1
6698,1,0132,C,2,C,0.84,0.78,0.15,0.01,0.84,0.0,374,1.5708e-05,1,3
6698,2,0213,D,3,D,0.84,0.77,0.15,0.0,0.01,0.84,374,1.5708e-05,1,3
6698,3,0231,C,2,C,0.89,0.85,0.1,0.0,0.89,0.01,374,1.5708e-05,1,3
6698,0,0123,D,3,D,0.8200000000000001,0.75,0.16,0.02,0.0,0.8200000000000001,374,1.5708e-05,1,3
6698,4,0312,B,1,B,0.9500000000000001,0.93,0.05,0.9500000000000001,0.0,0.0,374,1.5708e-05,1,3
1735,23,3210,C,2,C,0.99,0.99,0.01,0.0,0.99,0.0,379,1.5918000000000002e-05,1,1
6698,5,0321,B,1,B,0.92,0.89,0.07,0.92,0.0,0.01,374,1.5708e-05,1,3
6698,6,1023,D,3,D,0.8300000000000001,0.77,0.03,0.14,0.0,0.8300000000000001,374,1.5708e-05,1,3
6698,7,1032,C,2,C,0.88,0.8300000000000001,0.02,0.1,0.88,0.0,374,1.5708e-05,1,3
6698,9,1230,C,2,C,0.93,0.91,0.02,0.0,0.93,0.04,374,1.5708e-05,1,3
6698,10,1302,B,1,B,0.97,0.96,0.01,0.97,0.02,0.0,374,1.5708e-05,1,3
6698,11,1320,B,1,B,0.9400000000000001,0.92,0.03,0.9400000000000001,0.0,0.03,374,1.5708e-05,1,3
6698,8,1203,D,3,D,0.8,0.73,0.04,0.0,0.16,0.8,374,1.5708e-05,1,3
6698,13,2031,C,2,C,0.86,0.8200000000000001,0.0,0.13,0.86,0.01,374,1.5708e-05,1,3
6698,12,2013,D,3,D,0.809999999999999,0.76,0.01,0.17,0.01,0.809999999999999,374,1.5708e-05,1,3
6698,14,2103,D,3,D,0.85,0.79,0.0,0.02,0.13,0.85,374,1.5708e-05,1,3
6698,16,2301,B,1,B,0.99,0.98,0.0,0.99,0.01,0.0,374,1.5708e-05,1,3
6698,15,2130,C,2,C,0.93,0.91,0.0,0.02,0.93,0.04,374,1.5708e-05,1,3
6698,19,3021,A,0,A,0.97,0.97,0.97,0.02,0.0,0.01,374,1.5708e-05,1,3
6698,18,3012,A,0,A,0.98,0.97,0.98,0.01,0.01,0.0,374,1.5708e-05,1,3
6698,21,3120,A,0,A,0.97,0.96,0.97,0.01,0.0,0.02,374,1.5708e-05,1,3
6698,17,2310,B,1,B,0.99,0.98,0.0,0.99,0.0,0.01,374,1.5708e-05,1,3
6698,20,3102,A,0,A,0.98,0.97,0.98,0.01,0.01,0.0,374,1.5708e-05,1,3
6698,22,3201,A,0,A,0.97,0.96,0.97,0.0,0.02,0.01,374,1.5708e-05,1,3
6698,23,3210,A,0,A,0.97,0.96,0.97,0.0,0.01,0.02,374,1.5708e-05,1,3
8207,0,0123,D,3,D,1.0,1.0,0.0,0.0,0.0,1.0,387,1.6254e-05,1,3
8207,1,0132,C,2,C,1.0,1.0,0.0,0.0,1.0,0.0,387,1.6254e-05,1,3
8207,4,0312,B,1,B,1.0,1.0,0.0,1.0,0.0,0.0,387,1.6254e-05,1,3
8207,2,0213,D,3,D,1.0,1.0,0.0,0.0,0.0,1.0,387,1.6254e-05,1,3
8207,5,0321,B,1,B,1.0,1.0,0.0,1.0,0.0,0.0,387,1.6254e-05,1,3
8207,3,0231,C,2,C,1.0,1.0,0.0,0.0,1.0,0.0,387,1.6254e-05,1,3
8207,6,1023,D,3,D,1.0,1.0,0.0,0.0,0.0,1.0,387,1.6254e-05,1,3
8207,7,1032,C,2,C,1.0,1.0,0.0,0.0,1.0,0.0,387,1.6254e-05,1,3
8207,9,1230,C,2,C,1.0,1.0,0.0,0.0,1.0,0.0,387,1.6254e-05,1,3
8207,8,1203,D,3,D,1.0,1.0,0.0,0.0,0.0,1.0,387,1.6254e-05,1,3
8207,10,1302,B,1,B,1.0,1.0,0.0,1.0,0.0,0.0,387,1.6254e-05,1,3
8207,11,1320,B,1,B,1.0,1.0,0.0,1.0,0.0,0.0,387,1.6254e-05,1,3
8207,12,2013,D,3,D,1.0,1.0,0.0,0.0,0.0,1.0,387,1.6254e-05,1,3
8207,14,2103,D,3,D,1.0,1.0,0.0,0.0,0.0,1.0,387,1.6254e-05,1,3
8207,13,2031,C,2,C,1.0,1.0,0.0,0.0,1.0,0.0,387,1.6254e-05,1,3
8207,18,3012,A,0,A,1.0,1.0,1.0,0.0,0.0,0.0,387,1.6254e-05,1,3
8207,15,2130,C,2,C,1.0,1.0,0.0,0.0,1.0,0.0,387,1.6254e-05,1,3
8207,16,2301,B,1,B,1.0,1.0,0.0,1.0,0.0,0.0,387,1.6254e-05,1,3
8207,17,2310,B,1,B,1.0,1.0,0.0,1.0,0.0,0.0,387,1.6254e-05,1,3
8207,22,3201,A,0,A,1.0,1.0,1.0,0.0,0.0,0.0,387,1.6254e-05,1,3
8207,20,3102,A,0,A,1.0,1.0,1.0,0.0,0.0,0.0,387,1.6254e-05,1,3
8207,19,3021,A,0,A,1.0,1.0,1.0,0.0,0.0,0.0,387,1.6254e-05,1,3
8207,21,3120,A,0,A,1.0,1.0,1.0,0.0,0.0,0.0,387,1.6254e-05,1,3
8877,0,0123,B,1,B,0.98,0.97,0.01,0.98,0.01,0.0,403,1.6926000000000004e-05,1,1
8877,1,0132,B,1,B,0.96,0.9500000000000001,0.01,0.96,0.0,0.03,403,1.6926000000000004e-05,1,1
8207,23,3210,A,0,A,1.0,1.0,1.0,0.0,0.0,0.0,387,1.6254e-05,1,3
8877,2,0213,C,2,C,0.8200000000000001,0.77,0.01,0.17,0.8200000000000001,0.0,403,1.6926000000000004e-05,1,1
8877,3,0231,D,3,D,0.84,0.79,0.01,0.15,0.0,0.84,403,1.6926000000000004e-05,1,1
8877,6,1023,A,0,A,0.96,0.9500000000000001,0.96,0.01,0.03,0.0,403,1.6926000000000004e-05,1,1
8877,7,1032,A,0,A,0.96,0.9500000000000001,0.96,0.01,0.0,0.03,403,1.6926000000000004e-05,1,1
8877,4,0312,C,2,C,0.92,0.9,0.01,0.0,0.92,0.07,403,1.6926000000000004e-05,1,1
8877,5,0321,D,3,D,0.9,0.88,0.01,0.0,0.09,0.9,403,1.6926000000000004e-05,1,1
8877,8,1203,A,0,A,0.98,0.97,0.98,0.02,0.0,0.0,403,1.6926000000000004e-05,1,1
8877,9,1230,A,0,A,0.98,0.97,0.98,0.02,0.0,0.0,403,1.6926000000000004e-05,1,1
8877,11,1320,A,0,A,0.99,0.97,0.99,0.0,0.01,0.0,403,1.6926000000000004e-05,1,1
8877,10,1302,A,0,A,0.98,0.97,0.98,0.0,0.0,0.02,403,1.6926000000000004e-05,1,1
8877,12,2013,C,2,C,0.9400000000000001,0.92,0.05,0.01,0.9400000000000001,0.0,403,1.6926000000000004e-05,1,1
8877,13,2031,D,3,D,0.9400000000000001,0.92,0.05,0.01,0.0,0.9400000000000001,403,1.6926000000000004e-05,1,1
8877,14,2103,B,1,B,0.9400000000000001,0.92,0.06,0.9400000000000001,0.0,0.0,403,1.6926000000000004e-05,1,1
8877,15,2130,B,1,B,0.93,0.9,0.07,0.93,0.0,0.0,403,1.6926000000000004e-05,1,1
8877,17,2310,C,2,C,0.89,0.85,0.11,0.0,0.89,0.0,403,1.6926000000000004e-05,1,1
8877,16,2301,D,3,D,0.92,0.89,0.07,0.0,0.01,0.92,403,1.6926000000000004e-05,1,1
8877,18,3012,C,2,C,0.9400000000000001,0.93,0.0,0.01,0.9400000000000001,0.05,403,1.6926000000000004e-05,1,1
8877,19,3021,D,3,D,0.8300000000000001,0.78,0.0,0.01,0.16,0.8300000000000001,403,1.6926000000000004e-05,1,1
8877,22,3201,D,3,D,0.9500000000000001,0.93,0.0,0.04,0.01,0.9500000000000001,403,1.6926000000000004e-05,1,1
8877,21,3120,B,1,B,0.98,0.97,0.0,0.98,0.02,0.0,403,1.6926000000000004e-05,1,1
8877,23,3210,C,2,C,0.89,0.84,0.0,0.11,0.89,0.0,403,1.6926000000000004e-05,1,1
5999,0,0123,C,2,C,0.66,0.54,0.01,0.33,0.66,0.0,391,1.6422e-05,1,2
8877,20,3102,B,1,B,0.91,0.88,0.0,0.91,0.01,0.08,403,1.6926000000000004e-05,1,1
5999,1,0132,D,3,D,0.74,0.65,0.01,0.25,0.0,0.74,391,1.6422e-05,1,2
5999,2,0213,B,1,B,0.84,0.79,0.01,0.84,0.15,0.0,391,1.6422e-05,1,2
5999,3,0231,B,1,B,0.85,0.8,0.01,0.85,0.0,0.14,391,1.6422e-05,1,2
5999,5,0321,C,2,C,0.93,0.91,0.0,0.0,0.93,0.07,391,1.6422e-05,1,2
5999,4,0312,D,3,D,0.6900000000000001,0.59,0.01,0.0,0.30000000000000004,0.6900000000000001,391,1.6422e-05,1,2
5999,6,1023,C,2,C,0.75,0.66,0.24,0.0,0.75,0.01,391,1.6422e-05,1,2
5999,7,1032,D,3,D,0.78,0.6900000000000001,0.22,0.0,0.0,0.78,391,1.6422e-05,1,2
5999,9,1230,B,1,B,0.76,0.68,0.23,0.76,0.01,0.0,391,1.6422e-05,1,2
5999,8,1203,B,1,B,0.75,0.66,0.25,0.75,0.0,0.0,391,1.6422e-05,1,2
5999,11,1320,C,2,C,0.73,0.64,0.26,0.01,0.73,0.0,391,1.6422e-05,1,2
5999,10,1302,D,3,D,0.79,0.72,0.2,0.01,0.0,0.79,391,1.6422e-05,1,2
5999,12,2013,A,0,A,0.9,0.86,0.9,0.0,0.1,0.0,391,1.6422e-05,1,2
5999,14,2103,A,0,A,0.9,0.86,0.9,0.1,0.0,0.0,391,1.6422e-05,1,2
5999,13,2031,A,0,A,0.9400000000000001,0.92,0.9400000000000001,0.0,0.0,0.06,391,1.6422e-05,1,2
5999,15,2130,A,0,A,0.87,0.8200000000000001,0.87,0.13,0.0,0.0,391,1.6422e-05,1,2
5999,17,2310,A,0,A,0.92,0.88,0.92,0.0,0.08,0.0,391,1.6422e-05,1,2
5999,18,3012,D,3,D,0.66,0.56,0.03,0.01,0.30000000000000004,0.66,391,1.6422e-05,1,2
5999,16,2301,A,0,A,0.9400000000000001,0.93,0.9400000000000001,0.01,0.0,0.05,391,1.6422e-05,1,2
5999,21,3120,C,2,C,0.6900000000000001,0.58,0.02,0.29,0.6900000000000001,0.0,391,1.6422e-05,1,2
5999,22,3201,B,1,B,0.9400000000000001,0.92,0.01,0.9400000000000001,0.0,0.05,391,1.6422e-05,1,2
5999,23,3210,B,1,B,0.91,0.88,0.01,0.91,0.08,0.0,391,1.6422e-05,1,2
2298,0,0123,B,1,B,0.86,0.8200000000000001,0.07,0.86,0.02,0.05,362,1.5204e-05,1,1
5999,20,3102,D,3,D,0.67,0.55,0.02,0.31,0.0,0.67,391,1.6422e-05,1,2
2298,1,0132,B,1,B,0.88,0.84,0.07,0.88,0.04,0.01,362,1.5204e-05,1,1
2298,2,0213,C,2,C,0.77,0.7000000000000001,0.11,0.03,0.77,0.09,362,1.5204e-05,1,1
2298,4,0312,C,2,C,0.68,0.5700000000000001,0.14,0.14,0.68,0.04,362,1.5204e-05,1,1
2298,5,0321,D,3,D,0.74,0.64,0.11,0.13,0.02,0.74,362,1.5204e-05,1,1
2298,3,0231,D,3,D,0.6900000000000001,0.6000000000000001,0.13,0.04,0.14,0.6900000000000001,362,1.5204e-05,1,1
2298,7,1032,A,0,A,0.88,0.84,0.88,0.07,0.04,0.01,362,1.5204e-05,1,1
2298,6,1023,A,0,A,0.929999999999999,0.92,0.929999999999999,0.04,0.01,0.02,362,1.5204e-05,1,1
2298,8,1203,A,0,A,0.86,0.8200000000000001,0.86,0.02,0.06,0.06,362,1.5204e-05,1,1
2298,9,1230,A,0,A,0.9,0.86,0.9,0.01,0.05,0.04,362,1.5204e-05,1,1
2298,10,1302,A,0,A,0.88,0.84,0.88,0.06,0.05,0.01,362,1.5204e-05,1,1
2298,11,1320,A,0,A,0.9,0.85,0.9,0.05,0.01,0.04,362,1.5204e-05,1,1
2298,14,2103,B,1,B,0.78,0.7000000000000001,0.04,0.78,0.09,0.09,362,1.5204e-05,1,1
2298,13,2031,D,3,D,0.71,0.61,0.04,0.1,0.15,0.71,362,1.5204e-05,1,1
2298,15,2130,B,1,B,0.8300000000000001,0.78,0.03,0.8300000000000001,0.08,0.06,362,1.5204e-05,1,1
2298,12,2013,C,2,C,0.79,0.72,0.03,0.07,0.79,0.11,362,1.5204e-05,1,1
2298,17,2310,C,2,C,0.75,0.66,0.05,0.11,0.75,0.09,362,1.5204e-05,1,1
2298,16,2301,D,3,D,0.8300000000000001,0.77,0.03,0.07,0.07,0.8300000000000001,362,1.5204e-05,1,1
5999,19,3021,C,2,C,0.92,0.9,0.02,0.0,0.92,0.06,391,1.6422e-05,1,2
2298,18,3012,C,2,C,0.8300000000000001,0.77,0.07,0.07,0.8300000000000001,0.03,362,1.5204e-05,1,1
2298,19,3021,D,3,D,0.84,0.79,0.07,0.06,0.03,0.84,362,1.5204e-05,1,1
2298,22,3201,D,3,D,0.89,0.86,0.04,0.01,0.06,0.89,362,1.5204e-05,1,1
2298,20,3102,B,1,B,0.81,0.75,0.06,0.81,0.1,0.02,362,1.5204e-05,1,1
2298,21,3120,B,1,B,0.8,0.73,0.08,0.8,0.03,0.09,362,1.5204e-05,1,1
2298,23,3210,C,2,C,0.84,0.78,0.05,0.02,0.84,0.09,362,1.5204e-05,1,1
7364,1,0132,D,3,D,1.0,0.99,0.0,0.0,0.0,1.0,365,1.533e-05,1,2
7364,0,0123,C,2,C,1.0,0.99,0.0,0.0,1.0,0.0,365,1.533e-05,1,2
7364,2,0213,B,1,B,1.0,0.99,0.0,1.0,0.0,0.0,365,1.533e-05,1,2
7364,7,1032,D,3,D,1.0,0.99,0.0,0.0,0.0,1.0,365,1.533e-05,1,2
7364,4,0312,D,3,D,1.0,0.99,0.0,0.0,0.0,1.0,365,1.533e-05,1,2
7364,6,1023,C,2,C,1.0,0.99,0.0,0.0,1.0,0.0,365,1.533e-05,1,2
7364,8,1203,B,1,B,1.0,0.99,0.0,1.0,0.0,0.0,365,1.533e-05,1,2
7364,9,1230,B,1,B,1.0,0.99,0.0,1.0,0.0,0.0,365,1.533e-05,1,2
7364,3,0231,B,1,B,1.0,1.0,0.0,1.0,0.0,0.0,365,1.533e-05,1,2
7364,5,0321,C,2,C,1.0,0.99,0.0,0.0,1.0,0.0,365,1.533e-05,1,2
7364,10,1302,D,3,D,1.0,0.99,0.0,0.0,0.0,1.0,365,1.533e-05,1,2
7364,11,1320,C,2,C,1.0,0.99,0.0,0.0,1.0,0.0,365,1.533e-05,1,2
7364,12,2013,A,0,A,1.0,1.0,1.0,0.0,0.0,0.0,365,1.533e-05,1,2
7364,13,2031,A,0,A,1.0,1.0,1.0,0.0,0.0,0.0,365,1.533e-05,1,2
7364,15,2130,A,0,A,1.0,0.99,1.0,0.0,0.0,0.0,365,1.533e-05,1,2
7364,14,2103,A,0,A,1.0,0.99,1.0,0.0,0.0,0.0,365,1.533e-05,1,2
7364,17,2310,A,0,A,1.0,0.99,1.0,0.0,0.0,0.0,365,1.533e-05,1,2
7364,16,2301,A,0,A,1.0,0.99,1.0,0.0,0.0,0.0,365,1.533e-05,1,2
7364,19,3021,C,2,C,1.0,0.99,0.0,0.0,1.0,0.0,365,1.533e-05,1,2
7364,18,3012,D,3,D,0.99,0.99,0.01,0.0,0.0,0.99,365,1.533e-05,1,2
7364,20,3102,D,3,D,0.99,0.99,0.01,0.0,0.0,0.99,365,1.533e-05,1,2
7364,22,3201,B,1,B,0.99,0.99,0.01,0.99,0.0,0.0,365,1.533e-05,1,2
7364,21,3120,C,2,C,0.99,0.99,0.01,0.0,0.99,0.0,365,1.533e-05,1,2
7364,23,3210,B,1,B,0.99,0.98,0.01,0.99,0.0,0.0,365,1.533e-05,1,2
2414,1,0132,B,1,B,0.97,0.9500000000000001,0.03,0.97,0.0,0.0,376,1.5792000000000004e-05,1,1
2414,0,0123,B,1,B,0.9400000000000001,0.93,0.05,0.9400000000000001,0.0,0.01,376,1.5792000000000004e-05,1,1
2414,3,0231,D,3,D,0.9500000000000001,0.93,0.04,0.0,0.01,0.9500000000000001,376,1.5792000000000004e-05,1,1
2414,4,0312,C,2,C,0.9500000000000001,0.9400000000000001,0.04,0.01,0.9500000000000001,0.0,376,1.5792000000000004e-05,1,1
2414,2,0213,C,2,C,0.96,0.9400000000000001,0.03,0.0,0.96,0.01,376,1.5792000000000004e-05,1,1
2414,5,0321,D,3,D,0.96,0.9500000000000001,0.03,0.01,0.0,0.96,376,1.5792000000000004e-05,1,1
2414,6,1023,A,0,A,0.98,0.97,0.98,0.01,0.0,0.01,376,1.5792000000000004e-05,1,1
2414,8,1203,A,0,A,0.98,0.98,0.98,0.0,0.01,0.01,376,1.5792000000000004e-05,1,1
2414,7,1032,A,0,A,0.98,0.98,0.98,0.01,0.01,0.0,376,1.5792000000000004e-05,1,1
2414,9,1230,A,0,A,0.98,0.98,0.98,0.0,0.01,0.01,376,1.5792000000000004e-05,1,1
2414,10,1302,A,0,A,0.98,0.98,0.98,0.01,0.01,0.0,376,1.5792000000000004e-05,1,1
2414,12,2013,C,2,C,0.97,0.96,0.0,0.02,0.97,0.01,376,1.5792000000000004e-05,1,1
2414,13,2031,D,3,D,0.97,0.96,0.0,0.02,0.01,0.97,376,1.5792000000000004e-05,1,1
2414,11,1320,A,0,A,0.98,0.98,0.98,0.01,0.0,0.01,376,1.5792000000000004e-05,1,1
2414,14,2103,B,1,B,0.98,0.97,0.0,0.98,0.01,0.01,376,1.5792000000000004e-05,1,1
2414,15,2130,B,1,B,0.98,0.98,0.0,0.98,0.01,0.01,376,1.5792000000000004e-05,1,1
2414,17,2310,C,2,C,0.98,0.97,0.0,0.01,0.98,0.01,376,1.5792000000000004e-05,1,1
2414,16,2301,D,3,D,0.98,0.97,0.0,0.01,0.01,0.98,376,1.5792000000000004e-05,1,1
2414,18,3012,C,2,C,0.97,0.96,0.0,0.03,0.97,0.0,376,1.5792000000000004e-05,1,1
2414,19,3021,D,3,D,0.97,0.96,0.01,0.02,0.0,0.97,376,1.5792000000000004e-05,1,1
2414,21,3120,B,1,B,0.97,0.97,0.01,0.97,0.0,0.02,376,1.5792000000000004e-05,1,1
2414,22,3201,D,3,D,0.97,0.97,0.01,0.0,0.02,0.97,376,1.5792000000000004e-05,1,1
5866,0,0123,D,3,D,0.71,0.61,0.0,0.29,0.0,0.71,377,1.5834e-05,1,3
5866,1,0132,C,2,C,0.68,0.5700000000000001,0.0,0.32,0.68,0.0,377,1.5834e-05,1,3
2414,23,3210,C,2,C,0.98,0.98,0.01,0.0,0.98,0.01,376,1.5792000000000004e-05,1,1
2414,20,3102,B,1,B,0.98,0.98,0.01,0.98,0.01,0.0,376,1.5792000000000004e-05,1,1
5866,2,0213,D,3,D,0.79,0.71,0.0,0.0,0.21,0.79,377,1.5834e-05,1,3
5866,3,0231,C,2,C,0.88,0.84,0.0,0.0,0.88,0.12,377,1.5834e-05,1,3
5866,5,0321,B,1,B,0.88,0.85,0.01,0.88,0.0,0.11,377,1.5834e-05,1,3
5866,4,0312,B,1,B,0.88,0.8200000000000001,0.0,0.88,0.12,0.0,377,1.5834e-05,1,3
5866,6,1023,D,3,D,0.76,0.68,0.24,0.0,0.0,0.76,377,1.5834e-05,1,3
5866,7,1032,C,2,C,0.7000000000000001,0.6000000000000001,0.30000000000000004,0.0,0.7000000000000001,0.0,377,1.5834e-05,1,3
5866,10,1302,B,1,B,0.66,0.54,0.33,0.66,0.01,0.0,377,1.5834e-05,1,3
5866,9,1230,C,2,C,0.78,0.7000000000000001,0.22,0.0,0.78,0.0,377,1.5834e-05,1,3
5866,8,1203,D,3,D,0.7000000000000001,0.61,0.29,0.01,0.0,0.7000000000000001,377,1.5834e-05,1,3
5866,11,1320,B,1,B,0.67,0.56,0.32,0.67,0.01,0.0,377,1.5834e-05,1,3
5866,12,2013,D,3,D,0.72,0.62,0.0,0.0,0.28,0.72,377,1.5834e-05,1,3
5866,13,2031,C,2,C,0.88,0.84,0.01,0.0,0.88,0.11,377,1.5834e-05,1,3
5866,14,2103,D,3,D,0.8,0.73,0.01,0.19,0.0,0.8,377,1.5834e-05,1,3
5866,15,2130,C,2,C,0.68,0.58,0.01,0.31,0.68,0.0,377,1.5834e-05,1,3
5866,16,2301,B,1,B,0.8,0.74,0.01,0.8,0.0,0.19,377,1.5834e-05,1,3
5866,17,2310,B,1,B,0.8300000000000001,0.78,0.01,0.8300000000000001,0.16,0.0,377,1.5834e-05,1,3
5866,19,3021,A,0,A,0.9400000000000001,0.91,0.9400000000000001,0.0,0.0,0.06,377,1.5834e-05,1,3
5866,18,3012,A,0,A,0.84,0.78,0.84,0.0,0.15,0.01,377,1.5834e-05,1,3
5866,22,3201,A,0,A,0.92,0.89,0.92,0.0,0.0,0.08,377,1.5834e-05,1,3
5866,20,3102,A,0,A,0.87,0.8200000000000001,0.87,0.13,0.0,0.0,377,1.5834e-05,1,3
5866,21,3120,A,0,A,0.8300000000000001,0.78,0.8300000000000001,0.16,0.01,0.0,377,1.5834e-05,1,3
5866,23,3210,A,0,A,0.89,0.85,0.89,0.01,0.1,0.0,377,1.5834e-05,1,3
10051,1,0132,D,3,D,1.0,0.99,0.0,0.0,0.0,1.0,377,1.5834e-05,1,2
10051,0,0123,C,2,C,1.0,1.0,0.0,0.0,1.0,0.0,377,1.5834e-05,1,2
10051,2,0213,B,1,B,1.0,1.0,0.0,1.0,0.0,0.0,377,1.5834e-05,1,2
10051,4,0312,D,3,D,1.0,1.0,0.0,0.0,0.0,1.0,377,1.5834e-05,1,2
10051,6,1023,C,2,C,1.0,1.0,0.0,0.0,1.0,0.0,377,1.5834e-05,1,2
10051,3,0231,B,1,B,1.0,1.0,0.0,1.0,0.0,0.0,377,1.5834e-05,1,2
10051,5,0321,C,2,C,1.0,1.0,0.0,0.0,1.0,0.0,377,1.5834e-05,1,2
10051,7,1032,D,3,D,1.0,0.99,0.0,0.0,0.0,1.0,377,1.5834e-05,1,2
10051,9,1230,B,1,B,1.0,1.0,0.0,1.0,0.0,0.0,377,1.5834e-05,1,2
10051,10,1302,D,3,D,1.0,1.0,0.0,0.0,0.0,1.0,377,1.5834e-05,1,2
10051,8,1203,B,1,B,1.0,1.0,0.0,1.0,0.0,0.0,377,1.5834e-05,1,2
10051,11,1320,C,2,C,0.99,0.99,0.0,0.01,0.99,0.0,377,1.5834e-05,1,2
10051,13,2031,A,0,A,1.0,1.0,1.0,0.0,0.0,0.0,377,1.5834e-05,1,2
10051,14,2103,A,0,A,1.0,1.0,1.0,0.0,0.0,0.0,377,1.5834e-05,1,2
10051,12,2013,A,0,A,1.0,1.0,1.0,0.0,0.0,0.0,377,1.5834e-05,1,2
10051,15,2130,A,0,A,1.0,1.0,1.0,0.0,0.0,0.0,377,1.5834e-05,1,2
10051,16,2301,A,0,A,1.0,1.0,1.0,0.0,0.0,0.0,377,1.5834e-05,1,2
10051,17,2310,A,0,A,1.0,1.0,1.0,0.0,0.0,0.0,377,1.5834e-05,1,2
10051,18,3012,D,3,D,0.99,0.99,0.01,0.0,0.0,0.99,377,1.5834e-05,1,2
10051,19,3021,C,2,C,1.0,1.0,0.0,0.0,1.0,0.0,377,1.5834e-05,1,2
10051,20,3102,D,3,D,1.0,0.99,0.0,0.0,0.0,1.0,377,1.5834e-05,1,2
10051,22,3201,B,1,B,1.0,1.0,0.0,1.0,0.0,0.0,377,1.5834e-05,1,2
10051,23,3210,B,1,B,1.0,1.0,0.0,1.0,0.0,0.0,377,1.5834e-05,1,2
10051,21,3120,C,2,C,0.99,0.99,0.01,0.0,0.99,0.0,377,1.5834e-05,1,2
1549,0,0123,D,3,D,1.0,1.0,0.0,0.0,0.0,1.0,370,1.554e-05,1,3
1549,2,0213,D,3,D,1.0,1.0,0.0,0.0,0.0,1.0,370,1.554e-05,1,3
1549,1,0132,C,2,C,1.0,1.0,0.0,0.0,1.0,0.0,370,1.554e-05,1,3
1549,4,0312,B,1,B,1.0,1.0,0.0,1.0,0.0,0.0,370,1.554e-05,1,3
1549,3,0231,C,2,C,1.0,1.0,0.0,0.0,1.0,0.0,370,1.554e-05,1,3
1549,5,0321,B,1,B,1.0,1.0,0.0,1.0,0.0,0.0,370,1.554e-05,1,3
1549,7,1032,C,2,C,1.0,1.0,0.0,0.0,1.0,0.0,370,1.554e-05,1,3
1549,6,1023,D,3,D,1.0,1.0,0.0,0.0,0.0,1.0,370,1.554e-05,1,3
1549,8,1203,D,3,D,1.0,1.0,0.0,0.0,0.0,1.0,370,1.554e-05,1,3
1549,9,1230,C,2,C,1.0,1.0,0.0,0.0,1.0,0.0,370,1.554e-05,1,3
1549,10,1302,B,1,B,1.0,1.0,0.0,1.0,0.0,0.0,370,1.554e-05,1,3
1549,11,1320,B,1,B,1.0,1.0,0.0,1.0,0.0,0.0,370,1.554e-05,1,3
1549,12,2013,D,3,D,1.0,1.0,0.0,0.0,0.0,1.0,370,1.554e-05,1,3
1549,13,2031,C,2,C,1.0,1.0,0.0,0.0,1.0,0.0,370,1.554e-05,1,3
1549,16,2301,B,1,B,1.0,1.0,0.0,1.0,0.0,0.0,370,1.554e-05,1,3
1549,15,2130,C,2,C,1.0,1.0,0.0,0.0,1.0,0.0,370,1.554e-05,1,3
1549,14,2103,D,3,D,1.0,1.0,0.0,0.0,0.0,1.0,370,1.554e-05,1,3
1549,17,2310,B,1,B,1.0,1.0,0.0,1.0,0.0,0.0,370,1.554e-05,1,3
1549,18,3012,A,0,A,1.0,1.0,1.0,0.0,0.0,0.0,370,1.554e-05,1,3
1549,20,3102,A,0,A,1.0,1.0,1.0,0.0,0.0,0.0,370,1.554e-05,1,3
1549,21,3120,A,0,A,1.0,1.0,1.0,0.0,0.0,0.0,370,1.554e-05,1,3
1549,23,3210,A,0,A,1.0,1.0,1.0,0.0,0.0,0.0,370,1.554e-05,1,3
1549,19,3021,A,0,A,1.0,1.0,1.0,0.0,0.0,0.0,370,1.554e-05,1,3
1549,22,3201,A,0,A,1.0,1.0,1.0,0.0,0.0,0.0,370,1.554e-05,1,3
4405,0,0123,D,3,D,0.9500000000000001,0.93,0.03,0.01,0.01,0.9500000000000001,369,1.5498000000000003e-05,1,3
4405,1,0132,C,2,C,0.9500000000000001,0.9400000000000001,0.03,0.01,0.9500000000000001,0.01,369,1.5498000000000003e-05,1,3
4405,2,0213,D,3,D,0.96,0.9400000000000001,0.03,0.01,0.0,0.96,369,1.5498000000000003e-05,1,3
4405,3,0231,C,2,C,0.9500000000000001,0.9400000000000001,0.04,0.01,0.9500000000000001,0.0,369,1.5498000000000003e-05,1,3
4405,4,0312,B,1,B,0.96,0.9400000000000001,0.03,0.96,0.0,0.01,369,1.5498000000000003e-05,1,3
4405,5,0321,B,1,B,0.96,0.96,0.03,0.96,0.01,0.0,369,1.5498000000000003e-05,1,3
4405,7,1032,C,2,C,0.97,0.97,0.01,0.01,0.97,0.01,369,1.5498000000000003e-05,1,3
4405,6,1023,D,3,D,0.97,0.97,0.01,0.01,0.01,0.97,369,1.5498000000000003e-05,1,3
4405,8,1203,D,3,D,0.97,0.96,0.01,0.01,0.01,0.97,369,1.5498000000000003e-05,1,3
4405,9,1230,C,2,C,0.97,0.97,0.01,0.01,0.97,0.01,369,1.5498000000000003e-05,1,3
4405,10,1302,B,1,B,0.98,0.97,0.01,0.98,0.0,0.01,369,1.5498000000000003e-05,1,3
4405,12,2013,D,3,D,0.96,0.96,0.02,0.01,0.01,0.96,369,1.5498000000000003e-05,1,3
4405,11,1320,B,1,B,0.98,0.97,0.01,0.98,0.01,0.0,369,1.5498000000000003e-05,1,3
4405,15,2130,C,2,C,0.97,0.97,0.01,0.01,0.97,0.01,369,1.5498000000000003e-05,1,3
4405,13,2031,C,2,C,0.99,0.97,0.01,0.0,0.99,0.0,369,1.5498000000000003e-05,1,3
4405,14,2103,D,3,D,0.97,0.96,0.01,0.01,0.01,0.97,369,1.5498000000000003e-05,1,3
4405,17,2310,B,1,B,0.99,0.97,0.01,0.99,0.0,0.0,369,1.5498000000000003e-05,1,3
4405,16,2301,B,1,B,0.98,0.97,0.02,0.98,0.0,0.0,369,1.5498000000000003e-05,1,3
4405,19,3021,A,0,A,0.98,0.97,0.98,0.01,0.01,0.0,369,1.5498000000000003e-05,1,3
4405,20,3102,A,0,A,0.99,0.98,0.99,0.0,0.0,0.01,369,1.5498000000000003e-05,1,3
4405,18,3012,A,0,A,0.97,0.97,0.97,0.01,0.01,0.01,369,1.5498000000000003e-05,1,3
4405,22,3201,A,0,A,0.99,0.97,0.99,0.01,0.0,0.0,369,1.5498000000000003e-05,1,3
4405,21,3120,A,0,A,0.98,0.97,0.98,0.01,0.01,0.0,369,1.5498000000000003e-05,1,3
2532,1,0132,B,1,B,0.99,0.98,0.01,0.99,0.0,0.0,378,1.5876000000000002e-05,1,1
4405,23,3210,A,0,A,0.99,0.98,0.99,0.01,0.0,0.0,369,1.5498000000000003e-05,1,3
2532,0,0123,B,1,B,0.99,0.99,0.01,0.99,0.0,0.0,378,1.5876000000000002e-05,1,1
2532,3,0231,D,3,D,0.99,0.99,0.01,0.0,0.0,0.99,378,1.5876000000000002e-05,1,1
2532,4,0312,C,2,C,0.99,0.99,0.01,0.0,0.99,0.0,378,1.5876000000000002e-05,1,1
2532,7,1032,A,0,A,0.99,0.98,0.99,0.01,0.0,0.0,378,1.5876000000000002e-05,1,1
2532,6,1023,A,0,A,0.98,0.98,0.98,0.02,0.0,0.0,378,1.5876000000000002e-05,1,1
2532,2,0213,C,2,C,0.99,0.99,0.01,0.0,0.99,0.0,378,1.5876000000000002e-05,1,1
2532,5,0321,D,3,D,1.0,0.99,0.0,0.0,0.0,1.0,378,1.5876000000000002e-05,1,1
2532,10,1302,A,0,A,0.98,0.97,0.98,0.0,0.02,0.0,378,1.5876000000000002e-05,1,1
2532,8,1203,A,0,A,0.99,0.98,0.99,0.0,0.01,0.0,378,1.5876000000000002e-05,1,1
2532,9,1230,A,0,A,0.99,0.99,0.99,0.0,0.0,0.01,378,1.5876000000000002e-05,1,1
2532,11,1320,A,0,A,0.99,0.98,0.99,0.0,0.0,0.01,378,1.5876000000000002e-05,1,1
2532,13,2031,D,3,D,0.99,0.99,0.0,0.01,0.0,0.99,378,1.5876000000000002e-05,1,1
2532,14,2103,B,1,B,1.0,0.99,0.0,1.0,0.0,0.0,378,1.5876000000000002e-05,1,1
2532,12,2013,C,2,C,0.99,0.99,0.0,0.01,0.99,0.0,378,1.5876000000000002e-05,1,1
2532,15,2130,B,1,B,1.0,1.0,0.0,1.0,0.0,0.0,378,1.5876000000000002e-05,1,1
2532,18,3012,C,2,C,0.99,0.98,0.0,0.01,0.99,0.0,378,1.5876000000000002e-05,1,1
2532,17,2310,C,2,C,1.0,1.0,0.0,0.0,1.0,0.0,378,1.5876000000000002e-05,1,1
2532,16,2301,D,3,D,0.99,0.99,0.0,0.0,0.01,0.99,378,1.5876000000000002e-05,1,1
2532,19,3021,D,3,D,0.99,0.99,0.0,0.01,0.0,0.99,378,1.5876000000000002e-05,1,1
2532,20,3102,B,1,B,1.0,0.99,0.0,1.0,0.0,0.0,378,1.5876000000000002e-05,1,1
2532,21,3120,B,1,B,1.0,0.99,0.0,1.0,0.0,0.0,378,1.5876000000000002e-05,1,1
2514,0,0123,A,0,A,0.97,0.96,0.97,0.0,0.03,0.0,379,1.5918000000000002e-05,1,0
2532,22,3201,D,3,D,0.99,0.98,0.0,0.0,0.01,0.99,378,1.5876000000000002e-05,1,1
2532,23,3210,C,2,C,1.0,0.99,0.0,0.0,1.0,0.0,378,1.5876000000000002e-05,1,1
2514,2,0213,A,0,A,0.92,0.89,0.92,0.08,0.0,0.0,379,1.5918000000000002e-05,1,0
2514,1,0132,A,0,A,0.97,0.96,0.97,0.0,0.0,0.03,379,1.5918000000000002e-05,1,0
2514,3,0231,A,0,A,0.91,0.88,0.91,0.09,0.0,0.0,379,1.5918000000000002e-05,1,0
2514,4,0312,A,0,A,0.97,0.96,0.97,0.0,0.0,0.03,379,1.5918000000000002e-05,1,0
2514,5,0321,A,0,A,0.97,0.9500000000000001,0.97,0.0,0.03,0.0,379,1.5918000000000002e-05,1,0
2514,6,1023,B,1,B,0.9500000000000001,0.93,0.0,0.9500000000000001,0.05,0.0,379,1.5918000000000002e-05,1,0
2514,10,1302,C,2,C,0.9500000000000001,0.93,0.0,0.0,0.9500000000000001,0.05,379,1.5918000000000002e-05,1,0
2514,8,1203,C,2,C,0.97,0.9500000000000001,0.0,0.03,0.97,0.0,379,1.5918000000000002e-05,1,0
2514,7,1032,B,1,B,0.96,0.9500000000000001,0.0,0.96,0.0,0.04,379,1.5918000000000002e-05,1,0
2514,11,1320,D,3,D,0.98,0.97,0.0,0.0,0.02,0.98,379,1.5918000000000002e-05,1,0
2514,9,1230,D,3,D,0.98,0.96,0.0,0.02,0.0,0.98,379,1.5918000000000002e-05,1,0
2514,13,2031,B,1,B,0.97,0.9500000000000001,0.03,0.97,0.0,0.0,379,1.5918000000000002e-05,1,0
2514,12,2013,B,1,B,0.96,0.9500000000000001,0.04,0.96,0.0,0.0,379,1.5918000000000002e-05,1,0
2514,14,2103,C,2,C,0.97,0.96,0.03,0.0,0.97,0.0,379,1.5918000000000002e-05,1,0
2514,16,2301,C,2,C,0.9500000000000001,0.93,0.05,0.0,0.9500000000000001,0.0,379,1.5918000000000002e-05,1,0
2514,17,2310,D,3,D,0.97,0.96,0.03,0.0,0.0,0.97,379,1.5918000000000002e-05,1,0
2514,15,2130,D,3,D,0.96,0.9500000000000001,0.04,0.0,0.0,0.96,379,1.5918000000000002e-05,1,0
2514,19,3021,B,1,B,0.9500000000000001,0.93,0.0,0.9500000000000001,0.05,0.0,379,1.5918000000000002e-05,1,0
2514,18,3012,B,1,B,0.9500000000000001,0.9400000000000001,0.01,0.9500000000000001,0.0,0.04,379,1.5918000000000002e-05,1,0
2514,20,3102,C,2,C,0.9500000000000001,0.93,0.01,0.0,0.9500000000000001,0.04,379,1.5918000000000002e-05,1,0
2514,21,3120,D,3,D,0.98,0.97,0.0,0.0,0.02,0.98,379,1.5918000000000002e-05,1,0
2514,22,3201,C,2,C,0.9400000000000001,0.92,0.0,0.06,0.9400000000000001,0.0,379,1.5918000000000002e-05,1,0
2514,23,3210,D,3,D,0.98,0.96,0.0,0.02,0.0,0.98,379,1.5918000000000002e-05,1,0
710,0,0123,C,2,C,0.6000000000000001,0.46,0.09,0.30000000000000004,0.6000000000000001,0.01,383,1.6086e-05,1,2
710,3,0231,B,1,B,0.59,0.46,0.16,0.59,0.01,0.24,383,1.6086e-05,1,2
710,2,0213,B,1,B,0.54,0.39,0.12,0.54,0.33,0.01,383,1.6086e-05,1,2
710,1,0132,D,3,D,0.559999999999999,0.42,0.11,0.32,0.01,0.559999999999999,383,1.6086e-05,1,2
710,6,1023,C,2,C,0.5,0.33,0.38,0.11,0.5,0.01,383,1.6086e-05,1,2
710,5,0321,C,2,C,0.52,0.35000000000000003,0.12,0.01,0.52,0.35000000000000003,383,1.6086e-05,1,2
710,4,0312,D,3,D,0.65,0.53,0.07,0.01,0.27,0.65,383,1.6086e-05,1,2
710,7,1032,D,3,D,0.56,0.41000000000000003,0.30000000000000004,0.13,0.01,0.56,383,1.6086e-05,1,2
710,8,1203,B,1,B,0.67,0.5700000000000001,0.21,0.67,0.11,0.01,383,1.6086e-05,1,2
710,10,1302,D,3,D,0.47000000000000003,0.29,0.41000000000000003,0.01,0.11,0.47000000000000003,383,1.6086e-05,1,2
710,9,1230,B,1,B,0.59,0.46,0.35000000000000003,0.59,0.01,0.05,383,1.6086e-05,1,2
710,11,1320,C,2,C,0.67,0.56,0.28,0.01,0.67,0.04,383,1.6086e-05,1,2
710,12,2013,A,0,A,0.58,0.44,0.58,0.19,0.22,0.01,383,1.6086e-05,1,2
710,14,2103,A,0,B,0.45,0.27,0.4,0.45,0.14,0.01,383,1.6086e-05,0,1
710,13,2031,A,0,A,0.61,0.48,0.61,0.19,0.01,0.19,383,1.6086e-05,1,2
710,15,2130,A,0,A,0.51,0.35000000000000003,0.51,0.43,0.01,0.05,383,1.6086e-05,1,2
710,16,2301,A,0,A,0.63,0.52,0.63,0.01,0.17,0.19,383,1.6086e-05,1,2
710,18,3012,D,3,D,0.6900000000000001,0.6000000000000001,0.02,0.09,0.2,0.6900000000000001,383,1.6086e-05,1,2
710,17,2310,A,0,A,0.6000000000000001,0.48,0.6000000000000001,0.01,0.31,0.08,383,1.6086e-05,1,2
710,19,3021,C,2,C,0.48,0.30000000000000004,0.02,0.11,0.48,0.39,383,1.6086e-05,1,2
710,20,3102,D,3,D,0.5,0.33,0.02,0.4,0.08,0.5,383,1.6086e-05,1,2
710,21,3120,C,2,C,0.61,0.48,0.02,0.34,0.61,0.03,383,1.6086e-05,1,2
710,22,3201,B,1,B,0.68,0.5700000000000001,0.02,0.68,0.04,0.26,383,1.6086e-05,1,2
710,23,3210,B,1,B,0.64,0.52,0.02,0.64,0.30000000000000004,0.04,383,1.6086e-05,1,2
